solid OpenSCAD_Model
  facet normal 0 -0.707107 0.707107
    outer loop
      vertex -20 2.99 3
      vertex -17 29.99 30
      vertex -20 29.99 30
    endloop
  endfacet
  facet normal 0 -0.707107 0.707107
    outer loop
      vertex -17 29.99 30
      vertex -20 2.99 3
      vertex -17 2.99 3
    endloop
  endfacet
  facet normal 0 -1 0
    outer loop
      vertex -20 0 0
      vertex 20 0 3
      vertex -20 0 3
    endloop
  endfacet
  facet normal 0 -1 -0
    outer loop
      vertex 20 0 3
      vertex -20 0 0
      vertex 20 0 0
    endloop
  endfacet
  facet normal 0 0 1
    outer loop
      vertex 20 33 30
      vertex 17 30 30
      vertex 20 29.99 30
    endloop
  endfacet
  facet normal 0 0 1
    outer loop
      vertex 20 33 30
      vertex -17 30 30
      vertex 17 30 30
    endloop
  endfacet
  facet normal -0 0 1
    outer loop
      vertex -20 33 30
      vertex -17 30 30
      vertex 20 33 30
    endloop
  endfacet
  facet normal 0 0 1
    outer loop
      vertex -20 29.99 30
      vertex -17 30 30
      vertex -20 33 30
    endloop
  endfacet
  facet normal 0 0 1
    outer loop
      vertex -17 30 30
      vertex -20 29.99 30
      vertex -17 29.99 30
    endloop
  endfacet
  facet normal 0 0 1
    outer loop
      vertex 20 29.99 30
      vertex 17 30 30
      vertex 17 29.99 30
    endloop
  endfacet
  facet normal -1 0 0
    outer loop
      vertex -20 33 0
      vertex -20 29.99 30
      vertex -20 33 30
    endloop
  endfacet
  facet normal -1 0 0
    outer loop
      vertex -20 33 0
      vertex -20 2.99 3
      vertex -20 29.99 30
    endloop
  endfacet
  facet normal -1 0 0
    outer loop
      vertex -20 0 0
      vertex -20 2.99 3
      vertex -20 33 0
    endloop
  endfacet
  facet normal -1 -0 0
    outer loop
      vertex -20 2.99 3
      vertex -20 0 0
      vertex -20 0 3
    endloop
  endfacet
  facet normal 0 -1 0
    outer loop
      vertex -17 30 30
      vertex -9.5 30 21
      vertex 17 30 30
    endloop
  endfacet
  facet normal 0 -1 0
    outer loop
      vertex -17 30 30
      vertex -9.7588 30 20.9659
      vertex -9.5 30 21
    endloop
  endfacet
  facet normal 0 -1 0
    outer loop
      vertex -17 30 30
      vertex -10 30 20.866
      vertex -9.7588 30 20.9659
    endloop
  endfacet
  facet normal 0 -1 0
    outer loop
      vertex -17 30 30
      vertex -10.2071 30 20.7071
      vertex -10 30 20.866
    endloop
  endfacet
  facet normal 0 -1 0
    outer loop
      vertex -17 30 30
      vertex -10.366 30 20.5
      vertex -10.2071 30 20.7071
    endloop
  endfacet
  facet normal 0 -1 0
    outer loop
      vertex -16.8888 30 16.6964
      vertex -10.366 30 20.5
      vertex -17 30 30
    endloop
  endfacet
  facet normal 0 -1 0
    outer loop
      vertex -16.7781 30 16.6855
      vertex -10.366 30 20.5
      vertex -16.8888 30 16.6964
    endloop
  endfacet
  facet normal 0 -1 0
    outer loop
      vertex -16.8888 30 16.6964
      vertex -17 30 30
      vertex -17 30 16.7
    endloop
  endfacet
  facet normal 0 -1 0
    outer loop
      vertex -10.366 30 20.5
      vertex -16.7781 30 16.6855
      vertex -10.4659 30 20.2588
    endloop
  endfacet
  facet normal 0 -1 0
    outer loop
      vertex -16.6683 30 16.6673
      vertex -10.4659 30 20.2588
      vertex -16.7781 30 16.6855
    endloop
  endfacet
  facet normal 0 -1 0
    outer loop
      vertex -16.56 30 16.6421
      vertex -10.4659 30 20.2588
      vertex -16.6683 30 16.6673
    endloop
  endfacet
  facet normal 0 -1 0
    outer loop
      vertex -16.4536 30 16.6098
      vertex -10.4659 30 20.2588
      vertex -16.56 30 16.6421
    endloop
  endfacet
  facet normal 0 -1 0
    outer loop
      vertex -10.4659 30 20.2588
      vertex -16.4536 30 16.6098
      vertex -10.5 30 20
    endloop
  endfacet
  facet normal 0 -1 0
    outer loop
      vertex -16.3494 30 16.5706
      vertex -10.5 30 20
      vertex -16.4536 30 16.6098
    endloop
  endfacet
  facet normal 0 -1 0
    outer loop
      vertex -16.2481 30 16.5247
      vertex -10.5 30 20
      vertex -16.3494 30 16.5706
    endloop
  endfacet
  facet normal 0 -1 0
    outer loop
      vertex -16.15 30 16.4722
      vertex -10.5 30 20
      vertex -16.2481 30 16.5247
    endloop
  endfacet
  facet normal 0 -1 0
    outer loop
      vertex -16.0555 30 16.4135
      vertex -10.5 30 20
      vertex -16.15 30 16.4722
    endloop
  endfacet
  facet normal 0 -1 0
    outer loop
      vertex -15.9651 30 16.3487
      vertex -10.5 30 20
      vertex -16.0555 30 16.4135
    endloop
  endfacet
  facet normal 0 -1 0
    outer loop
      vertex -15.8791 30 16.2781
      vertex -10.5 30 20
      vertex -15.9651 30 16.3487
    endloop
  endfacet
  facet normal 0 -1 0
    outer loop
      vertex -15.7979 30 16.2021
      vertex -10.5 30 20
      vertex -15.8791 30 16.2781
    endloop
  endfacet
  facet normal 0 -1 0
    outer loop
      vertex -15.7219 30 16.1209
      vertex -10.5 30 20
      vertex -15.7979 30 16.2021
    endloop
  endfacet
  facet normal 0 -1 0
    outer loop
      vertex -15.6513 30 16.0349
      vertex -10.5 30 20
      vertex -15.7219 30 16.1209
    endloop
  endfacet
  facet normal 0 -1 0
    outer loop
      vertex -15.5865 30 15.9445
      vertex -10.5 30 20
      vertex -15.6513 30 16.0349
    endloop
  endfacet
  facet normal 0 -1 0
    outer loop
      vertex -15.5278 30 15.85
      vertex -10.5 30 20
      vertex -15.5865 30 15.9445
    endloop
  endfacet
  facet normal 0 -1 0
    outer loop
      vertex -15.4753 30 15.7519
      vertex -10.5 30 20
      vertex -15.5278 30 15.85
    endloop
  endfacet
  facet normal 0 -1 0
    outer loop
      vertex -15.4294 30 15.6506
      vertex -10.5 30 20
      vertex -15.4753 30 15.7519
    endloop
  endfacet
  facet normal 0 -1 0
    outer loop
      vertex -15.3902 30 15.5464
      vertex -10.5 30 20
      vertex -15.4294 30 15.6506
    endloop
  endfacet
  facet normal 0 -1 0
    outer loop
      vertex -15.3579 30 15.44
      vertex -10.5 30 20
      vertex -15.3902 30 15.5464
    endloop
  endfacet
  facet normal 0 -1 0
    outer loop
      vertex -15.3327 30 15.3317
      vertex -10.5 30 20
      vertex -15.3579 30 15.44
    endloop
  endfacet
  facet normal 0 -1 0
    outer loop
      vertex -15.3145 30 15.2219
      vertex -10.5 30 20
      vertex -15.3327 30 15.3317
    endloop
  endfacet
  facet normal 0 -1 0
    outer loop
      vertex -15.3036 30 15.1112
      vertex -10.5 30 20
      vertex -15.3145 30 15.2219
    endloop
  endfacet
  facet normal 0 -1 0
    outer loop
      vertex -15.3 30 15
      vertex -10.5 30 20
      vertex -15.3036 30 15.1112
    endloop
  endfacet
  facet normal 0 -1 0
    outer loop
      vertex -10.5 30 10
      vertex -15.3 30 15
      vertex -15.3036 30 14.8888
    endloop
  endfacet
  facet normal 0 -1 0
    outer loop
      vertex -10.5 30 10
      vertex -15.3036 30 14.8888
      vertex -15.3145 30 14.7781
    endloop
  endfacet
  facet normal 0 -1 0
    outer loop
      vertex -10.5 30 10
      vertex -15.3145 30 14.7781
      vertex -15.3327 30 14.6683
    endloop
  endfacet
  facet normal 0 -1 0
    outer loop
      vertex -10.5 30 10
      vertex -15.3327 30 14.6683
      vertex -15.3579 30 14.56
    endloop
  endfacet
  facet normal 0 -1 0
    outer loop
      vertex -10.5 30 10
      vertex -15.3579 30 14.56
      vertex -15.3902 30 14.4536
    endloop
  endfacet
  facet normal 0 -1 0
    outer loop
      vertex -10.5 30 10
      vertex -15.3902 30 14.4536
      vertex -15.4294 30 14.3494
    endloop
  endfacet
  facet normal 0 -1 0
    outer loop
      vertex -10.5 30 10
      vertex -15.4294 30 14.3494
      vertex -15.4753 30 14.2481
    endloop
  endfacet
  facet normal 0 -1 0
    outer loop
      vertex -10.5 30 10
      vertex -15.4753 30 14.2481
      vertex -15.5278 30 14.15
    endloop
  endfacet
  facet normal 0 -1 0
    outer loop
      vertex -10.5 30 10
      vertex -15.5278 30 14.15
      vertex -15.5865 30 14.0555
    endloop
  endfacet
  facet normal 0 -1 0
    outer loop
      vertex -10.5 30 10
      vertex -15.5865 30 14.0555
      vertex -15.6513 30 13.9651
    endloop
  endfacet
  facet normal 0 -1 0
    outer loop
      vertex -10.5 30 10
      vertex -15.6513 30 13.9651
      vertex -15.7219 30 13.8791
    endloop
  endfacet
  facet normal 0 -1 0
    outer loop
      vertex -15.3 30 15
      vertex -10.5 30 10
      vertex -10.5 30 20
    endloop
  endfacet
  facet normal 0 -1 0
    outer loop
      vertex -15.7979 30 13.7979
      vertex -10.5 30 10
      vertex -15.7219 30 13.8791
    endloop
  endfacet
  facet normal 0 -1 0
    outer loop
      vertex -15.8791 30 13.7219
      vertex -10.5 30 10
      vertex -15.7979 30 13.7979
    endloop
  endfacet
  facet normal 0 -1 0
    outer loop
      vertex -15.9651 30 13.6513
      vertex -10.5 30 10
      vertex -15.8791 30 13.7219
    endloop
  endfacet
  facet normal 0 -1 0
    outer loop
      vertex -16.0555 30 13.5865
      vertex -10.5 30 10
      vertex -15.9651 30 13.6513
    endloop
  endfacet
  facet normal 0 -1 0
    outer loop
      vertex -16.15 30 13.5278
      vertex -10.5 30 10
      vertex -16.0555 30 13.5865
    endloop
  endfacet
  facet normal 0 -1 0
    outer loop
      vertex -16.2481 30 13.4753
      vertex -10.5 30 10
      vertex -16.15 30 13.5278
    endloop
  endfacet
  facet normal 0 -1 0
    outer loop
      vertex -16.3494 30 13.4294
      vertex -10.5 30 10
      vertex -16.2481 30 13.4753
    endloop
  endfacet
  facet normal 0 -1 0
    outer loop
      vertex -16.4536 30 13.3902
      vertex -10.5 30 10
      vertex -16.3494 30 13.4294
    endloop
  endfacet
  facet normal 0 -1 0
    outer loop
      vertex -10.4659 30 9.7412
      vertex -16.4536 30 13.3902
      vertex -16.56 30 13.3579
    endloop
  endfacet
  facet normal 0 -1 0
    outer loop
      vertex -10.4659 30 9.7412
      vertex -16.56 30 13.3579
      vertex -16.6683 30 13.3327
    endloop
  endfacet
  facet normal 0 -1 0
    outer loop
      vertex -17 30 3
      vertex -16.6683 30 13.3327
      vertex -16.7781 30 13.3145
    endloop
  endfacet
  facet normal 0 -1 0
    outer loop
      vertex -17 30 3
      vertex -16.7781 30 13.3145
      vertex -16.8888 30 13.3036
    endloop
  endfacet
  facet normal 0 -1 0
    outer loop
      vertex -17 30 3
      vertex -16.8888 30 13.3036
      vertex -17 30 13.3
    endloop
  endfacet
  facet normal 0 -1 0
    outer loop
      vertex -16.4536 30 13.3902
      vertex -10.4659 30 9.7412
      vertex -10.5 30 10
    endloop
  endfacet
  facet normal 0 -1 -0
    outer loop
      vertex -16.6683 30 13.3327
      vertex -17 30 3
      vertex -10.4659 30 9.7412
    endloop
  endfacet
  facet normal 0 -1 -0
    outer loop
      vertex -10.4659 30 9.7412
      vertex -17 30 3
      vertex -10.366 30 9.5
    endloop
  endfacet
  facet normal 0 -1 -0
    outer loop
      vertex -10.366 30 9.5
      vertex -17 30 3
      vertex -10.2071 30 9.29291
    endloop
  endfacet
  facet normal 0 -1 0
    outer loop
      vertex -9.5 30 9
      vertex -2 30 4
      vertex 9.5 30 9
    endloop
  endfacet
  facet normal 0 -1 0
    outer loop
      vertex -17 30 3
      vertex -9.5 30 9
      vertex -9.7588 30 9.03409
    endloop
  endfacet
  facet normal 0 -1 0
    outer loop
      vertex -17 30 3
      vertex -9.7588 30 9.03409
      vertex -10 30 9.13399
    endloop
  endfacet
  facet normal 0 -1 -0
    outer loop
      vertex -10.2071 30 9.29291
      vertex -17 30 3
      vertex -10 30 9.13399
    endloop
  endfacet
  facet normal 0 -1 -0
    outer loop
      vertex -9.5 30 9
      vertex -17 30 3
      vertex -2 30 3
    endloop
  endfacet
  facet normal 0 -1 0
    outer loop
      vertex -9.5 30 9
      vertex -2 30 3
      vertex -2 30 4
    endloop
  endfacet
  facet normal 0 -1 0
    outer loop
      vertex 9.5 30 21
      vertex 17 30 30
      vertex -9.5 30 21
    endloop
  endfacet
  facet normal 0 -1 0
    outer loop
      vertex 9.7588 30 20.9659
      vertex 17 30 30
      vertex 9.5 30 21
    endloop
  endfacet
  facet normal 0 -1 0
    outer loop
      vertex 10 30 20.866
      vertex 17 30 30
      vertex 9.7588 30 20.9659
    endloop
  endfacet
  facet normal 0 -1 0
    outer loop
      vertex 10.2071 30 20.7071
      vertex 17 30 30
      vertex 10 30 20.866
    endloop
  endfacet
  facet normal 0 -1 0
    outer loop
      vertex 10.366 30 20.5
      vertex 17 30 30
      vertex 10.2071 30 20.7071
    endloop
  endfacet
  facet normal 0 -1 0
    outer loop
      vertex 16.7781 30 16.6855
      vertex 10.366 30 20.5
      vertex 10.4659 30 20.2588
    endloop
  endfacet
  facet normal 0 -1 0
    outer loop
      vertex 16.4536 30 16.6098
      vertex 10.4659 30 20.2588
      vertex 10.5 30 20
    endloop
  endfacet
  facet normal 0 -1 0
    outer loop
      vertex 10.366 30 20.5
      vertex 16.8888 30 16.6964
      vertex 17 30 30
    endloop
  endfacet
  facet normal 0 -1 -0
    outer loop
      vertex 17 30 30
      vertex 16.8888 30 16.6964
      vertex 17 30 16.7
    endloop
  endfacet
  facet normal 0 -1 0
    outer loop
      vertex 10.366 30 20.5
      vertex 16.7781 30 16.6855
      vertex 16.8888 30 16.6964
    endloop
  endfacet
  facet normal 0 -1 0
    outer loop
      vertex 10.4659 30 20.2588
      vertex 16.6683 30 16.6673
      vertex 16.7781 30 16.6855
    endloop
  endfacet
  facet normal 0 -1 0
    outer loop
      vertex 10.4659 30 20.2588
      vertex 16.56 30 16.6421
      vertex 16.6683 30 16.6673
    endloop
  endfacet
  facet normal 0 -1 0
    outer loop
      vertex 10.4659 30 20.2588
      vertex 16.4536 30 16.6098
      vertex 16.56 30 16.6421
    endloop
  endfacet
  facet normal 0 -1 0
    outer loop
      vertex 10.5 30 20
      vertex 16.3494 30 16.5706
      vertex 16.4536 30 16.6098
    endloop
  endfacet
  facet normal 0 -1 0
    outer loop
      vertex 10.5 30 20
      vertex 16.2481 30 16.5247
      vertex 16.3494 30 16.5706
    endloop
  endfacet
  facet normal 0 -1 0
    outer loop
      vertex 10.5 30 20
      vertex 16.15 30 16.4722
      vertex 16.2481 30 16.5247
    endloop
  endfacet
  facet normal 0 -1 0
    outer loop
      vertex 10.5 30 20
      vertex 16.0555 30 16.4135
      vertex 16.15 30 16.4722
    endloop
  endfacet
  facet normal 0 -1 0
    outer loop
      vertex 10.5 30 20
      vertex 15.9651 30 16.3487
      vertex 16.0555 30 16.4135
    endloop
  endfacet
  facet normal 0 -1 0
    outer loop
      vertex 10.5 30 20
      vertex 15.8791 30 16.2781
      vertex 15.9651 30 16.3487
    endloop
  endfacet
  facet normal 0 -1 0
    outer loop
      vertex 10.5 30 20
      vertex 15.7979 30 16.2021
      vertex 15.8791 30 16.2781
    endloop
  endfacet
  facet normal 0 -1 0
    outer loop
      vertex 10.5 30 20
      vertex 15.7219 30 16.1209
      vertex 15.7979 30 16.2021
    endloop
  endfacet
  facet normal 0 -1 0
    outer loop
      vertex 10.5 30 20
      vertex 15.6513 30 16.0349
      vertex 15.7219 30 16.1209
    endloop
  endfacet
  facet normal 0 -1 0
    outer loop
      vertex 10.5 30 20
      vertex 15.5865 30 15.9445
      vertex 15.6513 30 16.0349
    endloop
  endfacet
  facet normal 0 -1 0
    outer loop
      vertex 10.5 30 20
      vertex 15.5278 30 15.85
      vertex 15.5865 30 15.9445
    endloop
  endfacet
  facet normal 0 -1 0
    outer loop
      vertex 10.5 30 20
      vertex 15.4753 30 15.7519
      vertex 15.5278 30 15.85
    endloop
  endfacet
  facet normal 0 -1 0
    outer loop
      vertex 10.5 30 20
      vertex 15.4294 30 15.6506
      vertex 15.4753 30 15.7519
    endloop
  endfacet
  facet normal 0 -1 0
    outer loop
      vertex 10.5 30 20
      vertex 15.3902 30 15.5464
      vertex 15.4294 30 15.6506
    endloop
  endfacet
  facet normal 0 -1 0
    outer loop
      vertex 10.5 30 20
      vertex 15.3579 30 15.44
      vertex 15.3902 30 15.5464
    endloop
  endfacet
  facet normal 0 -1 0
    outer loop
      vertex 10.5 30 20
      vertex 15.3327 30 15.3317
      vertex 15.3579 30 15.44
    endloop
  endfacet
  facet normal 0 -1 0
    outer loop
      vertex 10.5 30 20
      vertex 15.3145 30 15.2219
      vertex 15.3327 30 15.3317
    endloop
  endfacet
  facet normal 0 -1 0
    outer loop
      vertex 10.5 30 20
      vertex 15.3036 30 15.1112
      vertex 15.3145 30 15.2219
    endloop
  endfacet
  facet normal 0 -1 0
    outer loop
      vertex 10.5 30 20
      vertex 15.3 30 15
      vertex 15.3036 30 15.1112
    endloop
  endfacet
  facet normal 0 -1 0
    outer loop
      vertex 10.5 30 10
      vertex 15.3 30 15
      vertex 10.5 30 20
    endloop
  endfacet
  facet normal 0 -1 -0
    outer loop
      vertex 15.3 30 15
      vertex 10.5 30 10
      vertex 15.3036 30 14.8888
    endloop
  endfacet
  facet normal 0 -1 -0
    outer loop
      vertex 15.3036 30 14.8888
      vertex 10.5 30 10
      vertex 15.3145 30 14.7781
    endloop
  endfacet
  facet normal 0 -1 -0
    outer loop
      vertex 15.3145 30 14.7781
      vertex 10.5 30 10
      vertex 15.3327 30 14.6683
    endloop
  endfacet
  facet normal 0 -1 -0
    outer loop
      vertex 15.3327 30 14.6683
      vertex 10.5 30 10
      vertex 15.3579 30 14.56
    endloop
  endfacet
  facet normal 0 -1 -0
    outer loop
      vertex 15.3579 30 14.56
      vertex 10.5 30 10
      vertex 15.3902 30 14.4536
    endloop
  endfacet
  facet normal 0 -1 -0
    outer loop
      vertex 15.3902 30 14.4536
      vertex 10.5 30 10
      vertex 15.4294 30 14.3494
    endloop
  endfacet
  facet normal 0 -1 -0
    outer loop
      vertex 15.4294 30 14.3494
      vertex 10.5 30 10
      vertex 15.4753 30 14.2481
    endloop
  endfacet
  facet normal 0 -1 -0
    outer loop
      vertex 15.4753 30 14.2481
      vertex 10.5 30 10
      vertex 15.5278 30 14.15
    endloop
  endfacet
  facet normal 0 -1 -0
    outer loop
      vertex 15.5278 30 14.15
      vertex 10.5 30 10
      vertex 15.5865 30 14.0555
    endloop
  endfacet
  facet normal 0 -1 -0
    outer loop
      vertex 15.5865 30 14.0555
      vertex 10.5 30 10
      vertex 15.6513 30 13.9651
    endloop
  endfacet
  facet normal 0 -1 -0
    outer loop
      vertex 15.6513 30 13.9651
      vertex 10.5 30 10
      vertex 15.7219 30 13.8791
    endloop
  endfacet
  facet normal 0 -1 0
    outer loop
      vertex 10.5 30 10
      vertex 15.7979 30 13.7979
      vertex 15.7219 30 13.8791
    endloop
  endfacet
  facet normal 0 -1 0
    outer loop
      vertex 10.5 30 10
      vertex 15.8791 30 13.7219
      vertex 15.7979 30 13.7979
    endloop
  endfacet
  facet normal 0 -1 0
    outer loop
      vertex 10.5 30 10
      vertex 15.9651 30 13.6513
      vertex 15.8791 30 13.7219
    endloop
  endfacet
  facet normal 0 -1 0
    outer loop
      vertex 10.5 30 10
      vertex 16.0555 30 13.5865
      vertex 15.9651 30 13.6513
    endloop
  endfacet
  facet normal 0 -1 0
    outer loop
      vertex 10.5 30 10
      vertex 16.15 30 13.5278
      vertex 16.0555 30 13.5865
    endloop
  endfacet
  facet normal 0 -1 0
    outer loop
      vertex 10.5 30 10
      vertex 16.2481 30 13.4753
      vertex 16.15 30 13.5278
    endloop
  endfacet
  facet normal 0 -1 0
    outer loop
      vertex 10.5 30 10
      vertex 16.3494 30 13.4294
      vertex 16.2481 30 13.4753
    endloop
  endfacet
  facet normal 0 -1 0
    outer loop
      vertex 10.5 30 10
      vertex 16.4536 30 13.3902
      vertex 16.3494 30 13.4294
    endloop
  endfacet
  facet normal 0 -1 0
    outer loop
      vertex 10.4659 30 9.7412
      vertex 16.4536 30 13.3902
      vertex 10.5 30 10
    endloop
  endfacet
  facet normal 0 -1 -0
    outer loop
      vertex 16.4536 30 13.3902
      vertex 10.4659 30 9.7412
      vertex 16.56 30 13.3579
    endloop
  endfacet
  facet normal 0 -1 -0
    outer loop
      vertex 16.56 30 13.3579
      vertex 10.4659 30 9.7412
      vertex 16.6683 30 13.3327
    endloop
  endfacet
  facet normal 0 -1 0
    outer loop
      vertex 17 30 3
      vertex 16.6683 30 13.3327
      vertex 10.4659 30 9.7412
    endloop
  endfacet
  facet normal 0 -1 0
    outer loop
      vertex 16.6683 30 13.3327
      vertex 17 30 3
      vertex 16.7781 30 13.3145
    endloop
  endfacet
  facet normal 0 -1 0
    outer loop
      vertex 16.7781 30 13.3145
      vertex 17 30 3
      vertex 16.8888 30 13.3036
    endloop
  endfacet
  facet normal 0 -1 0
    outer loop
      vertex 17 30 3
      vertex 10.4659 30 9.7412
      vertex 10.366 30 9.5
    endloop
  endfacet
  facet normal 0 -1 0
    outer loop
      vertex 17 30 3
      vertex 10.366 30 9.5
      vertex 10.2071 30 9.29291
    endloop
  endfacet
  facet normal 0 -1 0
    outer loop
      vertex 17 30 3
      vertex 10.2071 30 9.29291
      vertex 10 30 9.13399
    endloop
  endfacet
  facet normal 0 -1 0
    outer loop
      vertex 2 30 4
      vertex 9.5 30 9
      vertex -2 30 4
    endloop
  endfacet
  facet normal 0 -1 0
    outer loop
      vertex 2 30 3
      vertex 9.5 30 9
      vertex 2 30 4
    endloop
  endfacet
  facet normal 0 -1 0
    outer loop
      vertex 17 30 3
      vertex 9.5 30 9
      vertex 2 30 3
    endloop
  endfacet
  facet normal 0 -1 0
    outer loop
      vertex 9.5 30 9
      vertex 17 30 3
      vertex 9.7588 30 9.03409
    endloop
  endfacet
  facet normal 0 -1 0
    outer loop
      vertex 9.7588 30 9.03409
      vertex 17 30 3
      vertex 10 30 9.13399
    endloop
  endfacet
  facet normal 0 -1 0
    outer loop
      vertex 16.8888 30 13.3036
      vertex 17 30 3
      vertex 17 30 13.3
    endloop
  endfacet
  facet normal 0 -1 0
    outer loop
      vertex -2 30 3
      vertex 2 30 4
      vertex -2 30 4
    endloop
  endfacet
  facet normal 0 -1 0
    outer loop
      vertex -2 30 3
      vertex 2 30 3
      vertex 2 30 4
    endloop
  endfacet
  facet normal 0 -1 0
    outer loop
      vertex -2 30 0
      vertex 2 30 3
      vertex -2 30 3
    endloop
  endfacet
  facet normal 0 -1 -0
    outer loop
      vertex 2 30 3
      vertex -2 30 0
      vertex 2 30 0
    endloop
  endfacet
  facet normal 0 0 -1
    outer loop
      vertex 20 0 0
      vertex 18.7 15 0
      vertex 20 33 0
    endloop
  endfacet
  facet normal 0 0 -1
    outer loop
      vertex 20 0 0
      vertex 18.6964 14.8888 0
      vertex 18.7 15 0
    endloop
  endfacet
  facet normal 0 0 -1
    outer loop
      vertex 20 0 0
      vertex 18.6855 14.7781 0
      vertex 18.6964 14.8888 0
    endloop
  endfacet
  facet normal 0 0 -1
    outer loop
      vertex 20 0 0
      vertex 18.6673 14.6683 0
      vertex 18.6855 14.7781 0
    endloop
  endfacet
  facet normal 0 0 -1
    outer loop
      vertex 20 0 0
      vertex 18.6421 14.56 0
      vertex 18.6673 14.6683 0
    endloop
  endfacet
  facet normal 0 0 -1
    outer loop
      vertex 20 0 0
      vertex 18.6098 14.4536 0
      vertex 18.6421 14.56 0
    endloop
  endfacet
  facet normal 0 0 -1
    outer loop
      vertex 20 0 0
      vertex 18.5706 14.3494 0
      vertex 18.6098 14.4536 0
    endloop
  endfacet
  facet normal 0 0 -1
    outer loop
      vertex 20 0 0
      vertex 18.5247 14.2481 0
      vertex 18.5706 14.3494 0
    endloop
  endfacet
  facet normal 0 0 -1
    outer loop
      vertex 20 0 0
      vertex 18.4722 14.15 0
      vertex 18.5247 14.2481 0
    endloop
  endfacet
  facet normal 0 0 -1
    outer loop
      vertex 20 0 0
      vertex 18.4135 14.0555 0
      vertex 18.4722 14.15 0
    endloop
  endfacet
  facet normal 0 0 -1
    outer loop
      vertex 20 0 0
      vertex 18.3487 13.9651 0
      vertex 18.4135 14.0555 0
    endloop
  endfacet
  facet normal 0 0 -1
    outer loop
      vertex 20 0 0
      vertex 18.2781 13.8791 0
      vertex 18.3487 13.9651 0
    endloop
  endfacet
  facet normal 0 0 -1
    outer loop
      vertex 20 0 0
      vertex 18.2021 13.7979 0
      vertex 18.2781 13.8791 0
    endloop
  endfacet
  facet normal 0 0 -1
    outer loop
      vertex 20 0 0
      vertex 18.1209 13.7219 0
      vertex 18.2021 13.7979 0
    endloop
  endfacet
  facet normal 0 0 -1
    outer loop
      vertex 20 0 0
      vertex 18.0349 13.6513 0
      vertex 18.1209 13.7219 0
    endloop
  endfacet
  facet normal 0 0 -1
    outer loop
      vertex 20 0 0
      vertex 17.9445 13.5865 0
      vertex 18.0349 13.6513 0
    endloop
  endfacet
  facet normal 0 0 -1
    outer loop
      vertex 20 0 0
      vertex 17.85 13.5278 0
      vertex 17.9445 13.5865 0
    endloop
  endfacet
  facet normal 0 0 -1
    outer loop
      vertex 20 0 0
      vertex 17.7519 13.4753 0
      vertex 17.85 13.5278 0
    endloop
  endfacet
  facet normal 0 0 -1
    outer loop
      vertex 20 0 0
      vertex 17.6506 13.4294 0
      vertex 17.7519 13.4753 0
    endloop
  endfacet
  facet normal 0 0 -1
    outer loop
      vertex 20 0 0
      vertex 17.5464 13.3902 0
      vertex 17.6506 13.4294 0
    endloop
  endfacet
  facet normal 0 0 -1
    outer loop
      vertex 20 0 0
      vertex 17.44 13.3579 0
      vertex 17.5464 13.3902 0
    endloop
  endfacet
  facet normal 0 0 -1
    outer loop
      vertex 20 0 0
      vertex 17.3317 13.3327 0
      vertex 17.44 13.3579 0
    endloop
  endfacet
  facet normal 0 0 -1
    outer loop
      vertex 20 0 0
      vertex 17.2219 13.3145 0
      vertex 17.3317 13.3327 0
    endloop
  endfacet
  facet normal 0 0 -1
    outer loop
      vertex 20 0 0
      vertex 17.1112 13.3036 0
      vertex 17.2219 13.3145 0
    endloop
  endfacet
  facet normal 0 0 -1
    outer loop
      vertex 20 0 0
      vertex 17 13.3 0
      vertex 17.1112 13.3036 0
    endloop
  endfacet
  facet normal 0 0 -1
    outer loop
      vertex 20 0 0
      vertex 16.8888 13.3036 0
      vertex 17 13.3 0
    endloop
  endfacet
  facet normal 0 0 -1
    outer loop
      vertex 20 0 0
      vertex 16.7781 13.3145 0
      vertex 16.8888 13.3036 0
    endloop
  endfacet
  facet normal 0 0 -1
    outer loop
      vertex 20 0 0
      vertex 16.6683 13.3327 0
      vertex 16.7781 13.3145 0
    endloop
  endfacet
  facet normal 0 0 -1
    outer loop
      vertex 20 0 0
      vertex 16.56 13.3579 0
      vertex 16.6683 13.3327 0
    endloop
  endfacet
  facet normal 0 0 -1
    outer loop
      vertex 20 0 0
      vertex 16.4536 13.3902 0
      vertex 16.56 13.3579 0
    endloop
  endfacet
  facet normal 0 0 -1
    outer loop
      vertex 20 0 0
      vertex 16.3494 13.4294 0
      vertex 16.4536 13.3902 0
    endloop
  endfacet
  facet normal 0 0 -1
    outer loop
      vertex 20 0 0
      vertex 16.2481 13.4753 0
      vertex 16.3494 13.4294 0
    endloop
  endfacet
  facet normal 0 0 -1
    outer loop
      vertex 5.4641 11 0
      vertex 16.2481 13.4753 0
      vertex 20 0 0
    endloop
  endfacet
  facet normal -0 0 -1
    outer loop
      vertex 16.2481 13.4753 0
      vertex 5.4641 11 0
      vertex 16.15 13.5278 0
    endloop
  endfacet
  facet normal -0 0 -1
    outer loop
      vertex 16.15 13.5278 0
      vertex 5.4641 11 0
      vertex 16.0555 13.5865 0
    endloop
  endfacet
  facet normal -0 0 -1
    outer loop
      vertex 16.0555 13.5865 0
      vertex 5.4641 11 0
      vertex 15.9651 13.6513 0
    endloop
  endfacet
  facet normal -0 0 -1
    outer loop
      vertex 15.9651 13.6513 0
      vertex 5.4641 11 0
      vertex 15.8791 13.7219 0
    endloop
  endfacet
  facet normal 0 -0 -1
    outer loop
      vertex 5.86369 11.9647 0
      vertex 15.8791 13.7219 0
      vertex 5.4641 11 0
    endloop
  endfacet
  facet normal -0 0 -1
    outer loop
      vertex 15.8791 13.7219 0
      vertex 5.86369 11.9647 0
      vertex 15.7979 13.7979 0
    endloop
  endfacet
  facet normal -0 0 -1
    outer loop
      vertex 15.7979 13.7979 0
      vertex 5.86369 11.9647 0
      vertex 15.7219 13.8791 0
    endloop
  endfacet
  facet normal -0 0 -1
    outer loop
      vertex 15.7219 13.8791 0
      vertex 5.86369 11.9647 0
      vertex 15.6513 13.9651 0
    endloop
  endfacet
  facet normal -0 0 -1
    outer loop
      vertex 15.6513 13.9651 0
      vertex 5.86369 11.9647 0
      vertex 15.5865 14.0555 0
    endloop
  endfacet
  facet normal -0 0 -1
    outer loop
      vertex 15.5865 14.0555 0
      vertex 5.86369 11.9647 0
      vertex 15.5278 14.15 0
    endloop
  endfacet
  facet normal -0 0 -1
    outer loop
      vertex 15.5278 14.15 0
      vertex 5.86369 11.9647 0
      vertex 15.4753 14.2481 0
    endloop
  endfacet
  facet normal -0 0 -1
    outer loop
      vertex 15.3036 14.8888 0
      vertex 6 13 0
      vertex 15.3 15 0
    endloop
  endfacet
  facet normal -0 0 -1
    outer loop
      vertex 15.3145 14.7781 0
      vertex 6 13 0
      vertex 15.3036 14.8888 0
    endloop
  endfacet
  facet normal -0 0 -1
    outer loop
      vertex 15.3327 14.6683 0
      vertex 6 13 0
      vertex 15.3145 14.7781 0
    endloop
  endfacet
  facet normal -0 0 -1
    outer loop
      vertex 15.3579 14.56 0
      vertex 6 13 0
      vertex 15.3327 14.6683 0
    endloop
  endfacet
  facet normal -0 0 -1
    outer loop
      vertex 15.3902 14.4536 0
      vertex 6 13 0
      vertex 15.3579 14.56 0
    endloop
  endfacet
  facet normal 0 -0 -1
    outer loop
      vertex 6 13 0
      vertex 15.4753 14.2481 0
      vertex 5.86369 11.9647 0
    endloop
  endfacet
  facet normal -0 0 -1
    outer loop
      vertex 15.4294 14.3494 0
      vertex 6 13 0
      vertex 15.3902 14.4536 0
    endloop
  endfacet
  facet normal -0 0 -1
    outer loop
      vertex 15.4753 14.2481 0
      vertex 6 13 0
      vertex 15.4294 14.3494 0
    endloop
  endfacet
  facet normal 0 0 -1
    outer loop
      vertex 20 0 0
      vertex 4.82841 10.1716 0
      vertex 5.4641 11 0
    endloop
  endfacet
  facet normal 0 0 -1
    outer loop
      vertex 20 0 0
      vertex 4 9.5359 0
      vertex 4.82841 10.1716 0
    endloop
  endfacet
  facet normal 0 0 -1
    outer loop
      vertex 20 0 0
      vertex 3.03526 9.13631 0
      vertex 4 9.5359 0
    endloop
  endfacet
  facet normal 0 0 -1
    outer loop
      vertex 20 0 0
      vertex 2 9 0
      vertex 3.03526 9.13631 0
    endloop
  endfacet
  facet normal 0 0 -1
    outer loop
      vertex 20 0 0
      vertex -2 9 0
      vertex 2 9 0
    endloop
  endfacet
  facet normal 0 0 -1
    outer loop
      vertex -20 0 0
      vertex -2 9 0
      vertex 20 0 0
    endloop
  endfacet
  facet normal 0 0 -1
    outer loop
      vertex -15.3036 15.1112 0
      vertex -6 13 0
      vertex -15.3 15 0
    endloop
  endfacet
  facet normal 0 0 -1
    outer loop
      vertex -15.4753 14.2481 0
      vertex -6 13 0
      vertex -5.86369 11.9647 0
    endloop
  endfacet
  facet normal 0 0 -1
    outer loop
      vertex -15.8791 13.7219 0
      vertex -5.86369 11.9647 0
      vertex -5.4641 11 0
    endloop
  endfacet
  facet normal 0 0 -1
    outer loop
      vertex -20 0 0
      vertex -5.4641 11 0
      vertex -4.82841 10.1716 0
    endloop
  endfacet
  facet normal 0 0 -1
    outer loop
      vertex -20 0 0
      vertex -4.82841 10.1716 0
      vertex -4 9.5359 0
    endloop
  endfacet
  facet normal 0 0 -1
    outer loop
      vertex -6 13 0
      vertex -15.3036 14.8888 0
      vertex -15.3 15 0
    endloop
  endfacet
  facet normal 0 0 -1
    outer loop
      vertex -6 13 0
      vertex -15.3145 14.7781 0
      vertex -15.3036 14.8888 0
    endloop
  endfacet
  facet normal 0 0 -1
    outer loop
      vertex -6 13 0
      vertex -15.3327 14.6683 0
      vertex -15.3145 14.7781 0
    endloop
  endfacet
  facet normal 0 0 -1
    outer loop
      vertex -6 13 0
      vertex -15.3579 14.56 0
      vertex -15.3327 14.6683 0
    endloop
  endfacet
  facet normal 0 0 -1
    outer loop
      vertex -6 13 0
      vertex -15.3902 14.4536 0
      vertex -15.3579 14.56 0
    endloop
  endfacet
  facet normal 0 0 -1
    outer loop
      vertex -6 13 0
      vertex -15.4294 14.3494 0
      vertex -15.3902 14.4536 0
    endloop
  endfacet
  facet normal 0 0 -1
    outer loop
      vertex -6 13 0
      vertex -15.4753 14.2481 0
      vertex -15.4294 14.3494 0
    endloop
  endfacet
  facet normal 0 0 -1
    outer loop
      vertex -20 0 0
      vertex -4 9.5359 0
      vertex -3.03526 9.13631 0
    endloop
  endfacet
  facet normal 0 0 -1
    outer loop
      vertex -5.86369 11.9647 0
      vertex -15.5278 14.15 0
      vertex -15.4753 14.2481 0
    endloop
  endfacet
  facet normal 0 0 -1
    outer loop
      vertex -5.86369 11.9647 0
      vertex -15.5865 14.0555 0
      vertex -15.5278 14.15 0
    endloop
  endfacet
  facet normal -0 0 -1
    outer loop
      vertex -2 9 0
      vertex -20 0 0
      vertex -3.03526 9.13631 0
    endloop
  endfacet
  facet normal 0 0 -1
    outer loop
      vertex -5.86369 11.9647 0
      vertex -15.6513 13.9651 0
      vertex -15.5865 14.0555 0
    endloop
  endfacet
  facet normal -0 0 -1
    outer loop
      vertex -5.4641 11 0
      vertex -20 0 0
      vertex -16.2481 13.4753 0
    endloop
  endfacet
  facet normal 0 0 -1
    outer loop
      vertex -5.86369 11.9647 0
      vertex -15.7219 13.8791 0
      vertex -15.6513 13.9651 0
    endloop
  endfacet
  facet normal 0 0 -1
    outer loop
      vertex -5.86369 11.9647 0
      vertex -15.7979 13.7979 0
      vertex -15.7219 13.8791 0
    endloop
  endfacet
  facet normal 0 0 -1
    outer loop
      vertex -5.86369 11.9647 0
      vertex -15.8791 13.7219 0
      vertex -15.7979 13.7979 0
    endloop
  endfacet
  facet normal 0 0 -1
    outer loop
      vertex -5.4641 11 0
      vertex -15.9651 13.6513 0
      vertex -15.8791 13.7219 0
    endloop
  endfacet
  facet normal 0 0 -1
    outer loop
      vertex -5.4641 11 0
      vertex -16.0555 13.5865 0
      vertex -15.9651 13.6513 0
    endloop
  endfacet
  facet normal 0 0 -1
    outer loop
      vertex -5.4641 11 0
      vertex -16.15 13.5278 0
      vertex -16.0555 13.5865 0
    endloop
  endfacet
  facet normal 0 0 -1
    outer loop
      vertex -5.4641 11 0
      vertex -16.2481 13.4753 0
      vertex -16.15 13.5278 0
    endloop
  endfacet
  facet normal 0 0 -1
    outer loop
      vertex -16.2481 13.4753 0
      vertex -20 0 0
      vertex -16.3494 13.4294 0
    endloop
  endfacet
  facet normal 0 0 -1
    outer loop
      vertex -16.3494 13.4294 0
      vertex -20 0 0
      vertex -16.4536 13.3902 0
    endloop
  endfacet
  facet normal 0 0 -1
    outer loop
      vertex -16.4536 13.3902 0
      vertex -20 0 0
      vertex -16.56 13.3579 0
    endloop
  endfacet
  facet normal 0 0 -1
    outer loop
      vertex -16.56 13.3579 0
      vertex -20 0 0
      vertex -16.6683 13.3327 0
    endloop
  endfacet
  facet normal 0 0 -1
    outer loop
      vertex -16.6683 13.3327 0
      vertex -20 0 0
      vertex -16.7781 13.3145 0
    endloop
  endfacet
  facet normal 0 0 -1
    outer loop
      vertex -16.7781 13.3145 0
      vertex -20 0 0
      vertex -16.8888 13.3036 0
    endloop
  endfacet
  facet normal 0 0 -1
    outer loop
      vertex -16.8888 13.3036 0
      vertex -20 0 0
      vertex -17 13.3 0
    endloop
  endfacet
  facet normal -0 0 -1
    outer loop
      vertex -17 13.3 0
      vertex -20 0 0
      vertex -17.1112 13.3036 0
    endloop
  endfacet
  facet normal -0 0 -1
    outer loop
      vertex -17.1112 13.3036 0
      vertex -20 0 0
      vertex -17.2219 13.3145 0
    endloop
  endfacet
  facet normal -0 0 -1
    outer loop
      vertex -17.2219 13.3145 0
      vertex -20 0 0
      vertex -17.3317 13.3327 0
    endloop
  endfacet
  facet normal -0 0 -1
    outer loop
      vertex -17.3317 13.3327 0
      vertex -20 0 0
      vertex -17.44 13.3579 0
    endloop
  endfacet
  facet normal -0 0 -1
    outer loop
      vertex -18.6964 14.8888 0
      vertex -20 0 0
      vertex -18.7 15 0
    endloop
  endfacet
  facet normal -0 0 -1
    outer loop
      vertex -18.6855 14.7781 0
      vertex -20 0 0
      vertex -18.6964 14.8888 0
    endloop
  endfacet
  facet normal -0 0 -1
    outer loop
      vertex -18.6673 14.6683 0
      vertex -20 0 0
      vertex -18.6855 14.7781 0
    endloop
  endfacet
  facet normal -0 0 -1
    outer loop
      vertex -18.6421 14.56 0
      vertex -20 0 0
      vertex -18.6673 14.6683 0
    endloop
  endfacet
  facet normal -0 0 -1
    outer loop
      vertex -18.6098 14.4536 0
      vertex -20 0 0
      vertex -18.6421 14.56 0
    endloop
  endfacet
  facet normal -0 0 -1
    outer loop
      vertex -18.5706 14.3494 0
      vertex -20 0 0
      vertex -18.6098 14.4536 0
    endloop
  endfacet
  facet normal -0 0 -1
    outer loop
      vertex -18.5247 14.2481 0
      vertex -20 0 0
      vertex -18.5706 14.3494 0
    endloop
  endfacet
  facet normal -0 0 -1
    outer loop
      vertex -18.4722 14.15 0
      vertex -20 0 0
      vertex -18.5247 14.2481 0
    endloop
  endfacet
  facet normal -0 0 -1
    outer loop
      vertex -18.4135 14.0555 0
      vertex -20 0 0
      vertex -18.4722 14.15 0
    endloop
  endfacet
  facet normal -0 0 -1
    outer loop
      vertex -18.3487 13.9651 0
      vertex -20 0 0
      vertex -18.4135 14.0555 0
    endloop
  endfacet
  facet normal -0 0 -1
    outer loop
      vertex -18.2781 13.8791 0
      vertex -20 0 0
      vertex -18.3487 13.9651 0
    endloop
  endfacet
  facet normal -0 0 -1
    outer loop
      vertex -18.2021 13.7979 0
      vertex -20 0 0
      vertex -18.2781 13.8791 0
    endloop
  endfacet
  facet normal -0 0 -1
    outer loop
      vertex -18.1209 13.7219 0
      vertex -20 0 0
      vertex -18.2021 13.7979 0
    endloop
  endfacet
  facet normal -0 0 -1
    outer loop
      vertex -18.0349 13.6513 0
      vertex -20 0 0
      vertex -18.1209 13.7219 0
    endloop
  endfacet
  facet normal -0 0 -1
    outer loop
      vertex -17.9445 13.5865 0
      vertex -20 0 0
      vertex -18.0349 13.6513 0
    endloop
  endfacet
  facet normal -0 0 -1
    outer loop
      vertex -17.85 13.5278 0
      vertex -20 0 0
      vertex -17.9445 13.5865 0
    endloop
  endfacet
  facet normal -0 0 -1
    outer loop
      vertex -17.7519 13.4753 0
      vertex -20 0 0
      vertex -17.85 13.5278 0
    endloop
  endfacet
  facet normal -0 0 -1
    outer loop
      vertex -17.6506 13.4294 0
      vertex -20 0 0
      vertex -17.7519 13.4753 0
    endloop
  endfacet
  facet normal -0 0 -1
    outer loop
      vertex -17.5464 13.3902 0
      vertex -20 0 0
      vertex -17.6506 13.4294 0
    endloop
  endfacet
  facet normal -0 0 -1
    outer loop
      vertex -17.44 13.3579 0
      vertex -20 0 0
      vertex -17.5464 13.3902 0
    endloop
  endfacet
  facet normal 0 0 -1
    outer loop
      vertex 18.6964 15.1112 0
      vertex 20 33 0
      vertex 18.7 15 0
    endloop
  endfacet
  facet normal 0 0 -1
    outer loop
      vertex 18.6855 15.2219 0
      vertex 20 33 0
      vertex 18.6964 15.1112 0
    endloop
  endfacet
  facet normal 0 0 -1
    outer loop
      vertex 18.6673 15.3317 0
      vertex 20 33 0
      vertex 18.6855 15.2219 0
    endloop
  endfacet
  facet normal 0 0 -1
    outer loop
      vertex 18.6421 15.44 0
      vertex 20 33 0
      vertex 18.6673 15.3317 0
    endloop
  endfacet
  facet normal 0 0 -1
    outer loop
      vertex 18.6098 15.5464 0
      vertex 20 33 0
      vertex 18.6421 15.44 0
    endloop
  endfacet
  facet normal 0 0 -1
    outer loop
      vertex 18.5706 15.6506 0
      vertex 20 33 0
      vertex 18.6098 15.5464 0
    endloop
  endfacet
  facet normal 0 0 -1
    outer loop
      vertex 18.5247 15.7519 0
      vertex 20 33 0
      vertex 18.5706 15.6506 0
    endloop
  endfacet
  facet normal 0 0 -1
    outer loop
      vertex 18.4722 15.85 0
      vertex 20 33 0
      vertex 18.5247 15.7519 0
    endloop
  endfacet
  facet normal 0 0 -1
    outer loop
      vertex 18.4135 15.9445 0
      vertex 20 33 0
      vertex 18.4722 15.85 0
    endloop
  endfacet
  facet normal 0 0 -1
    outer loop
      vertex 18.3487 16.0349 0
      vertex 20 33 0
      vertex 18.4135 15.9445 0
    endloop
  endfacet
  facet normal 0 0 -1
    outer loop
      vertex 18.2781 16.1209 0
      vertex 20 33 0
      vertex 18.3487 16.0349 0
    endloop
  endfacet
  facet normal 0 0 -1
    outer loop
      vertex 18.2021 16.2021 0
      vertex 20 33 0
      vertex 18.2781 16.1209 0
    endloop
  endfacet
  facet normal 0 0 -1
    outer loop
      vertex 18.1209 16.2781 0
      vertex 20 33 0
      vertex 18.2021 16.2021 0
    endloop
  endfacet
  facet normal 0 0 -1
    outer loop
      vertex 18.0349 16.3487 0
      vertex 20 33 0
      vertex 18.1209 16.2781 0
    endloop
  endfacet
  facet normal 0 0 -1
    outer loop
      vertex 17.9445 16.4135 0
      vertex 20 33 0
      vertex 18.0349 16.3487 0
    endloop
  endfacet
  facet normal 0 0 -1
    outer loop
      vertex 17.85 16.4722 0
      vertex 20 33 0
      vertex 17.9445 16.4135 0
    endloop
  endfacet
  facet normal 0 0 -1
    outer loop
      vertex 17.7519 16.5247 0
      vertex 20 33 0
      vertex 17.85 16.4722 0
    endloop
  endfacet
  facet normal 0 0 -1
    outer loop
      vertex 17.6506 16.5706 0
      vertex 20 33 0
      vertex 17.7519 16.5247 0
    endloop
  endfacet
  facet normal 0 0 -1
    outer loop
      vertex 17.5464 16.6098 0
      vertex 20 33 0
      vertex 17.6506 16.5706 0
    endloop
  endfacet
  facet normal 0 0 -1
    outer loop
      vertex 17.44 16.6421 0
      vertex 20 33 0
      vertex 17.5464 16.6098 0
    endloop
  endfacet
  facet normal 0 0 -1
    outer loop
      vertex 17.3317 16.6673 0
      vertex 20 33 0
      vertex 17.44 16.6421 0
    endloop
  endfacet
  facet normal 0 0 -1
    outer loop
      vertex 17.2219 16.6855 0
      vertex 20 33 0
      vertex 17.3317 16.6673 0
    endloop
  endfacet
  facet normal 0 0 -1
    outer loop
      vertex 17.1112 16.6964 0
      vertex 20 33 0
      vertex 17.2219 16.6855 0
    endloop
  endfacet
  facet normal 0 0 -1
    outer loop
      vertex 17 16.7 0
      vertex 20 33 0
      vertex 17.1112 16.6964 0
    endloop
  endfacet
  facet normal 0 0 -1
    outer loop
      vertex 16.8888 16.6964 0
      vertex 20 33 0
      vertex 17 16.7 0
    endloop
  endfacet
  facet normal 0 0 -1
    outer loop
      vertex 16.7781 16.6855 0
      vertex 20 33 0
      vertex 16.8888 16.6964 0
    endloop
  endfacet
  facet normal 0 0 -1
    outer loop
      vertex 16.6683 16.6673 0
      vertex 20 33 0
      vertex 16.7781 16.6855 0
    endloop
  endfacet
  facet normal 0 0 -1
    outer loop
      vertex 6 26 0
      vertex 16.6683 16.6673 0
      vertex 16.56 16.6421 0
    endloop
  endfacet
  facet normal 0 0 -1
    outer loop
      vertex 6 26 0
      vertex 16.56 16.6421 0
      vertex 16.4536 16.6098 0
    endloop
  endfacet
  facet normal 0 0 -1
    outer loop
      vertex 6 26 0
      vertex 16.4536 16.6098 0
      vertex 16.3494 16.5706 0
    endloop
  endfacet
  facet normal 0 0 -1
    outer loop
      vertex 6 26 0
      vertex 16.3494 16.5706 0
      vertex 16.2481 16.5247 0
    endloop
  endfacet
  facet normal 0 0 -1
    outer loop
      vertex 6 26 0
      vertex 16.2481 16.5247 0
      vertex 16.15 16.4722 0
    endloop
  endfacet
  facet normal 0 0 -1
    outer loop
      vertex 6 26 0
      vertex 16.15 16.4722 0
      vertex 16.0555 16.4135 0
    endloop
  endfacet
  facet normal 0 0 -1
    outer loop
      vertex 6 26 0
      vertex 16.0555 16.4135 0
      vertex 15.9651 16.3487 0
    endloop
  endfacet
  facet normal 0 0 -1
    outer loop
      vertex 6 26 0
      vertex 15.9651 16.3487 0
      vertex 15.8791 16.2781 0
    endloop
  endfacet
  facet normal 0 0 -1
    outer loop
      vertex 6 26 0
      vertex 15.8791 16.2781 0
      vertex 15.7979 16.2021 0
    endloop
  endfacet
  facet normal 0 0 -1
    outer loop
      vertex 6 26 0
      vertex 15.7979 16.2021 0
      vertex 15.7219 16.1209 0
    endloop
  endfacet
  facet normal 0 0 -1
    outer loop
      vertex 6 26 0
      vertex 15.7219 16.1209 0
      vertex 15.6513 16.0349 0
    endloop
  endfacet
  facet normal 0 0 -1
    outer loop
      vertex 6 26 0
      vertex 15.6513 16.0349 0
      vertex 15.5865 15.9445 0
    endloop
  endfacet
  facet normal 0 0 -1
    outer loop
      vertex 6 26 0
      vertex 15.5865 15.9445 0
      vertex 15.5278 15.85 0
    endloop
  endfacet
  facet normal 0 0 -1
    outer loop
      vertex 6 13 0
      vertex 15.5278 15.85 0
      vertex 15.4753 15.7519 0
    endloop
  endfacet
  facet normal 0 0 -1
    outer loop
      vertex 6 13 0
      vertex 15.4753 15.7519 0
      vertex 15.4294 15.6506 0
    endloop
  endfacet
  facet normal 0 0 -1
    outer loop
      vertex 6 13 0
      vertex 15.4294 15.6506 0
      vertex 15.3902 15.5464 0
    endloop
  endfacet
  facet normal 0 0 -1
    outer loop
      vertex 6 13 0
      vertex 15.3902 15.5464 0
      vertex 15.3579 15.44 0
    endloop
  endfacet
  facet normal 0 0 -1
    outer loop
      vertex 6 13 0
      vertex 15.3036 15.1112 0
      vertex 15.3 15 0
    endloop
  endfacet
  facet normal 0 0 -1
    outer loop
      vertex 6 13 0
      vertex 15.3145 15.2219 0
      vertex 15.3036 15.1112 0
    endloop
  endfacet
  facet normal 0 0 -1
    outer loop
      vertex 6 13 0
      vertex 15.3327 15.3317 0
      vertex 15.3145 15.2219 0
    endloop
  endfacet
  facet normal 0 0 -1
    outer loop
      vertex 6 13 0
      vertex 15.3579 15.44 0
      vertex 15.3327 15.3317 0
    endloop
  endfacet
  facet normal -0 0 -1
    outer loop
      vertex 15.5278 15.85 0
      vertex 6 13 0
      vertex 6 26 0
    endloop
  endfacet
  facet normal 0 0 -1
    outer loop
      vertex 16.6683 16.6673 0
      vertex 6 26 0
      vertex 20 33 0
    endloop
  endfacet
  facet normal 0 0 -1
    outer loop
      vertex 5.86369 27.0353 0
      vertex 20 33 0
      vertex 6 26 0
    endloop
  endfacet
  facet normal 0 0 -1
    outer loop
      vertex 5.4641 28 0
      vertex 20 33 0
      vertex 5.86369 27.0353 0
    endloop
  endfacet
  facet normal 0 0 -1
    outer loop
      vertex 4.82841 28.8284 0
      vertex 20 33 0
      vertex 5.4641 28 0
    endloop
  endfacet
  facet normal 0 0 -1
    outer loop
      vertex 4 29.4641 0
      vertex 20 33 0
      vertex 4.82841 28.8284 0
    endloop
  endfacet
  facet normal 0 0 -1
    outer loop
      vertex 3.03526 29.8637 0
      vertex 20 33 0
      vertex 4 29.4641 0
    endloop
  endfacet
  facet normal 0 0 -1
    outer loop
      vertex 2 30 0
      vertex 20 33 0
      vertex 3.03526 29.8637 0
    endloop
  endfacet
  facet normal 0 0 -1
    outer loop
      vertex -2 30 0
      vertex 20 33 0
      vertex 2 30 0
    endloop
  endfacet
  facet normal 0 0 -1
    outer loop
      vertex -20 33 0
      vertex -2 30 0
      vertex -3.03526 29.8637 0
    endloop
  endfacet
  facet normal 0 0 -1
    outer loop
      vertex -15.3145 15.2219 0
      vertex -6 13 0
      vertex -15.3036 15.1112 0
    endloop
  endfacet
  facet normal 0 0 -1
    outer loop
      vertex -15.3327 15.3317 0
      vertex -6 13 0
      vertex -15.3145 15.2219 0
    endloop
  endfacet
  facet normal 0 0 -1
    outer loop
      vertex -15.3579 15.44 0
      vertex -6 13 0
      vertex -15.3327 15.3317 0
    endloop
  endfacet
  facet normal 0 0 -1
    outer loop
      vertex -15.3902 15.5464 0
      vertex -6 13 0
      vertex -15.3579 15.44 0
    endloop
  endfacet
  facet normal 0 0 -1
    outer loop
      vertex -15.4294 15.6506 0
      vertex -6 13 0
      vertex -15.3902 15.5464 0
    endloop
  endfacet
  facet normal 0 0 -1
    outer loop
      vertex -15.4753 15.7519 0
      vertex -6 13 0
      vertex -15.4294 15.6506 0
    endloop
  endfacet
  facet normal 0 0 -1
    outer loop
      vertex -15.5278 15.85 0
      vertex -6 13 0
      vertex -15.4753 15.7519 0
    endloop
  endfacet
  facet normal 0 0 -1
    outer loop
      vertex -6 13 0
      vertex -15.5278 15.85 0
      vertex -6 26 0
    endloop
  endfacet
  facet normal 0 0 -1
    outer loop
      vertex -15.5865 15.9445 0
      vertex -6 26 0
      vertex -15.5278 15.85 0
    endloop
  endfacet
  facet normal 0 0 -1
    outer loop
      vertex -15.6513 16.0349 0
      vertex -6 26 0
      vertex -15.5865 15.9445 0
    endloop
  endfacet
  facet normal 0 0 -1
    outer loop
      vertex -15.7219 16.1209 0
      vertex -6 26 0
      vertex -15.6513 16.0349 0
    endloop
  endfacet
  facet normal 0 0 -1
    outer loop
      vertex -15.7979 16.2021 0
      vertex -6 26 0
      vertex -15.7219 16.1209 0
    endloop
  endfacet
  facet normal 0 0 -1
    outer loop
      vertex -15.8791 16.2781 0
      vertex -6 26 0
      vertex -15.7979 16.2021 0
    endloop
  endfacet
  facet normal 0 0 -1
    outer loop
      vertex -15.9651 16.3487 0
      vertex -6 26 0
      vertex -15.8791 16.2781 0
    endloop
  endfacet
  facet normal 0 0 -1
    outer loop
      vertex -16.0555 16.4135 0
      vertex -6 26 0
      vertex -15.9651 16.3487 0
    endloop
  endfacet
  facet normal 0 0 -1
    outer loop
      vertex -16.15 16.4722 0
      vertex -6 26 0
      vertex -16.0555 16.4135 0
    endloop
  endfacet
  facet normal 0 0 -1
    outer loop
      vertex -16.2481 16.5247 0
      vertex -6 26 0
      vertex -16.15 16.4722 0
    endloop
  endfacet
  facet normal 0 0 -1
    outer loop
      vertex -16.3494 16.5706 0
      vertex -6 26 0
      vertex -16.2481 16.5247 0
    endloop
  endfacet
  facet normal 0 0 -1
    outer loop
      vertex -16.4536 16.6098 0
      vertex -6 26 0
      vertex -16.3494 16.5706 0
    endloop
  endfacet
  facet normal 0 0 -1
    outer loop
      vertex -16.56 16.6421 0
      vertex -6 26 0
      vertex -16.4536 16.6098 0
    endloop
  endfacet
  facet normal 0 0 -1
    outer loop
      vertex -16.6683 16.6673 0
      vertex -6 26 0
      vertex -16.56 16.6421 0
    endloop
  endfacet
  facet normal 0 0 -1
    outer loop
      vertex -20 33 0
      vertex -6 26 0
      vertex -16.6683 16.6673 0
    endloop
  endfacet
  facet normal 0 0 -1
    outer loop
      vertex -5.86369 27.0353 0
      vertex -20 33 0
      vertex -5.4641 28 0
    endloop
  endfacet
  facet normal 0 0 -1
    outer loop
      vertex -6 26 0
      vertex -20 33 0
      vertex -5.86369 27.0353 0
    endloop
  endfacet
  facet normal 0 0 -1
    outer loop
      vertex -20 33 0
      vertex -16.6683 16.6673 0
      vertex -16.7781 16.6855 0
    endloop
  endfacet
  facet normal 0 0 -1
    outer loop
      vertex -20 33 0
      vertex -16.7781 16.6855 0
      vertex -16.8888 16.6964 0
    endloop
  endfacet
  facet normal 0 0 -1
    outer loop
      vertex -20 33 0
      vertex -16.8888 16.6964 0
      vertex -17 16.7 0
    endloop
  endfacet
  facet normal 0 0 -1
    outer loop
      vertex -20 33 0
      vertex -17 16.7 0
      vertex -17.1112 16.6964 0
    endloop
  endfacet
  facet normal 0 0 -1
    outer loop
      vertex -20 33 0
      vertex -17.1112 16.6964 0
      vertex -17.2219 16.6855 0
    endloop
  endfacet
  facet normal 0 0 -1
    outer loop
      vertex -20 33 0
      vertex -17.2219 16.6855 0
      vertex -17.3317 16.6673 0
    endloop
  endfacet
  facet normal 0 0 -1
    outer loop
      vertex -20 33 0
      vertex -17.3317 16.6673 0
      vertex -17.44 16.6421 0
    endloop
  endfacet
  facet normal 0 0 -1
    outer loop
      vertex -20 33 0
      vertex -17.44 16.6421 0
      vertex -17.5464 16.6098 0
    endloop
  endfacet
  facet normal 0 0 -1
    outer loop
      vertex -20 33 0
      vertex -17.5464 16.6098 0
      vertex -17.6506 16.5706 0
    endloop
  endfacet
  facet normal 0 0 -1
    outer loop
      vertex -20 33 0
      vertex -17.6506 16.5706 0
      vertex -17.7519 16.5247 0
    endloop
  endfacet
  facet normal 0 0 -1
    outer loop
      vertex -20 33 0
      vertex -17.7519 16.5247 0
      vertex -17.85 16.4722 0
    endloop
  endfacet
  facet normal 0 0 -1
    outer loop
      vertex -20 33 0
      vertex -17.85 16.4722 0
      vertex -17.9445 16.4135 0
    endloop
  endfacet
  facet normal 0 0 -1
    outer loop
      vertex -20 33 0
      vertex -17.9445 16.4135 0
      vertex -18.0349 16.3487 0
    endloop
  endfacet
  facet normal 0 0 -1
    outer loop
      vertex -20 33 0
      vertex -18.0349 16.3487 0
      vertex -18.1209 16.2781 0
    endloop
  endfacet
  facet normal 0 0 -1
    outer loop
      vertex -20 33 0
      vertex -18.1209 16.2781 0
      vertex -18.2021 16.2021 0
    endloop
  endfacet
  facet normal 0 0 -1
    outer loop
      vertex -20 33 0
      vertex -18.7 15 0
      vertex -20 0 0
    endloop
  endfacet
  facet normal 0 0 -1
    outer loop
      vertex -2 30 0
      vertex -20 33 0
      vertex 20 33 0
    endloop
  endfacet
  facet normal 0 0 -1
    outer loop
      vertex -4 29.4641 0
      vertex -20 33 0
      vertex -3.03526 29.8637 0
    endloop
  endfacet
  facet normal 0 0 -1
    outer loop
      vertex -4.82841 28.8284 0
      vertex -20 33 0
      vertex -4 29.4641 0
    endloop
  endfacet
  facet normal 0 0 -1
    outer loop
      vertex -5.4641 28 0
      vertex -20 33 0
      vertex -4.82841 28.8284 0
    endloop
  endfacet
  facet normal 0 0 -1
    outer loop
      vertex -18.2781 16.1209 0
      vertex -20 33 0
      vertex -18.2021 16.2021 0
    endloop
  endfacet
  facet normal 0 0 -1
    outer loop
      vertex -18.3487 16.0349 0
      vertex -20 33 0
      vertex -18.2781 16.1209 0
    endloop
  endfacet
  facet normal 0 0 -1
    outer loop
      vertex -18.4135 15.9445 0
      vertex -20 33 0
      vertex -18.3487 16.0349 0
    endloop
  endfacet
  facet normal 0 0 -1
    outer loop
      vertex -18.4722 15.85 0
      vertex -20 33 0
      vertex -18.4135 15.9445 0
    endloop
  endfacet
  facet normal 0 0 -1
    outer loop
      vertex -18.5247 15.7519 0
      vertex -20 33 0
      vertex -18.4722 15.85 0
    endloop
  endfacet
  facet normal 0 0 -1
    outer loop
      vertex -18.5706 15.6506 0
      vertex -20 33 0
      vertex -18.5247 15.7519 0
    endloop
  endfacet
  facet normal 0 0 -1
    outer loop
      vertex -18.6098 15.5464 0
      vertex -20 33 0
      vertex -18.5706 15.6506 0
    endloop
  endfacet
  facet normal 0 0 -1
    outer loop
      vertex -18.6421 15.44 0
      vertex -20 33 0
      vertex -18.6098 15.5464 0
    endloop
  endfacet
  facet normal 0 0 -1
    outer loop
      vertex -18.6673 15.3317 0
      vertex -20 33 0
      vertex -18.6421 15.44 0
    endloop
  endfacet
  facet normal 0 0 -1
    outer loop
      vertex -18.6855 15.2219 0
      vertex -20 33 0
      vertex -18.6673 15.3317 0
    endloop
  endfacet
  facet normal 0 0 -1
    outer loop
      vertex -18.6964 15.1112 0
      vertex -20 33 0
      vertex -18.6855 15.2219 0
    endloop
  endfacet
  facet normal 0 0 -1
    outer loop
      vertex -18.7 15 0
      vertex -20 33 0
      vertex -18.6964 15.1112 0
    endloop
  endfacet
  facet normal 1 -0 0
    outer loop
      vertex -17 29.99 30
      vertex -17 30 16.7
      vertex -17 30 30
    endloop
  endfacet
  facet normal 1 0 0
    outer loop
      vertex -17 29.99 30
      vertex -17 28 16.7
      vertex -17 30 16.7
    endloop
  endfacet
  facet normal 1 0 0
    outer loop
      vertex -17 28 16.7
      vertex -17 16.7 4
      vertex -17 28 13.3
    endloop
  endfacet
  facet normal 1 0 0
    outer loop
      vertex -17 13.3 4
      vertex -17 28 16.7
      vertex -17 29.99 30
    endloop
  endfacet
  facet normal 1 0 0
    outer loop
      vertex -17 28 16.7
      vertex -17 13.3 4
      vertex -17 16.7 4
    endloop
  endfacet
  facet normal 1 0 0
    outer loop
      vertex -17 13.3 4
      vertex -17 2.99 3
      vertex -17 13.3 3
    endloop
  endfacet
  facet normal 1 0 0
    outer loop
      vertex -17 2.99 3
      vertex -17 13.3 4
      vertex -17 29.99 30
    endloop
  endfacet
  facet normal 1 -0 0
    outer loop
      vertex -17 28 13.3
      vertex -17 30 3
      vertex -17 30 13.3
    endloop
  endfacet
  facet normal 1 -0 0
    outer loop
      vertex -17 16.7 4
      vertex -17 30 3
      vertex -17 28 13.3
    endloop
  endfacet
  facet normal 1 0 0
    outer loop
      vertex -17 30 3
      vertex -17 16.7 4
      vertex -17 16.7 3
    endloop
  endfacet
  facet normal 0 -0.707107 0.707107
    outer loop
      vertex 17 2.99 3
      vertex 20 29.99 30
      vertex 17 29.99 30
    endloop
  endfacet
  facet normal 0 -0.707107 0.707107
    outer loop
      vertex 20 29.99 30
      vertex 17 2.99 3
      vertex 20 2.99 3
    endloop
  endfacet
  facet normal -1 0 0
    outer loop
      vertex 17 13.3 3
      vertex 17 2.99 3
      vertex 17 13.3 4
    endloop
  endfacet
  facet normal -1 0 0
    outer loop
      vertex 17 30 3
      vertex 17 28 13.3
      vertex 17 30 13.3
    endloop
  endfacet
  facet normal -1 0 0
    outer loop
      vertex 17 30 3
      vertex 17 16.7 4
      vertex 17 28 13.3
    endloop
  endfacet
  facet normal -1 0 0
    outer loop
      vertex 17 16.7 4
      vertex 17 30 3
      vertex 17 16.7 3
    endloop
  endfacet
  facet normal -1 0 0
    outer loop
      vertex 17 30 16.7
      vertex 17 29.99 30
      vertex 17 30 30
    endloop
  endfacet
  facet normal -1 0 0
    outer loop
      vertex 17 28 16.7
      vertex 17 29.99 30
      vertex 17 30 16.7
    endloop
  endfacet
  facet normal -1 -0 0
    outer loop
      vertex 17 28 13.3
      vertex 17 16.7 4
      vertex 17 28 16.7
    endloop
  endfacet
  facet normal -1 0 0
    outer loop
      vertex 17 13.3 4
      vertex 17 28 16.7
      vertex 17 16.7 4
    endloop
  endfacet
  facet normal -1 -0 0
    outer loop
      vertex 17 28 16.7
      vertex 17 13.3 4
      vertex 17 29.99 30
    endloop
  endfacet
  facet normal -1 0 0
    outer loop
      vertex 17 29.99 30
      vertex 17 13.3 4
      vertex 17 2.99 3
    endloop
  endfacet
  facet normal 1 -0 0
    outer loop
      vertex 20 29.99 30
      vertex 20 33 0
      vertex 20 33 30
    endloop
  endfacet
  facet normal 1 -0 0
    outer loop
      vertex 20 2.99 3
      vertex 20 33 0
      vertex 20 29.99 30
    endloop
  endfacet
  facet normal 1 0 0
    outer loop
      vertex 20 0 0
      vertex 20 2.99 3
      vertex 20 0 3
    endloop
  endfacet
  facet normal 1 0 0
    outer loop
      vertex 20 2.99 3
      vertex 20 0 0
      vertex 20 33 0
    endloop
  endfacet
  facet normal -0 0 1
    outer loop
      vertex -15.5278 15.85 3
      vertex -6 13 3
      vertex -6 26 3
    endloop
  endfacet
  facet normal 0 0 1
    outer loop
      vertex -17 30 3
      vertex -6 26 3
      vertex -5.86369 27.0353 3
    endloop
  endfacet
  facet normal 0 0 1
    outer loop
      vertex -17 30 3
      vertex -5.86369 27.0353 3
      vertex -5.4641 28 3
    endloop
  endfacet
  facet normal 0 0 1
    outer loop
      vertex -6 13 3
      vertex -15.3036 15.1112 3
      vertex -15.3 15 3
    endloop
  endfacet
  facet normal 0 0 1
    outer loop
      vertex -6 13 3
      vertex -15.3145 15.2219 3
      vertex -15.3036 15.1112 3
    endloop
  endfacet
  facet normal 0 0 1
    outer loop
      vertex -17 30 3
      vertex -5.4641 28 3
      vertex -4.82841 28.8284 3
    endloop
  endfacet
  facet normal 0 0 1
    outer loop
      vertex -6 13 3
      vertex -15.3327 15.3317 3
      vertex -15.3145 15.2219 3
    endloop
  endfacet
  facet normal 0 0 1
    outer loop
      vertex -6 13 3
      vertex -15.3579 15.44 3
      vertex -15.3327 15.3317 3
    endloop
  endfacet
  facet normal 0 0 1
    outer loop
      vertex -6 13 3
      vertex -15.3902 15.5464 3
      vertex -15.3579 15.44 3
    endloop
  endfacet
  facet normal 0 0 1
    outer loop
      vertex -6 13 3
      vertex -15.4294 15.6506 3
      vertex -15.3902 15.5464 3
    endloop
  endfacet
  facet normal 0 0 1
    outer loop
      vertex -6 13 3
      vertex -15.4753 15.7519 3
      vertex -15.4294 15.6506 3
    endloop
  endfacet
  facet normal 0 0 1
    outer loop
      vertex -6 13 3
      vertex -15.5278 15.85 3
      vertex -15.4753 15.7519 3
    endloop
  endfacet
  facet normal 0 0 1
    outer loop
      vertex -6 26 3
      vertex -15.5865 15.9445 3
      vertex -15.5278 15.85 3
    endloop
  endfacet
  facet normal 0 0 1
    outer loop
      vertex -6 26 3
      vertex -15.6513 16.0349 3
      vertex -15.5865 15.9445 3
    endloop
  endfacet
  facet normal 0 0 1
    outer loop
      vertex -6 26 3
      vertex -15.7219 16.1209 3
      vertex -15.6513 16.0349 3
    endloop
  endfacet
  facet normal 0 0 1
    outer loop
      vertex -6 26 3
      vertex -15.7979 16.2021 3
      vertex -15.7219 16.1209 3
    endloop
  endfacet
  facet normal 0 0 1
    outer loop
      vertex -6 26 3
      vertex -15.8791 16.2781 3
      vertex -15.7979 16.2021 3
    endloop
  endfacet
  facet normal 0 0 1
    outer loop
      vertex -6 26 3
      vertex -15.9651 16.3487 3
      vertex -15.8791 16.2781 3
    endloop
  endfacet
  facet normal 0 0 1
    outer loop
      vertex -6 26 3
      vertex -16.0555 16.4135 3
      vertex -15.9651 16.3487 3
    endloop
  endfacet
  facet normal 0 0 1
    outer loop
      vertex -6 26 3
      vertex -17 30 3
      vertex -16.2481 16.5247 3
    endloop
  endfacet
  facet normal 0 0 1
    outer loop
      vertex -6 26 3
      vertex -16.15 16.4722 3
      vertex -16.0555 16.4135 3
    endloop
  endfacet
  facet normal 0 0 1
    outer loop
      vertex -6 26 3
      vertex -16.2481 16.5247 3
      vertex -16.15 16.4722 3
    endloop
  endfacet
  facet normal 0 0 1
    outer loop
      vertex -16.2481 16.5247 3
      vertex -17 30 3
      vertex -16.3494 16.5706 3
    endloop
  endfacet
  facet normal 0 0 1
    outer loop
      vertex -16.3494 16.5706 3
      vertex -17 30 3
      vertex -16.4536 16.6098 3
    endloop
  endfacet
  facet normal 0 0 1
    outer loop
      vertex -16.4536 16.6098 3
      vertex -17 30 3
      vertex -16.56 16.6421 3
    endloop
  endfacet
  facet normal 0 0 1
    outer loop
      vertex -16.56 16.6421 3
      vertex -17 30 3
      vertex -16.6683 16.6673 3
    endloop
  endfacet
  facet normal 0 0 1
    outer loop
      vertex -16.6683 16.6673 3
      vertex -17 30 3
      vertex -16.7781 16.6855 3
    endloop
  endfacet
  facet normal -0 0 1
    outer loop
      vertex -17 30 3
      vertex -3.03526 29.8637 3
      vertex -2 30 3
    endloop
  endfacet
  facet normal 0 0 1
    outer loop
      vertex -17 30 3
      vertex -4 29.4641 3
      vertex -3.03526 29.8637 3
    endloop
  endfacet
  facet normal 0 0 1
    outer loop
      vertex -17 30 3
      vertex -4.82841 28.8284 3
      vertex -4 29.4641 3
    endloop
  endfacet
  facet normal 0 0 1
    outer loop
      vertex -16.7781 16.6855 3
      vertex -17 30 3
      vertex -16.8888 16.6964 3
    endloop
  endfacet
  facet normal 0 0 1
    outer loop
      vertex -16.8888 16.6964 3
      vertex -17 30 3
      vertex -17 16.7 3
    endloop
  endfacet
  facet normal 0 0 1
    outer loop
      vertex 17 30 3
      vertex 16.8888 16.6964 3
      vertex 17 16.7 3
    endloop
  endfacet
  facet normal 0 0 1
    outer loop
      vertex 17 30 3
      vertex 16.7781 16.6855 3
      vertex 16.8888 16.6964 3
    endloop
  endfacet
  facet normal 0 0 1
    outer loop
      vertex 17 30 3
      vertex 16.6683 16.6673 3
      vertex 16.7781 16.6855 3
    endloop
  endfacet
  facet normal 0 0 1
    outer loop
      vertex 17 30 3
      vertex 16.56 16.6421 3
      vertex 16.6683 16.6673 3
    endloop
  endfacet
  facet normal 0 0 1
    outer loop
      vertex 17 30 3
      vertex 16.4536 16.6098 3
      vertex 16.56 16.6421 3
    endloop
  endfacet
  facet normal 0 0 1
    outer loop
      vertex 17 30 3
      vertex 16.3494 16.5706 3
      vertex 16.4536 16.6098 3
    endloop
  endfacet
  facet normal 0 0 1
    outer loop
      vertex 17 30 3
      vertex 16.2481 16.5247 3
      vertex 16.3494 16.5706 3
    endloop
  endfacet
  facet normal -0 0 1
    outer loop
      vertex 6 26 3
      vertex 16.2481 16.5247 3
      vertex 17 30 3
    endloop
  endfacet
  facet normal 0 0 1
    outer loop
      vertex 16.2481 16.5247 3
      vertex 6 26 3
      vertex 16.15 16.4722 3
    endloop
  endfacet
  facet normal 0 0 1
    outer loop
      vertex 16.15 16.4722 3
      vertex 6 26 3
      vertex 16.0555 16.4135 3
    endloop
  endfacet
  facet normal 0 0 1
    outer loop
      vertex 16.0555 16.4135 3
      vertex 6 26 3
      vertex 15.9651 16.3487 3
    endloop
  endfacet
  facet normal 0 0 1
    outer loop
      vertex 15.9651 16.3487 3
      vertex 6 26 3
      vertex 15.8791 16.2781 3
    endloop
  endfacet
  facet normal 0 0 1
    outer loop
      vertex 15.8791 16.2781 3
      vertex 6 26 3
      vertex 15.7979 16.2021 3
    endloop
  endfacet
  facet normal 0 0 1
    outer loop
      vertex 15.7979 16.2021 3
      vertex 6 26 3
      vertex 15.7219 16.1209 3
    endloop
  endfacet
  facet normal 0 0 1
    outer loop
      vertex 15.7219 16.1209 3
      vertex 6 26 3
      vertex 15.6513 16.0349 3
    endloop
  endfacet
  facet normal 0 0 1
    outer loop
      vertex 15.6513 16.0349 3
      vertex 6 26 3
      vertex 15.5865 15.9445 3
    endloop
  endfacet
  facet normal 0 0 1
    outer loop
      vertex 15.5865 15.9445 3
      vertex 6 26 3
      vertex 15.5278 15.85 3
    endloop
  endfacet
  facet normal 0 0 1
    outer loop
      vertex 6 13 3
      vertex 15.5278 15.85 3
      vertex 6 26 3
    endloop
  endfacet
  facet normal 0 0 1
    outer loop
      vertex 15.5278 15.85 3
      vertex 6 13 3
      vertex 15.4753 15.7519 3
    endloop
  endfacet
  facet normal 0 0 1
    outer loop
      vertex 15.4753 15.7519 3
      vertex 6 13 3
      vertex 15.4294 15.6506 3
    endloop
  endfacet
  facet normal 0 0 1
    outer loop
      vertex 15.4294 15.6506 3
      vertex 6 13 3
      vertex 15.3902 15.5464 3
    endloop
  endfacet
  facet normal 0 0 1
    outer loop
      vertex 15.3902 15.5464 3
      vertex 6 13 3
      vertex 15.3579 15.44 3
    endloop
  endfacet
  facet normal 0 0 1
    outer loop
      vertex 15.3145 15.2219 3
      vertex 6 13 3
      vertex 15.3036 15.1112 3
    endloop
  endfacet
  facet normal 0 0 1
    outer loop
      vertex 15.3327 15.3317 3
      vertex 6 13 3
      vertex 15.3145 15.2219 3
    endloop
  endfacet
  facet normal 0 0 1
    outer loop
      vertex 15.3579 15.44 3
      vertex 6 13 3
      vertex 15.3327 15.3317 3
    endloop
  endfacet
  facet normal 0 0 1
    outer loop
      vertex 17 30 3
      vertex 5.86369 27.0353 3
      vertex 6 26 3
    endloop
  endfacet
  facet normal 0 0 1
    outer loop
      vertex 17 30 3
      vertex 5.4641 28 3
      vertex 5.86369 27.0353 3
    endloop
  endfacet
  facet normal 0 0 1
    outer loop
      vertex 17 30 3
      vertex 4.82841 28.8284 3
      vertex 5.4641 28 3
    endloop
  endfacet
  facet normal 0 0 1
    outer loop
      vertex 17 30 3
      vertex 4 29.4641 3
      vertex 4.82841 28.8284 3
    endloop
  endfacet
  facet normal 0 0 1
    outer loop
      vertex 17 30 3
      vertex 3.03526 29.8637 3
      vertex 4 29.4641 3
    endloop
  endfacet
  facet normal 0 -0 1
    outer loop
      vertex 3.03526 29.8637 3
      vertex 17 30 3
      vertex 2 30 3
    endloop
  endfacet
  facet normal 0 0 1
    outer loop
      vertex 17 13.3 3
      vertex 16.8888 13.3036 3
      vertex 17 2.99 3
    endloop
  endfacet
  facet normal -0 0 1
    outer loop
      vertex 17 2.99 3
      vertex 20 0 3
      vertex 20 2.99 3
    endloop
  endfacet
  facet normal 0 0 1
    outer loop
      vertex 16.7781 13.3145 3
      vertex 17 2.99 3
      vertex 16.8888 13.3036 3
    endloop
  endfacet
  facet normal 0 0 1
    outer loop
      vertex 16.6683 13.3327 3
      vertex 17 2.99 3
      vertex 16.7781 13.3145 3
    endloop
  endfacet
  facet normal 0 0 1
    outer loop
      vertex 16.56 13.3579 3
      vertex 17 2.99 3
      vertex 16.6683 13.3327 3
    endloop
  endfacet
  facet normal 0 0 1
    outer loop
      vertex 16.4536 13.3902 3
      vertex 17 2.99 3
      vertex 16.56 13.3579 3
    endloop
  endfacet
  facet normal 0 0 1
    outer loop
      vertex 16.3494 13.4294 3
      vertex 17 2.99 3
      vertex 16.4536 13.3902 3
    endloop
  endfacet
  facet normal 0 0 1
    outer loop
      vertex 16.2481 13.4753 3
      vertex 17 2.99 3
      vertex 16.3494 13.4294 3
    endloop
  endfacet
  facet normal 0 0 1
    outer loop
      vertex 16.15 13.5278 3
      vertex 17 2.99 3
      vertex 16.2481 13.4753 3
    endloop
  endfacet
  facet normal 0 0 1
    outer loop
      vertex 16.0555 13.5865 3
      vertex 17 2.99 3
      vertex 16.15 13.5278 3
    endloop
  endfacet
  facet normal 0 0 1
    outer loop
      vertex 15.9651 13.6513 3
      vertex 17 2.99 3
      vertex 16.0555 13.5865 3
    endloop
  endfacet
  facet normal 0 0 1
    outer loop
      vertex 5.4641 11 3
      vertex 15.9651 13.6513 3
      vertex 15.8791 13.7219 3
    endloop
  endfacet
  facet normal 0 0 1
    outer loop
      vertex 5.86369 11.9647 3
      vertex 15.8791 13.7219 3
      vertex 15.7979 13.7979 3
    endloop
  endfacet
  facet normal 0 0 1
    outer loop
      vertex 5.86369 11.9647 3
      vertex 15.7979 13.7979 3
      vertex 15.7219 13.8791 3
    endloop
  endfacet
  facet normal 0 0 1
    outer loop
      vertex 5.86369 11.9647 3
      vertex 15.7219 13.8791 3
      vertex 15.6513 13.9651 3
    endloop
  endfacet
  facet normal 0 0 1
    outer loop
      vertex 5.86369 11.9647 3
      vertex 15.6513 13.9651 3
      vertex 15.5865 14.0555 3
    endloop
  endfacet
  facet normal 0 0 1
    outer loop
      vertex 5.86369 11.9647 3
      vertex 15.5865 14.0555 3
      vertex 15.5278 14.15 3
    endloop
  endfacet
  facet normal 0 0 1
    outer loop
      vertex 5.86369 11.9647 3
      vertex 15.5278 14.15 3
      vertex 15.4753 14.2481 3
    endloop
  endfacet
  facet normal 0 0 1
    outer loop
      vertex 6 13 3
      vertex 15.4753 14.2481 3
      vertex 15.4294 14.3494 3
    endloop
  endfacet
  facet normal 0 0 1
    outer loop
      vertex 6 13 3
      vertex 15.4294 14.3494 3
      vertex 15.3902 14.4536 3
    endloop
  endfacet
  facet normal 0 0 1
    outer loop
      vertex 6 13 3
      vertex 15.3902 14.4536 3
      vertex 15.3579 14.56 3
    endloop
  endfacet
  facet normal 0 0 1
    outer loop
      vertex 6 13 3
      vertex 15.3579 14.56 3
      vertex 15.3327 14.6683 3
    endloop
  endfacet
  facet normal 0 0 1
    outer loop
      vertex 6 13 3
      vertex 15.3327 14.6683 3
      vertex 15.3145 14.7781 3
    endloop
  endfacet
  facet normal 0 0 1
    outer loop
      vertex 15.3036 15.1112 3
      vertex 6 13 3
      vertex 15.3 15 3
    endloop
  endfacet
  facet normal 0 0 1
    outer loop
      vertex 15.3 15 3
      vertex 6 13 3
      vertex 15.3036 14.8888 3
    endloop
  endfacet
  facet normal 0 0 1
    outer loop
      vertex 15.3036 14.8888 3
      vertex 6 13 3
      vertex 15.3145 14.7781 3
    endloop
  endfacet
  facet normal 0 0 1
    outer loop
      vertex 15.4753 14.2481 3
      vertex 6 13 3
      vertex 5.86369 11.9647 3
    endloop
  endfacet
  facet normal 0 0 1
    outer loop
      vertex 15.8791 13.7219 3
      vertex 5.86369 11.9647 3
      vertex 5.4641 11 3
    endloop
  endfacet
  facet normal 0 0 1
    outer loop
      vertex 15.9651 13.6513 3
      vertex 5.4641 11 3
      vertex 17 2.99 3
    endloop
  endfacet
  facet normal -0 0 1
    outer loop
      vertex 4.82841 10.1716 3
      vertex 17 2.99 3
      vertex 5.4641 11 3
    endloop
  endfacet
  facet normal -0 0 1
    outer loop
      vertex 4 9.5359 3
      vertex 17 2.99 3
      vertex 4.82841 10.1716 3
    endloop
  endfacet
  facet normal -0 0 1
    outer loop
      vertex 3.03526 9.13631 3
      vertex 17 2.99 3
      vertex 4 9.5359 3
    endloop
  endfacet
  facet normal -0 0 1
    outer loop
      vertex 2 9 3
      vertex 17 2.99 3
      vertex 3.03526 9.13631 3
    endloop
  endfacet
  facet normal 0 0 1
    outer loop
      vertex 17 2.99 3
      vertex 2 9 3
      vertex 20 0 3
    endloop
  endfacet
  facet normal -0 0 1
    outer loop
      vertex -2 9 3
      vertex 20 0 3
      vertex 2 9 3
    endloop
  endfacet
  facet normal 0 0 1
    outer loop
      vertex -17 2.99 3
      vertex -2 9 3
      vertex -3.03526 9.13631 3
    endloop
  endfacet
  facet normal -0 0 1
    outer loop
      vertex -15.3036 14.8888 3
      vertex -6 13 3
      vertex -15.3 15 3
    endloop
  endfacet
  facet normal -0 0 1
    outer loop
      vertex -15.3145 14.7781 3
      vertex -6 13 3
      vertex -15.3036 14.8888 3
    endloop
  endfacet
  facet normal -0 0 1
    outer loop
      vertex -15.3327 14.6683 3
      vertex -6 13 3
      vertex -15.3145 14.7781 3
    endloop
  endfacet
  facet normal -0 0 1
    outer loop
      vertex -15.3579 14.56 3
      vertex -6 13 3
      vertex -15.3327 14.6683 3
    endloop
  endfacet
  facet normal -0 0 1
    outer loop
      vertex -15.3902 14.4536 3
      vertex -6 13 3
      vertex -15.3579 14.56 3
    endloop
  endfacet
  facet normal -0 0 1
    outer loop
      vertex -15.4294 14.3494 3
      vertex -6 13 3
      vertex -15.3902 14.4536 3
    endloop
  endfacet
  facet normal -0 0 1
    outer loop
      vertex -15.4753 14.2481 3
      vertex -6 13 3
      vertex -15.4294 14.3494 3
    endloop
  endfacet
  facet normal 0 0 1
    outer loop
      vertex -6 13 3
      vertex -15.4753 14.2481 3
      vertex -5.86369 11.9647 3
    endloop
  endfacet
  facet normal -0 0 1
    outer loop
      vertex -15.5278 14.15 3
      vertex -5.86369 11.9647 3
      vertex -15.4753 14.2481 3
    endloop
  endfacet
  facet normal -0 0 1
    outer loop
      vertex -15.5865 14.0555 3
      vertex -5.86369 11.9647 3
      vertex -15.5278 14.15 3
    endloop
  endfacet
  facet normal -0 0 1
    outer loop
      vertex -15.6513 13.9651 3
      vertex -5.86369 11.9647 3
      vertex -15.5865 14.0555 3
    endloop
  endfacet
  facet normal -0 0 1
    outer loop
      vertex -15.7219 13.8791 3
      vertex -5.86369 11.9647 3
      vertex -15.6513 13.9651 3
    endloop
  endfacet
  facet normal -0 0 1
    outer loop
      vertex -15.7979 13.7979 3
      vertex -5.86369 11.9647 3
      vertex -15.7219 13.8791 3
    endloop
  endfacet
  facet normal -0 0 1
    outer loop
      vertex -15.8791 13.7219 3
      vertex -5.86369 11.9647 3
      vertex -15.7979 13.7979 3
    endloop
  endfacet
  facet normal 0 0 1
    outer loop
      vertex -5.86369 11.9647 3
      vertex -15.8791 13.7219 3
      vertex -5.4641 11 3
    endloop
  endfacet
  facet normal -0 0 1
    outer loop
      vertex -15.9651 13.6513 3
      vertex -5.4641 11 3
      vertex -15.8791 13.7219 3
    endloop
  endfacet
  facet normal 0 0 1
    outer loop
      vertex -17 2.99 3
      vertex -5.4641 11 3
      vertex -15.9651 13.6513 3
    endloop
  endfacet
  facet normal 0 0 1
    outer loop
      vertex -5.4641 11 3
      vertex -17 2.99 3
      vertex -4.82841 10.1716 3
    endloop
  endfacet
  facet normal 0 0 1
    outer loop
      vertex -4 9.5359 3
      vertex -17 2.99 3
      vertex -3.03526 9.13631 3
    endloop
  endfacet
  facet normal 0 0 1
    outer loop
      vertex -4.82841 10.1716 3
      vertex -17 2.99 3
      vertex -4 9.5359 3
    endloop
  endfacet
  facet normal 0 0 1
    outer loop
      vertex -17 2.99 3
      vertex -15.9651 13.6513 3
      vertex -16.0555 13.5865 3
    endloop
  endfacet
  facet normal 0 0 1
    outer loop
      vertex -17 2.99 3
      vertex -16.0555 13.5865 3
      vertex -16.15 13.5278 3
    endloop
  endfacet
  facet normal 0 0 1
    outer loop
      vertex -17 2.99 3
      vertex -16.15 13.5278 3
      vertex -16.2481 13.4753 3
    endloop
  endfacet
  facet normal 0 0 1
    outer loop
      vertex -17 2.99 3
      vertex -16.2481 13.4753 3
      vertex -16.3494 13.4294 3
    endloop
  endfacet
  facet normal 0 0 1
    outer loop
      vertex -17 2.99 3
      vertex -16.3494 13.4294 3
      vertex -16.4536 13.3902 3
    endloop
  endfacet
  facet normal 0 0 1
    outer loop
      vertex -17 2.99 3
      vertex -16.4536 13.3902 3
      vertex -16.56 13.3579 3
    endloop
  endfacet
  facet normal 0 0 1
    outer loop
      vertex -17 2.99 3
      vertex -16.56 13.3579 3
      vertex -16.6683 13.3327 3
    endloop
  endfacet
  facet normal 0 0 1
    outer loop
      vertex -17 2.99 3
      vertex -16.6683 13.3327 3
      vertex -16.7781 13.3145 3
    endloop
  endfacet
  facet normal 0 0 1
    outer loop
      vertex -17 2.99 3
      vertex -16.7781 13.3145 3
      vertex -16.8888 13.3036 3
    endloop
  endfacet
  facet normal 0 0 1
    outer loop
      vertex -17 2.99 3
      vertex -16.8888 13.3036 3
      vertex -17 13.3 3
    endloop
  endfacet
  facet normal 0 0 1
    outer loop
      vertex -20 0 3
      vertex -2 9 3
      vertex -17 2.99 3
    endloop
  endfacet
  facet normal 0 0 1
    outer loop
      vertex -20 0 3
      vertex -17 2.99 3
      vertex -20 2.99 3
    endloop
  endfacet
  facet normal 0 0 1
    outer loop
      vertex -2 9 3
      vertex -20 0 3
      vertex 20 0 3
    endloop
  endfacet
  facet normal 0 1 0
    outer loop
      vertex -10.366 33 20.5
      vertex -16.8888 33 16.6964
      vertex -17 33 16.7
    endloop
  endfacet
  facet normal 0 1 0
    outer loop
      vertex -10.4659 33 20.2588
      vertex -16.7781 33 16.6855
      vertex -16.8888 33 16.6964
    endloop
  endfacet
  facet normal 0 1 0
    outer loop
      vertex -10.4659 33 20.2588
      vertex -16.6683 33 16.6673
      vertex -16.7781 33 16.6855
    endloop
  endfacet
  facet normal 0 1 0
    outer loop
      vertex -10.4659 33 20.2588
      vertex -16.56 33 16.6421
      vertex -16.6683 33 16.6673
    endloop
  endfacet
  facet normal 0 1 0
    outer loop
      vertex -10.4659 33 20.2588
      vertex -16.4536 33 16.6098
      vertex -16.56 33 16.6421
    endloop
  endfacet
  facet normal 0 1 0
    outer loop
      vertex -10.5 33 20
      vertex -16.3494 33 16.5706
      vertex -16.4536 33 16.6098
    endloop
  endfacet
  facet normal 0 1 0
    outer loop
      vertex -10.5 33 20
      vertex -16.2481 33 16.5247
      vertex -16.3494 33 16.5706
    endloop
  endfacet
  facet normal 0 1 0
    outer loop
      vertex -10.5 33 20
      vertex -16.15 33 16.4722
      vertex -16.2481 33 16.5247
    endloop
  endfacet
  facet normal 0 1 0
    outer loop
      vertex -10.5 33 20
      vertex -16.0555 33 16.4135
      vertex -16.15 33 16.4722
    endloop
  endfacet
  facet normal 0 1 0
    outer loop
      vertex -10.5 33 20
      vertex -15.9651 33 16.3487
      vertex -16.0555 33 16.4135
    endloop
  endfacet
  facet normal 0 1 0
    outer loop
      vertex -10.5 33 20
      vertex -15.8791 33 16.2781
      vertex -15.9651 33 16.3487
    endloop
  endfacet
  facet normal 0 1 0
    outer loop
      vertex -10.5 33 20
      vertex -15.7979 33 16.2021
      vertex -15.8791 33 16.2781
    endloop
  endfacet
  facet normal 0 1 0
    outer loop
      vertex -10.5 33 20
      vertex -15.7219 33 16.1209
      vertex -15.7979 33 16.2021
    endloop
  endfacet
  facet normal 0 1 0
    outer loop
      vertex -10.5 33 20
      vertex -15.6513 33 16.0349
      vertex -15.7219 33 16.1209
    endloop
  endfacet
  facet normal 0 1 0
    outer loop
      vertex -10.5 33 20
      vertex -15.5865 33 15.9445
      vertex -15.6513 33 16.0349
    endloop
  endfacet
  facet normal 0 1 0
    outer loop
      vertex -10.5 33 20
      vertex -15.5278 33 15.85
      vertex -15.5865 33 15.9445
    endloop
  endfacet
  facet normal 0 1 0
    outer loop
      vertex -10.5 33 20
      vertex -15.4753 33 15.7519
      vertex -15.5278 33 15.85
    endloop
  endfacet
  facet normal 0 1 0
    outer loop
      vertex -10.5 33 20
      vertex -15.4294 33 15.6506
      vertex -15.4753 33 15.7519
    endloop
  endfacet
  facet normal 0 1 0
    outer loop
      vertex -10.5 33 20
      vertex -15.3902 33 15.5464
      vertex -15.4294 33 15.6506
    endloop
  endfacet
  facet normal 0 1 0
    outer loop
      vertex -10.5 33 20
      vertex -15.3579 33 15.44
      vertex -15.3902 33 15.5464
    endloop
  endfacet
  facet normal 0 1 0
    outer loop
      vertex -10.5 33 20
      vertex -15.3327 33 15.3317
      vertex -15.3579 33 15.44
    endloop
  endfacet
  facet normal 0 1 0
    outer loop
      vertex -10.5 33 20
      vertex -15.3145 33 15.2219
      vertex -15.3327 33 15.3317
    endloop
  endfacet
  facet normal 0 1 0
    outer loop
      vertex -10.5 33 20
      vertex -15.3036 33 15.1112
      vertex -15.3145 33 15.2219
    endloop
  endfacet
  facet normal 0 1 0
    outer loop
      vertex -10.5 33 20
      vertex -15.3 33 15
      vertex -15.3036 33 15.1112
    endloop
  endfacet
  facet normal 0 1 -0
    outer loop
      vertex -10.5 33 10
      vertex -15.3 33 15
      vertex -10.5 33 20
    endloop
  endfacet
  facet normal 0 1 0
    outer loop
      vertex -15.3 33 15
      vertex -10.5 33 10
      vertex -15.3036 33 14.8888
    endloop
  endfacet
  facet normal 0 1 0
    outer loop
      vertex -15.3036 33 14.8888
      vertex -10.5 33 10
      vertex -15.3145 33 14.7781
    endloop
  endfacet
  facet normal 0 1 0
    outer loop
      vertex -15.3145 33 14.7781
      vertex -10.5 33 10
      vertex -15.3327 33 14.6683
    endloop
  endfacet
  facet normal 0 1 0
    outer loop
      vertex -15.3327 33 14.6683
      vertex -10.5 33 10
      vertex -15.3579 33 14.56
    endloop
  endfacet
  facet normal 0 1 0
    outer loop
      vertex -15.3579 33 14.56
      vertex -10.5 33 10
      vertex -15.3902 33 14.4536
    endloop
  endfacet
  facet normal 0 1 0
    outer loop
      vertex -15.3902 33 14.4536
      vertex -10.5 33 10
      vertex -15.4294 33 14.3494
    endloop
  endfacet
  facet normal 0 1 0
    outer loop
      vertex -15.4294 33 14.3494
      vertex -10.5 33 10
      vertex -15.4753 33 14.2481
    endloop
  endfacet
  facet normal 0 1 0
    outer loop
      vertex -15.4753 33 14.2481
      vertex -10.5 33 10
      vertex -15.5278 33 14.15
    endloop
  endfacet
  facet normal 0 1 0
    outer loop
      vertex -15.5278 33 14.15
      vertex -10.5 33 10
      vertex -15.5865 33 14.0555
    endloop
  endfacet
  facet normal 0 1 0
    outer loop
      vertex -15.5865 33 14.0555
      vertex -10.5 33 10
      vertex -15.6513 33 13.9651
    endloop
  endfacet
  facet normal 0 1 0
    outer loop
      vertex -10.366 33 9.5
      vertex -16.7781 33 13.3145
      vertex -10.4659 33 9.7412
    endloop
  endfacet
  facet normal 0 1 0
    outer loop
      vertex -16.6683 33 13.3327
      vertex -10.4659 33 9.7412
      vertex -16.7781 33 13.3145
    endloop
  endfacet
  facet normal 0 1 0
    outer loop
      vertex -16.56 33 13.3579
      vertex -10.4659 33 9.7412
      vertex -16.6683 33 13.3327
    endloop
  endfacet
  facet normal 0 1 0
    outer loop
      vertex -16.4536 33 13.3902
      vertex -10.4659 33 9.7412
      vertex -16.56 33 13.3579
    endloop
  endfacet
  facet normal 0 1 0
    outer loop
      vertex -10.4659 33 9.7412
      vertex -16.4536 33 13.3902
      vertex -10.5 33 10
    endloop
  endfacet
  facet normal 0 1 0
    outer loop
      vertex -16.3494 33 13.4294
      vertex -10.5 33 10
      vertex -16.4536 33 13.3902
    endloop
  endfacet
  facet normal 0 1 0
    outer loop
      vertex -16.2481 33 13.4753
      vertex -10.5 33 10
      vertex -16.3494 33 13.4294
    endloop
  endfacet
  facet normal 0 1 0
    outer loop
      vertex -16.15 33 13.5278
      vertex -10.5 33 10
      vertex -16.2481 33 13.4753
    endloop
  endfacet
  facet normal 0 1 0
    outer loop
      vertex -16.0555 33 13.5865
      vertex -10.5 33 10
      vertex -16.15 33 13.5278
    endloop
  endfacet
  facet normal 0 1 0
    outer loop
      vertex -15.9651 33 13.6513
      vertex -10.5 33 10
      vertex -16.0555 33 13.5865
    endloop
  endfacet
  facet normal 0 1 0
    outer loop
      vertex -15.8791 33 13.7219
      vertex -10.5 33 10
      vertex -15.9651 33 13.6513
    endloop
  endfacet
  facet normal 0 1 0
    outer loop
      vertex -15.7979 33 13.7979
      vertex -10.5 33 10
      vertex -15.8791 33 13.7219
    endloop
  endfacet
  facet normal 0 1 0
    outer loop
      vertex -15.7219 33 13.8791
      vertex -10.5 33 10
      vertex -15.7979 33 13.7979
    endloop
  endfacet
  facet normal 0 1 0
    outer loop
      vertex -15.6513 33 13.9651
      vertex -10.5 33 10
      vertex -15.7219 33 13.8791
    endloop
  endfacet
  facet normal 0 1 0
    outer loop
      vertex 20 33 30
      vertex 9.5 33 21
      vertex -20 33 30
    endloop
  endfacet
  facet normal 0 1 0
    outer loop
      vertex 20 33 30
      vertex 9.7588 33 20.9659
      vertex 9.5 33 21
    endloop
  endfacet
  facet normal 0 1 0
    outer loop
      vertex 20 33 30
      vertex 10 33 20.866
      vertex 9.7588 33 20.9659
    endloop
  endfacet
  facet normal 0 1 0
    outer loop
      vertex 20 33 30
      vertex 10.2071 33 20.7071
      vertex 10 33 20.866
    endloop
  endfacet
  facet normal 0 1 0
    outer loop
      vertex 20 33 30
      vertex 10.366 33 20.5
      vertex 10.2071 33 20.7071
    endloop
  endfacet
  facet normal 0 1 -0
    outer loop
      vertex 16.8888 33 16.6964
      vertex 10.366 33 20.5
      vertex 20 33 30
    endloop
  endfacet
  facet normal 0 1 -0
    outer loop
      vertex 16.7781 33 16.6855
      vertex 10.366 33 20.5
      vertex 16.8888 33 16.6964
    endloop
  endfacet
  facet normal 0 1 0
    outer loop
      vertex 16.8888 33 16.6964
      vertex 20 33 30
      vertex 17 33 16.7
    endloop
  endfacet
  facet normal 0 1 0
    outer loop
      vertex 20 33 30
      vertex 17.1112 33 16.6964
      vertex 17 33 16.7
    endloop
  endfacet
  facet normal 0 1 0
    outer loop
      vertex 20 33 30
      vertex 17.2219 33 16.6855
      vertex 17.1112 33 16.6964
    endloop
  endfacet
  facet normal 0 1 0
    outer loop
      vertex 20 33 30
      vertex 17.3317 33 16.6673
      vertex 17.2219 33 16.6855
    endloop
  endfacet
  facet normal 0 1 0
    outer loop
      vertex 20 33 30
      vertex 17.44 33 16.6421
      vertex 17.3317 33 16.6673
    endloop
  endfacet
  facet normal 0 1 0
    outer loop
      vertex 20 33 30
      vertex 17.5464 33 16.6098
      vertex 17.44 33 16.6421
    endloop
  endfacet
  facet normal 0 1 0
    outer loop
      vertex 20 33 30
      vertex 17.6506 33 16.5706
      vertex 17.5464 33 16.6098
    endloop
  endfacet
  facet normal 0 1 0
    outer loop
      vertex 20 33 30
      vertex 17.7519 33 16.5247
      vertex 17.6506 33 16.5706
    endloop
  endfacet
  facet normal 0 1 0
    outer loop
      vertex 20 33 30
      vertex 17.85 33 16.4722
      vertex 17.7519 33 16.5247
    endloop
  endfacet
  facet normal 0 1 0
    outer loop
      vertex 20 33 30
      vertex 17.9445 33 16.4135
      vertex 17.85 33 16.4722
    endloop
  endfacet
  facet normal 0 1 0
    outer loop
      vertex 20 33 30
      vertex 18.0349 33 16.3487
      vertex 17.9445 33 16.4135
    endloop
  endfacet
  facet normal 0 1 0
    outer loop
      vertex 20 33 30
      vertex 18.1209 33 16.2781
      vertex 18.0349 33 16.3487
    endloop
  endfacet
  facet normal 0 1 0
    outer loop
      vertex 20 33 30
      vertex 18.2021 33 16.2021
      vertex 18.1209 33 16.2781
    endloop
  endfacet
  facet normal 0 1 0
    outer loop
      vertex 20 33 30
      vertex 18.2781 33 16.1209
      vertex 18.2021 33 16.2021
    endloop
  endfacet
  facet normal 0 1 0
    outer loop
      vertex 20 33 30
      vertex 18.3487 33 16.0349
      vertex 18.2781 33 16.1209
    endloop
  endfacet
  facet normal 0 1 0
    outer loop
      vertex 20 33 30
      vertex 18.4135 33 15.9445
      vertex 18.3487 33 16.0349
    endloop
  endfacet
  facet normal 0 1 0
    outer loop
      vertex 20 33 30
      vertex 18.4722 33 15.85
      vertex 18.4135 33 15.9445
    endloop
  endfacet
  facet normal 0 1 0
    outer loop
      vertex 20 33 30
      vertex 18.5247 33 15.7519
      vertex 18.4722 33 15.85
    endloop
  endfacet
  facet normal 0 1 0
    outer loop
      vertex 20 33 30
      vertex 18.5706 33 15.6506
      vertex 18.5247 33 15.7519
    endloop
  endfacet
  facet normal 0 1 0
    outer loop
      vertex 20 33 30
      vertex 18.6098 33 15.5464
      vertex 18.5706 33 15.6506
    endloop
  endfacet
  facet normal 0 1 0
    outer loop
      vertex 20 33 30
      vertex 18.6421 33 15.44
      vertex 18.6098 33 15.5464
    endloop
  endfacet
  facet normal 0 1 0
    outer loop
      vertex 20 33 30
      vertex 18.6673 33 15.3317
      vertex 18.6421 33 15.44
    endloop
  endfacet
  facet normal 0 1 0
    outer loop
      vertex 20 33 30
      vertex 18.6855 33 15.2219
      vertex 18.6673 33 15.3317
    endloop
  endfacet
  facet normal 0 1 0
    outer loop
      vertex 20 33 30
      vertex 18.6964 33 15.1112
      vertex 18.6855 33 15.2219
    endloop
  endfacet
  facet normal 0 1 0
    outer loop
      vertex 20 33 30
      vertex 18.7 33 15
      vertex 18.6964 33 15.1112
    endloop
  endfacet
  facet normal 0 1 -0
    outer loop
      vertex 20 33 0
      vertex 18.7 33 15
      vertex 20 33 30
    endloop
  endfacet
  facet normal 0 1 0
    outer loop
      vertex 20 33 0
      vertex 17 33 13.3
      vertex 17.1112 33 13.3036
    endloop
  endfacet
  facet normal 0 1 0
    outer loop
      vertex 20 33 0
      vertex 17.1112 33 13.3036
      vertex 17.2219 33 13.3145
    endloop
  endfacet
  facet normal 0 1 0
    outer loop
      vertex 20 33 0
      vertex 17.2219 33 13.3145
      vertex 17.3317 33 13.3327
    endloop
  endfacet
  facet normal 0 1 0
    outer loop
      vertex 20 33 0
      vertex 17.3317 33 13.3327
      vertex 17.44 33 13.3579
    endloop
  endfacet
  facet normal 0 1 0
    outer loop
      vertex 20 33 0
      vertex 17.44 33 13.3579
      vertex 17.5464 33 13.3902
    endloop
  endfacet
  facet normal 0 1 0
    outer loop
      vertex 20 33 0
      vertex 17.5464 33 13.3902
      vertex 17.6506 33 13.4294
    endloop
  endfacet
  facet normal 0 1 0
    outer loop
      vertex 20 33 0
      vertex 17.6506 33 13.4294
      vertex 17.7519 33 13.4753
    endloop
  endfacet
  facet normal 0 1 0
    outer loop
      vertex 17 33 13.3
      vertex 10.4659 33 9.7412
      vertex 10.5 33 10
    endloop
  endfacet
  facet normal 0 1 0
    outer loop
      vertex 17 33 13.3
      vertex 10.366 33 9.5
      vertex 10.4659 33 9.7412
    endloop
  endfacet
  facet normal 0 1 0
    outer loop
      vertex 20 33 0
      vertex 17.7519 33 13.4753
      vertex 17.85 33 13.5278
    endloop
  endfacet
  facet normal 0 1 0
    outer loop
      vertex 17 33 13.3
      vertex 20 33 0
      vertex 10.366 33 9.5
    endloop
  endfacet
  facet normal 0 1 0
    outer loop
      vertex 10.366 33 9.5
      vertex 20 33 0
      vertex 10.2071 33 9.29291
    endloop
  endfacet
  facet normal 0 1 0
    outer loop
      vertex 9.5 33 9
      vertex 20 33 0
      vertex -9.5 33 9
    endloop
  endfacet
  facet normal 0 1 0
    outer loop
      vertex 9.7588 33 9.03409
      vertex 20 33 0
      vertex 9.5 33 9
    endloop
  endfacet
  facet normal 0 1 0
    outer loop
      vertex 10 33 9.13399
      vertex 20 33 0
      vertex 9.7588 33 9.03409
    endloop
  endfacet
  facet normal 0 1 0
    outer loop
      vertex 10.2071 33 9.29291
      vertex 20 33 0
      vertex 10 33 9.13399
    endloop
  endfacet
  facet normal 0 1 0
    outer loop
      vertex 17.9445 33 13.5865
      vertex 20 33 0
      vertex 17.85 33 13.5278
    endloop
  endfacet
  facet normal 0 1 0
    outer loop
      vertex 18.0349 33 13.6513
      vertex 20 33 0
      vertex 17.9445 33 13.5865
    endloop
  endfacet
  facet normal 0 1 0
    outer loop
      vertex 18.1209 33 13.7219
      vertex 20 33 0
      vertex 18.0349 33 13.6513
    endloop
  endfacet
  facet normal 0 1 0
    outer loop
      vertex 18.2021 33 13.7979
      vertex 20 33 0
      vertex 18.1209 33 13.7219
    endloop
  endfacet
  facet normal 0 1 0
    outer loop
      vertex 18.2781 33 13.8791
      vertex 20 33 0
      vertex 18.2021 33 13.7979
    endloop
  endfacet
  facet normal 0 1 0
    outer loop
      vertex 18.3487 33 13.9651
      vertex 20 33 0
      vertex 18.2781 33 13.8791
    endloop
  endfacet
  facet normal 0 1 0
    outer loop
      vertex 18.4135 33 14.0555
      vertex 20 33 0
      vertex 18.3487 33 13.9651
    endloop
  endfacet
  facet normal 0 1 0
    outer loop
      vertex 18.4722 33 14.15
      vertex 20 33 0
      vertex 18.4135 33 14.0555
    endloop
  endfacet
  facet normal 0 1 0
    outer loop
      vertex 18.5247 33 14.2481
      vertex 20 33 0
      vertex 18.4722 33 14.15
    endloop
  endfacet
  facet normal 0 1 0
    outer loop
      vertex 18.5706 33 14.3494
      vertex 20 33 0
      vertex 18.5247 33 14.2481
    endloop
  endfacet
  facet normal 0 1 0
    outer loop
      vertex 18.6098 33 14.4536
      vertex 20 33 0
      vertex 18.5706 33 14.3494
    endloop
  endfacet
  facet normal 0 1 0
    outer loop
      vertex 18.6421 33 14.56
      vertex 20 33 0
      vertex 18.6098 33 14.4536
    endloop
  endfacet
  facet normal 0 1 0
    outer loop
      vertex 18.6673 33 14.6683
      vertex 20 33 0
      vertex 18.6421 33 14.56
    endloop
  endfacet
  facet normal 0 1 0
    outer loop
      vertex 18.6855 33 14.7781
      vertex 20 33 0
      vertex 18.6673 33 14.6683
    endloop
  endfacet
  facet normal 0 1 0
    outer loop
      vertex 18.6964 33 14.8888
      vertex 20 33 0
      vertex 18.6855 33 14.7781
    endloop
  endfacet
  facet normal 0 1 0
    outer loop
      vertex 18.7 33 15
      vertex 20 33 0
      vertex 18.6964 33 14.8888
    endloop
  endfacet
  facet normal 0 1 -0
    outer loop
      vertex -9.5 33 21
      vertex -20 33 30
      vertex 9.5 33 21
    endloop
  endfacet
  facet normal 0 1 -0
    outer loop
      vertex -9.7588 33 20.9659
      vertex -20 33 30
      vertex -9.5 33 21
    endloop
  endfacet
  facet normal 0 1 -0
    outer loop
      vertex -10 33 20.866
      vertex -20 33 30
      vertex -9.7588 33 20.9659
    endloop
  endfacet
  facet normal 0 1 -0
    outer loop
      vertex -10.2071 33 20.7071
      vertex -20 33 30
      vertex -10 33 20.866
    endloop
  endfacet
  facet normal 0 1 -0
    outer loop
      vertex -10.366 33 20.5
      vertex -20 33 30
      vertex -10.2071 33 20.7071
    endloop
  endfacet
  facet normal 0 1 0
    outer loop
      vertex -16.8888 33 16.6964
      vertex -10.366 33 20.5
      vertex -10.4659 33 20.2588
    endloop
  endfacet
  facet normal 0 1 0
    outer loop
      vertex -16.4536 33 16.6098
      vertex -10.4659 33 20.2588
      vertex -10.5 33 20
    endloop
  endfacet
  facet normal 0 1 0
    outer loop
      vertex -10.366 33 20.5
      vertex -17 33 16.7
      vertex -20 33 30
    endloop
  endfacet
  facet normal 0 1 -0
    outer loop
      vertex -17.1112 33 16.6964
      vertex -20 33 30
      vertex -17 33 16.7
    endloop
  endfacet
  facet normal 0 1 -0
    outer loop
      vertex -17.2219 33 16.6855
      vertex -20 33 30
      vertex -17.1112 33 16.6964
    endloop
  endfacet
  facet normal 0 1 -0
    outer loop
      vertex -17.3317 33 16.6673
      vertex -20 33 30
      vertex -17.2219 33 16.6855
    endloop
  endfacet
  facet normal 0 1 -0
    outer loop
      vertex -17.44 33 16.6421
      vertex -20 33 30
      vertex -17.3317 33 16.6673
    endloop
  endfacet
  facet normal 0 1 -0
    outer loop
      vertex -17.5464 33 16.6098
      vertex -20 33 30
      vertex -17.44 33 16.6421
    endloop
  endfacet
  facet normal 0 1 -0
    outer loop
      vertex -17.6506 33 16.5706
      vertex -20 33 30
      vertex -17.5464 33 16.6098
    endloop
  endfacet
  facet normal 0 1 -0
    outer loop
      vertex -17.7519 33 16.5247
      vertex -20 33 30
      vertex -17.6506 33 16.5706
    endloop
  endfacet
  facet normal 0 1 -0
    outer loop
      vertex -17.85 33 16.4722
      vertex -20 33 30
      vertex -17.7519 33 16.5247
    endloop
  endfacet
  facet normal 0 1 -0
    outer loop
      vertex -17.9445 33 16.4135
      vertex -20 33 30
      vertex -17.85 33 16.4722
    endloop
  endfacet
  facet normal 0 1 -0
    outer loop
      vertex -18.0349 33 16.3487
      vertex -20 33 30
      vertex -17.9445 33 16.4135
    endloop
  endfacet
  facet normal 0 1 -0
    outer loop
      vertex -18.1209 33 16.2781
      vertex -20 33 30
      vertex -18.0349 33 16.3487
    endloop
  endfacet
  facet normal 0 1 -0
    outer loop
      vertex -18.2021 33 16.2021
      vertex -20 33 30
      vertex -18.1209 33 16.2781
    endloop
  endfacet
  facet normal 0 1 -0
    outer loop
      vertex -18.2781 33 16.1209
      vertex -20 33 30
      vertex -18.2021 33 16.2021
    endloop
  endfacet
  facet normal 0 1 -0
    outer loop
      vertex -18.3487 33 16.0349
      vertex -20 33 30
      vertex -18.2781 33 16.1209
    endloop
  endfacet
  facet normal 0 1 -0
    outer loop
      vertex -18.4135 33 15.9445
      vertex -20 33 30
      vertex -18.3487 33 16.0349
    endloop
  endfacet
  facet normal 0 1 -0
    outer loop
      vertex -18.4722 33 15.85
      vertex -20 33 30
      vertex -18.4135 33 15.9445
    endloop
  endfacet
  facet normal 0 1 -0
    outer loop
      vertex -18.5247 33 15.7519
      vertex -20 33 30
      vertex -18.4722 33 15.85
    endloop
  endfacet
  facet normal 0 1 -0
    outer loop
      vertex -18.5706 33 15.6506
      vertex -20 33 30
      vertex -18.5247 33 15.7519
    endloop
  endfacet
  facet normal 0 1 -0
    outer loop
      vertex -18.6098 33 15.5464
      vertex -20 33 30
      vertex -18.5706 33 15.6506
    endloop
  endfacet
  facet normal 0 1 -0
    outer loop
      vertex -18.6421 33 15.44
      vertex -20 33 30
      vertex -18.6098 33 15.5464
    endloop
  endfacet
  facet normal 0 1 -0
    outer loop
      vertex -18.6673 33 15.3317
      vertex -20 33 30
      vertex -18.6421 33 15.44
    endloop
  endfacet
  facet normal 0 1 -0
    outer loop
      vertex -18.6855 33 15.2219
      vertex -20 33 30
      vertex -18.6673 33 15.3317
    endloop
  endfacet
  facet normal 0 1 -0
    outer loop
      vertex -18.6964 33 15.1112
      vertex -20 33 30
      vertex -18.6855 33 15.2219
    endloop
  endfacet
  facet normal 0 1 -0
    outer loop
      vertex -18.7 33 15
      vertex -20 33 30
      vertex -18.6964 33 15.1112
    endloop
  endfacet
  facet normal 0 1 0
    outer loop
      vertex -20 33 0
      vertex -18.7 33 15
      vertex -18.6964 33 14.8888
    endloop
  endfacet
  facet normal 0 1 0
    outer loop
      vertex -16.7781 33 13.3145
      vertex -10.366 33 9.5
      vertex -16.8888 33 13.3036
    endloop
  endfacet
  facet normal 0 1 0
    outer loop
      vertex -16.8888 33 13.3036
      vertex -10.366 33 9.5
      vertex -17 33 13.3
    endloop
  endfacet
  facet normal 0 1 0
    outer loop
      vertex -20 33 0
      vertex -17 33 13.3
      vertex -10.366 33 9.5
    endloop
  endfacet
  facet normal 0 1 0
    outer loop
      vertex -17 33 13.3
      vertex -20 33 0
      vertex -17.1112 33 13.3036
    endloop
  endfacet
  facet normal 0 1 0
    outer loop
      vertex -17.1112 33 13.3036
      vertex -20 33 0
      vertex -17.2219 33 13.3145
    endloop
  endfacet
  facet normal 0 1 0
    outer loop
      vertex -17.2219 33 13.3145
      vertex -20 33 0
      vertex -17.3317 33 13.3327
    endloop
  endfacet
  facet normal 0 1 0
    outer loop
      vertex -17.3317 33 13.3327
      vertex -20 33 0
      vertex -17.44 33 13.3579
    endloop
  endfacet
  facet normal 0 1 0
    outer loop
      vertex -17.44 33 13.3579
      vertex -20 33 0
      vertex -17.5464 33 13.3902
    endloop
  endfacet
  facet normal 0 1 0
    outer loop
      vertex -17.5464 33 13.3902
      vertex -20 33 0
      vertex -17.6506 33 13.4294
    endloop
  endfacet
  facet normal 0 1 0
    outer loop
      vertex -17.6506 33 13.4294
      vertex -20 33 0
      vertex -17.7519 33 13.4753
    endloop
  endfacet
  facet normal 0 1 0
    outer loop
      vertex -20 33 0
      vertex -10.366 33 9.5
      vertex -10.2071 33 9.29291
    endloop
  endfacet
  facet normal 0 1 0
    outer loop
      vertex -20 33 0
      vertex -10.2071 33 9.29291
      vertex -10 33 9.13399
    endloop
  endfacet
  facet normal 0 1 0
    outer loop
      vertex -20 33 0
      vertex -9.5 33 9
      vertex 20 33 0
    endloop
  endfacet
  facet normal 0 1 0
    outer loop
      vertex -18.7 33 15
      vertex -20 33 0
      vertex -20 33 30
    endloop
  endfacet
  facet normal 0 1 0
    outer loop
      vertex -18.6855 33 14.7781
      vertex -20 33 0
      vertex -18.6964 33 14.8888
    endloop
  endfacet
  facet normal 0 1 0
    outer loop
      vertex -18.6673 33 14.6683
      vertex -20 33 0
      vertex -18.6855 33 14.7781
    endloop
  endfacet
  facet normal 0 1 0
    outer loop
      vertex -18.6421 33 14.56
      vertex -20 33 0
      vertex -18.6673 33 14.6683
    endloop
  endfacet
  facet normal 0 1 0
    outer loop
      vertex -18.6098 33 14.4536
      vertex -20 33 0
      vertex -18.6421 33 14.56
    endloop
  endfacet
  facet normal 0 1 0
    outer loop
      vertex -18.5706 33 14.3494
      vertex -20 33 0
      vertex -18.6098 33 14.4536
    endloop
  endfacet
  facet normal 0 1 0
    outer loop
      vertex -18.5247 33 14.2481
      vertex -20 33 0
      vertex -18.5706 33 14.3494
    endloop
  endfacet
  facet normal 0 1 0
    outer loop
      vertex -18.4722 33 14.15
      vertex -20 33 0
      vertex -18.5247 33 14.2481
    endloop
  endfacet
  facet normal 0 1 0
    outer loop
      vertex -18.4135 33 14.0555
      vertex -20 33 0
      vertex -18.4722 33 14.15
    endloop
  endfacet
  facet normal 0 1 0
    outer loop
      vertex -18.3487 33 13.9651
      vertex -20 33 0
      vertex -18.4135 33 14.0555
    endloop
  endfacet
  facet normal 0 1 0
    outer loop
      vertex -18.2781 33 13.8791
      vertex -20 33 0
      vertex -18.3487 33 13.9651
    endloop
  endfacet
  facet normal 0 1 0
    outer loop
      vertex -18.2021 33 13.7979
      vertex -20 33 0
      vertex -18.2781 33 13.8791
    endloop
  endfacet
  facet normal 0 1 0
    outer loop
      vertex -18.1209 33 13.7219
      vertex -20 33 0
      vertex -18.2021 33 13.7979
    endloop
  endfacet
  facet normal 0 1 0
    outer loop
      vertex -18.0349 33 13.6513
      vertex -20 33 0
      vertex -18.1209 33 13.7219
    endloop
  endfacet
  facet normal 0 1 0
    outer loop
      vertex -17.9445 33 13.5865
      vertex -20 33 0
      vertex -18.0349 33 13.6513
    endloop
  endfacet
  facet normal 0 1 0
    outer loop
      vertex -17.85 33 13.5278
      vertex -20 33 0
      vertex -17.9445 33 13.5865
    endloop
  endfacet
  facet normal 0 1 0
    outer loop
      vertex -17.7519 33 13.4753
      vertex -20 33 0
      vertex -17.85 33 13.5278
    endloop
  endfacet
  facet normal 0 1 0
    outer loop
      vertex -9.7588 33 9.03409
      vertex -20 33 0
      vertex -10 33 9.13399
    endloop
  endfacet
  facet normal 0 1 0
    outer loop
      vertex -9.5 33 9
      vertex -20 33 0
      vertex -9.7588 33 9.03409
    endloop
  endfacet
  facet normal 0 1 0
    outer loop
      vertex 10.366 33 20.5
      vertex 16.7781 33 16.6855
      vertex 10.4659 33 20.2588
    endloop
  endfacet
  facet normal 0 1 -0
    outer loop
      vertex 16.6683 33 16.6673
      vertex 10.4659 33 20.2588
      vertex 16.7781 33 16.6855
    endloop
  endfacet
  facet normal 0 1 -0
    outer loop
      vertex 16.56 33 16.6421
      vertex 10.4659 33 20.2588
      vertex 16.6683 33 16.6673
    endloop
  endfacet
  facet normal 0 1 -0
    outer loop
      vertex 16.4536 33 16.6098
      vertex 10.4659 33 20.2588
      vertex 16.56 33 16.6421
    endloop
  endfacet
  facet normal 0 1 0
    outer loop
      vertex 10.4659 33 20.2588
      vertex 16.4536 33 16.6098
      vertex 10.5 33 20
    endloop
  endfacet
  facet normal 0 1 -0
    outer loop
      vertex 16.3494 33 16.5706
      vertex 10.5 33 20
      vertex 16.4536 33 16.6098
    endloop
  endfacet
  facet normal 0 1 -0
    outer loop
      vertex 16.2481 33 16.5247
      vertex 10.5 33 20
      vertex 16.3494 33 16.5706
    endloop
  endfacet
  facet normal 0 1 -0
    outer loop
      vertex 16.15 33 16.4722
      vertex 10.5 33 20
      vertex 16.2481 33 16.5247
    endloop
  endfacet
  facet normal 0 1 -0
    outer loop
      vertex 16.0555 33 16.4135
      vertex 10.5 33 20
      vertex 16.15 33 16.4722
    endloop
  endfacet
  facet normal 0 1 -0
    outer loop
      vertex 15.9651 33 16.3487
      vertex 10.5 33 20
      vertex 16.0555 33 16.4135
    endloop
  endfacet
  facet normal 0 1 -0
    outer loop
      vertex 15.8791 33 16.2781
      vertex 10.5 33 20
      vertex 15.9651 33 16.3487
    endloop
  endfacet
  facet normal 0 1 -0
    outer loop
      vertex 15.7979 33 16.2021
      vertex 10.5 33 20
      vertex 15.8791 33 16.2781
    endloop
  endfacet
  facet normal 0 1 -0
    outer loop
      vertex 15.7219 33 16.1209
      vertex 10.5 33 20
      vertex 15.7979 33 16.2021
    endloop
  endfacet
  facet normal 0 1 -0
    outer loop
      vertex 15.6513 33 16.0349
      vertex 10.5 33 20
      vertex 15.7219 33 16.1209
    endloop
  endfacet
  facet normal 0 1 -0
    outer loop
      vertex 15.5865 33 15.9445
      vertex 10.5 33 20
      vertex 15.6513 33 16.0349
    endloop
  endfacet
  facet normal 0 1 -0
    outer loop
      vertex 15.5278 33 15.85
      vertex 10.5 33 20
      vertex 15.5865 33 15.9445
    endloop
  endfacet
  facet normal 0 1 -0
    outer loop
      vertex 15.4753 33 15.7519
      vertex 10.5 33 20
      vertex 15.5278 33 15.85
    endloop
  endfacet
  facet normal 0 1 -0
    outer loop
      vertex 15.4294 33 15.6506
      vertex 10.5 33 20
      vertex 15.4753 33 15.7519
    endloop
  endfacet
  facet normal 0 1 -0
    outer loop
      vertex 15.3902 33 15.5464
      vertex 10.5 33 20
      vertex 15.4294 33 15.6506
    endloop
  endfacet
  facet normal 0 1 -0
    outer loop
      vertex 15.3579 33 15.44
      vertex 10.5 33 20
      vertex 15.3902 33 15.5464
    endloop
  endfacet
  facet normal 0 1 -0
    outer loop
      vertex 15.3327 33 15.3317
      vertex 10.5 33 20
      vertex 15.3579 33 15.44
    endloop
  endfacet
  facet normal 0 1 -0
    outer loop
      vertex 15.3145 33 15.2219
      vertex 10.5 33 20
      vertex 15.3327 33 15.3317
    endloop
  endfacet
  facet normal 0 1 -0
    outer loop
      vertex 15.3036 33 15.1112
      vertex 10.5 33 20
      vertex 15.3145 33 15.2219
    endloop
  endfacet
  facet normal 0 1 -0
    outer loop
      vertex 15.3 33 15
      vertex 10.5 33 20
      vertex 15.3036 33 15.1112
    endloop
  endfacet
  facet normal 0 1 0
    outer loop
      vertex 10.5 33 10
      vertex 15.3 33 15
      vertex 15.3036 33 14.8888
    endloop
  endfacet
  facet normal 0 1 0
    outer loop
      vertex 10.5 33 10
      vertex 15.3036 33 14.8888
      vertex 15.3145 33 14.7781
    endloop
  endfacet
  facet normal 0 1 0
    outer loop
      vertex 10.5 33 10
      vertex 15.3145 33 14.7781
      vertex 15.3327 33 14.6683
    endloop
  endfacet
  facet normal 0 1 0
    outer loop
      vertex 10.5 33 10
      vertex 15.3327 33 14.6683
      vertex 15.3579 33 14.56
    endloop
  endfacet
  facet normal 0 1 0
    outer loop
      vertex 10.5 33 10
      vertex 15.3579 33 14.56
      vertex 15.3902 33 14.4536
    endloop
  endfacet
  facet normal 0 1 0
    outer loop
      vertex 10.5 33 10
      vertex 15.3902 33 14.4536
      vertex 15.4294 33 14.3494
    endloop
  endfacet
  facet normal 0 1 0
    outer loop
      vertex 10.5 33 10
      vertex 15.4294 33 14.3494
      vertex 15.4753 33 14.2481
    endloop
  endfacet
  facet normal 0 1 0
    outer loop
      vertex 10.5 33 10
      vertex 15.4753 33 14.2481
      vertex 15.5278 33 14.15
    endloop
  endfacet
  facet normal 0 1 0
    outer loop
      vertex 10.5 33 10
      vertex 15.5278 33 14.15
      vertex 15.5865 33 14.0555
    endloop
  endfacet
  facet normal 0 1 0
    outer loop
      vertex 10.5 33 10
      vertex 15.5865 33 14.0555
      vertex 15.6513 33 13.9651
    endloop
  endfacet
  facet normal 0 1 0
    outer loop
      vertex 10.5 33 10
      vertex 15.6513 33 13.9651
      vertex 15.7219 33 13.8791
    endloop
  endfacet
  facet normal 0 1 0
    outer loop
      vertex 15.3 33 15
      vertex 10.5 33 10
      vertex 10.5 33 20
    endloop
  endfacet
  facet normal 0 1 0
    outer loop
      vertex 15.7979 33 13.7979
      vertex 10.5 33 10
      vertex 15.7219 33 13.8791
    endloop
  endfacet
  facet normal 0 1 0
    outer loop
      vertex 15.8791 33 13.7219
      vertex 10.5 33 10
      vertex 15.7979 33 13.7979
    endloop
  endfacet
  facet normal 0 1 0
    outer loop
      vertex 15.9651 33 13.6513
      vertex 10.5 33 10
      vertex 15.8791 33 13.7219
    endloop
  endfacet
  facet normal 0 1 0
    outer loop
      vertex 16.0555 33 13.5865
      vertex 10.5 33 10
      vertex 15.9651 33 13.6513
    endloop
  endfacet
  facet normal 0 1 0
    outer loop
      vertex 16.15 33 13.5278
      vertex 10.5 33 10
      vertex 16.0555 33 13.5865
    endloop
  endfacet
  facet normal 0 1 0
    outer loop
      vertex 16.2481 33 13.4753
      vertex 10.5 33 10
      vertex 16.15 33 13.5278
    endloop
  endfacet
  facet normal 0 1 0
    outer loop
      vertex 16.3494 33 13.4294
      vertex 10.5 33 10
      vertex 16.2481 33 13.4753
    endloop
  endfacet
  facet normal 0 1 0
    outer loop
      vertex 16.4536 33 13.3902
      vertex 10.5 33 10
      vertex 16.3494 33 13.4294
    endloop
  endfacet
  facet normal 0 1 0
    outer loop
      vertex 16.56 33 13.3579
      vertex 10.5 33 10
      vertex 16.4536 33 13.3902
    endloop
  endfacet
  facet normal 0 1 0
    outer loop
      vertex 16.6683 33 13.3327
      vertex 10.5 33 10
      vertex 16.56 33 13.3579
    endloop
  endfacet
  facet normal 0 1 0
    outer loop
      vertex 16.7781 33 13.3145
      vertex 10.5 33 10
      vertex 16.6683 33 13.3327
    endloop
  endfacet
  facet normal 0 1 0
    outer loop
      vertex 16.8888 33 13.3036
      vertex 10.5 33 10
      vertex 16.7781 33 13.3145
    endloop
  endfacet
  facet normal 0 1 0
    outer loop
      vertex 10.5 33 10
      vertex 16.8888 33 13.3036
      vertex 17 33 13.3
    endloop
  endfacet
  facet normal -0.88168 -0.471847 0
    outer loop
      vertex -15.4753 15.7519 0
      vertex -15.5278 15.85 3
      vertex -15.5278 15.85 0
    endloop
  endfacet
  facet normal -0.88168 -0.471847 0
    outer loop
      vertex -15.5278 15.85 3
      vertex -15.4753 15.7519 0
      vertex -15.4753 15.7519 3
    endloop
  endfacet
  facet normal -0.352108 -0.93596 0
    outer loop
      vertex -16.4536 16.6098 0
      vertex -16.3494 16.5706 3
      vertex -16.4536 16.6098 3
    endloop
  endfacet
  facet normal -0.352108 -0.93596 -0
    outer loop
      vertex -16.3494 16.5706 3
      vertex -16.4536 16.6098 0
      vertex -16.3494 16.5706 0
    endloop
  endfacet
  facet normal 0.412719 -0.910859 0
    outer loop
      vertex -17.7519 16.5247 0
      vertex -17.6506 16.5706 4
      vertex -17.7519 16.5247 4
    endloop
  endfacet
  facet normal 0.412719 -0.910859 0
    outer loop
      vertex -17.6506 16.5706 4
      vertex -17.7519 16.5247 0
      vertex -17.6506 16.5706 0
    endloop
  endfacet
  facet normal 0.93596 -0.352108 0
    outer loop
      vertex -18.6098 15.5464 4
      vertex -18.5706 15.6506 0
      vertex -18.5706 15.6506 4
    endloop
  endfacet
  facet normal 0.93596 -0.352108 0
    outer loop
      vertex -18.5706 15.6506 0
      vertex -18.6098 15.5464 4
      vertex -18.6098 15.5464 0
    endloop
  endfacet
  facet normal -0.995187 0.0979904 0
    outer loop
      vertex -15.3145 14.7781 0
      vertex -15.3036 14.8888 3
      vertex -15.3036 14.8888 0
    endloop
  endfacet
  facet normal -0.995187 0.0979904 0
    outer loop
      vertex -15.3036 14.8888 3
      vertex -15.3145 14.7781 0
      vertex -15.3145 14.7781 3
    endloop
  endfacet
  facet normal -0.527654 -0.84946 0
    outer loop
      vertex -16.15 16.4722 0
      vertex -16.0555 16.4135 3
      vertex -16.15 16.4722 3
    endloop
  endfacet
  facet normal -0.527654 -0.84946 -0
    outer loop
      vertex -16.0555 16.4135 3
      vertex -16.15 16.4722 0
      vertex -16.0555 16.4135 0
    endloop
  endfacet
  facet normal 0.772915 -0.634509 0
    outer loop
      vertex -18.3487 16.0349 4
      vertex -18.2781 16.1209 0
      vertex -18.2781 16.1209 4
    endloop
  endfacet
  facet normal 0.772915 -0.634509 0
    outer loop
      vertex -18.2781 16.1209 0
      vertex -18.3487 16.0349 4
      vertex -18.3487 16.0349 0
    endloop
  endfacet
  facet normal 0.226633 -0.97398 0
    outer loop
      vertex -17.44 16.6421 0
      vertex -17.3317 16.6673 4
      vertex -17.44 16.6421 4
    endloop
  endfacet
  facet normal 0.226633 -0.97398 0
    outer loop
      vertex -17.3317 16.6673 4
      vertex -17.44 16.6421 0
      vertex -17.3317 16.6673 0
    endloop
  endfacet
  facet normal 0.634509 0.772915 -0
    outer loop
      vertex -18.0349 13.6513 0
      vertex -18.1209 13.7219 4
      vertex -18.0349 13.6513 4
    endloop
  endfacet
  facet normal 0.634509 0.772915 0
    outer loop
      vertex -18.1209 13.7219 4
      vertex -18.0349 13.6513 0
      vertex -18.1209 13.7219 0
    endloop
  endfacet
  facet normal 0.88168 0.471847 0
    outer loop
      vertex -18.4722 14.15 4
      vertex -18.5247 14.2481 0
      vertex -18.5247 14.2481 4
    endloop
  endfacet
  facet normal 0.88168 0.471847 0
    outer loop
      vertex -18.5247 14.2481 0
      vertex -18.4722 14.15 4
      vertex -18.4722 14.15 0
    endloop
  endfacet
  facet normal -0.163525 0.986539 0
    outer loop
      vertex -16.6683 13.3327 0
      vertex -16.7781 13.3145 3
      vertex -16.6683 13.3327 3
    endloop
  endfacet
  facet normal -0.163525 0.986539 0
    outer loop
      vertex -16.7781 13.3145 3
      vertex -16.6683 13.3327 0
      vertex -16.7781 13.3145 0
    endloop
  endfacet
  facet normal -0.93596 -0.352108 0
    outer loop
      vertex -15.3902 15.5464 0
      vertex -15.4294 15.6506 3
      vertex -15.4294 15.6506 0
    endloop
  endfacet
  facet normal -0.93596 -0.352108 0
    outer loop
      vertex -15.4294 15.6506 3
      vertex -15.3902 15.5464 0
      vertex -15.3902 15.5464 3
    endloop
  endfacet
  facet normal -0.81276 -0.582598 0
    outer loop
      vertex -15.5865 15.9445 0
      vertex -15.6513 16.0349 3
      vertex -15.6513 16.0349 0
    endloop
  endfacet
  facet normal -0.81276 -0.582598 0
    outer loop
      vertex -15.6513 16.0349 3
      vertex -15.5865 15.9445 0
      vertex -15.5865 15.9445 3
    endloop
  endfacet
  facet normal -0.730098 -0.683343 0
    outer loop
      vertex -15.7219 16.1209 0
      vertex -15.7979 16.2021 3
      vertex -15.7979 16.2021 0
    endloop
  endfacet
  facet normal -0.730098 -0.683343 0
    outer loop
      vertex -15.7979 16.2021 3
      vertex -15.7219 16.1209 0
      vertex -15.7219 16.1209 3
    endloop
  endfacet
  facet normal 0.0323571 -0.999476 0
    outer loop
      vertex -17.1112 16.6964 4
      vertex -17 16.7 3
      vertex -17 16.7 4
    endloop
  endfacet
  facet normal 0.0323571 -0.999476 0
    outer loop
      vertex -17.1112 16.6964 0
      vertex -17 16.7 3
      vertex -17.1112 16.6964 4
    endloop
  endfacet
  facet normal 0.0323571 -0.999476 0
    outer loop
      vertex -17 16.7 3
      vertex -17.1112 16.6964 0
      vertex -17 16.7 0
    endloop
  endfacet
  facet normal -0.290482 -0.956881 0
    outer loop
      vertex -16.56 16.6421 0
      vertex -16.4536 16.6098 3
      vertex -16.56 16.6421 3
    endloop
  endfacet
  facet normal -0.290482 -0.956881 -0
    outer loop
      vertex -16.4536 16.6098 3
      vertex -16.56 16.6421 0
      vertex -16.4536 16.6098 0
    endloop
  endfacet
  facet normal -0.163525 -0.986539 0
    outer loop
      vertex -16.7781 16.6855 0
      vertex -16.6683 16.6673 3
      vertex -16.7781 16.6855 3
    endloop
  endfacet
  facet normal -0.163525 -0.986539 -0
    outer loop
      vertex -16.6683 16.6673 3
      vertex -16.7781 16.6855 0
      vertex -16.6683 16.6673 0
    endloop
  endfacet
  facet normal -0.634509 -0.772915 0
    outer loop
      vertex -15.9651 16.3487 0
      vertex -15.8791 16.2781 3
      vertex -15.9651 16.3487 3
    endloop
  endfacet
  facet normal -0.634509 -0.772915 -0
    outer loop
      vertex -15.8791 16.2781 3
      vertex -15.9651 16.3487 0
      vertex -15.8791 16.2781 0
    endloop
  endfacet
  facet normal 0.956881 -0.290482 0
    outer loop
      vertex -18.6421 15.44 4
      vertex -18.6098 15.5464 0
      vertex -18.6098 15.5464 4
    endloop
  endfacet
  facet normal 0.956881 -0.290482 0
    outer loop
      vertex -18.6098 15.5464 0
      vertex -18.6421 15.44 4
      vertex -18.6421 15.44 0
    endloop
  endfacet
  facet normal 0.986539 -0.163525 0
    outer loop
      vertex -18.6855 15.2219 4
      vertex -18.6673 15.3317 0
      vertex -18.6673 15.3317 4
    endloop
  endfacet
  facet normal 0.986539 -0.163525 0
    outer loop
      vertex -18.6673 15.3317 0
      vertex -18.6855 15.2219 4
      vertex -18.6855 15.2219 0
    endloop
  endfacet
  facet normal 0.84946 -0.527654 0
    outer loop
      vertex -18.4722 15.85 4
      vertex -18.4135 15.9445 0
      vertex -18.4135 15.9445 4
    endloop
  endfacet
  facet normal 0.84946 -0.527654 0
    outer loop
      vertex -18.4135 15.9445 0
      vertex -18.4722 15.85 4
      vertex -18.4722 15.85 0
    endloop
  endfacet
  facet normal 0.0979904 -0.995187 0
    outer loop
      vertex -17.2219 16.6855 0
      vertex -17.1112 16.6964 4
      vertex -17.2219 16.6855 4
    endloop
  endfacet
  facet normal 0.0979904 -0.995187 0
    outer loop
      vertex -17.1112 16.6964 4
      vertex -17.2219 16.6855 0
      vertex -17.1112 16.6964 0
    endloop
  endfacet
  facet normal 0.582598 -0.81276 0
    outer loop
      vertex -18.0349 16.3487 0
      vertex -17.9445 16.4135 4
      vertex -18.0349 16.3487 4
    endloop
  endfacet
  facet normal 0.582598 -0.81276 0
    outer loop
      vertex -17.9445 16.4135 4
      vertex -18.0349 16.3487 0
      vertex -17.9445 16.4135 0
    endloop
  endfacet
  facet normal 0.634509 -0.772915 0
    outer loop
      vertex -18.1209 16.2781 0
      vertex -18.0349 16.3487 4
      vertex -18.1209 16.2781 4
    endloop
  endfacet
  facet normal 0.634509 -0.772915 0
    outer loop
      vertex -18.0349 16.3487 4
      vertex -18.1209 16.2781 0
      vertex -18.0349 16.3487 0
    endloop
  endfacet
  facet normal 0.527654 -0.84946 0
    outer loop
      vertex -17.9445 16.4135 0
      vertex -17.85 16.4722 4
      vertex -17.9445 16.4135 4
    endloop
  endfacet
  facet normal 0.527654 -0.84946 0
    outer loop
      vertex -17.85 16.4722 4
      vertex -17.9445 16.4135 0
      vertex -17.85 16.4722 0
    endloop
  endfacet
  facet normal -0.999476 -0.0323571 0
    outer loop
      vertex -15.3 15 0
      vertex -15.3036 15.1112 3
      vertex -15.3036 15.1112 0
    endloop
  endfacet
  facet normal -0.999476 -0.0323571 0
    outer loop
      vertex -15.3036 15.1112 3
      vertex -15.3 15 0
      vertex -15.3 15 3
    endloop
  endfacet
  facet normal -0.956881 0.290482 0
    outer loop
      vertex -15.3902 14.4536 0
      vertex -15.3579 14.56 3
      vertex -15.3579 14.56 0
    endloop
  endfacet
  facet normal -0.956881 0.290482 0
    outer loop
      vertex -15.3579 14.56 3
      vertex -15.3902 14.4536 0
      vertex -15.3902 14.4536 3
    endloop
  endfacet
  facet normal 0.772915 0.634509 0
    outer loop
      vertex -18.2781 13.8791 4
      vertex -18.3487 13.9651 0
      vertex -18.3487 13.9651 4
    endloop
  endfacet
  facet normal 0.772915 0.634509 0
    outer loop
      vertex -18.3487 13.9651 0
      vertex -18.2781 13.8791 4
      vertex -18.2781 13.8791 0
    endloop
  endfacet
  facet normal -0.0979904 0.995187 0
    outer loop
      vertex -16.7781 13.3145 0
      vertex -16.8888 13.3036 3
      vertex -16.7781 13.3145 3
    endloop
  endfacet
  facet normal -0.0979904 0.995187 0
    outer loop
      vertex -16.8888 13.3036 3
      vertex -16.7781 13.3145 0
      vertex -16.8888 13.3036 0
    endloop
  endfacet
  facet normal -0.995187 -0.0979904 0
    outer loop
      vertex -15.3036 15.1112 0
      vertex -15.3145 15.2219 3
      vertex -15.3145 15.2219 0
    endloop
  endfacet
  facet normal -0.995187 -0.0979904 0
    outer loop
      vertex -15.3145 15.2219 3
      vertex -15.3036 15.1112 0
      vertex -15.3036 15.1112 3
    endloop
  endfacet
  facet normal -0.910859 -0.412719 0
    outer loop
      vertex -15.4294 15.6506 0
      vertex -15.4753 15.7519 3
      vertex -15.4753 15.7519 0
    endloop
  endfacet
  facet normal -0.910859 -0.412719 0
    outer loop
      vertex -15.4753 15.7519 3
      vertex -15.4294 15.6506 0
      vertex -15.4294 15.6506 3
    endloop
  endfacet
  facet normal -0.97398 -0.226633 0
    outer loop
      vertex -15.3327 15.3317 0
      vertex -15.3579 15.44 3
      vertex -15.3579 15.44 0
    endloop
  endfacet
  facet normal -0.97398 -0.226633 0
    outer loop
      vertex -15.3579 15.44 3
      vertex -15.3327 15.3317 0
      vertex -15.3327 15.3317 3
    endloop
  endfacet
  facet normal -0.84946 -0.527654 0
    outer loop
      vertex -15.5278 15.85 0
      vertex -15.5865 15.9445 3
      vertex -15.5865 15.9445 0
    endloop
  endfacet
  facet normal -0.84946 -0.527654 0
    outer loop
      vertex -15.5865 15.9445 3
      vertex -15.5278 15.85 0
      vertex -15.5278 15.85 3
    endloop
  endfacet
  facet normal -0.683343 -0.730098 0
    outer loop
      vertex -15.8791 16.2781 0
      vertex -15.7979 16.2021 3
      vertex -15.8791 16.2781 3
    endloop
  endfacet
  facet normal -0.683343 -0.730098 -0
    outer loop
      vertex -15.7979 16.2021 3
      vertex -15.8791 16.2781 0
      vertex -15.7979 16.2021 0
    endloop
  endfacet
  facet normal -0.772915 -0.634509 0
    outer loop
      vertex -15.6513 16.0349 0
      vertex -15.7219 16.1209 3
      vertex -15.7219 16.1209 0
    endloop
  endfacet
  facet normal -0.772915 -0.634509 0
    outer loop
      vertex -15.7219 16.1209 3
      vertex -15.6513 16.0349 0
      vertex -15.6513 16.0349 3
    endloop
  endfacet
  facet normal -0.0979904 -0.995187 0
    outer loop
      vertex -16.8888 16.6964 0
      vertex -16.7781 16.6855 3
      vertex -16.8888 16.6964 3
    endloop
  endfacet
  facet normal -0.0979904 -0.995187 -0
    outer loop
      vertex -16.7781 16.6855 3
      vertex -16.8888 16.6964 0
      vertex -16.7781 16.6855 0
    endloop
  endfacet
  facet normal -0.0323571 -0.999476 0
    outer loop
      vertex -17 16.7 0
      vertex -16.8888 16.6964 3
      vertex -17 16.7 3
    endloop
  endfacet
  facet normal -0.0323571 -0.999476 -0
    outer loop
      vertex -16.8888 16.6964 3
      vertex -17 16.7 0
      vertex -16.8888 16.6964 0
    endloop
  endfacet
  facet normal -0.226633 -0.97398 0
    outer loop
      vertex -16.6683 16.6673 0
      vertex -16.56 16.6421 3
      vertex -16.6683 16.6673 3
    endloop
  endfacet
  facet normal -0.226633 -0.97398 -0
    outer loop
      vertex -16.56 16.6421 3
      vertex -16.6683 16.6673 0
      vertex -16.56 16.6421 0
    endloop
  endfacet
  facet normal -0.471847 -0.88168 0
    outer loop
      vertex -16.2481 16.5247 0
      vertex -16.15 16.4722 3
      vertex -16.2481 16.5247 3
    endloop
  endfacet
  facet normal -0.471847 -0.88168 -0
    outer loop
      vertex -16.15 16.4722 3
      vertex -16.2481 16.5247 0
      vertex -16.15 16.4722 0
    endloop
  endfacet
  facet normal -0.412719 -0.910859 0
    outer loop
      vertex -16.3494 16.5706 0
      vertex -16.2481 16.5247 3
      vertex -16.3494 16.5706 3
    endloop
  endfacet
  facet normal -0.412719 -0.910859 -0
    outer loop
      vertex -16.2481 16.5247 3
      vertex -16.3494 16.5706 0
      vertex -16.2481 16.5247 0
    endloop
  endfacet
  facet normal -0.582598 -0.81276 0
    outer loop
      vertex -16.0555 16.4135 0
      vertex -15.9651 16.3487 3
      vertex -16.0555 16.4135 3
    endloop
  endfacet
  facet normal -0.582598 -0.81276 -0
    outer loop
      vertex -15.9651 16.3487 3
      vertex -16.0555 16.4135 0
      vertex -15.9651 16.3487 0
    endloop
  endfacet
  facet normal 0.995187 -0.0979904 0
    outer loop
      vertex -18.6964 15.1112 4
      vertex -18.6855 15.2219 0
      vertex -18.6855 15.2219 4
    endloop
  endfacet
  facet normal 0.995187 -0.0979904 0
    outer loop
      vertex -18.6855 15.2219 0
      vertex -18.6964 15.1112 4
      vertex -18.6964 15.1112 0
    endloop
  endfacet
  facet normal 0.999476 -0.0323571 0
    outer loop
      vertex -18.7 15 4
      vertex -18.6964 15.1112 0
      vertex -18.6964 15.1112 4
    endloop
  endfacet
  facet normal 0.999476 -0.0323571 0
    outer loop
      vertex -18.6964 15.1112 0
      vertex -18.7 15 4
      vertex -18.7 15 0
    endloop
  endfacet
  facet normal 0.999476 0.0323571 0
    outer loop
      vertex -18.6964 14.8888 4
      vertex -18.7 15 0
      vertex -18.7 15 4
    endloop
  endfacet
  facet normal 0.999476 0.0323571 0
    outer loop
      vertex -18.7 15 0
      vertex -18.6964 14.8888 4
      vertex -18.6964 14.8888 0
    endloop
  endfacet
  facet normal 0.97398 -0.226633 0
    outer loop
      vertex -18.6673 15.3317 4
      vertex -18.6421 15.44 0
      vertex -18.6421 15.44 4
    endloop
  endfacet
  facet normal 0.97398 -0.226633 0
    outer loop
      vertex -18.6421 15.44 0
      vertex -18.6673 15.3317 4
      vertex -18.6673 15.3317 0
    endloop
  endfacet
  facet normal 0.910859 -0.412719 0
    outer loop
      vertex -18.5706 15.6506 4
      vertex -18.5247 15.7519 0
      vertex -18.5247 15.7519 4
    endloop
  endfacet
  facet normal 0.910859 -0.412719 0
    outer loop
      vertex -18.5247 15.7519 0
      vertex -18.5706 15.6506 4
      vertex -18.5706 15.6506 0
    endloop
  endfacet
  facet normal 0.81276 -0.582598 0
    outer loop
      vertex -18.4135 15.9445 4
      vertex -18.3487 16.0349 0
      vertex -18.3487 16.0349 4
    endloop
  endfacet
  facet normal 0.81276 -0.582598 0
    outer loop
      vertex -18.3487 16.0349 0
      vertex -18.4135 15.9445 4
      vertex -18.4135 15.9445 0
    endloop
  endfacet
  facet normal 0.352108 -0.93596 0
    outer loop
      vertex -17.6506 16.5706 0
      vertex -17.5464 16.6098 4
      vertex -17.6506 16.5706 4
    endloop
  endfacet
  facet normal 0.352108 -0.93596 0
    outer loop
      vertex -17.5464 16.6098 4
      vertex -17.6506 16.5706 0
      vertex -17.5464 16.6098 0
    endloop
  endfacet
  facet normal 0.163525 -0.986539 0
    outer loop
      vertex -17.3317 16.6673 0
      vertex -17.2219 16.6855 4
      vertex -17.3317 16.6673 4
    endloop
  endfacet
  facet normal 0.163525 -0.986539 0
    outer loop
      vertex -17.2219 16.6855 4
      vertex -17.3317 16.6673 0
      vertex -17.2219 16.6855 0
    endloop
  endfacet
  facet normal 0.471847 -0.88168 0
    outer loop
      vertex -17.85 16.4722 0
      vertex -17.7519 16.5247 4
      vertex -17.85 16.4722 4
    endloop
  endfacet
  facet normal 0.471847 -0.88168 0
    outer loop
      vertex -17.7519 16.5247 4
      vertex -17.85 16.4722 0
      vertex -17.7519 16.5247 0
    endloop
  endfacet
  facet normal 0.683343 -0.730098 0
    outer loop
      vertex -18.2021 16.2021 0
      vertex -18.1209 16.2781 4
      vertex -18.2021 16.2021 4
    endloop
  endfacet
  facet normal 0.683343 -0.730098 0
    outer loop
      vertex -18.1209 16.2781 4
      vertex -18.2021 16.2021 0
      vertex -18.1209 16.2781 0
    endloop
  endfacet
  facet normal 0.730098 -0.683343 0
    outer loop
      vertex -18.2781 16.1209 4
      vertex -18.2021 16.2021 0
      vertex -18.2021 16.2021 4
    endloop
  endfacet
  facet normal 0.730098 -0.683343 0
    outer loop
      vertex -18.2021 16.2021 0
      vertex -18.2781 16.1209 4
      vertex -18.2781 16.1209 0
    endloop
  endfacet
  facet normal -0.999476 0.0323571 0
    outer loop
      vertex -15.3036 14.8888 0
      vertex -15.3 15 3
      vertex -15.3 15 0
    endloop
  endfacet
  facet normal -0.999476 0.0323571 0
    outer loop
      vertex -15.3 15 3
      vertex -15.3036 14.8888 0
      vertex -15.3036 14.8888 3
    endloop
  endfacet
  facet normal -0.88168 0.471847 0
    outer loop
      vertex -15.5278 14.15 0
      vertex -15.4753 14.2481 3
      vertex -15.4753 14.2481 0
    endloop
  endfacet
  facet normal -0.88168 0.471847 0
    outer loop
      vertex -15.4753 14.2481 3
      vertex -15.5278 14.15 0
      vertex -15.5278 14.15 3
    endloop
  endfacet
  facet normal -0.93596 0.352108 0
    outer loop
      vertex -15.4294 14.3494 0
      vertex -15.3902 14.4536 3
      vertex -15.3902 14.4536 0
    endloop
  endfacet
  facet normal -0.93596 0.352108 0
    outer loop
      vertex -15.3902 14.4536 3
      vertex -15.4294 14.3494 0
      vertex -15.4294 14.3494 3
    endloop
  endfacet
  facet normal -0.634509 0.772915 0
    outer loop
      vertex -15.8791 13.7219 0
      vertex -15.9651 13.6513 3
      vertex -15.8791 13.7219 3
    endloop
  endfacet
  facet normal -0.634509 0.772915 0
    outer loop
      vertex -15.9651 13.6513 3
      vertex -15.8791 13.7219 0
      vertex -15.9651 13.6513 0
    endloop
  endfacet
  facet normal -0.772915 0.634509 0
    outer loop
      vertex -15.7219 13.8791 0
      vertex -15.6513 13.9651 3
      vertex -15.6513 13.9651 0
    endloop
  endfacet
  facet normal -0.772915 0.634509 0
    outer loop
      vertex -15.6513 13.9651 3
      vertex -15.7219 13.8791 0
      vertex -15.7219 13.8791 3
    endloop
  endfacet
  facet normal 0.471847 0.88168 -0
    outer loop
      vertex -17.7519 13.4753 0
      vertex -17.85 13.5278 4
      vertex -17.7519 13.4753 4
    endloop
  endfacet
  facet normal 0.471847 0.88168 0
    outer loop
      vertex -17.85 13.5278 4
      vertex -17.7519 13.4753 0
      vertex -17.85 13.5278 0
    endloop
  endfacet
  facet normal 0.730098 0.683343 0
    outer loop
      vertex -18.2021 13.7979 4
      vertex -18.2781 13.8791 0
      vertex -18.2781 13.8791 4
    endloop
  endfacet
  facet normal 0.730098 0.683343 0
    outer loop
      vertex -18.2781 13.8791 0
      vertex -18.2021 13.7979 4
      vertex -18.2021 13.7979 0
    endloop
  endfacet
  facet normal -0.290482 0.956881 0
    outer loop
      vertex -16.4536 13.3902 0
      vertex -16.56 13.3579 3
      vertex -16.4536 13.3902 3
    endloop
  endfacet
  facet normal -0.290482 0.956881 0
    outer loop
      vertex -16.56 13.3579 3
      vertex -16.4536 13.3902 0
      vertex -16.56 13.3579 0
    endloop
  endfacet
  facet normal -0.412719 0.910859 0
    outer loop
      vertex -16.2481 13.4753 0
      vertex -16.3494 13.4294 3
      vertex -16.2481 13.4753 3
    endloop
  endfacet
  facet normal -0.412719 0.910859 0
    outer loop
      vertex -16.3494 13.4294 3
      vertex -16.2481 13.4753 0
      vertex -16.3494 13.4294 0
    endloop
  endfacet
  facet normal -0.956881 -0.290482 0
    outer loop
      vertex -15.3579 15.44 0
      vertex -15.3902 15.5464 3
      vertex -15.3902 15.5464 0
    endloop
  endfacet
  facet normal -0.956881 -0.290482 0
    outer loop
      vertex -15.3902 15.5464 3
      vertex -15.3579 15.44 0
      vertex -15.3579 15.44 3
    endloop
  endfacet
  facet normal -0.986539 -0.163525 0
    outer loop
      vertex -15.3145 15.2219 0
      vertex -15.3327 15.3317 3
      vertex -15.3327 15.3317 0
    endloop
  endfacet
  facet normal -0.986539 -0.163525 0
    outer loop
      vertex -15.3327 15.3317 3
      vertex -15.3145 15.2219 0
      vertex -15.3145 15.2219 3
    endloop
  endfacet
  facet normal 0 0 -1
    outer loop
      vertex -17.1112 13.3036 4
      vertex -17 16.7 4
      vertex -17 13.3 4
    endloop
  endfacet
  facet normal 0 0 -1
    outer loop
      vertex -17.1112 13.3036 4
      vertex -17.1112 16.6964 4
      vertex -17 16.7 4
    endloop
  endfacet
  facet normal 0 0 -1
    outer loop
      vertex -17.2219 13.3145 4
      vertex -17.1112 16.6964 4
      vertex -17.1112 13.3036 4
    endloop
  endfacet
  facet normal 0 0 -1
    outer loop
      vertex -17.2219 13.3145 4
      vertex -17.2219 16.6855 4
      vertex -17.1112 16.6964 4
    endloop
  endfacet
  facet normal 0 0 -1
    outer loop
      vertex -17.3317 13.3327 4
      vertex -17.2219 16.6855 4
      vertex -17.2219 13.3145 4
    endloop
  endfacet
  facet normal 0 0 -1
    outer loop
      vertex -17.3317 13.3327 4
      vertex -17.3317 16.6673 4
      vertex -17.2219 16.6855 4
    endloop
  endfacet
  facet normal 0 0 -1
    outer loop
      vertex -17.44 13.3579 4
      vertex -17.3317 16.6673 4
      vertex -17.3317 13.3327 4
    endloop
  endfacet
  facet normal 0 0 -1
    outer loop
      vertex -17.44 13.3579 4
      vertex -17.44 16.6421 4
      vertex -17.3317 16.6673 4
    endloop
  endfacet
  facet normal 0 0 -1
    outer loop
      vertex -17.5464 13.3902 4
      vertex -17.44 16.6421 4
      vertex -17.44 13.3579 4
    endloop
  endfacet
  facet normal 0 0 -1
    outer loop
      vertex -17.5464 13.3902 4
      vertex -17.5464 16.6098 4
      vertex -17.44 16.6421 4
    endloop
  endfacet
  facet normal 0 0 -1
    outer loop
      vertex -17.6506 13.4294 4
      vertex -17.5464 16.6098 4
      vertex -17.5464 13.3902 4
    endloop
  endfacet
  facet normal 0 0 -1
    outer loop
      vertex -17.6506 13.4294 4
      vertex -17.6506 16.5706 4
      vertex -17.5464 16.6098 4
    endloop
  endfacet
  facet normal 0 0 -1
    outer loop
      vertex -17.7519 13.4753 4
      vertex -17.6506 16.5706 4
      vertex -17.6506 13.4294 4
    endloop
  endfacet
  facet normal 0 0 -1
    outer loop
      vertex -17.7519 13.4753 4
      vertex -17.7519 16.5247 4
      vertex -17.6506 16.5706 4
    endloop
  endfacet
  facet normal 0 0 -1
    outer loop
      vertex -17.85 13.5278 4
      vertex -17.7519 16.5247 4
      vertex -17.7519 13.4753 4
    endloop
  endfacet
  facet normal 0 0 -1
    outer loop
      vertex -17.85 13.5278 4
      vertex -17.85 16.4722 4
      vertex -17.7519 16.5247 4
    endloop
  endfacet
  facet normal 0 0 -1
    outer loop
      vertex -17.9445 13.5865 4
      vertex -17.85 16.4722 4
      vertex -17.85 13.5278 4
    endloop
  endfacet
  facet normal 0 0 -1
    outer loop
      vertex -17.9445 13.5865 4
      vertex -17.9445 16.4135 4
      vertex -17.85 16.4722 4
    endloop
  endfacet
  facet normal 0 0 -1
    outer loop
      vertex -18.0349 13.6513 4
      vertex -17.9445 16.4135 4
      vertex -17.9445 13.5865 4
    endloop
  endfacet
  facet normal 0 0 -1
    outer loop
      vertex -18.0349 13.6513 4
      vertex -18.0349 16.3487 4
      vertex -17.9445 16.4135 4
    endloop
  endfacet
  facet normal 0 0 -1
    outer loop
      vertex -18.1209 13.7219 4
      vertex -18.0349 16.3487 4
      vertex -18.0349 13.6513 4
    endloop
  endfacet
  facet normal 0 0 -1
    outer loop
      vertex -18.1209 13.7219 4
      vertex -18.1209 16.2781 4
      vertex -18.0349 16.3487 4
    endloop
  endfacet
  facet normal 0 0 -1
    outer loop
      vertex -18.2021 13.7979 4
      vertex -18.1209 16.2781 4
      vertex -18.1209 13.7219 4
    endloop
  endfacet
  facet normal 0 0 -1
    outer loop
      vertex -18.2021 13.7979 4
      vertex -18.2021 16.2021 4
      vertex -18.1209 16.2781 4
    endloop
  endfacet
  facet normal 0 0 -1
    outer loop
      vertex -18.2781 13.8791 4
      vertex -18.2021 16.2021 4
      vertex -18.2021 13.7979 4
    endloop
  endfacet
  facet normal 0 0 -1
    outer loop
      vertex -18.2781 13.8791 4
      vertex -18.2781 16.1209 4
      vertex -18.2021 16.2021 4
    endloop
  endfacet
  facet normal 0 0 -1
    outer loop
      vertex -18.3487 13.9651 4
      vertex -18.2781 16.1209 4
      vertex -18.2781 13.8791 4
    endloop
  endfacet
  facet normal 0 0 -1
    outer loop
      vertex -18.3487 13.9651 4
      vertex -18.3487 16.0349 4
      vertex -18.2781 16.1209 4
    endloop
  endfacet
  facet normal 0 0 -1
    outer loop
      vertex -18.4135 14.0555 4
      vertex -18.3487 16.0349 4
      vertex -18.3487 13.9651 4
    endloop
  endfacet
  facet normal 0 0 -1
    outer loop
      vertex -18.4135 14.0555 4
      vertex -18.4135 15.9445 4
      vertex -18.3487 16.0349 4
    endloop
  endfacet
  facet normal 0 0 -1
    outer loop
      vertex -18.4722 14.15 4
      vertex -18.4135 15.9445 4
      vertex -18.4135 14.0555 4
    endloop
  endfacet
  facet normal 0 0 -1
    outer loop
      vertex -18.4722 14.15 4
      vertex -18.4722 15.85 4
      vertex -18.4135 15.9445 4
    endloop
  endfacet
  facet normal 0 0 -1
    outer loop
      vertex -18.5247 14.2481 4
      vertex -18.4722 15.85 4
      vertex -18.4722 14.15 4
    endloop
  endfacet
  facet normal 0 0 -1
    outer loop
      vertex -18.5247 14.2481 4
      vertex -18.5247 15.7519 4
      vertex -18.4722 15.85 4
    endloop
  endfacet
  facet normal 0 0 -1
    outer loop
      vertex -18.5706 14.3494 4
      vertex -18.5247 15.7519 4
      vertex -18.5247 14.2481 4
    endloop
  endfacet
  facet normal 0 0 -1
    outer loop
      vertex -18.5706 14.3494 4
      vertex -18.5706 15.6506 4
      vertex -18.5247 15.7519 4
    endloop
  endfacet
  facet normal 0 0 -1
    outer loop
      vertex -18.6098 14.4536 4
      vertex -18.5706 15.6506 4
      vertex -18.5706 14.3494 4
    endloop
  endfacet
  facet normal 0 0 -1
    outer loop
      vertex -18.6098 14.4536 4
      vertex -18.6098 15.5464 4
      vertex -18.5706 15.6506 4
    endloop
  endfacet
  facet normal 0 0 -1
    outer loop
      vertex -18.6421 14.56 4
      vertex -18.6098 15.5464 4
      vertex -18.6098 14.4536 4
    endloop
  endfacet
  facet normal 0 0 -1
    outer loop
      vertex -18.6421 14.56 4
      vertex -18.6421 15.44 4
      vertex -18.6098 15.5464 4
    endloop
  endfacet
  facet normal 0 0 -1
    outer loop
      vertex -18.6673 14.6683 4
      vertex -18.6421 15.44 4
      vertex -18.6421 14.56 4
    endloop
  endfacet
  facet normal 0 0 -1
    outer loop
      vertex -18.6673 14.6683 4
      vertex -18.6673 15.3317 4
      vertex -18.6421 15.44 4
    endloop
  endfacet
  facet normal 0 0 -1
    outer loop
      vertex -18.6855 14.7781 4
      vertex -18.6673 15.3317 4
      vertex -18.6673 14.6683 4
    endloop
  endfacet
  facet normal 0 0 -1
    outer loop
      vertex -18.6855 14.7781 4
      vertex -18.6855 15.2219 4
      vertex -18.6673 15.3317 4
    endloop
  endfacet
  facet normal 0 0 -1
    outer loop
      vertex -18.6964 14.8888 4
      vertex -18.6855 15.2219 4
      vertex -18.6855 14.7781 4
    endloop
  endfacet
  facet normal 0 0 -1
    outer loop
      vertex -18.6964 14.8888 4
      vertex -18.6964 15.1112 4
      vertex -18.6855 15.2219 4
    endloop
  endfacet
  facet normal 0 -0 -1
    outer loop
      vertex -18.6964 15.1112 4
      vertex -18.6964 14.8888 4
      vertex -18.7 15 4
    endloop
  endfacet
  facet normal 0.88168 -0.471847 0
    outer loop
      vertex -18.5247 15.7519 4
      vertex -18.4722 15.85 0
      vertex -18.4722 15.85 4
    endloop
  endfacet
  facet normal 0.88168 -0.471847 0
    outer loop
      vertex -18.4722 15.85 0
      vertex -18.5247 15.7519 4
      vertex -18.5247 15.7519 0
    endloop
  endfacet
  facet normal 0.290482 -0.956881 0
    outer loop
      vertex -17.5464 16.6098 0
      vertex -17.44 16.6421 4
      vertex -17.5464 16.6098 4
    endloop
  endfacet
  facet normal 0.290482 -0.956881 0
    outer loop
      vertex -17.44 16.6421 4
      vertex -17.5464 16.6098 0
      vertex -17.44 16.6421 0
    endloop
  endfacet
  facet normal -0.97398 0.226633 0
    outer loop
      vertex -15.3579 14.56 0
      vertex -15.3327 14.6683 3
      vertex -15.3327 14.6683 0
    endloop
  endfacet
  facet normal -0.97398 0.226633 0
    outer loop
      vertex -15.3327 14.6683 3
      vertex -15.3579 14.56 0
      vertex -15.3579 14.56 3
    endloop
  endfacet
  facet normal -0.582598 0.81276 0
    outer loop
      vertex -15.9651 13.6513 0
      vertex -16.0555 13.5865 3
      vertex -15.9651 13.6513 3
    endloop
  endfacet
  facet normal -0.582598 0.81276 0
    outer loop
      vertex -16.0555 13.5865 3
      vertex -15.9651 13.6513 0
      vertex -16.0555 13.5865 0
    endloop
  endfacet
  facet normal -0.683343 0.730098 0
    outer loop
      vertex -15.7979 13.7979 0
      vertex -15.8791 13.7219 3
      vertex -15.7979 13.7979 3
    endloop
  endfacet
  facet normal -0.683343 0.730098 0
    outer loop
      vertex -15.8791 13.7219 3
      vertex -15.7979 13.7979 0
      vertex -15.8791 13.7219 0
    endloop
  endfacet
  facet normal -0.81276 0.582598 0
    outer loop
      vertex -15.6513 13.9651 0
      vertex -15.5865 14.0555 3
      vertex -15.5865 14.0555 0
    endloop
  endfacet
  facet normal -0.81276 0.582598 0
    outer loop
      vertex -15.5865 14.0555 3
      vertex -15.6513 13.9651 0
      vertex -15.6513 13.9651 3
    endloop
  endfacet
  facet normal -0.0323571 0.999476 0
    outer loop
      vertex -16.8888 13.3036 0
      vertex -17 13.3 3
      vertex -16.8888 13.3036 3
    endloop
  endfacet
  facet normal -0.0323571 0.999476 0
    outer loop
      vertex -17 13.3 3
      vertex -16.8888 13.3036 0
      vertex -17 13.3 0
    endloop
  endfacet
  facet normal 0.0979904 0.995187 -0
    outer loop
      vertex -17.1112 13.3036 0
      vertex -17.2219 13.3145 4
      vertex -17.1112 13.3036 4
    endloop
  endfacet
  facet normal 0.0979904 0.995187 0
    outer loop
      vertex -17.2219 13.3145 4
      vertex -17.1112 13.3036 0
      vertex -17.2219 13.3145 0
    endloop
  endfacet
  facet normal 0.290482 0.956881 -0
    outer loop
      vertex -17.44 13.3579 0
      vertex -17.5464 13.3902 4
      vertex -17.44 13.3579 4
    endloop
  endfacet
  facet normal 0.290482 0.956881 0
    outer loop
      vertex -17.5464 13.3902 4
      vertex -17.44 13.3579 0
      vertex -17.5464 13.3902 0
    endloop
  endfacet
  facet normal 0.226633 0.97398 -0
    outer loop
      vertex -17.3317 13.3327 0
      vertex -17.44 13.3579 4
      vertex -17.3317 13.3327 4
    endloop
  endfacet
  facet normal 0.226633 0.97398 0
    outer loop
      vertex -17.44 13.3579 4
      vertex -17.3317 13.3327 0
      vertex -17.44 13.3579 0
    endloop
  endfacet
  facet normal 0.995187 0.0979904 0
    outer loop
      vertex -18.6855 14.7781 4
      vertex -18.6964 14.8888 0
      vertex -18.6964 14.8888 4
    endloop
  endfacet
  facet normal 0.995187 0.0979904 0
    outer loop
      vertex -18.6964 14.8888 0
      vertex -18.6855 14.7781 4
      vertex -18.6855 14.7781 0
    endloop
  endfacet
  facet normal 0.97398 0.226633 0
    outer loop
      vertex -18.6421 14.56 4
      vertex -18.6673 14.6683 0
      vertex -18.6673 14.6683 4
    endloop
  endfacet
  facet normal 0.97398 0.226633 0
    outer loop
      vertex -18.6673 14.6683 0
      vertex -18.6421 14.56 4
      vertex -18.6421 14.56 0
    endloop
  endfacet
  facet normal 0.910859 0.412719 0
    outer loop
      vertex -18.5247 14.2481 4
      vertex -18.5706 14.3494 0
      vertex -18.5706 14.3494 4
    endloop
  endfacet
  facet normal 0.910859 0.412719 0
    outer loop
      vertex -18.5706 14.3494 0
      vertex -18.5247 14.2481 4
      vertex -18.5247 14.2481 0
    endloop
  endfacet
  facet normal 0.956881 0.290482 0
    outer loop
      vertex -18.6098 14.4536 4
      vertex -18.6421 14.56 0
      vertex -18.6421 14.56 4
    endloop
  endfacet
  facet normal 0.956881 0.290482 0
    outer loop
      vertex -18.6421 14.56 0
      vertex -18.6098 14.4536 4
      vertex -18.6098 14.4536 0
    endloop
  endfacet
  facet normal 0.93596 0.352108 0
    outer loop
      vertex -18.5706 14.3494 4
      vertex -18.6098 14.4536 0
      vertex -18.6098 14.4536 4
    endloop
  endfacet
  facet normal 0.93596 0.352108 0
    outer loop
      vertex -18.6098 14.4536 0
      vertex -18.5706 14.3494 4
      vertex -18.5706 14.3494 0
    endloop
  endfacet
  facet normal 0.81276 0.582598 0
    outer loop
      vertex -18.3487 13.9651 4
      vertex -18.4135 14.0555 0
      vertex -18.4135 14.0555 4
    endloop
  endfacet
  facet normal 0.81276 0.582598 0
    outer loop
      vertex -18.4135 14.0555 0
      vertex -18.3487 13.9651 4
      vertex -18.3487 13.9651 0
    endloop
  endfacet
  facet normal 0.683343 0.730098 -0
    outer loop
      vertex -18.1209 13.7219 0
      vertex -18.2021 13.7979 4
      vertex -18.1209 13.7219 4
    endloop
  endfacet
  facet normal 0.683343 0.730098 0
    outer loop
      vertex -18.2021 13.7979 4
      vertex -18.1209 13.7219 0
      vertex -18.2021 13.7979 0
    endloop
  endfacet
  facet normal -0.226633 0.97398 0
    outer loop
      vertex -16.56 13.3579 0
      vertex -16.6683 13.3327 3
      vertex -16.56 13.3579 3
    endloop
  endfacet
  facet normal -0.226633 0.97398 0
    outer loop
      vertex -16.6683 13.3327 3
      vertex -16.56 13.3579 0
      vertex -16.6683 13.3327 0
    endloop
  endfacet
  facet normal -0.986539 0.163525 0
    outer loop
      vertex -15.3327 14.6683 0
      vertex -15.3145 14.7781 3
      vertex -15.3145 14.7781 0
    endloop
  endfacet
  facet normal -0.986539 0.163525 0
    outer loop
      vertex -15.3145 14.7781 3
      vertex -15.3327 14.6683 0
      vertex -15.3327 14.6683 3
    endloop
  endfacet
  facet normal -0.910859 0.412719 0
    outer loop
      vertex -15.4753 14.2481 0
      vertex -15.4294 14.3494 3
      vertex -15.4294 14.3494 0
    endloop
  endfacet
  facet normal -0.910859 0.412719 0
    outer loop
      vertex -15.4294 14.3494 3
      vertex -15.4753 14.2481 0
      vertex -15.4753 14.2481 3
    endloop
  endfacet
  facet normal -0.730098 0.683343 0
    outer loop
      vertex -15.7979 13.7979 0
      vertex -15.7219 13.8791 3
      vertex -15.7219 13.8791 0
    endloop
  endfacet
  facet normal -0.730098 0.683343 0
    outer loop
      vertex -15.7219 13.8791 3
      vertex -15.7979 13.7979 0
      vertex -15.7979 13.7979 3
    endloop
  endfacet
  facet normal -0.527654 0.84946 0
    outer loop
      vertex -16.0555 13.5865 0
      vertex -16.15 13.5278 3
      vertex -16.0555 13.5865 3
    endloop
  endfacet
  facet normal -0.527654 0.84946 0
    outer loop
      vertex -16.15 13.5278 3
      vertex -16.0555 13.5865 0
      vertex -16.15 13.5278 0
    endloop
  endfacet
  facet normal -0.471847 0.88168 0
    outer loop
      vertex -16.15 13.5278 0
      vertex -16.2481 13.4753 3
      vertex -16.15 13.5278 3
    endloop
  endfacet
  facet normal -0.471847 0.88168 0
    outer loop
      vertex -16.2481 13.4753 3
      vertex -16.15 13.5278 0
      vertex -16.2481 13.4753 0
    endloop
  endfacet
  facet normal -0.84946 0.527654 0
    outer loop
      vertex -15.5865 14.0555 0
      vertex -15.5278 14.15 3
      vertex -15.5278 14.15 0
    endloop
  endfacet
  facet normal -0.84946 0.527654 0
    outer loop
      vertex -15.5278 14.15 3
      vertex -15.5865 14.0555 0
      vertex -15.5865 14.0555 3
    endloop
  endfacet
  facet normal 0.582598 0.81276 -0
    outer loop
      vertex -17.9445 13.5865 0
      vertex -18.0349 13.6513 4
      vertex -17.9445 13.5865 4
    endloop
  endfacet
  facet normal 0.582598 0.81276 0
    outer loop
      vertex -18.0349 13.6513 4
      vertex -17.9445 13.5865 0
      vertex -18.0349 13.6513 0
    endloop
  endfacet
  facet normal 0.352108 0.93596 -0
    outer loop
      vertex -17.5464 13.3902 0
      vertex -17.6506 13.4294 4
      vertex -17.5464 13.3902 4
    endloop
  endfacet
  facet normal 0.352108 0.93596 0
    outer loop
      vertex -17.6506 13.4294 4
      vertex -17.5464 13.3902 0
      vertex -17.6506 13.4294 0
    endloop
  endfacet
  facet normal 0.163525 0.986539 -0
    outer loop
      vertex -17.2219 13.3145 0
      vertex -17.3317 13.3327 4
      vertex -17.2219 13.3145 4
    endloop
  endfacet
  facet normal 0.163525 0.986539 0
    outer loop
      vertex -17.3317 13.3327 4
      vertex -17.2219 13.3145 0
      vertex -17.3317 13.3327 0
    endloop
  endfacet
  facet normal 0.986539 0.163525 0
    outer loop
      vertex -18.6673 14.6683 4
      vertex -18.6855 14.7781 0
      vertex -18.6855 14.7781 4
    endloop
  endfacet
  facet normal 0.986539 0.163525 0
    outer loop
      vertex -18.6855 14.7781 0
      vertex -18.6673 14.6683 4
      vertex -18.6673 14.6683 0
    endloop
  endfacet
  facet normal 0.84946 0.527654 0
    outer loop
      vertex -18.4135 14.0555 4
      vertex -18.4722 14.15 0
      vertex -18.4722 14.15 4
    endloop
  endfacet
  facet normal 0.84946 0.527654 0
    outer loop
      vertex -18.4722 14.15 0
      vertex -18.4135 14.0555 4
      vertex -18.4135 14.0555 0
    endloop
  endfacet
  facet normal -0.352108 0.93596 0
    outer loop
      vertex -16.3494 13.4294 0
      vertex -16.4536 13.3902 3
      vertex -16.3494 13.4294 3
    endloop
  endfacet
  facet normal -0.352108 0.93596 0
    outer loop
      vertex -16.4536 13.3902 3
      vertex -16.3494 13.4294 0
      vertex -16.4536 13.3902 0
    endloop
  endfacet
  facet normal 0.0323571 0.999476 -0
    outer loop
      vertex -17 13.3 3
      vertex -17.1112 13.3036 4
      vertex -17 13.3 4
    endloop
  endfacet
  facet normal 0.0323571 0.999476 0
    outer loop
      vertex -17.1112 13.3036 0
      vertex -17 13.3 3
      vertex -17 13.3 0
    endloop
  endfacet
  facet normal 0.0323571 0.999476 0
    outer loop
      vertex -17 13.3 3
      vertex -17.1112 13.3036 0
      vertex -17.1112 13.3036 4
    endloop
  endfacet
  facet normal 0.527654 0.84946 -0
    outer loop
      vertex -17.85 13.5278 0
      vertex -17.9445 13.5865 4
      vertex -17.85 13.5278 4
    endloop
  endfacet
  facet normal 0.527654 0.84946 0
    outer loop
      vertex -17.9445 13.5865 4
      vertex -17.85 13.5278 0
      vertex -17.9445 13.5865 0
    endloop
  endfacet
  facet normal 0.412719 0.910859 -0
    outer loop
      vertex -17.6506 13.4294 0
      vertex -17.7519 13.4753 4
      vertex -17.6506 13.4294 4
    endloop
  endfacet
  facet normal 0.412719 0.910859 0
    outer loop
      vertex -17.7519 13.4753 4
      vertex -17.6506 13.4294 0
      vertex -17.7519 13.4753 0
    endloop
  endfacet
  facet normal -0.986539 -0.163525 0
    outer loop
      vertex 18.6855 15.2219 0
      vertex 18.6673 15.3317 4
      vertex 18.6673 15.3317 0
    endloop
  endfacet
  facet normal -0.986539 -0.163525 0
    outer loop
      vertex 18.6673 15.3317 4
      vertex 18.6855 15.2219 0
      vertex 18.6855 15.2219 4
    endloop
  endfacet
  facet normal -0.999476 -0.0323571 0
    outer loop
      vertex 18.7 15 0
      vertex 18.6964 15.1112 4
      vertex 18.6964 15.1112 0
    endloop
  endfacet
  facet normal -0.999476 -0.0323571 0
    outer loop
      vertex 18.6964 15.1112 4
      vertex 18.7 15 0
      vertex 18.7 15 4
    endloop
  endfacet
  facet normal 0.0323571 -0.999476 0
    outer loop
      vertex 16.8888 16.6964 0
      vertex 17 16.7 3
      vertex 16.8888 16.6964 3
    endloop
  endfacet
  facet normal 0.0323571 -0.999476 0
    outer loop
      vertex 17 16.7 3
      vertex 16.8888 16.6964 0
      vertex 17 16.7 0
    endloop
  endfacet
  facet normal -0.683343 -0.730098 0
    outer loop
      vertex 18.1209 16.2781 0
      vertex 18.2021 16.2021 4
      vertex 18.1209 16.2781 4
    endloop
  endfacet
  facet normal -0.683343 -0.730098 -0
    outer loop
      vertex 18.2021 16.2021 4
      vertex 18.1209 16.2781 0
      vertex 18.2021 16.2021 0
    endloop
  endfacet
  facet normal 0.412719 -0.910859 0
    outer loop
      vertex 16.2481 16.5247 0
      vertex 16.3494 16.5706 3
      vertex 16.2481 16.5247 3
    endloop
  endfacet
  facet normal 0.412719 -0.910859 0
    outer loop
      vertex 16.3494 16.5706 3
      vertex 16.2481 16.5247 0
      vertex 16.3494 16.5706 0
    endloop
  endfacet
  facet normal -0.683343 0.730098 0
    outer loop
      vertex 18.2021 13.7979 0
      vertex 18.1209 13.7219 4
      vertex 18.2021 13.7979 4
    endloop
  endfacet
  facet normal -0.683343 0.730098 0
    outer loop
      vertex 18.1209 13.7219 4
      vertex 18.2021 13.7979 0
      vertex 18.1209 13.7219 0
    endloop
  endfacet
  facet normal -0.910859 -0.412719 0
    outer loop
      vertex 18.5706 15.6506 0
      vertex 18.5247 15.7519 4
      vertex 18.5247 15.7519 0
    endloop
  endfacet
  facet normal -0.910859 -0.412719 0
    outer loop
      vertex 18.5247 15.7519 4
      vertex 18.5706 15.6506 0
      vertex 18.5706 15.6506 4
    endloop
  endfacet
  facet normal -0.352108 -0.93596 0
    outer loop
      vertex 17.5464 16.6098 0
      vertex 17.6506 16.5706 4
      vertex 17.5464 16.6098 4
    endloop
  endfacet
  facet normal -0.352108 -0.93596 -0
    outer loop
      vertex 17.6506 16.5706 4
      vertex 17.5464 16.6098 0
      vertex 17.6506 16.5706 0
    endloop
  endfacet
  facet normal 0.88168 -0.471847 0
    outer loop
      vertex 15.4753 15.7519 3
      vertex 15.5278 15.85 0
      vertex 15.5278 15.85 3
    endloop
  endfacet
  facet normal 0.88168 -0.471847 0
    outer loop
      vertex 15.5278 15.85 0
      vertex 15.4753 15.7519 3
      vertex 15.4753 15.7519 0
    endloop
  endfacet
  facet normal 0.999476 0.0323571 0
    outer loop
      vertex 15.3036 14.8888 3
      vertex 15.3 15 0
      vertex 15.3 15 3
    endloop
  endfacet
  facet normal 0.999476 0.0323571 0
    outer loop
      vertex 15.3 15 0
      vertex 15.3036 14.8888 3
      vertex 15.3036 14.8888 0
    endloop
  endfacet
  facet normal 0.683343 -0.730098 0
    outer loop
      vertex 15.7979 16.2021 0
      vertex 15.8791 16.2781 3
      vertex 15.7979 16.2021 3
    endloop
  endfacet
  facet normal 0.683343 -0.730098 0
    outer loop
      vertex 15.8791 16.2781 3
      vertex 15.7979 16.2021 0
      vertex 15.8791 16.2781 0
    endloop
  endfacet
  facet normal -0.97398 -0.226633 0
    outer loop
      vertex 18.6673 15.3317 0
      vertex 18.6421 15.44 4
      vertex 18.6421 15.44 0
    endloop
  endfacet
  facet normal -0.97398 -0.226633 0
    outer loop
      vertex 18.6421 15.44 4
      vertex 18.6673 15.3317 0
      vertex 18.6673 15.3317 4
    endloop
  endfacet
  facet normal -0.81276 -0.582598 0
    outer loop
      vertex 18.4135 15.9445 0
      vertex 18.3487 16.0349 4
      vertex 18.3487 16.0349 0
    endloop
  endfacet
  facet normal -0.81276 -0.582598 0
    outer loop
      vertex 18.3487 16.0349 4
      vertex 18.4135 15.9445 0
      vertex 18.4135 15.9445 4
    endloop
  endfacet
  facet normal -0.772915 -0.634509 0
    outer loop
      vertex 18.3487 16.0349 0
      vertex 18.2781 16.1209 4
      vertex 18.2781 16.1209 0
    endloop
  endfacet
  facet normal -0.772915 -0.634509 0
    outer loop
      vertex 18.2781 16.1209 4
      vertex 18.3487 16.0349 0
      vertex 18.3487 16.0349 4
    endloop
  endfacet
  facet normal -0.84946 -0.527654 0
    outer loop
      vertex 18.4722 15.85 0
      vertex 18.4135 15.9445 4
      vertex 18.4135 15.9445 0
    endloop
  endfacet
  facet normal -0.84946 -0.527654 0
    outer loop
      vertex 18.4135 15.9445 4
      vertex 18.4722 15.85 0
      vertex 18.4722 15.85 4
    endloop
  endfacet
  facet normal -0.163525 -0.986539 0
    outer loop
      vertex 17.2219 16.6855 0
      vertex 17.3317 16.6673 4
      vertex 17.2219 16.6855 4
    endloop
  endfacet
  facet normal -0.163525 -0.986539 -0
    outer loop
      vertex 17.3317 16.6673 4
      vertex 17.2219 16.6855 0
      vertex 17.3317 16.6673 0
    endloop
  endfacet
  facet normal -0.290482 -0.956881 0
    outer loop
      vertex 17.44 16.6421 0
      vertex 17.5464 16.6098 4
      vertex 17.44 16.6421 4
    endloop
  endfacet
  facet normal -0.290482 -0.956881 -0
    outer loop
      vertex 17.5464 16.6098 4
      vertex 17.44 16.6421 0
      vertex 17.5464 16.6098 0
    endloop
  endfacet
  facet normal -0.0323571 -0.999476 0
    outer loop
      vertex 17 16.7 3
      vertex 17.1112 16.6964 4
      vertex 17 16.7 4
    endloop
  endfacet
  facet normal -0.0323571 -0.999476 0
    outer loop
      vertex 17.1112 16.6964 0
      vertex 17 16.7 3
      vertex 17 16.7 0
    endloop
  endfacet
  facet normal -0.0323571 -0.999476 0
    outer loop
      vertex 17 16.7 3
      vertex 17.1112 16.6964 0
      vertex 17.1112 16.6964 4
    endloop
  endfacet
  facet normal -0.634509 -0.772915 0
    outer loop
      vertex 18.0349 16.3487 0
      vertex 18.1209 16.2781 4
      vertex 18.0349 16.3487 4
    endloop
  endfacet
  facet normal -0.634509 -0.772915 -0
    outer loop
      vertex 18.1209 16.2781 4
      vertex 18.0349 16.3487 0
      vertex 18.1209 16.2781 0
    endloop
  endfacet
  facet normal -0.412719 -0.910859 0
    outer loop
      vertex 17.6506 16.5706 0
      vertex 17.7519 16.5247 4
      vertex 17.6506 16.5706 4
    endloop
  endfacet
  facet normal -0.412719 -0.910859 -0
    outer loop
      vertex 17.7519 16.5247 4
      vertex 17.6506 16.5706 0
      vertex 17.7519 16.5247 0
    endloop
  endfacet
  facet normal 0.986539 -0.163525 0
    outer loop
      vertex 15.3145 15.2219 3
      vertex 15.3327 15.3317 0
      vertex 15.3327 15.3317 3
    endloop
  endfacet
  facet normal 0.986539 -0.163525 0
    outer loop
      vertex 15.3327 15.3317 0
      vertex 15.3145 15.2219 3
      vertex 15.3145 15.2219 0
    endloop
  endfacet
  facet normal 0.93596 -0.352108 0
    outer loop
      vertex 15.3902 15.5464 3
      vertex 15.4294 15.6506 0
      vertex 15.4294 15.6506 3
    endloop
  endfacet
  facet normal 0.93596 -0.352108 0
    outer loop
      vertex 15.4294 15.6506 0
      vertex 15.3902 15.5464 3
      vertex 15.3902 15.5464 0
    endloop
  endfacet
  facet normal 0.956881 -0.290482 0
    outer loop
      vertex 15.3579 15.44 3
      vertex 15.3902 15.5464 0
      vertex 15.3902 15.5464 3
    endloop
  endfacet
  facet normal 0.956881 -0.290482 0
    outer loop
      vertex 15.3902 15.5464 0
      vertex 15.3579 15.44 3
      vertex 15.3579 15.44 0
    endloop
  endfacet
  facet normal 0.999476 -0.0323571 0
    outer loop
      vertex 15.3 15 3
      vertex 15.3036 15.1112 0
      vertex 15.3036 15.1112 3
    endloop
  endfacet
  facet normal 0.999476 -0.0323571 0
    outer loop
      vertex 15.3036 15.1112 0
      vertex 15.3 15 3
      vertex 15.3 15 0
    endloop
  endfacet
  facet normal 0.582598 -0.81276 0
    outer loop
      vertex 15.9651 16.3487 0
      vertex 16.0555 16.4135 3
      vertex 15.9651 16.3487 3
    endloop
  endfacet
  facet normal 0.582598 -0.81276 0
    outer loop
      vertex 16.0555 16.4135 3
      vertex 15.9651 16.3487 0
      vertex 16.0555 16.4135 0
    endloop
  endfacet
  facet normal 0.634509 -0.772915 0
    outer loop
      vertex 15.8791 16.2781 0
      vertex 15.9651 16.3487 3
      vertex 15.8791 16.2781 3
    endloop
  endfacet
  facet normal 0.634509 -0.772915 0
    outer loop
      vertex 15.9651 16.3487 3
      vertex 15.8791 16.2781 0
      vertex 15.9651 16.3487 0
    endloop
  endfacet
  facet normal 0.163525 -0.986539 0
    outer loop
      vertex 16.6683 16.6673 0
      vertex 16.7781 16.6855 3
      vertex 16.6683 16.6673 3
    endloop
  endfacet
  facet normal 0.163525 -0.986539 0
    outer loop
      vertex 16.7781 16.6855 3
      vertex 16.6683 16.6673 0
      vertex 16.7781 16.6855 0
    endloop
  endfacet
  facet normal 0.352108 -0.93596 0
    outer loop
      vertex 16.3494 16.5706 0
      vertex 16.4536 16.6098 3
      vertex 16.3494 16.5706 3
    endloop
  endfacet
  facet normal 0.352108 -0.93596 0
    outer loop
      vertex 16.4536 16.6098 3
      vertex 16.3494 16.5706 0
      vertex 16.4536 16.6098 0
    endloop
  endfacet
  facet normal 0.226633 -0.97398 0
    outer loop
      vertex 16.56 16.6421 0
      vertex 16.6683 16.6673 3
      vertex 16.56 16.6421 3
    endloop
  endfacet
  facet normal 0.226633 -0.97398 0
    outer loop
      vertex 16.6683 16.6673 3
      vertex 16.56 16.6421 0
      vertex 16.6683 16.6673 0
    endloop
  endfacet
  facet normal -0.999476 0.0323571 0
    outer loop
      vertex 18.6964 14.8888 0
      vertex 18.7 15 4
      vertex 18.7 15 0
    endloop
  endfacet
  facet normal -0.999476 0.0323571 0
    outer loop
      vertex 18.7 15 4
      vertex 18.6964 14.8888 0
      vertex 18.6964 14.8888 4
    endloop
  endfacet
  facet normal -0.93596 0.352108 0
    outer loop
      vertex 18.5706 14.3494 0
      vertex 18.6098 14.4536 4
      vertex 18.6098 14.4536 0
    endloop
  endfacet
  facet normal -0.93596 0.352108 0
    outer loop
      vertex 18.6098 14.4536 4
      vertex 18.5706 14.3494 0
      vertex 18.5706 14.3494 4
    endloop
  endfacet
  facet normal 0.772915 0.634509 0
    outer loop
      vertex 15.7219 13.8791 3
      vertex 15.6513 13.9651 0
      vertex 15.6513 13.9651 3
    endloop
  endfacet
  facet normal 0.772915 0.634509 0
    outer loop
      vertex 15.6513 13.9651 0
      vertex 15.7219 13.8791 3
      vertex 15.7219 13.8791 0
    endloop
  endfacet
  facet normal 0.910859 0.412719 0
    outer loop
      vertex 15.4753 14.2481 3
      vertex 15.4294 14.3494 0
      vertex 15.4294 14.3494 3
    endloop
  endfacet
  facet normal 0.910859 0.412719 0
    outer loop
      vertex 15.4294 14.3494 0
      vertex 15.4753 14.2481 3
      vertex 15.4753 14.2481 0
    endloop
  endfacet
  facet normal -0.412719 0.910859 0
    outer loop
      vertex 17.7519 13.4753 0
      vertex 17.6506 13.4294 4
      vertex 17.7519 13.4753 4
    endloop
  endfacet
  facet normal -0.412719 0.910859 0
    outer loop
      vertex 17.6506 13.4294 4
      vertex 17.7519 13.4753 0
      vertex 17.6506 13.4294 0
    endloop
  endfacet
  facet normal -0.995187 -0.0979904 0
    outer loop
      vertex 18.6964 15.1112 0
      vertex 18.6855 15.2219 4
      vertex 18.6855 15.2219 0
    endloop
  endfacet
  facet normal -0.995187 -0.0979904 0
    outer loop
      vertex 18.6855 15.2219 4
      vertex 18.6964 15.1112 0
      vertex 18.6964 15.1112 4
    endloop
  endfacet
  facet normal -0.956881 -0.290482 0
    outer loop
      vertex 18.6421 15.44 0
      vertex 18.6098 15.5464 4
      vertex 18.6098 15.5464 0
    endloop
  endfacet
  facet normal -0.956881 -0.290482 0
    outer loop
      vertex 18.6098 15.5464 4
      vertex 18.6421 15.44 0
      vertex 18.6421 15.44 4
    endloop
  endfacet
  facet normal -0.93596 -0.352108 0
    outer loop
      vertex 18.6098 15.5464 0
      vertex 18.5706 15.6506 4
      vertex 18.5706 15.6506 0
    endloop
  endfacet
  facet normal -0.93596 -0.352108 0
    outer loop
      vertex 18.5706 15.6506 4
      vertex 18.6098 15.5464 0
      vertex 18.6098 15.5464 4
    endloop
  endfacet
  facet normal -0.730098 -0.683343 0
    outer loop
      vertex 18.2781 16.1209 0
      vertex 18.2021 16.2021 4
      vertex 18.2021 16.2021 0
    endloop
  endfacet
  facet normal -0.730098 -0.683343 0
    outer loop
      vertex 18.2021 16.2021 4
      vertex 18.2781 16.1209 0
      vertex 18.2781 16.1209 4
    endloop
  endfacet
  facet normal -0.88168 -0.471847 0
    outer loop
      vertex 18.5247 15.7519 0
      vertex 18.4722 15.85 4
      vertex 18.4722 15.85 0
    endloop
  endfacet
  facet normal -0.88168 -0.471847 0
    outer loop
      vertex 18.4722 15.85 4
      vertex 18.5247 15.7519 0
      vertex 18.5247 15.7519 4
    endloop
  endfacet
  facet normal -0.226633 -0.97398 0
    outer loop
      vertex 17.3317 16.6673 0
      vertex 17.44 16.6421 4
      vertex 17.3317 16.6673 4
    endloop
  endfacet
  facet normal -0.226633 -0.97398 -0
    outer loop
      vertex 17.44 16.6421 4
      vertex 17.3317 16.6673 0
      vertex 17.44 16.6421 0
    endloop
  endfacet
  facet normal -0.0979904 -0.995187 0
    outer loop
      vertex 17.1112 16.6964 0
      vertex 17.2219 16.6855 4
      vertex 17.1112 16.6964 4
    endloop
  endfacet
  facet normal -0.0979904 -0.995187 -0
    outer loop
      vertex 17.2219 16.6855 4
      vertex 17.1112 16.6964 0
      vertex 17.2219 16.6855 0
    endloop
  endfacet
  facet normal -0.471847 -0.88168 0
    outer loop
      vertex 17.7519 16.5247 0
      vertex 17.85 16.4722 4
      vertex 17.7519 16.5247 4
    endloop
  endfacet
  facet normal -0.471847 -0.88168 -0
    outer loop
      vertex 17.85 16.4722 4
      vertex 17.7519 16.5247 0
      vertex 17.85 16.4722 0
    endloop
  endfacet
  facet normal -0.582598 -0.81276 0
    outer loop
      vertex 17.9445 16.4135 0
      vertex 18.0349 16.3487 4
      vertex 17.9445 16.4135 4
    endloop
  endfacet
  facet normal -0.582598 -0.81276 -0
    outer loop
      vertex 18.0349 16.3487 4
      vertex 17.9445 16.4135 0
      vertex 18.0349 16.3487 0
    endloop
  endfacet
  facet normal -0.527654 -0.84946 0
    outer loop
      vertex 17.85 16.4722 0
      vertex 17.9445 16.4135 4
      vertex 17.85 16.4722 4
    endloop
  endfacet
  facet normal -0.527654 -0.84946 -0
    outer loop
      vertex 17.9445 16.4135 4
      vertex 17.85 16.4722 0
      vertex 17.9445 16.4135 0
    endloop
  endfacet
  facet normal 0.910859 -0.412719 0
    outer loop
      vertex 15.4294 15.6506 3
      vertex 15.4753 15.7519 0
      vertex 15.4753 15.7519 3
    endloop
  endfacet
  facet normal 0.910859 -0.412719 0
    outer loop
      vertex 15.4753 15.7519 0
      vertex 15.4294 15.6506 3
      vertex 15.4294 15.6506 0
    endloop
  endfacet
  facet normal 0.97398 -0.226633 0
    outer loop
      vertex 15.3327 15.3317 3
      vertex 15.3579 15.44 0
      vertex 15.3579 15.44 3
    endloop
  endfacet
  facet normal 0.97398 -0.226633 0
    outer loop
      vertex 15.3579 15.44 0
      vertex 15.3327 15.3317 3
      vertex 15.3327 15.3317 0
    endloop
  endfacet
  facet normal 0.995187 -0.0979904 0
    outer loop
      vertex 15.3036 15.1112 3
      vertex 15.3145 15.2219 0
      vertex 15.3145 15.2219 3
    endloop
  endfacet
  facet normal 0.995187 -0.0979904 0
    outer loop
      vertex 15.3145 15.2219 0
      vertex 15.3036 15.1112 3
      vertex 15.3036 15.1112 0
    endloop
  endfacet
  facet normal 0.730098 -0.683343 0
    outer loop
      vertex 15.7219 16.1209 3
      vertex 15.7979 16.2021 0
      vertex 15.7979 16.2021 3
    endloop
  endfacet
  facet normal 0.730098 -0.683343 0
    outer loop
      vertex 15.7979 16.2021 0
      vertex 15.7219 16.1209 3
      vertex 15.7219 16.1209 0
    endloop
  endfacet
  facet normal 0.471847 -0.88168 0
    outer loop
      vertex 16.15 16.4722 0
      vertex 16.2481 16.5247 3
      vertex 16.15 16.4722 3
    endloop
  endfacet
  facet normal 0.471847 -0.88168 0
    outer loop
      vertex 16.2481 16.5247 3
      vertex 16.15 16.4722 0
      vertex 16.2481 16.5247 0
    endloop
  endfacet
  facet normal 0.527654 -0.84946 0
    outer loop
      vertex 16.0555 16.4135 0
      vertex 16.15 16.4722 3
      vertex 16.0555 16.4135 3
    endloop
  endfacet
  facet normal 0.527654 -0.84946 0
    outer loop
      vertex 16.15 16.4722 3
      vertex 16.0555 16.4135 0
      vertex 16.15 16.4722 0
    endloop
  endfacet
  facet normal 0.290482 -0.956881 0
    outer loop
      vertex 16.4536 16.6098 0
      vertex 16.56 16.6421 3
      vertex 16.4536 16.6098 3
    endloop
  endfacet
  facet normal 0.290482 -0.956881 0
    outer loop
      vertex 16.56 16.6421 3
      vertex 16.4536 16.6098 0
      vertex 16.56 16.6421 0
    endloop
  endfacet
  facet normal 0.0979904 -0.995187 0
    outer loop
      vertex 16.7781 16.6855 0
      vertex 16.8888 16.6964 3
      vertex 16.7781 16.6855 3
    endloop
  endfacet
  facet normal 0.0979904 -0.995187 0
    outer loop
      vertex 16.8888 16.6964 3
      vertex 16.7781 16.6855 0
      vertex 16.8888 16.6964 0
    endloop
  endfacet
  facet normal -0.995187 0.0979904 0
    outer loop
      vertex 18.6855 14.7781 0
      vertex 18.6964 14.8888 4
      vertex 18.6964 14.8888 0
    endloop
  endfacet
  facet normal -0.995187 0.0979904 0
    outer loop
      vertex 18.6964 14.8888 4
      vertex 18.6855 14.7781 0
      vertex 18.6855 14.7781 4
    endloop
  endfacet
  facet normal -0.97398 0.226633 0
    outer loop
      vertex 18.6421 14.56 0
      vertex 18.6673 14.6683 4
      vertex 18.6673 14.6683 0
    endloop
  endfacet
  facet normal -0.97398 0.226633 0
    outer loop
      vertex 18.6673 14.6683 4
      vertex 18.6421 14.56 0
      vertex 18.6421 14.56 4
    endloop
  endfacet
  facet normal -0.471847 0.88168 0
    outer loop
      vertex 17.85 13.5278 0
      vertex 17.7519 13.4753 4
      vertex 17.85 13.5278 4
    endloop
  endfacet
  facet normal -0.471847 0.88168 0
    outer loop
      vertex 17.7519 13.4753 4
      vertex 17.85 13.5278 0
      vertex 17.7519 13.4753 0
    endloop
  endfacet
  facet normal -0.730098 0.683343 0
    outer loop
      vertex 18.2021 13.7979 0
      vertex 18.2781 13.8791 4
      vertex 18.2781 13.8791 0
    endloop
  endfacet
  facet normal -0.730098 0.683343 0
    outer loop
      vertex 18.2781 13.8791 4
      vertex 18.2021 13.7979 0
      vertex 18.2021 13.7979 4
    endloop
  endfacet
  facet normal -0.772915 0.634509 0
    outer loop
      vertex 18.2781 13.8791 0
      vertex 18.3487 13.9651 4
      vertex 18.3487 13.9651 0
    endloop
  endfacet
  facet normal -0.772915 0.634509 0
    outer loop
      vertex 18.3487 13.9651 4
      vertex 18.2781 13.8791 0
      vertex 18.2781 13.8791 4
    endloop
  endfacet
  facet normal -0.0323571 0.999476 0
    outer loop
      vertex 17.1112 13.3036 4
      vertex 17 13.3 3
      vertex 17 13.3 4
    endloop
  endfacet
  facet normal -0.0323571 0.999476 0
    outer loop
      vertex 17.1112 13.3036 0
      vertex 17 13.3 3
      vertex 17.1112 13.3036 4
    endloop
  endfacet
  facet normal -0.0323571 0.999476 0
    outer loop
      vertex 17 13.3 3
      vertex 17.1112 13.3036 0
      vertex 17 13.3 0
    endloop
  endfacet
  facet normal 0.352108 0.93596 -0
    outer loop
      vertex 16.4536 13.3902 0
      vertex 16.3494 13.4294 3
      vertex 16.4536 13.3902 3
    endloop
  endfacet
  facet normal 0.352108 0.93596 0
    outer loop
      vertex 16.3494 13.4294 3
      vertex 16.4536 13.3902 0
      vertex 16.3494 13.4294 0
    endloop
  endfacet
  facet normal 0.730098 0.683343 0
    outer loop
      vertex 15.7979 13.7979 3
      vertex 15.7219 13.8791 0
      vertex 15.7219 13.8791 3
    endloop
  endfacet
  facet normal 0.730098 0.683343 0
    outer loop
      vertex 15.7219 13.8791 0
      vertex 15.7979 13.7979 3
      vertex 15.7979 13.7979 0
    endloop
  endfacet
  facet normal 0.97398 0.226633 0
    outer loop
      vertex 15.3579 14.56 3
      vertex 15.3327 14.6683 0
      vertex 15.3327 14.6683 3
    endloop
  endfacet
  facet normal 0.97398 0.226633 0
    outer loop
      vertex 15.3327 14.6683 0
      vertex 15.3579 14.56 3
      vertex 15.3579 14.56 0
    endloop
  endfacet
  facet normal -0.0979904 0.995187 0
    outer loop
      vertex 17.2219 13.3145 0
      vertex 17.1112 13.3036 4
      vertex 17.2219 13.3145 4
    endloop
  endfacet
  facet normal -0.0979904 0.995187 0
    outer loop
      vertex 17.1112 13.3036 4
      vertex 17.2219 13.3145 0
      vertex 17.1112 13.3036 0
    endloop
  endfacet
  facet normal 0.84946 -0.527654 0
    outer loop
      vertex 15.5278 15.85 3
      vertex 15.5865 15.9445 0
      vertex 15.5865 15.9445 3
    endloop
  endfacet
  facet normal 0.84946 -0.527654 0
    outer loop
      vertex 15.5865 15.9445 0
      vertex 15.5278 15.85 3
      vertex 15.5278 15.85 0
    endloop
  endfacet
  facet normal 0.81276 -0.582598 0
    outer loop
      vertex 15.5865 15.9445 3
      vertex 15.6513 16.0349 0
      vertex 15.6513 16.0349 3
    endloop
  endfacet
  facet normal 0.81276 -0.582598 0
    outer loop
      vertex 15.6513 16.0349 0
      vertex 15.5865 15.9445 3
      vertex 15.5865 15.9445 0
    endloop
  endfacet
  facet normal 0.772915 -0.634509 0
    outer loop
      vertex 15.6513 16.0349 3
      vertex 15.7219 16.1209 0
      vertex 15.7219 16.1209 3
    endloop
  endfacet
  facet normal 0.772915 -0.634509 0
    outer loop
      vertex 15.7219 16.1209 0
      vertex 15.6513 16.0349 3
      vertex 15.6513 16.0349 0
    endloop
  endfacet
  facet normal 0 0 -1
    outer loop
      vertex 18.6964 14.8888 4
      vertex 18.6964 15.1112 4
      vertex 18.7 15 4
    endloop
  endfacet
  facet normal 0 0 -1
    outer loop
      vertex 18.6855 14.7781 4
      vertex 18.6964 15.1112 4
      vertex 18.6964 14.8888 4
    endloop
  endfacet
  facet normal 0 0 -1
    outer loop
      vertex 18.6855 14.7781 4
      vertex 18.6855 15.2219 4
      vertex 18.6964 15.1112 4
    endloop
  endfacet
  facet normal 0 0 -1
    outer loop
      vertex 18.6673 14.6683 4
      vertex 18.6855 15.2219 4
      vertex 18.6855 14.7781 4
    endloop
  endfacet
  facet normal 0 0 -1
    outer loop
      vertex 18.6673 14.6683 4
      vertex 18.6673 15.3317 4
      vertex 18.6855 15.2219 4
    endloop
  endfacet
  facet normal 0 0 -1
    outer loop
      vertex 18.6421 14.56 4
      vertex 18.6673 15.3317 4
      vertex 18.6673 14.6683 4
    endloop
  endfacet
  facet normal 0 0 -1
    outer loop
      vertex 18.6421 14.56 4
      vertex 18.6421 15.44 4
      vertex 18.6673 15.3317 4
    endloop
  endfacet
  facet normal 0 0 -1
    outer loop
      vertex 18.6098 14.4536 4
      vertex 18.6421 15.44 4
      vertex 18.6421 14.56 4
    endloop
  endfacet
  facet normal 0 0 -1
    outer loop
      vertex 18.6098 14.4536 4
      vertex 18.6098 15.5464 4
      vertex 18.6421 15.44 4
    endloop
  endfacet
  facet normal 0 0 -1
    outer loop
      vertex 18.5706 14.3494 4
      vertex 18.6098 15.5464 4
      vertex 18.6098 14.4536 4
    endloop
  endfacet
  facet normal 0 0 -1
    outer loop
      vertex 18.5706 14.3494 4
      vertex 18.5706 15.6506 4
      vertex 18.6098 15.5464 4
    endloop
  endfacet
  facet normal 0 0 -1
    outer loop
      vertex 18.5247 14.2481 4
      vertex 18.5706 15.6506 4
      vertex 18.5706 14.3494 4
    endloop
  endfacet
  facet normal 0 0 -1
    outer loop
      vertex 18.5247 14.2481 4
      vertex 18.5247 15.7519 4
      vertex 18.5706 15.6506 4
    endloop
  endfacet
  facet normal 0 0 -1
    outer loop
      vertex 18.4722 14.15 4
      vertex 18.5247 15.7519 4
      vertex 18.5247 14.2481 4
    endloop
  endfacet
  facet normal 0 0 -1
    outer loop
      vertex 18.4722 14.15 4
      vertex 18.4722 15.85 4
      vertex 18.5247 15.7519 4
    endloop
  endfacet
  facet normal 0 0 -1
    outer loop
      vertex 18.4135 14.0555 4
      vertex 18.4722 15.85 4
      vertex 18.4722 14.15 4
    endloop
  endfacet
  facet normal 0 0 -1
    outer loop
      vertex 18.4135 14.0555 4
      vertex 18.4135 15.9445 4
      vertex 18.4722 15.85 4
    endloop
  endfacet
  facet normal 0 0 -1
    outer loop
      vertex 18.3487 13.9651 4
      vertex 18.4135 15.9445 4
      vertex 18.4135 14.0555 4
    endloop
  endfacet
  facet normal 0 0 -1
    outer loop
      vertex 18.3487 13.9651 4
      vertex 18.3487 16.0349 4
      vertex 18.4135 15.9445 4
    endloop
  endfacet
  facet normal 0 0 -1
    outer loop
      vertex 18.2781 13.8791 4
      vertex 18.3487 16.0349 4
      vertex 18.3487 13.9651 4
    endloop
  endfacet
  facet normal 0 0 -1
    outer loop
      vertex 18.2781 13.8791 4
      vertex 18.2781 16.1209 4
      vertex 18.3487 16.0349 4
    endloop
  endfacet
  facet normal 0 0 -1
    outer loop
      vertex 18.2021 13.7979 4
      vertex 18.2781 16.1209 4
      vertex 18.2781 13.8791 4
    endloop
  endfacet
  facet normal 0 0 -1
    outer loop
      vertex 18.2021 13.7979 4
      vertex 18.2021 16.2021 4
      vertex 18.2781 16.1209 4
    endloop
  endfacet
  facet normal 0 0 -1
    outer loop
      vertex 18.1209 13.7219 4
      vertex 18.2021 16.2021 4
      vertex 18.2021 13.7979 4
    endloop
  endfacet
  facet normal 0 0 -1
    outer loop
      vertex 18.1209 13.7219 4
      vertex 18.1209 16.2781 4
      vertex 18.2021 16.2021 4
    endloop
  endfacet
  facet normal 0 0 -1
    outer loop
      vertex 18.0349 13.6513 4
      vertex 18.1209 16.2781 4
      vertex 18.1209 13.7219 4
    endloop
  endfacet
  facet normal 0 0 -1
    outer loop
      vertex 18.0349 13.6513 4
      vertex 18.0349 16.3487 4
      vertex 18.1209 16.2781 4
    endloop
  endfacet
  facet normal 0 0 -1
    outer loop
      vertex 17.9445 13.5865 4
      vertex 18.0349 16.3487 4
      vertex 18.0349 13.6513 4
    endloop
  endfacet
  facet normal 0 0 -1
    outer loop
      vertex 17.9445 13.5865 4
      vertex 17.9445 16.4135 4
      vertex 18.0349 16.3487 4
    endloop
  endfacet
  facet normal 0 0 -1
    outer loop
      vertex 17.85 13.5278 4
      vertex 17.9445 16.4135 4
      vertex 17.9445 13.5865 4
    endloop
  endfacet
  facet normal 0 0 -1
    outer loop
      vertex 17.85 13.5278 4
      vertex 17.85 16.4722 4
      vertex 17.9445 16.4135 4
    endloop
  endfacet
  facet normal 0 0 -1
    outer loop
      vertex 17.7519 13.4753 4
      vertex 17.85 16.4722 4
      vertex 17.85 13.5278 4
    endloop
  endfacet
  facet normal 0 0 -1
    outer loop
      vertex 17.7519 13.4753 4
      vertex 17.7519 16.5247 4
      vertex 17.85 16.4722 4
    endloop
  endfacet
  facet normal 0 0 -1
    outer loop
      vertex 17.6506 13.4294 4
      vertex 17.7519 16.5247 4
      vertex 17.7519 13.4753 4
    endloop
  endfacet
  facet normal 0 0 -1
    outer loop
      vertex 17.6506 13.4294 4
      vertex 17.6506 16.5706 4
      vertex 17.7519 16.5247 4
    endloop
  endfacet
  facet normal 0 0 -1
    outer loop
      vertex 17.5464 13.3902 4
      vertex 17.6506 16.5706 4
      vertex 17.6506 13.4294 4
    endloop
  endfacet
  facet normal 0 0 -1
    outer loop
      vertex 17.5464 13.3902 4
      vertex 17.5464 16.6098 4
      vertex 17.6506 16.5706 4
    endloop
  endfacet
  facet normal 0 0 -1
    outer loop
      vertex 17.44 13.3579 4
      vertex 17.5464 16.6098 4
      vertex 17.5464 13.3902 4
    endloop
  endfacet
  facet normal 0 0 -1
    outer loop
      vertex 17.44 13.3579 4
      vertex 17.44 16.6421 4
      vertex 17.5464 16.6098 4
    endloop
  endfacet
  facet normal 0 0 -1
    outer loop
      vertex 17.3317 13.3327 4
      vertex 17.44 16.6421 4
      vertex 17.44 13.3579 4
    endloop
  endfacet
  facet normal 0 0 -1
    outer loop
      vertex 17.3317 13.3327 4
      vertex 17.3317 16.6673 4
      vertex 17.44 16.6421 4
    endloop
  endfacet
  facet normal 0 0 -1
    outer loop
      vertex 17.2219 13.3145 4
      vertex 17.3317 16.6673 4
      vertex 17.3317 13.3327 4
    endloop
  endfacet
  facet normal 0 0 -1
    outer loop
      vertex 17.2219 13.3145 4
      vertex 17.2219 16.6855 4
      vertex 17.3317 16.6673 4
    endloop
  endfacet
  facet normal 0 0 -1
    outer loop
      vertex 17.1112 13.3036 4
      vertex 17.2219 16.6855 4
      vertex 17.2219 13.3145 4
    endloop
  endfacet
  facet normal 0 0 -1
    outer loop
      vertex 17.1112 13.3036 4
      vertex 17.1112 16.6964 4
      vertex 17.2219 16.6855 4
    endloop
  endfacet
  facet normal 0 0 -1
    outer loop
      vertex 17 13.3 4
      vertex 17.1112 16.6964 4
      vertex 17.1112 13.3036 4
    endloop
  endfacet
  facet normal -0 0 -1
    outer loop
      vertex 17.1112 16.6964 4
      vertex 17 13.3 4
      vertex 17 16.7 4
    endloop
  endfacet
  facet normal -0.956881 0.290482 0
    outer loop
      vertex 18.6098 14.4536 0
      vertex 18.6421 14.56 4
      vertex 18.6421 14.56 0
    endloop
  endfacet
  facet normal -0.956881 0.290482 0
    outer loop
      vertex 18.6421 14.56 4
      vertex 18.6098 14.4536 0
      vertex 18.6098 14.4536 4
    endloop
  endfacet
  facet normal -0.582598 0.81276 0
    outer loop
      vertex 18.0349 13.6513 0
      vertex 17.9445 13.5865 4
      vertex 18.0349 13.6513 4
    endloop
  endfacet
  facet normal -0.582598 0.81276 0
    outer loop
      vertex 17.9445 13.5865 4
      vertex 18.0349 13.6513 0
      vertex 17.9445 13.5865 0
    endloop
  endfacet
  facet normal -0.634509 0.772915 0
    outer loop
      vertex 18.1209 13.7219 0
      vertex 18.0349 13.6513 4
      vertex 18.1209 13.7219 4
    endloop
  endfacet
  facet normal -0.634509 0.772915 0
    outer loop
      vertex 18.0349 13.6513 4
      vertex 18.1209 13.7219 0
      vertex 18.0349 13.6513 0
    endloop
  endfacet
  facet normal -0.81276 0.582598 0
    outer loop
      vertex 18.3487 13.9651 0
      vertex 18.4135 14.0555 4
      vertex 18.4135 14.0555 0
    endloop
  endfacet
  facet normal -0.81276 0.582598 0
    outer loop
      vertex 18.4135 14.0555 4
      vertex 18.3487 13.9651 0
      vertex 18.3487 13.9651 4
    endloop
  endfacet
  facet normal 0.290482 0.956881 -0
    outer loop
      vertex 16.56 13.3579 0
      vertex 16.4536 13.3902 3
      vertex 16.56 13.3579 3
    endloop
  endfacet
  facet normal 0.290482 0.956881 0
    outer loop
      vertex 16.4536 13.3902 3
      vertex 16.56 13.3579 0
      vertex 16.4536 13.3902 0
    endloop
  endfacet
  facet normal 0.634509 0.772915 -0
    outer loop
      vertex 15.9651 13.6513 0
      vertex 15.8791 13.7219 3
      vertex 15.9651 13.6513 3
    endloop
  endfacet
  facet normal 0.634509 0.772915 0
    outer loop
      vertex 15.8791 13.7219 3
      vertex 15.9651 13.6513 0
      vertex 15.8791 13.7219 0
    endloop
  endfacet
  facet normal 0.683343 0.730098 -0
    outer loop
      vertex 15.8791 13.7219 0
      vertex 15.7979 13.7979 3
      vertex 15.8791 13.7219 3
    endloop
  endfacet
  facet normal 0.683343 0.730098 0
    outer loop
      vertex 15.7979 13.7979 3
      vertex 15.8791 13.7219 0
      vertex 15.7979 13.7979 0
    endloop
  endfacet
  facet normal 0.81276 0.582598 0
    outer loop
      vertex 15.6513 13.9651 3
      vertex 15.5865 14.0555 0
      vertex 15.5865 14.0555 3
    endloop
  endfacet
  facet normal 0.81276 0.582598 0
    outer loop
      vertex 15.5865 14.0555 0
      vertex 15.6513 13.9651 3
      vertex 15.6513 13.9651 0
    endloop
  endfacet
  facet normal 0.88168 0.471847 0
    outer loop
      vertex 15.5278 14.15 3
      vertex 15.4753 14.2481 0
      vertex 15.4753 14.2481 3
    endloop
  endfacet
  facet normal 0.88168 0.471847 0
    outer loop
      vertex 15.4753 14.2481 0
      vertex 15.5278 14.15 3
      vertex 15.5278 14.15 0
    endloop
  endfacet
  facet normal 0.995187 0.0979904 0
    outer loop
      vertex 15.3145 14.7781 3
      vertex 15.3036 14.8888 0
      vertex 15.3036 14.8888 3
    endloop
  endfacet
  facet normal 0.995187 0.0979904 0
    outer loop
      vertex 15.3036 14.8888 0
      vertex 15.3145 14.7781 3
      vertex 15.3145 14.7781 0
    endloop
  endfacet
  facet normal -0.290482 0.956881 0
    outer loop
      vertex 17.5464 13.3902 0
      vertex 17.44 13.3579 4
      vertex 17.5464 13.3902 4
    endloop
  endfacet
  facet normal -0.290482 0.956881 0
    outer loop
      vertex 17.44 13.3579 4
      vertex 17.5464 13.3902 0
      vertex 17.44 13.3579 0
    endloop
  endfacet
  facet normal -0.352108 0.93596 0
    outer loop
      vertex 17.6506 13.4294 0
      vertex 17.5464 13.3902 4
      vertex 17.6506 13.4294 4
    endloop
  endfacet
  facet normal -0.352108 0.93596 0
    outer loop
      vertex 17.5464 13.3902 4
      vertex 17.6506 13.4294 0
      vertex 17.5464 13.3902 0
    endloop
  endfacet
  facet normal -0.226633 0.97398 0
    outer loop
      vertex 17.44 13.3579 0
      vertex 17.3317 13.3327 4
      vertex 17.44 13.3579 4
    endloop
  endfacet
  facet normal -0.226633 0.97398 0
    outer loop
      vertex 17.3317 13.3327 4
      vertex 17.44 13.3579 0
      vertex 17.3317 13.3327 0
    endloop
  endfacet
  facet normal -0.910859 0.412719 0
    outer loop
      vertex 18.5247 14.2481 0
      vertex 18.5706 14.3494 4
      vertex 18.5706 14.3494 0
    endloop
  endfacet
  facet normal -0.910859 0.412719 0
    outer loop
      vertex 18.5706 14.3494 4
      vertex 18.5247 14.2481 0
      vertex 18.5247 14.2481 4
    endloop
  endfacet
  facet normal -0.88168 0.471847 0
    outer loop
      vertex 18.4722 14.15 0
      vertex 18.5247 14.2481 4
      vertex 18.5247 14.2481 0
    endloop
  endfacet
  facet normal -0.88168 0.471847 0
    outer loop
      vertex 18.5247 14.2481 4
      vertex 18.4722 14.15 0
      vertex 18.4722 14.15 4
    endloop
  endfacet
  facet normal -0.986539 0.163525 0
    outer loop
      vertex 18.6673 14.6683 0
      vertex 18.6855 14.7781 4
      vertex 18.6855 14.7781 0
    endloop
  endfacet
  facet normal -0.986539 0.163525 0
    outer loop
      vertex 18.6855 14.7781 4
      vertex 18.6673 14.6683 0
      vertex 18.6673 14.6683 4
    endloop
  endfacet
  facet normal -0.527654 0.84946 0
    outer loop
      vertex 17.9445 13.5865 0
      vertex 17.85 13.5278 4
      vertex 17.9445 13.5865 4
    endloop
  endfacet
  facet normal -0.527654 0.84946 0
    outer loop
      vertex 17.85 13.5278 4
      vertex 17.9445 13.5865 0
      vertex 17.85 13.5278 0
    endloop
  endfacet
  facet normal -0.84946 0.527654 0
    outer loop
      vertex 18.4135 14.0555 0
      vertex 18.4722 14.15 4
      vertex 18.4722 14.15 0
    endloop
  endfacet
  facet normal -0.84946 0.527654 0
    outer loop
      vertex 18.4722 14.15 4
      vertex 18.4135 14.0555 0
      vertex 18.4135 14.0555 4
    endloop
  endfacet
  facet normal 0.0323571 0.999476 -0
    outer loop
      vertex 17 13.3 0
      vertex 16.8888 13.3036 3
      vertex 17 13.3 3
    endloop
  endfacet
  facet normal 0.0323571 0.999476 0
    outer loop
      vertex 16.8888 13.3036 3
      vertex 17 13.3 0
      vertex 16.8888 13.3036 0
    endloop
  endfacet
  facet normal 0.0979904 0.995187 -0
    outer loop
      vertex 16.8888 13.3036 0
      vertex 16.7781 13.3145 3
      vertex 16.8888 13.3036 3
    endloop
  endfacet
  facet normal 0.0979904 0.995187 0
    outer loop
      vertex 16.7781 13.3145 3
      vertex 16.8888 13.3036 0
      vertex 16.7781 13.3145 0
    endloop
  endfacet
  facet normal 0.471847 0.88168 -0
    outer loop
      vertex 16.2481 13.4753 0
      vertex 16.15 13.5278 3
      vertex 16.2481 13.4753 3
    endloop
  endfacet
  facet normal 0.471847 0.88168 0
    outer loop
      vertex 16.15 13.5278 3
      vertex 16.2481 13.4753 0
      vertex 16.15 13.5278 0
    endloop
  endfacet
  facet normal 0.84946 0.527654 0
    outer loop
      vertex 15.5865 14.0555 3
      vertex 15.5278 14.15 0
      vertex 15.5278 14.15 3
    endloop
  endfacet
  facet normal 0.84946 0.527654 0
    outer loop
      vertex 15.5278 14.15 0
      vertex 15.5865 14.0555 3
      vertex 15.5865 14.0555 0
    endloop
  endfacet
  facet normal 0.93596 0.352108 0
    outer loop
      vertex 15.4294 14.3494 3
      vertex 15.3902 14.4536 0
      vertex 15.3902 14.4536 3
    endloop
  endfacet
  facet normal 0.93596 0.352108 0
    outer loop
      vertex 15.3902 14.4536 0
      vertex 15.4294 14.3494 3
      vertex 15.4294 14.3494 0
    endloop
  endfacet
  facet normal 0.956881 0.290482 0
    outer loop
      vertex 15.3902 14.4536 3
      vertex 15.3579 14.56 0
      vertex 15.3579 14.56 3
    endloop
  endfacet
  facet normal 0.956881 0.290482 0
    outer loop
      vertex 15.3579 14.56 0
      vertex 15.3902 14.4536 3
      vertex 15.3902 14.4536 0
    endloop
  endfacet
  facet normal 0.986539 0.163525 0
    outer loop
      vertex 15.3327 14.6683 3
      vertex 15.3145 14.7781 0
      vertex 15.3145 14.7781 3
    endloop
  endfacet
  facet normal 0.986539 0.163525 0
    outer loop
      vertex 15.3145 14.7781 0
      vertex 15.3327 14.6683 3
      vertex 15.3327 14.6683 0
    endloop
  endfacet
  facet normal -0.163525 0.986539 0
    outer loop
      vertex 17.3317 13.3327 0
      vertex 17.2219 13.3145 4
      vertex 17.3317 13.3327 4
    endloop
  endfacet
  facet normal -0.163525 0.986539 0
    outer loop
      vertex 17.2219 13.3145 4
      vertex 17.3317 13.3327 0
      vertex 17.2219 13.3145 0
    endloop
  endfacet
  facet normal 0.226633 0.97398 -0
    outer loop
      vertex 16.6683 13.3327 0
      vertex 16.56 13.3579 3
      vertex 16.6683 13.3327 3
    endloop
  endfacet
  facet normal 0.226633 0.97398 0
    outer loop
      vertex 16.56 13.3579 3
      vertex 16.6683 13.3327 0
      vertex 16.56 13.3579 0
    endloop
  endfacet
  facet normal 0.527654 0.84946 -0
    outer loop
      vertex 16.15 13.5278 0
      vertex 16.0555 13.5865 3
      vertex 16.15 13.5278 3
    endloop
  endfacet
  facet normal 0.527654 0.84946 0
    outer loop
      vertex 16.0555 13.5865 3
      vertex 16.15 13.5278 0
      vertex 16.0555 13.5865 0
    endloop
  endfacet
  facet normal 0.412719 0.910859 -0
    outer loop
      vertex 16.3494 13.4294 0
      vertex 16.2481 13.4753 3
      vertex 16.3494 13.4294 3
    endloop
  endfacet
  facet normal 0.412719 0.910859 0
    outer loop
      vertex 16.2481 13.4753 3
      vertex 16.3494 13.4294 0
      vertex 16.2481 13.4753 0
    endloop
  endfacet
  facet normal 0.163525 0.986539 -0
    outer loop
      vertex 16.7781 13.3145 0
      vertex 16.6683 13.3327 3
      vertex 16.7781 13.3145 3
    endloop
  endfacet
  facet normal 0.163525 0.986539 0
    outer loop
      vertex 16.6683 13.3327 3
      vertex 16.7781 13.3145 0
      vertex 16.6683 13.3327 0
    endloop
  endfacet
  facet normal 0.582598 0.81276 -0
    outer loop
      vertex 16.0555 13.5865 0
      vertex 15.9651 13.6513 3
      vertex 16.0555 13.5865 3
    endloop
  endfacet
  facet normal 0.582598 0.81276 0
    outer loop
      vertex 15.9651 13.6513 3
      vertex 16.0555 13.5865 0
      vertex 15.9651 13.6513 0
    endloop
  endfacet
  facet normal -0.999476 0 0.0323571
    outer loop
      vertex -15.3036 30 14.8888
      vertex -15.3 33 15
      vertex -15.3036 33 14.8888
    endloop
  endfacet
  facet normal -0.999476 0 0.0323571
    outer loop
      vertex -15.3 33 15
      vertex -15.3036 30 14.8888
      vertex -15.3 30 15
    endloop
  endfacet
  facet normal 0.999476 -0 0.0323571
    outer loop
      vertex -18.7 28 15
      vertex -18.6964 33 14.8888
      vertex -18.7 33 15
    endloop
  endfacet
  facet normal 0.999476 0 0.0323571
    outer loop
      vertex -18.6964 33 14.8888
      vertex -18.7 28 15
      vertex -18.6964 28 14.8888
    endloop
  endfacet
  facet normal -0.0323571 0 0.999476
    outer loop
      vertex -17 33 13.3
      vertex -16.8888 30 13.3036
      vertex -16.8888 33 13.3036
    endloop
  endfacet
  facet normal -0.0323571 0 0.999476
    outer loop
      vertex -16.8888 30 13.3036
      vertex -17 33 13.3
      vertex -17 30 13.3
    endloop
  endfacet
  facet normal 0.0323571 0 -0.999476
    outer loop
      vertex -17.1112 28 16.6964
      vertex -17 30 16.7
      vertex -17 28 16.7
    endloop
  endfacet
  facet normal 0.0323571 0 -0.999476
    outer loop
      vertex -17.1112 33 16.6964
      vertex -17 30 16.7
      vertex -17.1112 28 16.6964
    endloop
  endfacet
  facet normal 0.0323571 0 -0.999476
    outer loop
      vertex -17 30 16.7
      vertex -17.1112 33 16.6964
      vertex -17 33 16.7
    endloop
  endfacet
  facet normal 0.730098 0 -0.683343
    outer loop
      vertex -18.2021 28 16.2021
      vertex -18.2781 33 16.1209
      vertex -18.2021 33 16.2021
    endloop
  endfacet
  facet normal 0.730098 0 -0.683343
    outer loop
      vertex -18.2781 33 16.1209
      vertex -18.2021 28 16.2021
      vertex -18.2781 28 16.1209
    endloop
  endfacet
  facet normal -0.683343 0 0.730098
    outer loop
      vertex -15.8791 33 13.7219
      vertex -15.7979 30 13.7979
      vertex -15.7979 33 13.7979
    endloop
  endfacet
  facet normal -0.683343 0 0.730098
    outer loop
      vertex -15.7979 30 13.7979
      vertex -15.8791 33 13.7219
      vertex -15.8791 30 13.7219
    endloop
  endfacet
  facet normal 0.683343 0 0.730098
    outer loop
      vertex -18.2021 33 13.7979
      vertex -18.1209 28 13.7219
      vertex -18.1209 33 13.7219
    endloop
  endfacet
  facet normal 0.683343 0 0.730098
    outer loop
      vertex -18.1209 28 13.7219
      vertex -18.2021 33 13.7979
      vertex -18.2021 28 13.7979
    endloop
  endfacet
  facet normal 0.352108 0 0.93596
    outer loop
      vertex -17.6506 33 13.4294
      vertex -17.5464 28 13.3902
      vertex -17.5464 33 13.3902
    endloop
  endfacet
  facet normal 0.352108 0 0.93596
    outer loop
      vertex -17.5464 28 13.3902
      vertex -17.6506 33 13.4294
      vertex -17.6506 28 13.4294
    endloop
  endfacet
  facet normal -0.730098 0 -0.683343
    outer loop
      vertex -15.7219 30 16.1209
      vertex -15.7979 33 16.2021
      vertex -15.7219 33 16.1209
    endloop
  endfacet
  facet normal -0.730098 -0 -0.683343
    outer loop
      vertex -15.7979 33 16.2021
      vertex -15.7219 30 16.1209
      vertex -15.7979 30 16.2021
    endloop
  endfacet
  facet normal -0.910859 0 0.412719
    outer loop
      vertex -15.4753 30 14.2481
      vertex -15.4294 33 14.3494
      vertex -15.4753 33 14.2481
    endloop
  endfacet
  facet normal -0.910859 0 0.412719
    outer loop
      vertex -15.4294 33 14.3494
      vertex -15.4753 30 14.2481
      vertex -15.4294 30 14.3494
    endloop
  endfacet
  facet normal -0.412719 0 0.910859
    outer loop
      vertex -16.3494 33 13.4294
      vertex -16.2481 30 13.4753
      vertex -16.2481 33 13.4753
    endloop
  endfacet
  facet normal -0.412719 0 0.910859
    outer loop
      vertex -16.2481 30 13.4753
      vertex -16.3494 33 13.4294
      vertex -16.3494 30 13.4294
    endloop
  endfacet
  facet normal -0.582598 0 0.81276
    outer loop
      vertex -16.0555 33 13.5865
      vertex -15.9651 30 13.6513
      vertex -15.9651 33 13.6513
    endloop
  endfacet
  facet normal -0.582598 0 0.81276
    outer loop
      vertex -15.9651 30 13.6513
      vertex -16.0555 33 13.5865
      vertex -16.0555 30 13.5865
    endloop
  endfacet
  facet normal 0.910859 -0 0.412719
    outer loop
      vertex -18.5706 28 14.3494
      vertex -18.5247 33 14.2481
      vertex -18.5706 33 14.3494
    endloop
  endfacet
  facet normal 0.910859 0 0.412719
    outer loop
      vertex -18.5247 33 14.2481
      vertex -18.5706 28 14.3494
      vertex -18.5247 28 14.2481
    endloop
  endfacet
  facet normal 0.163525 0 0.986539
    outer loop
      vertex -17.3317 33 13.3327
      vertex -17.2219 28 13.3145
      vertex -17.2219 33 13.3145
    endloop
  endfacet
  facet normal 0.163525 0 0.986539
    outer loop
      vertex -17.2219 28 13.3145
      vertex -17.3317 33 13.3327
      vertex -17.3317 28 13.3327
    endloop
  endfacet
  facet normal 0.995187 0 -0.0979904
    outer loop
      vertex -18.6855 28 15.2219
      vertex -18.6964 33 15.1112
      vertex -18.6855 33 15.2219
    endloop
  endfacet
  facet normal 0.995187 0 -0.0979904
    outer loop
      vertex -18.6964 33 15.1112
      vertex -18.6855 28 15.2219
      vertex -18.6964 28 15.1112
    endloop
  endfacet
  facet normal 0 1 0
    outer loop
      vertex -17 28 16.7
      vertex -17.2219 28 16.6855
      vertex -17.1112 28 16.6964
    endloop
  endfacet
  facet normal 0 1 0
    outer loop
      vertex -17 28 16.7
      vertex -17.3317 28 16.6673
      vertex -17.2219 28 16.6855
    endloop
  endfacet
  facet normal 0 1 0
    outer loop
      vertex -17 28 16.7
      vertex -17.44 28 16.6421
      vertex -17.3317 28 16.6673
    endloop
  endfacet
  facet normal 0 1 0
    outer loop
      vertex -17 28 16.7
      vertex -17.5464 28 16.6098
      vertex -17.44 28 16.6421
    endloop
  endfacet
  facet normal 0 1 0
    outer loop
      vertex -17 28 16.7
      vertex -17.6506 28 16.5706
      vertex -17.5464 28 16.6098
    endloop
  endfacet
  facet normal 0 1 0
    outer loop
      vertex -17 28 16.7
      vertex -17.7519 28 16.5247
      vertex -17.6506 28 16.5706
    endloop
  endfacet
  facet normal 0 1 0
    outer loop
      vertex -17 28 16.7
      vertex -17.85 28 16.4722
      vertex -17.7519 28 16.5247
    endloop
  endfacet
  facet normal 0 1 0
    outer loop
      vertex -17 28 16.7
      vertex -17.9445 28 16.4135
      vertex -17.85 28 16.4722
    endloop
  endfacet
  facet normal 0 1 0
    outer loop
      vertex -17 28 16.7
      vertex -18.0349 28 16.3487
      vertex -17.9445 28 16.4135
    endloop
  endfacet
  facet normal 0 1 0
    outer loop
      vertex -17 28 16.7
      vertex -18.1209 28 16.2781
      vertex -18.0349 28 16.3487
    endloop
  endfacet
  facet normal 0 1 0
    outer loop
      vertex -17 28 16.7
      vertex -18.2021 28 16.2021
      vertex -18.1209 28 16.2781
    endloop
  endfacet
  facet normal 0 1 0
    outer loop
      vertex -17 28 16.7
      vertex -18.2781 28 16.1209
      vertex -18.2021 28 16.2021
    endloop
  endfacet
  facet normal 0 1 0
    outer loop
      vertex -17 28 16.7
      vertex -18.3487 28 16.0349
      vertex -18.2781 28 16.1209
    endloop
  endfacet
  facet normal 0 1 0
    outer loop
      vertex -17 28 16.7
      vertex -18.4135 28 15.9445
      vertex -18.3487 28 16.0349
    endloop
  endfacet
  facet normal 0 1 0
    outer loop
      vertex -17 28 16.7
      vertex -18.4722 28 15.85
      vertex -18.4135 28 15.9445
    endloop
  endfacet
  facet normal 0 1 0
    outer loop
      vertex -17 28 16.7
      vertex -18.5247 28 15.7519
      vertex -18.4722 28 15.85
    endloop
  endfacet
  facet normal 0 1 0
    outer loop
      vertex -17 28 16.7
      vertex -18.5706 28 15.6506
      vertex -18.5247 28 15.7519
    endloop
  endfacet
  facet normal 0 1 0
    outer loop
      vertex -17 28 16.7
      vertex -18.6098 28 15.5464
      vertex -18.5706 28 15.6506
    endloop
  endfacet
  facet normal 0 1 0
    outer loop
      vertex -17 28 16.7
      vertex -18.6421 28 15.44
      vertex -18.6098 28 15.5464
    endloop
  endfacet
  facet normal 0 1 0
    outer loop
      vertex -17 28 16.7
      vertex -18.6673 28 15.3317
      vertex -18.6421 28 15.44
    endloop
  endfacet
  facet normal 0 1 0
    outer loop
      vertex -17 28 16.7
      vertex -18.6855 28 15.2219
      vertex -18.6673 28 15.3317
    endloop
  endfacet
  facet normal 0 1 0
    outer loop
      vertex -17 28 16.7
      vertex -18.6964 28 15.1112
      vertex -18.6855 28 15.2219
    endloop
  endfacet
  facet normal 0 1 0
    outer loop
      vertex -17 28 16.7
      vertex -18.7 28 15
      vertex -18.6964 28 15.1112
    endloop
  endfacet
  facet normal 0 1 0
    outer loop
      vertex -17 28 16.7
      vertex -18.6964 28 14.8888
      vertex -18.7 28 15
    endloop
  endfacet
  facet normal 0 1 0
    outer loop
      vertex -17 28 16.7
      vertex -18.6855 28 14.7781
      vertex -18.6964 28 14.8888
    endloop
  endfacet
  facet normal 0 1 0
    outer loop
      vertex -17 28 16.7
      vertex -18.6673 28 14.6683
      vertex -18.6855 28 14.7781
    endloop
  endfacet
  facet normal 0 1 0
    outer loop
      vertex -17 28 16.7
      vertex -18.6421 28 14.56
      vertex -18.6673 28 14.6683
    endloop
  endfacet
  facet normal 0 1 0
    outer loop
      vertex -17 28 16.7
      vertex -18.6098 28 14.4536
      vertex -18.6421 28 14.56
    endloop
  endfacet
  facet normal 0 1 0
    outer loop
      vertex -17 28 16.7
      vertex -18.5706 28 14.3494
      vertex -18.6098 28 14.4536
    endloop
  endfacet
  facet normal 0 1 0
    outer loop
      vertex -17 28 16.7
      vertex -18.5247 28 14.2481
      vertex -18.5706 28 14.3494
    endloop
  endfacet
  facet normal 0 1 0
    outer loop
      vertex -17 28 16.7
      vertex -18.4722 28 14.15
      vertex -18.5247 28 14.2481
    endloop
  endfacet
  facet normal 0 1 0
    outer loop
      vertex -17 28 16.7
      vertex -18.4135 28 14.0555
      vertex -18.4722 28 14.15
    endloop
  endfacet
  facet normal 0 1 0
    outer loop
      vertex -17 28 16.7
      vertex -18.3487 28 13.9651
      vertex -18.4135 28 14.0555
    endloop
  endfacet
  facet normal 0 1 0
    outer loop
      vertex -17 28 16.7
      vertex -18.2781 28 13.8791
      vertex -18.3487 28 13.9651
    endloop
  endfacet
  facet normal 0 1 0
    outer loop
      vertex -17 28 16.7
      vertex -18.2021 28 13.7979
      vertex -18.2781 28 13.8791
    endloop
  endfacet
  facet normal 0 1 0
    outer loop
      vertex -17 28 16.7
      vertex -18.1209 28 13.7219
      vertex -18.2021 28 13.7979
    endloop
  endfacet
  facet normal 0 1 0
    outer loop
      vertex -17 28 16.7
      vertex -18.0349 28 13.6513
      vertex -18.1209 28 13.7219
    endloop
  endfacet
  facet normal 0 1 0
    outer loop
      vertex -17 28 16.7
      vertex -17.9445 28 13.5865
      vertex -18.0349 28 13.6513
    endloop
  endfacet
  facet normal 0 1 0
    outer loop
      vertex -17 28 16.7
      vertex -17.85 28 13.5278
      vertex -17.9445 28 13.5865
    endloop
  endfacet
  facet normal 0 1 0
    outer loop
      vertex -17 28 16.7
      vertex -17.7519 28 13.4753
      vertex -17.85 28 13.5278
    endloop
  endfacet
  facet normal 0 1 0
    outer loop
      vertex -17 28 16.7
      vertex -17.6506 28 13.4294
      vertex -17.7519 28 13.4753
    endloop
  endfacet
  facet normal 0 1 0
    outer loop
      vertex -17 28 16.7
      vertex -17.5464 28 13.3902
      vertex -17.6506 28 13.4294
    endloop
  endfacet
  facet normal 0 1 0
    outer loop
      vertex -17 28 16.7
      vertex -17.44 28 13.3579
      vertex -17.5464 28 13.3902
    endloop
  endfacet
  facet normal 0 1 0
    outer loop
      vertex -17 28 16.7
      vertex -17.3317 28 13.3327
      vertex -17.44 28 13.3579
    endloop
  endfacet
  facet normal 0 1 0
    outer loop
      vertex -17 28 16.7
      vertex -17.2219 28 13.3145
      vertex -17.3317 28 13.3327
    endloop
  endfacet
  facet normal 0 1 0
    outer loop
      vertex -17 28 16.7
      vertex -17.1112 28 13.3036
      vertex -17.2219 28 13.3145
    endloop
  endfacet
  facet normal -0 1 0
    outer loop
      vertex -17.1112 28 13.3036
      vertex -17 28 16.7
      vertex -17 28 13.3
    endloop
  endfacet
  facet normal -0.97398 0 0.226633
    outer loop
      vertex -15.3579 30 14.56
      vertex -15.3327 33 14.6683
      vertex -15.3579 33 14.56
    endloop
  endfacet
  facet normal -0.97398 0 0.226633
    outer loop
      vertex -15.3327 33 14.6683
      vertex -15.3579 30 14.56
      vertex -15.3327 30 14.6683
    endloop
  endfacet
  facet normal -0.81276 0 0.582598
    outer loop
      vertex -15.6513 30 13.9651
      vertex -15.5865 33 14.0555
      vertex -15.6513 33 13.9651
    endloop
  endfacet
  facet normal -0.81276 0 0.582598
    outer loop
      vertex -15.5865 33 14.0555
      vertex -15.6513 30 13.9651
      vertex -15.5865 30 14.0555
    endloop
  endfacet
  facet normal -0.772915 0 0.634509
    outer loop
      vertex -15.7219 30 13.8791
      vertex -15.6513 33 13.9651
      vertex -15.7219 33 13.8791
    endloop
  endfacet
  facet normal -0.772915 0 0.634509
    outer loop
      vertex -15.6513 33 13.9651
      vertex -15.7219 30 13.8791
      vertex -15.6513 30 13.9651
    endloop
  endfacet
  facet normal -0.84946 0 0.527654
    outer loop
      vertex -15.5865 30 14.0555
      vertex -15.5278 33 14.15
      vertex -15.5865 33 14.0555
    endloop
  endfacet
  facet normal -0.84946 0 0.527654
    outer loop
      vertex -15.5278 33 14.15
      vertex -15.5865 30 14.0555
      vertex -15.5278 30 14.15
    endloop
  endfacet
  facet normal -0.226633 0 0.97398
    outer loop
      vertex -16.6683 33 13.3327
      vertex -16.56 30 13.3579
      vertex -16.56 33 13.3579
    endloop
  endfacet
  facet normal -0.226633 0 0.97398
    outer loop
      vertex -16.56 30 13.3579
      vertex -16.6683 33 13.3327
      vertex -16.6683 30 13.3327
    endloop
  endfacet
  facet normal -0.634509 0 0.772915
    outer loop
      vertex -15.9651 33 13.6513
      vertex -15.8791 30 13.7219
      vertex -15.8791 33 13.7219
    endloop
  endfacet
  facet normal -0.634509 0 0.772915
    outer loop
      vertex -15.8791 30 13.7219
      vertex -15.9651 33 13.6513
      vertex -15.9651 30 13.6513
    endloop
  endfacet
  facet normal 0.97398 -0 0.226633
    outer loop
      vertex -18.6673 28 14.6683
      vertex -18.6421 33 14.56
      vertex -18.6673 33 14.6683
    endloop
  endfacet
  facet normal 0.97398 0 0.226633
    outer loop
      vertex -18.6421 33 14.56
      vertex -18.6673 28 14.6683
      vertex -18.6421 28 14.56
    endloop
  endfacet
  facet normal 0.81276 -0 0.582598
    outer loop
      vertex -18.4135 28 14.0555
      vertex -18.3487 33 13.9651
      vertex -18.4135 33 14.0555
    endloop
  endfacet
  facet normal 0.81276 0 0.582598
    outer loop
      vertex -18.3487 33 13.9651
      vertex -18.4135 28 14.0555
      vertex -18.3487 28 13.9651
    endloop
  endfacet
  facet normal 0.730098 -0 0.683343
    outer loop
      vertex -18.2781 28 13.8791
      vertex -18.2021 33 13.7979
      vertex -18.2781 33 13.8791
    endloop
  endfacet
  facet normal 0.730098 0 0.683343
    outer loop
      vertex -18.2021 33 13.7979
      vertex -18.2781 28 13.8791
      vertex -18.2021 28 13.7979
    endloop
  endfacet
  facet normal 0.527654 0 0.84946
    outer loop
      vertex -17.9445 33 13.5865
      vertex -17.85 28 13.5278
      vertex -17.85 33 13.5278
    endloop
  endfacet
  facet normal 0.527654 0 0.84946
    outer loop
      vertex -17.85 28 13.5278
      vertex -17.9445 33 13.5865
      vertex -17.9445 28 13.5865
    endloop
  endfacet
  facet normal 0.412719 0 0.910859
    outer loop
      vertex -17.7519 33 13.4753
      vertex -17.6506 28 13.4294
      vertex -17.6506 33 13.4294
    endloop
  endfacet
  facet normal 0.412719 0 0.910859
    outer loop
      vertex -17.6506 28 13.4294
      vertex -17.7519 33 13.4753
      vertex -17.7519 28 13.4753
    endloop
  endfacet
  facet normal 0.226633 0 0.97398
    outer loop
      vertex -17.44 33 13.3579
      vertex -17.3317 28 13.3327
      vertex -17.3317 33 13.3327
    endloop
  endfacet
  facet normal 0.226633 0 0.97398
    outer loop
      vertex -17.3317 28 13.3327
      vertex -17.44 33 13.3579
      vertex -17.44 28 13.3579
    endloop
  endfacet
  facet normal 0.0323571 0 0.999476
    outer loop
      vertex -17.1112 33 13.3036
      vertex -17 30 13.3
      vertex -17 33 13.3
    endloop
  endfacet
  facet normal 0.0323571 -0 0.999476
    outer loop
      vertex -17.1112 28 13.3036
      vertex -17 30 13.3
      vertex -17.1112 33 13.3036
    endloop
  endfacet
  facet normal 0.0323571 0 0.999476
    outer loop
      vertex -17 30 13.3
      vertex -17.1112 28 13.3036
      vertex -17 28 13.3
    endloop
  endfacet
  facet normal -0.0323571 0 -0.999476
    outer loop
      vertex -17 30 16.7
      vertex -16.8888 33 16.6964
      vertex -16.8888 30 16.6964
    endloop
  endfacet
  facet normal -0.0323571 0 -0.999476
    outer loop
      vertex -16.8888 33 16.6964
      vertex -17 30 16.7
      vertex -17 33 16.7
    endloop
  endfacet
  facet normal -0.226633 0 -0.97398
    outer loop
      vertex -16.6683 30 16.6673
      vertex -16.56 33 16.6421
      vertex -16.56 30 16.6421
    endloop
  endfacet
  facet normal -0.226633 0 -0.97398
    outer loop
      vertex -16.56 33 16.6421
      vertex -16.6683 30 16.6673
      vertex -16.6683 33 16.6673
    endloop
  endfacet
  facet normal -0.634509 0 -0.772915
    outer loop
      vertex -15.9651 30 16.3487
      vertex -15.8791 33 16.2781
      vertex -15.8791 30 16.2781
    endloop
  endfacet
  facet normal -0.634509 0 -0.772915
    outer loop
      vertex -15.8791 33 16.2781
      vertex -15.9651 30 16.3487
      vertex -15.9651 33 16.3487
    endloop
  endfacet
  facet normal -0.772915 0 -0.634509
    outer loop
      vertex -15.6513 30 16.0349
      vertex -15.7219 33 16.1209
      vertex -15.6513 33 16.0349
    endloop
  endfacet
  facet normal -0.772915 -0 -0.634509
    outer loop
      vertex -15.7219 33 16.1209
      vertex -15.6513 30 16.0349
      vertex -15.7219 30 16.1209
    endloop
  endfacet
  facet normal -0.956881 0 -0.290482
    outer loop
      vertex -15.3579 30 15.44
      vertex -15.3902 33 15.5464
      vertex -15.3579 33 15.44
    endloop
  endfacet
  facet normal -0.956881 -0 -0.290482
    outer loop
      vertex -15.3902 33 15.5464
      vertex -15.3579 30 15.44
      vertex -15.3902 30 15.5464
    endloop
  endfacet
  facet normal -0.995187 0 -0.0979904
    outer loop
      vertex -15.3036 30 15.1112
      vertex -15.3145 33 15.2219
      vertex -15.3036 33 15.1112
    endloop
  endfacet
  facet normal -0.995187 -0 -0.0979904
    outer loop
      vertex -15.3145 33 15.2219
      vertex -15.3036 30 15.1112
      vertex -15.3145 30 15.2219
    endloop
  endfacet
  facet normal 0.634509 0 -0.772915
    outer loop
      vertex -18.1209 28 16.2781
      vertex -18.0349 33 16.3487
      vertex -18.0349 28 16.3487
    endloop
  endfacet
  facet normal 0.634509 0 -0.772915
    outer loop
      vertex -18.0349 33 16.3487
      vertex -18.1209 28 16.2781
      vertex -18.1209 33 16.2781
    endloop
  endfacet
  facet normal 0.683343 0 -0.730098
    outer loop
      vertex -18.2021 28 16.2021
      vertex -18.1209 33 16.2781
      vertex -18.1209 28 16.2781
    endloop
  endfacet
  facet normal 0.683343 0 -0.730098
    outer loop
      vertex -18.1209 33 16.2781
      vertex -18.2021 28 16.2021
      vertex -18.2021 33 16.2021
    endloop
  endfacet
  facet normal 0.910859 0 -0.412719
    outer loop
      vertex -18.5247 28 15.7519
      vertex -18.5706 33 15.6506
      vertex -18.5247 33 15.7519
    endloop
  endfacet
  facet normal 0.910859 0 -0.412719
    outer loop
      vertex -18.5706 33 15.6506
      vertex -18.5247 28 15.7519
      vertex -18.5706 28 15.6506
    endloop
  endfacet
  facet normal 0.97398 0 -0.226633
    outer loop
      vertex -18.6421 28 15.44
      vertex -18.6673 33 15.3317
      vertex -18.6421 33 15.44
    endloop
  endfacet
  facet normal 0.97398 0 -0.226633
    outer loop
      vertex -18.6673 33 15.3317
      vertex -18.6421 28 15.44
      vertex -18.6673 28 15.3317
    endloop
  endfacet
  facet normal 0.956881 0 -0.290482
    outer loop
      vertex -18.6098 28 15.5464
      vertex -18.6421 33 15.44
      vertex -18.6098 33 15.5464
    endloop
  endfacet
  facet normal 0.956881 0 -0.290482
    outer loop
      vertex -18.6421 33 15.44
      vertex -18.6098 28 15.5464
      vertex -18.6421 28 15.44
    endloop
  endfacet
  facet normal 0.999476 0 -0.0323571
    outer loop
      vertex -18.6964 28 15.1112
      vertex -18.7 33 15
      vertex -18.6964 33 15.1112
    endloop
  endfacet
  facet normal 0.999476 0 -0.0323571
    outer loop
      vertex -18.7 33 15
      vertex -18.6964 28 15.1112
      vertex -18.7 28 15
    endloop
  endfacet
  facet normal -0.986539 0 0.163525
    outer loop
      vertex -15.3327 30 14.6683
      vertex -15.3145 33 14.7781
      vertex -15.3327 33 14.6683
    endloop
  endfacet
  facet normal -0.986539 0 0.163525
    outer loop
      vertex -15.3145 33 14.7781
      vertex -15.3327 30 14.6683
      vertex -15.3145 30 14.7781
    endloop
  endfacet
  facet normal -0.995187 0 0.0979904
    outer loop
      vertex -15.3145 30 14.7781
      vertex -15.3036 33 14.8888
      vertex -15.3145 33 14.7781
    endloop
  endfacet
  facet normal -0.995187 0 0.0979904
    outer loop
      vertex -15.3036 33 14.8888
      vertex -15.3145 30 14.7781
      vertex -15.3036 30 14.8888
    endloop
  endfacet
  facet normal -0.93596 0 0.352108
    outer loop
      vertex -15.4294 30 14.3494
      vertex -15.3902 33 14.4536
      vertex -15.4294 33 14.3494
    endloop
  endfacet
  facet normal -0.93596 0 0.352108
    outer loop
      vertex -15.3902 33 14.4536
      vertex -15.4294 30 14.3494
      vertex -15.3902 30 14.4536
    endloop
  endfacet
  facet normal -0.956881 0 0.290482
    outer loop
      vertex -15.3902 30 14.4536
      vertex -15.3579 33 14.56
      vertex -15.3902 33 14.4536
    endloop
  endfacet
  facet normal -0.956881 0 0.290482
    outer loop
      vertex -15.3579 33 14.56
      vertex -15.3902 30 14.4536
      vertex -15.3579 30 14.56
    endloop
  endfacet
  facet normal -0.730098 0 0.683343
    outer loop
      vertex -15.7979 30 13.7979
      vertex -15.7219 33 13.8791
      vertex -15.7979 33 13.7979
    endloop
  endfacet
  facet normal -0.730098 0 0.683343
    outer loop
      vertex -15.7219 33 13.8791
      vertex -15.7979 30 13.7979
      vertex -15.7219 30 13.8791
    endloop
  endfacet
  facet normal -0.88168 0 0.471847
    outer loop
      vertex -15.5278 30 14.15
      vertex -15.4753 33 14.2481
      vertex -15.5278 33 14.15
    endloop
  endfacet
  facet normal -0.88168 0 0.471847
    outer loop
      vertex -15.4753 33 14.2481
      vertex -15.5278 30 14.15
      vertex -15.4753 30 14.2481
    endloop
  endfacet
  facet normal -0.290482 0 0.956881
    outer loop
      vertex -16.56 33 13.3579
      vertex -16.4536 30 13.3902
      vertex -16.4536 33 13.3902
    endloop
  endfacet
  facet normal -0.290482 0 0.956881
    outer loop
      vertex -16.4536 30 13.3902
      vertex -16.56 33 13.3579
      vertex -16.56 30 13.3579
    endloop
  endfacet
  facet normal -0.352108 0 0.93596
    outer loop
      vertex -16.4536 33 13.3902
      vertex -16.3494 30 13.4294
      vertex -16.3494 33 13.4294
    endloop
  endfacet
  facet normal -0.352108 0 0.93596
    outer loop
      vertex -16.3494 30 13.4294
      vertex -16.4536 33 13.3902
      vertex -16.4536 30 13.3902
    endloop
  endfacet
  facet normal -0.0979904 0 0.995187
    outer loop
      vertex -16.8888 33 13.3036
      vertex -16.7781 30 13.3145
      vertex -16.7781 33 13.3145
    endloop
  endfacet
  facet normal -0.0979904 0 0.995187
    outer loop
      vertex -16.7781 30 13.3145
      vertex -16.8888 33 13.3036
      vertex -16.8888 30 13.3036
    endloop
  endfacet
  facet normal -0.471847 0 0.88168
    outer loop
      vertex -16.2481 33 13.4753
      vertex -16.15 30 13.5278
      vertex -16.15 33 13.5278
    endloop
  endfacet
  facet normal -0.471847 0 0.88168
    outer loop
      vertex -16.15 30 13.5278
      vertex -16.2481 33 13.4753
      vertex -16.2481 30 13.4753
    endloop
  endfacet
  facet normal 0.772915 -0 0.634509
    outer loop
      vertex -18.3487 28 13.9651
      vertex -18.2781 33 13.8791
      vertex -18.3487 33 13.9651
    endloop
  endfacet
  facet normal 0.772915 0 0.634509
    outer loop
      vertex -18.2781 33 13.8791
      vertex -18.3487 28 13.9651
      vertex -18.2781 28 13.8791
    endloop
  endfacet
  facet normal 0.88168 -0 0.471847
    outer loop
      vertex -18.5247 28 14.2481
      vertex -18.4722 33 14.15
      vertex -18.5247 33 14.2481
    endloop
  endfacet
  facet normal 0.88168 0 0.471847
    outer loop
      vertex -18.4722 33 14.15
      vertex -18.5247 28 14.2481
      vertex -18.4722 28 14.15
    endloop
  endfacet
  facet normal 0.84946 -0 0.527654
    outer loop
      vertex -18.4722 28 14.15
      vertex -18.4135 33 14.0555
      vertex -18.4722 33 14.15
    endloop
  endfacet
  facet normal 0.84946 0 0.527654
    outer loop
      vertex -18.4135 33 14.0555
      vertex -18.4722 28 14.15
      vertex -18.4135 28 14.0555
    endloop
  endfacet
  facet normal 0.956881 -0 0.290482
    outer loop
      vertex -18.6421 28 14.56
      vertex -18.6098 33 14.4536
      vertex -18.6421 33 14.56
    endloop
  endfacet
  facet normal 0.956881 0 0.290482
    outer loop
      vertex -18.6098 33 14.4536
      vertex -18.6421 28 14.56
      vertex -18.6098 28 14.4536
    endloop
  endfacet
  facet normal 0.93596 -0 0.352108
    outer loop
      vertex -18.6098 28 14.4536
      vertex -18.5706 33 14.3494
      vertex -18.6098 33 14.4536
    endloop
  endfacet
  facet normal 0.93596 0 0.352108
    outer loop
      vertex -18.5706 33 14.3494
      vertex -18.6098 28 14.4536
      vertex -18.5706 28 14.3494
    endloop
  endfacet
  facet normal 0.986539 -0 0.163525
    outer loop
      vertex -18.6855 28 14.7781
      vertex -18.6673 33 14.6683
      vertex -18.6855 33 14.7781
    endloop
  endfacet
  facet normal 0.986539 0 0.163525
    outer loop
      vertex -18.6673 33 14.6683
      vertex -18.6855 28 14.7781
      vertex -18.6673 28 14.6683
    endloop
  endfacet
  facet normal 0.995187 -0 0.0979904
    outer loop
      vertex -18.6964 28 14.8888
      vertex -18.6855 33 14.7781
      vertex -18.6964 33 14.8888
    endloop
  endfacet
  facet normal 0.995187 0 0.0979904
    outer loop
      vertex -18.6855 33 14.7781
      vertex -18.6964 28 14.8888
      vertex -18.6855 28 14.7781
    endloop
  endfacet
  facet normal 0.471847 0 0.88168
    outer loop
      vertex -17.85 33 13.5278
      vertex -17.7519 28 13.4753
      vertex -17.7519 33 13.4753
    endloop
  endfacet
  facet normal 0.471847 0 0.88168
    outer loop
      vertex -17.7519 28 13.4753
      vertex -17.85 33 13.5278
      vertex -17.85 28 13.5278
    endloop
  endfacet
  facet normal 0.582598 0 0.81276
    outer loop
      vertex -18.0349 33 13.6513
      vertex -17.9445 28 13.5865
      vertex -17.9445 33 13.5865
    endloop
  endfacet
  facet normal 0.582598 0 0.81276
    outer loop
      vertex -17.9445 28 13.5865
      vertex -18.0349 33 13.6513
      vertex -18.0349 28 13.6513
    endloop
  endfacet
  facet normal 0.634509 0 0.772915
    outer loop
      vertex -18.1209 33 13.7219
      vertex -18.0349 28 13.6513
      vertex -18.0349 33 13.6513
    endloop
  endfacet
  facet normal 0.634509 0 0.772915
    outer loop
      vertex -18.0349 28 13.6513
      vertex -18.1209 33 13.7219
      vertex -18.1209 28 13.7219
    endloop
  endfacet
  facet normal 0.290482 0 0.956881
    outer loop
      vertex -17.5464 33 13.3902
      vertex -17.44 28 13.3579
      vertex -17.44 33 13.3579
    endloop
  endfacet
  facet normal 0.290482 0 0.956881
    outer loop
      vertex -17.44 28 13.3579
      vertex -17.5464 33 13.3902
      vertex -17.5464 28 13.3902
    endloop
  endfacet
  facet normal 0.0979904 0 0.995187
    outer loop
      vertex -17.2219 33 13.3145
      vertex -17.1112 28 13.3036
      vertex -17.1112 33 13.3036
    endloop
  endfacet
  facet normal 0.0979904 0 0.995187
    outer loop
      vertex -17.1112 28 13.3036
      vertex -17.2219 33 13.3145
      vertex -17.2219 28 13.3145
    endloop
  endfacet
  facet normal -0.0979904 0 -0.995187
    outer loop
      vertex -16.8888 30 16.6964
      vertex -16.7781 33 16.6855
      vertex -16.7781 30 16.6855
    endloop
  endfacet
  facet normal -0.0979904 0 -0.995187
    outer loop
      vertex -16.7781 33 16.6855
      vertex -16.8888 30 16.6964
      vertex -16.8888 33 16.6964
    endloop
  endfacet
  facet normal -0.290482 0 -0.956881
    outer loop
      vertex -16.56 30 16.6421
      vertex -16.4536 33 16.6098
      vertex -16.4536 30 16.6098
    endloop
  endfacet
  facet normal -0.290482 0 -0.956881
    outer loop
      vertex -16.4536 33 16.6098
      vertex -16.56 30 16.6421
      vertex -16.56 33 16.6421
    endloop
  endfacet
  facet normal -0.683343 0 -0.730098
    outer loop
      vertex -15.8791 30 16.2781
      vertex -15.7979 33 16.2021
      vertex -15.7979 30 16.2021
    endloop
  endfacet
  facet normal -0.683343 0 -0.730098
    outer loop
      vertex -15.7979 33 16.2021
      vertex -15.8791 30 16.2781
      vertex -15.8791 33 16.2781
    endloop
  endfacet
  facet normal -0.527654 0 -0.84946
    outer loop
      vertex -16.15 30 16.4722
      vertex -16.0555 33 16.4135
      vertex -16.0555 30 16.4135
    endloop
  endfacet
  facet normal -0.527654 0 -0.84946
    outer loop
      vertex -16.0555 33 16.4135
      vertex -16.15 30 16.4722
      vertex -16.15 33 16.4722
    endloop
  endfacet
  facet normal -0.582598 0 -0.81276
    outer loop
      vertex -16.0555 30 16.4135
      vertex -15.9651 33 16.3487
      vertex -15.9651 30 16.3487
    endloop
  endfacet
  facet normal -0.582598 0 -0.81276
    outer loop
      vertex -15.9651 33 16.3487
      vertex -16.0555 30 16.4135
      vertex -16.0555 33 16.4135
    endloop
  endfacet
  facet normal -0.412719 0 -0.910859
    outer loop
      vertex -16.3494 30 16.5706
      vertex -16.2481 33 16.5247
      vertex -16.2481 30 16.5247
    endloop
  endfacet
  facet normal -0.412719 0 -0.910859
    outer loop
      vertex -16.2481 33 16.5247
      vertex -16.3494 30 16.5706
      vertex -16.3494 33 16.5706
    endloop
  endfacet
  facet normal -0.81276 0 -0.582598
    outer loop
      vertex -15.5865 30 15.9445
      vertex -15.6513 33 16.0349
      vertex -15.5865 33 15.9445
    endloop
  endfacet
  facet normal -0.81276 -0 -0.582598
    outer loop
      vertex -15.6513 33 16.0349
      vertex -15.5865 30 15.9445
      vertex -15.6513 30 16.0349
    endloop
  endfacet
  facet normal -0.910859 0 -0.412719
    outer loop
      vertex -15.4294 30 15.6506
      vertex -15.4753 33 15.7519
      vertex -15.4294 33 15.6506
    endloop
  endfacet
  facet normal -0.910859 -0 -0.412719
    outer loop
      vertex -15.4753 33 15.7519
      vertex -15.4294 30 15.6506
      vertex -15.4753 30 15.7519
    endloop
  endfacet
  facet normal -0.93596 0 -0.352108
    outer loop
      vertex -15.3902 30 15.5464
      vertex -15.4294 33 15.6506
      vertex -15.3902 33 15.5464
    endloop
  endfacet
  facet normal -0.93596 -0 -0.352108
    outer loop
      vertex -15.4294 33 15.6506
      vertex -15.3902 30 15.5464
      vertex -15.4294 30 15.6506
    endloop
  endfacet
  facet normal -0.88168 0 -0.471847
    outer loop
      vertex -15.4753 30 15.7519
      vertex -15.5278 33 15.85
      vertex -15.4753 33 15.7519
    endloop
  endfacet
  facet normal -0.88168 -0 -0.471847
    outer loop
      vertex -15.5278 33 15.85
      vertex -15.4753 30 15.7519
      vertex -15.5278 30 15.85
    endloop
  endfacet
  facet normal -0.97398 0 -0.226633
    outer loop
      vertex -15.3327 30 15.3317
      vertex -15.3579 33 15.44
      vertex -15.3327 33 15.3317
    endloop
  endfacet
  facet normal -0.97398 -0 -0.226633
    outer loop
      vertex -15.3579 33 15.44
      vertex -15.3327 30 15.3317
      vertex -15.3579 30 15.44
    endloop
  endfacet
  facet normal 0.527654 0 -0.84946
    outer loop
      vertex -17.9445 28 16.4135
      vertex -17.85 33 16.4722
      vertex -17.85 28 16.4722
    endloop
  endfacet
  facet normal 0.527654 0 -0.84946
    outer loop
      vertex -17.85 33 16.4722
      vertex -17.9445 28 16.4135
      vertex -17.9445 33 16.4135
    endloop
  endfacet
  facet normal 0.412719 0 -0.910859
    outer loop
      vertex -17.7519 28 16.5247
      vertex -17.6506 33 16.5706
      vertex -17.6506 28 16.5706
    endloop
  endfacet
  facet normal 0.412719 0 -0.910859
    outer loop
      vertex -17.6506 33 16.5706
      vertex -17.7519 28 16.5247
      vertex -17.7519 33 16.5247
    endloop
  endfacet
  facet normal 0.471847 0 -0.88168
    outer loop
      vertex -17.85 28 16.4722
      vertex -17.7519 33 16.5247
      vertex -17.7519 28 16.5247
    endloop
  endfacet
  facet normal 0.471847 0 -0.88168
    outer loop
      vertex -17.7519 33 16.5247
      vertex -17.85 28 16.4722
      vertex -17.85 33 16.4722
    endloop
  endfacet
  facet normal 0.290482 0 -0.956881
    outer loop
      vertex -17.5464 28 16.6098
      vertex -17.44 33 16.6421
      vertex -17.44 28 16.6421
    endloop
  endfacet
  facet normal 0.290482 0 -0.956881
    outer loop
      vertex -17.44 33 16.6421
      vertex -17.5464 28 16.6098
      vertex -17.5464 33 16.6098
    endloop
  endfacet
  facet normal 0.352108 0 -0.93596
    outer loop
      vertex -17.6506 28 16.5706
      vertex -17.5464 33 16.6098
      vertex -17.5464 28 16.6098
    endloop
  endfacet
  facet normal 0.352108 0 -0.93596
    outer loop
      vertex -17.5464 33 16.6098
      vertex -17.6506 28 16.5706
      vertex -17.6506 33 16.5706
    endloop
  endfacet
  facet normal 0.226633 0 -0.97398
    outer loop
      vertex -17.44 28 16.6421
      vertex -17.3317 33 16.6673
      vertex -17.3317 28 16.6673
    endloop
  endfacet
  facet normal 0.226633 0 -0.97398
    outer loop
      vertex -17.3317 33 16.6673
      vertex -17.44 28 16.6421
      vertex -17.44 33 16.6421
    endloop
  endfacet
  facet normal 0.163525 0 -0.986539
    outer loop
      vertex -17.3317 28 16.6673
      vertex -17.2219 33 16.6855
      vertex -17.2219 28 16.6855
    endloop
  endfacet
  facet normal 0.163525 0 -0.986539
    outer loop
      vertex -17.2219 33 16.6855
      vertex -17.3317 28 16.6673
      vertex -17.3317 33 16.6673
    endloop
  endfacet
  facet normal 0.88168 0 -0.471847
    outer loop
      vertex -18.4722 28 15.85
      vertex -18.5247 33 15.7519
      vertex -18.4722 33 15.85
    endloop
  endfacet
  facet normal 0.88168 0 -0.471847
    outer loop
      vertex -18.5247 33 15.7519
      vertex -18.4722 28 15.85
      vertex -18.5247 28 15.7519
    endloop
  endfacet
  facet normal 0.81276 0 -0.582598
    outer loop
      vertex -18.3487 28 16.0349
      vertex -18.4135 33 15.9445
      vertex -18.3487 33 16.0349
    endloop
  endfacet
  facet normal 0.81276 0 -0.582598
    outer loop
      vertex -18.4135 33 15.9445
      vertex -18.3487 28 16.0349
      vertex -18.4135 28 15.9445
    endloop
  endfacet
  facet normal 0.93596 0 -0.352108
    outer loop
      vertex -18.5706 28 15.6506
      vertex -18.6098 33 15.5464
      vertex -18.5706 33 15.6506
    endloop
  endfacet
  facet normal 0.93596 0 -0.352108
    outer loop
      vertex -18.6098 33 15.5464
      vertex -18.5706 28 15.6506
      vertex -18.6098 28 15.5464
    endloop
  endfacet
  facet normal 0.986539 0 -0.163525
    outer loop
      vertex -18.6673 28 15.3317
      vertex -18.6855 33 15.2219
      vertex -18.6673 33 15.3317
    endloop
  endfacet
  facet normal 0.986539 0 -0.163525
    outer loop
      vertex -18.6855 33 15.2219
      vertex -18.6673 28 15.3317
      vertex -18.6855 28 15.2219
    endloop
  endfacet
  facet normal -0.163525 0 0.986539
    outer loop
      vertex -16.7781 33 13.3145
      vertex -16.6683 30 13.3327
      vertex -16.6683 33 13.3327
    endloop
  endfacet
  facet normal -0.163525 0 0.986539
    outer loop
      vertex -16.6683 30 13.3327
      vertex -16.7781 33 13.3145
      vertex -16.7781 30 13.3145
    endloop
  endfacet
  facet normal -0.527654 0 0.84946
    outer loop
      vertex -16.15 33 13.5278
      vertex -16.0555 30 13.5865
      vertex -16.0555 33 13.5865
    endloop
  endfacet
  facet normal -0.527654 0 0.84946
    outer loop
      vertex -16.0555 30 13.5865
      vertex -16.15 33 13.5278
      vertex -16.15 30 13.5278
    endloop
  endfacet
  facet normal -0.999476 0 -0.0323571
    outer loop
      vertex -15.3 30 15
      vertex -15.3036 33 15.1112
      vertex -15.3 33 15
    endloop
  endfacet
  facet normal -0.999476 -0 -0.0323571
    outer loop
      vertex -15.3036 33 15.1112
      vertex -15.3 30 15
      vertex -15.3036 30 15.1112
    endloop
  endfacet
  facet normal -0.163525 0 -0.986539
    outer loop
      vertex -16.7781 30 16.6855
      vertex -16.6683 33 16.6673
      vertex -16.6683 30 16.6673
    endloop
  endfacet
  facet normal -0.163525 0 -0.986539
    outer loop
      vertex -16.6683 33 16.6673
      vertex -16.7781 30 16.6855
      vertex -16.7781 33 16.6855
    endloop
  endfacet
  facet normal -0.352108 0 -0.93596
    outer loop
      vertex -16.4536 30 16.6098
      vertex -16.3494 33 16.5706
      vertex -16.3494 30 16.5706
    endloop
  endfacet
  facet normal -0.352108 0 -0.93596
    outer loop
      vertex -16.3494 33 16.5706
      vertex -16.4536 30 16.6098
      vertex -16.4536 33 16.6098
    endloop
  endfacet
  facet normal -0.471847 0 -0.88168
    outer loop
      vertex -16.2481 30 16.5247
      vertex -16.15 33 16.4722
      vertex -16.15 30 16.4722
    endloop
  endfacet
  facet normal -0.471847 0 -0.88168
    outer loop
      vertex -16.15 33 16.4722
      vertex -16.2481 30 16.5247
      vertex -16.2481 33 16.5247
    endloop
  endfacet
  facet normal -0.84946 0 -0.527654
    outer loop
      vertex -15.5278 30 15.85
      vertex -15.5865 33 15.9445
      vertex -15.5278 33 15.85
    endloop
  endfacet
  facet normal -0.84946 -0 -0.527654
    outer loop
      vertex -15.5865 33 15.9445
      vertex -15.5278 30 15.85
      vertex -15.5865 30 15.9445
    endloop
  endfacet
  facet normal -0.986539 0 -0.163525
    outer loop
      vertex -15.3145 30 15.2219
      vertex -15.3327 33 15.3317
      vertex -15.3145 33 15.2219
    endloop
  endfacet
  facet normal -0.986539 -0 -0.163525
    outer loop
      vertex -15.3327 33 15.3317
      vertex -15.3145 30 15.2219
      vertex -15.3327 30 15.3317
    endloop
  endfacet
  facet normal 0.582598 0 -0.81276
    outer loop
      vertex -18.0349 28 16.3487
      vertex -17.9445 33 16.4135
      vertex -17.9445 28 16.4135
    endloop
  endfacet
  facet normal 0.582598 0 -0.81276
    outer loop
      vertex -17.9445 33 16.4135
      vertex -18.0349 28 16.3487
      vertex -18.0349 33 16.3487
    endloop
  endfacet
  facet normal 0.0979904 0 -0.995187
    outer loop
      vertex -17.2219 28 16.6855
      vertex -17.1112 33 16.6964
      vertex -17.1112 28 16.6964
    endloop
  endfacet
  facet normal 0.0979904 0 -0.995187
    outer loop
      vertex -17.1112 33 16.6964
      vertex -17.2219 28 16.6855
      vertex -17.2219 33 16.6855
    endloop
  endfacet
  facet normal 0.84946 0 -0.527654
    outer loop
      vertex -18.4135 28 15.9445
      vertex -18.4722 33 15.85
      vertex -18.4135 33 15.9445
    endloop
  endfacet
  facet normal 0.84946 0 -0.527654
    outer loop
      vertex -18.4722 33 15.85
      vertex -18.4135 28 15.9445
      vertex -18.4722 28 15.85
    endloop
  endfacet
  facet normal 0.772915 0 -0.634509
    outer loop
      vertex -18.2781 28 16.1209
      vertex -18.3487 33 16.0349
      vertex -18.2781 33 16.1209
    endloop
  endfacet
  facet normal 0.772915 0 -0.634509
    outer loop
      vertex -18.3487 33 16.0349
      vertex -18.2781 28 16.1209
      vertex -18.3487 28 16.0349
    endloop
  endfacet
  facet normal -0.634509 0 0.772915
    outer loop
      vertex 18.0349 33 13.6513
      vertex 18.1209 28 13.7219
      vertex 18.1209 33 13.7219
    endloop
  endfacet
  facet normal -0.634509 0 0.772915
    outer loop
      vertex 18.1209 28 13.7219
      vertex 18.0349 33 13.6513
      vertex 18.0349 28 13.6513
    endloop
  endfacet
  facet normal 0.352108 0 0.93596
    outer loop
      vertex 16.3494 33 13.4294
      vertex 16.4536 30 13.3902
      vertex 16.4536 33 13.3902
    endloop
  endfacet
  facet normal 0.352108 0 0.93596
    outer loop
      vertex 16.4536 30 13.3902
      vertex 16.3494 33 13.4294
      vertex 16.3494 30 13.4294
    endloop
  endfacet
  facet normal 0.910859 -0 0.412719
    outer loop
      vertex 15.4294 30 14.3494
      vertex 15.4753 33 14.2481
      vertex 15.4294 33 14.3494
    endloop
  endfacet
  facet normal 0.910859 0 0.412719
    outer loop
      vertex 15.4753 33 14.2481
      vertex 15.4294 30 14.3494
      vertex 15.4753 30 14.2481
    endloop
  endfacet
  facet normal -0.995187 0 -0.0979904
    outer loop
      vertex 18.6964 28 15.1112
      vertex 18.6855 33 15.2219
      vertex 18.6964 33 15.1112
    endloop
  endfacet
  facet normal -0.995187 -0 -0.0979904
    outer loop
      vertex 18.6855 33 15.2219
      vertex 18.6964 28 15.1112
      vertex 18.6855 28 15.2219
    endloop
  endfacet
  facet normal -0.910859 0 0.412719
    outer loop
      vertex 18.5247 28 14.2481
      vertex 18.5706 33 14.3494
      vertex 18.5247 33 14.2481
    endloop
  endfacet
  facet normal -0.910859 0 0.412719
    outer loop
      vertex 18.5706 33 14.3494
      vertex 18.5247 28 14.2481
      vertex 18.5706 28 14.3494
    endloop
  endfacet
  facet normal -0.88168 0 0.471847
    outer loop
      vertex 18.4722 28 14.15
      vertex 18.5247 33 14.2481
      vertex 18.4722 33 14.15
    endloop
  endfacet
  facet normal -0.88168 0 0.471847
    outer loop
      vertex 18.5247 33 14.2481
      vertex 18.4722 28 14.15
      vertex 18.5247 28 14.2481
    endloop
  endfacet
  facet normal -0.412719 0 0.910859
    outer loop
      vertex 17.6506 33 13.4294
      vertex 17.7519 28 13.4753
      vertex 17.7519 33 13.4753
    endloop
  endfacet
  facet normal -0.412719 0 0.910859
    outer loop
      vertex 17.7519 28 13.4753
      vertex 17.6506 33 13.4294
      vertex 17.6506 28 13.4294
    endloop
  endfacet
  facet normal 0.730098 -0 0.683343
    outer loop
      vertex 15.7219 30 13.8791
      vertex 15.7979 33 13.7979
      vertex 15.7219 33 13.8791
    endloop
  endfacet
  facet normal 0.730098 0 0.683343
    outer loop
      vertex 15.7979 33 13.7979
      vertex 15.7219 30 13.8791
      vertex 15.7979 30 13.7979
    endloop
  endfacet
  facet normal 0.163525 0 0.986539
    outer loop
      vertex 16.6683 33 13.3327
      vertex 16.7781 30 13.3145
      vertex 16.7781 33 13.3145
    endloop
  endfacet
  facet normal 0.163525 0 0.986539
    outer loop
      vertex 16.7781 30 13.3145
      vertex 16.6683 33 13.3327
      vertex 16.6683 30 13.3327
    endloop
  endfacet
  facet normal -0.93596 0 -0.352108
    outer loop
      vertex 18.6098 28 15.5464
      vertex 18.5706 33 15.6506
      vertex 18.6098 33 15.5464
    endloop
  endfacet
  facet normal -0.93596 -0 -0.352108
    outer loop
      vertex 18.5706 33 15.6506
      vertex 18.6098 28 15.5464
      vertex 18.5706 28 15.6506
    endloop
  endfacet
  facet normal 0.683343 0 -0.730098
    outer loop
      vertex 15.7979 30 16.2021
      vertex 15.8791 33 16.2781
      vertex 15.8791 30 16.2781
    endloop
  endfacet
  facet normal 0.683343 0 -0.730098
    outer loop
      vertex 15.8791 33 16.2781
      vertex 15.7979 30 16.2021
      vertex 15.7979 33 16.2021
    endloop
  endfacet
  facet normal 0 1 0
    outer loop
      vertex 17.2219 28 16.6855
      vertex 17 28 16.7
      vertex 17.1112 28 16.6964
    endloop
  endfacet
  facet normal 0 1 0
    outer loop
      vertex 17.3317 28 16.6673
      vertex 17 28 16.7
      vertex 17.2219 28 16.6855
    endloop
  endfacet
  facet normal 0 1 0
    outer loop
      vertex 17.44 28 16.6421
      vertex 17 28 16.7
      vertex 17.3317 28 16.6673
    endloop
  endfacet
  facet normal 0 1 0
    outer loop
      vertex 17.5464 28 16.6098
      vertex 17 28 16.7
      vertex 17.44 28 16.6421
    endloop
  endfacet
  facet normal 0 1 0
    outer loop
      vertex 17.6506 28 16.5706
      vertex 17 28 16.7
      vertex 17.5464 28 16.6098
    endloop
  endfacet
  facet normal 0 1 0
    outer loop
      vertex 17.7519 28 16.5247
      vertex 17 28 16.7
      vertex 17.6506 28 16.5706
    endloop
  endfacet
  facet normal 0 1 0
    outer loop
      vertex 17.85 28 16.4722
      vertex 17 28 16.7
      vertex 17.7519 28 16.5247
    endloop
  endfacet
  facet normal 0 1 0
    outer loop
      vertex 17.9445 28 16.4135
      vertex 17 28 16.7
      vertex 17.85 28 16.4722
    endloop
  endfacet
  facet normal 0 1 0
    outer loop
      vertex 18.0349 28 16.3487
      vertex 17 28 16.7
      vertex 17.9445 28 16.4135
    endloop
  endfacet
  facet normal 0 1 0
    outer loop
      vertex 18.1209 28 16.2781
      vertex 17 28 16.7
      vertex 18.0349 28 16.3487
    endloop
  endfacet
  facet normal 0 1 0
    outer loop
      vertex 18.2021 28 16.2021
      vertex 17 28 16.7
      vertex 18.1209 28 16.2781
    endloop
  endfacet
  facet normal 0 1 0
    outer loop
      vertex 18.2781 28 16.1209
      vertex 17 28 16.7
      vertex 18.2021 28 16.2021
    endloop
  endfacet
  facet normal 0 1 0
    outer loop
      vertex 18.3487 28 16.0349
      vertex 17 28 16.7
      vertex 18.2781 28 16.1209
    endloop
  endfacet
  facet normal 0 1 0
    outer loop
      vertex 18.4135 28 15.9445
      vertex 17 28 16.7
      vertex 18.3487 28 16.0349
    endloop
  endfacet
  facet normal 0 1 0
    outer loop
      vertex 18.4722 28 15.85
      vertex 17 28 16.7
      vertex 18.4135 28 15.9445
    endloop
  endfacet
  facet normal 0 1 0
    outer loop
      vertex 18.5247 28 15.7519
      vertex 17 28 16.7
      vertex 18.4722 28 15.85
    endloop
  endfacet
  facet normal 0 1 0
    outer loop
      vertex 18.5706 28 15.6506
      vertex 17 28 16.7
      vertex 18.5247 28 15.7519
    endloop
  endfacet
  facet normal 0 1 0
    outer loop
      vertex 18.6098 28 15.5464
      vertex 17 28 16.7
      vertex 18.5706 28 15.6506
    endloop
  endfacet
  facet normal 0 1 0
    outer loop
      vertex 18.6421 28 15.44
      vertex 17 28 16.7
      vertex 18.6098 28 15.5464
    endloop
  endfacet
  facet normal 0 1 0
    outer loop
      vertex 18.6673 28 15.3317
      vertex 17 28 16.7
      vertex 18.6421 28 15.44
    endloop
  endfacet
  facet normal 0 1 0
    outer loop
      vertex 18.6855 28 15.2219
      vertex 17 28 16.7
      vertex 18.6673 28 15.3317
    endloop
  endfacet
  facet normal 0 1 0
    outer loop
      vertex 18.6964 28 15.1112
      vertex 17 28 16.7
      vertex 18.6855 28 15.2219
    endloop
  endfacet
  facet normal 0 1 0
    outer loop
      vertex 18.7 28 15
      vertex 17 28 16.7
      vertex 18.6964 28 15.1112
    endloop
  endfacet
  facet normal 0 1 -0
    outer loop
      vertex 18.6964 28 14.8888
      vertex 17 28 16.7
      vertex 18.7 28 15
    endloop
  endfacet
  facet normal 0 1 -0
    outer loop
      vertex 18.6855 28 14.7781
      vertex 17 28 16.7
      vertex 18.6964 28 14.8888
    endloop
  endfacet
  facet normal 0 1 -0
    outer loop
      vertex 18.6673 28 14.6683
      vertex 17 28 16.7
      vertex 18.6855 28 14.7781
    endloop
  endfacet
  facet normal 0 1 -0
    outer loop
      vertex 18.6421 28 14.56
      vertex 17 28 16.7
      vertex 18.6673 28 14.6683
    endloop
  endfacet
  facet normal 0 1 -0
    outer loop
      vertex 18.6098 28 14.4536
      vertex 17 28 16.7
      vertex 18.6421 28 14.56
    endloop
  endfacet
  facet normal 0 1 -0
    outer loop
      vertex 18.5706 28 14.3494
      vertex 17 28 16.7
      vertex 18.6098 28 14.4536
    endloop
  endfacet
  facet normal 0 1 -0
    outer loop
      vertex 18.5247 28 14.2481
      vertex 17 28 16.7
      vertex 18.5706 28 14.3494
    endloop
  endfacet
  facet normal 0 1 -0
    outer loop
      vertex 18.4722 28 14.15
      vertex 17 28 16.7
      vertex 18.5247 28 14.2481
    endloop
  endfacet
  facet normal 0 1 -0
    outer loop
      vertex 18.4135 28 14.0555
      vertex 17 28 16.7
      vertex 18.4722 28 14.15
    endloop
  endfacet
  facet normal 0 1 -0
    outer loop
      vertex 18.3487 28 13.9651
      vertex 17 28 16.7
      vertex 18.4135 28 14.0555
    endloop
  endfacet
  facet normal 0 1 -0
    outer loop
      vertex 18.2781 28 13.8791
      vertex 17 28 16.7
      vertex 18.3487 28 13.9651
    endloop
  endfacet
  facet normal 0 1 -0
    outer loop
      vertex 18.2021 28 13.7979
      vertex 17 28 16.7
      vertex 18.2781 28 13.8791
    endloop
  endfacet
  facet normal 0 1 -0
    outer loop
      vertex 18.1209 28 13.7219
      vertex 17 28 16.7
      vertex 18.2021 28 13.7979
    endloop
  endfacet
  facet normal 0 1 -0
    outer loop
      vertex 18.0349 28 13.6513
      vertex 17 28 16.7
      vertex 18.1209 28 13.7219
    endloop
  endfacet
  facet normal 0 1 -0
    outer loop
      vertex 17.9445 28 13.5865
      vertex 17 28 16.7
      vertex 18.0349 28 13.6513
    endloop
  endfacet
  facet normal 0 1 -0
    outer loop
      vertex 17.85 28 13.5278
      vertex 17 28 16.7
      vertex 17.9445 28 13.5865
    endloop
  endfacet
  facet normal 0 1 -0
    outer loop
      vertex 17.7519 28 13.4753
      vertex 17 28 16.7
      vertex 17.85 28 13.5278
    endloop
  endfacet
  facet normal 0 1 -0
    outer loop
      vertex 17.6506 28 13.4294
      vertex 17 28 16.7
      vertex 17.7519 28 13.4753
    endloop
  endfacet
  facet normal 0 1 -0
    outer loop
      vertex 17.5464 28 13.3902
      vertex 17 28 16.7
      vertex 17.6506 28 13.4294
    endloop
  endfacet
  facet normal 0 1 -0
    outer loop
      vertex 17.44 28 13.3579
      vertex 17 28 16.7
      vertex 17.5464 28 13.3902
    endloop
  endfacet
  facet normal 0 1 -0
    outer loop
      vertex 17.3317 28 13.3327
      vertex 17 28 16.7
      vertex 17.44 28 13.3579
    endloop
  endfacet
  facet normal 0 1 -0
    outer loop
      vertex 17.2219 28 13.3145
      vertex 17 28 16.7
      vertex 17.3317 28 13.3327
    endloop
  endfacet
  facet normal 0 1 -0
    outer loop
      vertex 17.1112 28 13.3036
      vertex 17 28 16.7
      vertex 17.2219 28 13.3145
    endloop
  endfacet
  facet normal 0 1 0
    outer loop
      vertex 17 28 16.7
      vertex 17.1112 28 13.3036
      vertex 17 28 13.3
    endloop
  endfacet
  facet normal -0.986539 0 0.163525
    outer loop
      vertex 18.6673 28 14.6683
      vertex 18.6855 33 14.7781
      vertex 18.6673 33 14.6683
    endloop
  endfacet
  facet normal -0.986539 0 0.163525
    outer loop
      vertex 18.6855 33 14.7781
      vertex 18.6673 28 14.6683
      vertex 18.6855 28 14.7781
    endloop
  endfacet
  facet normal -0.97398 0 0.226633
    outer loop
      vertex 18.6421 28 14.56
      vertex 18.6673 33 14.6683
      vertex 18.6421 33 14.56
    endloop
  endfacet
  facet normal -0.97398 0 0.226633
    outer loop
      vertex 18.6673 33 14.6683
      vertex 18.6421 28 14.56
      vertex 18.6673 28 14.6683
    endloop
  endfacet
  facet normal -0.772915 0 0.634509
    outer loop
      vertex 18.2781 28 13.8791
      vertex 18.3487 33 13.9651
      vertex 18.2781 33 13.8791
    endloop
  endfacet
  facet normal -0.772915 0 0.634509
    outer loop
      vertex 18.3487 33 13.9651
      vertex 18.2781 28 13.8791
      vertex 18.3487 28 13.9651
    endloop
  endfacet
  facet normal -0.81276 0 0.582598
    outer loop
      vertex 18.3487 28 13.9651
      vertex 18.4135 33 14.0555
      vertex 18.3487 33 13.9651
    endloop
  endfacet
  facet normal -0.81276 0 0.582598
    outer loop
      vertex 18.4135 33 14.0555
      vertex 18.3487 28 13.9651
      vertex 18.4135 28 14.0555
    endloop
  endfacet
  facet normal -0.582598 0 0.81276
    outer loop
      vertex 17.9445 33 13.5865
      vertex 18.0349 28 13.6513
      vertex 18.0349 33 13.6513
    endloop
  endfacet
  facet normal -0.582598 0 0.81276
    outer loop
      vertex 18.0349 28 13.6513
      vertex 17.9445 33 13.5865
      vertex 17.9445 28 13.5865
    endloop
  endfacet
  facet normal -0.0323571 0 0.999476
    outer loop
      vertex 17 30 13.3
      vertex 17.1112 33 13.3036
      vertex 17 33 13.3
    endloop
  endfacet
  facet normal -0.0323571 0 0.999476
    outer loop
      vertex 17.1112 33 13.3036
      vertex 17 30 13.3
      vertex 17.1112 28 13.3036
    endloop
  endfacet
  facet normal -0.0323571 0 0.999476
    outer loop
      vertex 17.1112 28 13.3036
      vertex 17 30 13.3
      vertex 17 28 13.3
    endloop
  endfacet
  facet normal -0.0979904 0 0.995187
    outer loop
      vertex 17.1112 33 13.3036
      vertex 17.2219 28 13.3145
      vertex 17.2219 33 13.3145
    endloop
  endfacet
  facet normal -0.0979904 0 0.995187
    outer loop
      vertex 17.2219 28 13.3145
      vertex 17.1112 33 13.3036
      vertex 17.1112 28 13.3036
    endloop
  endfacet
  facet normal -0.226633 0 0.97398
    outer loop
      vertex 17.3317 33 13.3327
      vertex 17.44 28 13.3579
      vertex 17.44 33 13.3579
    endloop
  endfacet
  facet normal -0.226633 0 0.97398
    outer loop
      vertex 17.44 28 13.3579
      vertex 17.3317 33 13.3327
      vertex 17.3317 28 13.3327
    endloop
  endfacet
  facet normal 0.999476 -0 0.0323571
    outer loop
      vertex 15.3 30 15
      vertex 15.3036 33 14.8888
      vertex 15.3 33 15
    endloop
  endfacet
  facet normal 0.999476 0 0.0323571
    outer loop
      vertex 15.3036 33 14.8888
      vertex 15.3 30 15
      vertex 15.3036 30 14.8888
    endloop
  endfacet
  facet normal 0.995187 -0 0.0979904
    outer loop
      vertex 15.3036 30 14.8888
      vertex 15.3145 33 14.7781
      vertex 15.3036 33 14.8888
    endloop
  endfacet
  facet normal 0.995187 0 0.0979904
    outer loop
      vertex 15.3145 33 14.7781
      vertex 15.3036 30 14.8888
      vertex 15.3145 30 14.7781
    endloop
  endfacet
  facet normal 0.97398 -0 0.226633
    outer loop
      vertex 15.3327 30 14.6683
      vertex 15.3579 33 14.56
      vertex 15.3327 33 14.6683
    endloop
  endfacet
  facet normal 0.97398 0 0.226633
    outer loop
      vertex 15.3579 33 14.56
      vertex 15.3327 30 14.6683
      vertex 15.3579 30 14.56
    endloop
  endfacet
  facet normal 0.81276 -0 0.582598
    outer loop
      vertex 15.5865 30 14.0555
      vertex 15.6513 33 13.9651
      vertex 15.5865 33 14.0555
    endloop
  endfacet
  facet normal 0.81276 0 0.582598
    outer loop
      vertex 15.6513 33 13.9651
      vertex 15.5865 30 14.0555
      vertex 15.6513 30 13.9651
    endloop
  endfacet
  facet normal 0.226633 0 0.97398
    outer loop
      vertex 16.56 33 13.3579
      vertex 16.6683 30 13.3327
      vertex 16.6683 33 13.3327
    endloop
  endfacet
  facet normal 0.226633 0 0.97398
    outer loop
      vertex 16.6683 30 13.3327
      vertex 16.56 33 13.3579
      vertex 16.56 30 13.3579
    endloop
  endfacet
  facet normal 0.0323571 0 0.999476
    outer loop
      vertex 16.8888 33 13.3036
      vertex 17 30 13.3
      vertex 17 33 13.3
    endloop
  endfacet
  facet normal 0.0323571 0 0.999476
    outer loop
      vertex 17 30 13.3
      vertex 16.8888 33 13.3036
      vertex 16.8888 30 13.3036
    endloop
  endfacet
  facet normal 0.527654 0 0.84946
    outer loop
      vertex 16.0555 33 13.5865
      vertex 16.15 30 13.5278
      vertex 16.15 33 13.5278
    endloop
  endfacet
  facet normal 0.527654 0 0.84946
    outer loop
      vertex 16.15 30 13.5278
      vertex 16.0555 33 13.5865
      vertex 16.0555 30 13.5865
    endloop
  endfacet
  facet normal 0.412719 0 0.910859
    outer loop
      vertex 16.2481 33 13.4753
      vertex 16.3494 30 13.4294
      vertex 16.3494 33 13.4294
    endloop
  endfacet
  facet normal 0.412719 0 0.910859
    outer loop
      vertex 16.3494 30 13.4294
      vertex 16.2481 33 13.4753
      vertex 16.2481 30 13.4753
    endloop
  endfacet
  facet normal 0.683343 0 0.730098
    outer loop
      vertex 15.7979 33 13.7979
      vertex 15.8791 30 13.7219
      vertex 15.8791 33 13.7219
    endloop
  endfacet
  facet normal 0.683343 0 0.730098
    outer loop
      vertex 15.8791 30 13.7219
      vertex 15.7979 33 13.7979
      vertex 15.7979 30 13.7979
    endloop
  endfacet
  facet normal -0.999476 0 0.0323571
    outer loop
      vertex 18.6964 28 14.8888
      vertex 18.7 33 15
      vertex 18.6964 33 14.8888
    endloop
  endfacet
  facet normal -0.999476 0 0.0323571
    outer loop
      vertex 18.7 33 15
      vertex 18.6964 28 14.8888
      vertex 18.7 28 15
    endloop
  endfacet
  facet normal -0.0323571 -0 -0.999476
    outer loop
      vertex 17 30 16.7
      vertex 17.1112 28 16.6964
      vertex 17 28 16.7
    endloop
  endfacet
  facet normal -0.0323571 0 -0.999476
    outer loop
      vertex 17.1112 28 16.6964
      vertex 17 30 16.7
      vertex 17.1112 33 16.6964
    endloop
  endfacet
  facet normal -0.0323571 0 -0.999476
    outer loop
      vertex 17.1112 33 16.6964
      vertex 17 30 16.7
      vertex 17 33 16.7
    endloop
  endfacet
  facet normal -0.956881 0 -0.290482
    outer loop
      vertex 18.6421 28 15.44
      vertex 18.6098 33 15.5464
      vertex 18.6421 33 15.44
    endloop
  endfacet
  facet normal -0.956881 -0 -0.290482
    outer loop
      vertex 18.6098 33 15.5464
      vertex 18.6421 28 15.44
      vertex 18.6098 28 15.5464
    endloop
  endfacet
  facet normal -0.772915 0 -0.634509
    outer loop
      vertex 18.3487 28 16.0349
      vertex 18.2781 33 16.1209
      vertex 18.3487 33 16.0349
    endloop
  endfacet
  facet normal -0.772915 -0 -0.634509
    outer loop
      vertex 18.2781 33 16.1209
      vertex 18.3487 28 16.0349
      vertex 18.2781 28 16.1209
    endloop
  endfacet
  facet normal -0.226633 0 -0.97398
    outer loop
      vertex 17.3317 28 16.6673
      vertex 17.44 33 16.6421
      vertex 17.44 28 16.6421
    endloop
  endfacet
  facet normal -0.226633 0 -0.97398
    outer loop
      vertex 17.44 33 16.6421
      vertex 17.3317 28 16.6673
      vertex 17.3317 33 16.6673
    endloop
  endfacet
  facet normal -0.634509 0 -0.772915
    outer loop
      vertex 18.0349 28 16.3487
      vertex 18.1209 33 16.2781
      vertex 18.1209 28 16.2781
    endloop
  endfacet
  facet normal -0.634509 0 -0.772915
    outer loop
      vertex 18.1209 33 16.2781
      vertex 18.0349 28 16.3487
      vertex 18.0349 33 16.3487
    endloop
  endfacet
  facet normal 0.97398 0 -0.226633
    outer loop
      vertex 15.3579 30 15.44
      vertex 15.3327 33 15.3317
      vertex 15.3579 33 15.44
    endloop
  endfacet
  facet normal 0.97398 0 -0.226633
    outer loop
      vertex 15.3327 33 15.3317
      vertex 15.3579 30 15.44
      vertex 15.3327 30 15.3317
    endloop
  endfacet
  facet normal 0.93596 0 -0.352108
    outer loop
      vertex 15.4294 30 15.6506
      vertex 15.3902 33 15.5464
      vertex 15.4294 33 15.6506
    endloop
  endfacet
  facet normal 0.93596 0 -0.352108
    outer loop
      vertex 15.3902 33 15.5464
      vertex 15.4294 30 15.6506
      vertex 15.3902 30 15.5464
    endloop
  endfacet
  facet normal 0.986539 0 -0.163525
    outer loop
      vertex 15.3327 30 15.3317
      vertex 15.3145 33 15.2219
      vertex 15.3327 33 15.3317
    endloop
  endfacet
  facet normal 0.986539 0 -0.163525
    outer loop
      vertex 15.3145 33 15.2219
      vertex 15.3327 30 15.3317
      vertex 15.3145 30 15.2219
    endloop
  endfacet
  facet normal 0.999476 0 -0.0323571
    outer loop
      vertex 15.3036 30 15.1112
      vertex 15.3 33 15
      vertex 15.3036 33 15.1112
    endloop
  endfacet
  facet normal 0.999476 0 -0.0323571
    outer loop
      vertex 15.3 33 15
      vertex 15.3036 30 15.1112
      vertex 15.3 30 15
    endloop
  endfacet
  facet normal 0.910859 0 -0.412719
    outer loop
      vertex 15.4753 30 15.7519
      vertex 15.4294 33 15.6506
      vertex 15.4753 33 15.7519
    endloop
  endfacet
  facet normal 0.910859 0 -0.412719
    outer loop
      vertex 15.4294 33 15.6506
      vertex 15.4753 30 15.7519
      vertex 15.4294 30 15.6506
    endloop
  endfacet
  facet normal -0.93596 0 0.352108
    outer loop
      vertex 18.5706 28 14.3494
      vertex 18.6098 33 14.4536
      vertex 18.5706 33 14.3494
    endloop
  endfacet
  facet normal -0.93596 0 0.352108
    outer loop
      vertex 18.6098 33 14.4536
      vertex 18.5706 28 14.3494
      vertex 18.6098 28 14.4536
    endloop
  endfacet
  facet normal -0.956881 0 0.290482
    outer loop
      vertex 18.6098 28 14.4536
      vertex 18.6421 33 14.56
      vertex 18.6098 33 14.4536
    endloop
  endfacet
  facet normal -0.956881 0 0.290482
    outer loop
      vertex 18.6421 33 14.56
      vertex 18.6098 28 14.4536
      vertex 18.6421 28 14.56
    endloop
  endfacet
  facet normal -0.84946 0 0.527654
    outer loop
      vertex 18.4135 28 14.0555
      vertex 18.4722 33 14.15
      vertex 18.4135 33 14.0555
    endloop
  endfacet
  facet normal -0.84946 0 0.527654
    outer loop
      vertex 18.4722 33 14.15
      vertex 18.4135 28 14.0555
      vertex 18.4722 28 14.15
    endloop
  endfacet
  facet normal -0.730098 0 0.683343
    outer loop
      vertex 18.2021 28 13.7979
      vertex 18.2781 33 13.8791
      vertex 18.2021 33 13.7979
    endloop
  endfacet
  facet normal -0.730098 0 0.683343
    outer loop
      vertex 18.2781 33 13.8791
      vertex 18.2021 28 13.7979
      vertex 18.2781 28 13.8791
    endloop
  endfacet
  facet normal -0.683343 0 0.730098
    outer loop
      vertex 18.1209 33 13.7219
      vertex 18.2021 28 13.7979
      vertex 18.2021 33 13.7979
    endloop
  endfacet
  facet normal -0.683343 0 0.730098
    outer loop
      vertex 18.2021 28 13.7979
      vertex 18.1209 33 13.7219
      vertex 18.1209 28 13.7219
    endloop
  endfacet
  facet normal -0.471847 0 0.88168
    outer loop
      vertex 17.7519 33 13.4753
      vertex 17.85 28 13.5278
      vertex 17.85 33 13.5278
    endloop
  endfacet
  facet normal -0.471847 0 0.88168
    outer loop
      vertex 17.85 28 13.5278
      vertex 17.7519 33 13.4753
      vertex 17.7519 28 13.4753
    endloop
  endfacet
  facet normal -0.527654 0 0.84946
    outer loop
      vertex 17.85 33 13.5278
      vertex 17.9445 28 13.5865
      vertex 17.9445 33 13.5865
    endloop
  endfacet
  facet normal -0.527654 0 0.84946
    outer loop
      vertex 17.9445 28 13.5865
      vertex 17.85 33 13.5278
      vertex 17.85 28 13.5278
    endloop
  endfacet
  facet normal -0.290482 0 0.956881
    outer loop
      vertex 17.44 33 13.3579
      vertex 17.5464 28 13.3902
      vertex 17.5464 33 13.3902
    endloop
  endfacet
  facet normal -0.290482 0 0.956881
    outer loop
      vertex 17.5464 28 13.3902
      vertex 17.44 33 13.3579
      vertex 17.44 28 13.3579
    endloop
  endfacet
  facet normal -0.352108 0 0.93596
    outer loop
      vertex 17.5464 33 13.3902
      vertex 17.6506 28 13.4294
      vertex 17.6506 33 13.4294
    endloop
  endfacet
  facet normal -0.352108 0 0.93596
    outer loop
      vertex 17.6506 28 13.4294
      vertex 17.5464 33 13.3902
      vertex 17.5464 28 13.3902
    endloop
  endfacet
  facet normal 0.956881 -0 0.290482
    outer loop
      vertex 15.3579 30 14.56
      vertex 15.3902 33 14.4536
      vertex 15.3579 33 14.56
    endloop
  endfacet
  facet normal 0.956881 0 0.290482
    outer loop
      vertex 15.3902 33 14.4536
      vertex 15.3579 30 14.56
      vertex 15.3902 30 14.4536
    endloop
  endfacet
  facet normal 0.93596 -0 0.352108
    outer loop
      vertex 15.3902 30 14.4536
      vertex 15.4294 33 14.3494
      vertex 15.3902 33 14.4536
    endloop
  endfacet
  facet normal 0.93596 0 0.352108
    outer loop
      vertex 15.4294 33 14.3494
      vertex 15.3902 30 14.4536
      vertex 15.4294 30 14.3494
    endloop
  endfacet
  facet normal 0.986539 -0 0.163525
    outer loop
      vertex 15.3145 30 14.7781
      vertex 15.3327 33 14.6683
      vertex 15.3145 33 14.7781
    endloop
  endfacet
  facet normal 0.986539 0 0.163525
    outer loop
      vertex 15.3327 33 14.6683
      vertex 15.3145 30 14.7781
      vertex 15.3327 30 14.6683
    endloop
  endfacet
  facet normal 0.88168 -0 0.471847
    outer loop
      vertex 15.4753 30 14.2481
      vertex 15.5278 33 14.15
      vertex 15.4753 33 14.2481
    endloop
  endfacet
  facet normal 0.88168 0 0.471847
    outer loop
      vertex 15.5278 33 14.15
      vertex 15.4753 30 14.2481
      vertex 15.5278 30 14.15
    endloop
  endfacet
  facet normal 0.772915 -0 0.634509
    outer loop
      vertex 15.6513 30 13.9651
      vertex 15.7219 33 13.8791
      vertex 15.6513 33 13.9651
    endloop
  endfacet
  facet normal 0.772915 0 0.634509
    outer loop
      vertex 15.7219 33 13.8791
      vertex 15.6513 30 13.9651
      vertex 15.7219 30 13.8791
    endloop
  endfacet
  facet normal 0.290482 0 0.956881
    outer loop
      vertex 16.4536 33 13.3902
      vertex 16.56 30 13.3579
      vertex 16.56 33 13.3579
    endloop
  endfacet
  facet normal 0.290482 0 0.956881
    outer loop
      vertex 16.56 30 13.3579
      vertex 16.4536 33 13.3902
      vertex 16.4536 30 13.3902
    endloop
  endfacet
  facet normal 0.0979904 0 0.995187
    outer loop
      vertex 16.7781 33 13.3145
      vertex 16.8888 30 13.3036
      vertex 16.8888 33 13.3036
    endloop
  endfacet
  facet normal 0.0979904 0 0.995187
    outer loop
      vertex 16.8888 30 13.3036
      vertex 16.7781 33 13.3145
      vertex 16.7781 30 13.3145
    endloop
  endfacet
  facet normal 0.471847 0 0.88168
    outer loop
      vertex 16.15 33 13.5278
      vertex 16.2481 30 13.4753
      vertex 16.2481 33 13.4753
    endloop
  endfacet
  facet normal 0.471847 0 0.88168
    outer loop
      vertex 16.2481 30 13.4753
      vertex 16.15 33 13.5278
      vertex 16.15 30 13.5278
    endloop
  endfacet
  facet normal 0.634509 0 0.772915
    outer loop
      vertex 15.8791 33 13.7219
      vertex 15.9651 30 13.6513
      vertex 15.9651 33 13.6513
    endloop
  endfacet
  facet normal 0.634509 0 0.772915
    outer loop
      vertex 15.9651 30 13.6513
      vertex 15.8791 33 13.7219
      vertex 15.8791 30 13.7219
    endloop
  endfacet
  facet normal 0.582598 0 0.81276
    outer loop
      vertex 15.9651 33 13.6513
      vertex 16.0555 30 13.5865
      vertex 16.0555 33 13.5865
    endloop
  endfacet
  facet normal 0.582598 0 0.81276
    outer loop
      vertex 16.0555 30 13.5865
      vertex 15.9651 33 13.6513
      vertex 15.9651 30 13.6513
    endloop
  endfacet
  facet normal -0.999476 0 -0.0323571
    outer loop
      vertex 18.7 28 15
      vertex 18.6964 33 15.1112
      vertex 18.7 33 15
    endloop
  endfacet
  facet normal -0.999476 -0 -0.0323571
    outer loop
      vertex 18.6964 33 15.1112
      vertex 18.7 28 15
      vertex 18.6964 28 15.1112
    endloop
  endfacet
  facet normal -0.986539 0 -0.163525
    outer loop
      vertex 18.6855 28 15.2219
      vertex 18.6673 33 15.3317
      vertex 18.6855 33 15.2219
    endloop
  endfacet
  facet normal -0.986539 -0 -0.163525
    outer loop
      vertex 18.6673 33 15.3317
      vertex 18.6855 28 15.2219
      vertex 18.6673 28 15.3317
    endloop
  endfacet
  facet normal -0.0979904 0 -0.995187
    outer loop
      vertex 17.1112 28 16.6964
      vertex 17.2219 33 16.6855
      vertex 17.2219 28 16.6855
    endloop
  endfacet
  facet normal -0.0979904 0 -0.995187
    outer loop
      vertex 17.2219 33 16.6855
      vertex 17.1112 28 16.6964
      vertex 17.1112 33 16.6964
    endloop
  endfacet
  facet normal -0.290482 0 -0.956881
    outer loop
      vertex 17.44 28 16.6421
      vertex 17.5464 33 16.6098
      vertex 17.5464 28 16.6098
    endloop
  endfacet
  facet normal -0.290482 0 -0.956881
    outer loop
      vertex 17.5464 33 16.6098
      vertex 17.44 28 16.6421
      vertex 17.44 33 16.6421
    endloop
  endfacet
  facet normal -0.683343 0 -0.730098
    outer loop
      vertex 18.1209 28 16.2781
      vertex 18.2021 33 16.2021
      vertex 18.2021 28 16.2021
    endloop
  endfacet
  facet normal -0.683343 0 -0.730098
    outer loop
      vertex 18.2021 33 16.2021
      vertex 18.1209 28 16.2781
      vertex 18.1209 33 16.2781
    endloop
  endfacet
  facet normal -0.527654 0 -0.84946
    outer loop
      vertex 17.85 28 16.4722
      vertex 17.9445 33 16.4135
      vertex 17.9445 28 16.4135
    endloop
  endfacet
  facet normal -0.527654 0 -0.84946
    outer loop
      vertex 17.9445 33 16.4135
      vertex 17.85 28 16.4722
      vertex 17.85 33 16.4722
    endloop
  endfacet
  facet normal -0.582598 0 -0.81276
    outer loop
      vertex 17.9445 28 16.4135
      vertex 18.0349 33 16.3487
      vertex 18.0349 28 16.3487
    endloop
  endfacet
  facet normal -0.582598 0 -0.81276
    outer loop
      vertex 18.0349 33 16.3487
      vertex 17.9445 28 16.4135
      vertex 17.9445 33 16.4135
    endloop
  endfacet
  facet normal -0.412719 0 -0.910859
    outer loop
      vertex 17.6506 28 16.5706
      vertex 17.7519 33 16.5247
      vertex 17.7519 28 16.5247
    endloop
  endfacet
  facet normal -0.412719 0 -0.910859
    outer loop
      vertex 17.7519 33 16.5247
      vertex 17.6506 28 16.5706
      vertex 17.6506 33 16.5706
    endloop
  endfacet
  facet normal 0.352108 0 -0.93596
    outer loop
      vertex 16.3494 30 16.5706
      vertex 16.4536 33 16.6098
      vertex 16.4536 30 16.6098
    endloop
  endfacet
  facet normal 0.352108 0 -0.93596
    outer loop
      vertex 16.4536 33 16.6098
      vertex 16.3494 30 16.5706
      vertex 16.3494 33 16.5706
    endloop
  endfacet
  facet normal 0.0323571 0 -0.999476
    outer loop
      vertex 16.8888 30 16.6964
      vertex 17 33 16.7
      vertex 17 30 16.7
    endloop
  endfacet
  facet normal 0.0323571 0 -0.999476
    outer loop
      vertex 17 33 16.7
      vertex 16.8888 30 16.6964
      vertex 16.8888 33 16.6964
    endloop
  endfacet
  facet normal 0.163525 0 -0.986539
    outer loop
      vertex 16.6683 30 16.6673
      vertex 16.7781 33 16.6855
      vertex 16.7781 30 16.6855
    endloop
  endfacet
  facet normal 0.163525 0 -0.986539
    outer loop
      vertex 16.7781 33 16.6855
      vertex 16.6683 30 16.6673
      vertex 16.6683 33 16.6673
    endloop
  endfacet
  facet normal 0.0979904 0 -0.995187
    outer loop
      vertex 16.7781 30 16.6855
      vertex 16.8888 33 16.6964
      vertex 16.8888 30 16.6964
    endloop
  endfacet
  facet normal 0.0979904 0 -0.995187
    outer loop
      vertex 16.8888 33 16.6964
      vertex 16.7781 30 16.6855
      vertex 16.7781 33 16.6855
    endloop
  endfacet
  facet normal 0.226633 0 -0.97398
    outer loop
      vertex 16.56 30 16.6421
      vertex 16.6683 33 16.6673
      vertex 16.6683 30 16.6673
    endloop
  endfacet
  facet normal 0.226633 0 -0.97398
    outer loop
      vertex 16.6683 33 16.6673
      vertex 16.56 30 16.6421
      vertex 16.56 33 16.6421
    endloop
  endfacet
  facet normal 0.471847 0 -0.88168
    outer loop
      vertex 16.15 30 16.4722
      vertex 16.2481 33 16.5247
      vertex 16.2481 30 16.5247
    endloop
  endfacet
  facet normal 0.471847 0 -0.88168
    outer loop
      vertex 16.2481 33 16.5247
      vertex 16.15 30 16.4722
      vertex 16.15 33 16.4722
    endloop
  endfacet
  facet normal 0.527654 0 -0.84946
    outer loop
      vertex 16.0555 30 16.4135
      vertex 16.15 33 16.4722
      vertex 16.15 30 16.4722
    endloop
  endfacet
  facet normal 0.527654 0 -0.84946
    outer loop
      vertex 16.15 33 16.4722
      vertex 16.0555 30 16.4135
      vertex 16.0555 33 16.4135
    endloop
  endfacet
  facet normal 0.412719 0 -0.910859
    outer loop
      vertex 16.2481 30 16.5247
      vertex 16.3494 33 16.5706
      vertex 16.3494 30 16.5706
    endloop
  endfacet
  facet normal 0.412719 0 -0.910859
    outer loop
      vertex 16.3494 33 16.5706
      vertex 16.2481 30 16.5247
      vertex 16.2481 33 16.5247
    endloop
  endfacet
  facet normal 0.634509 0 -0.772915
    outer loop
      vertex 15.8791 30 16.2781
      vertex 15.9651 33 16.3487
      vertex 15.9651 30 16.3487
    endloop
  endfacet
  facet normal 0.634509 0 -0.772915
    outer loop
      vertex 15.9651 33 16.3487
      vertex 15.8791 30 16.2781
      vertex 15.8791 33 16.2781
    endloop
  endfacet
  facet normal 0.582598 0 -0.81276
    outer loop
      vertex 15.9651 30 16.3487
      vertex 16.0555 33 16.4135
      vertex 16.0555 30 16.4135
    endloop
  endfacet
  facet normal 0.582598 0 -0.81276
    outer loop
      vertex 16.0555 33 16.4135
      vertex 15.9651 30 16.3487
      vertex 15.9651 33 16.3487
    endloop
  endfacet
  facet normal 0.956881 0 -0.290482
    outer loop
      vertex 15.3902 30 15.5464
      vertex 15.3579 33 15.44
      vertex 15.3902 33 15.5464
    endloop
  endfacet
  facet normal 0.956881 0 -0.290482
    outer loop
      vertex 15.3579 33 15.44
      vertex 15.3902 30 15.5464
      vertex 15.3579 30 15.44
    endloop
  endfacet
  facet normal 0.995187 0 -0.0979904
    outer loop
      vertex 15.3145 30 15.2219
      vertex 15.3036 33 15.1112
      vertex 15.3145 33 15.2219
    endloop
  endfacet
  facet normal 0.995187 0 -0.0979904
    outer loop
      vertex 15.3036 33 15.1112
      vertex 15.3145 30 15.2219
      vertex 15.3036 30 15.1112
    endloop
  endfacet
  facet normal 0.88168 0 -0.471847
    outer loop
      vertex 15.5278 30 15.85
      vertex 15.4753 33 15.7519
      vertex 15.5278 33 15.85
    endloop
  endfacet
  facet normal 0.88168 0 -0.471847
    outer loop
      vertex 15.4753 33 15.7519
      vertex 15.5278 30 15.85
      vertex 15.4753 30 15.7519
    endloop
  endfacet
  facet normal 0.81276 0 -0.582598
    outer loop
      vertex 15.6513 30 16.0349
      vertex 15.5865 33 15.9445
      vertex 15.6513 33 16.0349
    endloop
  endfacet
  facet normal 0.81276 0 -0.582598
    outer loop
      vertex 15.5865 33 15.9445
      vertex 15.6513 30 16.0349
      vertex 15.5865 30 15.9445
    endloop
  endfacet
  facet normal 0.730098 0 -0.683343
    outer loop
      vertex 15.7979 30 16.2021
      vertex 15.7219 33 16.1209
      vertex 15.7979 33 16.2021
    endloop
  endfacet
  facet normal 0.730098 0 -0.683343
    outer loop
      vertex 15.7219 33 16.1209
      vertex 15.7979 30 16.2021
      vertex 15.7219 30 16.1209
    endloop
  endfacet
  facet normal -0.995187 0 0.0979904
    outer loop
      vertex 18.6855 28 14.7781
      vertex 18.6964 33 14.8888
      vertex 18.6855 33 14.7781
    endloop
  endfacet
  facet normal -0.995187 0 0.0979904
    outer loop
      vertex 18.6964 33 14.8888
      vertex 18.6855 28 14.7781
      vertex 18.6964 28 14.8888
    endloop
  endfacet
  facet normal -0.163525 0 0.986539
    outer loop
      vertex 17.2219 33 13.3145
      vertex 17.3317 28 13.3327
      vertex 17.3317 33 13.3327
    endloop
  endfacet
  facet normal -0.163525 0 0.986539
    outer loop
      vertex 17.3317 28 13.3327
      vertex 17.2219 33 13.3145
      vertex 17.2219 28 13.3145
    endloop
  endfacet
  facet normal 0.84946 -0 0.527654
    outer loop
      vertex 15.5278 30 14.15
      vertex 15.5865 33 14.0555
      vertex 15.5278 33 14.15
    endloop
  endfacet
  facet normal 0.84946 0 0.527654
    outer loop
      vertex 15.5865 33 14.0555
      vertex 15.5278 30 14.15
      vertex 15.5865 30 14.0555
    endloop
  endfacet
  facet normal -0.97398 0 -0.226633
    outer loop
      vertex 18.6673 28 15.3317
      vertex 18.6421 33 15.44
      vertex 18.6673 33 15.3317
    endloop
  endfacet
  facet normal -0.97398 -0 -0.226633
    outer loop
      vertex 18.6421 33 15.44
      vertex 18.6673 28 15.3317
      vertex 18.6421 28 15.44
    endloop
  endfacet
  facet normal -0.910859 0 -0.412719
    outer loop
      vertex 18.5706 28 15.6506
      vertex 18.5247 33 15.7519
      vertex 18.5706 33 15.6506
    endloop
  endfacet
  facet normal -0.910859 -0 -0.412719
    outer loop
      vertex 18.5247 33 15.7519
      vertex 18.5706 28 15.6506
      vertex 18.5247 28 15.7519
    endloop
  endfacet
  facet normal -0.81276 0 -0.582598
    outer loop
      vertex 18.4135 28 15.9445
      vertex 18.3487 33 16.0349
      vertex 18.4135 33 15.9445
    endloop
  endfacet
  facet normal -0.81276 -0 -0.582598
    outer loop
      vertex 18.3487 33 16.0349
      vertex 18.4135 28 15.9445
      vertex 18.3487 28 16.0349
    endloop
  endfacet
  facet normal -0.163525 0 -0.986539
    outer loop
      vertex 17.2219 28 16.6855
      vertex 17.3317 33 16.6673
      vertex 17.3317 28 16.6673
    endloop
  endfacet
  facet normal -0.163525 0 -0.986539
    outer loop
      vertex 17.3317 33 16.6673
      vertex 17.2219 28 16.6855
      vertex 17.2219 33 16.6855
    endloop
  endfacet
  facet normal -0.352108 0 -0.93596
    outer loop
      vertex 17.5464 28 16.6098
      vertex 17.6506 33 16.5706
      vertex 17.6506 28 16.5706
    endloop
  endfacet
  facet normal -0.352108 0 -0.93596
    outer loop
      vertex 17.6506 33 16.5706
      vertex 17.5464 28 16.6098
      vertex 17.5464 33 16.6098
    endloop
  endfacet
  facet normal -0.730098 0 -0.683343
    outer loop
      vertex 18.2781 28 16.1209
      vertex 18.2021 33 16.2021
      vertex 18.2781 33 16.1209
    endloop
  endfacet
  facet normal -0.730098 -0 -0.683343
    outer loop
      vertex 18.2021 33 16.2021
      vertex 18.2781 28 16.1209
      vertex 18.2021 28 16.2021
    endloop
  endfacet
  facet normal -0.471847 0 -0.88168
    outer loop
      vertex 17.7519 28 16.5247
      vertex 17.85 33 16.4722
      vertex 17.85 28 16.4722
    endloop
  endfacet
  facet normal -0.471847 0 -0.88168
    outer loop
      vertex 17.85 33 16.4722
      vertex 17.7519 28 16.5247
      vertex 17.7519 33 16.5247
    endloop
  endfacet
  facet normal 0.290482 0 -0.956881
    outer loop
      vertex 16.4536 30 16.6098
      vertex 16.56 33 16.6421
      vertex 16.56 30 16.6421
    endloop
  endfacet
  facet normal 0.290482 0 -0.956881
    outer loop
      vertex 16.56 33 16.6421
      vertex 16.4536 30 16.6098
      vertex 16.4536 33 16.6098
    endloop
  endfacet
  facet normal 0.84946 0 -0.527654
    outer loop
      vertex 15.5865 30 15.9445
      vertex 15.5278 33 15.85
      vertex 15.5865 33 15.9445
    endloop
  endfacet
  facet normal 0.84946 0 -0.527654
    outer loop
      vertex 15.5278 33 15.85
      vertex 15.5865 30 15.9445
      vertex 15.5278 30 15.85
    endloop
  endfacet
  facet normal 0.772915 0 -0.634509
    outer loop
      vertex 15.7219 30 16.1209
      vertex 15.6513 33 16.0349
      vertex 15.7219 33 16.1209
    endloop
  endfacet
  facet normal 0.772915 0 -0.634509
    outer loop
      vertex 15.6513 33 16.0349
      vertex 15.7219 30 16.1209
      vertex 15.6513 30 16.0349
    endloop
  endfacet
  facet normal -0.88168 0 -0.471847
    outer loop
      vertex 18.5247 28 15.7519
      vertex 18.4722 33 15.85
      vertex 18.5247 33 15.7519
    endloop
  endfacet
  facet normal -0.88168 -0 -0.471847
    outer loop
      vertex 18.4722 33 15.85
      vertex 18.5247 28 15.7519
      vertex 18.4722 28 15.85
    endloop
  endfacet
  facet normal -0.84946 0 -0.527654
    outer loop
      vertex 18.4722 28 15.85
      vertex 18.4135 33 15.9445
      vertex 18.4722 33 15.85
    endloop
  endfacet
  facet normal -0.84946 -0 -0.527654
    outer loop
      vertex 18.4135 33 15.9445
      vertex 18.4722 28 15.85
      vertex 18.4135 28 15.9445
    endloop
  endfacet
  facet normal 0.92388 0.382682 0
    outer loop
      vertex -5.4641 11 3
      vertex -5.86369 11.9647 0
      vertex -5.86369 11.9647 3
    endloop
  endfacet
  facet normal 0.92388 0.382682 0
    outer loop
      vertex -5.86369 11.9647 0
      vertex -5.4641 11 3
      vertex -5.4641 11 0
    endloop
  endfacet
  facet normal 0.793337 0.608783 0
    outer loop
      vertex -4.82841 10.1716 3
      vertex -5.4641 11 0
      vertex -5.4641 11 3
    endloop
  endfacet
  facet normal 0.793337 0.608783 0
    outer loop
      vertex -5.4641 11 0
      vertex -4.82841 10.1716 3
      vertex -4.82841 10.1716 0
    endloop
  endfacet
  facet normal 0.991444 0.130536 0
    outer loop
      vertex -5.86369 11.9647 3
      vertex -6 13 0
      vertex -6 13 3
    endloop
  endfacet
  facet normal 0.991444 0.130536 0
    outer loop
      vertex -6 13 0
      vertex -5.86369 11.9647 3
      vertex -5.86369 11.9647 0
    endloop
  endfacet
  facet normal 0.608785 0.793335 -0
    outer loop
      vertex -4 9.5359 0
      vertex -4.82841 10.1716 3
      vertex -4 9.5359 3
    endloop
  endfacet
  facet normal 0.608785 0.793335 0
    outer loop
      vertex -4.82841 10.1716 3
      vertex -4 9.5359 0
      vertex -4.82841 10.1716 0
    endloop
  endfacet
  facet normal 0.92388 -0.382682 0
    outer loop
      vertex -5.86369 27.0353 3
      vertex -5.4641 28 0
      vertex -5.4641 28 3
    endloop
  endfacet
  facet normal 0.92388 -0.382682 0
    outer loop
      vertex -5.4641 28 0
      vertex -5.86369 27.0353 3
      vertex -5.86369 27.0353 0
    endloop
  endfacet
  facet normal -1 0 0
    outer loop
      vertex 6 13 0
      vertex 6 26 3
      vertex 6 26 0
    endloop
  endfacet
  facet normal -1 -0 0
    outer loop
      vertex 6 26 3
      vertex 6 13 0
      vertex 6 13 3
    endloop
  endfacet
  facet normal 1 -0 0
    outer loop
      vertex -6 13 3
      vertex -6 26 0
      vertex -6 26 3
    endloop
  endfacet
  facet normal 1 0 0
    outer loop
      vertex -6 26 0
      vertex -6 13 3
      vertex -6 13 0
    endloop
  endfacet
  facet normal 0.991444 -0.130536 0
    outer loop
      vertex -6 26 3
      vertex -5.86369 27.0353 0
      vertex -5.86369 27.0353 3
    endloop
  endfacet
  facet normal 0.991444 -0.130536 0
    outer loop
      vertex -5.86369 27.0353 0
      vertex -6 26 3
      vertex -6 26 0
    endloop
  endfacet
  facet normal -0.130531 -0.991444 0
    outer loop
      vertex 2 30 0
      vertex 3.03526 29.8637 3
      vertex 2 30 3
    endloop
  endfacet
  facet normal -0.130531 -0.991444 -0
    outer loop
      vertex 3.03526 29.8637 3
      vertex 2 30 0
      vertex 3.03526 29.8637 0
    endloop
  endfacet
  facet normal -0.92388 -0.382682 0
    outer loop
      vertex 5.86369 27.0353 0
      vertex 5.4641 28 3
      vertex 5.4641 28 0
    endloop
  endfacet
  facet normal -0.92388 -0.382682 0
    outer loop
      vertex 5.4641 28 3
      vertex 5.86369 27.0353 0
      vertex 5.86369 27.0353 3
    endloop
  endfacet
  facet normal -0.991444 -0.130536 0
    outer loop
      vertex 6 26 0
      vertex 5.86369 27.0353 3
      vertex 5.86369 27.0353 0
    endloop
  endfacet
  facet normal -0.991444 -0.130536 0
    outer loop
      vertex 5.86369 27.0353 3
      vertex 6 26 0
      vertex 6 26 3
    endloop
  endfacet
  facet normal -0.991444 0.130536 0
    outer loop
      vertex 5.86369 11.9647 0
      vertex 6 13 3
      vertex 6 13 0
    endloop
  endfacet
  facet normal -0.991444 0.130536 0
    outer loop
      vertex 6 13 3
      vertex 5.86369 11.9647 0
      vertex 5.86369 11.9647 3
    endloop
  endfacet
  facet normal -0.92388 0.382682 0
    outer loop
      vertex 5.4641 11 0
      vertex 5.86369 11.9647 3
      vertex 5.86369 11.9647 0
    endloop
  endfacet
  facet normal -0.92388 0.382682 0
    outer loop
      vertex 5.86369 11.9647 3
      vertex 5.4641 11 0
      vertex 5.4641 11 3
    endloop
  endfacet
  facet normal 0 1 -0
    outer loop
      vertex 2 9 0
      vertex -2 9 3
      vertex 2 9 3
    endloop
  endfacet
  facet normal 0 1 0
    outer loop
      vertex -2 9 3
      vertex 2 9 0
      vertex -2 9 0
    endloop
  endfacet
  facet normal -0.382668 0.923886 0
    outer loop
      vertex 4 9.5359 0
      vertex 3.03526 9.13631 3
      vertex 4 9.5359 3
    endloop
  endfacet
  facet normal -0.382668 0.923886 0
    outer loop
      vertex 3.03526 9.13631 3
      vertex 4 9.5359 0
      vertex 3.03526 9.13631 0
    endloop
  endfacet
  facet normal 0.130541 0.991443 -0
    outer loop
      vertex -2 9 0
      vertex -3.03526 9.13631 3
      vertex -2 9 3
    endloop
  endfacet
  facet normal 0.130541 0.991443 0
    outer loop
      vertex -3.03526 9.13631 3
      vertex -2 9 0
      vertex -3.03526 9.13631 0
    endloop
  endfacet
  facet normal -0.382677 -0.923882 0
    outer loop
      vertex 3.03526 29.8637 0
      vertex 4 29.4641 3
      vertex 3.03526 29.8637 3
    endloop
  endfacet
  facet normal -0.382677 -0.923882 -0
    outer loop
      vertex 4 29.4641 3
      vertex 3.03526 29.8637 0
      vertex 4 29.4641 0
    endloop
  endfacet
  facet normal -0.608785 -0.793335 0
    outer loop
      vertex 4 29.4641 0
      vertex 4.82841 28.8284 3
      vertex 4 29.4641 3
    endloop
  endfacet
  facet normal -0.608785 -0.793335 -0
    outer loop
      vertex 4.82841 28.8284 3
      vertex 4 29.4641 0
      vertex 4.82841 28.8284 0
    endloop
  endfacet
  facet normal -0.793337 -0.608783 0
    outer loop
      vertex 5.4641 28 0
      vertex 4.82841 28.8284 3
      vertex 4.82841 28.8284 0
    endloop
  endfacet
  facet normal -0.793337 -0.608783 0
    outer loop
      vertex 4.82841 28.8284 3
      vertex 5.4641 28 0
      vertex 5.4641 28 3
    endloop
  endfacet
  facet normal 0.130531 -0.991444 0
    outer loop
      vertex -3.03526 29.8637 0
      vertex -2 30 3
      vertex -3.03526 29.8637 3
    endloop
  endfacet
  facet normal 0.130531 -0.991444 0
    outer loop
      vertex -2 30 3
      vertex -3.03526 29.8637 0
      vertex -2 30 0
    endloop
  endfacet
  facet normal 0.382677 -0.923882 0
    outer loop
      vertex -4 29.4641 0
      vertex -3.03526 29.8637 3
      vertex -4 29.4641 3
    endloop
  endfacet
  facet normal 0.382677 -0.923882 0
    outer loop
      vertex -3.03526 29.8637 3
      vertex -4 29.4641 0
      vertex -3.03526 29.8637 0
    endloop
  endfacet
  facet normal 0.608785 -0.793335 0
    outer loop
      vertex -4.82841 28.8284 0
      vertex -4 29.4641 3
      vertex -4.82841 28.8284 3
    endloop
  endfacet
  facet normal 0.608785 -0.793335 0
    outer loop
      vertex -4 29.4641 3
      vertex -4.82841 28.8284 0
      vertex -4 29.4641 0
    endloop
  endfacet
  facet normal 0.793337 -0.608783 0
    outer loop
      vertex -5.4641 28 3
      vertex -4.82841 28.8284 0
      vertex -4.82841 28.8284 3
    endloop
  endfacet
  facet normal 0.793337 -0.608783 0
    outer loop
      vertex -4.82841 28.8284 0
      vertex -5.4641 28 3
      vertex -5.4641 28 0
    endloop
  endfacet
  facet normal 0.382668 0.923886 -0
    outer loop
      vertex -3.03526 9.13631 0
      vertex -4 9.5359 3
      vertex -3.03526 9.13631 3
    endloop
  endfacet
  facet normal 0.382668 0.923886 0
    outer loop
      vertex -4 9.5359 3
      vertex -3.03526 9.13631 0
      vertex -4 9.5359 0
    endloop
  endfacet
  facet normal -0.608785 0.793335 0
    outer loop
      vertex 4.82841 10.1716 0
      vertex 4 9.5359 3
      vertex 4.82841 10.1716 3
    endloop
  endfacet
  facet normal -0.608785 0.793335 0
    outer loop
      vertex 4 9.5359 3
      vertex 4.82841 10.1716 0
      vertex 4 9.5359 0
    endloop
  endfacet
  facet normal -0.130541 0.991443 0
    outer loop
      vertex 3.03526 9.13631 0
      vertex 2 9 3
      vertex 3.03526 9.13631 3
    endloop
  endfacet
  facet normal -0.130541 0.991443 0
    outer loop
      vertex 2 9 3
      vertex 3.03526 9.13631 0
      vertex 2 9 0
    endloop
  endfacet
  facet normal -0.793337 0.608783 0
    outer loop
      vertex 4.82841 10.1716 0
      vertex 5.4641 11 3
      vertex 5.4641 11 0
    endloop
  endfacet
  facet normal -0.793337 0.608783 0
    outer loop
      vertex 5.4641 11 3
      vertex 4.82841 10.1716 0
      vertex 4.82841 10.1716 3
    endloop
  endfacet
  facet normal 0.923891 0 -0.382656
    outer loop
      vertex -10.366 30 20.5
      vertex -10.4659 33 20.2588
      vertex -10.366 33 20.5
    endloop
  endfacet
  facet normal 0.923891 0 -0.382656
    outer loop
      vertex -10.4659 33 20.2588
      vertex -10.366 30 20.5
      vertex -10.4659 30 20.2588
    endloop
  endfacet
  facet normal 0.793378 0 -0.608729
    outer loop
      vertex -10.2071 30 20.7071
      vertex -10.366 33 20.5
      vertex -10.2071 33 20.7071
    endloop
  endfacet
  facet normal 0.793378 0 -0.608729
    outer loop
      vertex -10.366 33 20.5
      vertex -10.2071 30 20.7071
      vertex -10.366 30 20.5
    endloop
  endfacet
  facet normal 0.991431 0 -0.130633
    outer loop
      vertex -10.4659 30 20.2588
      vertex -10.5 33 20
      vertex -10.4659 33 20.2588
    endloop
  endfacet
  facet normal 0.991431 0 -0.130633
    outer loop
      vertex -10.5 33 20
      vertex -10.4659 30 20.2588
      vertex -10.5 30 20
    endloop
  endfacet
  facet normal 0 0 -1
    outer loop
      vertex -9.5 30 21
      vertex 9.5 33 21
      vertex 9.5 30 21
    endloop
  endfacet
  facet normal -0 0 -1
    outer loop
      vertex 9.5 33 21
      vertex -9.5 30 21
      vertex -9.5 33 21
    endloop
  endfacet
  facet normal 1 -0 0
    outer loop
      vertex -10.5 30 20
      vertex -10.5 33 10
      vertex -10.5 33 20
    endloop
  endfacet
  facet normal 1 0 0
    outer loop
      vertex -10.5 33 10
      vertex -10.5 30 20
      vertex -10.5 30 10
    endloop
  endfacet
  facet normal -1 0 0
    outer loop
      vertex 10.5 30 10
      vertex 10.5 33 20
      vertex 10.5 33 10
    endloop
  endfacet
  facet normal -1 -0 0
    outer loop
      vertex 10.5 33 20
      vertex 10.5 30 10
      vertex 10.5 30 20
    endloop
  endfacet
  facet normal 0.991431 -0 0.130633
    outer loop
      vertex -10.5 30 10
      vertex -10.4659 33 9.7412
      vertex -10.5 33 10
    endloop
  endfacet
  facet normal 0.991431 0 0.130633
    outer loop
      vertex -10.4659 33 9.7412
      vertex -10.5 30 10
      vertex -10.4659 30 9.7412
    endloop
  endfacet
  facet normal -0.130595 0 0.991436
    outer loop
      vertex 9.5 33 9
      vertex 9.7588 30 9.03409
      vertex 9.7588 33 9.03409
    endloop
  endfacet
  facet normal -0.130595 0 0.991436
    outer loop
      vertex 9.7588 30 9.03409
      vertex 9.5 33 9
      vertex 9.5 30 9
    endloop
  endfacet
  facet normal -0 0 1
    outer loop
      vertex -9.5 33 9
      vertex 9.5 30 9
      vertex 9.5 33 9
    endloop
  endfacet
  facet normal 0 0 1
    outer loop
      vertex 9.5 30 9
      vertex -9.5 33 9
      vertex -9.5 30 9
    endloop
  endfacet
  facet normal 0.382656 0 0.923891
    outer loop
      vertex -10 33 9.13399
      vertex -9.7588 30 9.03409
      vertex -9.7588 33 9.03409
    endloop
  endfacet
  facet normal 0.382656 0 0.923891
    outer loop
      vertex -9.7588 30 9.03409
      vertex -10 33 9.13399
      vertex -10 30 9.13399
    endloop
  endfacet
  facet normal -0.923891 0 0.382656
    outer loop
      vertex 10.366 30 9.5
      vertex 10.4659 33 9.7412
      vertex 10.366 33 9.5
    endloop
  endfacet
  facet normal -0.923891 0 0.382656
    outer loop
      vertex 10.4659 33 9.7412
      vertex 10.366 30 9.5
      vertex 10.4659 30 9.7412
    endloop
  endfacet
  facet normal -0.991431 0 0.130633
    outer loop
      vertex 10.4659 30 9.7412
      vertex 10.5 33 10
      vertex 10.4659 33 9.7412
    endloop
  endfacet
  facet normal -0.991431 0 0.130633
    outer loop
      vertex 10.5 33 10
      vertex 10.4659 30 9.7412
      vertex 10.5 30 10
    endloop
  endfacet
  facet normal -0.991431 0 -0.130633
    outer loop
      vertex 10.5 30 20
      vertex 10.4659 33 20.2588
      vertex 10.5 33 20
    endloop
  endfacet
  facet normal -0.991431 -0 -0.130633
    outer loop
      vertex 10.4659 33 20.2588
      vertex 10.5 30 20
      vertex 10.4659 30 20.2588
    endloop
  endfacet
  facet normal 0.130633 0 -0.991431
    outer loop
      vertex -9.7588 30 20.9659
      vertex -9.5 33 21
      vertex -9.5 30 21
    endloop
  endfacet
  facet normal 0.130633 0 -0.991431
    outer loop
      vertex -9.5 33 21
      vertex -9.7588 30 20.9659
      vertex -9.7588 33 20.9659
    endloop
  endfacet
  facet normal 0.793364 -0 0.608748
    outer loop
      vertex -10.366 30 9.5
      vertex -10.2071 33 9.29291
      vertex -10.366 33 9.5
    endloop
  endfacet
  facet normal 0.793364 0 0.608748
    outer loop
      vertex -10.2071 33 9.29291
      vertex -10.366 30 9.5
      vertex -10.2071 30 9.29291
    endloop
  endfacet
  facet normal 0.608777 0 0.793341
    outer loop
      vertex -10.2071 33 9.29291
      vertex -10 30 9.13399
      vertex -10 33 9.13399
    endloop
  endfacet
  facet normal 0.608777 0 0.793341
    outer loop
      vertex -10 30 9.13399
      vertex -10.2071 33 9.29291
      vertex -10.2071 30 9.29291
    endloop
  endfacet
  facet normal 0.923891 -0 0.382656
    outer loop
      vertex -10.4659 30 9.7412
      vertex -10.366 33 9.5
      vertex -10.4659 33 9.7412
    endloop
  endfacet
  facet normal 0.923891 0 0.382656
    outer loop
      vertex -10.366 33 9.5
      vertex -10.4659 30 9.7412
      vertex -10.366 30 9.5
    endloop
  endfacet
  facet normal -0.382656 0 0.923891
    outer loop
      vertex 9.7588 33 9.03409
      vertex 10 30 9.13399
      vertex 10 33 9.13399
    endloop
  endfacet
  facet normal -0.382656 0 0.923891
    outer loop
      vertex 10 30 9.13399
      vertex 9.7588 33 9.03409
      vertex 9.7588 30 9.03409
    endloop
  endfacet
  facet normal -0.608777 0 0.793341
    outer loop
      vertex 10 33 9.13399
      vertex 10.2071 30 9.29291
      vertex 10.2071 33 9.29291
    endloop
  endfacet
  facet normal -0.608777 0 0.793341
    outer loop
      vertex 10.2071 30 9.29291
      vertex 10 33 9.13399
      vertex 10 30 9.13399
    endloop
  endfacet
  facet normal -0.793364 0 0.608748
    outer loop
      vertex 10.2071 30 9.29291
      vertex 10.366 33 9.5
      vertex 10.2071 33 9.29291
    endloop
  endfacet
  facet normal -0.793364 0 0.608748
    outer loop
      vertex 10.366 33 9.5
      vertex 10.2071 30 9.29291
      vertex 10.366 30 9.5
    endloop
  endfacet
  facet normal 0.130595 0 0.991436
    outer loop
      vertex -9.7588 33 9.03409
      vertex -9.5 30 9
      vertex -9.5 33 9
    endloop
  endfacet
  facet normal 0.130595 0 0.991436
    outer loop
      vertex -9.5 30 9
      vertex -9.7588 33 9.03409
      vertex -9.7588 30 9.03409
    endloop
  endfacet
  facet normal -0.923891 0 -0.382656
    outer loop
      vertex 10.4659 30 20.2588
      vertex 10.366 33 20.5
      vertex 10.4659 33 20.2588
    endloop
  endfacet
  facet normal -0.923891 -0 -0.382656
    outer loop
      vertex 10.366 33 20.5
      vertex 10.4659 30 20.2588
      vertex 10.366 30 20.5
    endloop
  endfacet
  facet normal -0.608729 0 -0.793378
    outer loop
      vertex 10 30 20.866
      vertex 10.2071 33 20.7071
      vertex 10.2071 30 20.7071
    endloop
  endfacet
  facet normal -0.608729 0 -0.793378
    outer loop
      vertex 10.2071 33 20.7071
      vertex 10 30 20.866
      vertex 10 33 20.866
    endloop
  endfacet
  facet normal -0.793378 0 -0.608729
    outer loop
      vertex 10.366 30 20.5
      vertex 10.2071 33 20.7071
      vertex 10.366 33 20.5
    endloop
  endfacet
  facet normal -0.793378 -0 -0.608729
    outer loop
      vertex 10.2071 33 20.7071
      vertex 10.366 30 20.5
      vertex 10.2071 30 20.7071
    endloop
  endfacet
  facet normal -0.382656 0 -0.923891
    outer loop
      vertex 9.7588 30 20.9659
      vertex 10 33 20.866
      vertex 10 30 20.866
    endloop
  endfacet
  facet normal -0.382656 0 -0.923891
    outer loop
      vertex 10 33 20.866
      vertex 9.7588 30 20.9659
      vertex 9.7588 33 20.9659
    endloop
  endfacet
  facet normal -0.130633 0 -0.991431
    outer loop
      vertex 9.5 30 21
      vertex 9.7588 33 20.9659
      vertex 9.7588 30 20.9659
    endloop
  endfacet
  facet normal -0.130633 0 -0.991431
    outer loop
      vertex 9.7588 33 20.9659
      vertex 9.5 30 21
      vertex 9.5 33 21
    endloop
  endfacet
  facet normal 0.382656 0 -0.923891
    outer loop
      vertex -10 30 20.866
      vertex -9.7588 33 20.9659
      vertex -9.7588 30 20.9659
    endloop
  endfacet
  facet normal 0.382656 0 -0.923891
    outer loop
      vertex -9.7588 33 20.9659
      vertex -10 30 20.866
      vertex -10 33 20.866
    endloop
  endfacet
  facet normal 0.608729 0 -0.793378
    outer loop
      vertex -10.2071 30 20.7071
      vertex -10 33 20.866
      vertex -10 30 20.866
    endloop
  endfacet
  facet normal 0.608729 0 -0.793378
    outer loop
      vertex -10 33 20.866
      vertex -10.2071 30 20.7071
      vertex -10.2071 33 20.7071
    endloop
  endfacet
endsolid OpenSCAD_Model
