solid OpenSCAD_Model
  facet normal -0.634274 -0.773108 0
    outer loop
      vertex -37.0869 1.19003 0
      vertex -37.011 1.12776 5
      vertex -37.0869 1.19003 5
    endloop
  endfacet
  facet normal -0.634274 -0.773108 -0
    outer loop
      vertex -37.011 1.12776 5
      vertex -37.0869 1.19003 0
      vertex -37.011 1.12776 0
    endloop
  endfacet
  facet normal 0.352419 -0.935842 0
    outer loop
      vertex -38.574 1.38582 0
      vertex -38.4822 1.42039 5
      vertex -38.574 1.38582 5
    endloop
  endfacet
  facet normal 0.352419 -0.935842 0
    outer loop
      vertex -38.4822 1.42039 5
      vertex -38.574 1.38582 0
      vertex -38.4822 1.42039 0
    endloop
  endfacet
  facet normal 0.910903 -0.41262 0
    outer loop
      vertex -39.3858 0.574024 5
      vertex -39.3453 0.663432 0
      vertex -39.3453 0.663432 5
    endloop
  endfacet
  facet normal 0.910903 -0.41262 0
    outer loop
      vertex -39.3453 0.663432 0
      vertex -39.3858 0.574024 5
      vertex -39.3858 0.574024 0
    endloop
  endfacet
  facet normal -0.956922 -0.290344 0
    outer loop
      vertex -36.5511 0.388228 0
      vertex -36.5796 0.482159 5
      vertex -36.5796 0.482159 0
    endloop
  endfacet
  facet normal -0.956922 -0.290344 0
    outer loop
      vertex -36.5796 0.482159 5
      vertex -36.5511 0.388228 0
      vertex -36.5511 0.388228 5
    endloop
  endfacet
  facet normal -0.881801 -0.471622 0
    outer loop
      vertex -36.6547 0.663432 0
      vertex -36.701 0.75 5
      vertex -36.701 0.75 0
    endloop
  endfacet
  facet normal -0.881801 -0.471622 0
    outer loop
      vertex -36.701 0.75 5
      vertex -36.6547 0.663432 0
      vertex -36.6547 0.663432 5
    endloop
  endfacet
  facet normal -0.352419 -0.935842 0
    outer loop
      vertex -37.5178 1.42039 0
      vertex -37.426 1.38582 5
      vertex -37.5178 1.42039 5
    endloop
  endfacet
  facet normal -0.352419 -0.935842 -0
    outer loop
      vertex -37.426 1.38582 5
      vertex -37.5178 1.42039 0
      vertex -37.426 1.38582 0
    endloop
  endfacet
  facet normal 0.729864 -0.683592 0
    outer loop
      vertex -39.1278 0.989018 5
      vertex -39.0607 1.06066 0
      vertex -39.0607 1.06066 5
    endloop
  endfacet
  facet normal 0.729864 -0.683592 0
    outer loop
      vertex -39.0607 1.06066 0
      vertex -39.1278 0.989018 5
      vertex -39.1278 0.989018 0
    endloop
  endfacet
  facet normal 0.162977 -0.98663 0
    outer loop
      vertex -38.2926 1.47118 0
      vertex -38.1958 1.48717 5
      vertex -38.2926 1.47118 5
    endloop
  endfacet
  facet normal 0.162977 -0.98663 0
    outer loop
      vertex -38.1958 1.48717 5
      vertex -38.2926 1.47118 0
      vertex -38.1958 1.48717 0
    endloop
  endfacet
  facet normal -0.773363 0.633963 0
    outer loop
      vertex -36.8722 -0.989018 0
      vertex -36.81 -0.913141 5
      vertex -36.81 -0.913141 0
    endloop
  endfacet
  facet normal -0.773363 0.633963 0
    outer loop
      vertex -36.81 -0.913141 5
      vertex -36.8722 -0.989018 0
      vertex -36.8722 -0.989018 5
    endloop
  endfacet
  facet normal 0.683297 0.73014 -0
    outer loop
      vertex -38.989 -1.12776 0
      vertex -39.0607 -1.06066 5
      vertex -38.989 -1.12776 5
    endloop
  endfacet
  facet normal 0.683297 0.73014 0
    outer loop
      vertex -39.0607 -1.06066 5
      vertex -38.989 -1.12776 0
      vertex -39.0607 -1.06066 0
    endloop
  endfacet
  facet normal -0.973853 -0.227181 0
    outer loop
      vertex -36.5288 0.292635 0
      vertex -36.5511 0.388228 5
      vertex -36.5511 0.388228 0
    endloop
  endfacet
  facet normal -0.973853 -0.227181 0
    outer loop
      vertex -36.5511 0.388228 5
      vertex -36.5288 0.292635 0
      vertex -36.5288 0.292635 5
    endloop
  endfacet
  facet normal -0.773363 -0.633963 0
    outer loop
      vertex -36.81 0.913141 0
      vertex -36.8722 0.989018 5
      vertex -36.8722 0.989018 0
    endloop
  endfacet
  facet normal -0.773363 -0.633963 0
    outer loop
      vertex -36.8722 0.989018 5
      vertex -36.81 0.913141 0
      vertex -36.81 0.913141 5
    endloop
  endfacet
  facet normal -0.81272 -0.582654 0
    outer loop
      vertex -36.7528 0.833355 0
      vertex -36.81 0.913141 5
      vertex -36.81 0.913141 0
    endloop
  endfacet
  facet normal -0.81272 -0.582654 0
    outer loop
      vertex -36.81 0.913141 5
      vertex -36.7528 0.833355 0
      vertex -36.7528 0.833355 5
    endloop
  endfacet
  facet normal -0.52791 -0.8493 0
    outer loop
      vertex -37.25 1.29904 0
      vertex -37.1666 1.2472 5
      vertex -37.25 1.29904 5
    endloop
  endfacet
  facet normal -0.52791 -0.8493 -0
    outer loop
      vertex -37.1666 1.2472 5
      vertex -37.25 1.29904 0
      vertex -37.1666 1.2472 0
    endloop
  endfacet
  facet normal -0.0327042 -0.999465 0
    outer loop
      vertex -38 1.5 0
      vertex -37.9019 1.49679 5
      vertex -38 1.5 5
    endloop
  endfacet
  facet normal -0.0327042 -0.999465 -0
    outer loop
      vertex -37.9019 1.49679 5
      vertex -38 1.5 0
      vertex -37.9019 1.49679 0
    endloop
  endfacet
  facet normal -0.471249 -0.882 0
    outer loop
      vertex -37.3366 1.34531 0
      vertex -37.25 1.29904 5
      vertex -37.3366 1.34531 5
    endloop
  endfacet
  facet normal -0.471249 -0.882 -0
    outer loop
      vertex -37.25 1.29904 5
      vertex -37.3366 1.34531 0
      vertex -37.25 1.29904 0
    endloop
  endfacet
  facet normal -0.290149 -0.956982 0
    outer loop
      vertex -37.6118 1.44889 0
      vertex -37.5178 1.42039 5
      vertex -37.6118 1.44889 5
    endloop
  endfacet
  facet normal -0.290149 -0.956982 -0
    outer loop
      vertex -37.5178 1.42039 5
      vertex -37.6118 1.44889 0
      vertex -37.5178 1.42039 0
    endloop
  endfacet
  facet normal -0.227069 -0.973879 0
    outer loop
      vertex -37.7074 1.47118 0
      vertex -37.6118 1.44889 5
      vertex -37.7074 1.47118 5
    endloop
  endfacet
  facet normal -0.227069 -0.973879 -0
    outer loop
      vertex -37.6118 1.44889 5
      vertex -37.7074 1.47118 0
      vertex -37.6118 1.44889 0
    endloop
  endfacet
  facet normal 0.999468 -0.0326009 0
    outer loop
      vertex -39.5 0 5
      vertex -39.4968 0.0981045 0
      vertex -39.4968 0.0981045 5
    endloop
  endfacet
  facet normal 0.999468 -0.0326009 0
    outer loop
      vertex -39.4968 0.0981045 0
      vertex -39.5 0 5
      vertex -39.5 0 0
    endloop
  endfacet
  facet normal 0.935824 -0.352468 0
    outer loop
      vertex -39.4204 0.482159 5
      vertex -39.3858 0.574024 0
      vertex -39.3858 0.574024 5
    endloop
  endfacet
  facet normal 0.935824 -0.352468 0
    outer loop
      vertex -39.3858 0.574024 0
      vertex -39.4204 0.482159 5
      vertex -39.4204 0.482159 0
    endloop
  endfacet
  facet normal 0.973853 -0.227181 0
    outer loop
      vertex -39.4712 0.292635 5
      vertex -39.4489 0.388228 0
      vertex -39.4489 0.388228 5
    endloop
  endfacet
  facet normal 0.973853 -0.227181 0
    outer loop
      vertex -39.4489 0.388228 0
      vertex -39.4712 0.292635 5
      vertex -39.4712 0.292635 0
    endloop
  endfacet
  facet normal 0.849355 -0.527822 0
    outer loop
      vertex -39.299 0.75 5
      vertex -39.2472 0.833355 0
      vertex -39.2472 0.833355 5
    endloop
  endfacet
  facet normal 0.849355 -0.527822 0
    outer loop
      vertex -39.2472 0.833355 0
      vertex -39.299 0.75 5
      vertex -39.299 0.75 0
    endloop
  endfacet
  facet normal 0.81272 -0.582654 0
    outer loop
      vertex -39.2472 0.833355 5
      vertex -39.19 0.913141 0
      vertex -39.19 0.913141 5
    endloop
  endfacet
  facet normal 0.81272 -0.582654 0
    outer loop
      vertex -39.19 0.913141 0
      vertex -39.2472 0.833355 5
      vertex -39.2472 0.833355 0
    endloop
  endfacet
  facet normal 0.0327042 -0.999465 0
    outer loop
      vertex -38.0981 1.49679 0
      vertex -38 1.5 5
      vertex -38.0981 1.49679 5
    endloop
  endfacet
  facet normal 0.0327042 -0.999465 0
    outer loop
      vertex -38 1.5 5
      vertex -38.0981 1.49679 0
      vertex -38 1.5 0
    endloop
  endfacet
  facet normal 0.52791 -0.8493 0
    outer loop
      vertex -38.8334 1.2472 0
      vertex -38.75 1.29904 5
      vertex -38.8334 1.2472 5
    endloop
  endfacet
  facet normal 0.52791 -0.8493 0
    outer loop
      vertex -38.75 1.29904 5
      vertex -38.8334 1.2472 0
      vertex -38.75 1.29904 0
    endloop
  endfacet
  facet normal 0.471249 -0.882 0
    outer loop
      vertex -38.75 1.29904 0
      vertex -38.6634 1.34531 5
      vertex -38.75 1.29904 5
    endloop
  endfacet
  facet normal 0.471249 -0.882 0
    outer loop
      vertex -38.6634 1.34531 5
      vertex -38.75 1.29904 0
      vertex -38.6634 1.34531 0
    endloop
  endfacet
  facet normal 0.683297 -0.73014 0
    outer loop
      vertex -39.0607 1.06066 0
      vertex -38.989 1.12776 5
      vertex -39.0607 1.06066 5
    endloop
  endfacet
  facet normal 0.683297 -0.73014 0
    outer loop
      vertex -38.989 1.12776 5
      vertex -39.0607 1.06066 0
      vertex -38.989 1.12776 0
    endloop
  endfacet
  facet normal -0.227069 0.973879 0
    outer loop
      vertex -37.6118 -1.44889 0
      vertex -37.7074 -1.47118 5
      vertex -37.6118 -1.44889 5
    endloop
  endfacet
  facet normal -0.227069 0.973879 0
    outer loop
      vertex -37.7074 -1.47118 5
      vertex -37.6118 -1.44889 0
      vertex -37.7074 -1.47118 0
    endloop
  endfacet
  facet normal -0.290149 0.956982 0
    outer loop
      vertex -37.5178 -1.42039 0
      vertex -37.6118 -1.44889 5
      vertex -37.5178 -1.42039 5
    endloop
  endfacet
  facet normal -0.290149 0.956982 0
    outer loop
      vertex -37.6118 -1.44889 5
      vertex -37.5178 -1.42039 0
      vertex -37.6118 -1.44889 0
    endloop
  endfacet
  facet normal -0.634274 0.773108 0
    outer loop
      vertex -37.011 -1.12776 0
      vertex -37.0869 -1.19003 5
      vertex -37.011 -1.12776 5
    endloop
  endfacet
  facet normal -0.634274 0.773108 0
    outer loop
      vertex -37.0869 -1.19003 5
      vertex -37.011 -1.12776 0
      vertex -37.0869 -1.19003 0
    endloop
  endfacet
  facet normal -0.471249 0.882 0
    outer loop
      vertex -37.25 -1.29904 0
      vertex -37.3366 -1.34531 5
      vertex -37.25 -1.29904 5
    endloop
  endfacet
  facet normal -0.471249 0.882 0
    outer loop
      vertex -37.3366 -1.34531 5
      vertex -37.25 -1.29904 0
      vertex -37.3366 -1.34531 0
    endloop
  endfacet
  facet normal 0.0327042 0.999465 -0
    outer loop
      vertex -38 -1.5 0
      vertex -38.0981 -1.49679 5
      vertex -38 -1.5 5
    endloop
  endfacet
  facet normal 0.0327042 0.999465 0
    outer loop
      vertex -38.0981 -1.49679 5
      vertex -38 -1.5 0
      vertex -38.0981 -1.49679 0
    endloop
  endfacet
  facet normal 0.352419 0.935842 -0
    outer loop
      vertex -38.4822 -1.42039 0
      vertex -38.574 -1.38582 5
      vertex -38.4822 -1.42039 5
    endloop
  endfacet
  facet normal 0.352419 0.935842 0
    outer loop
      vertex -38.574 -1.38582 5
      vertex -38.4822 -1.42039 0
      vertex -38.574 -1.38582 0
    endloop
  endfacet
  facet normal 0.227069 0.973879 -0
    outer loop
      vertex -38.2926 -1.47118 0
      vertex -38.3882 -1.44889 5
      vertex -38.2926 -1.47118 5
    endloop
  endfacet
  facet normal 0.227069 0.973879 0
    outer loop
      vertex -38.3882 -1.44889 5
      vertex -38.2926 -1.47118 0
      vertex -38.3882 -1.44889 0
    endloop
  endfacet
  facet normal 0.52791 0.8493 -0
    outer loop
      vertex -38.75 -1.29904 0
      vertex -38.8334 -1.2472 5
      vertex -38.75 -1.29904 5
    endloop
  endfacet
  facet normal 0.52791 0.8493 0
    outer loop
      vertex -38.8334 -1.2472 5
      vertex -38.75 -1.29904 0
      vertex -38.8334 -1.2472 0
    endloop
  endfacet
  facet normal 0.999468 0.0326009 0
    outer loop
      vertex -39.4968 -0.0981045 5
      vertex -39.5 0 0
      vertex -39.5 0 5
    endloop
  endfacet
  facet normal 0.999468 0.0326009 0
    outer loop
      vertex -39.5 0 0
      vertex -39.4968 -0.0981045 5
      vertex -39.4968 -0.0981045 0
    endloop
  endfacet
  facet normal 0.729864 0.683592 0
    outer loop
      vertex -39.0607 -1.06066 5
      vertex -39.1278 -0.989018 0
      vertex -39.1278 -0.989018 5
    endloop
  endfacet
  facet normal 0.729864 0.683592 0
    outer loop
      vertex -39.1278 -0.989018 0
      vertex -39.0607 -1.06066 5
      vertex -39.0607 -1.06066 0
    endloop
  endfacet
  facet normal -0.995206 -0.0978054 0
    outer loop
      vertex -36.5032 0.0981045 0
      vertex -36.5128 0.195788 5
      vertex -36.5128 0.195788 0
    endloop
  endfacet
  facet normal -0.995206 -0.0978054 0
    outer loop
      vertex -36.5128 0.195788 5
      vertex -36.5032 0.0981045 0
      vertex -36.5032 0.0981045 5
    endloop
  endfacet
  facet normal -0.986626 -0.163 0
    outer loop
      vertex -36.5128 0.195788 0
      vertex -36.5288 0.292635 5
      vertex -36.5288 0.292635 0
    endloop
  endfacet
  facet normal -0.986626 -0.163 0
    outer loop
      vertex -36.5288 0.292635 5
      vertex -36.5128 0.195788 0
      vertex -36.5128 0.195788 5
    endloop
  endfacet
  facet normal -0.910903 -0.41262 0
    outer loop
      vertex -36.6142 0.574024 0
      vertex -36.6547 0.663432 5
      vertex -36.6547 0.663432 0
    endloop
  endfacet
  facet normal -0.910903 -0.41262 0
    outer loop
      vertex -36.6547 0.663432 5
      vertex -36.6142 0.574024 0
      vertex -36.6142 0.574024 5
    endloop
  endfacet
  facet normal -0.935824 -0.352468 0
    outer loop
      vertex -36.5796 0.482159 0
      vertex -36.6142 0.574024 5
      vertex -36.6142 0.574024 0
    endloop
  endfacet
  facet normal -0.935824 -0.352468 0
    outer loop
      vertex -36.6142 0.574024 5
      vertex -36.5796 0.482159 0
      vertex -36.5796 0.482159 5
    endloop
  endfacet
  facet normal -0.849355 -0.527822 0
    outer loop
      vertex -36.701 0.75 0
      vertex -36.7528 0.833355 5
      vertex -36.7528 0.833355 0
    endloop
  endfacet
  facet normal -0.849355 -0.527822 0
    outer loop
      vertex -36.7528 0.833355 5
      vertex -36.701 0.75 0
      vertex -36.701 0.75 5
    endloop
  endfacet
  facet normal -0.729864 -0.683592 0
    outer loop
      vertex -36.8722 0.989018 0
      vertex -36.9393 1.06066 5
      vertex -36.9393 1.06066 0
    endloop
  endfacet
  facet normal -0.729864 -0.683592 0
    outer loop
      vertex -36.9393 1.06066 5
      vertex -36.8722 0.989018 0
      vertex -36.8722 0.989018 5
    endloop
  endfacet
  facet normal -0.683297 -0.73014 0
    outer loop
      vertex -37.011 1.12776 0
      vertex -36.9393 1.06066 5
      vertex -37.011 1.12776 5
    endloop
  endfacet
  facet normal -0.683297 -0.73014 -0
    outer loop
      vertex -36.9393 1.06066 5
      vertex -37.011 1.12776 0
      vertex -36.9393 1.06066 0
    endloop
  endfacet
  facet normal -0.582867 -0.812568 0
    outer loop
      vertex -37.1666 1.2472 0
      vertex -37.0869 1.19003 5
      vertex -37.1666 1.2472 5
    endloop
  endfacet
  facet normal -0.582867 -0.812568 -0
    outer loop
      vertex -37.0869 1.19003 5
      vertex -37.1666 1.2472 0
      vertex -37.0869 1.19003 0
    endloop
  endfacet
  facet normal -0.412736 -0.910851 0
    outer loop
      vertex -37.426 1.38582 0
      vertex -37.3366 1.34531 5
      vertex -37.426 1.38582 5
    endloop
  endfacet
  facet normal -0.412736 -0.910851 -0
    outer loop
      vertex -37.3366 1.34531 5
      vertex -37.426 1.38582 0
      vertex -37.3366 1.34531 0
    endloop
  endfacet
  facet normal -0.162977 -0.98663 0
    outer loop
      vertex -37.8042 1.48717 0
      vertex -37.7074 1.47118 5
      vertex -37.8042 1.48717 5
    endloop
  endfacet
  facet normal -0.162977 -0.98663 -0
    outer loop
      vertex -37.7074 1.47118 5
      vertex -37.8042 1.48717 0
      vertex -37.7074 1.47118 0
    endloop
  endfacet
  facet normal -0.0979908 -0.995187 0
    outer loop
      vertex -37.9019 1.49679 0
      vertex -37.8042 1.48717 5
      vertex -37.9019 1.49679 5
    endloop
  endfacet
  facet normal -0.0979908 -0.995187 -0
    outer loop
      vertex -37.8042 1.48717 5
      vertex -37.9019 1.49679 0
      vertex -37.8042 1.48717 0
    endloop
  endfacet
  facet normal 0.986626 -0.163 0
    outer loop
      vertex -39.4872 0.195788 5
      vertex -39.4712 0.292635 0
      vertex -39.4712 0.292635 5
    endloop
  endfacet
  facet normal 0.986626 -0.163 0
    outer loop
      vertex -39.4712 0.292635 0
      vertex -39.4872 0.195788 5
      vertex -39.4872 0.195788 0
    endloop
  endfacet
  facet normal 0.995206 -0.0978054 0
    outer loop
      vertex -39.4968 0.0981045 5
      vertex -39.4872 0.195788 0
      vertex -39.4872 0.195788 5
    endloop
  endfacet
  facet normal 0.995206 -0.0978054 0
    outer loop
      vertex -39.4872 0.195788 0
      vertex -39.4968 0.0981045 5
      vertex -39.4968 0.0981045 0
    endloop
  endfacet
  facet normal 0.956922 -0.290344 0
    outer loop
      vertex -39.4489 0.388228 5
      vertex -39.4204 0.482159 0
      vertex -39.4204 0.482159 5
    endloop
  endfacet
  facet normal 0.956922 -0.290344 0
    outer loop
      vertex -39.4204 0.482159 0
      vertex -39.4489 0.388228 5
      vertex -39.4489 0.388228 0
    endloop
  endfacet
  facet normal 0.881801 -0.471622 0
    outer loop
      vertex -39.3453 0.663432 5
      vertex -39.299 0.75 0
      vertex -39.299 0.75 5
    endloop
  endfacet
  facet normal 0.881801 -0.471622 0
    outer loop
      vertex -39.299 0.75 0
      vertex -39.3453 0.663432 5
      vertex -39.3453 0.663432 0
    endloop
  endfacet
  facet normal 0.773363 -0.633963 0
    outer loop
      vertex -39.19 0.913141 5
      vertex -39.1278 0.989018 0
      vertex -39.1278 0.989018 5
    endloop
  endfacet
  facet normal 0.773363 -0.633963 0
    outer loop
      vertex -39.1278 0.989018 0
      vertex -39.19 0.913141 5
      vertex -39.19 0.913141 0
    endloop
  endfacet
  facet normal 0.227069 -0.973879 0
    outer loop
      vertex -38.3882 1.44889 0
      vertex -38.2926 1.47118 5
      vertex -38.3882 1.44889 5
    endloop
  endfacet
  facet normal 0.227069 -0.973879 0
    outer loop
      vertex -38.2926 1.47118 5
      vertex -38.3882 1.44889 0
      vertex -38.2926 1.47118 0
    endloop
  endfacet
  facet normal 0.290149 -0.956982 0
    outer loop
      vertex -38.4822 1.42039 0
      vertex -38.3882 1.44889 5
      vertex -38.4822 1.42039 5
    endloop
  endfacet
  facet normal 0.290149 -0.956982 0
    outer loop
      vertex -38.3882 1.44889 5
      vertex -38.4822 1.42039 0
      vertex -38.3882 1.44889 0
    endloop
  endfacet
  facet normal 0.0979908 -0.995187 0
    outer loop
      vertex -38.1958 1.48717 0
      vertex -38.0981 1.49679 5
      vertex -38.1958 1.48717 5
    endloop
  endfacet
  facet normal 0.0979908 -0.995187 0
    outer loop
      vertex -38.0981 1.49679 5
      vertex -38.1958 1.48717 0
      vertex -38.0981 1.49679 0
    endloop
  endfacet
  facet normal 0.412736 -0.910851 0
    outer loop
      vertex -38.6634 1.34531 0
      vertex -38.574 1.38582 5
      vertex -38.6634 1.34531 5
    endloop
  endfacet
  facet normal 0.412736 -0.910851 0
    outer loop
      vertex -38.574 1.38582 5
      vertex -38.6634 1.34531 0
      vertex -38.574 1.38582 0
    endloop
  endfacet
  facet normal 0.634274 -0.773108 0
    outer loop
      vertex -38.989 1.12776 0
      vertex -38.9131 1.19003 5
      vertex -38.989 1.12776 5
    endloop
  endfacet
  facet normal 0.634274 -0.773108 0
    outer loop
      vertex -38.9131 1.19003 5
      vertex -38.989 1.12776 0
      vertex -38.9131 1.19003 0
    endloop
  endfacet
  facet normal 0.582867 -0.812568 0
    outer loop
      vertex -38.9131 1.19003 0
      vertex -38.8334 1.2472 5
      vertex -38.9131 1.19003 5
    endloop
  endfacet
  facet normal 0.582867 -0.812568 0
    outer loop
      vertex -38.8334 1.2472 5
      vertex -38.9131 1.19003 0
      vertex -38.8334 1.2472 0
    endloop
  endfacet
  facet normal -0.999468 -0.0326009 0
    outer loop
      vertex -36.5 0 0
      vertex -36.5032 0.0981045 5
      vertex -36.5032 0.0981045 0
    endloop
  endfacet
  facet normal -0.999468 -0.0326009 0
    outer loop
      vertex -36.5032 0.0981045 5
      vertex -36.5 0 0
      vertex -36.5 0 5
    endloop
  endfacet
  facet normal -0.999468 0.0326009 0
    outer loop
      vertex -36.5032 -0.0981045 0
      vertex -36.5 0 5
      vertex -36.5 0 0
    endloop
  endfacet
  facet normal -0.999468 0.0326009 0
    outer loop
      vertex -36.5 0 5
      vertex -36.5032 -0.0981045 0
      vertex -36.5032 -0.0981045 5
    endloop
  endfacet
  facet normal -0.995206 0.0978054 0
    outer loop
      vertex -36.5128 -0.195788 0
      vertex -36.5032 -0.0981045 5
      vertex -36.5032 -0.0981045 0
    endloop
  endfacet
  facet normal -0.995206 0.0978054 0
    outer loop
      vertex -36.5032 -0.0981045 5
      vertex -36.5128 -0.195788 0
      vertex -36.5128 -0.195788 5
    endloop
  endfacet
  facet normal -0.0327042 0.999465 0
    outer loop
      vertex -37.9019 -1.49679 0
      vertex -38 -1.5 5
      vertex -37.9019 -1.49679 5
    endloop
  endfacet
  facet normal -0.0327042 0.999465 0
    outer loop
      vertex -38 -1.5 5
      vertex -37.9019 -1.49679 0
      vertex -38 -1.5 0
    endloop
  endfacet
  facet normal -0.956922 0.290344 0
    outer loop
      vertex -36.5796 -0.482159 0
      vertex -36.5511 -0.388228 5
      vertex -36.5511 -0.388228 0
    endloop
  endfacet
  facet normal -0.956922 0.290344 0
    outer loop
      vertex -36.5511 -0.388228 5
      vertex -36.5796 -0.482159 0
      vertex -36.5796 -0.482159 5
    endloop
  endfacet
  facet normal -0.0979908 0.995187 0
    outer loop
      vertex -37.8042 -1.48717 0
      vertex -37.9019 -1.49679 5
      vertex -37.8042 -1.48717 5
    endloop
  endfacet
  facet normal -0.0979908 0.995187 0
    outer loop
      vertex -37.9019 -1.49679 5
      vertex -37.8042 -1.48717 0
      vertex -37.9019 -1.49679 0
    endloop
  endfacet
  facet normal -0.162977 0.98663 0
    outer loop
      vertex -37.7074 -1.47118 0
      vertex -37.8042 -1.48717 5
      vertex -37.7074 -1.47118 5
    endloop
  endfacet
  facet normal -0.162977 0.98663 0
    outer loop
      vertex -37.8042 -1.48717 5
      vertex -37.7074 -1.47118 0
      vertex -37.8042 -1.48717 0
    endloop
  endfacet
  facet normal -0.352419 0.935842 0
    outer loop
      vertex -37.426 -1.38582 0
      vertex -37.5178 -1.42039 5
      vertex -37.426 -1.38582 5
    endloop
  endfacet
  facet normal -0.352419 0.935842 0
    outer loop
      vertex -37.5178 -1.42039 5
      vertex -37.426 -1.38582 0
      vertex -37.5178 -1.42039 0
    endloop
  endfacet
  facet normal -0.683297 0.73014 0
    outer loop
      vertex -36.9393 -1.06066 0
      vertex -37.011 -1.12776 5
      vertex -36.9393 -1.06066 5
    endloop
  endfacet
  facet normal -0.683297 0.73014 0
    outer loop
      vertex -37.011 -1.12776 5
      vertex -36.9393 -1.06066 0
      vertex -37.011 -1.12776 0
    endloop
  endfacet
  facet normal -0.52791 0.8493 0
    outer loop
      vertex -37.1666 -1.2472 0
      vertex -37.25 -1.29904 5
      vertex -37.1666 -1.2472 5
    endloop
  endfacet
  facet normal -0.52791 0.8493 0
    outer loop
      vertex -37.25 -1.29904 5
      vertex -37.1666 -1.2472 0
      vertex -37.25 -1.29904 0
    endloop
  endfacet
  facet normal -0.881801 0.471622 0
    outer loop
      vertex -36.701 -0.75 0
      vertex -36.6547 -0.663432 5
      vertex -36.6547 -0.663432 0
    endloop
  endfacet
  facet normal -0.881801 0.471622 0
    outer loop
      vertex -36.6547 -0.663432 5
      vertex -36.701 -0.75 0
      vertex -36.701 -0.75 5
    endloop
  endfacet
  facet normal -0.935824 0.352468 0
    outer loop
      vertex -36.6142 -0.574024 0
      vertex -36.5796 -0.482159 5
      vertex -36.5796 -0.482159 0
    endloop
  endfacet
  facet normal -0.935824 0.352468 0
    outer loop
      vertex -36.5796 -0.482159 5
      vertex -36.6142 -0.574024 0
      vertex -36.6142 -0.574024 5
    endloop
  endfacet
  facet normal -0.849355 0.527822 0
    outer loop
      vertex -36.7528 -0.833355 0
      vertex -36.701 -0.75 5
      vertex -36.701 -0.75 0
    endloop
  endfacet
  facet normal -0.849355 0.527822 0
    outer loop
      vertex -36.701 -0.75 5
      vertex -36.7528 -0.833355 0
      vertex -36.7528 -0.833355 5
    endloop
  endfacet
  facet normal 0.162977 0.98663 -0
    outer loop
      vertex -38.1958 -1.48717 0
      vertex -38.2926 -1.47118 5
      vertex -38.1958 -1.48717 5
    endloop
  endfacet
  facet normal 0.162977 0.98663 0
    outer loop
      vertex -38.2926 -1.47118 5
      vertex -38.1958 -1.48717 0
      vertex -38.2926 -1.47118 0
    endloop
  endfacet
  facet normal 0.290149 0.956982 -0
    outer loop
      vertex -38.3882 -1.44889 0
      vertex -38.4822 -1.42039 5
      vertex -38.3882 -1.44889 5
    endloop
  endfacet
  facet normal 0.290149 0.956982 0
    outer loop
      vertex -38.4822 -1.42039 5
      vertex -38.3882 -1.44889 0
      vertex -38.4822 -1.42039 0
    endloop
  endfacet
  facet normal 0.471249 0.882 -0
    outer loop
      vertex -38.6634 -1.34531 0
      vertex -38.75 -1.29904 5
      vertex -38.6634 -1.34531 5
    endloop
  endfacet
  facet normal 0.471249 0.882 0
    outer loop
      vertex -38.75 -1.29904 5
      vertex -38.6634 -1.34531 0
      vertex -38.75 -1.29904 0
    endloop
  endfacet
  facet normal 0.634274 0.773108 -0
    outer loop
      vertex -38.9131 -1.19003 0
      vertex -38.989 -1.12776 5
      vertex -38.9131 -1.19003 5
    endloop
  endfacet
  facet normal 0.634274 0.773108 0
    outer loop
      vertex -38.989 -1.12776 5
      vertex -38.9131 -1.19003 0
      vertex -38.989 -1.12776 0
    endloop
  endfacet
  facet normal 0.973853 0.227181 0
    outer loop
      vertex -39.4489 -0.388228 5
      vertex -39.4712 -0.292635 0
      vertex -39.4712 -0.292635 5
    endloop
  endfacet
  facet normal 0.973853 0.227181 0
    outer loop
      vertex -39.4712 -0.292635 0
      vertex -39.4489 -0.388228 5
      vertex -39.4489 -0.388228 0
    endloop
  endfacet
  facet normal 0.935824 0.352468 0
    outer loop
      vertex -39.3858 -0.574024 5
      vertex -39.4204 -0.482159 0
      vertex -39.4204 -0.482159 5
    endloop
  endfacet
  facet normal 0.935824 0.352468 0
    outer loop
      vertex -39.4204 -0.482159 0
      vertex -39.3858 -0.574024 5
      vertex -39.3858 -0.574024 0
    endloop
  endfacet
  facet normal 0.995206 0.0978054 0
    outer loop
      vertex -39.4872 -0.195788 5
      vertex -39.4968 -0.0981045 0
      vertex -39.4968 -0.0981045 5
    endloop
  endfacet
  facet normal 0.995206 0.0978054 0
    outer loop
      vertex -39.4968 -0.0981045 0
      vertex -39.4872 -0.195788 5
      vertex -39.4872 -0.195788 0
    endloop
  endfacet
  facet normal 0.849355 0.527822 0
    outer loop
      vertex -39.2472 -0.833355 5
      vertex -39.299 -0.75 0
      vertex -39.299 -0.75 5
    endloop
  endfacet
  facet normal 0.849355 0.527822 0
    outer loop
      vertex -39.299 -0.75 0
      vertex -39.2472 -0.833355 5
      vertex -39.2472 -0.833355 0
    endloop
  endfacet
  facet normal 0.910903 0.41262 0
    outer loop
      vertex -39.3453 -0.663432 5
      vertex -39.3858 -0.574024 0
      vertex -39.3858 -0.574024 5
    endloop
  endfacet
  facet normal 0.910903 0.41262 0
    outer loop
      vertex -39.3858 -0.574024 0
      vertex -39.3453 -0.663432 5
      vertex -39.3453 -0.663432 0
    endloop
  endfacet
  facet normal 0.81272 0.582654 0
    outer loop
      vertex -39.19 -0.913141 5
      vertex -39.2472 -0.833355 0
      vertex -39.2472 -0.833355 5
    endloop
  endfacet
  facet normal 0.81272 0.582654 0
    outer loop
      vertex -39.2472 -0.833355 0
      vertex -39.19 -0.913141 5
      vertex -39.19 -0.913141 0
    endloop
  endfacet
  facet normal -0.986626 0.163 0
    outer loop
      vertex -36.5288 -0.292635 0
      vertex -36.5128 -0.195788 5
      vertex -36.5128 -0.195788 0
    endloop
  endfacet
  facet normal -0.986626 0.163 0
    outer loop
      vertex -36.5128 -0.195788 5
      vertex -36.5288 -0.292635 0
      vertex -36.5288 -0.292635 5
    endloop
  endfacet
  facet normal -0.412736 0.910851 0
    outer loop
      vertex -37.3366 -1.34531 0
      vertex -37.426 -1.38582 5
      vertex -37.3366 -1.34531 5
    endloop
  endfacet
  facet normal -0.412736 0.910851 0
    outer loop
      vertex -37.426 -1.38582 5
      vertex -37.3366 -1.34531 0
      vertex -37.426 -1.38582 0
    endloop
  endfacet
  facet normal -0.729864 0.683592 0
    outer loop
      vertex -36.9393 -1.06066 0
      vertex -36.8722 -0.989018 5
      vertex -36.8722 -0.989018 0
    endloop
  endfacet
  facet normal -0.729864 0.683592 0
    outer loop
      vertex -36.8722 -0.989018 5
      vertex -36.9393 -1.06066 0
      vertex -36.9393 -1.06066 5
    endloop
  endfacet
  facet normal -0.582867 0.812568 0
    outer loop
      vertex -37.0869 -1.19003 0
      vertex -37.1666 -1.2472 5
      vertex -37.0869 -1.19003 5
    endloop
  endfacet
  facet normal -0.582867 0.812568 0
    outer loop
      vertex -37.1666 -1.2472 5
      vertex -37.0869 -1.19003 0
      vertex -37.1666 -1.2472 0
    endloop
  endfacet
  facet normal -0.910903 0.41262 0
    outer loop
      vertex -36.6547 -0.663432 0
      vertex -36.6142 -0.574024 5
      vertex -36.6142 -0.574024 0
    endloop
  endfacet
  facet normal -0.910903 0.41262 0
    outer loop
      vertex -36.6142 -0.574024 5
      vertex -36.6547 -0.663432 0
      vertex -36.6547 -0.663432 5
    endloop
  endfacet
  facet normal -0.81272 0.582654 0
    outer loop
      vertex -36.81 -0.913141 0
      vertex -36.7528 -0.833355 5
      vertex -36.7528 -0.833355 0
    endloop
  endfacet
  facet normal -0.81272 0.582654 0
    outer loop
      vertex -36.7528 -0.833355 5
      vertex -36.81 -0.913141 0
      vertex -36.81 -0.913141 5
    endloop
  endfacet
  facet normal 0.0979908 0.995187 -0
    outer loop
      vertex -38.0981 -1.49679 0
      vertex -38.1958 -1.48717 5
      vertex -38.0981 -1.49679 5
    endloop
  endfacet
  facet normal 0.0979908 0.995187 0
    outer loop
      vertex -38.1958 -1.48717 5
      vertex -38.0981 -1.49679 0
      vertex -38.1958 -1.48717 0
    endloop
  endfacet
  facet normal 0.412736 0.910851 -0
    outer loop
      vertex -38.574 -1.38582 0
      vertex -38.6634 -1.34531 5
      vertex -38.574 -1.38582 5
    endloop
  endfacet
  facet normal 0.412736 0.910851 0
    outer loop
      vertex -38.6634 -1.34531 5
      vertex -38.574 -1.38582 0
      vertex -38.6634 -1.34531 0
    endloop
  endfacet
  facet normal 0.582867 0.812568 -0
    outer loop
      vertex -38.8334 -1.2472 0
      vertex -38.9131 -1.19003 5
      vertex -38.8334 -1.2472 5
    endloop
  endfacet
  facet normal 0.582867 0.812568 0
    outer loop
      vertex -38.9131 -1.19003 5
      vertex -38.8334 -1.2472 0
      vertex -38.9131 -1.19003 0
    endloop
  endfacet
  facet normal 0.956922 0.290344 0
    outer loop
      vertex -39.4204 -0.482159 5
      vertex -39.4489 -0.388228 0
      vertex -39.4489 -0.388228 5
    endloop
  endfacet
  facet normal 0.956922 0.290344 0
    outer loop
      vertex -39.4489 -0.388228 0
      vertex -39.4204 -0.482159 5
      vertex -39.4204 -0.482159 0
    endloop
  endfacet
  facet normal 0.986626 0.163 0
    outer loop
      vertex -39.4712 -0.292635 5
      vertex -39.4872 -0.195788 0
      vertex -39.4872 -0.195788 5
    endloop
  endfacet
  facet normal 0.986626 0.163 0
    outer loop
      vertex -39.4872 -0.195788 0
      vertex -39.4712 -0.292635 5
      vertex -39.4712 -0.292635 0
    endloop
  endfacet
  facet normal 0.881801 0.471622 0
    outer loop
      vertex -39.299 -0.75 5
      vertex -39.3453 -0.663432 0
      vertex -39.3453 -0.663432 5
    endloop
  endfacet
  facet normal 0.881801 0.471622 0
    outer loop
      vertex -39.3453 -0.663432 0
      vertex -39.299 -0.75 5
      vertex -39.299 -0.75 0
    endloop
  endfacet
  facet normal 0.773363 0.633963 0
    outer loop
      vertex -39.1278 -0.989018 5
      vertex -39.19 -0.913141 0
      vertex -39.19 -0.913141 5
    endloop
  endfacet
  facet normal 0.773363 0.633963 0
    outer loop
      vertex -39.19 -0.913141 0
      vertex -39.1278 -0.989018 5
      vertex -39.1278 -0.989018 0
    endloop
  endfacet
  facet normal -0.973853 0.227181 0
    outer loop
      vertex -36.5511 -0.388228 0
      vertex -36.5288 -0.292635 5
      vertex -36.5288 -0.292635 0
    endloop
  endfacet
  facet normal -0.973853 0.227181 0
    outer loop
      vertex -36.5288 -0.292635 5
      vertex -36.5511 -0.388228 0
      vertex -36.5511 -0.388228 5
    endloop
  endfacet
  facet normal -0.881743 -0.47173 0
    outer loop
      vertex -23.565 0.707662 0
      vertex -23.6144 0.799999 5
      vertex -23.6144 0.799999 0
    endloop
  endfacet
  facet normal -0.881743 -0.47173 0
    outer loop
      vertex -23.6144 0.799999 5
      vertex -23.565 0.707662 0
      vertex -23.565 0.707662 5
    endloop
  endfacet
  facet normal -0.352212 -0.93592 0
    outer loop
      vertex -24.4857 1.51509 0
      vertex -24.3877 1.47821 5
      vertex -24.4857 1.51509 5
    endloop
  endfacet
  facet normal -0.352212 -0.93592 -0
    outer loop
      vertex -24.3877 1.47821 5
      vertex -24.4857 1.51509 0
      vertex -24.3877 1.47821 0
    endloop
  endfacet
  facet normal 0.352212 -0.93592 0
    outer loop
      vertex -25.6123 1.47821 0
      vertex -25.5143 1.51509 5
      vertex -25.6123 1.47821 5
    endloop
  endfacet
  facet normal 0.352212 -0.93592 0
    outer loop
      vertex -25.5143 1.51509 5
      vertex -25.6123 1.47821 0
      vertex -25.5143 1.51509 0
    endloop
  endfacet
  facet normal 0.910904 -0.412619 0
    outer loop
      vertex -26.4782 0.612293 5
      vertex -26.435 0.707662 0
      vertex -26.435 0.707662 5
    endloop
  endfacet
  facet normal 0.910904 -0.412619 0
    outer loop
      vertex -26.435 0.707662 0
      vertex -26.4782 0.612293 5
      vertex -26.4782 0.612293 0
    endloop
  endfacet
  facet normal -0.0979906 -0.995187 0
    outer loop
      vertex -24.8954 1.59657 0
      vertex -24.7912 1.58631 5
      vertex -24.8954 1.59657 5
    endloop
  endfacet
  facet normal -0.0979906 -0.995187 -0
    outer loop
      vertex -24.7912 1.58631 5
      vertex -24.8954 1.59657 0
      vertex -24.7912 1.58631 0
    endloop
  endfacet
  facet normal -0.528126 -0.849166 0
    outer loop
      vertex -24.2 1.38564 0
      vertex -24.1111 1.33035 5
      vertex -24.2 1.38564 5
    endloop
  endfacet
  facet normal -0.528126 -0.849166 -0
    outer loop
      vertex -24.1111 1.33035 5
      vertex -24.2 1.38564 0
      vertex -24.1111 1.33035 0
    endloop
  endfacet
  facet normal 0.227049 -0.973883 0
    outer loop
      vertex -25.4141 1.54548 0
      vertex -25.3121 1.56926 5
      vertex -25.4141 1.54548 5
    endloop
  endfacet
  facet normal 0.227049 -0.973883 0
    outer loop
      vertex -25.3121 1.56926 5
      vertex -25.4141 1.54548 0
      vertex -25.3121 1.56926 0
    endloop
  endfacet
  facet normal 0.910904 0.412619 0
    outer loop
      vertex -26.435 -0.707662 5
      vertex -26.4782 -0.612293 0
      vertex -26.4782 -0.612293 5
    endloop
  endfacet
  facet normal 0.910904 0.412619 0
    outer loop
      vertex -26.4782 -0.612293 0
      vertex -26.435 -0.707662 5
      vertex -26.435 -0.707662 0
    endloop
  endfacet
  facet normal -0.99515 -0.0983727 0
    outer loop
      vertex -23.4034 0.104645 0
      vertex -23.4137 0.208841 5
      vertex -23.4137 0.208841 0
    endloop
  endfacet
  facet normal -0.99515 -0.0983727 0
    outer loop
      vertex -23.4137 0.208841 5
      vertex -23.4034 0.104645 0
      vertex -23.4034 0.104645 5
    endloop
  endfacet
  facet normal -0.812784 -0.582565 0
    outer loop
      vertex -23.6696 0.888912 0
      vertex -23.7306 0.974018 5
      vertex -23.7306 0.974018 0
    endloop
  endfacet
  facet normal -0.812784 -0.582565 0
    outer loop
      vertex -23.7306 0.974018 5
      vertex -23.6696 0.888912 0
      vertex -23.6696 0.888912 5
    endloop
  endfacet
  facet normal -0.683661 -0.729799 0
    outer loop
      vertex -23.945 1.20294 0
      vertex -23.8686 1.13137 5
      vertex -23.945 1.20294 5
    endloop
  endfacet
  facet normal -0.683661 -0.729799 -0
    outer loop
      vertex -23.8686 1.13137 5
      vertex -23.945 1.20294 0
      vertex -23.8686 1.13137 0
    endloop
  endfacet
  facet normal 0.032774 -0.999463 0
    outer loop
      vertex -25.1046 1.59657 0
      vertex -25 1.6 5
      vertex -25.1046 1.59657 5
    endloop
  endfacet
  facet normal 0.032774 -0.999463 0
    outer loop
      vertex -25 1.6 5
      vertex -25.1046 1.59657 0
      vertex -25 1.6 0
    endloop
  endfacet
  facet normal -0.16285 -0.986651 0
    outer loop
      vertex -24.7912 1.58631 0
      vertex -24.6879 1.56926 5
      vertex -24.7912 1.58631 5
    endloop
  endfacet
  facet normal -0.16285 -0.986651 -0
    outer loop
      vertex -24.6879 1.56926 5
      vertex -24.7912 1.58631 0
      vertex -24.6879 1.56926 0
    endloop
  endfacet
  facet normal -0.634137 -0.773221 0
    outer loop
      vertex -24.026 1.26937 0
      vertex -23.945 1.20294 5
      vertex -24.026 1.26937 5
    endloop
  endfacet
  facet normal -0.634137 -0.773221 -0
    outer loop
      vertex -23.945 1.20294 5
      vertex -24.026 1.26937 0
      vertex -23.945 1.20294 0
    endloop
  endfacet
  facet normal 0.999473 -0.0324737 0
    outer loop
      vertex -26.6 0 5
      vertex -26.5966 0.104645 0
      vertex -26.5966 0.104645 5
    endloop
  endfacet
  facet normal 0.999473 -0.0324737 0
    outer loop
      vertex -26.5966 0.104645 0
      vertex -26.6 0 5
      vertex -26.6 0 0
    endloop
  endfacet
  facet normal 0.935847 -0.352407 0
    outer loop
      vertex -26.5151 0.514302 5
      vertex -26.4782 0.612293 0
      vertex -26.4782 0.612293 5
    endloop
  endfacet
  facet normal 0.935847 -0.352407 0
    outer loop
      vertex -26.4782 0.612293 0
      vertex -26.5151 0.514302 5
      vertex -26.5151 0.514302 0
    endloop
  endfacet
  facet normal 0.973824 -0.227301 0
    outer loop
      vertex -26.5693 0.312144 5
      vertex -26.5455 0.41411 0
      vertex -26.5455 0.41411 5
    endloop
  endfacet
  facet normal 0.973824 -0.227301 0
    outer loop
      vertex -26.5455 0.41411 0
      vertex -26.5693 0.312144 5
      vertex -26.5693 0.312144 0
    endloop
  endfacet
  facet normal 0.881743 -0.47173 0
    outer loop
      vertex -26.435 0.707662 5
      vertex -26.3856 0.799999 0
      vertex -26.3856 0.799999 5
    endloop
  endfacet
  facet normal 0.881743 -0.47173 0
    outer loop
      vertex -26.3856 0.799999 0
      vertex -26.435 0.707662 5
      vertex -26.435 0.707662 0
    endloop
  endfacet
  facet normal 0.812784 -0.582565 0
    outer loop
      vertex -26.3304 0.888912 5
      vertex -26.2694 0.974018 0
      vertex -26.2694 0.974018 5
    endloop
  endfacet
  facet normal 0.812784 -0.582565 0
    outer loop
      vertex -26.2694 0.974018 0
      vertex -26.3304 0.888912 5
      vertex -26.3304 0.888912 0
    endloop
  endfacet
  facet normal 0.772632 -0.634854 0
    outer loop
      vertex -26.2694 0.974018 5
      vertex -26.2029 1.05495 0
      vertex -26.2029 1.05495 5
    endloop
  endfacet
  facet normal 0.772632 -0.634854 0
    outer loop
      vertex -26.2029 1.05495 0
      vertex -26.2694 0.974018 5
      vertex -26.2694 0.974018 0
    endloop
  endfacet
  facet normal 0.290238 -0.956954 0
    outer loop
      vertex -25.5143 1.51509 0
      vertex -25.4141 1.54548 5
      vertex -25.5143 1.51509 5
    endloop
  endfacet
  facet normal 0.290238 -0.956954 0
    outer loop
      vertex -25.4141 1.54548 5
      vertex -25.5143 1.51509 0
      vertex -25.4141 1.54548 0
    endloop
  endfacet
  facet normal 0.0979906 -0.995187 0
    outer loop
      vertex -25.2088 1.58631 0
      vertex -25.1046 1.59657 5
      vertex -25.2088 1.58631 5
    endloop
  endfacet
  facet normal 0.0979906 -0.995187 0
    outer loop
      vertex -25.1046 1.59657 5
      vertex -25.2088 1.58631 0
      vertex -25.1046 1.59657 0
    endloop
  endfacet
  facet normal 0.528126 -0.849166 0
    outer loop
      vertex -25.8889 1.33035 0
      vertex -25.8 1.38564 5
      vertex -25.8889 1.33035 5
    endloop
  endfacet
  facet normal 0.528126 -0.849166 0
    outer loop
      vertex -25.8 1.38564 5
      vertex -25.8889 1.33035 0
      vertex -25.8 1.38564 0
    endloop
  endfacet
  facet normal 0.582466 -0.812855 0
    outer loop
      vertex -25.974 1.26937 0
      vertex -25.8889 1.33035 5
      vertex -25.974 1.26937 5
    endloop
  endfacet
  facet normal 0.582466 -0.812855 0
    outer loop
      vertex -25.8889 1.33035 5
      vertex -25.974 1.26937 0
      vertex -25.8889 1.33035 0
    endloop
  endfacet
  facet normal 0.412587 -0.910918 0
    outer loop
      vertex -25.7077 1.435 0
      vertex -25.6123 1.47821 5
      vertex -25.7077 1.435 5
    endloop
  endfacet
  facet normal 0.412587 -0.910918 0
    outer loop
      vertex -25.6123 1.47821 5
      vertex -25.7077 1.435 0
      vertex -25.6123 1.47821 0
    endloop
  endfacet
  facet normal 0.634137 -0.773221 0
    outer loop
      vertex -26.055 1.20294 0
      vertex -25.974 1.26937 5
      vertex -26.055 1.20294 5
    endloop
  endfacet
  facet normal 0.634137 -0.773221 0
    outer loop
      vertex -25.974 1.26937 5
      vertex -26.055 1.20294 0
      vertex -25.974 1.26937 0
    endloop
  endfacet
  facet normal -0.999473 -0.0324737 0
    outer loop
      vertex -23.4 0 0
      vertex -23.4034 0.104645 5
      vertex -23.4034 0.104645 0
    endloop
  endfacet
  facet normal -0.999473 -0.0324737 0
    outer loop
      vertex -23.4034 0.104645 5
      vertex -23.4 0 0
      vertex -23.4 0 5
    endloop
  endfacet
  facet normal -0.99515 0.0983727 0
    outer loop
      vertex -23.4137 -0.208841 0
      vertex -23.4034 -0.104645 5
      vertex -23.4034 -0.104645 0
    endloop
  endfacet
  facet normal -0.99515 0.0983727 0
    outer loop
      vertex -23.4034 -0.104645 5
      vertex -23.4137 -0.208841 0
      vertex -23.4137 -0.208841 5
    endloop
  endfacet
  facet normal -0.0979906 0.995187 0
    outer loop
      vertex -24.7912 -1.58631 0
      vertex -24.8954 -1.59657 5
      vertex -24.7912 -1.58631 5
    endloop
  endfacet
  facet normal -0.0979906 0.995187 0
    outer loop
      vertex -24.8954 -1.59657 5
      vertex -24.7912 -1.58631 0
      vertex -24.8954 -1.59657 0
    endloop
  endfacet
  facet normal -0.16285 0.986651 0
    outer loop
      vertex -24.6879 -1.56926 0
      vertex -24.7912 -1.58631 5
      vertex -24.6879 -1.56926 5
    endloop
  endfacet
  facet normal -0.16285 0.986651 0
    outer loop
      vertex -24.7912 -1.58631 5
      vertex -24.6879 -1.56926 0
      vertex -24.7912 -1.58631 0
    endloop
  endfacet
  facet normal -0.352212 0.93592 0
    outer loop
      vertex -24.3877 -1.47821 0
      vertex -24.4857 -1.51509 5
      vertex -24.3877 -1.47821 5
    endloop
  endfacet
  facet normal -0.352212 0.93592 0
    outer loop
      vertex -24.4857 -1.51509 5
      vertex -24.3877 -1.47821 0
      vertex -24.4857 -1.51509 0
    endloop
  endfacet
  facet normal -0.956922 -0.290347 0
    outer loop
      vertex -23.4545 0.41411 0
      vertex -23.4849 0.514302 5
      vertex -23.4849 0.514302 0
    endloop
  endfacet
  facet normal -0.956922 -0.290347 0
    outer loop
      vertex -23.4849 0.514302 5
      vertex -23.4545 0.41411 0
      vertex -23.4545 0.41411 5
    endloop
  endfacet
  facet normal -0.910904 -0.412619 0
    outer loop
      vertex -23.5218 0.612293 0
      vertex -23.565 0.707662 5
      vertex -23.565 0.707662 0
    endloop
  endfacet
  facet normal -0.910904 -0.412619 0
    outer loop
      vertex -23.565 0.707662 5
      vertex -23.5218 0.612293 0
      vertex -23.5218 0.612293 5
    endloop
  endfacet
  facet normal -0.973824 -0.227301 0
    outer loop
      vertex -23.4307 0.312144 0
      vertex -23.4545 0.41411 5
      vertex -23.4545 0.41411 0
    endloop
  endfacet
  facet normal -0.973824 -0.227301 0
    outer loop
      vertex -23.4545 0.41411 5
      vertex -23.4307 0.312144 0
      vertex -23.4307 0.312144 5
    endloop
  endfacet
  facet normal -0.849586 -0.52745 0
    outer loop
      vertex -23.6144 0.799999 0
      vertex -23.6696 0.888912 5
      vertex -23.6696 0.888912 0
    endloop
  endfacet
  facet normal -0.849586 -0.52745 0
    outer loop
      vertex -23.6696 0.888912 5
      vertex -23.6144 0.799999 0
      vertex -23.6144 0.799999 5
    endloop
  endfacet
  facet normal -0.772632 -0.634854 0
    outer loop
      vertex -23.7306 0.974018 0
      vertex -23.7971 1.05495 5
      vertex -23.7971 1.05495 0
    endloop
  endfacet
  facet normal -0.772632 -0.634854 0
    outer loop
      vertex -23.7971 1.05495 5
      vertex -23.7306 0.974018 0
      vertex -23.7306 0.974018 5
    endloop
  endfacet
  facet normal -0.730222 -0.68321 0
    outer loop
      vertex -23.7971 1.05495 0
      vertex -23.8686 1.13137 5
      vertex -23.8686 1.13137 0
    endloop
  endfacet
  facet normal -0.730222 -0.68321 0
    outer loop
      vertex -23.8686 1.13137 5
      vertex -23.7971 1.05495 0
      vertex -23.7971 1.05495 5
    endloop
  endfacet
  facet normal -0.227049 -0.973883 0
    outer loop
      vertex -24.6879 1.56926 0
      vertex -24.5859 1.54548 5
      vertex -24.6879 1.56926 5
    endloop
  endfacet
  facet normal -0.227049 -0.973883 -0
    outer loop
      vertex -24.5859 1.54548 5
      vertex -24.6879 1.56926 0
      vertex -24.5859 1.54548 0
    endloop
  endfacet
  facet normal -0.290238 -0.956954 0
    outer loop
      vertex -24.5859 1.54548 0
      vertex -24.4857 1.51509 5
      vertex -24.5859 1.54548 5
    endloop
  endfacet
  facet normal -0.290238 -0.956954 -0
    outer loop
      vertex -24.4857 1.51509 5
      vertex -24.5859 1.54548 0
      vertex -24.4857 1.51509 0
    endloop
  endfacet
  facet normal -0.032774 -0.999463 0
    outer loop
      vertex -25 1.6 0
      vertex -24.8954 1.59657 5
      vertex -25 1.6 5
    endloop
  endfacet
  facet normal -0.032774 -0.999463 -0
    outer loop
      vertex -24.8954 1.59657 5
      vertex -25 1.6 0
      vertex -24.8954 1.59657 0
    endloop
  endfacet
  facet normal -0.47158 -0.881823 0
    outer loop
      vertex -24.2923 1.435 0
      vertex -24.2 1.38564 5
      vertex -24.2923 1.435 5
    endloop
  endfacet
  facet normal -0.47158 -0.881823 -0
    outer loop
      vertex -24.2 1.38564 5
      vertex -24.2923 1.435 0
      vertex -24.2 1.38564 0
    endloop
  endfacet
  facet normal -0.412587 -0.910918 0
    outer loop
      vertex -24.3877 1.47821 0
      vertex -24.2923 1.435 5
      vertex -24.3877 1.47821 5
    endloop
  endfacet
  facet normal -0.412587 -0.910918 -0
    outer loop
      vertex -24.2923 1.435 5
      vertex -24.3877 1.47821 0
      vertex -24.2923 1.435 0
    endloop
  endfacet
  facet normal -0.582466 -0.812855 0
    outer loop
      vertex -24.1111 1.33035 0
      vertex -24.026 1.26937 5
      vertex -24.1111 1.33035 5
    endloop
  endfacet
  facet normal -0.582466 -0.812855 -0
    outer loop
      vertex -24.026 1.26937 5
      vertex -24.1111 1.33035 0
      vertex -24.026 1.26937 0
    endloop
  endfacet
  facet normal 0.986728 -0.16238 0
    outer loop
      vertex -26.5863 0.208841 5
      vertex -26.5693 0.312144 0
      vertex -26.5693 0.312144 5
    endloop
  endfacet
  facet normal 0.986728 -0.16238 0
    outer loop
      vertex -26.5693 0.312144 0
      vertex -26.5863 0.208841 5
      vertex -26.5863 0.208841 0
    endloop
  endfacet
  facet normal 0.99515 -0.0983727 0
    outer loop
      vertex -26.5966 0.104645 5
      vertex -26.5863 0.208841 0
      vertex -26.5863 0.208841 5
    endloop
  endfacet
  facet normal 0.99515 -0.0983727 0
    outer loop
      vertex -26.5863 0.208841 0
      vertex -26.5966 0.104645 5
      vertex -26.5966 0.104645 0
    endloop
  endfacet
  facet normal 0.956922 -0.290347 0
    outer loop
      vertex -26.5455 0.41411 5
      vertex -26.5151 0.514302 0
      vertex -26.5151 0.514302 5
    endloop
  endfacet
  facet normal 0.956922 -0.290347 0
    outer loop
      vertex -26.5151 0.514302 0
      vertex -26.5455 0.41411 5
      vertex -26.5455 0.41411 0
    endloop
  endfacet
  facet normal 0.849586 -0.52745 0
    outer loop
      vertex -26.3856 0.799999 5
      vertex -26.3304 0.888912 0
      vertex -26.3304 0.888912 5
    endloop
  endfacet
  facet normal 0.849586 -0.52745 0
    outer loop
      vertex -26.3304 0.888912 0
      vertex -26.3856 0.799999 5
      vertex -26.3856 0.799999 0
    endloop
  endfacet
  facet normal 0.16285 -0.986651 0
    outer loop
      vertex -25.3121 1.56926 0
      vertex -25.2088 1.58631 5
      vertex -25.3121 1.56926 5
    endloop
  endfacet
  facet normal 0.16285 -0.986651 0
    outer loop
      vertex -25.2088 1.58631 5
      vertex -25.3121 1.56926 0
      vertex -25.2088 1.58631 0
    endloop
  endfacet
  facet normal 0.47158 -0.881823 0
    outer loop
      vertex -25.8 1.38564 0
      vertex -25.7077 1.435 5
      vertex -25.8 1.38564 5
    endloop
  endfacet
  facet normal 0.47158 -0.881823 0
    outer loop
      vertex -25.7077 1.435 5
      vertex -25.8 1.38564 0
      vertex -25.7077 1.435 0
    endloop
  endfacet
  facet normal 0.683661 -0.729799 0
    outer loop
      vertex -26.1314 1.13137 0
      vertex -26.055 1.20294 5
      vertex -26.1314 1.13137 5
    endloop
  endfacet
  facet normal 0.683661 -0.729799 0
    outer loop
      vertex -26.055 1.20294 5
      vertex -26.1314 1.13137 0
      vertex -26.055 1.20294 0
    endloop
  endfacet
  facet normal -0.986728 0.16238 0
    outer loop
      vertex -23.4307 -0.312144 0
      vertex -23.4137 -0.208841 5
      vertex -23.4137 -0.208841 0
    endloop
  endfacet
  facet normal -0.986728 0.16238 0
    outer loop
      vertex -23.4137 -0.208841 5
      vertex -23.4307 -0.312144 0
      vertex -23.4307 -0.312144 5
    endloop
  endfacet
  facet normal -0.812784 0.582565 0
    outer loop
      vertex -23.7306 -0.974018 0
      vertex -23.6696 -0.888912 5
      vertex -23.6696 -0.888912 0
    endloop
  endfacet
  facet normal -0.812784 0.582565 0
    outer loop
      vertex -23.6696 -0.888912 5
      vertex -23.7306 -0.974018 0
      vertex -23.7306 -0.974018 5
    endloop
  endfacet
  facet normal 0.0979906 0.995187 -0
    outer loop
      vertex -25.1046 -1.59657 0
      vertex -25.2088 -1.58631 5
      vertex -25.1046 -1.59657 5
    endloop
  endfacet
  facet normal 0.0979906 0.995187 0
    outer loop
      vertex -25.2088 -1.58631 5
      vertex -25.1046 -1.59657 0
      vertex -25.2088 -1.58631 0
    endloop
  endfacet
  facet normal 0.528126 0.849166 -0
    outer loop
      vertex -25.8 -1.38564 0
      vertex -25.8889 -1.33035 5
      vertex -25.8 -1.38564 5
    endloop
  endfacet
  facet normal 0.528126 0.849166 0
    outer loop
      vertex -25.8889 -1.33035 5
      vertex -25.8 -1.38564 0
      vertex -25.8889 -1.33035 0
    endloop
  endfacet
  facet normal 0.999473 0.0324737 0
    outer loop
      vertex -26.5966 -0.104645 5
      vertex -26.6 0 0
      vertex -26.6 0 5
    endloop
  endfacet
  facet normal 0.999473 0.0324737 0
    outer loop
      vertex -26.6 0 0
      vertex -26.5966 -0.104645 5
      vertex -26.5966 -0.104645 0
    endloop
  endfacet
  facet normal 0.812784 0.582565 0
    outer loop
      vertex -26.2694 -0.974018 5
      vertex -26.3304 -0.888912 0
      vertex -26.3304 -0.888912 5
    endloop
  endfacet
  facet normal 0.812784 0.582565 0
    outer loop
      vertex -26.3304 -0.888912 0
      vertex -26.2694 -0.974018 5
      vertex -26.2694 -0.974018 0
    endloop
  endfacet
  facet normal -0.935847 -0.352407 0
    outer loop
      vertex -23.4849 0.514302 0
      vertex -23.5218 0.612293 5
      vertex -23.5218 0.612293 0
    endloop
  endfacet
  facet normal -0.935847 -0.352407 0
    outer loop
      vertex -23.5218 0.612293 5
      vertex -23.4849 0.514302 0
      vertex -23.4849 0.514302 5
    endloop
  endfacet
  facet normal -0.986728 -0.16238 0
    outer loop
      vertex -23.4137 0.208841 0
      vertex -23.4307 0.312144 5
      vertex -23.4307 0.312144 0
    endloop
  endfacet
  facet normal -0.986728 -0.16238 0
    outer loop
      vertex -23.4307 0.312144 5
      vertex -23.4137 0.208841 0
      vertex -23.4137 0.208841 5
    endloop
  endfacet
  facet normal 0.730222 -0.68321 0
    outer loop
      vertex -26.2029 1.05495 5
      vertex -26.1314 1.13137 0
      vertex -26.1314 1.13137 5
    endloop
  endfacet
  facet normal 0.730222 -0.68321 0
    outer loop
      vertex -26.1314 1.13137 0
      vertex -26.2029 1.05495 5
      vertex -26.2029 1.05495 0
    endloop
  endfacet
  facet normal -0.956922 0.290347 0
    outer loop
      vertex -23.4849 -0.514302 0
      vertex -23.4545 -0.41411 5
      vertex -23.4545 -0.41411 0
    endloop
  endfacet
  facet normal -0.956922 0.290347 0
    outer loop
      vertex -23.4545 -0.41411 5
      vertex -23.4849 -0.514302 0
      vertex -23.4849 -0.514302 5
    endloop
  endfacet
  facet normal -0.999473 0.0324737 0
    outer loop
      vertex -23.4034 -0.104645 0
      vertex -23.4 0 5
      vertex -23.4 0 0
    endloop
  endfacet
  facet normal -0.999473 0.0324737 0
    outer loop
      vertex -23.4 0 5
      vertex -23.4034 -0.104645 0
      vertex -23.4034 -0.104645 5
    endloop
  endfacet
  facet normal -0.772632 0.634854 0
    outer loop
      vertex -23.7971 -1.05495 0
      vertex -23.7306 -0.974018 5
      vertex -23.7306 -0.974018 0
    endloop
  endfacet
  facet normal -0.772632 0.634854 0
    outer loop
      vertex -23.7306 -0.974018 5
      vertex -23.7971 -1.05495 0
      vertex -23.7971 -1.05495 5
    endloop
  endfacet
  facet normal -0.935847 0.352407 0
    outer loop
      vertex -23.5218 -0.612293 0
      vertex -23.4849 -0.514302 5
      vertex -23.4849 -0.514302 0
    endloop
  endfacet
  facet normal -0.935847 0.352407 0
    outer loop
      vertex -23.4849 -0.514302 5
      vertex -23.5218 -0.612293 0
      vertex -23.5218 -0.612293 5
    endloop
  endfacet
  facet normal -0.881743 0.47173 0
    outer loop
      vertex -23.6144 -0.799999 0
      vertex -23.565 -0.707662 5
      vertex -23.565 -0.707662 0
    endloop
  endfacet
  facet normal -0.881743 0.47173 0
    outer loop
      vertex -23.565 -0.707662 5
      vertex -23.6144 -0.799999 0
      vertex -23.6144 -0.799999 5
    endloop
  endfacet
  facet normal 0.634137 0.773221 -0
    outer loop
      vertex -25.974 -1.26937 0
      vertex -26.055 -1.20294 5
      vertex -25.974 -1.26937 5
    endloop
  endfacet
  facet normal 0.634137 0.773221 0
    outer loop
      vertex -26.055 -1.20294 5
      vertex -25.974 -1.26937 0
      vertex -26.055 -1.20294 0
    endloop
  endfacet
  facet normal 0.412587 0.910918 -0
    outer loop
      vertex -25.6123 -1.47821 0
      vertex -25.7077 -1.435 5
      vertex -25.6123 -1.47821 5
    endloop
  endfacet
  facet normal 0.412587 0.910918 0
    outer loop
      vertex -25.7077 -1.435 5
      vertex -25.6123 -1.47821 0
      vertex -25.7077 -1.435 0
    endloop
  endfacet
  facet normal 0.290238 0.956954 -0
    outer loop
      vertex -25.4141 -1.54548 0
      vertex -25.5143 -1.51509 5
      vertex -25.4141 -1.54548 5
    endloop
  endfacet
  facet normal 0.290238 0.956954 0
    outer loop
      vertex -25.5143 -1.51509 5
      vertex -25.4141 -1.54548 0
      vertex -25.5143 -1.51509 0
    endloop
  endfacet
  facet normal 0.16285 0.986651 -0
    outer loop
      vertex -25.2088 -1.58631 0
      vertex -25.3121 -1.56926 5
      vertex -25.2088 -1.58631 5
    endloop
  endfacet
  facet normal 0.16285 0.986651 0
    outer loop
      vertex -25.3121 -1.56926 5
      vertex -25.2088 -1.58631 0
      vertex -25.3121 -1.56926 0
    endloop
  endfacet
  facet normal 0.935847 0.352407 0
    outer loop
      vertex -26.4782 -0.612293 5
      vertex -26.5151 -0.514302 0
      vertex -26.5151 -0.514302 5
    endloop
  endfacet
  facet normal 0.935847 0.352407 0
    outer loop
      vertex -26.5151 -0.514302 0
      vertex -26.4782 -0.612293 5
      vertex -26.4782 -0.612293 0
    endloop
  endfacet
  facet normal 0.973824 0.227301 0
    outer loop
      vertex -26.5455 -0.41411 5
      vertex -26.5693 -0.312144 0
      vertex -26.5693 -0.312144 5
    endloop
  endfacet
  facet normal 0.973824 0.227301 0
    outer loop
      vertex -26.5693 -0.312144 0
      vertex -26.5455 -0.41411 5
      vertex -26.5455 -0.41411 0
    endloop
  endfacet
  facet normal 0.956922 0.290347 0
    outer loop
      vertex -26.5151 -0.514302 5
      vertex -26.5455 -0.41411 0
      vertex -26.5455 -0.41411 5
    endloop
  endfacet
  facet normal 0.956922 0.290347 0
    outer loop
      vertex -26.5455 -0.41411 0
      vertex -26.5151 -0.514302 5
      vertex -26.5151 -0.514302 0
    endloop
  endfacet
  facet normal -0.290238 0.956954 0
    outer loop
      vertex -24.4857 -1.51509 0
      vertex -24.5859 -1.54548 5
      vertex -24.4857 -1.51509 5
    endloop
  endfacet
  facet normal -0.290238 0.956954 0
    outer loop
      vertex -24.5859 -1.54548 5
      vertex -24.4857 -1.51509 0
      vertex -24.5859 -1.54548 0
    endloop
  endfacet
  facet normal -0.227049 0.973883 0
    outer loop
      vertex -24.5859 -1.54548 0
      vertex -24.6879 -1.56926 5
      vertex -24.5859 -1.54548 5
    endloop
  endfacet
  facet normal -0.227049 0.973883 0
    outer loop
      vertex -24.6879 -1.56926 5
      vertex -24.5859 -1.54548 0
      vertex -24.6879 -1.56926 0
    endloop
  endfacet
  facet normal -0.412587 0.910918 0
    outer loop
      vertex -24.2923 -1.435 0
      vertex -24.3877 -1.47821 5
      vertex -24.2923 -1.435 5
    endloop
  endfacet
  facet normal -0.412587 0.910918 0
    outer loop
      vertex -24.3877 -1.47821 5
      vertex -24.2923 -1.435 0
      vertex -24.3877 -1.47821 0
    endloop
  endfacet
  facet normal -0.973824 0.227301 0
    outer loop
      vertex -23.4545 -0.41411 0
      vertex -23.4307 -0.312144 5
      vertex -23.4307 -0.312144 0
    endloop
  endfacet
  facet normal -0.973824 0.227301 0
    outer loop
      vertex -23.4307 -0.312144 5
      vertex -23.4545 -0.41411 0
      vertex -23.4545 -0.41411 5
    endloop
  endfacet
  facet normal -0.47158 0.881823 0
    outer loop
      vertex -24.2 -1.38564 0
      vertex -24.2923 -1.435 5
      vertex -24.2 -1.38564 5
    endloop
  endfacet
  facet normal -0.47158 0.881823 0
    outer loop
      vertex -24.2923 -1.435 5
      vertex -24.2 -1.38564 0
      vertex -24.2923 -1.435 0
    endloop
  endfacet
  facet normal -0.582466 0.812855 0
    outer loop
      vertex -24.026 -1.26937 0
      vertex -24.1111 -1.33035 5
      vertex -24.026 -1.26937 5
    endloop
  endfacet
  facet normal -0.582466 0.812855 0
    outer loop
      vertex -24.1111 -1.33035 5
      vertex -24.026 -1.26937 0
      vertex -24.1111 -1.33035 0
    endloop
  endfacet
  facet normal -0.730222 0.68321 0
    outer loop
      vertex -23.8686 -1.13137 0
      vertex -23.7971 -1.05495 5
      vertex -23.7971 -1.05495 0
    endloop
  endfacet
  facet normal -0.730222 0.68321 0
    outer loop
      vertex -23.7971 -1.05495 5
      vertex -23.8686 -1.13137 0
      vertex -23.8686 -1.13137 5
    endloop
  endfacet
  facet normal -0.634137 0.773221 0
    outer loop
      vertex -23.945 -1.20294 0
      vertex -24.026 -1.26937 5
      vertex -23.945 -1.20294 5
    endloop
  endfacet
  facet normal -0.634137 0.773221 0
    outer loop
      vertex -24.026 -1.26937 5
      vertex -23.945 -1.20294 0
      vertex -24.026 -1.26937 0
    endloop
  endfacet
  facet normal -0.683661 0.729799 0
    outer loop
      vertex -23.8686 -1.13137 0
      vertex -23.945 -1.20294 5
      vertex -23.8686 -1.13137 5
    endloop
  endfacet
  facet normal -0.683661 0.729799 0
    outer loop
      vertex -23.945 -1.20294 5
      vertex -23.8686 -1.13137 0
      vertex -23.945 -1.20294 0
    endloop
  endfacet
  facet normal -0.849586 0.52745 0
    outer loop
      vertex -23.6696 -0.888912 0
      vertex -23.6144 -0.799999 5
      vertex -23.6144 -0.799999 0
    endloop
  endfacet
  facet normal -0.849586 0.52745 0
    outer loop
      vertex -23.6144 -0.799999 5
      vertex -23.6696 -0.888912 0
      vertex -23.6696 -0.888912 5
    endloop
  endfacet
  facet normal -0.910904 0.412619 0
    outer loop
      vertex -23.565 -0.707662 0
      vertex -23.5218 -0.612293 5
      vertex -23.5218 -0.612293 0
    endloop
  endfacet
  facet normal -0.910904 0.412619 0
    outer loop
      vertex -23.5218 -0.612293 5
      vertex -23.565 -0.707662 0
      vertex -23.565 -0.707662 5
    endloop
  endfacet
  facet normal 0.683661 0.729799 -0
    outer loop
      vertex -26.055 -1.20294 0
      vertex -26.1314 -1.13137 5
      vertex -26.055 -1.20294 5
    endloop
  endfacet
  facet normal 0.683661 0.729799 0
    outer loop
      vertex -26.1314 -1.13137 5
      vertex -26.055 -1.20294 0
      vertex -26.1314 -1.13137 0
    endloop
  endfacet
  facet normal -0.032774 0.999463 0
    outer loop
      vertex -24.8954 -1.59657 0
      vertex -25 -1.6 5
      vertex -24.8954 -1.59657 5
    endloop
  endfacet
  facet normal -0.032774 0.999463 0
    outer loop
      vertex -25 -1.6 5
      vertex -24.8954 -1.59657 0
      vertex -25 -1.6 0
    endloop
  endfacet
  facet normal 0.227049 0.973883 -0
    outer loop
      vertex -25.3121 -1.56926 0
      vertex -25.4141 -1.54548 5
      vertex -25.3121 -1.56926 5
    endloop
  endfacet
  facet normal 0.227049 0.973883 0
    outer loop
      vertex -25.4141 -1.54548 5
      vertex -25.3121 -1.56926 0
      vertex -25.4141 -1.54548 0
    endloop
  endfacet
  facet normal 0.032774 0.999463 -0
    outer loop
      vertex -25 -1.6 0
      vertex -25.1046 -1.59657 5
      vertex -25 -1.6 5
    endloop
  endfacet
  facet normal 0.032774 0.999463 0
    outer loop
      vertex -25.1046 -1.59657 5
      vertex -25 -1.6 0
      vertex -25.1046 -1.59657 0
    endloop
  endfacet
  facet normal 0.352212 0.93592 -0
    outer loop
      vertex -25.5143 -1.51509 0
      vertex -25.6123 -1.47821 5
      vertex -25.5143 -1.51509 5
    endloop
  endfacet
  facet normal 0.352212 0.93592 0
    outer loop
      vertex -25.6123 -1.47821 5
      vertex -25.5143 -1.51509 0
      vertex -25.6123 -1.47821 0
    endloop
  endfacet
  facet normal 0.582466 0.812855 -0
    outer loop
      vertex -25.8889 -1.33035 0
      vertex -25.974 -1.26937 5
      vertex -25.8889 -1.33035 5
    endloop
  endfacet
  facet normal 0.582466 0.812855 0
    outer loop
      vertex -25.974 -1.26937 5
      vertex -25.8889 -1.33035 0
      vertex -25.974 -1.26937 0
    endloop
  endfacet
  facet normal 0.986728 0.16238 0
    outer loop
      vertex -26.5693 -0.312144 5
      vertex -26.5863 -0.208841 0
      vertex -26.5863 -0.208841 5
    endloop
  endfacet
  facet normal 0.986728 0.16238 0
    outer loop
      vertex -26.5863 -0.208841 0
      vertex -26.5693 -0.312144 5
      vertex -26.5693 -0.312144 0
    endloop
  endfacet
  facet normal 0.99515 0.0983727 0
    outer loop
      vertex -26.5863 -0.208841 5
      vertex -26.5966 -0.104645 0
      vertex -26.5966 -0.104645 5
    endloop
  endfacet
  facet normal 0.99515 0.0983727 0
    outer loop
      vertex -26.5966 -0.104645 0
      vertex -26.5863 -0.208841 5
      vertex -26.5863 -0.208841 0
    endloop
  endfacet
  facet normal 0.849586 0.52745 0
    outer loop
      vertex -26.3304 -0.888912 5
      vertex -26.3856 -0.799999 0
      vertex -26.3856 -0.799999 5
    endloop
  endfacet
  facet normal 0.849586 0.52745 0
    outer loop
      vertex -26.3856 -0.799999 0
      vertex -26.3304 -0.888912 5
      vertex -26.3304 -0.888912 0
    endloop
  endfacet
  facet normal 0.881743 0.47173 0
    outer loop
      vertex -26.3856 -0.799999 5
      vertex -26.435 -0.707662 0
      vertex -26.435 -0.707662 5
    endloop
  endfacet
  facet normal 0.881743 0.47173 0
    outer loop
      vertex -26.435 -0.707662 0
      vertex -26.3856 -0.799999 5
      vertex -26.3856 -0.799999 0
    endloop
  endfacet
  facet normal 0.730222 0.68321 0
    outer loop
      vertex -26.1314 -1.13137 5
      vertex -26.2029 -1.05495 0
      vertex -26.2029 -1.05495 5
    endloop
  endfacet
  facet normal 0.730222 0.68321 0
    outer loop
      vertex -26.2029 -1.05495 0
      vertex -26.1314 -1.13137 5
      vertex -26.1314 -1.13137 0
    endloop
  endfacet
  facet normal 0.772632 0.634854 0
    outer loop
      vertex -26.2029 -1.05495 5
      vertex -26.2694 -0.974018 0
      vertex -26.2694 -0.974018 5
    endloop
  endfacet
  facet normal 0.772632 0.634854 0
    outer loop
      vertex -26.2694 -0.974018 0
      vertex -26.2029 -1.05495 5
      vertex -26.2029 -1.05495 0
    endloop
  endfacet
  facet normal -0.528126 0.849166 0
    outer loop
      vertex -24.1111 -1.33035 0
      vertex -24.2 -1.38564 5
      vertex -24.1111 -1.33035 5
    endloop
  endfacet
  facet normal -0.528126 0.849166 0
    outer loop
      vertex -24.2 -1.38564 5
      vertex -24.1111 -1.33035 0
      vertex -24.2 -1.38564 0
    endloop
  endfacet
  facet normal 0.47158 0.881823 -0
    outer loop
      vertex -25.7077 -1.435 0
      vertex -25.8 -1.38564 5
      vertex -25.7077 -1.435 5
    endloop
  endfacet
  facet normal 0.47158 0.881823 0
    outer loop
      vertex -25.8 -1.38564 5
      vertex -25.7077 -1.435 0
      vertex -25.8 -1.38564 0
    endloop
  endfacet
  facet normal -0.634348 -0.773047 0
    outer loop
      vertex -10.9651 1.3487 0
      vertex -10.8791 1.27813 5
      vertex -10.9651 1.3487 5
    endloop
  endfacet
  facet normal -0.634348 -0.773047 -0
    outer loop
      vertex -10.8791 1.27813 5
      vertex -10.9651 1.3487 0
      vertex -10.8791 1.27813 0
    endloop
  endfacet
  facet normal 0.352029 -0.935989 0
    outer loop
      vertex -12.6506 1.57059 0
      vertex -12.5464 1.60978 5
      vertex -12.6506 1.57059 5
    endloop
  endfacet
  facet normal 0.352029 -0.935989 0
    outer loop
      vertex -12.5464 1.60978 5
      vertex -12.6506 1.57059 0
      vertex -12.5464 1.60978 0
    endloop
  endfacet
  facet normal 0.910903 -0.412621 0
    outer loop
      vertex -13.5706 0.650561 5
      vertex -13.5247 0.75189 0
      vertex -13.5247 0.75189 5
    endloop
  endfacet
  facet normal 0.910903 -0.412621 0
    outer loop
      vertex -13.5247 0.75189 0
      vertex -13.5706 0.650561 5
      vertex -13.5706 0.650561 0
    endloop
  endfacet
  facet normal -0.999476 0.0323615 0
    outer loop
      vertex -10.3036 -0.111185 0
      vertex -10.3 0 5
      vertex -10.3 0 0
    endloop
  endfacet
  facet normal -0.999476 0.0323615 0
    outer loop
      vertex -10.3 0 5
      vertex -10.3036 -0.111185 0
      vertex -10.3036 -0.111185 5
    endloop
  endfacet
  facet normal -0.910903 -0.412621 0
    outer loop
      vertex -10.4294 0.650561 0
      vertex -10.4753 0.75189 5
      vertex -10.4753 0.75189 0
    endloop
  endfacet
  facet normal -0.910903 -0.412621 0
    outer loop
      vertex -10.4753 0.75189 5
      vertex -10.4294 0.650561 0
      vertex -10.4294 0.650561 5
    endloop
  endfacet
  facet normal -0.412793 -0.910825 0
    outer loop
      vertex -11.3494 1.57059 0
      vertex -11.2481 1.52468 5
      vertex -11.3494 1.57059 5
    endloop
  endfacet
  facet normal -0.412793 -0.910825 -0
    outer loop
      vertex -11.2481 1.52468 5
      vertex -11.3494 1.57059 0
      vertex -11.2481 1.52468 0
    endloop
  endfacet
  facet normal 0.730056 -0.683388 0
    outer loop
      vertex -13.2781 1.12089 5
      vertex -13.2021 1.20208 0
      vertex -13.2021 1.20208 5
    endloop
  endfacet
  facet normal 0.730056 -0.683388 0
    outer loop
      vertex -13.2021 1.20208 0
      vertex -13.2781 1.12089 5
      vertex -13.2781 1.12089 0
    endloop
  endfacet
  facet normal 0.162913 -0.986641 0
    outer loop
      vertex -12.3317 1.66733 0
      vertex -12.2219 1.68546 5
      vertex -12.3317 1.66733 5
    endloop
  endfacet
  facet normal 0.162913 -0.986641 0
    outer loop
      vertex -12.2219 1.68546 5
      vertex -12.3317 1.66733 0
      vertex -12.2219 1.68546 0
    endloop
  endfacet
  facet normal -0.352029 0.935989 0
    outer loop
      vertex -11.3494 -1.57059 0
      vertex -11.4536 -1.60978 5
      vertex -11.3494 -1.57059 5
    endloop
  endfacet
  facet normal -0.352029 0.935989 0
    outer loop
      vertex -11.4536 -1.60978 5
      vertex -11.3494 -1.57059 0
      vertex -11.4536 -1.60978 0
    endloop
  endfacet
  facet normal 0.683582 0.729873 -0
    outer loop
      vertex -13.1209 -1.27813 0
      vertex -13.2021 -1.20208 5
      vertex -13.1209 -1.27813 5
    endloop
  endfacet
  facet normal 0.683582 0.729873 0
    outer loop
      vertex -13.2021 -1.20208 5
      vertex -13.1209 -1.27813 0
      vertex -13.2021 -1.20208 0
    endloop
  endfacet
  facet normal 0.812827 0.582504 0
    outer loop
      vertex -13.3487 -1.03489 5
      vertex -13.4135 -0.944468 0
      vertex -13.4135 -0.944468 5
    endloop
  endfacet
  facet normal 0.812827 0.582504 0
    outer loop
      vertex -13.4135 -0.944468 0
      vertex -13.3487 -1.03489 5
      vertex -13.3487 -1.03489 0
    endloop
  endfacet
  facet normal -0.986529 -0.163584 0
    outer loop
      vertex -10.3145 0.221894 0
      vertex -10.3327 0.331653 5
      vertex -10.3327 0.331653 0
    endloop
  endfacet
  facet normal -0.986529 -0.163584 0
    outer loop
      vertex -10.3327 0.331653 5
      vertex -10.3145 0.221894 0
      vertex -10.3145 0.221894 5
    endloop
  endfacet
  facet normal -0.973998 -0.226555 0
    outer loop
      vertex -10.3327 0.331653 0
      vertex -10.3579 0.439992 5
      vertex -10.3579 0.439992 0
    endloop
  endfacet
  facet normal -0.973998 -0.226555 0
    outer loop
      vertex -10.3579 0.439992 5
      vertex -10.3327 0.331653 0
      vertex -10.3327 0.331653 5
    endloop
  endfacet
  facet normal -0.772915 -0.634509 0
    outer loop
      vertex -10.6513 1.03489 0
      vertex -10.7219 1.12089 5
      vertex -10.7219 1.12089 0
    endloop
  endfacet
  facet normal -0.772915 -0.634509 0
    outer loop
      vertex -10.7219 1.12089 5
      vertex -10.6513 1.03489 0
      vertex -10.6513 1.03489 5
    endloop
  endfacet
  facet normal -0.812827 -0.582504 0
    outer loop
      vertex -10.5865 0.944468 0
      vertex -10.6513 1.03489 5
      vertex -10.6513 1.03489 0
    endloop
  endfacet
  facet normal -0.812827 -0.582504 0
    outer loop
      vertex -10.6513 1.03489 5
      vertex -10.5865 0.944468 0
      vertex -10.5865 0.944468 5
    endloop
  endfacet
  facet normal -0.849382 -0.527779 0
    outer loop
      vertex -10.5278 0.849999 0
      vertex -10.5865 0.944468 5
      vertex -10.5865 0.944468 0
    endloop
  endfacet
  facet normal -0.849382 -0.527779 0
    outer loop
      vertex -10.5865 0.944468 5
      vertex -10.5278 0.849999 0
      vertex -10.5278 0.849999 5
    endloop
  endfacet
  facet normal -0.730056 -0.683388 0
    outer loop
      vertex -10.7219 1.12089 0
      vertex -10.7979 1.20208 5
      vertex -10.7979 1.20208 0
    endloop
  endfacet
  facet normal -0.730056 -0.683388 0
    outer loop
      vertex -10.7979 1.20208 5
      vertex -10.7219 1.12089 0
      vertex -10.7219 1.12089 5
    endloop
  endfacet
  facet normal -0.582598 -0.81276 0
    outer loop
      vertex -11.0555 1.4135 0
      vertex -10.9651 1.3487 5
      vertex -11.0555 1.4135 5
    endloop
  endfacet
  facet normal -0.582598 -0.81276 -0
    outer loop
      vertex -10.9651 1.3487 5
      vertex -11.0555 1.4135 0
      vertex -10.9651 1.3487 0
    endloop
  endfacet
  facet normal -0.0327163 -0.999465 0
    outer loop
      vertex -12 1.7 0
      vertex -11.8888 1.69636 5
      vertex -12 1.7 5
    endloop
  endfacet
  facet normal -0.0327163 -0.999465 -0
    outer loop
      vertex -11.8888 1.69636 5
      vertex -12 1.7 0
      vertex -11.8888 1.69636 0
    endloop
  endfacet
  facet normal -0.0979904 -0.995187 0
    outer loop
      vertex -11.8888 1.69636 0
      vertex -11.7781 1.68546 5
      vertex -11.8888 1.69636 5
    endloop
  endfacet
  facet normal -0.0979904 -0.995187 -0
    outer loop
      vertex -11.7781 1.68546 5
      vertex -11.8888 1.69636 0
      vertex -11.7781 1.68546 0
    endloop
  endfacet
  facet normal -0.290399 -0.956906 0
    outer loop
      vertex -11.56 1.64207 0
      vertex -11.4536 1.60978 5
      vertex -11.56 1.64207 5
    endloop
  endfacet
  facet normal -0.290399 -0.956906 -0
    outer loop
      vertex -11.4536 1.60978 5
      vertex -11.56 1.64207 0
      vertex -11.4536 1.60978 0
    endloop
  endfacet
  facet normal -0.227144 -0.973861 0
    outer loop
      vertex -11.6683 1.66733 0
      vertex -11.56 1.64207 5
      vertex -11.6683 1.66733 5
    endloop
  endfacet
  facet normal -0.227144 -0.973861 -0
    outer loop
      vertex -11.56 1.64207 5
      vertex -11.6683 1.66733 0
      vertex -11.56 1.64207 0
    endloop
  endfacet
  facet normal 0.999476 -0.0323615 0
    outer loop
      vertex -13.7 0 5
      vertex -13.6964 0.111185 0
      vertex -13.6964 0.111185 5
    endloop
  endfacet
  facet normal 0.999476 -0.0323615 0
    outer loop
      vertex -13.6964 0.111185 0
      vertex -13.7 0 5
      vertex -13.7 0 0
    endloop
  endfacet
  facet normal 0.995188 -0.0979826 0
    outer loop
      vertex -13.6964 0.111185 5
      vertex -13.6855 0.221894 0
      vertex -13.6855 0.221894 5
    endloop
  endfacet
  facet normal 0.995188 -0.0979826 0
    outer loop
      vertex -13.6855 0.221894 0
      vertex -13.6964 0.111185 5
      vertex -13.6964 0.111185 0
    endloop
  endfacet
  facet normal 0.956922 -0.290344 0
    outer loop
      vertex -13.6421 0.439992 5
      vertex -13.6098 0.546447 0
      vertex -13.6098 0.546447 5
    endloop
  endfacet
  facet normal 0.956922 -0.290344 0
    outer loop
      vertex -13.6098 0.546447 0
      vertex -13.6421 0.439992 5
      vertex -13.6421 0.439992 0
    endloop
  endfacet
  facet normal 0.973998 -0.226555 0
    outer loop
      vertex -13.6673 0.331653 5
      vertex -13.6421 0.439992 0
      vertex -13.6421 0.439992 5
    endloop
  endfacet
  facet normal 0.973998 -0.226555 0
    outer loop
      vertex -13.6421 0.439992 0
      vertex -13.6673 0.331653 5
      vertex -13.6673 0.331653 0
    endloop
  endfacet
  facet normal 0.881698 -0.471814 0
    outer loop
      vertex -13.5247 0.75189 5
      vertex -13.4722 0.849999 0
      vertex -13.4722 0.849999 5
    endloop
  endfacet
  facet normal 0.881698 -0.471814 0
    outer loop
      vertex -13.4722 0.849999 0
      vertex -13.5247 0.75189 5
      vertex -13.5247 0.75189 0
    endloop
  endfacet
  facet normal 0.812827 -0.582504 0
    outer loop
      vertex -13.4135 0.944468 5
      vertex -13.3487 1.03489 0
      vertex -13.3487 1.03489 5
    endloop
  endfacet
  facet normal 0.812827 -0.582504 0
    outer loop
      vertex -13.3487 1.03489 0
      vertex -13.4135 0.944468 5
      vertex -13.4135 0.944468 0
    endloop
  endfacet
  facet normal 0.227144 -0.973861 0
    outer loop
      vertex -12.44 1.64207 0
      vertex -12.3317 1.66733 5
      vertex -12.44 1.64207 5
    endloop
  endfacet
  facet normal 0.227144 -0.973861 0
    outer loop
      vertex -12.3317 1.66733 5
      vertex -12.44 1.64207 0
      vertex -12.3317 1.66733 0
    endloop
  endfacet
  facet normal 0.0327163 -0.999465 0
    outer loop
      vertex -12.1112 1.69636 0
      vertex -12 1.7 5
      vertex -12.1112 1.69636 5
    endloop
  endfacet
  facet normal 0.0327163 -0.999465 0
    outer loop
      vertex -12 1.7 5
      vertex -12.1112 1.69636 0
      vertex -12 1.7 0
    endloop
  endfacet
  facet normal 0.527913 -0.849298 0
    outer loop
      vertex -12.9445 1.4135 0
      vertex -12.85 1.47224 5
      vertex -12.9445 1.4135 5
    endloop
  endfacet
  facet normal 0.527913 -0.849298 0
    outer loop
      vertex -12.85 1.47224 5
      vertex -12.9445 1.4135 0
      vertex -12.85 1.47224 0
    endloop
  endfacet
  facet normal 0.412793 -0.910825 0
    outer loop
      vertex -12.7519 1.52468 0
      vertex -12.6506 1.57059 5
      vertex -12.7519 1.52468 5
    endloop
  endfacet
  facet normal 0.412793 -0.910825 0
    outer loop
      vertex -12.6506 1.57059 5
      vertex -12.7519 1.52468 0
      vertex -12.6506 1.57059 0
    endloop
  endfacet
  facet normal 0.683582 -0.729873 0
    outer loop
      vertex -13.2021 1.20208 0
      vertex -13.1209 1.27813 5
      vertex -13.2021 1.20208 5
    endloop
  endfacet
  facet normal 0.683582 -0.729873 0
    outer loop
      vertex -13.1209 1.27813 5
      vertex -13.2021 1.20208 0
      vertex -13.1209 1.27813 0
    endloop
  endfacet
  facet normal -0.999476 -0.0323615 0
    outer loop
      vertex -10.3 0 0
      vertex -10.3036 0.111185 5
      vertex -10.3036 0.111185 0
    endloop
  endfacet
  facet normal -0.999476 -0.0323615 0
    outer loop
      vertex -10.3036 0.111185 5
      vertex -10.3 0 0
      vertex -10.3 0 5
    endloop
  endfacet
  facet normal -0.0327163 0.999465 0
    outer loop
      vertex -11.8888 -1.69636 0
      vertex -12 -1.7 5
      vertex -11.8888 -1.69636 5
    endloop
  endfacet
  facet normal -0.0327163 0.999465 0
    outer loop
      vertex -12 -1.7 5
      vertex -11.8888 -1.69636 0
      vertex -12 -1.7 0
    endloop
  endfacet
  facet normal -0.956922 0.290344 0
    outer loop
      vertex -10.3902 -0.546447 0
      vertex -10.3579 -0.439992 5
      vertex -10.3579 -0.439992 0
    endloop
  endfacet
  facet normal -0.956922 0.290344 0
    outer loop
      vertex -10.3579 -0.439992 5
      vertex -10.3902 -0.546447 0
      vertex -10.3902 -0.546447 5
    endloop
  endfacet
  facet normal -0.772915 0.634509 0
    outer loop
      vertex -10.7219 -1.12089 0
      vertex -10.6513 -1.03489 5
      vertex -10.6513 -1.03489 0
    endloop
  endfacet
  facet normal -0.772915 0.634509 0
    outer loop
      vertex -10.6513 -1.03489 5
      vertex -10.7219 -1.12089 0
      vertex -10.7219 -1.12089 5
    endloop
  endfacet
  facet normal -0.910903 0.412621 0
    outer loop
      vertex -10.4753 -0.75189 0
      vertex -10.4294 -0.650561 5
      vertex -10.4294 -0.650561 0
    endloop
  endfacet
  facet normal -0.910903 0.412621 0
    outer loop
      vertex -10.4294 -0.650561 5
      vertex -10.4753 -0.75189 0
      vertex -10.4753 -0.75189 5
    endloop
  endfacet
  facet normal -0.0979904 0.995187 0
    outer loop
      vertex -11.7781 -1.68546 0
      vertex -11.8888 -1.69636 5
      vertex -11.7781 -1.68546 5
    endloop
  endfacet
  facet normal -0.0979904 0.995187 0
    outer loop
      vertex -11.8888 -1.69636 5
      vertex -11.7781 -1.68546 0
      vertex -11.8888 -1.69636 0
    endloop
  endfacet
  facet normal -0.227144 0.973861 0
    outer loop
      vertex -11.56 -1.64207 0
      vertex -11.6683 -1.66733 5
      vertex -11.56 -1.64207 5
    endloop
  endfacet
  facet normal -0.227144 0.973861 0
    outer loop
      vertex -11.6683 -1.66733 5
      vertex -11.56 -1.64207 0
      vertex -11.6683 -1.66733 0
    endloop
  endfacet
  facet normal -0.634348 0.773047 0
    outer loop
      vertex -10.8791 -1.27813 0
      vertex -10.9651 -1.3487 5
      vertex -10.8791 -1.27813 5
    endloop
  endfacet
  facet normal -0.634348 0.773047 0
    outer loop
      vertex -10.9651 -1.3487 5
      vertex -10.8791 -1.27813 0
      vertex -10.9651 -1.3487 0
    endloop
  endfacet
  facet normal -0.730056 0.683388 0
    outer loop
      vertex -10.7979 -1.20208 0
      vertex -10.7219 -1.12089 5
      vertex -10.7219 -1.12089 0
    endloop
  endfacet
  facet normal -0.730056 0.683388 0
    outer loop
      vertex -10.7219 -1.12089 5
      vertex -10.7979 -1.20208 0
      vertex -10.7979 -1.20208 5
    endloop
  endfacet
  facet normal -0.582598 0.81276 0
    outer loop
      vertex -10.9651 -1.3487 0
      vertex -11.0555 -1.4135 5
      vertex -10.9651 -1.3487 5
    endloop
  endfacet
  facet normal -0.582598 0.81276 0
    outer loop
      vertex -11.0555 -1.4135 5
      vertex -10.9651 -1.3487 0
      vertex -11.0555 -1.4135 0
    endloop
  endfacet
  facet normal 0.582598 0.81276 -0
    outer loop
      vertex -12.9445 -1.4135 0
      vertex -13.0349 -1.3487 5
      vertex -12.9445 -1.4135 5
    endloop
  endfacet
  facet normal 0.582598 0.81276 0
    outer loop
      vertex -13.0349 -1.3487 5
      vertex -12.9445 -1.4135 0
      vertex -13.0349 -1.3487 0
    endloop
  endfacet
  facet normal 0.986529 0.163584 0
    outer loop
      vertex -13.6673 -0.331653 5
      vertex -13.6855 -0.221894 0
      vertex -13.6855 -0.221894 5
    endloop
  endfacet
  facet normal 0.986529 0.163584 0
    outer loop
      vertex -13.6855 -0.221894 0
      vertex -13.6673 -0.331653 5
      vertex -13.6673 -0.331653 0
    endloop
  endfacet
  facet normal 0.973998 0.226555 0
    outer loop
      vertex -13.6421 -0.439992 5
      vertex -13.6673 -0.331653 0
      vertex -13.6673 -0.331653 5
    endloop
  endfacet
  facet normal 0.973998 0.226555 0
    outer loop
      vertex -13.6673 -0.331653 0
      vertex -13.6421 -0.439992 5
      vertex -13.6421 -0.439992 0
    endloop
  endfacet
  facet normal 0.935864 0.352362 0
    outer loop
      vertex -13.5706 -0.650561 5
      vertex -13.6098 -0.546447 0
      vertex -13.6098 -0.546447 5
    endloop
  endfacet
  facet normal 0.935864 0.352362 0
    outer loop
      vertex -13.6098 -0.546447 0
      vertex -13.5706 -0.650561 5
      vertex -13.5706 -0.650561 0
    endloop
  endfacet
  facet normal 0.999476 0.0323615 0
    outer loop
      vertex -13.6964 -0.111185 5
      vertex -13.7 0 0
      vertex -13.7 0 5
    endloop
  endfacet
  facet normal 0.999476 0.0323615 0
    outer loop
      vertex -13.7 0 0
      vertex -13.6964 -0.111185 5
      vertex -13.6964 -0.111185 0
    endloop
  endfacet
  facet normal 0.910903 0.412621 0
    outer loop
      vertex -13.5247 -0.75189 5
      vertex -13.5706 -0.650561 0
      vertex -13.5706 -0.650561 5
    endloop
  endfacet
  facet normal 0.910903 0.412621 0
    outer loop
      vertex -13.5706 -0.650561 0
      vertex -13.5247 -0.75189 5
      vertex -13.5247 -0.75189 0
    endloop
  endfacet
  facet normal -0.995188 -0.0979826 0
    outer loop
      vertex -10.3036 0.111185 0
      vertex -10.3145 0.221894 5
      vertex -10.3145 0.221894 0
    endloop
  endfacet
  facet normal -0.995188 -0.0979826 0
    outer loop
      vertex -10.3145 0.221894 5
      vertex -10.3036 0.111185 0
      vertex -10.3036 0.111185 5
    endloop
  endfacet
  facet normal -0.956922 -0.290344 0
    outer loop
      vertex -10.3579 0.439992 0
      vertex -10.3902 0.546447 5
      vertex -10.3902 0.546447 0
    endloop
  endfacet
  facet normal -0.956922 -0.290344 0
    outer loop
      vertex -10.3902 0.546447 5
      vertex -10.3579 0.439992 0
      vertex -10.3579 0.439992 5
    endloop
  endfacet
  facet normal -0.935864 -0.352362 0
    outer loop
      vertex -10.3902 0.546447 0
      vertex -10.4294 0.650561 5
      vertex -10.4294 0.650561 0
    endloop
  endfacet
  facet normal -0.935864 -0.352362 0
    outer loop
      vertex -10.4294 0.650561 5
      vertex -10.3902 0.546447 0
      vertex -10.3902 0.546447 5
    endloop
  endfacet
  facet normal -0.683582 -0.729873 0
    outer loop
      vertex -10.8791 1.27813 0
      vertex -10.7979 1.20208 5
      vertex -10.8791 1.27813 5
    endloop
  endfacet
  facet normal -0.683582 -0.729873 -0
    outer loop
      vertex -10.7979 1.20208 5
      vertex -10.8791 1.27813 0
      vertex -10.7979 1.20208 0
    endloop
  endfacet
  facet normal -0.527913 -0.849298 0
    outer loop
      vertex -11.15 1.47224 0
      vertex -11.0555 1.4135 5
      vertex -11.15 1.47224 5
    endloop
  endfacet
  facet normal -0.527913 -0.849298 -0
    outer loop
      vertex -11.0555 1.4135 5
      vertex -11.15 1.47224 0
      vertex -11.0555 1.4135 0
    endloop
  endfacet
  facet normal -0.471428 -0.881905 0
    outer loop
      vertex -11.2481 1.52468 0
      vertex -11.15 1.47224 5
      vertex -11.2481 1.52468 5
    endloop
  endfacet
  facet normal -0.471428 -0.881905 -0
    outer loop
      vertex -11.15 1.47224 5
      vertex -11.2481 1.52468 0
      vertex -11.15 1.47224 0
    endloop
  endfacet
  facet normal 0.935864 -0.352362 0
    outer loop
      vertex -13.6098 0.546447 5
      vertex -13.5706 0.650561 0
      vertex -13.5706 0.650561 5
    endloop
  endfacet
  facet normal 0.935864 -0.352362 0
    outer loop
      vertex -13.5706 0.650561 0
      vertex -13.6098 0.546447 5
      vertex -13.6098 0.546447 0
    endloop
  endfacet
  facet normal 0.772915 -0.634509 0
    outer loop
      vertex -13.3487 1.03489 5
      vertex -13.2781 1.12089 0
      vertex -13.2781 1.12089 5
    endloop
  endfacet
  facet normal 0.772915 -0.634509 0
    outer loop
      vertex -13.2781 1.12089 0
      vertex -13.3487 1.03489 5
      vertex -13.3487 1.03489 0
    endloop
  endfacet
  facet normal 0.290399 -0.956906 0
    outer loop
      vertex -12.5464 1.60978 0
      vertex -12.44 1.64207 5
      vertex -12.5464 1.60978 5
    endloop
  endfacet
  facet normal 0.290399 -0.956906 0
    outer loop
      vertex -12.44 1.64207 5
      vertex -12.5464 1.60978 0
      vertex -12.44 1.64207 0
    endloop
  endfacet
  facet normal 0.582598 -0.81276 0
    outer loop
      vertex -13.0349 1.3487 0
      vertex -12.9445 1.4135 5
      vertex -13.0349 1.3487 5
    endloop
  endfacet
  facet normal 0.582598 -0.81276 0
    outer loop
      vertex -12.9445 1.4135 5
      vertex -13.0349 1.3487 0
      vertex -12.9445 1.4135 0
    endloop
  endfacet
  facet normal 0.634348 -0.773047 0
    outer loop
      vertex -13.1209 1.27813 0
      vertex -13.0349 1.3487 5
      vertex -13.1209 1.27813 5
    endloop
  endfacet
  facet normal 0.634348 -0.773047 0
    outer loop
      vertex -13.0349 1.3487 5
      vertex -13.1209 1.27813 0
      vertex -13.0349 1.3487 0
    endloop
  endfacet
  facet normal -0.986529 0.163584 0
    outer loop
      vertex -10.3327 -0.331653 0
      vertex -10.3145 -0.221894 5
      vertex -10.3145 -0.221894 0
    endloop
  endfacet
  facet normal -0.986529 0.163584 0
    outer loop
      vertex -10.3145 -0.221894 5
      vertex -10.3327 -0.331653 0
      vertex -10.3327 -0.331653 5
    endloop
  endfacet
  facet normal -0.995188 0.0979826 0
    outer loop
      vertex -10.3145 -0.221894 0
      vertex -10.3036 -0.111185 5
      vertex -10.3036 -0.111185 0
    endloop
  endfacet
  facet normal -0.995188 0.0979826 0
    outer loop
      vertex -10.3036 -0.111185 5
      vertex -10.3145 -0.221894 0
      vertex -10.3145 -0.221894 5
    endloop
  endfacet
  facet normal -0.290399 0.956906 0
    outer loop
      vertex -11.4536 -1.60978 0
      vertex -11.56 -1.64207 5
      vertex -11.4536 -1.60978 5
    endloop
  endfacet
  facet normal -0.290399 0.956906 0
    outer loop
      vertex -11.56 -1.64207 5
      vertex -11.4536 -1.60978 0
      vertex -11.56 -1.64207 0
    endloop
  endfacet
  facet normal -0.683582 0.729873 0
    outer loop
      vertex -10.7979 -1.20208 0
      vertex -10.8791 -1.27813 5
      vertex -10.7979 -1.20208 5
    endloop
  endfacet
  facet normal -0.683582 0.729873 0
    outer loop
      vertex -10.8791 -1.27813 5
      vertex -10.7979 -1.20208 0
      vertex -10.8791 -1.27813 0
    endloop
  endfacet
  facet normal -0.412793 0.910825 0
    outer loop
      vertex -11.2481 -1.52468 0
      vertex -11.3494 -1.57059 5
      vertex -11.2481 -1.52468 5
    endloop
  endfacet
  facet normal -0.412793 0.910825 0
    outer loop
      vertex -11.3494 -1.57059 5
      vertex -11.2481 -1.52468 0
      vertex -11.3494 -1.57059 0
    endloop
  endfacet
  facet normal -0.527913 0.849298 0
    outer loop
      vertex -11.0555 -1.4135 0
      vertex -11.15 -1.47224 5
      vertex -11.0555 -1.4135 5
    endloop
  endfacet
  facet normal -0.527913 0.849298 0
    outer loop
      vertex -11.15 -1.47224 5
      vertex -11.0555 -1.4135 0
      vertex -11.15 -1.47224 0
    endloop
  endfacet
  facet normal -0.471428 0.881905 0
    outer loop
      vertex -11.15 -1.47224 0
      vertex -11.2481 -1.52468 5
      vertex -11.15 -1.47224 5
    endloop
  endfacet
  facet normal -0.471428 0.881905 0
    outer loop
      vertex -11.2481 -1.52468 5
      vertex -11.15 -1.47224 0
      vertex -11.2481 -1.52468 0
    endloop
  endfacet
  facet normal 0.227144 0.973861 -0
    outer loop
      vertex -12.3317 -1.66733 0
      vertex -12.44 -1.64207 5
      vertex -12.3317 -1.66733 5
    endloop
  endfacet
  facet normal 0.227144 0.973861 0
    outer loop
      vertex -12.44 -1.64207 5
      vertex -12.3317 -1.66733 0
      vertex -12.44 -1.64207 0
    endloop
  endfacet
  facet normal 0.352029 0.935989 -0
    outer loop
      vertex -12.5464 -1.60978 0
      vertex -12.6506 -1.57059 5
      vertex -12.5464 -1.60978 5
    endloop
  endfacet
  facet normal 0.352029 0.935989 0
    outer loop
      vertex -12.6506 -1.57059 5
      vertex -12.5464 -1.60978 0
      vertex -12.6506 -1.57059 0
    endloop
  endfacet
  facet normal 0.0327163 0.999465 -0
    outer loop
      vertex -12 -1.7 0
      vertex -12.1112 -1.69636 5
      vertex -12 -1.7 5
    endloop
  endfacet
  facet normal 0.0327163 0.999465 0
    outer loop
      vertex -12.1112 -1.69636 5
      vertex -12 -1.7 0
      vertex -12.1112 -1.69636 0
    endloop
  endfacet
  facet normal 0.162913 0.986641 -0
    outer loop
      vertex -12.2219 -1.68546 0
      vertex -12.3317 -1.66733 5
      vertex -12.2219 -1.68546 5
    endloop
  endfacet
  facet normal 0.162913 0.986641 0
    outer loop
      vertex -12.3317 -1.66733 5
      vertex -12.2219 -1.68546 0
      vertex -12.3317 -1.66733 0
    endloop
  endfacet
  facet normal 0.0979904 0.995187 -0
    outer loop
      vertex -12.1112 -1.69636 0
      vertex -12.2219 -1.68546 5
      vertex -12.1112 -1.69636 5
    endloop
  endfacet
  facet normal 0.0979904 0.995187 0
    outer loop
      vertex -12.2219 -1.68546 5
      vertex -12.1112 -1.69636 0
      vertex -12.2219 -1.68546 0
    endloop
  endfacet
  facet normal 0.290399 0.956906 -0
    outer loop
      vertex -12.44 -1.64207 0
      vertex -12.5464 -1.60978 5
      vertex -12.44 -1.64207 5
    endloop
  endfacet
  facet normal 0.290399 0.956906 0
    outer loop
      vertex -12.5464 -1.60978 5
      vertex -12.44 -1.64207 0
      vertex -12.5464 -1.60978 0
    endloop
  endfacet
  facet normal 0.412793 0.910825 -0
    outer loop
      vertex -12.6506 -1.57059 0
      vertex -12.7519 -1.52468 5
      vertex -12.6506 -1.57059 5
    endloop
  endfacet
  facet normal 0.412793 0.910825 0
    outer loop
      vertex -12.7519 -1.52468 5
      vertex -12.6506 -1.57059 0
      vertex -12.7519 -1.52468 0
    endloop
  endfacet
  facet normal 0.527913 0.849298 -0
    outer loop
      vertex -12.85 -1.47224 0
      vertex -12.9445 -1.4135 5
      vertex -12.85 -1.47224 5
    endloop
  endfacet
  facet normal 0.527913 0.849298 0
    outer loop
      vertex -12.9445 -1.4135 5
      vertex -12.85 -1.47224 0
      vertex -12.9445 -1.4135 0
    endloop
  endfacet
  facet normal 0.471428 0.881905 -0
    outer loop
      vertex -12.7519 -1.52468 0
      vertex -12.85 -1.47224 5
      vertex -12.7519 -1.52468 5
    endloop
  endfacet
  facet normal 0.471428 0.881905 0
    outer loop
      vertex -12.85 -1.47224 5
      vertex -12.7519 -1.52468 0
      vertex -12.85 -1.47224 0
    endloop
  endfacet
  facet normal 0.634348 0.773047 -0
    outer loop
      vertex -13.0349 -1.3487 0
      vertex -13.1209 -1.27813 5
      vertex -13.0349 -1.3487 5
    endloop
  endfacet
  facet normal 0.634348 0.773047 0
    outer loop
      vertex -13.1209 -1.27813 5
      vertex -13.0349 -1.3487 0
      vertex -13.1209 -1.27813 0
    endloop
  endfacet
  facet normal 0.956922 0.290344 0
    outer loop
      vertex -13.6098 -0.546447 5
      vertex -13.6421 -0.439992 0
      vertex -13.6421 -0.439992 5
    endloop
  endfacet
  facet normal 0.956922 0.290344 0
    outer loop
      vertex -13.6421 -0.439992 0
      vertex -13.6098 -0.546447 5
      vertex -13.6098 -0.546447 0
    endloop
  endfacet
  facet normal 0.995188 0.0979826 0
    outer loop
      vertex -13.6855 -0.221894 5
      vertex -13.6964 -0.111185 0
      vertex -13.6964 -0.111185 5
    endloop
  endfacet
  facet normal 0.995188 0.0979826 0
    outer loop
      vertex -13.6964 -0.111185 0
      vertex -13.6855 -0.221894 5
      vertex -13.6855 -0.221894 0
    endloop
  endfacet
  facet normal 0.881698 0.471814 0
    outer loop
      vertex -13.4722 -0.849999 5
      vertex -13.5247 -0.75189 0
      vertex -13.5247 -0.75189 5
    endloop
  endfacet
  facet normal 0.881698 0.471814 0
    outer loop
      vertex -13.5247 -0.75189 0
      vertex -13.4722 -0.849999 5
      vertex -13.4722 -0.849999 0
    endloop
  endfacet
  facet normal 0.730056 0.683388 0
    outer loop
      vertex -13.2021 -1.20208 5
      vertex -13.2781 -1.12089 0
      vertex -13.2781 -1.12089 5
    endloop
  endfacet
  facet normal 0.730056 0.683388 0
    outer loop
      vertex -13.2781 -1.12089 0
      vertex -13.2021 -1.20208 5
      vertex -13.2021 -1.20208 0
    endloop
  endfacet
  facet normal -0.881698 -0.471814 0
    outer loop
      vertex -10.4753 0.75189 0
      vertex -10.5278 0.849999 5
      vertex -10.5278 0.849999 0
    endloop
  endfacet
  facet normal -0.881698 -0.471814 0
    outer loop
      vertex -10.5278 0.849999 5
      vertex -10.4753 0.75189 0
      vertex -10.4753 0.75189 5
    endloop
  endfacet
  facet normal -0.162913 -0.986641 0
    outer loop
      vertex -11.7781 1.68546 0
      vertex -11.6683 1.66733 5
      vertex -11.7781 1.68546 5
    endloop
  endfacet
  facet normal -0.162913 -0.986641 -0
    outer loop
      vertex -11.6683 1.66733 5
      vertex -11.7781 1.68546 0
      vertex -11.6683 1.66733 0
    endloop
  endfacet
  facet normal -0.352029 -0.935989 0
    outer loop
      vertex -11.4536 1.60978 0
      vertex -11.3494 1.57059 5
      vertex -11.4536 1.60978 5
    endloop
  endfacet
  facet normal -0.352029 -0.935989 -0
    outer loop
      vertex -11.3494 1.57059 5
      vertex -11.4536 1.60978 0
      vertex -11.3494 1.57059 0
    endloop
  endfacet
  facet normal 0.986529 -0.163584 0
    outer loop
      vertex -13.6855 0.221894 5
      vertex -13.6673 0.331653 0
      vertex -13.6673 0.331653 5
    endloop
  endfacet
  facet normal 0.986529 -0.163584 0
    outer loop
      vertex -13.6673 0.331653 0
      vertex -13.6855 0.221894 5
      vertex -13.6855 0.221894 0
    endloop
  endfacet
  facet normal 0.849382 -0.527779 0
    outer loop
      vertex -13.4722 0.849999 5
      vertex -13.4135 0.944468 0
      vertex -13.4135 0.944468 5
    endloop
  endfacet
  facet normal 0.849382 -0.527779 0
    outer loop
      vertex -13.4135 0.944468 0
      vertex -13.4722 0.849999 5
      vertex -13.4722 0.849999 0
    endloop
  endfacet
  facet normal 0.0979904 -0.995187 0
    outer loop
      vertex -12.2219 1.68546 0
      vertex -12.1112 1.69636 5
      vertex -12.2219 1.68546 5
    endloop
  endfacet
  facet normal 0.0979904 -0.995187 0
    outer loop
      vertex -12.1112 1.69636 5
      vertex -12.2219 1.68546 0
      vertex -12.1112 1.69636 0
    endloop
  endfacet
  facet normal 0.471428 -0.881905 0
    outer loop
      vertex -12.85 1.47224 0
      vertex -12.7519 1.52468 5
      vertex -12.85 1.47224 5
    endloop
  endfacet
  facet normal 0.471428 -0.881905 0
    outer loop
      vertex -12.7519 1.52468 5
      vertex -12.85 1.47224 0
      vertex -12.7519 1.52468 0
    endloop
  endfacet
  facet normal -0.973998 0.226555 0
    outer loop
      vertex -10.3579 -0.439992 0
      vertex -10.3327 -0.331653 5
      vertex -10.3327 -0.331653 0
    endloop
  endfacet
  facet normal -0.973998 0.226555 0
    outer loop
      vertex -10.3327 -0.331653 5
      vertex -10.3579 -0.439992 0
      vertex -10.3579 -0.439992 5
    endloop
  endfacet
  facet normal -0.935864 0.352362 0
    outer loop
      vertex -10.4294 -0.650561 0
      vertex -10.3902 -0.546447 5
      vertex -10.3902 -0.546447 0
    endloop
  endfacet
  facet normal -0.935864 0.352362 0
    outer loop
      vertex -10.3902 -0.546447 5
      vertex -10.4294 -0.650561 0
      vertex -10.4294 -0.650561 5
    endloop
  endfacet
  facet normal -0.162913 0.986641 0
    outer loop
      vertex -11.6683 -1.66733 0
      vertex -11.7781 -1.68546 5
      vertex -11.6683 -1.66733 5
    endloop
  endfacet
  facet normal -0.162913 0.986641 0
    outer loop
      vertex -11.7781 -1.68546 5
      vertex -11.6683 -1.66733 0
      vertex -11.7781 -1.68546 0
    endloop
  endfacet
  facet normal 0.849382 0.527779 0
    outer loop
      vertex -13.4135 -0.944468 5
      vertex -13.4722 -0.849999 0
      vertex -13.4722 -0.849999 5
    endloop
  endfacet
  facet normal 0.849382 0.527779 0
    outer loop
      vertex -13.4722 -0.849999 0
      vertex -13.4135 -0.944468 5
      vertex -13.4135 -0.944468 0
    endloop
  endfacet
  facet normal 0.772915 0.634509 0
    outer loop
      vertex -13.2781 -1.12089 5
      vertex -13.3487 -1.03489 0
      vertex -13.3487 -1.03489 5
    endloop
  endfacet
  facet normal 0.772915 0.634509 0
    outer loop
      vertex -13.3487 -1.03489 0
      vertex -13.2781 -1.12089 5
      vertex -13.2781 -1.12089 0
    endloop
  endfacet
  facet normal -0.849382 0.527779 0
    outer loop
      vertex -10.5865 -0.944468 0
      vertex -10.5278 -0.849999 5
      vertex -10.5278 -0.849999 0
    endloop
  endfacet
  facet normal -0.849382 0.527779 0
    outer loop
      vertex -10.5278 -0.849999 5
      vertex -10.5865 -0.944468 0
      vertex -10.5865 -0.944468 5
    endloop
  endfacet
  facet normal -0.881698 0.471814 0
    outer loop
      vertex -10.5278 -0.849999 0
      vertex -10.4753 -0.75189 5
      vertex -10.4753 -0.75189 0
    endloop
  endfacet
  facet normal -0.881698 0.471814 0
    outer loop
      vertex -10.4753 -0.75189 5
      vertex -10.5278 -0.849999 0
      vertex -10.5278 -0.849999 5
    endloop
  endfacet
  facet normal -0.812827 0.582504 0
    outer loop
      vertex -10.6513 -1.03489 0
      vertex -10.5865 -0.944468 5
      vertex -10.5865 -0.944468 0
    endloop
  endfacet
  facet normal -0.812827 0.582504 0
    outer loop
      vertex -10.5865 -0.944468 5
      vertex -10.6513 -1.03489 0
      vertex -10.6513 -1.03489 5
    endloop
  endfacet
  facet normal -0.881941 -0.47136 0
    outer loop
      vertex 2.61437 0.796119 0
      vertex 2.55885 0.9 5
      vertex 2.55885 0.9 0
    endloop
  endfacet
  facet normal -0.881941 -0.47136 0
    outer loop
      vertex 2.55885 0.9 5
      vertex 2.61437 0.796119 0
      vertex 2.61437 0.796119 5
    endloop
  endfacet
  facet normal -0.35224 -0.93591 0
    outer loop
      vertex 1.57859 1.70447 0
      vertex 1.68883 1.66298 5
      vertex 1.57859 1.70447 5
    endloop
  endfacet
  facet normal -0.35224 -0.93591 -0
    outer loop
      vertex 1.68883 1.66298 5
      vertex 1.57859 1.70447 0
      vertex 1.68883 1.66298 0
    endloop
  endfacet
  facet normal 0.41269 -0.910872 0
    outer loop
      vertex 0.20388 1.61437 0
      vertex 0.31117 1.66298 5
      vertex 0.20388 1.61437 5
    endloop
  endfacet
  facet normal 0.41269 -0.910872 0
    outer loop
      vertex 0.31117 1.66298 5
      vertex 0.20388 1.61437 0
      vertex 0.31117 1.66298 0
    endloop
  endfacet
  facet normal 0.910862 -0.412711 0
    outer loop
      vertex -0.662983 0.688829 5
      vertex -0.61437 0.796119 0
      vertex -0.61437 0.796119 5
    endloop
  endfacet
  facet normal 0.910862 -0.412711 0
    outer loop
      vertex -0.61437 0.796119 0
      vertex -0.662983 0.688829 5
      vertex -0.662983 0.688829 0
    endloop
  endfacet
  facet normal -0.0980578 -0.995181 0
    outer loop
      vertex 1.11773 1.79615 0
      vertex 1.23495 1.7846 5
      vertex 1.11773 1.79615 5
    endloop
  endfacet
  facet normal -0.0980578 -0.995181 -0
    outer loop
      vertex 1.23495 1.7846 5
      vertex 1.11773 1.79615 0
      vertex 1.23495 1.7846 0
    endloop
  endfacet
  facet normal -0.528113 -0.849174 0
    outer loop
      vertex 1.9 1.55885 0
      vertex 2.00003 1.49664 5
      vertex 1.9 1.55885 5
    endloop
  endfacet
  facet normal -0.528113 -0.849174 -0
    outer loop
      vertex 2.00003 1.49664 5
      vertex 1.9 1.55885 0
      vertex 2.00003 1.49664 0
    endloop
  endfacet
  facet normal 0.773005 -0.634399 0
    outer loop
      vertex -0.428036 1.09577 5
      vertex -0.353312 1.18682 0
      vertex -0.353312 1.18682 5
    endloop
  endfacet
  facet normal 0.773005 -0.634399 0
    outer loop
      vertex -0.353312 1.18682 0
      vertex -0.428036 1.09577 5
      vertex -0.428036 1.09577 0
    endloop
  endfacet
  facet normal 0.227019 -0.97389 0
    outer loop
      vertex 0.534125 1.73867 0
      vertex 0.648837 1.76541 5
      vertex 0.534125 1.73867 5
    endloop
  endfacet
  facet normal 0.227019 -0.97389 0
    outer loop
      vertex 0.648837 1.76541 5
      vertex 0.534125 1.73867 0
      vertex 0.648837 1.76541 0
    endloop
  endfacet
  facet normal -0.935909 -0.352242 0
    outer loop
      vertex 2.70447 0.57859 0
      vertex 2.66298 0.688829 5
      vertex 2.66298 0.688829 0
    endloop
  endfacet
  facet normal -0.935909 -0.352242 0
    outer loop
      vertex 2.66298 0.688829 5
      vertex 2.70447 0.57859 0
      vertex 2.70447 0.57859 5
    endloop
  endfacet
  facet normal -0.812872 -0.582442 0
    outer loop
      vertex 2.49664 1.00003 0
      vertex 2.42804 1.09577 5
      vertex 2.42804 1.09577 0
    endloop
  endfacet
  facet normal -0.812872 -0.582442 0
    outer loop
      vertex 2.42804 1.09577 5
      vertex 2.49664 1.00003 0
      vertex 2.49664 1.00003 5
    endloop
  endfacet
  facet normal -0.729863 -0.683594 0
    outer loop
      vertex 2.35331 1.18682 0
      vertex 2.27279 1.27279 5
      vertex 2.27279 1.27279 0
    endloop
  endfacet
  facet normal -0.729863 -0.683594 0
    outer loop
      vertex 2.27279 1.27279 5
      vertex 2.35331 1.18682 0
      vertex 2.35331 1.18682 5
    endloop
  endfacet
  facet normal 0.0326856 -0.999466 0
    outer loop
      vertex 0.882274 1.79615 0
      vertex 1 1.8 5
      vertex 0.882274 1.79615 5
    endloop
  endfacet
  facet normal 0.0326856 -0.999466 0
    outer loop
      vertex 1 1.8 5
      vertex 0.882274 1.79615 0
      vertex 1 1.8 0
    endloop
  endfacet
  facet normal -0.162926 -0.986638 0
    outer loop
      vertex 1.23495 1.7846 0
      vertex 1.35116 1.76541 5
      vertex 1.23495 1.7846 5
    endloop
  endfacet
  facet normal -0.162926 -0.986638 -0
    outer loop
      vertex 1.35116 1.76541 5
      vertex 1.23495 1.7846 0
      vertex 1.35116 1.76541 0
    endloop
  endfacet
  facet normal -0.63443 -0.77298 0
    outer loop
      vertex 2.09577 1.42804 0
      vertex 2.18682 1.35331 5
      vertex 2.09577 1.42804 5
    endloop
  endfacet
  facet normal -0.63443 -0.77298 -0
    outer loop
      vertex 2.18682 1.35331 5
      vertex 2.09577 1.42804 0
      vertex 2.18682 1.35331 0
    endloop
  endfacet
  facet normal 0.999465 -0.0327198 0
    outer loop
      vertex -0.799999 0 5
      vertex -0.796145 0.117725 0
      vertex -0.796145 0.117725 5
    endloop
  endfacet
  facet normal 0.999465 -0.0327198 0
    outer loop
      vertex -0.796145 0.117725 0
      vertex -0.799999 0 5
      vertex -0.799999 0 0
    endloop
  endfacet
  facet normal 0.935909 -0.352242 0
    outer loop
      vertex -0.704473 0.57859 5
      vertex -0.662983 0.688829 0
      vertex -0.662983 0.688829 5
    endloop
  endfacet
  facet normal 0.935909 -0.352242 0
    outer loop
      vertex -0.662983 0.688829 0
      vertex -0.704473 0.57859 5
      vertex -0.704473 0.57859 0
    endloop
  endfacet
  facet normal 0.973877 -0.227076 0
    outer loop
      vertex -0.765413 0.351162 5
      vertex -0.738666 0.465874 0
      vertex -0.738666 0.465874 5
    endloop
  endfacet
  facet normal 0.973877 -0.227076 0
    outer loop
      vertex -0.738666 0.465874 0
      vertex -0.765413 0.351162 5
      vertex -0.765413 0.351162 0
    endloop
  endfacet
  facet normal 0.881927 -0.471386 0
    outer loop
      vertex -0.61437 0.796119 5
      vertex -0.558846 0.9 0
      vertex -0.558846 0.9 5
    endloop
  endfacet
  facet normal 0.881927 -0.471386 0
    outer loop
      vertex -0.558846 0.9 0
      vertex -0.61437 0.796119 5
      vertex -0.61437 0.796119 0
    endloop
  endfacet
  facet normal 0.849208 -0.528058 0
    outer loop
      vertex -0.558846 0.9 5
      vertex -0.496645 1.00003 0
      vertex -0.496645 1.00003 5
    endloop
  endfacet
  facet normal 0.849208 -0.528058 0
    outer loop
      vertex -0.496645 1.00003 0
      vertex -0.558846 0.9 5
      vertex -0.558846 0.9 0
    endloop
  endfacet
  facet normal 0.098057 -0.995181 0
    outer loop
      vertex 0.765053 1.7846 0
      vertex 0.882274 1.79615 5
      vertex 0.765053 1.7846 5
    endloop
  endfacet
  facet normal 0.098057 -0.995181 0
    outer loop
      vertex 0.882274 1.79615 5
      vertex 0.765053 1.7846 0
      vertex 0.882274 1.79615 0
    endloop
  endfacet
  facet normal 0.352242 -0.935909 0
    outer loop
      vertex 0.31117 1.66298 0
      vertex 0.421409 1.70447 5
      vertex 0.31117 1.66298 5
    endloop
  endfacet
  facet normal 0.352242 -0.935909 0
    outer loop
      vertex 0.421409 1.70447 5
      vertex 0.31117 1.66298 0
      vertex 0.421409 1.70447 0
    endloop
  endfacet
  facet normal 0.582426 -0.812884 0
    outer loop
      vertex -0.0957699 1.42804 0
      vertex -2.57492e-05 1.49664 5
      vertex -0.0957699 1.42804 5
    endloop
  endfacet
  facet normal 0.582426 -0.812884 0
    outer loop
      vertex -2.57492e-05 1.49664 5
      vertex -0.0957699 1.42804 0
      vertex -2.57492e-05 1.49664 0
    endloop
  endfacet
  facet normal 0.634421 -0.772988 0
    outer loop
      vertex -0.186822 1.35331 0
      vertex -0.0957699 1.42804 5
      vertex -0.186822 1.35331 5
    endloop
  endfacet
  facet normal 0.634421 -0.772988 0
    outer loop
      vertex -0.0957699 1.42804 5
      vertex -0.186822 1.35331 0
      vertex -0.0957699 1.42804 0
    endloop
  endfacet
  facet normal 0.471361 -0.88194 0
    outer loop
      vertex 0.0999994 1.55885 0
      vertex 0.20388 1.61437 5
      vertex 0.0999994 1.55885 5
    endloop
  endfacet
  facet normal 0.471361 -0.88194 0
    outer loop
      vertex 0.20388 1.61437 5
      vertex 0.0999994 1.55885 0
      vertex 0.20388 1.61437 0
    endloop
  endfacet
  facet normal 0.683594 -0.729863 0
    outer loop
      vertex -0.272792 1.27279 0
      vertex -0.186822 1.35331 5
      vertex -0.272792 1.27279 5
    endloop
  endfacet
  facet normal 0.683594 -0.729863 0
    outer loop
      vertex -0.186822 1.35331 5
      vertex -0.272792 1.27279 0
      vertex -0.186822 1.35331 0
    endloop
  endfacet
  facet normal -0.999466 -0.0326859 0
    outer loop
      vertex 2.8 0 0
      vertex 2.79615 0.117725 5
      vertex 2.79615 0.117725 0
    endloop
  endfacet
  facet normal -0.999466 -0.0326859 0
    outer loop
      vertex 2.79615 0.117725 5
      vertex 2.8 0 0
      vertex 2.8 0 5
    endloop
  endfacet
  facet normal -0.995181 0.098057 0
    outer loop
      vertex 2.7846 -0.234946 0
      vertex 2.79615 -0.117725 5
      vertex 2.79615 -0.117725 0
    endloop
  endfacet
  facet normal -0.995181 0.098057 0
    outer loop
      vertex 2.79615 -0.117725 5
      vertex 2.7846 -0.234946 0
      vertex 2.7846 -0.234946 5
    endloop
  endfacet
  facet normal -0.77298 0.63443 0
    outer loop
      vertex 2.35331 -1.18682 0
      vertex 2.42804 -1.09577 5
      vertex 2.42804 -1.09577 0
    endloop
  endfacet
  facet normal -0.77298 0.63443 0
    outer loop
      vertex 2.42804 -1.09577 5
      vertex 2.35331 -1.18682 0
      vertex 2.35331 -1.18682 5
    endloop
  endfacet
  facet normal 0.973877 0.227076 0
    outer loop
      vertex -0.738666 -0.465874 5
      vertex -0.765413 -0.351162 0
      vertex -0.765413 -0.351162 5
    endloop
  endfacet
  facet normal 0.973877 0.227076 0
    outer loop
      vertex -0.765413 -0.351162 0
      vertex -0.738666 -0.465874 5
      vertex -0.738666 -0.465874 0
    endloop
  endfacet
  facet normal -0.35224 0.93591 0
    outer loop
      vertex 1.68883 -1.66298 0
      vertex 1.57859 -1.70447 5
      vertex 1.68883 -1.66298 5
    endloop
  endfacet
  facet normal -0.35224 0.93591 0
    outer loop
      vertex 1.57859 -1.70447 5
      vertex 1.68883 -1.66298 0
      vertex 1.57859 -1.70447 0
    endloop
  endfacet
  facet normal -0.995181 -0.098057 0
    outer loop
      vertex 2.79615 0.117725 0
      vertex 2.7846 0.234946 5
      vertex 2.7846 0.234946 0
    endloop
  endfacet
  facet normal -0.995181 -0.098057 0
    outer loop
      vertex 2.7846 0.234946 5
      vertex 2.79615 0.117725 0
      vertex 2.79615 0.117725 5
    endloop
  endfacet
  facet normal -0.910872 -0.41269 0
    outer loop
      vertex 2.66298 0.688829 0
      vertex 2.61437 0.796119 5
      vertex 2.61437 0.796119 0
    endloop
  endfacet
  facet normal -0.910872 -0.41269 0
    outer loop
      vertex 2.61437 0.796119 5
      vertex 2.66298 0.688829 0
      vertex 2.66298 0.688829 5
    endloop
  endfacet
  facet normal -0.98664 -0.162917 0
    outer loop
      vertex 2.7846 0.234946 0
      vertex 2.76541 0.351162 5
      vertex 2.76541 0.351162 0
    endloop
  endfacet
  facet normal -0.98664 -0.162917 0
    outer loop
      vertex 2.76541 0.351162 5
      vertex 2.7846 0.234946 0
      vertex 2.7846 0.234946 5
    endloop
  endfacet
  facet normal -0.97389 -0.227019 0
    outer loop
      vertex 2.76541 0.351162 0
      vertex 2.73867 0.465874 5
      vertex 2.73867 0.465874 0
    endloop
  endfacet
  facet normal -0.97389 -0.227019 0
    outer loop
      vertex 2.73867 0.465874 5
      vertex 2.76541 0.351162 0
      vertex 2.76541 0.351162 5
    endloop
  endfacet
  facet normal -0.683594 -0.729863 0
    outer loop
      vertex 2.18682 1.35331 0
      vertex 2.27279 1.27279 5
      vertex 2.18682 1.35331 5
    endloop
  endfacet
  facet normal -0.683594 -0.729863 -0
    outer loop
      vertex 2.27279 1.27279 5
      vertex 2.18682 1.35331 0
      vertex 2.27279 1.27279 0
    endloop
  endfacet
  facet normal -0.849174 -0.528113 0
    outer loop
      vertex 2.55885 0.9 0
      vertex 2.49664 1.00003 5
      vertex 2.49664 1.00003 0
    endloop
  endfacet
  facet normal -0.849174 -0.528113 0
    outer loop
      vertex 2.49664 1.00003 5
      vertex 2.55885 0.9 0
      vertex 2.55885 0.9 5
    endloop
  endfacet
  facet normal -0.77298 -0.63443 0
    outer loop
      vertex 2.42804 1.09577 0
      vertex 2.35331 1.18682 5
      vertex 2.35331 1.18682 0
    endloop
  endfacet
  facet normal -0.77298 -0.63443 0
    outer loop
      vertex 2.35331 1.18682 5
      vertex 2.42804 1.09577 0
      vertex 2.42804 1.09577 5
    endloop
  endfacet
  facet normal -0.227023 -0.973889 0
    outer loop
      vertex 1.35116 1.76541 0
      vertex 1.46587 1.73867 5
      vertex 1.35116 1.76541 5
    endloop
  endfacet
  facet normal -0.227023 -0.973889 -0
    outer loop
      vertex 1.46587 1.73867 5
      vertex 1.35116 1.76541 0
      vertex 1.46587 1.73867 0
    endloop
  endfacet
  facet normal -0.290337 -0.956924 0
    outer loop
      vertex 1.46587 1.73867 0
      vertex 1.57859 1.70447 5
      vertex 1.46587 1.73867 5
    endloop
  endfacet
  facet normal -0.290337 -0.956924 -0
    outer loop
      vertex 1.57859 1.70447 5
      vertex 1.46587 1.73867 0
      vertex 1.57859 1.70447 0
    endloop
  endfacet
  facet normal -0.0326845 -0.999466 0
    outer loop
      vertex 1 1.8 0
      vertex 1.11773 1.79615 5
      vertex 1 1.8 5
    endloop
  endfacet
  facet normal -0.0326845 -0.999466 -0
    outer loop
      vertex 1.11773 1.79615 5
      vertex 1 1.8 0
      vertex 1.11773 1.79615 0
    endloop
  endfacet
  facet normal -0.471364 -0.881939 0
    outer loop
      vertex 1.79612 1.61437 0
      vertex 1.9 1.55885 5
      vertex 1.79612 1.61437 5
    endloop
  endfacet
  facet normal -0.471364 -0.881939 -0
    outer loop
      vertex 1.9 1.55885 5
      vertex 1.79612 1.61437 0
      vertex 1.9 1.55885 0
    endloop
  endfacet
  facet normal -0.41269 -0.910872 0
    outer loop
      vertex 1.68883 1.66298 0
      vertex 1.79612 1.61437 5
      vertex 1.68883 1.66298 5
    endloop
  endfacet
  facet normal -0.41269 -0.910872 -0
    outer loop
      vertex 1.79612 1.61437 5
      vertex 1.68883 1.66298 0
      vertex 1.79612 1.61437 0
    endloop
  endfacet
  facet normal -0.582442 -0.812872 0
    outer loop
      vertex 2.00003 1.49664 0
      vertex 2.09577 1.42804 5
      vertex 2.00003 1.49664 5
    endloop
  endfacet
  facet normal -0.582442 -0.812872 -0
    outer loop
      vertex 2.09577 1.42804 5
      vertex 2.00003 1.49664 0
      vertex 2.09577 1.42804 0
    endloop
  endfacet
  facet normal 0.986644 -0.162893 0
    outer loop
      vertex -0.7846 0.234946 5
      vertex -0.765413 0.351162 0
      vertex -0.765413 0.351162 5
    endloop
  endfacet
  facet normal 0.986644 -0.162893 0
    outer loop
      vertex -0.765413 0.351162 0
      vertex -0.7846 0.234946 5
      vertex -0.7846 0.234946 0
    endloop
  endfacet
  facet normal 0.995185 -0.0980149 0
    outer loop
      vertex -0.796145 0.117725 5
      vertex -0.7846 0.234946 0
      vertex -0.7846 0.234946 5
    endloop
  endfacet
  facet normal 0.995185 -0.0980149 0
    outer loop
      vertex -0.7846 0.234946 0
      vertex -0.796145 0.117725 5
      vertex -0.796145 0.117725 0
    endloop
  endfacet
  facet normal 0.956938 -0.290292 0
    outer loop
      vertex -0.738666 0.465874 5
      vertex -0.704473 0.57859 0
      vertex -0.704473 0.57859 5
    endloop
  endfacet
  facet normal 0.956938 -0.290292 0
    outer loop
      vertex -0.704473 0.57859 0
      vertex -0.738666 0.465874 5
      vertex -0.738666 0.465874 0
    endloop
  endfacet
  facet normal 0.812836 -0.582493 0
    outer loop
      vertex -0.496645 1.00003 5
      vertex -0.428036 1.09577 0
      vertex -0.428036 1.09577 5
    endloop
  endfacet
  facet normal 0.812836 -0.582493 0
    outer loop
      vertex -0.428036 1.09577 0
      vertex -0.496645 1.00003 5
      vertex -0.496645 1.00003 0
    endloop
  endfacet
  facet normal 0.290347 -0.956922 0
    outer loop
      vertex 0.421409 1.70447 0
      vertex 0.534125 1.73867 5
      vertex 0.421409 1.70447 5
    endloop
  endfacet
  facet normal 0.290347 -0.956922 0
    outer loop
      vertex 0.534125 1.73867 5
      vertex 0.421409 1.70447 0
      vertex 0.534125 1.73867 0
    endloop
  endfacet
  facet normal 0.162917 -0.98664 0
    outer loop
      vertex 0.648837 1.76541 0
      vertex 0.765053 1.7846 5
      vertex 0.648837 1.76541 5
    endloop
  endfacet
  facet normal 0.162917 -0.98664 0
    outer loop
      vertex 0.765053 1.7846 5
      vertex 0.648837 1.76541 0
      vertex 0.765053 1.7846 0
    endloop
  endfacet
  facet normal 0.528131 -0.849163 0
    outer loop
      vertex -2.57492e-05 1.49664 0
      vertex 0.0999994 1.55885 5
      vertex -2.57492e-05 1.49664 5
    endloop
  endfacet
  facet normal 0.528131 -0.849163 0
    outer loop
      vertex 0.0999994 1.55885 5
      vertex -2.57492e-05 1.49664 0
      vertex 0.0999994 1.55885 0
    endloop
  endfacet
  facet normal 0.729863 -0.683594 0
    outer loop
      vertex -0.353312 1.18682 5
      vertex -0.272792 1.27279 0
      vertex -0.272792 1.27279 5
    endloop
  endfacet
  facet normal 0.729863 -0.683594 0
    outer loop
      vertex -0.272792 1.27279 0
      vertex -0.353312 1.18682 5
      vertex -0.353312 1.18682 0
    endloop
  endfacet
  facet normal -0.98664 0.162917 0
    outer loop
      vertex 2.76541 -0.351162 0
      vertex 2.7846 -0.234946 5
      vertex 2.7846 -0.234946 0
    endloop
  endfacet
  facet normal -0.98664 0.162917 0
    outer loop
      vertex 2.7846 -0.234946 5
      vertex 2.76541 -0.351162 0
      vertex 2.76541 -0.351162 5
    endloop
  endfacet
  facet normal -0.582442 0.812872 0
    outer loop
      vertex 2.09577 -1.42804 0
      vertex 2.00003 -1.49664 5
      vertex 2.09577 -1.42804 5
    endloop
  endfacet
  facet normal -0.582442 0.812872 0
    outer loop
      vertex 2.00003 -1.49664 5
      vertex 2.09577 -1.42804 0
      vertex 2.00003 -1.49664 0
    endloop
  endfacet
  facet normal 0.0326856 0.999466 -0
    outer loop
      vertex 1 -1.8 0
      vertex 0.882274 -1.79615 5
      vertex 1 -1.8 5
    endloop
  endfacet
  facet normal 0.0326856 0.999466 0
    outer loop
      vertex 0.882274 -1.79615 5
      vertex 1 -1.8 0
      vertex 0.882274 -1.79615 0
    endloop
  endfacet
  facet normal 0.999465 0.0327198 0
    outer loop
      vertex -0.796145 -0.117725 5
      vertex -0.799999 0 0
      vertex -0.799999 0 5
    endloop
  endfacet
  facet normal 0.999465 0.0327198 0
    outer loop
      vertex -0.799999 0 0
      vertex -0.796145 -0.117725 5
      vertex -0.796145 -0.117725 0
    endloop
  endfacet
  facet normal 0.995185 0.0980149 0
    outer loop
      vertex -0.7846 -0.234946 5
      vertex -0.796145 -0.117725 0
      vertex -0.796145 -0.117725 5
    endloop
  endfacet
  facet normal 0.995185 0.0980149 0
    outer loop
      vertex -0.796145 -0.117725 0
      vertex -0.7846 -0.234946 5
      vertex -0.7846 -0.234946 0
    endloop
  endfacet
  facet normal -0.0980578 0.995181 0
    outer loop
      vertex 1.23495 -1.7846 0
      vertex 1.11773 -1.79615 5
      vertex 1.23495 -1.7846 5
    endloop
  endfacet
  facet normal -0.0980578 0.995181 0
    outer loop
      vertex 1.11773 -1.79615 5
      vertex 1.23495 -1.7846 0
      vertex 1.11773 -1.79615 0
    endloop
  endfacet
  facet normal -0.227023 0.973889 0
    outer loop
      vertex 1.46587 -1.73867 0
      vertex 1.35116 -1.76541 5
      vertex 1.46587 -1.73867 5
    endloop
  endfacet
  facet normal -0.227023 0.973889 0
    outer loop
      vertex 1.35116 -1.76541 5
      vertex 1.46587 -1.73867 0
      vertex 1.35116 -1.76541 0
    endloop
  endfacet
  facet normal -0.956922 0.290347 0
    outer loop
      vertex 2.70447 -0.57859 0
      vertex 2.73867 -0.465874 5
      vertex 2.73867 -0.465874 0
    endloop
  endfacet
  facet normal -0.956922 0.290347 0
    outer loop
      vertex 2.73867 -0.465874 5
      vertex 2.70447 -0.57859 0
      vertex 2.70447 -0.57859 5
    endloop
  endfacet
  facet normal -0.999466 0.0326859 0
    outer loop
      vertex 2.79615 -0.117725 0
      vertex 2.8 0 5
      vertex 2.8 0 0
    endloop
  endfacet
  facet normal -0.999466 0.0326859 0
    outer loop
      vertex 2.8 0 5
      vertex 2.79615 -0.117725 0
      vertex 2.79615 -0.117725 5
    endloop
  endfacet
  facet normal -0.97389 0.227019 0
    outer loop
      vertex 2.73867 -0.465874 0
      vertex 2.76541 -0.351162 5
      vertex 2.76541 -0.351162 0
    endloop
  endfacet
  facet normal -0.97389 0.227019 0
    outer loop
      vertex 2.76541 -0.351162 5
      vertex 2.73867 -0.465874 0
      vertex 2.73867 -0.465874 5
    endloop
  endfacet
  facet normal -0.881941 0.47136 0
    outer loop
      vertex 2.55885 -0.9 0
      vertex 2.61437 -0.796119 5
      vertex 2.61437 -0.796119 0
    endloop
  endfacet
  facet normal -0.881941 0.47136 0
    outer loop
      vertex 2.61437 -0.796119 5
      vertex 2.55885 -0.9 0
      vertex 2.55885 -0.9 5
    endloop
  endfacet
  facet normal -0.935909 0.352242 0
    outer loop
      vertex 2.66298 -0.688829 0
      vertex 2.70447 -0.57859 5
      vertex 2.70447 -0.57859 0
    endloop
  endfacet
  facet normal -0.935909 0.352242 0
    outer loop
      vertex 2.70447 -0.57859 5
      vertex 2.66298 -0.688829 0
      vertex 2.66298 -0.688829 5
    endloop
  endfacet
  facet normal -0.471364 0.881939 0
    outer loop
      vertex 1.9 -1.55885 0
      vertex 1.79612 -1.61437 5
      vertex 1.9 -1.55885 5
    endloop
  endfacet
  facet normal -0.471364 0.881939 0
    outer loop
      vertex 1.79612 -1.61437 5
      vertex 1.9 -1.55885 0
      vertex 1.79612 -1.61437 0
    endloop
  endfacet
  facet normal -0.63443 0.77298 0
    outer loop
      vertex 2.18682 -1.35331 0
      vertex 2.09577 -1.42804 5
      vertex 2.18682 -1.35331 5
    endloop
  endfacet
  facet normal -0.63443 0.77298 0
    outer loop
      vertex 2.09577 -1.42804 5
      vertex 2.18682 -1.35331 0
      vertex 2.09577 -1.42804 0
    endloop
  endfacet
  facet normal -0.683594 0.729863 0
    outer loop
      vertex 2.27279 -1.27279 0
      vertex 2.18682 -1.35331 5
      vertex 2.27279 -1.27279 5
    endloop
  endfacet
  facet normal -0.683594 0.729863 0
    outer loop
      vertex 2.18682 -1.35331 5
      vertex 2.27279 -1.27279 0
      vertex 2.18682 -1.35331 0
    endloop
  endfacet
  facet normal -0.812872 0.582442 0
    outer loop
      vertex 2.42804 -1.09577 0
      vertex 2.49664 -1.00003 5
      vertex 2.49664 -1.00003 0
    endloop
  endfacet
  facet normal -0.812872 0.582442 0
    outer loop
      vertex 2.49664 -1.00003 5
      vertex 2.42804 -1.09577 0
      vertex 2.42804 -1.09577 5
    endloop
  endfacet
  facet normal -0.849174 0.528113 0
    outer loop
      vertex 2.49664 -1.00003 0
      vertex 2.55885 -0.9 5
      vertex 2.55885 -0.9 0
    endloop
  endfacet
  facet normal -0.849174 0.528113 0
    outer loop
      vertex 2.55885 -0.9 5
      vertex 2.49664 -1.00003 0
      vertex 2.49664 -1.00003 5
    endloop
  endfacet
  facet normal 0.471361 0.88194 -0
    outer loop
      vertex 0.20388 -1.61437 0
      vertex 0.0999994 -1.55885 5
      vertex 0.20388 -1.61437 5
    endloop
  endfacet
  facet normal 0.471361 0.88194 0
    outer loop
      vertex 0.0999994 -1.55885 5
      vertex 0.20388 -1.61437 0
      vertex 0.0999994 -1.55885 0
    endloop
  endfacet
  facet normal 0.098057 0.995181 -0
    outer loop
      vertex 0.882274 -1.79615 0
      vertex 0.765053 -1.7846 5
      vertex 0.882274 -1.79615 5
    endloop
  endfacet
  facet normal 0.098057 0.995181 0
    outer loop
      vertex 0.765053 -1.7846 5
      vertex 0.882274 -1.79615 0
      vertex 0.765053 -1.7846 0
    endloop
  endfacet
  facet normal 0.986644 0.162893 0
    outer loop
      vertex -0.765413 -0.351162 5
      vertex -0.7846 -0.234946 0
      vertex -0.7846 -0.234946 5
    endloop
  endfacet
  facet normal 0.986644 0.162893 0
    outer loop
      vertex -0.7846 -0.234946 0
      vertex -0.765413 -0.351162 5
      vertex -0.765413 -0.351162 0
    endloop
  endfacet
  facet normal 0.935909 0.352242 0
    outer loop
      vertex -0.662983 -0.688829 5
      vertex -0.704473 -0.57859 0
      vertex -0.704473 -0.57859 5
    endloop
  endfacet
  facet normal 0.935909 0.352242 0
    outer loop
      vertex -0.704473 -0.57859 0
      vertex -0.662983 -0.688829 5
      vertex -0.662983 -0.688829 0
    endloop
  endfacet
  facet normal -0.162926 0.986638 0
    outer loop
      vertex 1.35116 -1.76541 0
      vertex 1.23495 -1.7846 5
      vertex 1.35116 -1.76541 5
    endloop
  endfacet
  facet normal -0.162926 0.986638 0
    outer loop
      vertex 1.23495 -1.7846 5
      vertex 1.35116 -1.76541 0
      vertex 1.23495 -1.7846 0
    endloop
  endfacet
  facet normal -0.41269 0.910872 0
    outer loop
      vertex 1.79612 -1.61437 0
      vertex 1.68883 -1.66298 5
      vertex 1.79612 -1.61437 5
    endloop
  endfacet
  facet normal -0.41269 0.910872 0
    outer loop
      vertex 1.68883 -1.66298 5
      vertex 1.79612 -1.61437 0
      vertex 1.68883 -1.66298 0
    endloop
  endfacet
  facet normal -0.956922 -0.290347 0
    outer loop
      vertex 2.73867 0.465874 0
      vertex 2.70447 0.57859 5
      vertex 2.70447 0.57859 0
    endloop
  endfacet
  facet normal -0.956922 -0.290347 0
    outer loop
      vertex 2.70447 0.57859 5
      vertex 2.73867 0.465874 0
      vertex 2.73867 0.465874 5
    endloop
  endfacet
  facet normal -0.910872 0.41269 0
    outer loop
      vertex 2.61437 -0.796119 0
      vertex 2.66298 -0.688829 5
      vertex 2.66298 -0.688829 0
    endloop
  endfacet
  facet normal -0.910872 0.41269 0
    outer loop
      vertex 2.66298 -0.688829 5
      vertex 2.61437 -0.796119 0
      vertex 2.61437 -0.796119 5
    endloop
  endfacet
  facet normal -0.528113 0.849174 0
    outer loop
      vertex 2.00003 -1.49664 0
      vertex 1.9 -1.55885 5
      vertex 2.00003 -1.49664 5
    endloop
  endfacet
  facet normal -0.528113 0.849174 0
    outer loop
      vertex 1.9 -1.55885 5
      vertex 2.00003 -1.49664 0
      vertex 1.9 -1.55885 0
    endloop
  endfacet
  facet normal -0.729863 0.683594 0
    outer loop
      vertex 2.27279 -1.27279 0
      vertex 2.35331 -1.18682 5
      vertex 2.35331 -1.18682 0
    endloop
  endfacet
  facet normal -0.729863 0.683594 0
    outer loop
      vertex 2.35331 -1.18682 5
      vertex 2.27279 -1.27279 0
      vertex 2.27279 -1.27279 5
    endloop
  endfacet
  facet normal 0.634421 0.772988 -0
    outer loop
      vertex -0.0957699 -1.42804 0
      vertex -0.186822 -1.35331 5
      vertex -0.0957699 -1.42804 5
    endloop
  endfacet
  facet normal 0.634421 0.772988 0
    outer loop
      vertex -0.186822 -1.35331 5
      vertex -0.0957699 -1.42804 0
      vertex -0.186822 -1.35331 0
    endloop
  endfacet
  facet normal -0.0326845 0.999466 0
    outer loop
      vertex 1.11773 -1.79615 0
      vertex 1 -1.8 5
      vertex 1.11773 -1.79615 5
    endloop
  endfacet
  facet normal -0.0326845 0.999466 0
    outer loop
      vertex 1 -1.8 5
      vertex 1.11773 -1.79615 0
      vertex 1 -1.8 0
    endloop
  endfacet
  facet normal 0.849208 0.528058 0
    outer loop
      vertex -0.496645 -1.00003 5
      vertex -0.558846 -0.9 0
      vertex -0.558846 -0.9 5
    endloop
  endfacet
  facet normal 0.849208 0.528058 0
    outer loop
      vertex -0.558846 -0.9 0
      vertex -0.496645 -1.00003 5
      vertex -0.496645 -1.00003 0
    endloop
  endfacet
  facet normal 0.910862 0.412711 0
    outer loop
      vertex -0.61437 -0.796119 5
      vertex -0.662983 -0.688829 0
      vertex -0.662983 -0.688829 5
    endloop
  endfacet
  facet normal 0.910862 0.412711 0
    outer loop
      vertex -0.662983 -0.688829 0
      vertex -0.61437 -0.796119 5
      vertex -0.61437 -0.796119 0
    endloop
  endfacet
  facet normal 0.683594 0.729863 -0
    outer loop
      vertex -0.186822 -1.35331 0
      vertex -0.272792 -1.27279 5
      vertex -0.186822 -1.35331 5
    endloop
  endfacet
  facet normal 0.683594 0.729863 0
    outer loop
      vertex -0.272792 -1.27279 5
      vertex -0.186822 -1.35331 0
      vertex -0.272792 -1.27279 0
    endloop
  endfacet
  facet normal 0.729863 0.683594 0
    outer loop
      vertex -0.272792 -1.27279 5
      vertex -0.353312 -1.18682 0
      vertex -0.353312 -1.18682 5
    endloop
  endfacet
  facet normal 0.729863 0.683594 0
    outer loop
      vertex -0.353312 -1.18682 0
      vertex -0.272792 -1.27279 5
      vertex -0.272792 -1.27279 0
    endloop
  endfacet
  facet normal 0.812836 0.582493 0
    outer loop
      vertex -0.428036 -1.09577 5
      vertex -0.496645 -1.00003 0
      vertex -0.496645 -1.00003 5
    endloop
  endfacet
  facet normal 0.812836 0.582493 0
    outer loop
      vertex -0.496645 -1.00003 0
      vertex -0.428036 -1.09577 5
      vertex -0.428036 -1.09577 0
    endloop
  endfacet
  facet normal 0.956938 0.290292 0
    outer loop
      vertex -0.704473 -0.57859 5
      vertex -0.738666 -0.465874 0
      vertex -0.738666 -0.465874 5
    endloop
  endfacet
  facet normal 0.956938 0.290292 0
    outer loop
      vertex -0.738666 -0.465874 0
      vertex -0.704473 -0.57859 5
      vertex -0.704473 -0.57859 0
    endloop
  endfacet
  facet normal -0.290337 0.956924 0
    outer loop
      vertex 1.57859 -1.70447 0
      vertex 1.46587 -1.73867 5
      vertex 1.57859 -1.70447 5
    endloop
  endfacet
  facet normal -0.290337 0.956924 0
    outer loop
      vertex 1.46587 -1.73867 5
      vertex 1.57859 -1.70447 0
      vertex 1.46587 -1.73867 0
    endloop
  endfacet
  facet normal 0.528131 0.849163 -0
    outer loop
      vertex 0.0999994 -1.55885 0
      vertex -2.57492e-05 -1.49664 5
      vertex 0.0999994 -1.55885 5
    endloop
  endfacet
  facet normal 0.528131 0.849163 0
    outer loop
      vertex -2.57492e-05 -1.49664 5
      vertex 0.0999994 -1.55885 0
      vertex -2.57492e-05 -1.49664 0
    endloop
  endfacet
  facet normal 0.582426 0.812884 -0
    outer loop
      vertex -2.57492e-05 -1.49664 0
      vertex -0.0957699 -1.42804 5
      vertex -2.57492e-05 -1.49664 5
    endloop
  endfacet
  facet normal 0.582426 0.812884 0
    outer loop
      vertex -0.0957699 -1.42804 5
      vertex -2.57492e-05 -1.49664 0
      vertex -0.0957699 -1.42804 0
    endloop
  endfacet
  facet normal 0.352242 0.935909 -0
    outer loop
      vertex 0.421409 -1.70447 0
      vertex 0.31117 -1.66298 5
      vertex 0.421409 -1.70447 5
    endloop
  endfacet
  facet normal 0.352242 0.935909 0
    outer loop
      vertex 0.31117 -1.66298 5
      vertex 0.421409 -1.70447 0
      vertex 0.31117 -1.66298 0
    endloop
  endfacet
  facet normal 0.227019 0.97389 -0
    outer loop
      vertex 0.648837 -1.76541 0
      vertex 0.534125 -1.73867 5
      vertex 0.648837 -1.76541 5
    endloop
  endfacet
  facet normal 0.227019 0.97389 0
    outer loop
      vertex 0.534125 -1.73867 5
      vertex 0.648837 -1.76541 0
      vertex 0.534125 -1.73867 0
    endloop
  endfacet
  facet normal 0.162917 0.98664 -0
    outer loop
      vertex 0.765053 -1.7846 0
      vertex 0.648837 -1.76541 5
      vertex 0.765053 -1.7846 5
    endloop
  endfacet
  facet normal 0.162917 0.98664 0
    outer loop
      vertex 0.648837 -1.76541 5
      vertex 0.765053 -1.7846 0
      vertex 0.648837 -1.76541 0
    endloop
  endfacet
  facet normal 0.881927 0.471386 0
    outer loop
      vertex -0.558846 -0.9 5
      vertex -0.61437 -0.796119 0
      vertex -0.61437 -0.796119 5
    endloop
  endfacet
  facet normal 0.881927 0.471386 0
    outer loop
      vertex -0.61437 -0.796119 0
      vertex -0.558846 -0.9 5
      vertex -0.558846 -0.9 0
    endloop
  endfacet
  facet normal 0.773005 0.634399 0
    outer loop
      vertex -0.353312 -1.18682 5
      vertex -0.428036 -1.09577 0
      vertex -0.428036 -1.09577 5
    endloop
  endfacet
  facet normal 0.773005 0.634399 0
    outer loop
      vertex -0.428036 -1.09577 0
      vertex -0.353312 -1.18682 5
      vertex -0.353312 -1.18682 0
    endloop
  endfacet
  facet normal 0.41269 0.910872 -0
    outer loop
      vertex 0.31117 -1.66298 0
      vertex 0.20388 -1.61437 5
      vertex 0.31117 -1.66298 5
    endloop
  endfacet
  facet normal 0.41269 0.910872 0
    outer loop
      vertex 0.20388 -1.61437 5
      vertex 0.31117 -1.66298 0
      vertex 0.20388 -1.61437 0
    endloop
  endfacet
  facet normal 0.290347 0.956922 -0
    outer loop
      vertex 0.534125 -1.73867 0
      vertex 0.421409 -1.70447 5
      vertex 0.534125 -1.73867 5
    endloop
  endfacet
  facet normal 0.290347 0.956922 0
    outer loop
      vertex 0.421409 -1.70447 5
      vertex 0.534125 -1.73867 0
      vertex 0.421409 -1.70447 0
    endloop
  endfacet
  facet normal -0.999464 -0.0327464 0
    outer loop
      vertex 37.5 0 0
      vertex 37.4925 0.22891 5
      vertex 37.4925 0.22891 0
    endloop
  endfacet
  facet normal -0.999464 -0.0327464 0
    outer loop
      vertex 37.4925 0.22891 5
      vertex 37.5 0 0
      vertex 37.5 0 5
    endloop
  endfacet
  facet normal 0.999464 -0.0327464 0
    outer loop
      vertex 30.5 0 5
      vertex 30.5075 0.22891 0
      vertex 30.5075 0.22891 5
    endloop
  endfacet
  facet normal 0.999464 -0.0327464 0
    outer loop
      vertex 30.5075 0.22891 0
      vertex 30.5 0 5
      vertex 30.5 0 0
    endloop
  endfacet
  facet normal -0.0327042 -0.999465 0
    outer loop
      vertex 34 3.5 0
      vertex 34.2289 3.49251 5
      vertex 34 3.5 5
    endloop
  endfacet
  facet normal -0.0327042 -0.999465 -0
    outer loop
      vertex 34.2289 3.49251 5
      vertex 34 3.5 0
      vertex 34.2289 3.49251 0
    endloop
  endfacet
  facet normal 0.0327042 0.999465 -0
    outer loop
      vertex 34 -3.5 0
      vertex 33.7711 -3.49251 5
      vertex 34 -3.5 5
    endloop
  endfacet
  facet normal 0.0327042 0.999465 0
    outer loop
      vertex 33.7711 -3.49251 5
      vertex 34 -3.5 0
      vertex 33.7711 -3.49251 0
    endloop
  endfacet
  facet normal -0.73 -0.683447 0
    outer loop
      vertex 36.6314 2.30771 0
      vertex 36.4749 2.47487 5
      vertex 36.4749 2.47487 0
    endloop
  endfacet
  facet normal -0.73 -0.683447 0
    outer loop
      vertex 36.4749 2.47487 5
      vertex 36.6314 2.30771 0
      vertex 36.6314 2.30771 5
    endloop
  endfacet
  facet normal 0.683523 -0.729929 0
    outer loop
      vertex 31.5251 2.47487 0
      vertex 31.6923 2.63144 5
      vertex 31.5251 2.47487 5
    endloop
  endfacet
  facet normal 0.683523 -0.729929 0
    outer loop
      vertex 31.6923 2.63144 5
      vertex 31.5251 2.47487 0
      vertex 31.6923 2.63144 0
    endloop
  endfacet
  facet normal 0.973885 0.227042 0
    outer loop
      vertex 30.6193 -0.905867 5
      vertex 30.5673 -0.682816 0
      vertex 30.5673 -0.682816 5
    endloop
  endfacet
  facet normal 0.973885 0.227042 0
    outer loop
      vertex 30.5673 -0.682816 0
      vertex 30.6193 -0.905867 5
      vertex 30.6193 -0.905867 0
    endloop
  endfacet
  facet normal -0.910904 -0.412618 0
    outer loop
      vertex 37.2336 1.33939 0
      vertex 37.1391 1.54801 5
      vertex 37.1391 1.54801 0
    endloop
  endfacet
  facet normal -0.910904 -0.412618 0
    outer loop
      vertex 37.1391 1.54801 5
      vertex 37.2336 1.33939 0
      vertex 37.2336 1.33939 5
    endloop
  endfacet
  facet normal -0.471359 -0.881942 0
    outer loop
      vertex 35.548 3.13905 0
      vertex 35.75 3.03109 5
      vertex 35.548 3.13905 5
    endloop
  endfacet
  facet normal -0.471359 -0.881942 -0
    outer loop
      vertex 35.75 3.03109 5
      vertex 35.548 3.13905 0
      vertex 35.75 3.03109 0
    endloop
  endfacet
  facet normal 0.8491 -0.528232 0
    outer loop
      vertex 30.9689 1.75 5
      vertex 31.0899 1.9445 0
      vertex 31.0899 1.9445 5
    endloop
  endfacet
  facet normal 0.8491 -0.528232 0
    outer loop
      vertex 31.0899 1.9445 0
      vertex 30.9689 1.75 5
      vertex 30.9689 1.75 0
    endloop
  endfacet
  facet normal 0.812847 -0.582477 0
    outer loop
      vertex 31.0899 1.9445 5
      vertex 31.2233 2.13066 0
      vertex 31.2233 2.13066 5
    endloop
  endfacet
  facet normal 0.812847 -0.582477 0
    outer loop
      vertex 31.2233 2.13066 0
      vertex 31.0899 1.9445 5
      vertex 31.0899 1.9445 0
    endloop
  endfacet
  facet normal 0.634497 -0.772925 0
    outer loop
      vertex 31.6923 2.63144 0
      vertex 31.8693 2.77674 5
      vertex 31.6923 2.63144 5
    endloop
  endfacet
  facet normal 0.634497 -0.772925 0
    outer loop
      vertex 31.8693 2.77674 5
      vertex 31.6923 2.63144 0
      vertex 31.8693 2.77674 0
    endloop
  endfacet
  facet normal 0.0980336 -0.995183 0
    outer loop
      vertex 33.5432 3.47006 0
      vertex 33.7711 3.49251 5
      vertex 33.5432 3.47006 5
    endloop
  endfacet
  facet normal 0.0980336 -0.995183 0
    outer loop
      vertex 33.7711 3.49251 5
      vertex 33.5432 3.47006 0
      vertex 33.7711 3.49251 0
    endloop
  endfacet
  facet normal -0.8491 0.528232 0
    outer loop
      vertex 36.9101 -1.9445 0
      vertex 37.0311 -1.75 5
      vertex 37.0311 -1.75 0
    endloop
  endfacet
  facet normal -0.8491 0.528232 0
    outer loop
      vertex 37.0311 -1.75 5
      vertex 36.9101 -1.9445 0
      vertex 36.9101 -1.9445 5
    endloop
  endfacet
  facet normal -0.227036 0.973886 0
    outer loop
      vertex 34.9059 -3.38074 0
      vertex 34.6828 -3.43275 5
      vertex 34.9059 -3.38074 5
    endloop
  endfacet
  facet normal -0.227036 0.973886 0
    outer loop
      vertex 34.6828 -3.43275 5
      vertex 34.9059 -3.38074 0
      vertex 34.6828 -3.43275 0
    endloop
  endfacet
  facet normal -0.634497 0.772925 0
    outer loop
      vertex 36.3077 -2.63144 0
      vertex 36.1307 -2.77674 5
      vertex 36.3077 -2.63144 5
    endloop
  endfacet
  facet normal -0.634497 0.772925 0
    outer loop
      vertex 36.1307 -2.77674 5
      vertex 36.3077 -2.63144 0
      vertex 36.1307 -2.77674 0
    endloop
  endfacet
  facet normal 0.352157 0.935941 -0
    outer loop
      vertex 32.875 -3.31425 0
      vertex 32.6606 -3.23358 5
      vertex 32.875 -3.31425 5
    endloop
  endfacet
  facet normal 0.352157 0.935941 0
    outer loop
      vertex 32.6606 -3.23358 5
      vertex 32.875 -3.31425 0
      vertex 32.6606 -3.23358 0
    endloop
  endfacet
  facet normal 0.812847 0.582477 0
    outer loop
      vertex 31.2233 -2.13066 5
      vertex 31.0899 -1.9445 0
      vertex 31.0899 -1.9445 5
    endloop
  endfacet
  facet normal 0.812847 0.582477 0
    outer loop
      vertex 31.0899 -1.9445 0
      vertex 31.2233 -2.13066 5
      vertex 31.2233 -2.13066 0
    endloop
  endfacet
  facet normal -0.995206 -0.0978042 0
    outer loop
      vertex 37.4925 0.22891 0
      vertex 37.4701 0.456841 5
      vertex 37.4701 0.456841 0
    endloop
  endfacet
  facet normal -0.995206 -0.0978042 0
    outer loop
      vertex 37.4701 0.456841 5
      vertex 37.4925 0.22891 0
      vertex 37.4925 0.22891 5
    endloop
  endfacet
  facet normal -0.957044 -0.289943 0
    outer loop
      vertex 37.3807 0.905867 0
      vertex 37.3143 1.12504 5
      vertex 37.3143 1.12504 0
    endloop
  endfacet
  facet normal -0.957044 -0.289943 0
    outer loop
      vertex 37.3143 1.12504 5
      vertex 37.3807 0.905867 0
      vertex 37.3807 0.905867 5
    endloop
  endfacet
  facet normal -0.881859 -0.471513 0
    outer loop
      vertex 37.1391 1.54801 0
      vertex 37.0311 1.75 5
      vertex 37.0311 1.75 0
    endloop
  endfacet
  facet normal -0.881859 -0.471513 0
    outer loop
      vertex 37.0311 1.75 5
      vertex 37.1391 1.54801 0
      vertex 37.1391 1.54801 5
    endloop
  endfacet
  facet normal -0.227036 -0.973886 0
    outer loop
      vertex 34.6828 3.43275 0
      vertex 34.9059 3.38074 5
      vertex 34.6828 3.43275 5
    endloop
  endfacet
  facet normal -0.227036 -0.973886 -0
    outer loop
      vertex 34.9059 3.38074 5
      vertex 34.6828 3.43275 0
      vertex 34.9059 3.38074 0
    endloop
  endfacet
  facet normal -0.582394 -0.812907 0
    outer loop
      vertex 35.9445 2.91014 0
      vertex 36.1307 2.77674 5
      vertex 35.9445 2.91014 5
    endloop
  endfacet
  facet normal -0.582394 -0.812907 -0
    outer loop
      vertex 36.1307 2.77674 5
      vertex 35.9445 2.91014 0
      vertex 36.1307 2.77674 0
    endloop
  endfacet
  facet normal 0.973885 -0.227042 0
    outer loop
      vertex 30.5673 0.682816 5
      vertex 30.6193 0.905867 0
      vertex 30.6193 0.905867 5
    endloop
  endfacet
  facet normal 0.973885 -0.227042 0
    outer loop
      vertex 30.6193 0.905867 0
      vertex 30.5673 0.682816 5
      vertex 30.5673 0.682816 0
    endloop
  endfacet
  facet normal 0.528075 -0.849198 0
    outer loop
      vertex 32.0555 2.91014 0
      vertex 32.25 3.03109 5
      vertex 32.0555 2.91014 5
    endloop
  endfacet
  facet normal 0.528075 -0.849198 0
    outer loop
      vertex 32.25 3.03109 5
      vertex 32.0555 2.91014 0
      vertex 32.25 3.03109 0
    endloop
  endfacet
  facet normal 0.582394 -0.812907 0
    outer loop
      vertex 31.8693 2.77674 0
      vertex 32.0555 2.91014 5
      vertex 31.8693 2.77674 5
    endloop
  endfacet
  facet normal 0.582394 -0.812907 0
    outer loop
      vertex 32.0555 2.91014 5
      vertex 31.8693 2.77674 0
      vertex 32.0555 2.91014 0
    endloop
  endfacet
  facet normal 0.290392 -0.956908 0
    outer loop
      vertex 32.875 3.31425 0
      vertex 33.0941 3.38074 5
      vertex 32.875 3.31425 5
    endloop
  endfacet
  facet normal 0.290392 -0.956908 0
    outer loop
      vertex 33.0941 3.38074 5
      vertex 32.875 3.31425 0
      vertex 33.0941 3.38074 0
    endloop
  endfacet
  facet normal 0.0327042 -0.999465 0
    outer loop
      vertex 33.7711 3.49251 0
      vertex 34 3.5 5
      vertex 33.7711 3.49251 5
    endloop
  endfacet
  facet normal 0.0327042 -0.999465 0
    outer loop
      vertex 34 3.5 5
      vertex 33.7711 3.49251 0
      vertex 34 3.5 0
    endloop
  endfacet
  facet normal -0.0327042 0.999465 0
    outer loop
      vertex 34.2289 -3.49251 0
      vertex 34 -3.5 5
      vertex 34.2289 -3.49251 5
    endloop
  endfacet
  facet normal -0.0327042 0.999465 0
    outer loop
      vertex 34 -3.5 5
      vertex 34.2289 -3.49251 0
      vertex 34 -3.5 0
    endloop
  endfacet
  facet normal -0.582394 0.812907 0
    outer loop
      vertex 36.1307 -2.77674 0
      vertex 35.9445 -2.91014 5
      vertex 36.1307 -2.77674 5
    endloop
  endfacet
  facet normal -0.582394 0.812907 0
    outer loop
      vertex 35.9445 -2.91014 5
      vertex 36.1307 -2.77674 0
      vertex 35.9445 -2.91014 0
    endloop
  endfacet
  facet normal -0.528075 0.849198 0
    outer loop
      vertex 35.9445 -2.91014 0
      vertex 35.75 -3.03109 5
      vertex 35.9445 -2.91014 5
    endloop
  endfacet
  facet normal -0.528075 0.849198 0
    outer loop
      vertex 35.75 -3.03109 5
      vertex 35.9445 -2.91014 0
      vertex 35.75 -3.03109 0
    endloop
  endfacet
  facet normal -0.812847 0.582477 0
    outer loop
      vertex 36.7767 -2.13066 0
      vertex 36.9101 -1.9445 5
      vertex 36.9101 -1.9445 0
    endloop
  endfacet
  facet normal -0.812847 0.582477 0
    outer loop
      vertex 36.9101 -1.9445 5
      vertex 36.7767 -2.13066 0
      vertex 36.7767 -2.13066 5
    endloop
  endfacet
  facet normal -0.973885 0.227042 0
    outer loop
      vertex 37.3807 -0.905867 0
      vertex 37.4327 -0.682816 5
      vertex 37.4327 -0.682816 0
    endloop
  endfacet
  facet normal -0.973885 0.227042 0
    outer loop
      vertex 37.4327 -0.682816 5
      vertex 37.3807 -0.905867 0
      vertex 37.3807 -0.905867 5
    endloop
  endfacet
  facet normal 0.582394 0.812907 -0
    outer loop
      vertex 32.0555 -2.91014 0
      vertex 31.8693 -2.77674 5
      vertex 32.0555 -2.91014 5
    endloop
  endfacet
  facet normal 0.582394 0.812907 0
    outer loop
      vertex 31.8693 -2.77674 5
      vertex 32.0555 -2.91014 0
      vertex 31.8693 -2.77674 0
    endloop
  endfacet
  facet normal 0.528075 0.849198 -0
    outer loop
      vertex 32.25 -3.03109 0
      vertex 32.0555 -2.91014 5
      vertex 32.25 -3.03109 5
    endloop
  endfacet
  facet normal 0.528075 0.849198 0
    outer loop
      vertex 32.0555 -2.91014 5
      vertex 32.25 -3.03109 0
      vertex 32.0555 -2.91014 0
    endloop
  endfacet
  facet normal 0.910904 0.412618 0
    outer loop
      vertex 30.8609 -1.54801 5
      vertex 30.7664 -1.33939 0
      vertex 30.7664 -1.33939 5
    endloop
  endfacet
  facet normal 0.910904 0.412618 0
    outer loop
      vertex 30.7664 -1.33939 0
      vertex 30.8609 -1.54801 5
      vertex 30.8609 -1.54801 0
    endloop
  endfacet
  facet normal 0.999464 0.0327464 0
    outer loop
      vertex 30.5075 -0.22891 5
      vertex 30.5 0 0
      vertex 30.5 0 5
    endloop
  endfacet
  facet normal 0.999464 0.0327464 0
    outer loop
      vertex 30.5 0 0
      vertex 30.5075 -0.22891 5
      vertex 30.5075 -0.22891 0
    endloop
  endfacet
  facet normal -0.973885 -0.227042 0
    outer loop
      vertex 37.4327 0.682816 0
      vertex 37.3807 0.905867 5
      vertex 37.3807 0.905867 0
    endloop
  endfacet
  facet normal -0.973885 -0.227042 0
    outer loop
      vertex 37.3807 0.905867 5
      vertex 37.4327 0.682816 0
      vertex 37.4327 0.682816 5
    endloop
  endfacet
  facet normal -0.986579 -0.163284 0
    outer loop
      vertex 37.4701 0.456841 0
      vertex 37.4327 0.682816 5
      vertex 37.4327 0.682816 0
    endloop
  endfacet
  facet normal -0.986579 -0.163284 0
    outer loop
      vertex 37.4327 0.682816 5
      vertex 37.4701 0.456841 0
      vertex 37.4701 0.456841 5
    endloop
  endfacet
  facet normal -0.935871 -0.352343 0
    outer loop
      vertex 37.3143 1.12504 0
      vertex 37.2336 1.33939 5
      vertex 37.2336 1.33939 0
    endloop
  endfacet
  facet normal -0.935871 -0.352343 0
    outer loop
      vertex 37.2336 1.33939 5
      vertex 37.3143 1.12504 0
      vertex 37.3143 1.12504 5
    endloop
  endfacet
  facet normal -0.773013 -0.63439 0
    outer loop
      vertex 36.7767 2.13066 0
      vertex 36.6314 2.30771 5
      vertex 36.6314 2.30771 0
    endloop
  endfacet
  facet normal -0.773013 -0.63439 0
    outer loop
      vertex 36.6314 2.30771 5
      vertex 36.7767 2.13066 0
      vertex 36.7767 2.13066 5
    endloop
  endfacet
  facet normal -0.812847 -0.582477 0
    outer loop
      vertex 36.9101 1.9445 0
      vertex 36.7767 2.13066 5
      vertex 36.7767 2.13066 0
    endloop
  endfacet
  facet normal -0.812847 -0.582477 0
    outer loop
      vertex 36.7767 2.13066 5
      vertex 36.9101 1.9445 0
      vertex 36.9101 1.9445 5
    endloop
  endfacet
  facet normal -0.8491 -0.528232 0
    outer loop
      vertex 37.0311 1.75 0
      vertex 36.9101 1.9445 5
      vertex 36.9101 1.9445 0
    endloop
  endfacet
  facet normal -0.8491 -0.528232 0
    outer loop
      vertex 36.9101 1.9445 5
      vertex 37.0311 1.75 0
      vertex 37.0311 1.75 5
    endloop
  endfacet
  facet normal -0.352157 -0.935941 0
    outer loop
      vertex 35.125 3.31425 0
      vertex 35.3394 3.23358 5
      vertex 35.125 3.31425 5
    endloop
  endfacet
  facet normal -0.352157 -0.935941 -0
    outer loop
      vertex 35.3394 3.23358 5
      vertex 35.125 3.31425 0
      vertex 35.3394 3.23358 0
    endloop
  endfacet
  facet normal -0.290392 -0.956908 0
    outer loop
      vertex 34.9059 3.38074 0
      vertex 35.125 3.31425 5
      vertex 34.9059 3.38074 5
    endloop
  endfacet
  facet normal -0.290392 -0.956908 -0
    outer loop
      vertex 35.125 3.31425 5
      vertex 34.9059 3.38074 0
      vertex 35.125 3.31425 0
    endloop
  endfacet
  facet normal -0.162884 -0.986645 0
    outer loop
      vertex 34.4568 3.47006 0
      vertex 34.6828 3.43275 5
      vertex 34.4568 3.47006 5
    endloop
  endfacet
  facet normal -0.162884 -0.986645 -0
    outer loop
      vertex 34.6828 3.43275 5
      vertex 34.4568 3.47006 0
      vertex 34.6828 3.43275 0
    endloop
  endfacet
  facet normal -0.0980336 -0.995183 0
    outer loop
      vertex 34.2289 3.49251 0
      vertex 34.4568 3.47006 5
      vertex 34.2289 3.49251 5
    endloop
  endfacet
  facet normal -0.0980336 -0.995183 -0
    outer loop
      vertex 34.4568 3.47006 5
      vertex 34.2289 3.49251 0
      vertex 34.4568 3.47006 0
    endloop
  endfacet
  facet normal -0.41276 -0.91084 0
    outer loop
      vertex 35.3394 3.23358 0
      vertex 35.548 3.13905 5
      vertex 35.3394 3.23358 5
    endloop
  endfacet
  facet normal -0.41276 -0.91084 -0
    outer loop
      vertex 35.548 3.13905 5
      vertex 35.3394 3.23358 0
      vertex 35.548 3.13905 0
    endloop
  endfacet
  facet normal -0.528075 -0.849198 0
    outer loop
      vertex 35.75 3.03109 0
      vertex 35.9445 2.91014 5
      vertex 35.75 3.03109 5
    endloop
  endfacet
  facet normal -0.528075 -0.849198 -0
    outer loop
      vertex 35.9445 2.91014 5
      vertex 35.75 3.03109 0
      vertex 35.9445 2.91014 0
    endloop
  endfacet
  facet normal -0.634497 -0.772925 0
    outer loop
      vertex 36.1307 2.77674 0
      vertex 36.3077 2.63144 5
      vertex 36.1307 2.77674 5
    endloop
  endfacet
  facet normal -0.634497 -0.772925 -0
    outer loop
      vertex 36.3077 2.63144 5
      vertex 36.1307 2.77674 0
      vertex 36.3077 2.63144 0
    endloop
  endfacet
  facet normal -0.683523 -0.729929 0
    outer loop
      vertex 36.3077 2.63144 0
      vertex 36.4749 2.47487 5
      vertex 36.3077 2.63144 5
    endloop
  endfacet
  facet normal -0.683523 -0.729929 -0
    outer loop
      vertex 36.4749 2.47487 5
      vertex 36.3077 2.63144 0
      vertex 36.4749 2.47487 0
    endloop
  endfacet
  facet normal 0.73 -0.683447 0
    outer loop
      vertex 31.3686 2.30771 5
      vertex 31.5251 2.47487 0
      vertex 31.5251 2.47487 5
    endloop
  endfacet
  facet normal 0.73 -0.683447 0
    outer loop
      vertex 31.5251 2.47487 0
      vertex 31.3686 2.30771 5
      vertex 31.3686 2.30771 0
    endloop
  endfacet
  facet normal 0.773013 -0.63439 0
    outer loop
      vertex 31.2233 2.13066 5
      vertex 31.3686 2.30771 0
      vertex 31.3686 2.30771 5
    endloop
  endfacet
  facet normal 0.773013 -0.63439 0
    outer loop
      vertex 31.3686 2.30771 0
      vertex 31.2233 2.13066 5
      vertex 31.2233 2.13066 0
    endloop
  endfacet
  facet normal 0.910904 -0.412618 0
    outer loop
      vertex 30.7664 1.33939 5
      vertex 30.8609 1.54801 0
      vertex 30.8609 1.54801 5
    endloop
  endfacet
  facet normal 0.910904 -0.412618 0
    outer loop
      vertex 30.8609 1.54801 0
      vertex 30.7664 1.33939 5
      vertex 30.7664 1.33939 0
    endloop
  endfacet
  facet normal 0.881859 -0.471513 0
    outer loop
      vertex 30.8609 1.54801 5
      vertex 30.9689 1.75 0
      vertex 30.9689 1.75 5
    endloop
  endfacet
  facet normal 0.881859 -0.471513 0
    outer loop
      vertex 30.9689 1.75 0
      vertex 30.8609 1.54801 5
      vertex 30.8609 1.54801 0
    endloop
  endfacet
  facet normal 0.935871 -0.352343 0
    outer loop
      vertex 30.6857 1.12504 5
      vertex 30.7664 1.33939 0
      vertex 30.7664 1.33939 5
    endloop
  endfacet
  facet normal 0.935871 -0.352343 0
    outer loop
      vertex 30.7664 1.33939 0
      vertex 30.6857 1.12504 5
      vertex 30.6857 1.12504 0
    endloop
  endfacet
  facet normal 0.957044 -0.289943 0
    outer loop
      vertex 30.6193 0.905867 5
      vertex 30.6857 1.12504 0
      vertex 30.6857 1.12504 5
    endloop
  endfacet
  facet normal 0.957044 -0.289943 0
    outer loop
      vertex 30.6857 1.12504 0
      vertex 30.6193 0.905867 5
      vertex 30.6193 0.905867 0
    endloop
  endfacet
  facet normal 0.986579 -0.163284 0
    outer loop
      vertex 30.5299 0.456841 5
      vertex 30.5673 0.682816 0
      vertex 30.5673 0.682816 5
    endloop
  endfacet
  facet normal 0.986579 -0.163284 0
    outer loop
      vertex 30.5673 0.682816 0
      vertex 30.5299 0.456841 5
      vertex 30.5299 0.456841 0
    endloop
  endfacet
  facet normal 0.995206 -0.0978042 0
    outer loop
      vertex 30.5075 0.22891 5
      vertex 30.5299 0.456841 0
      vertex 30.5299 0.456841 5
    endloop
  endfacet
  facet normal 0.995206 -0.0978042 0
    outer loop
      vertex 30.5299 0.456841 0
      vertex 30.5075 0.22891 5
      vertex 30.5075 0.22891 0
    endloop
  endfacet
  facet normal 0.41276 -0.91084 0
    outer loop
      vertex 32.452 3.13905 0
      vertex 32.6606 3.23358 5
      vertex 32.452 3.13905 5
    endloop
  endfacet
  facet normal 0.41276 -0.91084 0
    outer loop
      vertex 32.6606 3.23358 5
      vertex 32.452 3.13905 0
      vertex 32.6606 3.23358 0
    endloop
  endfacet
  facet normal 0.471359 -0.881942 0
    outer loop
      vertex 32.25 3.03109 0
      vertex 32.452 3.13905 5
      vertex 32.25 3.03109 5
    endloop
  endfacet
  facet normal 0.471359 -0.881942 0
    outer loop
      vertex 32.452 3.13905 5
      vertex 32.25 3.03109 0
      vertex 32.452 3.13905 0
    endloop
  endfacet
  facet normal 0.352157 -0.935941 0
    outer loop
      vertex 32.6606 3.23358 0
      vertex 32.875 3.31425 5
      vertex 32.6606 3.23358 5
    endloop
  endfacet
  facet normal 0.352157 -0.935941 0
    outer loop
      vertex 32.875 3.31425 5
      vertex 32.6606 3.23358 0
      vertex 32.875 3.31425 0
    endloop
  endfacet
  facet normal 0.227036 -0.973886 0
    outer loop
      vertex 33.0941 3.38074 0
      vertex 33.3172 3.43275 5
      vertex 33.0941 3.38074 5
    endloop
  endfacet
  facet normal 0.227036 -0.973886 0
    outer loop
      vertex 33.3172 3.43275 5
      vertex 33.0941 3.38074 0
      vertex 33.3172 3.43275 0
    endloop
  endfacet
  facet normal 0.162884 -0.986645 0
    outer loop
      vertex 33.3172 3.43275 0
      vertex 33.5432 3.47006 5
      vertex 33.3172 3.43275 5
    endloop
  endfacet
  facet normal 0.162884 -0.986645 0
    outer loop
      vertex 33.5432 3.47006 5
      vertex 33.3172 3.43275 0
      vertex 33.5432 3.47006 0
    endloop
  endfacet
  facet normal -0.0980336 0.995183 0
    outer loop
      vertex 34.4568 -3.47006 0
      vertex 34.2289 -3.49251 5
      vertex 34.4568 -3.47006 5
    endloop
  endfacet
  facet normal -0.0980336 0.995183 0
    outer loop
      vertex 34.2289 -3.49251 5
      vertex 34.4568 -3.47006 0
      vertex 34.2289 -3.49251 0
    endloop
  endfacet
  facet normal -0.290392 0.956908 0
    outer loop
      vertex 35.125 -3.31425 0
      vertex 34.9059 -3.38074 5
      vertex 35.125 -3.31425 5
    endloop
  endfacet
  facet normal -0.290392 0.956908 0
    outer loop
      vertex 34.9059 -3.38074 5
      vertex 35.125 -3.31425 0
      vertex 34.9059 -3.38074 0
    endloop
  endfacet
  facet normal -0.41276 0.91084 0
    outer loop
      vertex 35.548 -3.13905 0
      vertex 35.3394 -3.23358 5
      vertex 35.548 -3.13905 5
    endloop
  endfacet
  facet normal -0.41276 0.91084 0
    outer loop
      vertex 35.3394 -3.23358 5
      vertex 35.548 -3.13905 0
      vertex 35.3394 -3.23358 0
    endloop
  endfacet
  facet normal -0.73 0.683447 0
    outer loop
      vertex 36.4749 -2.47487 0
      vertex 36.6314 -2.30771 5
      vertex 36.6314 -2.30771 0
    endloop
  endfacet
  facet normal -0.73 0.683447 0
    outer loop
      vertex 36.6314 -2.30771 5
      vertex 36.4749 -2.47487 0
      vertex 36.4749 -2.47487 5
    endloop
  endfacet
  facet normal -0.881859 0.471513 0
    outer loop
      vertex 37.0311 -1.75 0
      vertex 37.1391 -1.54801 5
      vertex 37.1391 -1.54801 0
    endloop
  endfacet
  facet normal -0.881859 0.471513 0
    outer loop
      vertex 37.1391 -1.54801 5
      vertex 37.0311 -1.75 0
      vertex 37.0311 -1.75 5
    endloop
  endfacet
  facet normal -0.935871 0.352343 0
    outer loop
      vertex 37.2336 -1.33939 0
      vertex 37.3143 -1.12504 5
      vertex 37.3143 -1.12504 0
    endloop
  endfacet
  facet normal -0.935871 0.352343 0
    outer loop
      vertex 37.3143 -1.12504 5
      vertex 37.2336 -1.33939 0
      vertex 37.2336 -1.33939 5
    endloop
  endfacet
  facet normal 0.683523 0.729929 -0
    outer loop
      vertex 31.6923 -2.63144 0
      vertex 31.5251 -2.47487 5
      vertex 31.6923 -2.63144 5
    endloop
  endfacet
  facet normal 0.683523 0.729929 0
    outer loop
      vertex 31.5251 -2.47487 5
      vertex 31.6923 -2.63144 0
      vertex 31.5251 -2.47487 0
    endloop
  endfacet
  facet normal 0.471359 0.881942 -0
    outer loop
      vertex 32.452 -3.13905 0
      vertex 32.25 -3.03109 5
      vertex 32.452 -3.13905 5
    endloop
  endfacet
  facet normal 0.471359 0.881942 0
    outer loop
      vertex 32.25 -3.03109 5
      vertex 32.452 -3.13905 0
      vertex 32.25 -3.03109 0
    endloop
  endfacet
  facet normal 0.227036 0.973886 -0
    outer loop
      vertex 33.3172 -3.43275 0
      vertex 33.0941 -3.38074 5
      vertex 33.3172 -3.43275 5
    endloop
  endfacet
  facet normal 0.227036 0.973886 0
    outer loop
      vertex 33.0941 -3.38074 5
      vertex 33.3172 -3.43275 0
      vertex 33.0941 -3.38074 0
    endloop
  endfacet
  facet normal 0.162884 0.986645 -0
    outer loop
      vertex 33.5432 -3.47006 0
      vertex 33.3172 -3.43275 5
      vertex 33.5432 -3.47006 5
    endloop
  endfacet
  facet normal 0.162884 0.986645 0
    outer loop
      vertex 33.3172 -3.43275 5
      vertex 33.5432 -3.47006 0
      vertex 33.3172 -3.43275 0
    endloop
  endfacet
  facet normal 0.773013 0.63439 0
    outer loop
      vertex 31.3686 -2.30771 5
      vertex 31.2233 -2.13066 0
      vertex 31.2233 -2.13066 5
    endloop
  endfacet
  facet normal 0.773013 0.63439 0
    outer loop
      vertex 31.2233 -2.13066 0
      vertex 31.3686 -2.30771 5
      vertex 31.3686 -2.30771 0
    endloop
  endfacet
  facet normal 0.8491 0.528232 0
    outer loop
      vertex 31.0899 -1.9445 5
      vertex 30.9689 -1.75 0
      vertex 30.9689 -1.75 5
    endloop
  endfacet
  facet normal 0.8491 0.528232 0
    outer loop
      vertex 30.9689 -1.75 0
      vertex 31.0899 -1.9445 5
      vertex 31.0899 -1.9445 0
    endloop
  endfacet
  facet normal 0.957044 0.289943 0
    outer loop
      vertex 30.6857 -1.12504 5
      vertex 30.6193 -0.905867 0
      vertex 30.6193 -0.905867 5
    endloop
  endfacet
  facet normal 0.957044 0.289943 0
    outer loop
      vertex 30.6193 -0.905867 0
      vertex 30.6857 -1.12504 5
      vertex 30.6857 -1.12504 0
    endloop
  endfacet
  facet normal 0.995206 0.0978042 0
    outer loop
      vertex 30.5299 -0.456841 5
      vertex 30.5075 -0.22891 0
      vertex 30.5075 -0.22891 5
    endloop
  endfacet
  facet normal 0.995206 0.0978042 0
    outer loop
      vertex 30.5075 -0.22891 0
      vertex 30.5299 -0.456841 5
      vertex 30.5299 -0.456841 0
    endloop
  endfacet
  facet normal -0.162884 0.986645 0
    outer loop
      vertex 34.6828 -3.43275 0
      vertex 34.4568 -3.47006 5
      vertex 34.6828 -3.43275 5
    endloop
  endfacet
  facet normal -0.162884 0.986645 0
    outer loop
      vertex 34.4568 -3.47006 5
      vertex 34.6828 -3.43275 0
      vertex 34.4568 -3.47006 0
    endloop
  endfacet
  facet normal -0.352157 0.935941 0
    outer loop
      vertex 35.3394 -3.23358 0
      vertex 35.125 -3.31425 5
      vertex 35.3394 -3.23358 5
    endloop
  endfacet
  facet normal -0.352157 0.935941 0
    outer loop
      vertex 35.125 -3.31425 5
      vertex 35.3394 -3.23358 0
      vertex 35.125 -3.31425 0
    endloop
  endfacet
  facet normal -0.683523 0.729929 0
    outer loop
      vertex 36.4749 -2.47487 0
      vertex 36.3077 -2.63144 5
      vertex 36.4749 -2.47487 5
    endloop
  endfacet
  facet normal -0.683523 0.729929 0
    outer loop
      vertex 36.3077 -2.63144 5
      vertex 36.4749 -2.47487 0
      vertex 36.3077 -2.63144 0
    endloop
  endfacet
  facet normal -0.471359 0.881942 0
    outer loop
      vertex 35.75 -3.03109 0
      vertex 35.548 -3.13905 5
      vertex 35.75 -3.03109 5
    endloop
  endfacet
  facet normal -0.471359 0.881942 0
    outer loop
      vertex 35.548 -3.13905 5
      vertex 35.75 -3.03109 0
      vertex 35.548 -3.13905 0
    endloop
  endfacet
  facet normal -0.773013 0.63439 0
    outer loop
      vertex 36.6314 -2.30771 0
      vertex 36.7767 -2.13066 5
      vertex 36.7767 -2.13066 0
    endloop
  endfacet
  facet normal -0.773013 0.63439 0
    outer loop
      vertex 36.7767 -2.13066 5
      vertex 36.6314 -2.30771 0
      vertex 36.6314 -2.30771 5
    endloop
  endfacet
  facet normal -0.910904 0.412618 0
    outer loop
      vertex 37.1391 -1.54801 0
      vertex 37.2336 -1.33939 5
      vertex 37.2336 -1.33939 0
    endloop
  endfacet
  facet normal -0.910904 0.412618 0
    outer loop
      vertex 37.2336 -1.33939 5
      vertex 37.1391 -1.54801 0
      vertex 37.1391 -1.54801 5
    endloop
  endfacet
  facet normal -0.986579 0.163284 0
    outer loop
      vertex 37.4327 -0.682816 0
      vertex 37.4701 -0.456841 5
      vertex 37.4701 -0.456841 0
    endloop
  endfacet
  facet normal -0.986579 0.163284 0
    outer loop
      vertex 37.4701 -0.456841 5
      vertex 37.4327 -0.682816 0
      vertex 37.4327 -0.682816 5
    endloop
  endfacet
  facet normal -0.995206 0.0978042 0
    outer loop
      vertex 37.4701 -0.456841 0
      vertex 37.4925 -0.22891 5
      vertex 37.4925 -0.22891 0
    endloop
  endfacet
  facet normal -0.995206 0.0978042 0
    outer loop
      vertex 37.4925 -0.22891 5
      vertex 37.4701 -0.456841 0
      vertex 37.4701 -0.456841 5
    endloop
  endfacet
  facet normal 0.634497 0.772925 -0
    outer loop
      vertex 31.8693 -2.77674 0
      vertex 31.6923 -2.63144 5
      vertex 31.8693 -2.77674 5
    endloop
  endfacet
  facet normal 0.634497 0.772925 0
    outer loop
      vertex 31.6923 -2.63144 5
      vertex 31.8693 -2.77674 0
      vertex 31.6923 -2.63144 0
    endloop
  endfacet
  facet normal 0.41276 0.91084 -0
    outer loop
      vertex 32.6606 -3.23358 0
      vertex 32.452 -3.13905 5
      vertex 32.6606 -3.23358 5
    endloop
  endfacet
  facet normal 0.41276 0.91084 0
    outer loop
      vertex 32.452 -3.13905 5
      vertex 32.6606 -3.23358 0
      vertex 32.452 -3.13905 0
    endloop
  endfacet
  facet normal 0.290392 0.956908 -0
    outer loop
      vertex 33.0941 -3.38074 0
      vertex 32.875 -3.31425 5
      vertex 33.0941 -3.38074 5
    endloop
  endfacet
  facet normal 0.290392 0.956908 0
    outer loop
      vertex 32.875 -3.31425 5
      vertex 33.0941 -3.38074 0
      vertex 32.875 -3.31425 0
    endloop
  endfacet
  facet normal 0.0980336 0.995183 -0
    outer loop
      vertex 33.7711 -3.49251 0
      vertex 33.5432 -3.47006 5
      vertex 33.7711 -3.49251 5
    endloop
  endfacet
  facet normal 0.0980336 0.995183 0
    outer loop
      vertex 33.5432 -3.47006 5
      vertex 33.7711 -3.49251 0
      vertex 33.5432 -3.47006 0
    endloop
  endfacet
  facet normal 0.73 0.683447 0
    outer loop
      vertex 31.5251 -2.47487 5
      vertex 31.3686 -2.30771 0
      vertex 31.3686 -2.30771 5
    endloop
  endfacet
  facet normal 0.73 0.683447 0
    outer loop
      vertex 31.3686 -2.30771 0
      vertex 31.5251 -2.47487 5
      vertex 31.5251 -2.47487 0
    endloop
  endfacet
  facet normal 0.881859 0.471513 0
    outer loop
      vertex 30.9689 -1.75 5
      vertex 30.8609 -1.54801 0
      vertex 30.8609 -1.54801 5
    endloop
  endfacet
  facet normal 0.881859 0.471513 0
    outer loop
      vertex 30.8609 -1.54801 0
      vertex 30.9689 -1.75 5
      vertex 30.9689 -1.75 0
    endloop
  endfacet
  facet normal 0.935871 0.352343 0
    outer loop
      vertex 30.7664 -1.33939 5
      vertex 30.6857 -1.12504 0
      vertex 30.6857 -1.12504 5
    endloop
  endfacet
  facet normal 0.935871 0.352343 0
    outer loop
      vertex 30.6857 -1.12504 0
      vertex 30.7664 -1.33939 5
      vertex 30.7664 -1.33939 0
    endloop
  endfacet
  facet normal 0.986579 0.163284 0
    outer loop
      vertex 30.5673 -0.682816 5
      vertex 30.5299 -0.456841 0
      vertex 30.5299 -0.456841 5
    endloop
  endfacet
  facet normal 0.986579 0.163284 0
    outer loop
      vertex 30.5299 -0.456841 0
      vertex 30.5673 -0.682816 5
      vertex 30.5673 -0.682816 0
    endloop
  endfacet
  facet normal -0.957044 0.289943 0
    outer loop
      vertex 37.3143 -1.12504 0
      vertex 37.3807 -0.905867 5
      vertex 37.3807 -0.905867 0
    endloop
  endfacet
  facet normal -0.957044 0.289943 0
    outer loop
      vertex 37.3807 -0.905867 5
      vertex 37.3143 -1.12504 0
      vertex 37.3143 -1.12504 5
    endloop
  endfacet
  facet normal -0.999464 0.0327464 0
    outer loop
      vertex 37.4925 -0.22891 0
      vertex 37.5 0 5
      vertex 37.5 0 0
    endloop
  endfacet
  facet normal -0.999464 0.0327464 0
    outer loop
      vertex 37.5 0 5
      vertex 37.4925 -0.22891 0
      vertex 37.4925 -0.22891 5
    endloop
  endfacet
  facet normal 0.910903 -0.412621 0
    outer loop
      vertex 44.4294 0.650561 5
      vertex 44.4753 0.75189 0
      vertex 44.4753 0.75189 5
    endloop
  endfacet
  facet normal 0.910903 -0.412621 0
    outer loop
      vertex 44.4753 0.75189 0
      vertex 44.4294 0.650561 5
      vertex 44.4294 0.650561 0
    endloop
  endfacet
  facet normal 0.999476 -0.0323615 0
    outer loop
      vertex 44.3 0 5
      vertex 44.3036 0.111185 0
      vertex 44.3036 0.111185 5
    endloop
  endfacet
  facet normal 0.999476 -0.0323615 0
    outer loop
      vertex 44.3036 0.111185 0
      vertex 44.3 0 5
      vertex 44.3 0 0
    endloop
  endfacet
  facet normal 0.683582 -0.729873 0
    outer loop
      vertex 44.7979 1.20208 0
      vertex 44.8791 1.27813 5
      vertex 44.7979 1.20208 5
    endloop
  endfacet
  facet normal 0.683582 -0.729873 0
    outer loop
      vertex 44.8791 1.27813 5
      vertex 44.7979 1.20208 0
      vertex 44.8791 1.27813 0
    endloop
  endfacet
  facet normal 0.352029 -0.935989 0
    outer loop
      vertex 45.3494 1.57059 0
      vertex 45.4536 1.60978 5
      vertex 45.3494 1.57059 5
    endloop
  endfacet
  facet normal 0.352029 -0.935989 0
    outer loop
      vertex 45.4536 1.60978 5
      vertex 45.3494 1.57059 0
      vertex 45.4536 1.60978 0
    endloop
  endfacet
  facet normal 0.956922 -0.290344 0
    outer loop
      vertex 44.3579 0.439992 5
      vertex 44.3902 0.546447 0
      vertex 44.3902 0.546447 5
    endloop
  endfacet
  facet normal 0.956922 -0.290344 0
    outer loop
      vertex 44.3902 0.546447 0
      vertex 44.3579 0.439992 5
      vertex 44.3579 0.439992 0
    endloop
  endfacet
  facet normal 0.935864 -0.352362 0
    outer loop
      vertex 44.3902 0.546447 5
      vertex 44.4294 0.650561 0
      vertex 44.4294 0.650561 5
    endloop
  endfacet
  facet normal 0.935864 -0.352362 0
    outer loop
      vertex 44.4294 0.650561 0
      vertex 44.3902 0.546447 5
      vertex 44.3902 0.546447 0
    endloop
  endfacet
  facet normal 0.995188 -0.0979826 0
    outer loop
      vertex 44.3036 0.111185 5
      vertex 44.3145 0.221894 0
      vertex 44.3145 0.221894 5
    endloop
  endfacet
  facet normal 0.995188 -0.0979826 0
    outer loop
      vertex 44.3145 0.221894 0
      vertex 44.3036 0.111185 5
      vertex 44.3036 0.111185 0
    endloop
  endfacet
  facet normal 0.986529 -0.163584 0
    outer loop
      vertex 44.3145 0.221894 5
      vertex 44.3327 0.331653 0
      vertex 44.3327 0.331653 5
    endloop
  endfacet
  facet normal 0.986529 -0.163584 0
    outer loop
      vertex 44.3327 0.331653 0
      vertex 44.3145 0.221894 5
      vertex 44.3145 0.221894 0
    endloop
  endfacet
  facet normal 0.0327163 0.999465 -0
    outer loop
      vertex 46 -1.7 0
      vertex 45.8888 -1.69636 5
      vertex 46 -1.7 5
    endloop
  endfacet
  facet normal 0.0327163 0.999465 0
    outer loop
      vertex 45.8888 -1.69636 5
      vertex 46 -1.7 0
      vertex 45.8888 -1.69636 0
    endloop
  endfacet
  facet normal 0 -1 0
    outer loop
      vertex 46 1.7 0
      vertex 48 1.7 5
      vertex 46 1.7 5
    endloop
  endfacet
  facet normal 0 -1 -0
    outer loop
      vertex 48 1.7 5
      vertex 46 1.7 0
      vertex 48 1.7 0
    endloop
  endfacet
  facet normal 0.162913 0.986641 -0
    outer loop
      vertex 45.7781 -1.68546 0
      vertex 45.6683 -1.66733 5
      vertex 45.7781 -1.68546 5
    endloop
  endfacet
  facet normal 0.162913 0.986641 0
    outer loop
      vertex 45.6683 -1.66733 5
      vertex 45.7781 -1.68546 0
      vertex 45.6683 -1.66733 0
    endloop
  endfacet
  facet normal 0.973998 -0.226555 0
    outer loop
      vertex 44.3327 0.331653 5
      vertex 44.3579 0.439992 0
      vertex 44.3579 0.439992 5
    endloop
  endfacet
  facet normal 0.973998 -0.226555 0
    outer loop
      vertex 44.3579 0.439992 0
      vertex 44.3327 0.331653 5
      vertex 44.3327 0.331653 0
    endloop
  endfacet
  facet normal 0.527913 -0.849298 0
    outer loop
      vertex 45.0555 1.4135 0
      vertex 45.15 1.47224 5
      vertex 45.0555 1.4135 5
    endloop
  endfacet
  facet normal 0.527913 -0.849298 0
    outer loop
      vertex 45.15 1.47224 5
      vertex 45.0555 1.4135 0
      vertex 45.15 1.47224 0
    endloop
  endfacet
  facet normal 0.634348 0.773047 -0
    outer loop
      vertex 44.9651 -1.3487 0
      vertex 44.8791 -1.27813 5
      vertex 44.9651 -1.3487 5
    endloop
  endfacet
  facet normal 0.634348 0.773047 0
    outer loop
      vertex 44.8791 -1.27813 5
      vertex 44.9651 -1.3487 0
      vertex 44.8791 -1.27813 0
    endloop
  endfacet
  facet normal 0.812827 -0.582504 0
    outer loop
      vertex 44.5865 0.944468 5
      vertex 44.6513 1.03489 0
      vertex 44.6513 1.03489 5
    endloop
  endfacet
  facet normal 0.812827 -0.582504 0
    outer loop
      vertex 44.6513 1.03489 0
      vertex 44.5865 0.944468 5
      vertex 44.5865 0.944468 0
    endloop
  endfacet
  facet normal 0.634348 -0.773047 0
    outer loop
      vertex 44.8791 1.27813 0
      vertex 44.9651 1.3487 5
      vertex 44.8791 1.27813 5
    endloop
  endfacet
  facet normal 0.634348 -0.773047 0
    outer loop
      vertex 44.9651 1.3487 5
      vertex 44.8791 1.27813 0
      vertex 44.9651 1.3487 0
    endloop
  endfacet
  facet normal 0.412793 -0.910825 0
    outer loop
      vertex 45.2481 1.52468 0
      vertex 45.3494 1.57059 5
      vertex 45.2481 1.52468 5
    endloop
  endfacet
  facet normal 0.412793 -0.910825 0
    outer loop
      vertex 45.3494 1.57059 5
      vertex 45.2481 1.52468 0
      vertex 45.3494 1.57059 0
    endloop
  endfacet
  facet normal 0.935864 0.352362 0
    outer loop
      vertex 44.4294 -0.650561 5
      vertex 44.3902 -0.546447 0
      vertex 44.3902 -0.546447 5
    endloop
  endfacet
  facet normal 0.935864 0.352362 0
    outer loop
      vertex 44.3902 -0.546447 0
      vertex 44.4294 -0.650561 5
      vertex 44.4294 -0.650561 0
    endloop
  endfacet
  facet normal 0.881698 -0.471814 0
    outer loop
      vertex 44.4753 0.75189 5
      vertex 44.5278 0.849999 0
      vertex 44.5278 0.849999 5
    endloop
  endfacet
  facet normal 0.881698 -0.471814 0
    outer loop
      vertex 44.5278 0.849999 0
      vertex 44.4753 0.75189 5
      vertex 44.4753 0.75189 0
    endloop
  endfacet
  facet normal 0.772915 -0.634509 0
    outer loop
      vertex 44.6513 1.03489 5
      vertex 44.7219 1.12089 0
      vertex 44.7219 1.12089 5
    endloop
  endfacet
  facet normal 0.772915 -0.634509 0
    outer loop
      vertex 44.7219 1.12089 0
      vertex 44.6513 1.03489 5
      vertex 44.6513 1.03489 0
    endloop
  endfacet
  facet normal 0.730056 -0.683388 0
    outer loop
      vertex 44.7219 1.12089 5
      vertex 44.7979 1.20208 0
      vertex 44.7979 1.20208 5
    endloop
  endfacet
  facet normal 0.730056 -0.683388 0
    outer loop
      vertex 44.7979 1.20208 0
      vertex 44.7219 1.12089 5
      vertex 44.7219 1.12089 0
    endloop
  endfacet
  facet normal 0.582598 -0.81276 0
    outer loop
      vertex 44.9651 1.3487 0
      vertex 45.0555 1.4135 5
      vertex 44.9651 1.3487 5
    endloop
  endfacet
  facet normal 0.582598 -0.81276 0
    outer loop
      vertex 45.0555 1.4135 5
      vertex 44.9651 1.3487 0
      vertex 45.0555 1.4135 0
    endloop
  endfacet
  facet normal 0.471428 -0.881905 0
    outer loop
      vertex 45.15 1.47224 0
      vertex 45.2481 1.52468 5
      vertex 45.15 1.47224 5
    endloop
  endfacet
  facet normal 0.471428 -0.881905 0
    outer loop
      vertex 45.2481 1.52468 5
      vertex 45.15 1.47224 0
      vertex 45.2481 1.52468 0
    endloop
  endfacet
  facet normal 0.227144 -0.973861 0
    outer loop
      vertex 45.56 1.64207 0
      vertex 45.6683 1.66733 5
      vertex 45.56 1.64207 5
    endloop
  endfacet
  facet normal 0.227144 -0.973861 0
    outer loop
      vertex 45.6683 1.66733 5
      vertex 45.56 1.64207 0
      vertex 45.6683 1.66733 0
    endloop
  endfacet
  facet normal 0.0327163 -0.999465 0
    outer loop
      vertex 45.8888 1.69636 0
      vertex 46 1.7 5
      vertex 45.8888 1.69636 5
    endloop
  endfacet
  facet normal 0.0327163 -0.999465 0
    outer loop
      vertex 46 1.7 5
      vertex 45.8888 1.69636 0
      vertex 46 1.7 0
    endloop
  endfacet
  facet normal 0.162913 -0.986641 0
    outer loop
      vertex 45.6683 1.66733 0
      vertex 45.7781 1.68546 5
      vertex 45.6683 1.66733 5
    endloop
  endfacet
  facet normal 0.162913 -0.986641 0
    outer loop
      vertex 45.7781 1.68546 5
      vertex 45.6683 1.66733 0
      vertex 45.7781 1.68546 0
    endloop
  endfacet
  facet normal 0 1 -0
    outer loop
      vertex 48 -1.7 0
      vertex 46 -1.7 5
      vertex 48 -1.7 5
    endloop
  endfacet
  facet normal 0 1 0
    outer loop
      vertex 46 -1.7 5
      vertex 48 -1.7 0
      vertex 46 -1.7 0
    endloop
  endfacet
  facet normal 0.999476 0.0323615 0
    outer loop
      vertex 44.3036 -0.111185 5
      vertex 44.3 0 0
      vertex 44.3 0 5
    endloop
  endfacet
  facet normal 0.999476 0.0323615 0
    outer loop
      vertex 44.3 0 0
      vertex 44.3036 -0.111185 5
      vertex 44.3036 -0.111185 0
    endloop
  endfacet
  facet normal 0.956922 0.290344 0
    outer loop
      vertex 44.3902 -0.546447 5
      vertex 44.3579 -0.439992 0
      vertex 44.3579 -0.439992 5
    endloop
  endfacet
  facet normal 0.956922 0.290344 0
    outer loop
      vertex 44.3579 -0.439992 0
      vertex 44.3902 -0.546447 5
      vertex 44.3902 -0.546447 0
    endloop
  endfacet
  facet normal 0.986529 0.163584 0
    outer loop
      vertex 44.3327 -0.331653 5
      vertex 44.3145 -0.221894 0
      vertex 44.3145 -0.221894 5
    endloop
  endfacet
  facet normal 0.986529 0.163584 0
    outer loop
      vertex 44.3145 -0.221894 0
      vertex 44.3327 -0.331653 5
      vertex 44.3327 -0.331653 0
    endloop
  endfacet
  facet normal 0.910903 0.412621 0
    outer loop
      vertex 44.4753 -0.75189 5
      vertex 44.4294 -0.650561 0
      vertex 44.4294 -0.650561 5
    endloop
  endfacet
  facet normal 0.910903 0.412621 0
    outer loop
      vertex 44.4294 -0.650561 0
      vertex 44.4753 -0.75189 5
      vertex 44.4753 -0.75189 0
    endloop
  endfacet
  facet normal 0.227144 0.973861 -0
    outer loop
      vertex 45.6683 -1.66733 0
      vertex 45.56 -1.64207 5
      vertex 45.6683 -1.66733 5
    endloop
  endfacet
  facet normal 0.227144 0.973861 0
    outer loop
      vertex 45.56 -1.64207 5
      vertex 45.6683 -1.66733 0
      vertex 45.56 -1.64207 0
    endloop
  endfacet
  facet normal 0.352029 0.935989 -0
    outer loop
      vertex 45.4536 -1.60978 0
      vertex 45.3494 -1.57059 5
      vertex 45.4536 -1.60978 5
    endloop
  endfacet
  facet normal 0.352029 0.935989 0
    outer loop
      vertex 45.3494 -1.57059 5
      vertex 45.4536 -1.60978 0
      vertex 45.3494 -1.57059 0
    endloop
  endfacet
  facet normal 0.849382 0.527779 0
    outer loop
      vertex 44.5865 -0.944468 5
      vertex 44.5278 -0.849999 0
      vertex 44.5278 -0.849999 5
    endloop
  endfacet
  facet normal 0.849382 0.527779 0
    outer loop
      vertex 44.5278 -0.849999 0
      vertex 44.5865 -0.944468 5
      vertex 44.5865 -0.944468 0
    endloop
  endfacet
  facet normal 0.772915 0.634509 0
    outer loop
      vertex 44.7219 -1.12089 5
      vertex 44.6513 -1.03489 0
      vertex 44.6513 -1.03489 5
    endloop
  endfacet
  facet normal 0.772915 0.634509 0
    outer loop
      vertex 44.6513 -1.03489 0
      vertex 44.7219 -1.12089 5
      vertex 44.7219 -1.12089 0
    endloop
  endfacet
  facet normal 0.812827 0.582504 0
    outer loop
      vertex 44.6513 -1.03489 5
      vertex 44.5865 -0.944468 0
      vertex 44.5865 -0.944468 5
    endloop
  endfacet
  facet normal 0.812827 0.582504 0
    outer loop
      vertex 44.5865 -0.944468 0
      vertex 44.6513 -1.03489 5
      vertex 44.6513 -1.03489 0
    endloop
  endfacet
  facet normal 0.849382 -0.527779 0
    outer loop
      vertex 44.5278 0.849999 5
      vertex 44.5865 0.944468 0
      vertex 44.5865 0.944468 5
    endloop
  endfacet
  facet normal 0.849382 -0.527779 0
    outer loop
      vertex 44.5865 0.944468 0
      vertex 44.5278 0.849999 5
      vertex 44.5278 0.849999 0
    endloop
  endfacet
  facet normal 0.290399 -0.956906 0
    outer loop
      vertex 45.4536 1.60978 0
      vertex 45.56 1.64207 5
      vertex 45.4536 1.60978 5
    endloop
  endfacet
  facet normal 0.290399 -0.956906 0
    outer loop
      vertex 45.56 1.64207 5
      vertex 45.4536 1.60978 0
      vertex 45.56 1.64207 0
    endloop
  endfacet
  facet normal 0.0979904 -0.995187 0
    outer loop
      vertex 45.7781 1.68546 0
      vertex 45.8888 1.69636 5
      vertex 45.7781 1.68546 5
    endloop
  endfacet
  facet normal 0.0979904 -0.995187 0
    outer loop
      vertex 45.8888 1.69636 5
      vertex 45.7781 1.68546 0
      vertex 45.8888 1.69636 0
    endloop
  endfacet
  facet normal 0.995188 0.0979826 0
    outer loop
      vertex 44.3145 -0.221894 5
      vertex 44.3036 -0.111185 0
      vertex 44.3036 -0.111185 5
    endloop
  endfacet
  facet normal 0.995188 0.0979826 0
    outer loop
      vertex 44.3036 -0.111185 0
      vertex 44.3145 -0.221894 5
      vertex 44.3145 -0.221894 0
    endloop
  endfacet
  facet normal 0.881698 0.471814 0
    outer loop
      vertex 44.5278 -0.849999 5
      vertex 44.4753 -0.75189 0
      vertex 44.4753 -0.75189 5
    endloop
  endfacet
  facet normal 0.881698 0.471814 0
    outer loop
      vertex 44.4753 -0.75189 0
      vertex 44.5278 -0.849999 5
      vertex 44.5278 -0.849999 0
    endloop
  endfacet
  facet normal 0.0979904 0.995187 -0
    outer loop
      vertex 45.8888 -1.69636 0
      vertex 45.7781 -1.68546 5
      vertex 45.8888 -1.69636 5
    endloop
  endfacet
  facet normal 0.0979904 0.995187 0
    outer loop
      vertex 45.7781 -1.68546 5
      vertex 45.8888 -1.69636 0
      vertex 45.7781 -1.68546 0
    endloop
  endfacet
  facet normal 0.730056 0.683388 0
    outer loop
      vertex 44.7979 -1.20208 5
      vertex 44.7219 -1.12089 0
      vertex 44.7219 -1.12089 5
    endloop
  endfacet
  facet normal 0.730056 0.683388 0
    outer loop
      vertex 44.7219 -1.12089 0
      vertex 44.7979 -1.20208 5
      vertex 44.7979 -1.20208 0
    endloop
  endfacet
  facet normal 0.683582 0.729873 -0
    outer loop
      vertex 44.8791 -1.27813 0
      vertex 44.7979 -1.20208 5
      vertex 44.8791 -1.27813 5
    endloop
  endfacet
  facet normal 0.683582 0.729873 0
    outer loop
      vertex 44.7979 -1.20208 5
      vertex 44.8791 -1.27813 0
      vertex 44.7979 -1.20208 0
    endloop
  endfacet
  facet normal 0.412793 0.910825 -0
    outer loop
      vertex 45.3494 -1.57059 0
      vertex 45.2481 -1.52468 5
      vertex 45.3494 -1.57059 5
    endloop
  endfacet
  facet normal 0.412793 0.910825 0
    outer loop
      vertex 45.2481 -1.52468 5
      vertex 45.3494 -1.57059 0
      vertex 45.2481 -1.52468 0
    endloop
  endfacet
  facet normal 0.973998 0.226555 0
    outer loop
      vertex 44.3579 -0.439992 5
      vertex 44.3327 -0.331653 0
      vertex 44.3327 -0.331653 5
    endloop
  endfacet
  facet normal 0.973998 0.226555 0
    outer loop
      vertex 44.3327 -0.331653 0
      vertex 44.3579 -0.439992 5
      vertex 44.3579 -0.439992 0
    endloop
  endfacet
  facet normal 0.290399 0.956906 -0
    outer loop
      vertex 45.56 -1.64207 0
      vertex 45.4536 -1.60978 5
      vertex 45.56 -1.64207 5
    endloop
  endfacet
  facet normal 0.290399 0.956906 0
    outer loop
      vertex 45.4536 -1.60978 5
      vertex 45.56 -1.64207 0
      vertex 45.4536 -1.60978 0
    endloop
  endfacet
  facet normal 0.471428 0.881905 -0
    outer loop
      vertex 45.2481 -1.52468 0
      vertex 45.15 -1.47224 5
      vertex 45.2481 -1.52468 5
    endloop
  endfacet
  facet normal 0.471428 0.881905 0
    outer loop
      vertex 45.15 -1.47224 5
      vertex 45.2481 -1.52468 0
      vertex 45.15 -1.47224 0
    endloop
  endfacet
  facet normal 0.527913 0.849298 -0
    outer loop
      vertex 45.15 -1.47224 0
      vertex 45.0555 -1.4135 5
      vertex 45.15 -1.47224 5
    endloop
  endfacet
  facet normal 0.527913 0.849298 0
    outer loop
      vertex 45.0555 -1.4135 5
      vertex 45.15 -1.47224 0
      vertex 45.0555 -1.4135 0
    endloop
  endfacet
  facet normal 0.582598 0.81276 -0
    outer loop
      vertex 45.0555 -1.4135 0
      vertex 44.9651 -1.3487 5
      vertex 45.0555 -1.4135 5
    endloop
  endfacet
  facet normal 0.582598 0.81276 0
    outer loop
      vertex 44.9651 -1.3487 5
      vertex 45.0555 -1.4135 0
      vertex 44.9651 -1.3487 0
    endloop
  endfacet
  facet normal -0.923891 -0.382656 0
    outer loop
      vertex -47.5981 -15.5 0
      vertex -47.8978 -14.7764 5
      vertex -47.8978 -14.7764 0
    endloop
  endfacet
  facet normal -0.923891 -0.382656 0
    outer loop
      vertex -47.8978 -14.7764 5
      vertex -47.5981 -15.5 0
      vertex -47.5981 -15.5 5
    endloop
  endfacet
  facet normal -0.793316 -0.608809 0
    outer loop
      vertex -47.1213 -16.1213 0
      vertex -47.5981 -15.5 5
      vertex -47.5981 -15.5 0
    endloop
  endfacet
  facet normal -0.793316 -0.608809 0
    outer loop
      vertex -47.5981 -15.5 5
      vertex -47.1213 -16.1213 0
      vertex -47.1213 -16.1213 5
    endloop
  endfacet
  facet normal -0.991447 -0.130507 0
    outer loop
      vertex -47.8978 -14.7764 0
      vertex -48 -14 5
      vertex -48 -14 0
    endloop
  endfacet
  facet normal -0.991447 -0.130507 0
    outer loop
      vertex -48 -14 5
      vertex -47.8978 -14.7764 0
      vertex -47.8978 -14.7764 5
    endloop
  endfacet
  facet normal 0 -1 0
    outer loop
      vertex -45 -17 0
      vertex 45 -17 5
      vertex -45 -17 5
    endloop
  endfacet
  facet normal 0 -1 -0
    outer loop
      vertex 45 -17 5
      vertex -45 -17 0
      vertex 45 -17 0
    endloop
  endfacet
  facet normal 0 0 1
    outer loop
      vertex 45 17 5
      vertex 48 14 5
      vertex 47.8978 14.7764 5
    endloop
  endfacet
  facet normal 0 0 1
    outer loop
      vertex 45 17 5
      vertex 47.8978 14.7764 5
      vertex 47.5981 15.5 5
    endloop
  endfacet
  facet normal 0 0 1
    outer loop
      vertex 45 17 5
      vertex 47.5981 15.5 5
      vertex 47.1213 16.1213 5
    endloop
  endfacet
  facet normal 0 0 1
    outer loop
      vertex 45 17 5
      vertex 47.1213 16.1213 5
      vertex 46.5 16.5981 5
    endloop
  endfacet
  facet normal 0 0 1
    outer loop
      vertex 48 14 5
      vertex 46 1.7 5
      vertex 48 1.7 5
    endloop
  endfacet
  facet normal 0 0 1
    outer loop
      vertex 48 14 5
      vertex 45.8888 1.69636 5
      vertex 46 1.7 5
    endloop
  endfacet
  facet normal 0 0 1
    outer loop
      vertex 48 14 5
      vertex 45.7781 1.68546 5
      vertex 45.8888 1.69636 5
    endloop
  endfacet
  facet normal 0 0 1
    outer loop
      vertex 45 17 5
      vertex 46.5 16.5981 5
      vertex 45.7764 16.8978 5
    endloop
  endfacet
  facet normal 0 0 1
    outer loop
      vertex 48 14 5
      vertex 45.6683 1.66733 5
      vertex 45.7781 1.68546 5
    endloop
  endfacet
  facet normal 0 0 1
    outer loop
      vertex 35.9445 2.91014 5
      vertex 48 14 5
      vertex 45 17 5
    endloop
  endfacet
  facet normal 0 0 1
    outer loop
      vertex 48 14 5
      vertex 45.56 1.64207 5
      vertex 45.6683 1.66733 5
    endloop
  endfacet
  facet normal 0 0 1
    outer loop
      vertex 48 14 5
      vertex 45.4536 1.60978 5
      vertex 45.56 1.64207 5
    endloop
  endfacet
  facet normal 0 0 1
    outer loop
      vertex 48 14 5
      vertex 45.3494 1.57059 5
      vertex 45.4536 1.60978 5
    endloop
  endfacet
  facet normal 0 0 1
    outer loop
      vertex 48 14 5
      vertex 45.2481 1.52468 5
      vertex 45.3494 1.57059 5
    endloop
  endfacet
  facet normal 0 0 1
    outer loop
      vertex 48 14 5
      vertex 36.3077 2.63144 5
      vertex 45.2481 1.52468 5
    endloop
  endfacet
  facet normal 0 0 1
    outer loop
      vertex 45.2481 1.52468 5
      vertex 36.3077 2.63144 5
      vertex 45.15 1.47224 5
    endloop
  endfacet
  facet normal -0 -0 1
    outer loop
      vertex 36.4749 2.47487 5
      vertex 45.15 1.47224 5
      vertex 36.3077 2.63144 5
    endloop
  endfacet
  facet normal 0 0 1
    outer loop
      vertex 45.15 1.47224 5
      vertex 36.4749 2.47487 5
      vertex 45.0555 1.4135 5
    endloop
  endfacet
  facet normal -0 -0 1
    outer loop
      vertex 36.6314 2.30771 5
      vertex 45.0555 1.4135 5
      vertex 36.4749 2.47487 5
    endloop
  endfacet
  facet normal 0 0 1
    outer loop
      vertex 45.0555 1.4135 5
      vertex 36.6314 2.30771 5
      vertex 44.9651 1.3487 5
    endloop
  endfacet
  facet normal -0 -0 1
    outer loop
      vertex 36.7767 2.13066 5
      vertex 44.9651 1.3487 5
      vertex 36.6314 2.30771 5
    endloop
  endfacet
  facet normal 0 0 1
    outer loop
      vertex 44.9651 1.3487 5
      vertex 36.7767 2.13066 5
      vertex 44.8791 1.27813 5
    endloop
  endfacet
  facet normal 0 0 1
    outer loop
      vertex 44.8791 1.27813 5
      vertex 36.7767 2.13066 5
      vertex 44.7979 1.20208 5
    endloop
  endfacet
  facet normal -0 -0 1
    outer loop
      vertex 36.9101 1.9445 5
      vertex 44.7979 1.20208 5
      vertex 36.7767 2.13066 5
    endloop
  endfacet
  facet normal 0 0 1
    outer loop
      vertex 44.7979 1.20208 5
      vertex 36.9101 1.9445 5
      vertex 44.7219 1.12089 5
    endloop
  endfacet
  facet normal -0 -0 1
    outer loop
      vertex 37.0311 1.75 5
      vertex 44.7219 1.12089 5
      vertex 36.9101 1.9445 5
    endloop
  endfacet
  facet normal -0 -0 1
    outer loop
      vertex 37.1391 1.54801 5
      vertex 44.6513 1.03489 5
      vertex 37.0311 1.75 5
    endloop
  endfacet
  facet normal 0 0 1
    outer loop
      vertex 44.6513 1.03489 5
      vertex 37.1391 1.54801 5
      vertex 44.5865 0.944468 5
    endloop
  endfacet
  facet normal -0 -0 1
    outer loop
      vertex 37.2336 1.33939 5
      vertex 44.5865 0.944468 5
      vertex 37.1391 1.54801 5
    endloop
  endfacet
  facet normal 0 0 1
    outer loop
      vertex 44.5865 0.944468 5
      vertex 37.2336 1.33939 5
      vertex 44.5278 0.849999 5
    endloop
  endfacet
  facet normal 0 0 1
    outer loop
      vertex 44.3036 0.111185 5
      vertex 37.5 0 5
      vertex 44.3 0 5
    endloop
  endfacet
  facet normal 0 0 1
    outer loop
      vertex 44.5278 0.849999 5
      vertex 37.2336 1.33939 5
      vertex 44.4753 0.75189 5
    endloop
  endfacet
  facet normal 0 0 1
    outer loop
      vertex 44.3036 0.111185 5
      vertex 37.4925 0.22891 5
      vertex 37.5 0 5
    endloop
  endfacet
  facet normal 0 0 1
    outer loop
      vertex 44.3145 0.221894 5
      vertex 37.4925 0.22891 5
      vertex 44.3036 0.111185 5
    endloop
  endfacet
  facet normal -0 -0 1
    outer loop
      vertex 37.4925 0.22891 5
      vertex 44.3145 0.221894 5
      vertex 37.4701 0.456841 5
    endloop
  endfacet
  facet normal 0 0 1
    outer loop
      vertex 44.3327 0.331653 5
      vertex 37.4701 0.456841 5
      vertex 44.3145 0.221894 5
    endloop
  endfacet
  facet normal -0 -0 1
    outer loop
      vertex 37.4701 0.456841 5
      vertex 44.3327 0.331653 5
      vertex 37.4327 0.682816 5
    endloop
  endfacet
  facet normal 0 0 1
    outer loop
      vertex 44.3579 0.439992 5
      vertex 37.4327 0.682816 5
      vertex 44.3327 0.331653 5
    endloop
  endfacet
  facet normal 0 0 1
    outer loop
      vertex 44.3902 0.546447 5
      vertex 37.4327 0.682816 5
      vertex 44.3579 0.439992 5
    endloop
  endfacet
  facet normal -0 -0 1
    outer loop
      vertex 37.4327 0.682816 5
      vertex 44.3902 0.546447 5
      vertex 37.3807 0.905867 5
    endloop
  endfacet
  facet normal 0 0 1
    outer loop
      vertex 44.4294 0.650561 5
      vertex 37.3807 0.905867 5
      vertex 44.3902 0.546447 5
    endloop
  endfacet
  facet normal -0 -0 1
    outer loop
      vertex 37.3807 0.905867 5
      vertex 44.4294 0.650561 5
      vertex 37.3143 1.12504 5
    endloop
  endfacet
  facet normal 0 0 1
    outer loop
      vertex 44.4753 0.75189 5
      vertex 37.3143 1.12504 5
      vertex 44.4294 0.650561 5
    endloop
  endfacet
  facet normal -0 -0 1
    outer loop
      vertex 37.3143 1.12504 5
      vertex 44.4753 0.75189 5
      vertex 37.2336 1.33939 5
    endloop
  endfacet
  facet normal 0 0 1
    outer loop
      vertex 44.7219 1.12089 5
      vertex 37.0311 1.75 5
      vertex 44.6513 1.03489 5
    endloop
  endfacet
  facet normal 0 0 1
    outer loop
      vertex 48 14 5
      vertex 36.1307 2.77674 5
      vertex 36.3077 2.63144 5
    endloop
  endfacet
  facet normal 0 0 1
    outer loop
      vertex 48 14 5
      vertex 35.9445 2.91014 5
      vertex 36.1307 2.77674 5
    endloop
  endfacet
  facet normal 0 0 1
    outer loop
      vertex 45 17 5
      vertex 35.75 3.03109 5
      vertex 35.9445 2.91014 5
    endloop
  endfacet
  facet normal 0 0 1
    outer loop
      vertex 45 17 5
      vertex 35.548 3.13905 5
      vertex 35.75 3.03109 5
    endloop
  endfacet
  facet normal 0 0 1
    outer loop
      vertex 45 17 5
      vertex 35.3394 3.23358 5
      vertex 35.548 3.13905 5
    endloop
  endfacet
  facet normal 0 0 1
    outer loop
      vertex 45 17 5
      vertex 35.125 3.31425 5
      vertex 35.3394 3.23358 5
    endloop
  endfacet
  facet normal 0 0 1
    outer loop
      vertex 45 17 5
      vertex 34.9059 3.38074 5
      vertex 35.125 3.31425 5
    endloop
  endfacet
  facet normal 0 0 1
    outer loop
      vertex 45 17 5
      vertex 34.6828 3.43275 5
      vertex 34.9059 3.38074 5
    endloop
  endfacet
  facet normal 0 0 1
    outer loop
      vertex 45 17 5
      vertex 34.4568 3.47006 5
      vertex 34.6828 3.43275 5
    endloop
  endfacet
  facet normal 0 0 1
    outer loop
      vertex 45 17 5
      vertex 34.2289 3.49251 5
      vertex 34.4568 3.47006 5
    endloop
  endfacet
  facet normal 0 0 1
    outer loop
      vertex 45 17 5
      vertex 34 3.5 5
      vertex 34.2289 3.49251 5
    endloop
  endfacet
  facet normal 0 0 1
    outer loop
      vertex 45 17 5
      vertex 33.7711 3.49251 5
      vertex 34 3.5 5
    endloop
  endfacet
  facet normal -0 0 1
    outer loop
      vertex 25.3407 6.0899 5
      vertex 33.7711 3.49251 5
      vertex 45 17 5
    endloop
  endfacet
  facet normal 0 0 1
    outer loop
      vertex 33.7711 3.49251 5
      vertex 25.3407 6.0899 5
      vertex 33.5432 3.47006 5
    endloop
  endfacet
  facet normal -0 -0 1
    outer loop
      vertex 25.7276 5.72756 5
      vertex 33.5432 3.47006 5
      vertex 25.3407 6.0899 5
    endloop
  endfacet
  facet normal 0 0 1
    outer loop
      vertex 33.5432 3.47006 5
      vertex 25.7276 5.72756 5
      vertex 33.3172 3.43275 5
    endloop
  endfacet
  facet normal 0 0 1
    outer loop
      vertex 33.3172 3.43275 5
      vertex 25.7276 5.72756 5
      vertex 33.0941 3.38074 5
    endloop
  endfacet
  facet normal -0 -0 1
    outer loop
      vertex 26.0899 5.3407 5
      vertex 33.0941 3.38074 5
      vertex 25.7276 5.72756 5
    endloop
  endfacet
  facet normal 0 0 1
    outer loop
      vertex 33.0941 3.38074 5
      vertex 26.0899 5.3407 5
      vertex 32.875 3.31425 5
    endloop
  endfacet
  facet normal -0 -0 1
    outer loop
      vertex 26.4262 4.93097 5
      vertex 32.875 3.31425 5
      vertex 26.0899 5.3407 5
    endloop
  endfacet
  facet normal 0 0 1
    outer loop
      vertex 32.875 3.31425 5
      vertex 26.4262 4.93097 5
      vertex 32.6606 3.23358 5
    endloop
  endfacet
  facet normal -0 -0 1
    outer loop
      vertex 26.7349 4.50012 5
      vertex 32.452 3.13905 5
      vertex 26.4262 4.93097 5
    endloop
  endfacet
  facet normal 0 0 1
    outer loop
      vertex 32.452 3.13905 5
      vertex 26.7349 4.50012 5
      vertex 32.25 3.03109 5
    endloop
  endfacet
  facet normal -0 -0 1
    outer loop
      vertex 27.0148 4.05 5
      vertex 32.25 3.03109 5
      vertex 26.7349 4.50012 5
    endloop
  endfacet
  facet normal 0 0 1
    outer loop
      vertex 30.5075 0.22891 5
      vertex 28.1 0 5
      vertex 30.5 0 5
    endloop
  endfacet
  facet normal 0 0 1
    outer loop
      vertex 28.0827 0.529765 5
      vertex 30.5075 0.22891 5
      vertex 30.5299 0.456841 5
    endloop
  endfacet
  facet normal -0 0 1
    outer loop
      vertex 28.0827 0.529765 5
      vertex 30.5299 0.456841 5
      vertex 30.5673 0.682816 5
    endloop
  endfacet
  facet normal 0 0 1
    outer loop
      vertex 28.0307 1.05726 5
      vertex 30.5673 0.682816 5
      vertex 30.6193 0.905867 5
    endloop
  endfacet
  facet normal -0 0 1
    outer loop
      vertex 28.0307 1.05726 5
      vertex 30.6193 0.905867 5
      vertex 30.6857 1.12504 5
    endloop
  endfacet
  facet normal 0 0 1
    outer loop
      vertex 27.9444 1.58023 5
      vertex 30.6857 1.12504 5
      vertex 30.7664 1.33939 5
    endloop
  endfacet
  facet normal 0 0 1
    outer loop
      vertex 27.9444 1.58023 5
      vertex 30.7664 1.33939 5
      vertex 30.8609 1.54801 5
    endloop
  endfacet
  facet normal 0 0 1
    outer loop
      vertex 27.824 2.09643 5
      vertex 30.8609 1.54801 5
      vertex 30.9689 1.75 5
    endloop
  endfacet
  facet normal 0 0 1
    outer loop
      vertex 27.824 2.09643 5
      vertex 30.9689 1.75 5
      vertex 31.0899 1.9445 5
    endloop
  endfacet
  facet normal 0 0 1
    outer loop
      vertex 27.6701 2.60366 5
      vertex 31.0899 1.9445 5
      vertex 31.2233 2.13066 5
    endloop
  endfacet
  facet normal 0 0 1
    outer loop
      vertex 27.6701 2.60366 5
      vertex 31.2233 2.13066 5
      vertex 31.3686 2.30771 5
    endloop
  endfacet
  facet normal 0 0 1
    outer loop
      vertex 32.0555 2.91014 5
      vertex 27.0148 4.05 5
      vertex 31.8693 2.77674 5
    endloop
  endfacet
  facet normal 0 0 1
    outer loop
      vertex 30.5075 0.22891 5
      vertex 28.0827 0.529765 5
      vertex 28.1 0 5
    endloop
  endfacet
  facet normal 0 0 1
    outer loop
      vertex 30.5673 0.682816 5
      vertex 28.0307 1.05726 5
      vertex 28.0827 0.529765 5
    endloop
  endfacet
  facet normal 0 0 1
    outer loop
      vertex 30.6857 1.12504 5
      vertex 27.9444 1.58023 5
      vertex 28.0307 1.05726 5
    endloop
  endfacet
  facet normal 0 0 1
    outer loop
      vertex 30.8609 1.54801 5
      vertex 27.824 2.09643 5
      vertex 27.9444 1.58023 5
    endloop
  endfacet
  facet normal 0 0 1
    outer loop
      vertex 31.0899 1.9445 5
      vertex 27.6701 2.60366 5
      vertex 27.824 2.09643 5
    endloop
  endfacet
  facet normal 0 0 1
    outer loop
      vertex 31.3686 2.30771 5
      vertex 27.4834 3.09974 5
      vertex 27.6701 2.60366 5
    endloop
  endfacet
  facet normal 0 0 1
    outer loop
      vertex 31.5251 2.47487 5
      vertex 27.4834 3.09974 5
      vertex 31.3686 2.30771 5
    endloop
  endfacet
  facet normal -0 -0 1
    outer loop
      vertex 27.4834 3.09974 5
      vertex 31.5251 2.47487 5
      vertex 27.2647 3.58254 5
    endloop
  endfacet
  facet normal 0 0 1
    outer loop
      vertex 31.6923 2.63144 5
      vertex 27.2647 3.58254 5
      vertex 31.5251 2.47487 5
    endloop
  endfacet
  facet normal 0 0 1
    outer loop
      vertex 31.8693 2.77674 5
      vertex 27.2647 3.58254 5
      vertex 31.6923 2.63144 5
    endloop
  endfacet
  facet normal -0 -0 1
    outer loop
      vertex 27.2647 3.58254 5
      vertex 31.8693 2.77674 5
      vertex 27.0148 4.05 5
    endloop
  endfacet
  facet normal 0 0 1
    outer loop
      vertex 32.25 3.03109 5
      vertex 27.0148 4.05 5
      vertex 32.0555 2.91014 5
    endloop
  endfacet
  facet normal 0 0 1
    outer loop
      vertex 32.6606 3.23358 5
      vertex 26.4262 4.93097 5
      vertex 32.452 3.13905 5
    endloop
  endfacet
  facet normal 0 0 1
    outer loop
      vertex 45 17 5
      vertex 24.931 6.42616 5
      vertex 25.3407 6.0899 5
    endloop
  endfacet
  facet normal 0 0 1
    outer loop
      vertex 45 17 5
      vertex 24.5001 6.7349 5
      vertex 24.931 6.42616 5
    endloop
  endfacet
  facet normal 0 0 1
    outer loop
      vertex 45 17 5
      vertex 24.05 7.0148 5
      vertex 24.5001 6.7349 5
    endloop
  endfacet
  facet normal 0 0 1
    outer loop
      vertex 45 17 5
      vertex 23.5825 7.26467 5
      vertex 24.05 7.0148 5
    endloop
  endfacet
  facet normal 0 0 1
    outer loop
      vertex 45 17 5
      vertex 23.0997 7.48342 5
      vertex 23.5825 7.26467 5
    endloop
  endfacet
  facet normal 0 0 1
    outer loop
      vertex 45 17 5
      vertex 22.6037 7.67013 5
      vertex 23.0997 7.48342 5
    endloop
  endfacet
  facet normal 0 0 1
    outer loop
      vertex 45 17 5
      vertex 22.0964 7.824 5
      vertex 22.6037 7.67013 5
    endloop
  endfacet
  facet normal 0 0 1
    outer loop
      vertex 45 17 5
      vertex 21.5802 7.94436 5
      vertex 22.0964 7.824 5
    endloop
  endfacet
  facet normal 0 0 1
    outer loop
      vertex 45 17 5
      vertex 21.0573 8.0307 5
      vertex 21.5802 7.94436 5
    endloop
  endfacet
  facet normal 0 0 1
    outer loop
      vertex 45 17 5
      vertex 20.5298 8.08266 5
      vertex 21.0573 8.0307 5
    endloop
  endfacet
  facet normal 0 0 1
    outer loop
      vertex 45 17 5
      vertex 20 8.1 5
      vertex 20.5298 8.08266 5
    endloop
  endfacet
  facet normal 0 0 1
    outer loop
      vertex 45 17 5
      vertex 19.4702 8.08266 5
      vertex 20 8.1 5
    endloop
  endfacet
  facet normal 0 0 1
    outer loop
      vertex 45 17 5
      vertex 18.9427 8.0307 5
      vertex 19.4702 8.08266 5
    endloop
  endfacet
  facet normal 0 0 1
    outer loop
      vertex 45 17 5
      vertex 18.4198 7.94436 5
      vertex 18.9427 8.0307 5
    endloop
  endfacet
  facet normal -0 0 1
    outer loop
      vertex -45 17 5
      vertex 18.4198 7.94436 5
      vertex 45 17 5
    endloop
  endfacet
  facet normal 0 0 1
    outer loop
      vertex 18.4198 7.94436 5
      vertex -45 17 5
      vertex 17.9036 7.824 5
    endloop
  endfacet
  facet normal -0 0 1
    outer loop
      vertex 2.79615 0.117725 5
      vertex 11.9 0 5
      vertex 11.9173 0.529765 5
    endloop
  endfacet
  facet normal 0 0 1
    outer loop
      vertex 2.76541 0.351162 5
      vertex 11.9173 0.529765 5
      vertex 11.9693 1.05726 5
    endloop
  endfacet
  facet normal 0 0 1
    outer loop
      vertex 2.70447 0.57859 5
      vertex 11.9693 1.05726 5
      vertex 12.0556 1.58023 5
    endloop
  endfacet
  facet normal 0 0 1
    outer loop
      vertex 2.61437 0.796119 5
      vertex 12.0556 1.58023 5
      vertex 12.176 2.09643 5
    endloop
  endfacet
  facet normal 0 0 1
    outer loop
      vertex 2.49664 1.00003 5
      vertex 12.176 2.09643 5
      vertex 12.3299 2.60366 5
    endloop
  endfacet
  facet normal 0 0 1
    outer loop
      vertex 2.42804 1.09577 5
      vertex 12.3299 2.60366 5
      vertex 12.5166 3.09974 5
    endloop
  endfacet
  facet normal 0 0 1
    outer loop
      vertex 2.27279 1.27279 5
      vertex 12.5166 3.09974 5
      vertex 12.7353 3.58254 5
    endloop
  endfacet
  facet normal 0 0 1
    outer loop
      vertex 2.09577 1.42804 5
      vertex 12.7353 3.58254 5
      vertex 12.9852 4.05 5
    endloop
  endfacet
  facet normal 0 0 1
    outer loop
      vertex 1.9 1.55885 5
      vertex 12.9852 4.05 5
      vertex 13.2651 4.50012 5
    endloop
  endfacet
  facet normal 0 0 1
    outer loop
      vertex 1.79612 1.61437 5
      vertex 13.2651 4.50012 5
      vertex 13.5738 4.93097 5
    endloop
  endfacet
  facet normal 0 0 1
    outer loop
      vertex 1.57859 1.70447 5
      vertex 13.5738 4.93097 5
      vertex 13.9101 5.3407 5
    endloop
  endfacet
  facet normal 0 0 1
    outer loop
      vertex 1.46587 1.73867 5
      vertex 13.9101 5.3407 5
      vertex 14.2724 5.72756 5
    endloop
  endfacet
  facet normal 0 0 1
    outer loop
      vertex 1.23495 1.7846 5
      vertex 14.2724 5.72756 5
      vertex 14.6593 6.0899 5
    endloop
  endfacet
  facet normal 0 0 1
    outer loop
      vertex 1.11773 1.79615 5
      vertex 14.6593 6.0899 5
      vertex 15.069 6.42616 5
    endloop
  endfacet
  facet normal 0 0 1
    outer loop
      vertex 1 1.8 5
      vertex 15.069 6.42616 5
      vertex 15.4999 6.7349 5
    endloop
  endfacet
  facet normal 0 0 1
    outer loop
      vertex 0.882274 1.79615 5
      vertex 15.4999 6.7349 5
      vertex 15.95 7.0148 5
    endloop
  endfacet
  facet normal 0 0 1
    outer loop
      vertex -11.7781 1.68546 5
      vertex 15.95 7.0148 5
      vertex 16.4175 7.26467 5
    endloop
  endfacet
  facet normal 0 0 1
    outer loop
      vertex 11.9 0 5
      vertex 2.79615 0.117725 5
      vertex 2.8 0 5
    endloop
  endfacet
  facet normal 0 0 1
    outer loop
      vertex 11.9173 0.529765 5
      vertex 2.7846 0.234946 5
      vertex 2.79615 0.117725 5
    endloop
  endfacet
  facet normal 0 0 1
    outer loop
      vertex 11.9173 0.529765 5
      vertex 2.76541 0.351162 5
      vertex 2.7846 0.234946 5
    endloop
  endfacet
  facet normal 0 0 1
    outer loop
      vertex 11.9693 1.05726 5
      vertex 2.73867 0.465874 5
      vertex 2.76541 0.351162 5
    endloop
  endfacet
  facet normal 0 0 1
    outer loop
      vertex 11.9693 1.05726 5
      vertex 2.70447 0.57859 5
      vertex 2.73867 0.465874 5
    endloop
  endfacet
  facet normal 0 0 1
    outer loop
      vertex 12.0556 1.58023 5
      vertex 2.66298 0.688829 5
      vertex 2.70447 0.57859 5
    endloop
  endfacet
  facet normal 0 0 1
    outer loop
      vertex 12.0556 1.58023 5
      vertex 2.61437 0.796119 5
      vertex 2.66298 0.688829 5
    endloop
  endfacet
  facet normal 0 0 1
    outer loop
      vertex 12.176 2.09643 5
      vertex 2.55885 0.9 5
      vertex 2.61437 0.796119 5
    endloop
  endfacet
  facet normal 0 0 1
    outer loop
      vertex 12.176 2.09643 5
      vertex 2.49664 1.00003 5
      vertex 2.55885 0.9 5
    endloop
  endfacet
  facet normal 0 0 1
    outer loop
      vertex -45 17 5
      vertex 16.4175 7.26467 5
      vertex 16.9003 7.48342 5
    endloop
  endfacet
  facet normal 0 0 1
    outer loop
      vertex 12.3299 2.60366 5
      vertex 2.42804 1.09577 5
      vertex 2.49664 1.00003 5
    endloop
  endfacet
  facet normal 0 0 1
    outer loop
      vertex 12.5166 3.09974 5
      vertex 2.35331 1.18682 5
      vertex 2.42804 1.09577 5
    endloop
  endfacet
  facet normal 0 0 1
    outer loop
      vertex 12.5166 3.09974 5
      vertex 2.27279 1.27279 5
      vertex 2.35331 1.18682 5
    endloop
  endfacet
  facet normal 0 0 1
    outer loop
      vertex 12.7353 3.58254 5
      vertex 2.18682 1.35331 5
      vertex 2.27279 1.27279 5
    endloop
  endfacet
  facet normal 0 0 1
    outer loop
      vertex 12.7353 3.58254 5
      vertex 2.09577 1.42804 5
      vertex 2.18682 1.35331 5
    endloop
  endfacet
  facet normal 0 0 1
    outer loop
      vertex 12.9852 4.05 5
      vertex 2.00003 1.49664 5
      vertex 2.09577 1.42804 5
    endloop
  endfacet
  facet normal 0 0 1
    outer loop
      vertex 12.9852 4.05 5
      vertex 1.9 1.55885 5
      vertex 2.00003 1.49664 5
    endloop
  endfacet
  facet normal 0 0 1
    outer loop
      vertex 13.2651 4.50012 5
      vertex 1.79612 1.61437 5
      vertex 1.9 1.55885 5
    endloop
  endfacet
  facet normal 0 0 1
    outer loop
      vertex 13.5738 4.93097 5
      vertex 1.68883 1.66298 5
      vertex 1.79612 1.61437 5
    endloop
  endfacet
  facet normal 0 0 1
    outer loop
      vertex 13.5738 4.93097 5
      vertex 1.57859 1.70447 5
      vertex 1.68883 1.66298 5
    endloop
  endfacet
  facet normal 0 0 1
    outer loop
      vertex 13.9101 5.3407 5
      vertex 1.46587 1.73867 5
      vertex 1.57859 1.70447 5
    endloop
  endfacet
  facet normal 0 0 1
    outer loop
      vertex -45 17 5
      vertex 16.9003 7.48342 5
      vertex 17.3963 7.67013 5
    endloop
  endfacet
  facet normal 0 0 1
    outer loop
      vertex 14.2724 5.72756 5
      vertex 1.35116 1.76541 5
      vertex 1.46587 1.73867 5
    endloop
  endfacet
  facet normal 0 0 1
    outer loop
      vertex 14.2724 5.72756 5
      vertex 1.23495 1.7846 5
      vertex 1.35116 1.76541 5
    endloop
  endfacet
  facet normal 0 0 1
    outer loop
      vertex 14.6593 6.0899 5
      vertex 1.11773 1.79615 5
      vertex 1.23495 1.7846 5
    endloop
  endfacet
  facet normal 0 0 1
    outer loop
      vertex 15.069 6.42616 5
      vertex 1 1.8 5
      vertex 1.11773 1.79615 5
    endloop
  endfacet
  facet normal 0 0 1
    outer loop
      vertex 15.4999 6.7349 5
      vertex 0.882274 1.79615 5
      vertex 1 1.8 5
    endloop
  endfacet
  facet normal 0 0 1
    outer loop
      vertex 15.95 7.0148 5
      vertex 0.765053 1.7846 5
      vertex 0.882274 1.79615 5
    endloop
  endfacet
  facet normal 0 0 1
    outer loop
      vertex 15.95 7.0148 5
      vertex -11.7781 1.68546 5
      vertex 0.765053 1.7846 5
    endloop
  endfacet
  facet normal 0 0 1
    outer loop
      vertex 0.765053 1.7846 5
      vertex -11.7781 1.68546 5
      vertex 0.648837 1.76541 5
    endloop
  endfacet
  facet normal 0 -0 1
    outer loop
      vertex -11.6683 1.66733 5
      vertex 0.648837 1.76541 5
      vertex -11.7781 1.68546 5
    endloop
  endfacet
  facet normal 0 0 1
    outer loop
      vertex -0.796145 0.117725 5
      vertex -10.3 0 5
      vertex -0.799999 0 5
    endloop
  endfacet
  facet normal 0 0 1
    outer loop
      vertex -10.3036 0.111185 5
      vertex -0.796145 0.117725 5
      vertex -0.7846 0.234946 5
    endloop
  endfacet
  facet normal 0 0 1
    outer loop
      vertex -10.3145 0.221894 5
      vertex -0.7846 0.234946 5
      vertex -0.765413 0.351162 5
    endloop
  endfacet
  facet normal 0 0 1
    outer loop
      vertex -10.3327 0.331653 5
      vertex -0.765413 0.351162 5
      vertex -0.738666 0.465874 5
    endloop
  endfacet
  facet normal 0 0 1
    outer loop
      vertex -10.3579 0.439992 5
      vertex -0.738666 0.465874 5
      vertex -0.704473 0.57859 5
    endloop
  endfacet
  facet normal 0 0 1
    outer loop
      vertex -10.3902 0.546447 5
      vertex -0.704473 0.57859 5
      vertex -0.662983 0.688829 5
    endloop
  endfacet
  facet normal 0 0 1
    outer loop
      vertex -10.4294 0.650561 5
      vertex -0.662983 0.688829 5
      vertex -0.61437 0.796119 5
    endloop
  endfacet
  facet normal 0 0 1
    outer loop
      vertex -10.4753 0.75189 5
      vertex -0.61437 0.796119 5
      vertex -0.558846 0.9 5
    endloop
  endfacet
  facet normal -0 0 1
    outer loop
      vertex -10.5865 0.944468 5
      vertex -0.558846 0.9 5
      vertex -0.496645 1.00003 5
    endloop
  endfacet
  facet normal -0 0 1
    outer loop
      vertex -10.6513 1.03489 5
      vertex -0.496645 1.00003 5
      vertex -0.428036 1.09577 5
    endloop
  endfacet
  facet normal -0 0 1
    outer loop
      vertex -10.7219 1.12089 5
      vertex -0.428036 1.09577 5
      vertex -0.353312 1.18682 5
    endloop
  endfacet
  facet normal -0 0 1
    outer loop
      vertex -10.7979 1.20208 5
      vertex -0.353312 1.18682 5
      vertex -0.272792 1.27279 5
    endloop
  endfacet
  facet normal -0 0 1
    outer loop
      vertex -10.8791 1.27813 5
      vertex -0.272792 1.27279 5
      vertex -0.186822 1.35331 5
    endloop
  endfacet
  facet normal 0 0 1
    outer loop
      vertex -10.9651 1.3487 5
      vertex -0.186822 1.35331 5
      vertex -0.0957699 1.42804 5
    endloop
  endfacet
  facet normal 0 0 1
    outer loop
      vertex -11.0555 1.4135 5
      vertex -0.0957699 1.42804 5
      vertex -2.57492e-05 1.49664 5
    endloop
  endfacet
  facet normal 0 0 1
    outer loop
      vertex -11.15 1.47224 5
      vertex -2.57492e-05 1.49664 5
      vertex 0.0999994 1.55885 5
    endloop
  endfacet
  facet normal 0 0 1
    outer loop
      vertex -11.2481 1.52468 5
      vertex 0.0999994 1.55885 5
      vertex 0.20388 1.61437 5
    endloop
  endfacet
  facet normal 0 0 1
    outer loop
      vertex -11.3494 1.57059 5
      vertex 0.20388 1.61437 5
      vertex 0.31117 1.66298 5
    endloop
  endfacet
  facet normal 0 0 1
    outer loop
      vertex -11.4536 1.60978 5
      vertex 0.31117 1.66298 5
      vertex 0.421409 1.70447 5
    endloop
  endfacet
  facet normal 0 0 1
    outer loop
      vertex 0.648837 1.76541 5
      vertex -11.6683 1.66733 5
      vertex 0.534125 1.73867 5
    endloop
  endfacet
  facet normal 0 0 1
    outer loop
      vertex 17.9036 7.824 5
      vertex -45 17 5
      vertex 17.3963 7.67013 5
    endloop
  endfacet
  facet normal 0 0 1
    outer loop
      vertex -0.796145 0.117725 5
      vertex -10.3036 0.111185 5
      vertex -10.3 0 5
    endloop
  endfacet
  facet normal 0 0 1
    outer loop
      vertex -0.7846 0.234946 5
      vertex -10.3145 0.221894 5
      vertex -10.3036 0.111185 5
    endloop
  endfacet
  facet normal 0 0 1
    outer loop
      vertex -0.765413 0.351162 5
      vertex -10.3327 0.331653 5
      vertex -10.3145 0.221894 5
    endloop
  endfacet
  facet normal 0 0 1
    outer loop
      vertex -0.738666 0.465874 5
      vertex -10.3579 0.439992 5
      vertex -10.3327 0.331653 5
    endloop
  endfacet
  facet normal 0 0 1
    outer loop
      vertex -0.704473 0.57859 5
      vertex -10.3902 0.546447 5
      vertex -10.3579 0.439992 5
    endloop
  endfacet
  facet normal 0 0 1
    outer loop
      vertex -0.662983 0.688829 5
      vertex -10.4294 0.650561 5
      vertex -10.3902 0.546447 5
    endloop
  endfacet
  facet normal 0 0 1
    outer loop
      vertex -0.61437 0.796119 5
      vertex -10.4753 0.75189 5
      vertex -10.4294 0.650561 5
    endloop
  endfacet
  facet normal 0 0 1
    outer loop
      vertex -0.558846 0.9 5
      vertex -10.5278 0.849999 5
      vertex -10.4753 0.75189 5
    endloop
  endfacet
  facet normal 0 0 1
    outer loop
      vertex -0.558846 0.9 5
      vertex -10.5865 0.944468 5
      vertex -10.5278 0.849999 5
    endloop
  endfacet
  facet normal 0 0 1
    outer loop
      vertex -0.496645 1.00003 5
      vertex -10.6513 1.03489 5
      vertex -10.5865 0.944468 5
    endloop
  endfacet
  facet normal 0 0 1
    outer loop
      vertex -0.428036 1.09577 5
      vertex -10.7219 1.12089 5
      vertex -10.6513 1.03489 5
    endloop
  endfacet
  facet normal 0 0 1
    outer loop
      vertex -0.353312 1.18682 5
      vertex -10.7979 1.20208 5
      vertex -10.7219 1.12089 5
    endloop
  endfacet
  facet normal 0 0 1
    outer loop
      vertex -0.272792 1.27279 5
      vertex -10.8791 1.27813 5
      vertex -10.7979 1.20208 5
    endloop
  endfacet
  facet normal 0 0 1
    outer loop
      vertex -0.186822 1.35331 5
      vertex -10.9651 1.3487 5
      vertex -10.8791 1.27813 5
    endloop
  endfacet
  facet normal 0 0 1
    outer loop
      vertex -0.0957699 1.42804 5
      vertex -11.0555 1.4135 5
      vertex -10.9651 1.3487 5
    endloop
  endfacet
  facet normal 0 0 1
    outer loop
      vertex -2.57492e-05 1.49664 5
      vertex -11.15 1.47224 5
      vertex -11.0555 1.4135 5
    endloop
  endfacet
  facet normal 0 0 1
    outer loop
      vertex 0.0999994 1.55885 5
      vertex -11.2481 1.52468 5
      vertex -11.15 1.47224 5
    endloop
  endfacet
  facet normal 0 0 1
    outer loop
      vertex 0.20388 1.61437 5
      vertex -11.3494 1.57059 5
      vertex -11.2481 1.52468 5
    endloop
  endfacet
  facet normal 0 0 1
    outer loop
      vertex 0.31117 1.66298 5
      vertex -11.4536 1.60978 5
      vertex -11.3494 1.57059 5
    endloop
  endfacet
  facet normal 0 0 1
    outer loop
      vertex 0.421409 1.70447 5
      vertex -11.56 1.64207 5
      vertex -11.4536 1.60978 5
    endloop
  endfacet
  facet normal 0 0 1
    outer loop
      vertex 0.534125 1.73867 5
      vertex -11.56 1.64207 5
      vertex 0.421409 1.70447 5
    endloop
  endfacet
  facet normal 0 -0 1
    outer loop
      vertex -11.56 1.64207 5
      vertex 0.534125 1.73867 5
      vertex -11.6683 1.66733 5
    endloop
  endfacet
  facet normal 0 0 1
    outer loop
      vertex 16.4175 7.26467 5
      vertex -45 17 5
      vertex -11.8888 1.69636 5
    endloop
  endfacet
  facet normal 0 0 1
    outer loop
      vertex 16.4175 7.26467 5
      vertex -11.8888 1.69636 5
      vertex -11.7781 1.68546 5
    endloop
  endfacet
  facet normal 0 0 1
    outer loop
      vertex -11.8888 1.69636 5
      vertex -45 17 5
      vertex -12 1.7 5
    endloop
  endfacet
  facet normal 0 0 1
    outer loop
      vertex -12 1.7 5
      vertex -45 17 5
      vertex -12.1112 1.69636 5
    endloop
  endfacet
  facet normal 0 0 1
    outer loop
      vertex -12.1112 1.69636 5
      vertex -45 17 5
      vertex -12.2219 1.68546 5
    endloop
  endfacet
  facet normal 0 0 1
    outer loop
      vertex -12.2219 1.68546 5
      vertex -45 17 5
      vertex -12.3317 1.66733 5
    endloop
  endfacet
  facet normal 0 0 1
    outer loop
      vertex -13.6964 0.111185 5
      vertex -23.4 0 5
      vertex -13.7 0 5
    endloop
  endfacet
  facet normal 0 0 1
    outer loop
      vertex -23.4034 0.104645 5
      vertex -13.6964 0.111185 5
      vertex -13.6855 0.221894 5
    endloop
  endfacet
  facet normal 0 0 1
    outer loop
      vertex -23.4137 0.208841 5
      vertex -13.6855 0.221894 5
      vertex -13.6673 0.331653 5
    endloop
  endfacet
  facet normal 0 0 1
    outer loop
      vertex -23.4307 0.312144 5
      vertex -13.6673 0.331653 5
      vertex -13.6421 0.439992 5
    endloop
  endfacet
  facet normal 0 0 1
    outer loop
      vertex -23.4545 0.41411 5
      vertex -13.6421 0.439992 5
      vertex -13.6098 0.546447 5
    endloop
  endfacet
  facet normal 0 0 1
    outer loop
      vertex -23.4849 0.514302 5
      vertex -13.6098 0.546447 5
      vertex -13.5706 0.650561 5
    endloop
  endfacet
  facet normal 0 0 1
    outer loop
      vertex -23.5218 0.612293 5
      vertex -13.5706 0.650561 5
      vertex -13.5247 0.75189 5
    endloop
  endfacet
  facet normal 0 0 1
    outer loop
      vertex -23.565 0.707662 5
      vertex -13.5247 0.75189 5
      vertex -13.4722 0.849999 5
    endloop
  endfacet
  facet normal -0 0 1
    outer loop
      vertex -23.6696 0.888912 5
      vertex -13.4722 0.849999 5
      vertex -13.4135 0.944468 5
    endloop
  endfacet
  facet normal -0 0 1
    outer loop
      vertex -23.7306 0.974018 5
      vertex -13.4135 0.944468 5
      vertex -13.3487 1.03489 5
    endloop
  endfacet
  facet normal -0 0 1
    outer loop
      vertex -23.7971 1.05495 5
      vertex -13.3487 1.03489 5
      vertex -13.2781 1.12089 5
    endloop
  endfacet
  facet normal -0 0 1
    outer loop
      vertex -23.8686 1.13137 5
      vertex -13.2781 1.12089 5
      vertex -13.2021 1.20208 5
    endloop
  endfacet
  facet normal -0 0 1
    outer loop
      vertex -23.945 1.20294 5
      vertex -13.2021 1.20208 5
      vertex -13.1209 1.27813 5
    endloop
  endfacet
  facet normal 0 0 1
    outer loop
      vertex -24.026 1.26937 5
      vertex -13.1209 1.27813 5
      vertex -13.0349 1.3487 5
    endloop
  endfacet
  facet normal 0 0 1
    outer loop
      vertex -24.1111 1.33035 5
      vertex -13.0349 1.3487 5
      vertex -12.9445 1.4135 5
    endloop
  endfacet
  facet normal 0 0 1
    outer loop
      vertex -24.2 1.38564 5
      vertex -12.9445 1.4135 5
      vertex -12.85 1.47224 5
    endloop
  endfacet
  facet normal 0 0 1
    outer loop
      vertex -24.2923 1.435 5
      vertex -12.85 1.47224 5
      vertex -12.7519 1.52468 5
    endloop
  endfacet
  facet normal 0 0 1
    outer loop
      vertex -24.3877 1.47821 5
      vertex -12.7519 1.52468 5
      vertex -12.6506 1.57059 5
    endloop
  endfacet
  facet normal 0 0 1
    outer loop
      vertex -24.4857 1.51509 5
      vertex -12.6506 1.57059 5
      vertex -12.5464 1.60978 5
    endloop
  endfacet
  facet normal 0 0 1
    outer loop
      vertex -24.5859 1.54548 5
      vertex -12.5464 1.60978 5
      vertex -12.44 1.64207 5
    endloop
  endfacet
  facet normal 0 -0 1
    outer loop
      vertex -24.6879 1.56926 5
      vertex -12.3317 1.66733 5
      vertex -45 17 5
    endloop
  endfacet
  facet normal 0 0 1
    outer loop
      vertex -13.6964 0.111185 5
      vertex -23.4034 0.104645 5
      vertex -23.4 0 5
    endloop
  endfacet
  facet normal 0 0 1
    outer loop
      vertex -13.6855 0.221894 5
      vertex -23.4137 0.208841 5
      vertex -23.4034 0.104645 5
    endloop
  endfacet
  facet normal 0 0 1
    outer loop
      vertex -13.6673 0.331653 5
      vertex -23.4307 0.312144 5
      vertex -23.4137 0.208841 5
    endloop
  endfacet
  facet normal 0 0 1
    outer loop
      vertex -13.6421 0.439992 5
      vertex -23.4545 0.41411 5
      vertex -23.4307 0.312144 5
    endloop
  endfacet
  facet normal 0 0 1
    outer loop
      vertex -13.6098 0.546447 5
      vertex -23.4849 0.514302 5
      vertex -23.4545 0.41411 5
    endloop
  endfacet
  facet normal 0 0 1
    outer loop
      vertex -13.5706 0.650561 5
      vertex -23.5218 0.612293 5
      vertex -23.4849 0.514302 5
    endloop
  endfacet
  facet normal 0 0 1
    outer loop
      vertex -13.5247 0.75189 5
      vertex -23.565 0.707662 5
      vertex -23.5218 0.612293 5
    endloop
  endfacet
  facet normal 0 0 1
    outer loop
      vertex -13.4722 0.849999 5
      vertex -23.6144 0.799999 5
      vertex -23.565 0.707662 5
    endloop
  endfacet
  facet normal 0 0 1
    outer loop
      vertex -13.4722 0.849999 5
      vertex -23.6696 0.888912 5
      vertex -23.6144 0.799999 5
    endloop
  endfacet
  facet normal 0 0 1
    outer loop
      vertex -13.4135 0.944468 5
      vertex -23.7306 0.974018 5
      vertex -23.6696 0.888912 5
    endloop
  endfacet
  facet normal 0 0 1
    outer loop
      vertex -13.3487 1.03489 5
      vertex -23.7971 1.05495 5
      vertex -23.7306 0.974018 5
    endloop
  endfacet
  facet normal 0 0 1
    outer loop
      vertex -13.2781 1.12089 5
      vertex -23.8686 1.13137 5
      vertex -23.7971 1.05495 5
    endloop
  endfacet
  facet normal 0 0 1
    outer loop
      vertex -13.2021 1.20208 5
      vertex -23.945 1.20294 5
      vertex -23.8686 1.13137 5
    endloop
  endfacet
  facet normal 0 0 1
    outer loop
      vertex -13.1209 1.27813 5
      vertex -24.026 1.26937 5
      vertex -23.945 1.20294 5
    endloop
  endfacet
  facet normal 0 0 1
    outer loop
      vertex -13.0349 1.3487 5
      vertex -24.1111 1.33035 5
      vertex -24.026 1.26937 5
    endloop
  endfacet
  facet normal 0 0 1
    outer loop
      vertex -12.9445 1.4135 5
      vertex -24.2 1.38564 5
      vertex -24.1111 1.33035 5
    endloop
  endfacet
  facet normal 0 0 1
    outer loop
      vertex -12.85 1.47224 5
      vertex -24.2923 1.435 5
      vertex -24.2 1.38564 5
    endloop
  endfacet
  facet normal 0 0 1
    outer loop
      vertex -12.7519 1.52468 5
      vertex -24.3877 1.47821 5
      vertex -24.2923 1.435 5
    endloop
  endfacet
  facet normal 0 0 1
    outer loop
      vertex -12.3317 1.66733 5
      vertex -24.6879 1.56926 5
      vertex -12.44 1.64207 5
    endloop
  endfacet
  facet normal 0 0 1
    outer loop
      vertex -12.6506 1.57059 5
      vertex -24.4857 1.51509 5
      vertex -24.3877 1.47821 5
    endloop
  endfacet
  facet normal 0 0 1
    outer loop
      vertex -12.5464 1.60978 5
      vertex -24.5859 1.54548 5
      vertex -24.4857 1.51509 5
    endloop
  endfacet
  facet normal 0 0 1
    outer loop
      vertex -12.44 1.64207 5
      vertex -24.6879 1.56926 5
      vertex -24.5859 1.54548 5
    endloop
  endfacet
  facet normal 0 0 1
    outer loop
      vertex -24.6879 1.56926 5
      vertex -45 17 5
      vertex -24.7912 1.58631 5
    endloop
  endfacet
  facet normal 0 0 1
    outer loop
      vertex -24.7912 1.58631 5
      vertex -45 17 5
      vertex -24.8954 1.59657 5
    endloop
  endfacet
  facet normal 0 0 1
    outer loop
      vertex -24.8954 1.59657 5
      vertex -45 17 5
      vertex -25 1.6 5
    endloop
  endfacet
  facet normal 0 0 1
    outer loop
      vertex -25 1.6 5
      vertex -45 17 5
      vertex -25.1046 1.59657 5
    endloop
  endfacet
  facet normal 0 0 1
    outer loop
      vertex -25.1046 1.59657 5
      vertex -45 17 5
      vertex -25.2088 1.58631 5
    endloop
  endfacet
  facet normal 0 0 1
    outer loop
      vertex -26.5966 0.104645 5
      vertex -36.5 0 5
      vertex -26.6 0 5
    endloop
  endfacet
  facet normal 0 0 1
    outer loop
      vertex -36.5032 0.0981045 5
      vertex -26.5966 0.104645 5
      vertex -26.5863 0.208841 5
    endloop
  endfacet
  facet normal 0 0 1
    outer loop
      vertex -36.5128 0.195788 5
      vertex -26.5863 0.208841 5
      vertex -26.5693 0.312144 5
    endloop
  endfacet
  facet normal 0 0 1
    outer loop
      vertex -36.5288 0.292635 5
      vertex -26.5693 0.312144 5
      vertex -26.5455 0.41411 5
    endloop
  endfacet
  facet normal 0 0 1
    outer loop
      vertex -36.5511 0.388228 5
      vertex -26.5455 0.41411 5
      vertex -26.5151 0.514302 5
    endloop
  endfacet
  facet normal 0 0 1
    outer loop
      vertex -36.5796 0.482159 5
      vertex -26.5151 0.514302 5
      vertex -26.4782 0.612293 5
    endloop
  endfacet
  facet normal 0 0 1
    outer loop
      vertex -36.6142 0.574024 5
      vertex -26.4782 0.612293 5
      vertex -26.435 0.707662 5
    endloop
  endfacet
  facet normal 0 0 1
    outer loop
      vertex -36.6547 0.663432 5
      vertex -26.435 0.707662 5
      vertex -26.3856 0.799999 5
    endloop
  endfacet
  facet normal -0 0 1
    outer loop
      vertex -36.7528 0.833355 5
      vertex -26.3856 0.799999 5
      vertex -26.3304 0.888912 5
    endloop
  endfacet
  facet normal -0 0 1
    outer loop
      vertex -36.81 0.913141 5
      vertex -26.3304 0.888912 5
      vertex -26.2694 0.974018 5
    endloop
  endfacet
  facet normal -0 0 1
    outer loop
      vertex -36.8722 0.989018 5
      vertex -26.2694 0.974018 5
      vertex -26.2029 1.05495 5
    endloop
  endfacet
  facet normal -0 0 1
    outer loop
      vertex -36.9393 1.06066 5
      vertex -26.2029 1.05495 5
      vertex -26.1314 1.13137 5
    endloop
  endfacet
  facet normal 0 0 1
    outer loop
      vertex -37.011 1.12776 5
      vertex -26.1314 1.13137 5
      vertex -26.055 1.20294 5
    endloop
  endfacet
  facet normal 0 0 1
    outer loop
      vertex -37.0869 1.19003 5
      vertex -26.055 1.20294 5
      vertex -25.974 1.26937 5
    endloop
  endfacet
  facet normal 0 0 1
    outer loop
      vertex -37.1666 1.2472 5
      vertex -25.974 1.26937 5
      vertex -25.8889 1.33035 5
    endloop
  endfacet
  facet normal 0 0 1
    outer loop
      vertex -37.25 1.29904 5
      vertex -25.8889 1.33035 5
      vertex -25.8 1.38564 5
    endloop
  endfacet
  facet normal 0 0 1
    outer loop
      vertex -37.3366 1.34531 5
      vertex -25.8 1.38564 5
      vertex -25.7077 1.435 5
    endloop
  endfacet
  facet normal 0 0 1
    outer loop
      vertex -45 17 5
      vertex -25.7077 1.435 5
      vertex -25.6123 1.47821 5
    endloop
  endfacet
  facet normal 0 0 1
    outer loop
      vertex -45 17 5
      vertex -25.6123 1.47821 5
      vertex -25.5143 1.51509 5
    endloop
  endfacet
  facet normal 0 0 1
    outer loop
      vertex -45 17 5
      vertex -25.5143 1.51509 5
      vertex -25.4141 1.54548 5
    endloop
  endfacet
  facet normal 0 0 1
    outer loop
      vertex -45 17 5
      vertex -25.4141 1.54548 5
      vertex -25.3121 1.56926 5
    endloop
  endfacet
  facet normal 0 0 1
    outer loop
      vertex -25.2088 1.58631 5
      vertex -45 17 5
      vertex -25.3121 1.56926 5
    endloop
  endfacet
  facet normal 0 0 1
    outer loop
      vertex -26.5966 0.104645 5
      vertex -36.5032 0.0981045 5
      vertex -36.5 0 5
    endloop
  endfacet
  facet normal 0 0 1
    outer loop
      vertex -26.5863 0.208841 5
      vertex -36.5128 0.195788 5
      vertex -36.5032 0.0981045 5
    endloop
  endfacet
  facet normal 0 0 1
    outer loop
      vertex -26.5693 0.312144 5
      vertex -36.5288 0.292635 5
      vertex -36.5128 0.195788 5
    endloop
  endfacet
  facet normal 0 0 1
    outer loop
      vertex -26.5455 0.41411 5
      vertex -36.5511 0.388228 5
      vertex -36.5288 0.292635 5
    endloop
  endfacet
  facet normal 0 0 1
    outer loop
      vertex -26.5151 0.514302 5
      vertex -36.5796 0.482159 5
      vertex -36.5511 0.388228 5
    endloop
  endfacet
  facet normal 0 0 1
    outer loop
      vertex -26.4782 0.612293 5
      vertex -36.6142 0.574024 5
      vertex -36.5796 0.482159 5
    endloop
  endfacet
  facet normal 0 0 1
    outer loop
      vertex -26.435 0.707662 5
      vertex -36.6547 0.663432 5
      vertex -36.6142 0.574024 5
    endloop
  endfacet
  facet normal 0 0 1
    outer loop
      vertex -26.3856 0.799999 5
      vertex -36.701 0.75 5
      vertex -36.6547 0.663432 5
    endloop
  endfacet
  facet normal 0 0 1
    outer loop
      vertex -26.3856 0.799999 5
      vertex -36.7528 0.833355 5
      vertex -36.701 0.75 5
    endloop
  endfacet
  facet normal 0 0 1
    outer loop
      vertex -26.3304 0.888912 5
      vertex -36.81 0.913141 5
      vertex -36.7528 0.833355 5
    endloop
  endfacet
  facet normal 0 0 1
    outer loop
      vertex -25.7077 1.435 5
      vertex -45 17 5
      vertex -37.3366 1.34531 5
    endloop
  endfacet
  facet normal 0 0 1
    outer loop
      vertex -26.2694 0.974018 5
      vertex -36.8722 0.989018 5
      vertex -36.81 0.913141 5
    endloop
  endfacet
  facet normal 0 0 1
    outer loop
      vertex -26.2029 1.05495 5
      vertex -36.9393 1.06066 5
      vertex -36.8722 0.989018 5
    endloop
  endfacet
  facet normal 0 0 1
    outer loop
      vertex -26.1314 1.13137 5
      vertex -37.011 1.12776 5
      vertex -36.9393 1.06066 5
    endloop
  endfacet
  facet normal 0 0 1
    outer loop
      vertex -26.055 1.20294 5
      vertex -37.0869 1.19003 5
      vertex -37.011 1.12776 5
    endloop
  endfacet
  facet normal 0 0 1
    outer loop
      vertex -25.974 1.26937 5
      vertex -37.1666 1.2472 5
      vertex -37.0869 1.19003 5
    endloop
  endfacet
  facet normal 0 0 1
    outer loop
      vertex -25.8889 1.33035 5
      vertex -37.25 1.29904 5
      vertex -37.1666 1.2472 5
    endloop
  endfacet
  facet normal 0 0 1
    outer loop
      vertex -25.8 1.38564 5
      vertex -37.3366 1.34531 5
      vertex -37.25 1.29904 5
    endloop
  endfacet
  facet normal 0 0 1
    outer loop
      vertex -37.3366 1.34531 5
      vertex -45 17 5
      vertex -37.426 1.38582 5
    endloop
  endfacet
  facet normal 0 0 1
    outer loop
      vertex -37.426 1.38582 5
      vertex -45 17 5
      vertex -37.5178 1.42039 5
    endloop
  endfacet
  facet normal 0 0 1
    outer loop
      vertex -37.5178 1.42039 5
      vertex -45 17 5
      vertex -37.6118 1.44889 5
    endloop
  endfacet
  facet normal 0 0 1
    outer loop
      vertex -37.6118 1.44889 5
      vertex -45 17 5
      vertex -37.7074 1.47118 5
    endloop
  endfacet
  facet normal 0 0 1
    outer loop
      vertex -37.7074 1.47118 5
      vertex -45 17 5
      vertex -37.8042 1.48717 5
    endloop
  endfacet
  facet normal 0 0 1
    outer loop
      vertex -37.8042 1.48717 5
      vertex -45 17 5
      vertex -37.9019 1.49679 5
    endloop
  endfacet
  facet normal 0 0 1
    outer loop
      vertex -37.9019 1.49679 5
      vertex -45 17 5
      vertex -38 1.5 5
    endloop
  endfacet
  facet normal 0 0 1
    outer loop
      vertex -38 1.5 5
      vertex -45 17 5
      vertex -38.0981 1.49679 5
    endloop
  endfacet
  facet normal 0 0 1
    outer loop
      vertex -38.0981 1.49679 5
      vertex -45 17 5
      vertex -38.1958 1.48717 5
    endloop
  endfacet
  facet normal 0 0 1
    outer loop
      vertex -39.4872 0.195788 5
      vertex -48 14 5
      vertex -39.4968 0.0981045 5
    endloop
  endfacet
  facet normal 0 0 1
    outer loop
      vertex -39.4712 0.292635 5
      vertex -48 14 5
      vertex -39.4872 0.195788 5
    endloop
  endfacet
  facet normal 0 0 1
    outer loop
      vertex -39.4489 0.388228 5
      vertex -48 14 5
      vertex -39.4712 0.292635 5
    endloop
  endfacet
  facet normal 0 0 1
    outer loop
      vertex -39.4204 0.482159 5
      vertex -48 14 5
      vertex -39.4489 0.388228 5
    endloop
  endfacet
  facet normal 0 0 1
    outer loop
      vertex -39.3858 0.574024 5
      vertex -48 14 5
      vertex -39.4204 0.482159 5
    endloop
  endfacet
  facet normal 0 0 1
    outer loop
      vertex -39.3453 0.663432 5
      vertex -48 14 5
      vertex -39.3858 0.574024 5
    endloop
  endfacet
  facet normal 0 0 1
    outer loop
      vertex -39.299 0.75 5
      vertex -48 14 5
      vertex -39.3453 0.663432 5
    endloop
  endfacet
  facet normal 0 0 1
    outer loop
      vertex -39.2472 0.833355 5
      vertex -48 14 5
      vertex -39.299 0.75 5
    endloop
  endfacet
  facet normal 0 0 1
    outer loop
      vertex -39.19 0.913141 5
      vertex -48 14 5
      vertex -39.2472 0.833355 5
    endloop
  endfacet
  facet normal 0 0 1
    outer loop
      vertex -39.1278 0.989018 5
      vertex -48 14 5
      vertex -39.19 0.913141 5
    endloop
  endfacet
  facet normal 0 0 1
    outer loop
      vertex -39.0607 1.06066 5
      vertex -48 14 5
      vertex -39.1278 0.989018 5
    endloop
  endfacet
  facet normal 0 0 1
    outer loop
      vertex -38.989 1.12776 5
      vertex -48 14 5
      vertex -39.0607 1.06066 5
    endloop
  endfacet
  facet normal 0 0 1
    outer loop
      vertex -38.9131 1.19003 5
      vertex -48 14 5
      vertex -38.989 1.12776 5
    endloop
  endfacet
  facet normal 0 0 1
    outer loop
      vertex -38.8334 1.2472 5
      vertex -48 14 5
      vertex -38.9131 1.19003 5
    endloop
  endfacet
  facet normal 0 0 1
    outer loop
      vertex -38.75 1.29904 5
      vertex -48 14 5
      vertex -38.8334 1.2472 5
    endloop
  endfacet
  facet normal 0 0 1
    outer loop
      vertex -38.6634 1.34531 5
      vertex -48 14 5
      vertex -38.75 1.29904 5
    endloop
  endfacet
  facet normal 0 0 1
    outer loop
      vertex -38.574 1.38582 5
      vertex -48 14 5
      vertex -38.6634 1.34531 5
    endloop
  endfacet
  facet normal 0 0 1
    outer loop
      vertex -38.4822 1.42039 5
      vertex -48 14 5
      vertex -38.574 1.38582 5
    endloop
  endfacet
  facet normal 0 0 1
    outer loop
      vertex -38.3882 1.44889 5
      vertex -48 14 5
      vertex -38.4822 1.42039 5
    endloop
  endfacet
  facet normal -0 0 1
    outer loop
      vertex -48 14 5
      vertex -38.3882 1.44889 5
      vertex -45 17 5
    endloop
  endfacet
  facet normal 0 0 1
    outer loop
      vertex -38.2926 1.47118 5
      vertex -45 17 5
      vertex -38.3882 1.44889 5
    endloop
  endfacet
  facet normal 0 0 1
    outer loop
      vertex -38.1958 1.48717 5
      vertex -45 17 5
      vertex -38.2926 1.47118 5
    endloop
  endfacet
  facet normal -0 0 1
    outer loop
      vertex 46 -1.7 5
      vertex 48 -14 5
      vertex 48 -1.7 5
    endloop
  endfacet
  facet normal 0 0 1
    outer loop
      vertex 45.8888 -1.69636 5
      vertex 48 -14 5
      vertex 46 -1.7 5
    endloop
  endfacet
  facet normal 0 0 1
    outer loop
      vertex 45.7781 -1.68546 5
      vertex 48 -14 5
      vertex 45.8888 -1.69636 5
    endloop
  endfacet
  facet normal 0 0 1
    outer loop
      vertex 45.6683 -1.66733 5
      vertex 48 -14 5
      vertex 45.7781 -1.68546 5
    endloop
  endfacet
  facet normal 0 0 1
    outer loop
      vertex 45.56 -1.64207 5
      vertex 48 -14 5
      vertex 45.6683 -1.66733 5
    endloop
  endfacet
  facet normal 0 0 1
    outer loop
      vertex 45.4536 -1.60978 5
      vertex 48 -14 5
      vertex 45.56 -1.64207 5
    endloop
  endfacet
  facet normal 0 0 1
    outer loop
      vertex 45.3494 -1.57059 5
      vertex 48 -14 5
      vertex 45.4536 -1.60978 5
    endloop
  endfacet
  facet normal 0 0 1
    outer loop
      vertex 45.2481 -1.52468 5
      vertex 48 -14 5
      vertex 45.3494 -1.57059 5
    endloop
  endfacet
  facet normal -0 0 1
    outer loop
      vertex 36.3077 -2.63144 5
      vertex 48 -14 5
      vertex 45.2481 -1.52468 5
    endloop
  endfacet
  facet normal 0 0 1
    outer loop
      vertex 47.1213 -16.1213 5
      vertex 45 -17 5
      vertex 46.5 -16.5981 5
    endloop
  endfacet
  facet normal 0 0 1
    outer loop
      vertex 47.5981 -15.5 5
      vertex 45 -17 5
      vertex 47.1213 -16.1213 5
    endloop
  endfacet
  facet normal 0 0 1
    outer loop
      vertex 47.8978 -14.7764 5
      vertex 45 -17 5
      vertex 47.5981 -15.5 5
    endloop
  endfacet
  facet normal -0 0 1
    outer loop
      vertex 36.1307 -2.77674 5
      vertex 48 -14 5
      vertex 36.3077 -2.63144 5
    endloop
  endfacet
  facet normal 0 0 1
    outer loop
      vertex 36.3077 -2.63144 5
      vertex 45.2481 -1.52468 5
      vertex 45.15 -1.47224 5
    endloop
  endfacet
  facet normal 0 0 1
    outer loop
      vertex 36.4749 -2.47487 5
      vertex 45.15 -1.47224 5
      vertex 45.0555 -1.4135 5
    endloop
  endfacet
  facet normal 0 0 1
    outer loop
      vertex 46.5 -16.5981 5
      vertex 45 -17 5
      vertex 45.7764 -16.8978 5
    endloop
  endfacet
  facet normal 0 0 1
    outer loop
      vertex 36.6314 -2.30771 5
      vertex 45.0555 -1.4135 5
      vertex 44.9651 -1.3487 5
    endloop
  endfacet
  facet normal 0 0 1
    outer loop
      vertex 36.7767 -2.13066 5
      vertex 44.9651 -1.3487 5
      vertex 44.8791 -1.27813 5
    endloop
  endfacet
  facet normal 0 0 1
    outer loop
      vertex 36.7767 -2.13066 5
      vertex 44.8791 -1.27813 5
      vertex 44.7979 -1.20208 5
    endloop
  endfacet
  facet normal 0 0 1
    outer loop
      vertex 36.9101 -1.9445 5
      vertex 44.7979 -1.20208 5
      vertex 44.7219 -1.12089 5
    endloop
  endfacet
  facet normal 0 0 1
    outer loop
      vertex 37.0311 -1.75 5
      vertex 44.7219 -1.12089 5
      vertex 44.6513 -1.03489 5
    endloop
  endfacet
  facet normal 0 0 1
    outer loop
      vertex 37.1391 -1.54801 5
      vertex 44.6513 -1.03489 5
      vertex 44.5865 -0.944468 5
    endloop
  endfacet
  facet normal 0 0 1
    outer loop
      vertex 37.2336 -1.33939 5
      vertex 44.5865 -0.944468 5
      vertex 44.5278 -0.849999 5
    endloop
  endfacet
  facet normal 0 0 1
    outer loop
      vertex 37.2336 -1.33939 5
      vertex 44.5278 -0.849999 5
      vertex 44.4753 -0.75189 5
    endloop
  endfacet
  facet normal 0 0 1
    outer loop
      vertex 37.3143 -1.12504 5
      vertex 44.4753 -0.75189 5
      vertex 44.4294 -0.650561 5
    endloop
  endfacet
  facet normal 0 0 1
    outer loop
      vertex 37.3807 -0.905867 5
      vertex 44.4294 -0.650561 5
      vertex 44.3902 -0.546447 5
    endloop
  endfacet
  facet normal 0 0 1
    outer loop
      vertex 37.4327 -0.682816 5
      vertex 44.3902 -0.546447 5
      vertex 44.3579 -0.439992 5
    endloop
  endfacet
  facet normal 0 0 1
    outer loop
      vertex 37.4327 -0.682816 5
      vertex 44.3579 -0.439992 5
      vertex 44.3327 -0.331653 5
    endloop
  endfacet
  facet normal 0 0 1
    outer loop
      vertex 37.4701 -0.456841 5
      vertex 44.3327 -0.331653 5
      vertex 44.3145 -0.221894 5
    endloop
  endfacet
  facet normal 0 0 1
    outer loop
      vertex 37.4925 -0.22891 5
      vertex 44.3145 -0.221894 5
      vertex 44.3036 -0.111185 5
    endloop
  endfacet
  facet normal -0 0 1
    outer loop
      vertex 37.5 0 5
      vertex 44.3036 -0.111185 5
      vertex 44.3 0 5
    endloop
  endfacet
  facet normal 0 0 1
    outer loop
      vertex 37.4925 -0.22891 5
      vertex 44.3036 -0.111185 5
      vertex 37.5 0 5
    endloop
  endfacet
  facet normal 0 0 1
    outer loop
      vertex 44.3145 -0.221894 5
      vertex 37.4925 -0.22891 5
      vertex 37.4701 -0.456841 5
    endloop
  endfacet
  facet normal 0 0 1
    outer loop
      vertex 44.3327 -0.331653 5
      vertex 37.4701 -0.456841 5
      vertex 37.4327 -0.682816 5
    endloop
  endfacet
  facet normal 0 0 1
    outer loop
      vertex 44.3902 -0.546447 5
      vertex 37.4327 -0.682816 5
      vertex 37.3807 -0.905867 5
    endloop
  endfacet
  facet normal 0 0 1
    outer loop
      vertex 44.4294 -0.650561 5
      vertex 37.3807 -0.905867 5
      vertex 37.3143 -1.12504 5
    endloop
  endfacet
  facet normal 0 0 1
    outer loop
      vertex 44.4753 -0.75189 5
      vertex 37.3143 -1.12504 5
      vertex 37.2336 -1.33939 5
    endloop
  endfacet
  facet normal 0 0 1
    outer loop
      vertex 44.5865 -0.944468 5
      vertex 37.2336 -1.33939 5
      vertex 37.1391 -1.54801 5
    endloop
  endfacet
  facet normal 0 0 1
    outer loop
      vertex 44.6513 -1.03489 5
      vertex 37.1391 -1.54801 5
      vertex 37.0311 -1.75 5
    endloop
  endfacet
  facet normal 0 0 1
    outer loop
      vertex 44.7219 -1.12089 5
      vertex 37.0311 -1.75 5
      vertex 36.9101 -1.9445 5
    endloop
  endfacet
  facet normal 0 0 1
    outer loop
      vertex 44.7979 -1.20208 5
      vertex 36.9101 -1.9445 5
      vertex 36.7767 -2.13066 5
    endloop
  endfacet
  facet normal 0 0 1
    outer loop
      vertex 44.9651 -1.3487 5
      vertex 36.7767 -2.13066 5
      vertex 36.6314 -2.30771 5
    endloop
  endfacet
  facet normal 0 0 1
    outer loop
      vertex 45.0555 -1.4135 5
      vertex 36.6314 -2.30771 5
      vertex 36.4749 -2.47487 5
    endloop
  endfacet
  facet normal 0 0 1
    outer loop
      vertex 45.15 -1.47224 5
      vertex 36.4749 -2.47487 5
      vertex 36.3077 -2.63144 5
    endloop
  endfacet
  facet normal -0 0 1
    outer loop
      vertex 35.9445 -2.91014 5
      vertex 48 -14 5
      vertex 36.1307 -2.77674 5
    endloop
  endfacet
  facet normal 0 0 1
    outer loop
      vertex 48 -14 5
      vertex 45 -17 5
      vertex 47.8978 -14.7764 5
    endloop
  endfacet
  facet normal 0 0 1
    outer loop
      vertex 48 -14 5
      vertex 35.9445 -2.91014 5
      vertex 45 -17 5
    endloop
  endfacet
  facet normal -0 0 1
    outer loop
      vertex 35.75 -3.03109 5
      vertex 45 -17 5
      vertex 35.9445 -2.91014 5
    endloop
  endfacet
  facet normal -0 0 1
    outer loop
      vertex 35.548 -3.13905 5
      vertex 45 -17 5
      vertex 35.75 -3.03109 5
    endloop
  endfacet
  facet normal -0 0 1
    outer loop
      vertex 35.3394 -3.23358 5
      vertex 45 -17 5
      vertex 35.548 -3.13905 5
    endloop
  endfacet
  facet normal -0 0 1
    outer loop
      vertex 35.125 -3.31425 5
      vertex 45 -17 5
      vertex 35.3394 -3.23358 5
    endloop
  endfacet
  facet normal -0 0 1
    outer loop
      vertex 34.9059 -3.38074 5
      vertex 45 -17 5
      vertex 35.125 -3.31425 5
    endloop
  endfacet
  facet normal -0 0 1
    outer loop
      vertex 34.6828 -3.43275 5
      vertex 45 -17 5
      vertex 34.9059 -3.38074 5
    endloop
  endfacet
  facet normal -0 0 1
    outer loop
      vertex 34.4568 -3.47006 5
      vertex 45 -17 5
      vertex 34.6828 -3.43275 5
    endloop
  endfacet
  facet normal -0 0 1
    outer loop
      vertex 34.2289 -3.49251 5
      vertex 45 -17 5
      vertex 34.4568 -3.47006 5
    endloop
  endfacet
  facet normal -0 0 1
    outer loop
      vertex 34 -3.5 5
      vertex 45 -17 5
      vertex 34.2289 -3.49251 5
    endloop
  endfacet
  facet normal 0 0 1
    outer loop
      vertex 33.7711 -3.49251 5
      vertex 45 -17 5
      vertex 34 -3.5 5
    endloop
  endfacet
  facet normal 0 0 1
    outer loop
      vertex 25.3407 -6.0899 5
      vertex 33.7711 -3.49251 5
      vertex 33.5432 -3.47006 5
    endloop
  endfacet
  facet normal 0 0 1
    outer loop
      vertex 25.7276 -5.72756 5
      vertex 33.5432 -3.47006 5
      vertex 33.3172 -3.43275 5
    endloop
  endfacet
  facet normal 0 0 1
    outer loop
      vertex 25.7276 -5.72756 5
      vertex 33.3172 -3.43275 5
      vertex 33.0941 -3.38074 5
    endloop
  endfacet
  facet normal 0 0 1
    outer loop
      vertex 26.0899 -5.3407 5
      vertex 33.0941 -3.38074 5
      vertex 32.875 -3.31425 5
    endloop
  endfacet
  facet normal 0 0 1
    outer loop
      vertex 26.4262 -4.93097 5
      vertex 32.875 -3.31425 5
      vertex 32.6606 -3.23358 5
    endloop
  endfacet
  facet normal 0 0 1
    outer loop
      vertex 26.4262 -4.93097 5
      vertex 32.6606 -3.23358 5
      vertex 32.452 -3.13905 5
    endloop
  endfacet
  facet normal 0 0 1
    outer loop
      vertex 26.7349 -4.50012 5
      vertex 32.452 -3.13905 5
      vertex 32.25 -3.03109 5
    endloop
  endfacet
  facet normal 0 0 1
    outer loop
      vertex 27.0148 -4.05 5
      vertex 32.25 -3.03109 5
      vertex 32.0555 -2.91014 5
    endloop
  endfacet
  facet normal 0 0 1
    outer loop
      vertex 27.0148 -4.05 5
      vertex 32.0555 -2.91014 5
      vertex 31.8693 -2.77674 5
    endloop
  endfacet
  facet normal 0 0 1
    outer loop
      vertex 27.2647 -3.58254 5
      vertex 31.8693 -2.77674 5
      vertex 31.6923 -2.63144 5
    endloop
  endfacet
  facet normal 0 0 1
    outer loop
      vertex 27.2647 -3.58254 5
      vertex 31.6923 -2.63144 5
      vertex 31.5251 -2.47487 5
    endloop
  endfacet
  facet normal 0 0 1
    outer loop
      vertex 27.4834 -3.09974 5
      vertex 31.5251 -2.47487 5
      vertex 31.3686 -2.30771 5
    endloop
  endfacet
  facet normal -0 0 1
    outer loop
      vertex 28.1 0 5
      vertex 30.5075 -0.22891 5
      vertex 30.5 0 5
    endloop
  endfacet
  facet normal 0 0 1
    outer loop
      vertex 28.0827 -0.529765 5
      vertex 30.5075 -0.22891 5
      vertex 28.1 0 5
    endloop
  endfacet
  facet normal 0 0 1
    outer loop
      vertex 30.5075 -0.22891 5
      vertex 28.0827 -0.529765 5
      vertex 30.5299 -0.456841 5
    endloop
  endfacet
  facet normal 0 0 1
    outer loop
      vertex 30.5299 -0.456841 5
      vertex 28.0827 -0.529765 5
      vertex 30.5673 -0.682816 5
    endloop
  endfacet
  facet normal 0 0 1
    outer loop
      vertex 28.0307 -1.05726 5
      vertex 30.5673 -0.682816 5
      vertex 28.0827 -0.529765 5
    endloop
  endfacet
  facet normal 0 0 1
    outer loop
      vertex 30.5673 -0.682816 5
      vertex 28.0307 -1.05726 5
      vertex 30.6193 -0.905867 5
    endloop
  endfacet
  facet normal 0 0 1
    outer loop
      vertex 30.6193 -0.905867 5
      vertex 28.0307 -1.05726 5
      vertex 30.6857 -1.12504 5
    endloop
  endfacet
  facet normal 0 0 1
    outer loop
      vertex 27.9444 -1.58023 5
      vertex 30.6857 -1.12504 5
      vertex 28.0307 -1.05726 5
    endloop
  endfacet
  facet normal 0 0 1
    outer loop
      vertex 30.6857 -1.12504 5
      vertex 27.9444 -1.58023 5
      vertex 30.7664 -1.33939 5
    endloop
  endfacet
  facet normal 0 0 1
    outer loop
      vertex 30.7664 -1.33939 5
      vertex 27.9444 -1.58023 5
      vertex 30.8609 -1.54801 5
    endloop
  endfacet
  facet normal 0 0 1
    outer loop
      vertex 27.824 -2.09643 5
      vertex 30.8609 -1.54801 5
      vertex 27.9444 -1.58023 5
    endloop
  endfacet
  facet normal 0 0 1
    outer loop
      vertex 30.8609 -1.54801 5
      vertex 27.824 -2.09643 5
      vertex 30.9689 -1.75 5
    endloop
  endfacet
  facet normal 0 0 1
    outer loop
      vertex 30.9689 -1.75 5
      vertex 27.824 -2.09643 5
      vertex 31.0899 -1.9445 5
    endloop
  endfacet
  facet normal 0 0 1
    outer loop
      vertex 27.6701 -2.60366 5
      vertex 31.0899 -1.9445 5
      vertex 27.824 -2.09643 5
    endloop
  endfacet
  facet normal 0 0 1
    outer loop
      vertex 31.0899 -1.9445 5
      vertex 27.6701 -2.60366 5
      vertex 31.2233 -2.13066 5
    endloop
  endfacet
  facet normal 0 0 1
    outer loop
      vertex 31.2233 -2.13066 5
      vertex 27.6701 -2.60366 5
      vertex 31.3686 -2.30771 5
    endloop
  endfacet
  facet normal 0 0 1
    outer loop
      vertex 27.4834 -3.09974 5
      vertex 31.3686 -2.30771 5
      vertex 27.6701 -2.60366 5
    endloop
  endfacet
  facet normal 0 0 1
    outer loop
      vertex 31.5251 -2.47487 5
      vertex 27.4834 -3.09974 5
      vertex 27.2647 -3.58254 5
    endloop
  endfacet
  facet normal 0 0 1
    outer loop
      vertex 31.8693 -2.77674 5
      vertex 27.2647 -3.58254 5
      vertex 27.0148 -4.05 5
    endloop
  endfacet
  facet normal 0 0 1
    outer loop
      vertex 32.25 -3.03109 5
      vertex 27.0148 -4.05 5
      vertex 26.7349 -4.50012 5
    endloop
  endfacet
  facet normal 0 0 1
    outer loop
      vertex 32.452 -3.13905 5
      vertex 26.7349 -4.50012 5
      vertex 26.4262 -4.93097 5
    endloop
  endfacet
  facet normal 0 0 1
    outer loop
      vertex 32.875 -3.31425 5
      vertex 26.4262 -4.93097 5
      vertex 26.0899 -5.3407 5
    endloop
  endfacet
  facet normal 0 0 1
    outer loop
      vertex 33.0941 -3.38074 5
      vertex 26.0899 -5.3407 5
      vertex 25.7276 -5.72756 5
    endloop
  endfacet
  facet normal 0 0 1
    outer loop
      vertex 33.5432 -3.47006 5
      vertex 25.7276 -5.72756 5
      vertex 25.3407 -6.0899 5
    endloop
  endfacet
  facet normal 0 0 1
    outer loop
      vertex 33.7711 -3.49251 5
      vertex 25.3407 -6.0899 5
      vertex 45 -17 5
    endloop
  endfacet
  facet normal -0 0 1
    outer loop
      vertex 24.931 -6.42616 5
      vertex 45 -17 5
      vertex 25.3407 -6.0899 5
    endloop
  endfacet
  facet normal -0 0 1
    outer loop
      vertex 24.5001 -6.7349 5
      vertex 45 -17 5
      vertex 24.931 -6.42616 5
    endloop
  endfacet
  facet normal -0 0 1
    outer loop
      vertex 24.05 -7.0148 5
      vertex 45 -17 5
      vertex 24.5001 -6.7349 5
    endloop
  endfacet
  facet normal -0 0 1
    outer loop
      vertex 23.5825 -7.26467 5
      vertex 45 -17 5
      vertex 24.05 -7.0148 5
    endloop
  endfacet
  facet normal -0 0 1
    outer loop
      vertex 23.0997 -7.48342 5
      vertex 45 -17 5
      vertex 23.5825 -7.26467 5
    endloop
  endfacet
  facet normal -0 0 1
    outer loop
      vertex 22.6037 -7.67013 5
      vertex 45 -17 5
      vertex 23.0997 -7.48342 5
    endloop
  endfacet
  facet normal -0 0 1
    outer loop
      vertex 22.0964 -7.824 5
      vertex 45 -17 5
      vertex 22.6037 -7.67013 5
    endloop
  endfacet
  facet normal -0 0 1
    outer loop
      vertex 21.5802 -7.94436 5
      vertex 45 -17 5
      vertex 22.0964 -7.824 5
    endloop
  endfacet
  facet normal -0 0 1
    outer loop
      vertex 21.0573 -8.0307 5
      vertex 45 -17 5
      vertex 21.5802 -7.94436 5
    endloop
  endfacet
  facet normal -0 0 1
    outer loop
      vertex 20.5298 -8.08266 5
      vertex 45 -17 5
      vertex 21.0573 -8.0307 5
    endloop
  endfacet
  facet normal -0 0 1
    outer loop
      vertex 20 -8.1 5
      vertex 45 -17 5
      vertex 20.5298 -8.08266 5
    endloop
  endfacet
  facet normal 0 0 1
    outer loop
      vertex 19.4702 -8.08266 5
      vertex 45 -17 5
      vertex 20 -8.1 5
    endloop
  endfacet
  facet normal 0 0 1
    outer loop
      vertex 18.9427 -8.0307 5
      vertex 45 -17 5
      vertex 19.4702 -8.08266 5
    endloop
  endfacet
  facet normal 0 0 1
    outer loop
      vertex 18.4198 -7.94436 5
      vertex 45 -17 5
      vertex 18.9427 -8.0307 5
    endloop
  endfacet
  facet normal 0 0 1
    outer loop
      vertex -45 -17 5
      vertex 18.4198 -7.94436 5
      vertex 17.9036 -7.824 5
    endloop
  endfacet
  facet normal 0 0 1
    outer loop
      vertex -45 -17 5
      vertex 17.9036 -7.824 5
      vertex 17.3963 -7.67013 5
    endloop
  endfacet
  facet normal 0 0 1
    outer loop
      vertex 2.79615 -0.117725 5
      vertex 11.9 0 5
      vertex 2.8 0 5
    endloop
  endfacet
  facet normal 0 0 1
    outer loop
      vertex 11.9 0 5
      vertex 2.79615 -0.117725 5
      vertex 11.9173 -0.529765 5
    endloop
  endfacet
  facet normal -0 0 1
    outer loop
      vertex 2.7846 -0.234946 5
      vertex 11.9173 -0.529765 5
      vertex 2.79615 -0.117725 5
    endloop
  endfacet
  facet normal -0 0 1
    outer loop
      vertex 2.76541 -0.351162 5
      vertex 11.9173 -0.529765 5
      vertex 2.7846 -0.234946 5
    endloop
  endfacet
  facet normal 0 0 1
    outer loop
      vertex 11.9173 -0.529765 5
      vertex 2.76541 -0.351162 5
      vertex 11.9693 -1.05726 5
    endloop
  endfacet
  facet normal -0 0 1
    outer loop
      vertex 2.73867 -0.465874 5
      vertex 11.9693 -1.05726 5
      vertex 2.76541 -0.351162 5
    endloop
  endfacet
  facet normal -0 0 1
    outer loop
      vertex 2.70447 -0.57859 5
      vertex 11.9693 -1.05726 5
      vertex 2.73867 -0.465874 5
    endloop
  endfacet
  facet normal 0 0 1
    outer loop
      vertex 11.9693 -1.05726 5
      vertex 2.70447 -0.57859 5
      vertex 12.0556 -1.58023 5
    endloop
  endfacet
  facet normal -0 0 1
    outer loop
      vertex 2.66298 -0.688829 5
      vertex 12.0556 -1.58023 5
      vertex 2.70447 -0.57859 5
    endloop
  endfacet
  facet normal -0 0 1
    outer loop
      vertex 2.61437 -0.796119 5
      vertex 12.0556 -1.58023 5
      vertex 2.66298 -0.688829 5
    endloop
  endfacet
  facet normal 0 0 1
    outer loop
      vertex 12.0556 -1.58023 5
      vertex 2.61437 -0.796119 5
      vertex 12.176 -2.09643 5
    endloop
  endfacet
  facet normal -0 0 1
    outer loop
      vertex 2.55885 -0.9 5
      vertex 12.176 -2.09643 5
      vertex 2.61437 -0.796119 5
    endloop
  endfacet
  facet normal -0 0 1
    outer loop
      vertex 2.49664 -1.00003 5
      vertex 12.176 -2.09643 5
      vertex 2.55885 -0.9 5
    endloop
  endfacet
  facet normal 0 0 1
    outer loop
      vertex 12.176 -2.09643 5
      vertex 2.49664 -1.00003 5
      vertex 12.3299 -2.60366 5
    endloop
  endfacet
  facet normal -0 0 1
    outer loop
      vertex 2.42804 -1.09577 5
      vertex 12.3299 -2.60366 5
      vertex 2.49664 -1.00003 5
    endloop
  endfacet
  facet normal 0 0 1
    outer loop
      vertex 12.3299 -2.60366 5
      vertex 2.42804 -1.09577 5
      vertex 12.5166 -3.09974 5
    endloop
  endfacet
  facet normal -0 0 1
    outer loop
      vertex 2.35331 -1.18682 5
      vertex 12.5166 -3.09974 5
      vertex 2.42804 -1.09577 5
    endloop
  endfacet
  facet normal -0 0 1
    outer loop
      vertex 2.27279 -1.27279 5
      vertex 12.5166 -3.09974 5
      vertex 2.35331 -1.18682 5
    endloop
  endfacet
  facet normal 0 0 1
    outer loop
      vertex 12.5166 -3.09974 5
      vertex 2.27279 -1.27279 5
      vertex 12.7353 -3.58254 5
    endloop
  endfacet
  facet normal -0 0 1
    outer loop
      vertex 2.18682 -1.35331 5
      vertex 12.7353 -3.58254 5
      vertex 2.27279 -1.27279 5
    endloop
  endfacet
  facet normal -0 0 1
    outer loop
      vertex 2.09577 -1.42804 5
      vertex 12.7353 -3.58254 5
      vertex 2.18682 -1.35331 5
    endloop
  endfacet
  facet normal 0 0 1
    outer loop
      vertex 12.7353 -3.58254 5
      vertex 2.09577 -1.42804 5
      vertex 12.9852 -4.05 5
    endloop
  endfacet
  facet normal -0 0 1
    outer loop
      vertex 2.00003 -1.49664 5
      vertex 12.9852 -4.05 5
      vertex 2.09577 -1.42804 5
    endloop
  endfacet
  facet normal -0 0 1
    outer loop
      vertex 1.9 -1.55885 5
      vertex 12.9852 -4.05 5
      vertex 2.00003 -1.49664 5
    endloop
  endfacet
  facet normal 0 0 1
    outer loop
      vertex 12.9852 -4.05 5
      vertex 1.9 -1.55885 5
      vertex 13.2651 -4.50012 5
    endloop
  endfacet
  facet normal -0 0 1
    outer loop
      vertex 1.79612 -1.61437 5
      vertex 13.2651 -4.50012 5
      vertex 1.9 -1.55885 5
    endloop
  endfacet
  facet normal 0 0 1
    outer loop
      vertex 13.2651 -4.50012 5
      vertex 1.79612 -1.61437 5
      vertex 13.5738 -4.93097 5
    endloop
  endfacet
  facet normal -0 0 1
    outer loop
      vertex 1.68883 -1.66298 5
      vertex 13.5738 -4.93097 5
      vertex 1.79612 -1.61437 5
    endloop
  endfacet
  facet normal -0 0 1
    outer loop
      vertex 1.57859 -1.70447 5
      vertex 13.5738 -4.93097 5
      vertex 1.68883 -1.66298 5
    endloop
  endfacet
  facet normal 0 0 1
    outer loop
      vertex 13.5738 -4.93097 5
      vertex 1.57859 -1.70447 5
      vertex 13.9101 -5.3407 5
    endloop
  endfacet
  facet normal -0 0 1
    outer loop
      vertex 1.46587 -1.73867 5
      vertex 13.9101 -5.3407 5
      vertex 1.57859 -1.70447 5
    endloop
  endfacet
  facet normal 0 0 1
    outer loop
      vertex 13.9101 -5.3407 5
      vertex 1.46587 -1.73867 5
      vertex 14.2724 -5.72756 5
    endloop
  endfacet
  facet normal -0 0 1
    outer loop
      vertex 1.35116 -1.76541 5
      vertex 14.2724 -5.72756 5
      vertex 1.46587 -1.73867 5
    endloop
  endfacet
  facet normal -0 0 1
    outer loop
      vertex 1.23495 -1.7846 5
      vertex 14.2724 -5.72756 5
      vertex 1.35116 -1.76541 5
    endloop
  endfacet
  facet normal 0 0 1
    outer loop
      vertex 14.2724 -5.72756 5
      vertex 1.23495 -1.7846 5
      vertex 14.6593 -6.0899 5
    endloop
  endfacet
  facet normal -0 0 1
    outer loop
      vertex 1.11773 -1.79615 5
      vertex 14.6593 -6.0899 5
      vertex 1.23495 -1.7846 5
    endloop
  endfacet
  facet normal 0 0 1
    outer loop
      vertex 14.6593 -6.0899 5
      vertex 1.11773 -1.79615 5
      vertex 15.069 -6.42616 5
    endloop
  endfacet
  facet normal -0 0 1
    outer loop
      vertex 1 -1.8 5
      vertex 15.069 -6.42616 5
      vertex 1.11773 -1.79615 5
    endloop
  endfacet
  facet normal 0 0 1
    outer loop
      vertex 15.069 -6.42616 5
      vertex 1 -1.8 5
      vertex 15.4999 -6.7349 5
    endloop
  endfacet
  facet normal 0 0 1
    outer loop
      vertex 0.882274 -1.79615 5
      vertex 15.4999 -6.7349 5
      vertex 1 -1.8 5
    endloop
  endfacet
  facet normal 0 0 1
    outer loop
      vertex 15.4999 -6.7349 5
      vertex 0.882274 -1.79615 5
      vertex 15.95 -7.0148 5
    endloop
  endfacet
  facet normal 0 0 1
    outer loop
      vertex 0.765053 -1.7846 5
      vertex 15.95 -7.0148 5
      vertex 0.882274 -1.79615 5
    endloop
  endfacet
  facet normal 0 0 1
    outer loop
      vertex -11.7781 -1.68546 5
      vertex 15.95 -7.0148 5
      vertex 0.765053 -1.7846 5
    endloop
  endfacet
  facet normal 0 0 1
    outer loop
      vertex 15.95 -7.0148 5
      vertex -11.7781 -1.68546 5
      vertex 16.4175 -7.26467 5
    endloop
  endfacet
  facet normal -0 0 1
    outer loop
      vertex -11.8888 -1.69636 5
      vertex 16.4175 -7.26467 5
      vertex -11.7781 -1.68546 5
    endloop
  endfacet
  facet normal 0 0 1
    outer loop
      vertex -11.7781 -1.68546 5
      vertex 0.765053 -1.7846 5
      vertex 0.648837 -1.76541 5
    endloop
  endfacet
  facet normal 0 0 1
    outer loop
      vertex -11.6683 -1.66733 5
      vertex 0.648837 -1.76541 5
      vertex 0.534125 -1.73867 5
    endloop
  endfacet
  facet normal 0 0 1
    outer loop
      vertex -11.56 -1.64207 5
      vertex 0.534125 -1.73867 5
      vertex 0.421409 -1.70447 5
    endloop
  endfacet
  facet normal -0 0 1
    outer loop
      vertex -10.3 0 5
      vertex -0.796145 -0.117725 5
      vertex -0.799999 0 5
    endloop
  endfacet
  facet normal -0 0 1
    outer loop
      vertex -10.3036 -0.111185 5
      vertex -0.796145 -0.117725 5
      vertex -10.3 0 5
    endloop
  endfacet
  facet normal 0 0 1
    outer loop
      vertex -0.796145 -0.117725 5
      vertex -10.3036 -0.111185 5
      vertex -0.7846 -0.234946 5
    endloop
  endfacet
  facet normal -0 0 1
    outer loop
      vertex -10.3145 -0.221894 5
      vertex -0.7846 -0.234946 5
      vertex -10.3036 -0.111185 5
    endloop
  endfacet
  facet normal 0 0 1
    outer loop
      vertex -0.7846 -0.234946 5
      vertex -10.3145 -0.221894 5
      vertex -0.765413 -0.351162 5
    endloop
  endfacet
  facet normal -0 0 1
    outer loop
      vertex -10.3327 -0.331653 5
      vertex -0.765413 -0.351162 5
      vertex -10.3145 -0.221894 5
    endloop
  endfacet
  facet normal 0 0 1
    outer loop
      vertex -0.765413 -0.351162 5
      vertex -10.3327 -0.331653 5
      vertex -0.738666 -0.465874 5
    endloop
  endfacet
  facet normal -0 0 1
    outer loop
      vertex -10.3579 -0.439992 5
      vertex -0.738666 -0.465874 5
      vertex -10.3327 -0.331653 5
    endloop
  endfacet
  facet normal 0 0 1
    outer loop
      vertex -0.738666 -0.465874 5
      vertex -10.3579 -0.439992 5
      vertex -0.704473 -0.57859 5
    endloop
  endfacet
  facet normal -0 0 1
    outer loop
      vertex -10.3902 -0.546447 5
      vertex -0.704473 -0.57859 5
      vertex -10.3579 -0.439992 5
    endloop
  endfacet
  facet normal 0 0 1
    outer loop
      vertex -0.704473 -0.57859 5
      vertex -10.3902 -0.546447 5
      vertex -0.662983 -0.688829 5
    endloop
  endfacet
  facet normal -0 0 1
    outer loop
      vertex -10.4294 -0.650561 5
      vertex -0.662983 -0.688829 5
      vertex -10.3902 -0.546447 5
    endloop
  endfacet
  facet normal 0 0 1
    outer loop
      vertex -0.662983 -0.688829 5
      vertex -10.4294 -0.650561 5
      vertex -0.61437 -0.796119 5
    endloop
  endfacet
  facet normal -0 0 1
    outer loop
      vertex -10.4753 -0.75189 5
      vertex -0.61437 -0.796119 5
      vertex -10.4294 -0.650561 5
    endloop
  endfacet
  facet normal 0 0 1
    outer loop
      vertex -0.61437 -0.796119 5
      vertex -10.4753 -0.75189 5
      vertex -0.558846 -0.9 5
    endloop
  endfacet
  facet normal -0 0 1
    outer loop
      vertex -10.5278 -0.849999 5
      vertex -0.558846 -0.9 5
      vertex -10.4753 -0.75189 5
    endloop
  endfacet
  facet normal 0 0 1
    outer loop
      vertex -10.5865 -0.944468 5
      vertex -0.558846 -0.9 5
      vertex -10.5278 -0.849999 5
    endloop
  endfacet
  facet normal 0 0 1
    outer loop
      vertex -0.558846 -0.9 5
      vertex -10.5865 -0.944468 5
      vertex -0.496645 -1.00003 5
    endloop
  endfacet
  facet normal 0 0 1
    outer loop
      vertex -10.6513 -1.03489 5
      vertex -0.496645 -1.00003 5
      vertex -10.5865 -0.944468 5
    endloop
  endfacet
  facet normal 0 0 1
    outer loop
      vertex -0.496645 -1.00003 5
      vertex -10.6513 -1.03489 5
      vertex -0.428036 -1.09577 5
    endloop
  endfacet
  facet normal 0 0 1
    outer loop
      vertex -10.7219 -1.12089 5
      vertex -0.428036 -1.09577 5
      vertex -10.6513 -1.03489 5
    endloop
  endfacet
  facet normal 0 0 1
    outer loop
      vertex -0.428036 -1.09577 5
      vertex -10.7219 -1.12089 5
      vertex -0.353312 -1.18682 5
    endloop
  endfacet
  facet normal 0 0 1
    outer loop
      vertex -10.7979 -1.20208 5
      vertex -0.353312 -1.18682 5
      vertex -10.7219 -1.12089 5
    endloop
  endfacet
  facet normal 0 0 1
    outer loop
      vertex -0.353312 -1.18682 5
      vertex -10.7979 -1.20208 5
      vertex -0.272792 -1.27279 5
    endloop
  endfacet
  facet normal 0 0 1
    outer loop
      vertex -10.8791 -1.27813 5
      vertex -0.272792 -1.27279 5
      vertex -10.7979 -1.20208 5
    endloop
  endfacet
  facet normal 0 0 1
    outer loop
      vertex -0.272792 -1.27279 5
      vertex -10.8791 -1.27813 5
      vertex -0.186822 -1.35331 5
    endloop
  endfacet
  facet normal -0 0 1
    outer loop
      vertex -10.9651 -1.3487 5
      vertex -0.186822 -1.35331 5
      vertex -10.8791 -1.27813 5
    endloop
  endfacet
  facet normal 0 0 1
    outer loop
      vertex -0.186822 -1.35331 5
      vertex -10.9651 -1.3487 5
      vertex -0.0957699 -1.42804 5
    endloop
  endfacet
  facet normal -0 0 1
    outer loop
      vertex -11.0555 -1.4135 5
      vertex -0.0957699 -1.42804 5
      vertex -10.9651 -1.3487 5
    endloop
  endfacet
  facet normal 0 0 1
    outer loop
      vertex -0.0957699 -1.42804 5
      vertex -11.0555 -1.4135 5
      vertex -2.57492e-05 -1.49664 5
    endloop
  endfacet
  facet normal -0 0 1
    outer loop
      vertex -11.15 -1.47224 5
      vertex -2.57492e-05 -1.49664 5
      vertex -11.0555 -1.4135 5
    endloop
  endfacet
  facet normal 0 0 1
    outer loop
      vertex -2.57492e-05 -1.49664 5
      vertex -11.15 -1.47224 5
      vertex 0.0999994 -1.55885 5
    endloop
  endfacet
  facet normal -0 0 1
    outer loop
      vertex -11.2481 -1.52468 5
      vertex 0.0999994 -1.55885 5
      vertex -11.15 -1.47224 5
    endloop
  endfacet
  facet normal 0 0 1
    outer loop
      vertex 0.0999994 -1.55885 5
      vertex -11.2481 -1.52468 5
      vertex 0.20388 -1.61437 5
    endloop
  endfacet
  facet normal -0 0 1
    outer loop
      vertex -11.3494 -1.57059 5
      vertex 0.20388 -1.61437 5
      vertex -11.2481 -1.52468 5
    endloop
  endfacet
  facet normal 0 0 1
    outer loop
      vertex 0.20388 -1.61437 5
      vertex -11.3494 -1.57059 5
      vertex 0.31117 -1.66298 5
    endloop
  endfacet
  facet normal -0 0 1
    outer loop
      vertex -11.4536 -1.60978 5
      vertex 0.31117 -1.66298 5
      vertex -11.3494 -1.57059 5
    endloop
  endfacet
  facet normal 0 0 1
    outer loop
      vertex 0.31117 -1.66298 5
      vertex -11.4536 -1.60978 5
      vertex 0.421409 -1.70447 5
    endloop
  endfacet
  facet normal -0 0 1
    outer loop
      vertex -11.56 -1.64207 5
      vertex 0.421409 -1.70447 5
      vertex -11.4536 -1.60978 5
    endloop
  endfacet
  facet normal 0 0 1
    outer loop
      vertex 0.534125 -1.73867 5
      vertex -11.56 -1.64207 5
      vertex -11.6683 -1.66733 5
    endloop
  endfacet
  facet normal 0 0 1
    outer loop
      vertex 0.648837 -1.76541 5
      vertex -11.6683 -1.66733 5
      vertex -11.7781 -1.68546 5
    endloop
  endfacet
  facet normal 0 0 1
    outer loop
      vertex -45 -17 5
      vertex 16.4175 -7.26467 5
      vertex -11.8888 -1.69636 5
    endloop
  endfacet
  facet normal 0 0 1
    outer loop
      vertex 16.4175 -7.26467 5
      vertex -45 -17 5
      vertex 16.9003 -7.48342 5
    endloop
  endfacet
  facet normal 0 0 1
    outer loop
      vertex 16.9003 -7.48342 5
      vertex -45 -17 5
      vertex 17.3963 -7.67013 5
    endloop
  endfacet
  facet normal 0 0 1
    outer loop
      vertex -45 -17 5
      vertex -11.8888 -1.69636 5
      vertex -12 -1.7 5
    endloop
  endfacet
  facet normal 0 0 1
    outer loop
      vertex -45 -17 5
      vertex -12 -1.7 5
      vertex -12.1112 -1.69636 5
    endloop
  endfacet
  facet normal 0 0 1
    outer loop
      vertex -45 -17 5
      vertex -12.1112 -1.69636 5
      vertex -12.2219 -1.68546 5
    endloop
  endfacet
  facet normal 0 0 1
    outer loop
      vertex -45 -17 5
      vertex -12.2219 -1.68546 5
      vertex -12.3317 -1.66733 5
    endloop
  endfacet
  facet normal 0 0 1
    outer loop
      vertex -24.6879 -1.56926 5
      vertex -12.3317 -1.66733 5
      vertex -12.44 -1.64207 5
    endloop
  endfacet
  facet normal -0 0 1
    outer loop
      vertex -23.4 0 5
      vertex -13.6964 -0.111185 5
      vertex -13.7 0 5
    endloop
  endfacet
  facet normal -0 0 1
    outer loop
      vertex -23.4034 -0.104645 5
      vertex -13.6964 -0.111185 5
      vertex -23.4 0 5
    endloop
  endfacet
  facet normal 0 0 1
    outer loop
      vertex -13.6964 -0.111185 5
      vertex -23.4034 -0.104645 5
      vertex -13.6855 -0.221894 5
    endloop
  endfacet
  facet normal -0 0 1
    outer loop
      vertex -23.4137 -0.208841 5
      vertex -13.6855 -0.221894 5
      vertex -23.4034 -0.104645 5
    endloop
  endfacet
  facet normal 0 0 1
    outer loop
      vertex -13.6855 -0.221894 5
      vertex -23.4137 -0.208841 5
      vertex -13.6673 -0.331653 5
    endloop
  endfacet
  facet normal -0 0 1
    outer loop
      vertex -23.4307 -0.312144 5
      vertex -13.6673 -0.331653 5
      vertex -23.4137 -0.208841 5
    endloop
  endfacet
  facet normal 0 0 1
    outer loop
      vertex -13.6673 -0.331653 5
      vertex -23.4307 -0.312144 5
      vertex -13.6421 -0.439992 5
    endloop
  endfacet
  facet normal -0 0 1
    outer loop
      vertex -23.4545 -0.41411 5
      vertex -13.6421 -0.439992 5
      vertex -23.4307 -0.312144 5
    endloop
  endfacet
  facet normal 0 0 1
    outer loop
      vertex -13.6421 -0.439992 5
      vertex -23.4545 -0.41411 5
      vertex -13.6098 -0.546447 5
    endloop
  endfacet
  facet normal -0 0 1
    outer loop
      vertex -23.4849 -0.514302 5
      vertex -13.6098 -0.546447 5
      vertex -23.4545 -0.41411 5
    endloop
  endfacet
  facet normal 0 0 1
    outer loop
      vertex -13.6098 -0.546447 5
      vertex -23.4849 -0.514302 5
      vertex -13.5706 -0.650561 5
    endloop
  endfacet
  facet normal -0 0 1
    outer loop
      vertex -23.5218 -0.612293 5
      vertex -13.5706 -0.650561 5
      vertex -23.4849 -0.514302 5
    endloop
  endfacet
  facet normal 0 0 1
    outer loop
      vertex -13.5706 -0.650561 5
      vertex -23.5218 -0.612293 5
      vertex -13.5247 -0.75189 5
    endloop
  endfacet
  facet normal -0 0 1
    outer loop
      vertex -23.565 -0.707662 5
      vertex -13.5247 -0.75189 5
      vertex -23.5218 -0.612293 5
    endloop
  endfacet
  facet normal 0 0 1
    outer loop
      vertex -13.5247 -0.75189 5
      vertex -23.565 -0.707662 5
      vertex -13.4722 -0.849999 5
    endloop
  endfacet
  facet normal -0 0 1
    outer loop
      vertex -23.6144 -0.799999 5
      vertex -13.4722 -0.849999 5
      vertex -23.565 -0.707662 5
    endloop
  endfacet
  facet normal 0 0 1
    outer loop
      vertex -23.6696 -0.888912 5
      vertex -13.4722 -0.849999 5
      vertex -23.6144 -0.799999 5
    endloop
  endfacet
  facet normal 0 0 1
    outer loop
      vertex -13.4722 -0.849999 5
      vertex -23.6696 -0.888912 5
      vertex -13.4135 -0.944468 5
    endloop
  endfacet
  facet normal 0 0 1
    outer loop
      vertex -23.7306 -0.974018 5
      vertex -13.4135 -0.944468 5
      vertex -23.6696 -0.888912 5
    endloop
  endfacet
  facet normal 0 0 1
    outer loop
      vertex -13.4135 -0.944468 5
      vertex -23.7306 -0.974018 5
      vertex -13.3487 -1.03489 5
    endloop
  endfacet
  facet normal 0 0 1
    outer loop
      vertex -23.7971 -1.05495 5
      vertex -13.3487 -1.03489 5
      vertex -23.7306 -0.974018 5
    endloop
  endfacet
  facet normal 0 0 1
    outer loop
      vertex -13.3487 -1.03489 5
      vertex -23.7971 -1.05495 5
      vertex -13.2781 -1.12089 5
    endloop
  endfacet
  facet normal 0 0 1
    outer loop
      vertex -23.8686 -1.13137 5
      vertex -13.2781 -1.12089 5
      vertex -23.7971 -1.05495 5
    endloop
  endfacet
  facet normal 0 0 1
    outer loop
      vertex -13.2781 -1.12089 5
      vertex -23.8686 -1.13137 5
      vertex -13.2021 -1.20208 5
    endloop
  endfacet
  facet normal 0 0 1
    outer loop
      vertex -23.945 -1.20294 5
      vertex -13.2021 -1.20208 5
      vertex -23.8686 -1.13137 5
    endloop
  endfacet
  facet normal 0 0 1
    outer loop
      vertex -13.2021 -1.20208 5
      vertex -23.945 -1.20294 5
      vertex -13.1209 -1.27813 5
    endloop
  endfacet
  facet normal -0 0 1
    outer loop
      vertex -24.026 -1.26937 5
      vertex -13.1209 -1.27813 5
      vertex -23.945 -1.20294 5
    endloop
  endfacet
  facet normal 0 0 1
    outer loop
      vertex -13.1209 -1.27813 5
      vertex -24.026 -1.26937 5
      vertex -13.0349 -1.3487 5
    endloop
  endfacet
  facet normal -0 0 1
    outer loop
      vertex -24.1111 -1.33035 5
      vertex -13.0349 -1.3487 5
      vertex -24.026 -1.26937 5
    endloop
  endfacet
  facet normal 0 0 1
    outer loop
      vertex -13.0349 -1.3487 5
      vertex -24.1111 -1.33035 5
      vertex -12.9445 -1.4135 5
    endloop
  endfacet
  facet normal -0 0 1
    outer loop
      vertex -24.2 -1.38564 5
      vertex -12.9445 -1.4135 5
      vertex -24.1111 -1.33035 5
    endloop
  endfacet
  facet normal 0 0 1
    outer loop
      vertex -12.9445 -1.4135 5
      vertex -24.2 -1.38564 5
      vertex -12.85 -1.47224 5
    endloop
  endfacet
  facet normal -0 0 1
    outer loop
      vertex -24.2923 -1.435 5
      vertex -12.85 -1.47224 5
      vertex -24.2 -1.38564 5
    endloop
  endfacet
  facet normal 0 0 1
    outer loop
      vertex -12.85 -1.47224 5
      vertex -24.2923 -1.435 5
      vertex -12.7519 -1.52468 5
    endloop
  endfacet
  facet normal -0 0 1
    outer loop
      vertex -24.3877 -1.47821 5
      vertex -12.7519 -1.52468 5
      vertex -24.2923 -1.435 5
    endloop
  endfacet
  facet normal 0 0 1
    outer loop
      vertex -12.7519 -1.52468 5
      vertex -24.3877 -1.47821 5
      vertex -12.6506 -1.57059 5
    endloop
  endfacet
  facet normal -0 0 1
    outer loop
      vertex -24.4857 -1.51509 5
      vertex -12.6506 -1.57059 5
      vertex -24.3877 -1.47821 5
    endloop
  endfacet
  facet normal 0 0 1
    outer loop
      vertex -12.6506 -1.57059 5
      vertex -24.4857 -1.51509 5
      vertex -12.5464 -1.60978 5
    endloop
  endfacet
  facet normal -0 0 1
    outer loop
      vertex -24.5859 -1.54548 5
      vertex -12.5464 -1.60978 5
      vertex -24.4857 -1.51509 5
    endloop
  endfacet
  facet normal 0 0 1
    outer loop
      vertex -12.5464 -1.60978 5
      vertex -24.5859 -1.54548 5
      vertex -12.44 -1.64207 5
    endloop
  endfacet
  facet normal -0 0 1
    outer loop
      vertex -24.6879 -1.56926 5
      vertex -12.44 -1.64207 5
      vertex -24.5859 -1.54548 5
    endloop
  endfacet
  facet normal 0 0 1
    outer loop
      vertex -12.3317 -1.66733 5
      vertex -24.6879 -1.56926 5
      vertex -45 -17 5
    endloop
  endfacet
  facet normal 0 0 1
    outer loop
      vertex -45 -17 5
      vertex -24.6879 -1.56926 5
      vertex -24.7912 -1.58631 5
    endloop
  endfacet
  facet normal 0 0 1
    outer loop
      vertex -45 -17 5
      vertex -24.7912 -1.58631 5
      vertex -24.8954 -1.59657 5
    endloop
  endfacet
  facet normal 0 0 1
    outer loop
      vertex -45 -17 5
      vertex -24.8954 -1.59657 5
      vertex -25 -1.6 5
    endloop
  endfacet
  facet normal 0 0 1
    outer loop
      vertex -45 -17 5
      vertex -25 -1.6 5
      vertex -25.1046 -1.59657 5
    endloop
  endfacet
  facet normal 0 0 1
    outer loop
      vertex -45 -17 5
      vertex -25.1046 -1.59657 5
      vertex -25.2088 -1.58631 5
    endloop
  endfacet
  facet normal 0 0 1
    outer loop
      vertex -45 -17 5
      vertex -25.2088 -1.58631 5
      vertex -25.3121 -1.56926 5
    endloop
  endfacet
  facet normal -0 0 1
    outer loop
      vertex -36.5 0 5
      vertex -26.5966 -0.104645 5
      vertex -26.6 0 5
    endloop
  endfacet
  facet normal -0 0 1
    outer loop
      vertex -36.5032 -0.0981045 5
      vertex -26.5966 -0.104645 5
      vertex -36.5 0 5
    endloop
  endfacet
  facet normal 0 0 1
    outer loop
      vertex -26.5966 -0.104645 5
      vertex -36.5032 -0.0981045 5
      vertex -26.5863 -0.208841 5
    endloop
  endfacet
  facet normal -0 0 1
    outer loop
      vertex -36.5128 -0.195788 5
      vertex -26.5863 -0.208841 5
      vertex -36.5032 -0.0981045 5
    endloop
  endfacet
  facet normal 0 0 1
    outer loop
      vertex -26.5863 -0.208841 5
      vertex -36.5128 -0.195788 5
      vertex -26.5693 -0.312144 5
    endloop
  endfacet
  facet normal -0 0 1
    outer loop
      vertex -36.5288 -0.292635 5
      vertex -26.5693 -0.312144 5
      vertex -36.5128 -0.195788 5
    endloop
  endfacet
  facet normal 0 0 1
    outer loop
      vertex -26.5693 -0.312144 5
      vertex -36.5288 -0.292635 5
      vertex -26.5455 -0.41411 5
    endloop
  endfacet
  facet normal -0 0 1
    outer loop
      vertex -36.5511 -0.388228 5
      vertex -26.5455 -0.41411 5
      vertex -36.5288 -0.292635 5
    endloop
  endfacet
  facet normal 0 0 1
    outer loop
      vertex -26.5455 -0.41411 5
      vertex -36.5511 -0.388228 5
      vertex -26.5151 -0.514302 5
    endloop
  endfacet
  facet normal -0 0 1
    outer loop
      vertex -36.5796 -0.482159 5
      vertex -26.5151 -0.514302 5
      vertex -36.5511 -0.388228 5
    endloop
  endfacet
  facet normal 0 0 1
    outer loop
      vertex -26.5151 -0.514302 5
      vertex -36.5796 -0.482159 5
      vertex -26.4782 -0.612293 5
    endloop
  endfacet
  facet normal -0 0 1
    outer loop
      vertex -36.6142 -0.574024 5
      vertex -26.4782 -0.612293 5
      vertex -36.5796 -0.482159 5
    endloop
  endfacet
  facet normal 0 0 1
    outer loop
      vertex -26.4782 -0.612293 5
      vertex -36.6142 -0.574024 5
      vertex -26.435 -0.707662 5
    endloop
  endfacet
  facet normal -0 0 1
    outer loop
      vertex -36.6547 -0.663432 5
      vertex -26.435 -0.707662 5
      vertex -36.6142 -0.574024 5
    endloop
  endfacet
  facet normal 0 0 1
    outer loop
      vertex -26.435 -0.707662 5
      vertex -36.6547 -0.663432 5
      vertex -26.3856 -0.799999 5
    endloop
  endfacet
  facet normal -0 0 1
    outer loop
      vertex -36.701 -0.75 5
      vertex -26.3856 -0.799999 5
      vertex -36.6547 -0.663432 5
    endloop
  endfacet
  facet normal 0 0 1
    outer loop
      vertex -36.7528 -0.833355 5
      vertex -26.3856 -0.799999 5
      vertex -36.701 -0.75 5
    endloop
  endfacet
  facet normal 0 0 1
    outer loop
      vertex -26.3856 -0.799999 5
      vertex -36.7528 -0.833355 5
      vertex -26.3304 -0.888912 5
    endloop
  endfacet
  facet normal 0 0 1
    outer loop
      vertex -36.81 -0.913141 5
      vertex -26.3304 -0.888912 5
      vertex -36.7528 -0.833355 5
    endloop
  endfacet
  facet normal 0 0 1
    outer loop
      vertex -26.3304 -0.888912 5
      vertex -36.81 -0.913141 5
      vertex -26.2694 -0.974018 5
    endloop
  endfacet
  facet normal 0 0 1
    outer loop
      vertex -36.8722 -0.989018 5
      vertex -26.2694 -0.974018 5
      vertex -36.81 -0.913141 5
    endloop
  endfacet
  facet normal 0 0 1
    outer loop
      vertex -26.2694 -0.974018 5
      vertex -36.8722 -0.989018 5
      vertex -26.2029 -1.05495 5
    endloop
  endfacet
  facet normal 0 0 1
    outer loop
      vertex -36.9393 -1.06066 5
      vertex -26.2029 -1.05495 5
      vertex -36.8722 -0.989018 5
    endloop
  endfacet
  facet normal 0 0 1
    outer loop
      vertex -26.2029 -1.05495 5
      vertex -36.9393 -1.06066 5
      vertex -26.1314 -1.13137 5
    endloop
  endfacet
  facet normal -0 0 1
    outer loop
      vertex -37.011 -1.12776 5
      vertex -26.1314 -1.13137 5
      vertex -36.9393 -1.06066 5
    endloop
  endfacet
  facet normal 0 0 1
    outer loop
      vertex -26.1314 -1.13137 5
      vertex -37.011 -1.12776 5
      vertex -26.055 -1.20294 5
    endloop
  endfacet
  facet normal -0 0 1
    outer loop
      vertex -37.0869 -1.19003 5
      vertex -26.055 -1.20294 5
      vertex -37.011 -1.12776 5
    endloop
  endfacet
  facet normal 0 0 1
    outer loop
      vertex -26.055 -1.20294 5
      vertex -37.0869 -1.19003 5
      vertex -25.974 -1.26937 5
    endloop
  endfacet
  facet normal -0 0 1
    outer loop
      vertex -37.1666 -1.2472 5
      vertex -25.974 -1.26937 5
      vertex -37.0869 -1.19003 5
    endloop
  endfacet
  facet normal 0 0 1
    outer loop
      vertex -25.974 -1.26937 5
      vertex -37.1666 -1.2472 5
      vertex -25.8889 -1.33035 5
    endloop
  endfacet
  facet normal -0 0 1
    outer loop
      vertex -37.25 -1.29904 5
      vertex -25.8889 -1.33035 5
      vertex -37.1666 -1.2472 5
    endloop
  endfacet
  facet normal 0 0 1
    outer loop
      vertex -25.8889 -1.33035 5
      vertex -37.25 -1.29904 5
      vertex -25.8 -1.38564 5
    endloop
  endfacet
  facet normal -0 0 1
    outer loop
      vertex -37.3366 -1.34531 5
      vertex -25.8 -1.38564 5
      vertex -37.25 -1.29904 5
    endloop
  endfacet
  facet normal 0 0 1
    outer loop
      vertex -25.8 -1.38564 5
      vertex -37.3366 -1.34531 5
      vertex -25.7077 -1.435 5
    endloop
  endfacet
  facet normal 0 0 1
    outer loop
      vertex -45 -17 5
      vertex -25.7077 -1.435 5
      vertex -37.3366 -1.34531 5
    endloop
  endfacet
  facet normal 0 0 1
    outer loop
      vertex -25.7077 -1.435 5
      vertex -45 -17 5
      vertex -25.6123 -1.47821 5
    endloop
  endfacet
  facet normal 0 0 1
    outer loop
      vertex -25.6123 -1.47821 5
      vertex -45 -17 5
      vertex -25.5143 -1.51509 5
    endloop
  endfacet
  facet normal 0 0 1
    outer loop
      vertex -25.5143 -1.51509 5
      vertex -45 -17 5
      vertex -25.4141 -1.54548 5
    endloop
  endfacet
  facet normal 0 0 1
    outer loop
      vertex -25.4141 -1.54548 5
      vertex -45 -17 5
      vertex -25.3121 -1.56926 5
    endloop
  endfacet
  facet normal 0 0 1
    outer loop
      vertex -45 -17 5
      vertex -37.3366 -1.34531 5
      vertex -37.426 -1.38582 5
    endloop
  endfacet
  facet normal 0 0 1
    outer loop
      vertex -45 -17 5
      vertex -37.426 -1.38582 5
      vertex -37.5178 -1.42039 5
    endloop
  endfacet
  facet normal 0 0 1
    outer loop
      vertex -45 -17 5
      vertex -37.5178 -1.42039 5
      vertex -37.6118 -1.44889 5
    endloop
  endfacet
  facet normal 0 0 1
    outer loop
      vertex -45 -17 5
      vertex -37.6118 -1.44889 5
      vertex -37.7074 -1.47118 5
    endloop
  endfacet
  facet normal 0 0 1
    outer loop
      vertex -45 -17 5
      vertex -37.7074 -1.47118 5
      vertex -37.8042 -1.48717 5
    endloop
  endfacet
  facet normal 0 0 1
    outer loop
      vertex -45 -17 5
      vertex -37.8042 -1.48717 5
      vertex -37.9019 -1.49679 5
    endloop
  endfacet
  facet normal 0 0 1
    outer loop
      vertex -45 -17 5
      vertex -37.9019 -1.49679 5
      vertex -38 -1.5 5
    endloop
  endfacet
  facet normal 0 0 1
    outer loop
      vertex -45 -17 5
      vertex -38 -1.5 5
      vertex -38.0981 -1.49679 5
    endloop
  endfacet
  facet normal 0 0 1
    outer loop
      vertex -45 -17 5
      vertex -38.0981 -1.49679 5
      vertex -38.1958 -1.48717 5
    endloop
  endfacet
  facet normal 0 0 1
    outer loop
      vertex -45 -17 5
      vertex -38.1958 -1.48717 5
      vertex -38.2926 -1.47118 5
    endloop
  endfacet
  facet normal 0 0 1
    outer loop
      vertex -39.4968 0.0981045 5
      vertex -48 14 5
      vertex -39.5 0 5
    endloop
  endfacet
  facet normal 0 0 1
    outer loop
      vertex -48 -14 5
      vertex -39.5 0 5
      vertex -48 14 5
    endloop
  endfacet
  facet normal 0 0 1
    outer loop
      vertex -39.5 0 5
      vertex -48 -14 5
      vertex -39.4968 -0.0981045 5
    endloop
  endfacet
  facet normal 0 0 1
    outer loop
      vertex -39.4968 -0.0981045 5
      vertex -48 -14 5
      vertex -39.4872 -0.195788 5
    endloop
  endfacet
  facet normal 0 0 1
    outer loop
      vertex -39.4872 -0.195788 5
      vertex -48 -14 5
      vertex -39.4712 -0.292635 5
    endloop
  endfacet
  facet normal 0 0 1
    outer loop
      vertex 18.4198 -7.94436 5
      vertex -45 -17 5
      vertex 45 -17 5
    endloop
  endfacet
  facet normal 0 0 1
    outer loop
      vertex -38.3882 -1.44889 5
      vertex -45 -17 5
      vertex -38.2926 -1.47118 5
    endloop
  endfacet
  facet normal 0 0 1
    outer loop
      vertex -48 -14 5
      vertex -38.3882 -1.44889 5
      vertex -38.4822 -1.42039 5
    endloop
  endfacet
  facet normal 0 0 1
    outer loop
      vertex -48 -14 5
      vertex -38.4822 -1.42039 5
      vertex -38.574 -1.38582 5
    endloop
  endfacet
  facet normal 0 0 1
    outer loop
      vertex -48 -14 5
      vertex -38.574 -1.38582 5
      vertex -38.6634 -1.34531 5
    endloop
  endfacet
  facet normal 0 0 1
    outer loop
      vertex -48 -14 5
      vertex -38.6634 -1.34531 5
      vertex -38.75 -1.29904 5
    endloop
  endfacet
  facet normal 0 0 1
    outer loop
      vertex -48 -14 5
      vertex -38.75 -1.29904 5
      vertex -38.8334 -1.2472 5
    endloop
  endfacet
  facet normal 0 0 1
    outer loop
      vertex -48 -14 5
      vertex -38.8334 -1.2472 5
      vertex -38.9131 -1.19003 5
    endloop
  endfacet
  facet normal 0 0 1
    outer loop
      vertex -48 -14 5
      vertex -38.9131 -1.19003 5
      vertex -38.989 -1.12776 5
    endloop
  endfacet
  facet normal 0 0 1
    outer loop
      vertex -48 -14 5
      vertex -38.989 -1.12776 5
      vertex -39.0607 -1.06066 5
    endloop
  endfacet
  facet normal 0 0 1
    outer loop
      vertex -48 -14 5
      vertex -39.0607 -1.06066 5
      vertex -39.1278 -0.989018 5
    endloop
  endfacet
  facet normal 0 0 1
    outer loop
      vertex -48 -14 5
      vertex -39.1278 -0.989018 5
      vertex -39.19 -0.913141 5
    endloop
  endfacet
  facet normal 0 0 1
    outer loop
      vertex -48 -14 5
      vertex -39.19 -0.913141 5
      vertex -39.2472 -0.833355 5
    endloop
  endfacet
  facet normal 0 0 1
    outer loop
      vertex -48 -14 5
      vertex -39.2472 -0.833355 5
      vertex -39.299 -0.75 5
    endloop
  endfacet
  facet normal 0 0 1
    outer loop
      vertex -48 -14 5
      vertex -39.299 -0.75 5
      vertex -39.3453 -0.663432 5
    endloop
  endfacet
  facet normal 0 0 1
    outer loop
      vertex -48 -14 5
      vertex -39.3453 -0.663432 5
      vertex -39.3858 -0.574024 5
    endloop
  endfacet
  facet normal 0 0 1
    outer loop
      vertex -48 -14 5
      vertex -39.3858 -0.574024 5
      vertex -39.4204 -0.482159 5
    endloop
  endfacet
  facet normal 0 0 1
    outer loop
      vertex -39.4712 -0.292635 5
      vertex -48 -14 5
      vertex -39.4489 -0.388228 5
    endloop
  endfacet
  facet normal 0 0 1
    outer loop
      vertex -48 14 5
      vertex -45 17 5
      vertex -45.7764 16.8978 5
    endloop
  endfacet
  facet normal 0 0 1
    outer loop
      vertex -39.4489 -0.388228 5
      vertex -48 -14 5
      vertex -39.4204 -0.482159 5
    endloop
  endfacet
  facet normal 0 0 1
    outer loop
      vertex -48 14 5
      vertex -45.7764 16.8978 5
      vertex -46.5 16.5981 5
    endloop
  endfacet
  facet normal 0 0 1
    outer loop
      vertex -38.3882 -1.44889 5
      vertex -48 -14 5
      vertex -45 -17 5
    endloop
  endfacet
  facet normal 0 0 1
    outer loop
      vertex -48 14 5
      vertex -46.5 16.5981 5
      vertex -47.1213 16.1213 5
    endloop
  endfacet
  facet normal 0 0 1
    outer loop
      vertex -45 -17 5
      vertex -48 -14 5
      vertex -45.7764 -16.8978 5
    endloop
  endfacet
  facet normal 0 0 1
    outer loop
      vertex -48 14 5
      vertex -47.1213 16.1213 5
      vertex -47.5981 15.5 5
    endloop
  endfacet
  facet normal 0 0 1
    outer loop
      vertex -45.7764 -16.8978 5
      vertex -48 -14 5
      vertex -46.5 -16.5981 5
    endloop
  endfacet
  facet normal 0 0 1
    outer loop
      vertex -48 14 5
      vertex -47.5981 15.5 5
      vertex -47.8978 14.7764 5
    endloop
  endfacet
  facet normal 0 0 1
    outer loop
      vertex -46.5 -16.5981 5
      vertex -48 -14 5
      vertex -47.1213 -16.1213 5
    endloop
  endfacet
  facet normal 0 0 1
    outer loop
      vertex -47.1213 -16.1213 5
      vertex -48 -14 5
      vertex -47.5981 -15.5 5
    endloop
  endfacet
  facet normal 0 0 1
    outer loop
      vertex -47.5981 -15.5 5
      vertex -48 -14 5
      vertex -47.8978 -14.7764 5
    endloop
  endfacet
  facet normal 0.130507 -0.991447 0
    outer loop
      vertex 45 -17 0
      vertex 45.7764 -16.8978 5
      vertex 45 -17 5
    endloop
  endfacet
  facet normal 0.130507 -0.991447 0
    outer loop
      vertex 45.7764 -16.8978 5
      vertex 45 -17 0
      vertex 45.7764 -16.8978 0
    endloop
  endfacet
  facet normal -0.608809 -0.793316 0
    outer loop
      vertex -47.1213 -16.1213 0
      vertex -46.5 -16.5981 5
      vertex -47.1213 -16.1213 5
    endloop
  endfacet
  facet normal -0.608809 -0.793316 -0
    outer loop
      vertex -46.5 -16.5981 5
      vertex -47.1213 -16.1213 0
      vertex -46.5 -16.5981 0
    endloop
  endfacet
  facet normal -0.130507 0.991447 0
    outer loop
      vertex -45 17 0
      vertex -45.7764 16.8978 5
      vertex -45 17 5
    endloop
  endfacet
  facet normal -0.130507 0.991447 0
    outer loop
      vertex -45.7764 16.8978 5
      vertex -45 17 0
      vertex -45.7764 16.8978 0
    endloop
  endfacet
  facet normal 1 -0 0
    outer loop
      vertex 48 1.7 5
      vertex 48 14 0
      vertex 48 14 5
    endloop
  endfacet
  facet normal 1 0 0
    outer loop
      vertex 48 14 0
      vertex 48 1.7 5
      vertex 48 1.7 0
    endloop
  endfacet
  facet normal 1 -0 0
    outer loop
      vertex 48 -14 5
      vertex 48 -1.7 0
      vertex 48 -1.7 5
    endloop
  endfacet
  facet normal 1 0 0
    outer loop
      vertex 48 -1.7 0
      vertex 48 -14 5
      vertex 48 -14 0
    endloop
  endfacet
  facet normal -1 0 0
    outer loop
      vertex -48 -14 0
      vertex -48 14 5
      vertex -48 14 0
    endloop
  endfacet
  facet normal -1 -0 0
    outer loop
      vertex -48 14 5
      vertex -48 -14 0
      vertex -48 -14 5
    endloop
  endfacet
  facet normal 0 0 -1
    outer loop
      vertex 45 -17 0
      vertex 48 -14 0
      vertex 47.8978 -14.7764 0
    endloop
  endfacet
  facet normal 0 0 -1
    outer loop
      vertex 45 -17 0
      vertex 47.8978 -14.7764 0
      vertex 47.5981 -15.5 0
    endloop
  endfacet
  facet normal 0 0 -1
    outer loop
      vertex 45 -17 0
      vertex 47.5981 -15.5 0
      vertex 47.1213 -16.1213 0
    endloop
  endfacet
  facet normal 0 0 -1
    outer loop
      vertex 45 -17 0
      vertex 47.1213 -16.1213 0
      vertex 46.5 -16.5981 0
    endloop
  endfacet
  facet normal 0 0 -1
    outer loop
      vertex 48 -14 0
      vertex 46 -1.7 0
      vertex 48 -1.7 0
    endloop
  endfacet
  facet normal 0 0 -1
    outer loop
      vertex 48 -14 0
      vertex 45.8888 -1.69636 0
      vertex 46 -1.7 0
    endloop
  endfacet
  facet normal 0 0 -1
    outer loop
      vertex 48 -14 0
      vertex 45.7781 -1.68546 0
      vertex 45.8888 -1.69636 0
    endloop
  endfacet
  facet normal 0 0 -1
    outer loop
      vertex 45 -17 0
      vertex 46.5 -16.5981 0
      vertex 45.7764 -16.8978 0
    endloop
  endfacet
  facet normal 0 0 -1
    outer loop
      vertex 48 -14 0
      vertex 45.6683 -1.66733 0
      vertex 45.7781 -1.68546 0
    endloop
  endfacet
  facet normal 0 0 -1
    outer loop
      vertex 35.9445 -2.91014 0
      vertex 48 -14 0
      vertex 45 -17 0
    endloop
  endfacet
  facet normal 0 0 -1
    outer loop
      vertex 48 -14 0
      vertex 45.56 -1.64207 0
      vertex 45.6683 -1.66733 0
    endloop
  endfacet
  facet normal 0 0 -1
    outer loop
      vertex 48 -14 0
      vertex 45.4536 -1.60978 0
      vertex 45.56 -1.64207 0
    endloop
  endfacet
  facet normal 0 0 -1
    outer loop
      vertex 48 -14 0
      vertex 45.3494 -1.57059 0
      vertex 45.4536 -1.60978 0
    endloop
  endfacet
  facet normal 0 0 -1
    outer loop
      vertex 48 -14 0
      vertex 45.2481 -1.52468 0
      vertex 45.3494 -1.57059 0
    endloop
  endfacet
  facet normal 0 0 -1
    outer loop
      vertex 48 -14 0
      vertex 36.3077 -2.63144 0
      vertex 45.2481 -1.52468 0
    endloop
  endfacet
  facet normal -0 0 -1
    outer loop
      vertex 45.2481 -1.52468 0
      vertex 36.3077 -2.63144 0
      vertex 45.15 -1.47224 0
    endloop
  endfacet
  facet normal 0 -0 -1
    outer loop
      vertex 36.4749 -2.47487 0
      vertex 45.15 -1.47224 0
      vertex 36.3077 -2.63144 0
    endloop
  endfacet
  facet normal -0 0 -1
    outer loop
      vertex 45.15 -1.47224 0
      vertex 36.4749 -2.47487 0
      vertex 45.0555 -1.4135 0
    endloop
  endfacet
  facet normal 0 -0 -1
    outer loop
      vertex 36.6314 -2.30771 0
      vertex 45.0555 -1.4135 0
      vertex 36.4749 -2.47487 0
    endloop
  endfacet
  facet normal -0 0 -1
    outer loop
      vertex 45.0555 -1.4135 0
      vertex 36.6314 -2.30771 0
      vertex 44.9651 -1.3487 0
    endloop
  endfacet
  facet normal 0 -0 -1
    outer loop
      vertex 36.7767 -2.13066 0
      vertex 44.9651 -1.3487 0
      vertex 36.6314 -2.30771 0
    endloop
  endfacet
  facet normal -0 0 -1
    outer loop
      vertex 44.9651 -1.3487 0
      vertex 36.7767 -2.13066 0
      vertex 44.8791 -1.27813 0
    endloop
  endfacet
  facet normal -0 0 -1
    outer loop
      vertex 44.8791 -1.27813 0
      vertex 36.7767 -2.13066 0
      vertex 44.7979 -1.20208 0
    endloop
  endfacet
  facet normal 0 -0 -1
    outer loop
      vertex 36.9101 -1.9445 0
      vertex 44.7979 -1.20208 0
      vertex 36.7767 -2.13066 0
    endloop
  endfacet
  facet normal -0 0 -1
    outer loop
      vertex 44.7979 -1.20208 0
      vertex 36.9101 -1.9445 0
      vertex 44.7219 -1.12089 0
    endloop
  endfacet
  facet normal 0 -0 -1
    outer loop
      vertex 37.0311 -1.75 0
      vertex 44.7219 -1.12089 0
      vertex 36.9101 -1.9445 0
    endloop
  endfacet
  facet normal 0 -0 -1
    outer loop
      vertex 37.1391 -1.54801 0
      vertex 44.6513 -1.03489 0
      vertex 37.0311 -1.75 0
    endloop
  endfacet
  facet normal -0 0 -1
    outer loop
      vertex 44.6513 -1.03489 0
      vertex 37.1391 -1.54801 0
      vertex 44.5865 -0.944468 0
    endloop
  endfacet
  facet normal 0 -0 -1
    outer loop
      vertex 37.2336 -1.33939 0
      vertex 44.5865 -0.944468 0
      vertex 37.1391 -1.54801 0
    endloop
  endfacet
  facet normal -0 0 -1
    outer loop
      vertex 44.5865 -0.944468 0
      vertex 37.2336 -1.33939 0
      vertex 44.5278 -0.849999 0
    endloop
  endfacet
  facet normal 0 0 -1
    outer loop
      vertex 44.3036 -0.111185 0
      vertex 37.5 0 0
      vertex 44.3 0 0
    endloop
  endfacet
  facet normal -0 0 -1
    outer loop
      vertex 44.5278 -0.849999 0
      vertex 37.2336 -1.33939 0
      vertex 44.4753 -0.75189 0
    endloop
  endfacet
  facet normal -0 0 -1
    outer loop
      vertex 44.3036 -0.111185 0
      vertex 37.4925 -0.22891 0
      vertex 37.5 0 0
    endloop
  endfacet
  facet normal -0 0 -1
    outer loop
      vertex 44.3145 -0.221894 0
      vertex 37.4925 -0.22891 0
      vertex 44.3036 -0.111185 0
    endloop
  endfacet
  facet normal 0 -0 -1
    outer loop
      vertex 37.4925 -0.22891 0
      vertex 44.3145 -0.221894 0
      vertex 37.4701 -0.456841 0
    endloop
  endfacet
  facet normal -0 0 -1
    outer loop
      vertex 44.3327 -0.331653 0
      vertex 37.4701 -0.456841 0
      vertex 44.3145 -0.221894 0
    endloop
  endfacet
  facet normal 0 -0 -1
    outer loop
      vertex 37.4701 -0.456841 0
      vertex 44.3327 -0.331653 0
      vertex 37.4327 -0.682816 0
    endloop
  endfacet
  facet normal -0 0 -1
    outer loop
      vertex 44.3579 -0.439992 0
      vertex 37.4327 -0.682816 0
      vertex 44.3327 -0.331653 0
    endloop
  endfacet
  facet normal -0 0 -1
    outer loop
      vertex 44.3902 -0.546447 0
      vertex 37.4327 -0.682816 0
      vertex 44.3579 -0.439992 0
    endloop
  endfacet
  facet normal 0 -0 -1
    outer loop
      vertex 37.4327 -0.682816 0
      vertex 44.3902 -0.546447 0
      vertex 37.3807 -0.905867 0
    endloop
  endfacet
  facet normal -0 0 -1
    outer loop
      vertex 44.4294 -0.650561 0
      vertex 37.3807 -0.905867 0
      vertex 44.3902 -0.546447 0
    endloop
  endfacet
  facet normal 0 -0 -1
    outer loop
      vertex 37.3807 -0.905867 0
      vertex 44.4294 -0.650561 0
      vertex 37.3143 -1.12504 0
    endloop
  endfacet
  facet normal -0 0 -1
    outer loop
      vertex 44.4753 -0.75189 0
      vertex 37.3143 -1.12504 0
      vertex 44.4294 -0.650561 0
    endloop
  endfacet
  facet normal 0 -0 -1
    outer loop
      vertex 37.3143 -1.12504 0
      vertex 44.4753 -0.75189 0
      vertex 37.2336 -1.33939 0
    endloop
  endfacet
  facet normal -0 0 -1
    outer loop
      vertex 44.7219 -1.12089 0
      vertex 37.0311 -1.75 0
      vertex 44.6513 -1.03489 0
    endloop
  endfacet
  facet normal 0 0 -1
    outer loop
      vertex 48 -14 0
      vertex 36.1307 -2.77674 0
      vertex 36.3077 -2.63144 0
    endloop
  endfacet
  facet normal 0 0 -1
    outer loop
      vertex 48 -14 0
      vertex 35.9445 -2.91014 0
      vertex 36.1307 -2.77674 0
    endloop
  endfacet
  facet normal 0 0 -1
    outer loop
      vertex 45 -17 0
      vertex 35.75 -3.03109 0
      vertex 35.9445 -2.91014 0
    endloop
  endfacet
  facet normal 0 0 -1
    outer loop
      vertex 45 -17 0
      vertex 35.548 -3.13905 0
      vertex 35.75 -3.03109 0
    endloop
  endfacet
  facet normal 0 0 -1
    outer loop
      vertex 45 -17 0
      vertex 35.3394 -3.23358 0
      vertex 35.548 -3.13905 0
    endloop
  endfacet
  facet normal 0 0 -1
    outer loop
      vertex 45 -17 0
      vertex 35.125 -3.31425 0
      vertex 35.3394 -3.23358 0
    endloop
  endfacet
  facet normal 0 0 -1
    outer loop
      vertex 45 -17 0
      vertex 34.9059 -3.38074 0
      vertex 35.125 -3.31425 0
    endloop
  endfacet
  facet normal 0 0 -1
    outer loop
      vertex 45 -17 0
      vertex 34.6828 -3.43275 0
      vertex 34.9059 -3.38074 0
    endloop
  endfacet
  facet normal 0 0 -1
    outer loop
      vertex 45 -17 0
      vertex 34.4568 -3.47006 0
      vertex 34.6828 -3.43275 0
    endloop
  endfacet
  facet normal 0 0 -1
    outer loop
      vertex 45 -17 0
      vertex 34.2289 -3.49251 0
      vertex 34.4568 -3.47006 0
    endloop
  endfacet
  facet normal 0 0 -1
    outer loop
      vertex 45 -17 0
      vertex 34 -3.5 0
      vertex 34.2289 -3.49251 0
    endloop
  endfacet
  facet normal 0 0 -1
    outer loop
      vertex 45 -17 0
      vertex 33.7711 -3.49251 0
      vertex 34 -3.5 0
    endloop
  endfacet
  facet normal 0 0 -1
    outer loop
      vertex 25.3407 -6.0899 0
      vertex 33.7711 -3.49251 0
      vertex 45 -17 0
    endloop
  endfacet
  facet normal -0 0 -1
    outer loop
      vertex 33.7711 -3.49251 0
      vertex 25.3407 -6.0899 0
      vertex 33.5432 -3.47006 0
    endloop
  endfacet
  facet normal 0 -0 -1
    outer loop
      vertex 25.7276 -5.72756 0
      vertex 33.5432 -3.47006 0
      vertex 25.3407 -6.0899 0
    endloop
  endfacet
  facet normal -0 0 -1
    outer loop
      vertex 33.5432 -3.47006 0
      vertex 25.7276 -5.72756 0
      vertex 33.3172 -3.43275 0
    endloop
  endfacet
  facet normal -0 0 -1
    outer loop
      vertex 33.3172 -3.43275 0
      vertex 25.7276 -5.72756 0
      vertex 33.0941 -3.38074 0
    endloop
  endfacet
  facet normal 0 -0 -1
    outer loop
      vertex 26.0899 -5.3407 0
      vertex 33.0941 -3.38074 0
      vertex 25.7276 -5.72756 0
    endloop
  endfacet
  facet normal -0 0 -1
    outer loop
      vertex 33.0941 -3.38074 0
      vertex 26.0899 -5.3407 0
      vertex 32.875 -3.31425 0
    endloop
  endfacet
  facet normal 0 -0 -1
    outer loop
      vertex 26.4262 -4.93097 0
      vertex 32.875 -3.31425 0
      vertex 26.0899 -5.3407 0
    endloop
  endfacet
  facet normal -0 0 -1
    outer loop
      vertex 32.875 -3.31425 0
      vertex 26.4262 -4.93097 0
      vertex 32.6606 -3.23358 0
    endloop
  endfacet
  facet normal 0 -0 -1
    outer loop
      vertex 26.7349 -4.50012 0
      vertex 32.452 -3.13905 0
      vertex 26.4262 -4.93097 0
    endloop
  endfacet
  facet normal -0 0 -1
    outer loop
      vertex 32.452 -3.13905 0
      vertex 26.7349 -4.50012 0
      vertex 32.25 -3.03109 0
    endloop
  endfacet
  facet normal 0 -0 -1
    outer loop
      vertex 27.0148 -4.05 0
      vertex 32.25 -3.03109 0
      vertex 26.7349 -4.50012 0
    endloop
  endfacet
  facet normal 0 0 -1
    outer loop
      vertex 30.5075 -0.22891 0
      vertex 28.1 0 0
      vertex 30.5 0 0
    endloop
  endfacet
  facet normal 0 0 -1
    outer loop
      vertex 28.0827 -0.529765 0
      vertex 30.5075 -0.22891 0
      vertex 30.5299 -0.456841 0
    endloop
  endfacet
  facet normal 0 0 -1
    outer loop
      vertex 28.0827 -0.529765 0
      vertex 30.5299 -0.456841 0
      vertex 30.5673 -0.682816 0
    endloop
  endfacet
  facet normal 0 0 -1
    outer loop
      vertex 28.0307 -1.05726 0
      vertex 30.5673 -0.682816 0
      vertex 30.6193 -0.905867 0
    endloop
  endfacet
  facet normal 0 0 -1
    outer loop
      vertex 28.0307 -1.05726 0
      vertex 30.6193 -0.905867 0
      vertex 30.6857 -1.12504 0
    endloop
  endfacet
  facet normal 0 0 -1
    outer loop
      vertex 27.9444 -1.58023 0
      vertex 30.6857 -1.12504 0
      vertex 30.7664 -1.33939 0
    endloop
  endfacet
  facet normal 0 0 -1
    outer loop
      vertex 27.9444 -1.58023 0
      vertex 30.7664 -1.33939 0
      vertex 30.8609 -1.54801 0
    endloop
  endfacet
  facet normal 0 0 -1
    outer loop
      vertex 27.824 -2.09643 0
      vertex 30.8609 -1.54801 0
      vertex 30.9689 -1.75 0
    endloop
  endfacet
  facet normal 0 0 -1
    outer loop
      vertex 27.824 -2.09643 0
      vertex 30.9689 -1.75 0
      vertex 31.0899 -1.9445 0
    endloop
  endfacet
  facet normal 0 0 -1
    outer loop
      vertex 27.6701 -2.60366 0
      vertex 31.0899 -1.9445 0
      vertex 31.2233 -2.13066 0
    endloop
  endfacet
  facet normal 0 0 -1
    outer loop
      vertex 27.6701 -2.60366 0
      vertex 31.2233 -2.13066 0
      vertex 31.3686 -2.30771 0
    endloop
  endfacet
  facet normal -0 0 -1
    outer loop
      vertex 32.0555 -2.91014 0
      vertex 27.0148 -4.05 0
      vertex 31.8693 -2.77674 0
    endloop
  endfacet
  facet normal -0 0 -1
    outer loop
      vertex 30.5075 -0.22891 0
      vertex 28.0827 -0.529765 0
      vertex 28.1 0 0
    endloop
  endfacet
  facet normal -0 0 -1
    outer loop
      vertex 30.5673 -0.682816 0
      vertex 28.0307 -1.05726 0
      vertex 28.0827 -0.529765 0
    endloop
  endfacet
  facet normal -0 0 -1
    outer loop
      vertex 30.6857 -1.12504 0
      vertex 27.9444 -1.58023 0
      vertex 28.0307 -1.05726 0
    endloop
  endfacet
  facet normal 0 0 -1
    outer loop
      vertex 30.8609 -1.54801 0
      vertex 27.824 -2.09643 0
      vertex 27.9444 -1.58023 0
    endloop
  endfacet
  facet normal 0 0 -1
    outer loop
      vertex 31.0899 -1.9445 0
      vertex 27.6701 -2.60366 0
      vertex 27.824 -2.09643 0
    endloop
  endfacet
  facet normal 0 0 -1
    outer loop
      vertex 31.3686 -2.30771 0
      vertex 27.4834 -3.09974 0
      vertex 27.6701 -2.60366 0
    endloop
  endfacet
  facet normal -0 0 -1
    outer loop
      vertex 31.5251 -2.47487 0
      vertex 27.4834 -3.09974 0
      vertex 31.3686 -2.30771 0
    endloop
  endfacet
  facet normal 0 -0 -1
    outer loop
      vertex 27.4834 -3.09974 0
      vertex 31.5251 -2.47487 0
      vertex 27.2647 -3.58254 0
    endloop
  endfacet
  facet normal -0 0 -1
    outer loop
      vertex 31.6923 -2.63144 0
      vertex 27.2647 -3.58254 0
      vertex 31.5251 -2.47487 0
    endloop
  endfacet
  facet normal -0 0 -1
    outer loop
      vertex 31.8693 -2.77674 0
      vertex 27.2647 -3.58254 0
      vertex 31.6923 -2.63144 0
    endloop
  endfacet
  facet normal 0 -0 -1
    outer loop
      vertex 27.2647 -3.58254 0
      vertex 31.8693 -2.77674 0
      vertex 27.0148 -4.05 0
    endloop
  endfacet
  facet normal -0 0 -1
    outer loop
      vertex 32.25 -3.03109 0
      vertex 27.0148 -4.05 0
      vertex 32.0555 -2.91014 0
    endloop
  endfacet
  facet normal -0 0 -1
    outer loop
      vertex 32.6606 -3.23358 0
      vertex 26.4262 -4.93097 0
      vertex 32.452 -3.13905 0
    endloop
  endfacet
  facet normal 0 0 -1
    outer loop
      vertex 45 -17 0
      vertex 24.931 -6.42616 0
      vertex 25.3407 -6.0899 0
    endloop
  endfacet
  facet normal 0 0 -1
    outer loop
      vertex 45 -17 0
      vertex 24.5001 -6.7349 0
      vertex 24.931 -6.42616 0
    endloop
  endfacet
  facet normal 0 0 -1
    outer loop
      vertex 45 -17 0
      vertex 24.05 -7.0148 0
      vertex 24.5001 -6.7349 0
    endloop
  endfacet
  facet normal 0 0 -1
    outer loop
      vertex 45 -17 0
      vertex 23.5825 -7.26467 0
      vertex 24.05 -7.0148 0
    endloop
  endfacet
  facet normal 0 0 -1
    outer loop
      vertex 45 -17 0
      vertex 23.0997 -7.48342 0
      vertex 23.5825 -7.26467 0
    endloop
  endfacet
  facet normal 0 0 -1
    outer loop
      vertex 45 -17 0
      vertex 22.6037 -7.67013 0
      vertex 23.0997 -7.48342 0
    endloop
  endfacet
  facet normal 0 0 -1
    outer loop
      vertex 45 -17 0
      vertex 22.0964 -7.824 0
      vertex 22.6037 -7.67013 0
    endloop
  endfacet
  facet normal 0 0 -1
    outer loop
      vertex 45 -17 0
      vertex 21.5802 -7.94436 0
      vertex 22.0964 -7.824 0
    endloop
  endfacet
  facet normal 0 0 -1
    outer loop
      vertex 45 -17 0
      vertex 21.0573 -8.0307 0
      vertex 21.5802 -7.94436 0
    endloop
  endfacet
  facet normal 0 0 -1
    outer loop
      vertex 45 -17 0
      vertex 20.5298 -8.08266 0
      vertex 21.0573 -8.0307 0
    endloop
  endfacet
  facet normal 0 0 -1
    outer loop
      vertex 45 -17 0
      vertex 20 -8.1 0
      vertex 20.5298 -8.08266 0
    endloop
  endfacet
  facet normal 0 0 -1
    outer loop
      vertex 45 -17 0
      vertex 19.4702 -8.08266 0
      vertex 20 -8.1 0
    endloop
  endfacet
  facet normal 0 0 -1
    outer loop
      vertex 45 -17 0
      vertex 18.9427 -8.0307 0
      vertex 19.4702 -8.08266 0
    endloop
  endfacet
  facet normal 0 0 -1
    outer loop
      vertex 45 -17 0
      vertex 18.4198 -7.94436 0
      vertex 18.9427 -8.0307 0
    endloop
  endfacet
  facet normal 0 0 -1
    outer loop
      vertex -45 -17 0
      vertex 18.4198 -7.94436 0
      vertex 45 -17 0
    endloop
  endfacet
  facet normal -0 0 -1
    outer loop
      vertex 18.4198 -7.94436 0
      vertex -45 -17 0
      vertex 17.9036 -7.824 0
    endloop
  endfacet
  facet normal 0 0 -1
    outer loop
      vertex 2.79615 -0.117725 0
      vertex 11.9 0 0
      vertex 11.9173 -0.529765 0
    endloop
  endfacet
  facet normal 0 0 -1
    outer loop
      vertex 2.76541 -0.351162 0
      vertex 11.9173 -0.529765 0
      vertex 11.9693 -1.05726 0
    endloop
  endfacet
  facet normal 0 0 -1
    outer loop
      vertex 2.70447 -0.57859 0
      vertex 11.9693 -1.05726 0
      vertex 12.0556 -1.58023 0
    endloop
  endfacet
  facet normal 0 0 -1
    outer loop
      vertex 2.61437 -0.796119 0
      vertex 12.0556 -1.58023 0
      vertex 12.176 -2.09643 0
    endloop
  endfacet
  facet normal 0 0 -1
    outer loop
      vertex 2.49664 -1.00003 0
      vertex 12.176 -2.09643 0
      vertex 12.3299 -2.60366 0
    endloop
  endfacet
  facet normal 0 0 -1
    outer loop
      vertex 2.42804 -1.09577 0
      vertex 12.3299 -2.60366 0
      vertex 12.5166 -3.09974 0
    endloop
  endfacet
  facet normal 0 0 -1
    outer loop
      vertex 2.27279 -1.27279 0
      vertex 12.5166 -3.09974 0
      vertex 12.7353 -3.58254 0
    endloop
  endfacet
  facet normal 0 0 -1
    outer loop
      vertex 2.09577 -1.42804 0
      vertex 12.7353 -3.58254 0
      vertex 12.9852 -4.05 0
    endloop
  endfacet
  facet normal 0 0 -1
    outer loop
      vertex 1.9 -1.55885 0
      vertex 12.9852 -4.05 0
      vertex 13.2651 -4.50012 0
    endloop
  endfacet
  facet normal 0 0 -1
    outer loop
      vertex 1.79612 -1.61437 0
      vertex 13.2651 -4.50012 0
      vertex 13.5738 -4.93097 0
    endloop
  endfacet
  facet normal 0 0 -1
    outer loop
      vertex 1.57859 -1.70447 0
      vertex 13.5738 -4.93097 0
      vertex 13.9101 -5.3407 0
    endloop
  endfacet
  facet normal 0 0 -1
    outer loop
      vertex 1.46587 -1.73867 0
      vertex 13.9101 -5.3407 0
      vertex 14.2724 -5.72756 0
    endloop
  endfacet
  facet normal 0 0 -1
    outer loop
      vertex 1.23495 -1.7846 0
      vertex 14.2724 -5.72756 0
      vertex 14.6593 -6.0899 0
    endloop
  endfacet
  facet normal 0 0 -1
    outer loop
      vertex 1.11773 -1.79615 0
      vertex 14.6593 -6.0899 0
      vertex 15.069 -6.42616 0
    endloop
  endfacet
  facet normal 0 0 -1
    outer loop
      vertex 1 -1.8 0
      vertex 15.069 -6.42616 0
      vertex 15.4999 -6.7349 0
    endloop
  endfacet
  facet normal 0 0 -1
    outer loop
      vertex 0.882274 -1.79615 0
      vertex 15.4999 -6.7349 0
      vertex 15.95 -7.0148 0
    endloop
  endfacet
  facet normal 0 0 -1
    outer loop
      vertex -11.7781 -1.68546 0
      vertex 15.95 -7.0148 0
      vertex 16.4175 -7.26467 0
    endloop
  endfacet
  facet normal -0 0 -1
    outer loop
      vertex 11.9 0 0
      vertex 2.79615 -0.117725 0
      vertex 2.8 0 0
    endloop
  endfacet
  facet normal 0 0 -1
    outer loop
      vertex 11.9173 -0.529765 0
      vertex 2.7846 -0.234946 0
      vertex 2.79615 -0.117725 0
    endloop
  endfacet
  facet normal 0 0 -1
    outer loop
      vertex 11.9173 -0.529765 0
      vertex 2.76541 -0.351162 0
      vertex 2.7846 -0.234946 0
    endloop
  endfacet
  facet normal 0 0 -1
    outer loop
      vertex 11.9693 -1.05726 0
      vertex 2.73867 -0.465874 0
      vertex 2.76541 -0.351162 0
    endloop
  endfacet
  facet normal 0 0 -1
    outer loop
      vertex 11.9693 -1.05726 0
      vertex 2.70447 -0.57859 0
      vertex 2.73867 -0.465874 0
    endloop
  endfacet
  facet normal 0 0 -1
    outer loop
      vertex 12.0556 -1.58023 0
      vertex 2.66298 -0.688829 0
      vertex 2.70447 -0.57859 0
    endloop
  endfacet
  facet normal 0 0 -1
    outer loop
      vertex 12.0556 -1.58023 0
      vertex 2.61437 -0.796119 0
      vertex 2.66298 -0.688829 0
    endloop
  endfacet
  facet normal 0 0 -1
    outer loop
      vertex 12.176 -2.09643 0
      vertex 2.55885 -0.9 0
      vertex 2.61437 -0.796119 0
    endloop
  endfacet
  facet normal 0 0 -1
    outer loop
      vertex 12.176 -2.09643 0
      vertex 2.49664 -1.00003 0
      vertex 2.55885 -0.9 0
    endloop
  endfacet
  facet normal 0 0 -1
    outer loop
      vertex -45 -17 0
      vertex 16.4175 -7.26467 0
      vertex 16.9003 -7.48342 0
    endloop
  endfacet
  facet normal 0 0 -1
    outer loop
      vertex 12.3299 -2.60366 0
      vertex 2.42804 -1.09577 0
      vertex 2.49664 -1.00003 0
    endloop
  endfacet
  facet normal 0 0 -1
    outer loop
      vertex 12.5166 -3.09974 0
      vertex 2.35331 -1.18682 0
      vertex 2.42804 -1.09577 0
    endloop
  endfacet
  facet normal 0 0 -1
    outer loop
      vertex 12.5166 -3.09974 0
      vertex 2.27279 -1.27279 0
      vertex 2.35331 -1.18682 0
    endloop
  endfacet
  facet normal 0 0 -1
    outer loop
      vertex 12.7353 -3.58254 0
      vertex 2.18682 -1.35331 0
      vertex 2.27279 -1.27279 0
    endloop
  endfacet
  facet normal 0 0 -1
    outer loop
      vertex 12.7353 -3.58254 0
      vertex 2.09577 -1.42804 0
      vertex 2.18682 -1.35331 0
    endloop
  endfacet
  facet normal 0 0 -1
    outer loop
      vertex 12.9852 -4.05 0
      vertex 2.00003 -1.49664 0
      vertex 2.09577 -1.42804 0
    endloop
  endfacet
  facet normal 0 0 -1
    outer loop
      vertex 12.9852 -4.05 0
      vertex 1.9 -1.55885 0
      vertex 2.00003 -1.49664 0
    endloop
  endfacet
  facet normal 0 0 -1
    outer loop
      vertex 13.2651 -4.50012 0
      vertex 1.79612 -1.61437 0
      vertex 1.9 -1.55885 0
    endloop
  endfacet
  facet normal 0 0 -1
    outer loop
      vertex 13.5738 -4.93097 0
      vertex 1.68883 -1.66298 0
      vertex 1.79612 -1.61437 0
    endloop
  endfacet
  facet normal 0 0 -1
    outer loop
      vertex 13.5738 -4.93097 0
      vertex 1.57859 -1.70447 0
      vertex 1.68883 -1.66298 0
    endloop
  endfacet
  facet normal 0 0 -1
    outer loop
      vertex 13.9101 -5.3407 0
      vertex 1.46587 -1.73867 0
      vertex 1.57859 -1.70447 0
    endloop
  endfacet
  facet normal 0 0 -1
    outer loop
      vertex -45 -17 0
      vertex 16.9003 -7.48342 0
      vertex 17.3963 -7.67013 0
    endloop
  endfacet
  facet normal 0 0 -1
    outer loop
      vertex 14.2724 -5.72756 0
      vertex 1.35116 -1.76541 0
      vertex 1.46587 -1.73867 0
    endloop
  endfacet
  facet normal 0 0 -1
    outer loop
      vertex 14.2724 -5.72756 0
      vertex 1.23495 -1.7846 0
      vertex 1.35116 -1.76541 0
    endloop
  endfacet
  facet normal 0 0 -1
    outer loop
      vertex 14.6593 -6.0899 0
      vertex 1.11773 -1.79615 0
      vertex 1.23495 -1.7846 0
    endloop
  endfacet
  facet normal 0 0 -1
    outer loop
      vertex 15.069 -6.42616 0
      vertex 1 -1.8 0
      vertex 1.11773 -1.79615 0
    endloop
  endfacet
  facet normal 0 0 -1
    outer loop
      vertex 15.4999 -6.7349 0
      vertex 0.882274 -1.79615 0
      vertex 1 -1.8 0
    endloop
  endfacet
  facet normal 0 0 -1
    outer loop
      vertex 15.95 -7.0148 0
      vertex 0.765053 -1.7846 0
      vertex 0.882274 -1.79615 0
    endloop
  endfacet
  facet normal 0 0 -1
    outer loop
      vertex 15.95 -7.0148 0
      vertex -11.7781 -1.68546 0
      vertex 0.765053 -1.7846 0
    endloop
  endfacet
  facet normal 0 0 -1
    outer loop
      vertex 0.765053 -1.7846 0
      vertex -11.7781 -1.68546 0
      vertex 0.648837 -1.76541 0
    endloop
  endfacet
  facet normal 0 -0 -1
    outer loop
      vertex -11.6683 -1.66733 0
      vertex 0.648837 -1.76541 0
      vertex -11.7781 -1.68546 0
    endloop
  endfacet
  facet normal 0 0 -1
    outer loop
      vertex -0.796145 -0.117725 0
      vertex -10.3 0 0
      vertex -0.799999 0 0
    endloop
  endfacet
  facet normal 0 0 -1
    outer loop
      vertex -10.3036 -0.111185 0
      vertex -0.796145 -0.117725 0
      vertex -0.7846 -0.234946 0
    endloop
  endfacet
  facet normal 0 0 -1
    outer loop
      vertex -10.3145 -0.221894 0
      vertex -0.7846 -0.234946 0
      vertex -0.765413 -0.351162 0
    endloop
  endfacet
  facet normal 0 0 -1
    outer loop
      vertex -10.3327 -0.331653 0
      vertex -0.765413 -0.351162 0
      vertex -0.738666 -0.465874 0
    endloop
  endfacet
  facet normal 0 0 -1
    outer loop
      vertex -10.3579 -0.439992 0
      vertex -0.738666 -0.465874 0
      vertex -0.704473 -0.57859 0
    endloop
  endfacet
  facet normal 0 0 -1
    outer loop
      vertex -10.3902 -0.546447 0
      vertex -0.704473 -0.57859 0
      vertex -0.662983 -0.688829 0
    endloop
  endfacet
  facet normal 0 0 -1
    outer loop
      vertex -10.4294 -0.650561 0
      vertex -0.662983 -0.688829 0
      vertex -0.61437 -0.796119 0
    endloop
  endfacet
  facet normal 0 0 -1
    outer loop
      vertex -10.4753 -0.75189 0
      vertex -0.61437 -0.796119 0
      vertex -0.558846 -0.9 0
    endloop
  endfacet
  facet normal 0 0 -1
    outer loop
      vertex -10.5865 -0.944468 0
      vertex -0.558846 -0.9 0
      vertex -0.496645 -1.00003 0
    endloop
  endfacet
  facet normal 0 0 -1
    outer loop
      vertex -10.6513 -1.03489 0
      vertex -0.496645 -1.00003 0
      vertex -0.428036 -1.09577 0
    endloop
  endfacet
  facet normal 0 0 -1
    outer loop
      vertex -10.7219 -1.12089 0
      vertex -0.428036 -1.09577 0
      vertex -0.353312 -1.18682 0
    endloop
  endfacet
  facet normal 0 0 -1
    outer loop
      vertex -10.7979 -1.20208 0
      vertex -0.353312 -1.18682 0
      vertex -0.272792 -1.27279 0
    endloop
  endfacet
  facet normal 0 0 -1
    outer loop
      vertex -10.8791 -1.27813 0
      vertex -0.272792 -1.27279 0
      vertex -0.186822 -1.35331 0
    endloop
  endfacet
  facet normal 0 0 -1
    outer loop
      vertex -10.9651 -1.3487 0
      vertex -0.186822 -1.35331 0
      vertex -0.0957699 -1.42804 0
    endloop
  endfacet
  facet normal 0 0 -1
    outer loop
      vertex -11.0555 -1.4135 0
      vertex -0.0957699 -1.42804 0
      vertex -2.57492e-05 -1.49664 0
    endloop
  endfacet
  facet normal 0 0 -1
    outer loop
      vertex -11.15 -1.47224 0
      vertex -2.57492e-05 -1.49664 0
      vertex 0.0999994 -1.55885 0
    endloop
  endfacet
  facet normal 0 0 -1
    outer loop
      vertex -11.2481 -1.52468 0
      vertex 0.0999994 -1.55885 0
      vertex 0.20388 -1.61437 0
    endloop
  endfacet
  facet normal 0 0 -1
    outer loop
      vertex -11.3494 -1.57059 0
      vertex 0.20388 -1.61437 0
      vertex 0.31117 -1.66298 0
    endloop
  endfacet
  facet normal 0 0 -1
    outer loop
      vertex -11.4536 -1.60978 0
      vertex 0.31117 -1.66298 0
      vertex 0.421409 -1.70447 0
    endloop
  endfacet
  facet normal 0 0 -1
    outer loop
      vertex 0.648837 -1.76541 0
      vertex -11.6683 -1.66733 0
      vertex 0.534125 -1.73867 0
    endloop
  endfacet
  facet normal -0 0 -1
    outer loop
      vertex 17.9036 -7.824 0
      vertex -45 -17 0
      vertex 17.3963 -7.67013 0
    endloop
  endfacet
  facet normal 0 0 -1
    outer loop
      vertex -0.796145 -0.117725 0
      vertex -10.3036 -0.111185 0
      vertex -10.3 0 0
    endloop
  endfacet
  facet normal 0 0 -1
    outer loop
      vertex -0.7846 -0.234946 0
      vertex -10.3145 -0.221894 0
      vertex -10.3036 -0.111185 0
    endloop
  endfacet
  facet normal 0 0 -1
    outer loop
      vertex -0.765413 -0.351162 0
      vertex -10.3327 -0.331653 0
      vertex -10.3145 -0.221894 0
    endloop
  endfacet
  facet normal 0 0 -1
    outer loop
      vertex -0.738666 -0.465874 0
      vertex -10.3579 -0.439992 0
      vertex -10.3327 -0.331653 0
    endloop
  endfacet
  facet normal 0 0 -1
    outer loop
      vertex -0.704473 -0.57859 0
      vertex -10.3902 -0.546447 0
      vertex -10.3579 -0.439992 0
    endloop
  endfacet
  facet normal 0 0 -1
    outer loop
      vertex -0.662983 -0.688829 0
      vertex -10.4294 -0.650561 0
      vertex -10.3902 -0.546447 0
    endloop
  endfacet
  facet normal 0 0 -1
    outer loop
      vertex -0.61437 -0.796119 0
      vertex -10.4753 -0.75189 0
      vertex -10.4294 -0.650561 0
    endloop
  endfacet
  facet normal 0 0 -1
    outer loop
      vertex -0.558846 -0.9 0
      vertex -10.5278 -0.849999 0
      vertex -10.4753 -0.75189 0
    endloop
  endfacet
  facet normal -0 0 -1
    outer loop
      vertex -0.558846 -0.9 0
      vertex -10.5865 -0.944468 0
      vertex -10.5278 -0.849999 0
    endloop
  endfacet
  facet normal -0 0 -1
    outer loop
      vertex -0.496645 -1.00003 0
      vertex -10.6513 -1.03489 0
      vertex -10.5865 -0.944468 0
    endloop
  endfacet
  facet normal -0 0 -1
    outer loop
      vertex -0.428036 -1.09577 0
      vertex -10.7219 -1.12089 0
      vertex -10.6513 -1.03489 0
    endloop
  endfacet
  facet normal -0 0 -1
    outer loop
      vertex -0.353312 -1.18682 0
      vertex -10.7979 -1.20208 0
      vertex -10.7219 -1.12089 0
    endloop
  endfacet
  facet normal -0 0 -1
    outer loop
      vertex -0.272792 -1.27279 0
      vertex -10.8791 -1.27813 0
      vertex -10.7979 -1.20208 0
    endloop
  endfacet
  facet normal 0 0 -1
    outer loop
      vertex -0.186822 -1.35331 0
      vertex -10.9651 -1.3487 0
      vertex -10.8791 -1.27813 0
    endloop
  endfacet
  facet normal 0 0 -1
    outer loop
      vertex -0.0957699 -1.42804 0
      vertex -11.0555 -1.4135 0
      vertex -10.9651 -1.3487 0
    endloop
  endfacet
  facet normal 0 0 -1
    outer loop
      vertex -2.57492e-05 -1.49664 0
      vertex -11.15 -1.47224 0
      vertex -11.0555 -1.4135 0
    endloop
  endfacet
  facet normal 0 0 -1
    outer loop
      vertex 0.0999994 -1.55885 0
      vertex -11.2481 -1.52468 0
      vertex -11.15 -1.47224 0
    endloop
  endfacet
  facet normal 0 0 -1
    outer loop
      vertex 0.20388 -1.61437 0
      vertex -11.3494 -1.57059 0
      vertex -11.2481 -1.52468 0
    endloop
  endfacet
  facet normal 0 0 -1
    outer loop
      vertex 0.31117 -1.66298 0
      vertex -11.4536 -1.60978 0
      vertex -11.3494 -1.57059 0
    endloop
  endfacet
  facet normal 0 0 -1
    outer loop
      vertex 0.421409 -1.70447 0
      vertex -11.56 -1.64207 0
      vertex -11.4536 -1.60978 0
    endloop
  endfacet
  facet normal 0 0 -1
    outer loop
      vertex 0.534125 -1.73867 0
      vertex -11.56 -1.64207 0
      vertex 0.421409 -1.70447 0
    endloop
  endfacet
  facet normal 0 -0 -1
    outer loop
      vertex -11.56 -1.64207 0
      vertex 0.534125 -1.73867 0
      vertex -11.6683 -1.66733 0
    endloop
  endfacet
  facet normal -0 0 -1
    outer loop
      vertex 16.4175 -7.26467 0
      vertex -45 -17 0
      vertex -11.8888 -1.69636 0
    endloop
  endfacet
  facet normal 0 0 -1
    outer loop
      vertex 16.4175 -7.26467 0
      vertex -11.8888 -1.69636 0
      vertex -11.7781 -1.68546 0
    endloop
  endfacet
  facet normal 0 0 -1
    outer loop
      vertex -11.8888 -1.69636 0
      vertex -45 -17 0
      vertex -12 -1.7 0
    endloop
  endfacet
  facet normal -0 0 -1
    outer loop
      vertex -12 -1.7 0
      vertex -45 -17 0
      vertex -12.1112 -1.69636 0
    endloop
  endfacet
  facet normal -0 0 -1
    outer loop
      vertex -12.1112 -1.69636 0
      vertex -45 -17 0
      vertex -12.2219 -1.68546 0
    endloop
  endfacet
  facet normal -0 0 -1
    outer loop
      vertex -12.2219 -1.68546 0
      vertex -45 -17 0
      vertex -12.3317 -1.66733 0
    endloop
  endfacet
  facet normal 0 0 -1
    outer loop
      vertex -13.6964 -0.111185 0
      vertex -23.4 0 0
      vertex -13.7 0 0
    endloop
  endfacet
  facet normal 0 0 -1
    outer loop
      vertex -23.4034 -0.104645 0
      vertex -13.6964 -0.111185 0
      vertex -13.6855 -0.221894 0
    endloop
  endfacet
  facet normal 0 0 -1
    outer loop
      vertex -23.4137 -0.208841 0
      vertex -13.6855 -0.221894 0
      vertex -13.6673 -0.331653 0
    endloop
  endfacet
  facet normal 0 0 -1
    outer loop
      vertex -23.4307 -0.312144 0
      vertex -13.6673 -0.331653 0
      vertex -13.6421 -0.439992 0
    endloop
  endfacet
  facet normal 0 0 -1
    outer loop
      vertex -23.4545 -0.41411 0
      vertex -13.6421 -0.439992 0
      vertex -13.6098 -0.546447 0
    endloop
  endfacet
  facet normal 0 0 -1
    outer loop
      vertex -23.4849 -0.514302 0
      vertex -13.6098 -0.546447 0
      vertex -13.5706 -0.650561 0
    endloop
  endfacet
  facet normal 0 0 -1
    outer loop
      vertex -23.5218 -0.612293 0
      vertex -13.5706 -0.650561 0
      vertex -13.5247 -0.75189 0
    endloop
  endfacet
  facet normal 0 0 -1
    outer loop
      vertex -23.565 -0.707662 0
      vertex -13.5247 -0.75189 0
      vertex -13.4722 -0.849999 0
    endloop
  endfacet
  facet normal 0 0 -1
    outer loop
      vertex -23.6696 -0.888912 0
      vertex -13.4722 -0.849999 0
      vertex -13.4135 -0.944468 0
    endloop
  endfacet
  facet normal 0 0 -1
    outer loop
      vertex -23.7306 -0.974018 0
      vertex -13.4135 -0.944468 0
      vertex -13.3487 -1.03489 0
    endloop
  endfacet
  facet normal 0 0 -1
    outer loop
      vertex -23.7971 -1.05495 0
      vertex -13.3487 -1.03489 0
      vertex -13.2781 -1.12089 0
    endloop
  endfacet
  facet normal 0 0 -1
    outer loop
      vertex -23.8686 -1.13137 0
      vertex -13.2781 -1.12089 0
      vertex -13.2021 -1.20208 0
    endloop
  endfacet
  facet normal 0 0 -1
    outer loop
      vertex -23.945 -1.20294 0
      vertex -13.2021 -1.20208 0
      vertex -13.1209 -1.27813 0
    endloop
  endfacet
  facet normal 0 0 -1
    outer loop
      vertex -24.026 -1.26937 0
      vertex -13.1209 -1.27813 0
      vertex -13.0349 -1.3487 0
    endloop
  endfacet
  facet normal 0 0 -1
    outer loop
      vertex -24.1111 -1.33035 0
      vertex -13.0349 -1.3487 0
      vertex -12.9445 -1.4135 0
    endloop
  endfacet
  facet normal 0 0 -1
    outer loop
      vertex -24.2 -1.38564 0
      vertex -12.9445 -1.4135 0
      vertex -12.85 -1.47224 0
    endloop
  endfacet
  facet normal 0 0 -1
    outer loop
      vertex -24.2923 -1.435 0
      vertex -12.85 -1.47224 0
      vertex -12.7519 -1.52468 0
    endloop
  endfacet
  facet normal 0 0 -1
    outer loop
      vertex -24.3877 -1.47821 0
      vertex -12.7519 -1.52468 0
      vertex -12.6506 -1.57059 0
    endloop
  endfacet
  facet normal 0 0 -1
    outer loop
      vertex -24.4857 -1.51509 0
      vertex -12.6506 -1.57059 0
      vertex -12.5464 -1.60978 0
    endloop
  endfacet
  facet normal 0 0 -1
    outer loop
      vertex -24.5859 -1.54548 0
      vertex -12.5464 -1.60978 0
      vertex -12.44 -1.64207 0
    endloop
  endfacet
  facet normal 0 -0 -1
    outer loop
      vertex -24.6879 -1.56926 0
      vertex -12.3317 -1.66733 0
      vertex -45 -17 0
    endloop
  endfacet
  facet normal 0 0 -1
    outer loop
      vertex -13.6964 -0.111185 0
      vertex -23.4034 -0.104645 0
      vertex -23.4 0 0
    endloop
  endfacet
  facet normal 0 0 -1
    outer loop
      vertex -13.6855 -0.221894 0
      vertex -23.4137 -0.208841 0
      vertex -23.4034 -0.104645 0
    endloop
  endfacet
  facet normal 0 0 -1
    outer loop
      vertex -13.6673 -0.331653 0
      vertex -23.4307 -0.312144 0
      vertex -23.4137 -0.208841 0
    endloop
  endfacet
  facet normal 0 0 -1
    outer loop
      vertex -13.6421 -0.439992 0
      vertex -23.4545 -0.41411 0
      vertex -23.4307 -0.312144 0
    endloop
  endfacet
  facet normal 0 0 -1
    outer loop
      vertex -13.6098 -0.546447 0
      vertex -23.4849 -0.514302 0
      vertex -23.4545 -0.41411 0
    endloop
  endfacet
  facet normal 0 0 -1
    outer loop
      vertex -13.5706 -0.650561 0
      vertex -23.5218 -0.612293 0
      vertex -23.4849 -0.514302 0
    endloop
  endfacet
  facet normal 0 0 -1
    outer loop
      vertex -13.5247 -0.75189 0
      vertex -23.565 -0.707662 0
      vertex -23.5218 -0.612293 0
    endloop
  endfacet
  facet normal 0 0 -1
    outer loop
      vertex -13.4722 -0.849999 0
      vertex -23.6144 -0.799999 0
      vertex -23.565 -0.707662 0
    endloop
  endfacet
  facet normal -0 0 -1
    outer loop
      vertex -13.4722 -0.849999 0
      vertex -23.6696 -0.888912 0
      vertex -23.6144 -0.799999 0
    endloop
  endfacet
  facet normal -0 0 -1
    outer loop
      vertex -13.4135 -0.944468 0
      vertex -23.7306 -0.974018 0
      vertex -23.6696 -0.888912 0
    endloop
  endfacet
  facet normal -0 0 -1
    outer loop
      vertex -13.3487 -1.03489 0
      vertex -23.7971 -1.05495 0
      vertex -23.7306 -0.974018 0
    endloop
  endfacet
  facet normal -0 0 -1
    outer loop
      vertex -13.2781 -1.12089 0
      vertex -23.8686 -1.13137 0
      vertex -23.7971 -1.05495 0
    endloop
  endfacet
  facet normal -0 0 -1
    outer loop
      vertex -13.2021 -1.20208 0
      vertex -23.945 -1.20294 0
      vertex -23.8686 -1.13137 0
    endloop
  endfacet
  facet normal 0 0 -1
    outer loop
      vertex -13.1209 -1.27813 0
      vertex -24.026 -1.26937 0
      vertex -23.945 -1.20294 0
    endloop
  endfacet
  facet normal 0 0 -1
    outer loop
      vertex -13.0349 -1.3487 0
      vertex -24.1111 -1.33035 0
      vertex -24.026 -1.26937 0
    endloop
  endfacet
  facet normal 0 0 -1
    outer loop
      vertex -12.9445 -1.4135 0
      vertex -24.2 -1.38564 0
      vertex -24.1111 -1.33035 0
    endloop
  endfacet
  facet normal 0 0 -1
    outer loop
      vertex -12.85 -1.47224 0
      vertex -24.2923 -1.435 0
      vertex -24.2 -1.38564 0
    endloop
  endfacet
  facet normal 0 0 -1
    outer loop
      vertex -12.7519 -1.52468 0
      vertex -24.3877 -1.47821 0
      vertex -24.2923 -1.435 0
    endloop
  endfacet
  facet normal 0 0 -1
    outer loop
      vertex -12.3317 -1.66733 0
      vertex -24.6879 -1.56926 0
      vertex -12.44 -1.64207 0
    endloop
  endfacet
  facet normal 0 0 -1
    outer loop
      vertex -12.6506 -1.57059 0
      vertex -24.4857 -1.51509 0
      vertex -24.3877 -1.47821 0
    endloop
  endfacet
  facet normal 0 0 -1
    outer loop
      vertex -12.5464 -1.60978 0
      vertex -24.5859 -1.54548 0
      vertex -24.4857 -1.51509 0
    endloop
  endfacet
  facet normal 0 0 -1
    outer loop
      vertex -12.44 -1.64207 0
      vertex -24.6879 -1.56926 0
      vertex -24.5859 -1.54548 0
    endloop
  endfacet
  facet normal 0 0 -1
    outer loop
      vertex -24.6879 -1.56926 0
      vertex -45 -17 0
      vertex -24.7912 -1.58631 0
    endloop
  endfacet
  facet normal 0 0 -1
    outer loop
      vertex -24.7912 -1.58631 0
      vertex -45 -17 0
      vertex -24.8954 -1.59657 0
    endloop
  endfacet
  facet normal 0 0 -1
    outer loop
      vertex -24.8954 -1.59657 0
      vertex -45 -17 0
      vertex -25 -1.6 0
    endloop
  endfacet
  facet normal -0 0 -1
    outer loop
      vertex -25 -1.6 0
      vertex -45 -17 0
      vertex -25.1046 -1.59657 0
    endloop
  endfacet
  facet normal -0 0 -1
    outer loop
      vertex -25.1046 -1.59657 0
      vertex -45 -17 0
      vertex -25.2088 -1.58631 0
    endloop
  endfacet
  facet normal 0 0 -1
    outer loop
      vertex -26.5966 -0.104645 0
      vertex -36.5 0 0
      vertex -26.6 0 0
    endloop
  endfacet
  facet normal 0 0 -1
    outer loop
      vertex -36.5032 -0.0981045 0
      vertex -26.5966 -0.104645 0
      vertex -26.5863 -0.208841 0
    endloop
  endfacet
  facet normal 0 0 -1
    outer loop
      vertex -36.5128 -0.195788 0
      vertex -26.5863 -0.208841 0
      vertex -26.5693 -0.312144 0
    endloop
  endfacet
  facet normal 0 0 -1
    outer loop
      vertex -36.5288 -0.292635 0
      vertex -26.5693 -0.312144 0
      vertex -26.5455 -0.41411 0
    endloop
  endfacet
  facet normal 0 0 -1
    outer loop
      vertex -36.5511 -0.388228 0
      vertex -26.5455 -0.41411 0
      vertex -26.5151 -0.514302 0
    endloop
  endfacet
  facet normal 0 0 -1
    outer loop
      vertex -36.5796 -0.482159 0
      vertex -26.5151 -0.514302 0
      vertex -26.4782 -0.612293 0
    endloop
  endfacet
  facet normal 0 0 -1
    outer loop
      vertex -36.6142 -0.574024 0
      vertex -26.4782 -0.612293 0
      vertex -26.435 -0.707662 0
    endloop
  endfacet
  facet normal 0 0 -1
    outer loop
      vertex -36.6547 -0.663432 0
      vertex -26.435 -0.707662 0
      vertex -26.3856 -0.799999 0
    endloop
  endfacet
  facet normal 0 0 -1
    outer loop
      vertex -36.7528 -0.833355 0
      vertex -26.3856 -0.799999 0
      vertex -26.3304 -0.888912 0
    endloop
  endfacet
  facet normal 0 0 -1
    outer loop
      vertex -36.81 -0.913141 0
      vertex -26.3304 -0.888912 0
      vertex -26.2694 -0.974018 0
    endloop
  endfacet
  facet normal 0 0 -1
    outer loop
      vertex -36.8722 -0.989018 0
      vertex -26.2694 -0.974018 0
      vertex -26.2029 -1.05495 0
    endloop
  endfacet
  facet normal 0 0 -1
    outer loop
      vertex -36.9393 -1.06066 0
      vertex -26.2029 -1.05495 0
      vertex -26.1314 -1.13137 0
    endloop
  endfacet
  facet normal 0 0 -1
    outer loop
      vertex -37.011 -1.12776 0
      vertex -26.1314 -1.13137 0
      vertex -26.055 -1.20294 0
    endloop
  endfacet
  facet normal 0 0 -1
    outer loop
      vertex -37.0869 -1.19003 0
      vertex -26.055 -1.20294 0
      vertex -25.974 -1.26937 0
    endloop
  endfacet
  facet normal 0 0 -1
    outer loop
      vertex -37.1666 -1.2472 0
      vertex -25.974 -1.26937 0
      vertex -25.8889 -1.33035 0
    endloop
  endfacet
  facet normal 0 0 -1
    outer loop
      vertex -37.25 -1.29904 0
      vertex -25.8889 -1.33035 0
      vertex -25.8 -1.38564 0
    endloop
  endfacet
  facet normal 0 0 -1
    outer loop
      vertex -37.3366 -1.34531 0
      vertex -25.8 -1.38564 0
      vertex -25.7077 -1.435 0
    endloop
  endfacet
  facet normal 0 0 -1
    outer loop
      vertex -45 -17 0
      vertex -25.7077 -1.435 0
      vertex -25.6123 -1.47821 0
    endloop
  endfacet
  facet normal 0 0 -1
    outer loop
      vertex -45 -17 0
      vertex -25.6123 -1.47821 0
      vertex -25.5143 -1.51509 0
    endloop
  endfacet
  facet normal 0 0 -1
    outer loop
      vertex -45 -17 0
      vertex -25.5143 -1.51509 0
      vertex -25.4141 -1.54548 0
    endloop
  endfacet
  facet normal 0 0 -1
    outer loop
      vertex -45 -17 0
      vertex -25.4141 -1.54548 0
      vertex -25.3121 -1.56926 0
    endloop
  endfacet
  facet normal -0 0 -1
    outer loop
      vertex -25.2088 -1.58631 0
      vertex -45 -17 0
      vertex -25.3121 -1.56926 0
    endloop
  endfacet
  facet normal 0 0 -1
    outer loop
      vertex -26.5966 -0.104645 0
      vertex -36.5032 -0.0981045 0
      vertex -36.5 0 0
    endloop
  endfacet
  facet normal 0 0 -1
    outer loop
      vertex -26.5863 -0.208841 0
      vertex -36.5128 -0.195788 0
      vertex -36.5032 -0.0981045 0
    endloop
  endfacet
  facet normal 0 0 -1
    outer loop
      vertex -26.5693 -0.312144 0
      vertex -36.5288 -0.292635 0
      vertex -36.5128 -0.195788 0
    endloop
  endfacet
  facet normal 0 0 -1
    outer loop
      vertex -26.5455 -0.41411 0
      vertex -36.5511 -0.388228 0
      vertex -36.5288 -0.292635 0
    endloop
  endfacet
  facet normal 0 0 -1
    outer loop
      vertex -26.5151 -0.514302 0
      vertex -36.5796 -0.482159 0
      vertex -36.5511 -0.388228 0
    endloop
  endfacet
  facet normal 0 0 -1
    outer loop
      vertex -26.4782 -0.612293 0
      vertex -36.6142 -0.574024 0
      vertex -36.5796 -0.482159 0
    endloop
  endfacet
  facet normal 0 0 -1
    outer loop
      vertex -26.435 -0.707662 0
      vertex -36.6547 -0.663432 0
      vertex -36.6142 -0.574024 0
    endloop
  endfacet
  facet normal 0 0 -1
    outer loop
      vertex -26.3856 -0.799999 0
      vertex -36.701 -0.75 0
      vertex -36.6547 -0.663432 0
    endloop
  endfacet
  facet normal -0 0 -1
    outer loop
      vertex -26.3856 -0.799999 0
      vertex -36.7528 -0.833355 0
      vertex -36.701 -0.75 0
    endloop
  endfacet
  facet normal -0 0 -1
    outer loop
      vertex -26.3304 -0.888912 0
      vertex -36.81 -0.913141 0
      vertex -36.7528 -0.833355 0
    endloop
  endfacet
  facet normal -0 0 -1
    outer loop
      vertex -25.7077 -1.435 0
      vertex -45 -17 0
      vertex -37.3366 -1.34531 0
    endloop
  endfacet
  facet normal -0 0 -1
    outer loop
      vertex -26.2694 -0.974018 0
      vertex -36.8722 -0.989018 0
      vertex -36.81 -0.913141 0
    endloop
  endfacet
  facet normal -0 0 -1
    outer loop
      vertex -26.2029 -1.05495 0
      vertex -36.9393 -1.06066 0
      vertex -36.8722 -0.989018 0
    endloop
  endfacet
  facet normal 0 0 -1
    outer loop
      vertex -26.1314 -1.13137 0
      vertex -37.011 -1.12776 0
      vertex -36.9393 -1.06066 0
    endloop
  endfacet
  facet normal 0 0 -1
    outer loop
      vertex -26.055 -1.20294 0
      vertex -37.0869 -1.19003 0
      vertex -37.011 -1.12776 0
    endloop
  endfacet
  facet normal 0 0 -1
    outer loop
      vertex -25.974 -1.26937 0
      vertex -37.1666 -1.2472 0
      vertex -37.0869 -1.19003 0
    endloop
  endfacet
  facet normal 0 0 -1
    outer loop
      vertex -25.8889 -1.33035 0
      vertex -37.25 -1.29904 0
      vertex -37.1666 -1.2472 0
    endloop
  endfacet
  facet normal 0 0 -1
    outer loop
      vertex -25.8 -1.38564 0
      vertex -37.3366 -1.34531 0
      vertex -37.25 -1.29904 0
    endloop
  endfacet
  facet normal 0 0 -1
    outer loop
      vertex -37.3366 -1.34531 0
      vertex -45 -17 0
      vertex -37.426 -1.38582 0
    endloop
  endfacet
  facet normal 0 0 -1
    outer loop
      vertex -37.426 -1.38582 0
      vertex -45 -17 0
      vertex -37.5178 -1.42039 0
    endloop
  endfacet
  facet normal 0 0 -1
    outer loop
      vertex -37.5178 -1.42039 0
      vertex -45 -17 0
      vertex -37.6118 -1.44889 0
    endloop
  endfacet
  facet normal 0 0 -1
    outer loop
      vertex -37.6118 -1.44889 0
      vertex -45 -17 0
      vertex -37.7074 -1.47118 0
    endloop
  endfacet
  facet normal 0 0 -1
    outer loop
      vertex -37.7074 -1.47118 0
      vertex -45 -17 0
      vertex -37.8042 -1.48717 0
    endloop
  endfacet
  facet normal 0 0 -1
    outer loop
      vertex -37.8042 -1.48717 0
      vertex -45 -17 0
      vertex -37.9019 -1.49679 0
    endloop
  endfacet
  facet normal 0 0 -1
    outer loop
      vertex -37.9019 -1.49679 0
      vertex -45 -17 0
      vertex -38 -1.5 0
    endloop
  endfacet
  facet normal -0 0 -1
    outer loop
      vertex -38 -1.5 0
      vertex -45 -17 0
      vertex -38.0981 -1.49679 0
    endloop
  endfacet
  facet normal -0 0 -1
    outer loop
      vertex -38.0981 -1.49679 0
      vertex -45 -17 0
      vertex -38.1958 -1.48717 0
    endloop
  endfacet
  facet normal -0 0 -1
    outer loop
      vertex -39.4872 -0.195788 0
      vertex -48 -14 0
      vertex -39.4968 -0.0981045 0
    endloop
  endfacet
  facet normal -0 0 -1
    outer loop
      vertex -39.4712 -0.292635 0
      vertex -48 -14 0
      vertex -39.4872 -0.195788 0
    endloop
  endfacet
  facet normal -0 0 -1
    outer loop
      vertex -39.4489 -0.388228 0
      vertex -48 -14 0
      vertex -39.4712 -0.292635 0
    endloop
  endfacet
  facet normal -0 0 -1
    outer loop
      vertex -39.4204 -0.482159 0
      vertex -48 -14 0
      vertex -39.4489 -0.388228 0
    endloop
  endfacet
  facet normal -0 0 -1
    outer loop
      vertex -39.3858 -0.574024 0
      vertex -48 -14 0
      vertex -39.4204 -0.482159 0
    endloop
  endfacet
  facet normal -0 0 -1
    outer loop
      vertex -39.3453 -0.663432 0
      vertex -48 -14 0
      vertex -39.3858 -0.574024 0
    endloop
  endfacet
  facet normal -0 0 -1
    outer loop
      vertex -39.299 -0.75 0
      vertex -48 -14 0
      vertex -39.3453 -0.663432 0
    endloop
  endfacet
  facet normal -0 0 -1
    outer loop
      vertex -39.2472 -0.833355 0
      vertex -48 -14 0
      vertex -39.299 -0.75 0
    endloop
  endfacet
  facet normal -0 0 -1
    outer loop
      vertex -39.19 -0.913141 0
      vertex -48 -14 0
      vertex -39.2472 -0.833355 0
    endloop
  endfacet
  facet normal -0 0 -1
    outer loop
      vertex -39.1278 -0.989018 0
      vertex -48 -14 0
      vertex -39.19 -0.913141 0
    endloop
  endfacet
  facet normal -0 0 -1
    outer loop
      vertex -39.0607 -1.06066 0
      vertex -48 -14 0
      vertex -39.1278 -0.989018 0
    endloop
  endfacet
  facet normal -0 0 -1
    outer loop
      vertex -38.989 -1.12776 0
      vertex -48 -14 0
      vertex -39.0607 -1.06066 0
    endloop
  endfacet
  facet normal -0 0 -1
    outer loop
      vertex -38.9131 -1.19003 0
      vertex -48 -14 0
      vertex -38.989 -1.12776 0
    endloop
  endfacet
  facet normal -0 0 -1
    outer loop
      vertex -38.8334 -1.2472 0
      vertex -48 -14 0
      vertex -38.9131 -1.19003 0
    endloop
  endfacet
  facet normal -0 0 -1
    outer loop
      vertex -38.75 -1.29904 0
      vertex -48 -14 0
      vertex -38.8334 -1.2472 0
    endloop
  endfacet
  facet normal -0 0 -1
    outer loop
      vertex -38.6634 -1.34531 0
      vertex -48 -14 0
      vertex -38.75 -1.29904 0
    endloop
  endfacet
  facet normal -0 0 -1
    outer loop
      vertex -38.574 -1.38582 0
      vertex -48 -14 0
      vertex -38.6634 -1.34531 0
    endloop
  endfacet
  facet normal -0 0 -1
    outer loop
      vertex -38.4822 -1.42039 0
      vertex -48 -14 0
      vertex -38.574 -1.38582 0
    endloop
  endfacet
  facet normal -0 0 -1
    outer loop
      vertex -38.3882 -1.44889 0
      vertex -48 -14 0
      vertex -38.4822 -1.42039 0
    endloop
  endfacet
  facet normal 0 0 -1
    outer loop
      vertex -48 -14 0
      vertex -38.3882 -1.44889 0
      vertex -45 -17 0
    endloop
  endfacet
  facet normal -0 0 -1
    outer loop
      vertex -38.2926 -1.47118 0
      vertex -45 -17 0
      vertex -38.3882 -1.44889 0
    endloop
  endfacet
  facet normal -0 0 -1
    outer loop
      vertex -38.1958 -1.48717 0
      vertex -45 -17 0
      vertex -38.2926 -1.47118 0
    endloop
  endfacet
  facet normal 0 0 -1
    outer loop
      vertex 46 1.7 0
      vertex 48 14 0
      vertex 48 1.7 0
    endloop
  endfacet
  facet normal 0 0 -1
    outer loop
      vertex 45.8888 1.69636 0
      vertex 48 14 0
      vertex 46 1.7 0
    endloop
  endfacet
  facet normal 0 0 -1
    outer loop
      vertex 45.7781 1.68546 0
      vertex 48 14 0
      vertex 45.8888 1.69636 0
    endloop
  endfacet
  facet normal 0 0 -1
    outer loop
      vertex 45.6683 1.66733 0
      vertex 48 14 0
      vertex 45.7781 1.68546 0
    endloop
  endfacet
  facet normal 0 0 -1
    outer loop
      vertex 45.56 1.64207 0
      vertex 48 14 0
      vertex 45.6683 1.66733 0
    endloop
  endfacet
  facet normal 0 0 -1
    outer loop
      vertex 45.4536 1.60978 0
      vertex 48 14 0
      vertex 45.56 1.64207 0
    endloop
  endfacet
  facet normal 0 0 -1
    outer loop
      vertex 45.3494 1.57059 0
      vertex 48 14 0
      vertex 45.4536 1.60978 0
    endloop
  endfacet
  facet normal 0 0 -1
    outer loop
      vertex 45.2481 1.52468 0
      vertex 48 14 0
      vertex 45.3494 1.57059 0
    endloop
  endfacet
  facet normal 0 0 -1
    outer loop
      vertex 36.3077 2.63144 0
      vertex 48 14 0
      vertex 45.2481 1.52468 0
    endloop
  endfacet
  facet normal 0 0 -1
    outer loop
      vertex 47.1213 16.1213 0
      vertex 45 17 0
      vertex 46.5 16.5981 0
    endloop
  endfacet
  facet normal 0 0 -1
    outer loop
      vertex 47.5981 15.5 0
      vertex 45 17 0
      vertex 47.1213 16.1213 0
    endloop
  endfacet
  facet normal 0 0 -1
    outer loop
      vertex 47.8978 14.7764 0
      vertex 45 17 0
      vertex 47.5981 15.5 0
    endloop
  endfacet
  facet normal 0 0 -1
    outer loop
      vertex 36.1307 2.77674 0
      vertex 48 14 0
      vertex 36.3077 2.63144 0
    endloop
  endfacet
  facet normal 0 0 -1
    outer loop
      vertex 36.3077 2.63144 0
      vertex 45.2481 1.52468 0
      vertex 45.15 1.47224 0
    endloop
  endfacet
  facet normal 0 0 -1
    outer loop
      vertex 36.4749 2.47487 0
      vertex 45.15 1.47224 0
      vertex 45.0555 1.4135 0
    endloop
  endfacet
  facet normal 0 0 -1
    outer loop
      vertex 46.5 16.5981 0
      vertex 45 17 0
      vertex 45.7764 16.8978 0
    endloop
  endfacet
  facet normal 0 0 -1
    outer loop
      vertex 36.6314 2.30771 0
      vertex 45.0555 1.4135 0
      vertex 44.9651 1.3487 0
    endloop
  endfacet
  facet normal 0 0 -1
    outer loop
      vertex 36.7767 2.13066 0
      vertex 44.9651 1.3487 0
      vertex 44.8791 1.27813 0
    endloop
  endfacet
  facet normal 0 0 -1
    outer loop
      vertex 36.7767 2.13066 0
      vertex 44.8791 1.27813 0
      vertex 44.7979 1.20208 0
    endloop
  endfacet
  facet normal 0 0 -1
    outer loop
      vertex 36.9101 1.9445 0
      vertex 44.7979 1.20208 0
      vertex 44.7219 1.12089 0
    endloop
  endfacet
  facet normal 0 0 -1
    outer loop
      vertex 37.0311 1.75 0
      vertex 44.7219 1.12089 0
      vertex 44.6513 1.03489 0
    endloop
  endfacet
  facet normal 0 0 -1
    outer loop
      vertex 37.1391 1.54801 0
      vertex 44.6513 1.03489 0
      vertex 44.5865 0.944468 0
    endloop
  endfacet
  facet normal 0 0 -1
    outer loop
      vertex 37.2336 1.33939 0
      vertex 44.5865 0.944468 0
      vertex 44.5278 0.849999 0
    endloop
  endfacet
  facet normal 0 0 -1
    outer loop
      vertex 37.2336 1.33939 0
      vertex 44.5278 0.849999 0
      vertex 44.4753 0.75189 0
    endloop
  endfacet
  facet normal 0 0 -1
    outer loop
      vertex 37.3143 1.12504 0
      vertex 44.4753 0.75189 0
      vertex 44.4294 0.650561 0
    endloop
  endfacet
  facet normal 0 0 -1
    outer loop
      vertex 37.3807 0.905867 0
      vertex 44.4294 0.650561 0
      vertex 44.3902 0.546447 0
    endloop
  endfacet
  facet normal 0 0 -1
    outer loop
      vertex 37.4327 0.682816 0
      vertex 44.3902 0.546447 0
      vertex 44.3579 0.439992 0
    endloop
  endfacet
  facet normal 0 0 -1
    outer loop
      vertex 37.4327 0.682816 0
      vertex 44.3579 0.439992 0
      vertex 44.3327 0.331653 0
    endloop
  endfacet
  facet normal 0 0 -1
    outer loop
      vertex 37.4701 0.456841 0
      vertex 44.3327 0.331653 0
      vertex 44.3145 0.221894 0
    endloop
  endfacet
  facet normal 0 0 -1
    outer loop
      vertex 37.4925 0.22891 0
      vertex 44.3145 0.221894 0
      vertex 44.3036 0.111185 0
    endloop
  endfacet
  facet normal 0 0 -1
    outer loop
      vertex 37.5 0 0
      vertex 44.3036 0.111185 0
      vertex 44.3 0 0
    endloop
  endfacet
  facet normal 0 0 -1
    outer loop
      vertex 37.4925 0.22891 0
      vertex 44.3036 0.111185 0
      vertex 37.5 0 0
    endloop
  endfacet
  facet normal 0 0 -1
    outer loop
      vertex 44.3145 0.221894 0
      vertex 37.4925 0.22891 0
      vertex 37.4701 0.456841 0
    endloop
  endfacet
  facet normal 0 0 -1
    outer loop
      vertex 44.3327 0.331653 0
      vertex 37.4701 0.456841 0
      vertex 37.4327 0.682816 0
    endloop
  endfacet
  facet normal 0 0 -1
    outer loop
      vertex 44.3902 0.546447 0
      vertex 37.4327 0.682816 0
      vertex 37.3807 0.905867 0
    endloop
  endfacet
  facet normal 0 0 -1
    outer loop
      vertex 44.4294 0.650561 0
      vertex 37.3807 0.905867 0
      vertex 37.3143 1.12504 0
    endloop
  endfacet
  facet normal 0 0 -1
    outer loop
      vertex 44.4753 0.75189 0
      vertex 37.3143 1.12504 0
      vertex 37.2336 1.33939 0
    endloop
  endfacet
  facet normal 0 0 -1
    outer loop
      vertex 44.5865 0.944468 0
      vertex 37.2336 1.33939 0
      vertex 37.1391 1.54801 0
    endloop
  endfacet
  facet normal 0 0 -1
    outer loop
      vertex 44.6513 1.03489 0
      vertex 37.1391 1.54801 0
      vertex 37.0311 1.75 0
    endloop
  endfacet
  facet normal 0 0 -1
    outer loop
      vertex 44.7219 1.12089 0
      vertex 37.0311 1.75 0
      vertex 36.9101 1.9445 0
    endloop
  endfacet
  facet normal 0 0 -1
    outer loop
      vertex 44.7979 1.20208 0
      vertex 36.9101 1.9445 0
      vertex 36.7767 2.13066 0
    endloop
  endfacet
  facet normal 0 0 -1
    outer loop
      vertex 44.9651 1.3487 0
      vertex 36.7767 2.13066 0
      vertex 36.6314 2.30771 0
    endloop
  endfacet
  facet normal 0 0 -1
    outer loop
      vertex 45.0555 1.4135 0
      vertex 36.6314 2.30771 0
      vertex 36.4749 2.47487 0
    endloop
  endfacet
  facet normal 0 0 -1
    outer loop
      vertex 45.15 1.47224 0
      vertex 36.4749 2.47487 0
      vertex 36.3077 2.63144 0
    endloop
  endfacet
  facet normal 0 0 -1
    outer loop
      vertex 35.9445 2.91014 0
      vertex 48 14 0
      vertex 36.1307 2.77674 0
    endloop
  endfacet
  facet normal 0 0 -1
    outer loop
      vertex 48 14 0
      vertex 45 17 0
      vertex 47.8978 14.7764 0
    endloop
  endfacet
  facet normal -0 0 -1
    outer loop
      vertex 48 14 0
      vertex 35.9445 2.91014 0
      vertex 45 17 0
    endloop
  endfacet
  facet normal 0 0 -1
    outer loop
      vertex 35.75 3.03109 0
      vertex 45 17 0
      vertex 35.9445 2.91014 0
    endloop
  endfacet
  facet normal 0 0 -1
    outer loop
      vertex 35.548 3.13905 0
      vertex 45 17 0
      vertex 35.75 3.03109 0
    endloop
  endfacet
  facet normal 0 0 -1
    outer loop
      vertex 35.3394 3.23358 0
      vertex 45 17 0
      vertex 35.548 3.13905 0
    endloop
  endfacet
  facet normal 0 0 -1
    outer loop
      vertex 35.125 3.31425 0
      vertex 45 17 0
      vertex 35.3394 3.23358 0
    endloop
  endfacet
  facet normal 0 0 -1
    outer loop
      vertex 34.9059 3.38074 0
      vertex 45 17 0
      vertex 35.125 3.31425 0
    endloop
  endfacet
  facet normal 0 0 -1
    outer loop
      vertex 34.6828 3.43275 0
      vertex 45 17 0
      vertex 34.9059 3.38074 0
    endloop
  endfacet
  facet normal 0 0 -1
    outer loop
      vertex 34.4568 3.47006 0
      vertex 45 17 0
      vertex 34.6828 3.43275 0
    endloop
  endfacet
  facet normal 0 0 -1
    outer loop
      vertex 34.2289 3.49251 0
      vertex 45 17 0
      vertex 34.4568 3.47006 0
    endloop
  endfacet
  facet normal 0 0 -1
    outer loop
      vertex 34 3.5 0
      vertex 45 17 0
      vertex 34.2289 3.49251 0
    endloop
  endfacet
  facet normal 0 0 -1
    outer loop
      vertex 33.7711 3.49251 0
      vertex 45 17 0
      vertex 34 3.5 0
    endloop
  endfacet
  facet normal 0 0 -1
    outer loop
      vertex 25.3407 6.0899 0
      vertex 33.7711 3.49251 0
      vertex 33.5432 3.47006 0
    endloop
  endfacet
  facet normal 0 0 -1
    outer loop
      vertex 25.7276 5.72756 0
      vertex 33.5432 3.47006 0
      vertex 33.3172 3.43275 0
    endloop
  endfacet
  facet normal 0 0 -1
    outer loop
      vertex 25.7276 5.72756 0
      vertex 33.3172 3.43275 0
      vertex 33.0941 3.38074 0
    endloop
  endfacet
  facet normal 0 0 -1
    outer loop
      vertex 26.0899 5.3407 0
      vertex 33.0941 3.38074 0
      vertex 32.875 3.31425 0
    endloop
  endfacet
  facet normal 0 0 -1
    outer loop
      vertex 26.4262 4.93097 0
      vertex 32.875 3.31425 0
      vertex 32.6606 3.23358 0
    endloop
  endfacet
  facet normal 0 0 -1
    outer loop
      vertex 26.4262 4.93097 0
      vertex 32.6606 3.23358 0
      vertex 32.452 3.13905 0
    endloop
  endfacet
  facet normal 0 0 -1
    outer loop
      vertex 26.7349 4.50012 0
      vertex 32.452 3.13905 0
      vertex 32.25 3.03109 0
    endloop
  endfacet
  facet normal 0 0 -1
    outer loop
      vertex 27.0148 4.05 0
      vertex 32.25 3.03109 0
      vertex 32.0555 2.91014 0
    endloop
  endfacet
  facet normal 0 0 -1
    outer loop
      vertex 27.0148 4.05 0
      vertex 32.0555 2.91014 0
      vertex 31.8693 2.77674 0
    endloop
  endfacet
  facet normal 0 0 -1
    outer loop
      vertex 27.2647 3.58254 0
      vertex 31.8693 2.77674 0
      vertex 31.6923 2.63144 0
    endloop
  endfacet
  facet normal 0 0 -1
    outer loop
      vertex 27.2647 3.58254 0
      vertex 31.6923 2.63144 0
      vertex 31.5251 2.47487 0
    endloop
  endfacet
  facet normal 0 0 -1
    outer loop
      vertex 27.4834 3.09974 0
      vertex 31.5251 2.47487 0
      vertex 31.3686 2.30771 0
    endloop
  endfacet
  facet normal 0 0 -1
    outer loop
      vertex 28.1 0 0
      vertex 30.5075 0.22891 0
      vertex 30.5 0 0
    endloop
  endfacet
  facet normal 0 0 -1
    outer loop
      vertex 28.0827 0.529765 0
      vertex 30.5075 0.22891 0
      vertex 28.1 0 0
    endloop
  endfacet
  facet normal 0 0 -1
    outer loop
      vertex 30.5075 0.22891 0
      vertex 28.0827 0.529765 0
      vertex 30.5299 0.456841 0
    endloop
  endfacet
  facet normal 0 0 -1
    outer loop
      vertex 30.5299 0.456841 0
      vertex 28.0827 0.529765 0
      vertex 30.5673 0.682816 0
    endloop
  endfacet
  facet normal 0 0 -1
    outer loop
      vertex 28.0307 1.05726 0
      vertex 30.5673 0.682816 0
      vertex 28.0827 0.529765 0
    endloop
  endfacet
  facet normal 0 0 -1
    outer loop
      vertex 30.5673 0.682816 0
      vertex 28.0307 1.05726 0
      vertex 30.6193 0.905867 0
    endloop
  endfacet
  facet normal 0 0 -1
    outer loop
      vertex 30.6193 0.905867 0
      vertex 28.0307 1.05726 0
      vertex 30.6857 1.12504 0
    endloop
  endfacet
  facet normal 0 0 -1
    outer loop
      vertex 27.9444 1.58023 0
      vertex 30.6857 1.12504 0
      vertex 28.0307 1.05726 0
    endloop
  endfacet
  facet normal 0 0 -1
    outer loop
      vertex 30.6857 1.12504 0
      vertex 27.9444 1.58023 0
      vertex 30.7664 1.33939 0
    endloop
  endfacet
  facet normal 0 0 -1
    outer loop
      vertex 30.7664 1.33939 0
      vertex 27.9444 1.58023 0
      vertex 30.8609 1.54801 0
    endloop
  endfacet
  facet normal 0 0 -1
    outer loop
      vertex 27.824 2.09643 0
      vertex 30.8609 1.54801 0
      vertex 27.9444 1.58023 0
    endloop
  endfacet
  facet normal 0 0 -1
    outer loop
      vertex 30.8609 1.54801 0
      vertex 27.824 2.09643 0
      vertex 30.9689 1.75 0
    endloop
  endfacet
  facet normal 0 0 -1
    outer loop
      vertex 30.9689 1.75 0
      vertex 27.824 2.09643 0
      vertex 31.0899 1.9445 0
    endloop
  endfacet
  facet normal 0 0 -1
    outer loop
      vertex 27.6701 2.60366 0
      vertex 31.0899 1.9445 0
      vertex 27.824 2.09643 0
    endloop
  endfacet
  facet normal 0 0 -1
    outer loop
      vertex 31.0899 1.9445 0
      vertex 27.6701 2.60366 0
      vertex 31.2233 2.13066 0
    endloop
  endfacet
  facet normal 0 0 -1
    outer loop
      vertex 31.2233 2.13066 0
      vertex 27.6701 2.60366 0
      vertex 31.3686 2.30771 0
    endloop
  endfacet
  facet normal 0 0 -1
    outer loop
      vertex 27.4834 3.09974 0
      vertex 31.3686 2.30771 0
      vertex 27.6701 2.60366 0
    endloop
  endfacet
  facet normal 0 0 -1
    outer loop
      vertex 31.5251 2.47487 0
      vertex 27.4834 3.09974 0
      vertex 27.2647 3.58254 0
    endloop
  endfacet
  facet normal 0 0 -1
    outer loop
      vertex 31.8693 2.77674 0
      vertex 27.2647 3.58254 0
      vertex 27.0148 4.05 0
    endloop
  endfacet
  facet normal 0 0 -1
    outer loop
      vertex 32.25 3.03109 0
      vertex 27.0148 4.05 0
      vertex 26.7349 4.50012 0
    endloop
  endfacet
  facet normal 0 0 -1
    outer loop
      vertex 32.452 3.13905 0
      vertex 26.7349 4.50012 0
      vertex 26.4262 4.93097 0
    endloop
  endfacet
  facet normal 0 0 -1
    outer loop
      vertex 32.875 3.31425 0
      vertex 26.4262 4.93097 0
      vertex 26.0899 5.3407 0
    endloop
  endfacet
  facet normal 0 0 -1
    outer loop
      vertex 33.0941 3.38074 0
      vertex 26.0899 5.3407 0
      vertex 25.7276 5.72756 0
    endloop
  endfacet
  facet normal 0 0 -1
    outer loop
      vertex 33.5432 3.47006 0
      vertex 25.7276 5.72756 0
      vertex 25.3407 6.0899 0
    endloop
  endfacet
  facet normal 0 0 -1
    outer loop
      vertex 33.7711 3.49251 0
      vertex 25.3407 6.0899 0
      vertex 45 17 0
    endloop
  endfacet
  facet normal 0 0 -1
    outer loop
      vertex 24.931 6.42616 0
      vertex 45 17 0
      vertex 25.3407 6.0899 0
    endloop
  endfacet
  facet normal 0 0 -1
    outer loop
      vertex 24.5001 6.7349 0
      vertex 45 17 0
      vertex 24.931 6.42616 0
    endloop
  endfacet
  facet normal 0 0 -1
    outer loop
      vertex 24.05 7.0148 0
      vertex 45 17 0
      vertex 24.5001 6.7349 0
    endloop
  endfacet
  facet normal 0 0 -1
    outer loop
      vertex 23.5825 7.26467 0
      vertex 45 17 0
      vertex 24.05 7.0148 0
    endloop
  endfacet
  facet normal 0 0 -1
    outer loop
      vertex 23.0997 7.48342 0
      vertex 45 17 0
      vertex 23.5825 7.26467 0
    endloop
  endfacet
  facet normal 0 0 -1
    outer loop
      vertex 22.6037 7.67013 0
      vertex 45 17 0
      vertex 23.0997 7.48342 0
    endloop
  endfacet
  facet normal 0 0 -1
    outer loop
      vertex 22.0964 7.824 0
      vertex 45 17 0
      vertex 22.6037 7.67013 0
    endloop
  endfacet
  facet normal 0 0 -1
    outer loop
      vertex 21.5802 7.94436 0
      vertex 45 17 0
      vertex 22.0964 7.824 0
    endloop
  endfacet
  facet normal 0 0 -1
    outer loop
      vertex 21.0573 8.0307 0
      vertex 45 17 0
      vertex 21.5802 7.94436 0
    endloop
  endfacet
  facet normal 0 0 -1
    outer loop
      vertex 20.5298 8.08266 0
      vertex 45 17 0
      vertex 21.0573 8.0307 0
    endloop
  endfacet
  facet normal 0 0 -1
    outer loop
      vertex 20 8.1 0
      vertex 45 17 0
      vertex 20.5298 8.08266 0
    endloop
  endfacet
  facet normal 0 0 -1
    outer loop
      vertex 19.4702 8.08266 0
      vertex 45 17 0
      vertex 20 8.1 0
    endloop
  endfacet
  facet normal 0 0 -1
    outer loop
      vertex 18.9427 8.0307 0
      vertex 45 17 0
      vertex 19.4702 8.08266 0
    endloop
  endfacet
  facet normal 0 0 -1
    outer loop
      vertex 18.4198 7.94436 0
      vertex 45 17 0
      vertex 18.9427 8.0307 0
    endloop
  endfacet
  facet normal 0 0 -1
    outer loop
      vertex -45 17 0
      vertex 18.4198 7.94436 0
      vertex 17.9036 7.824 0
    endloop
  endfacet
  facet normal 0 0 -1
    outer loop
      vertex -45 17 0
      vertex 17.9036 7.824 0
      vertex 17.3963 7.67013 0
    endloop
  endfacet
  facet normal 0 0 -1
    outer loop
      vertex 2.79615 0.117725 0
      vertex 11.9 0 0
      vertex 2.8 0 0
    endloop
  endfacet
  facet normal 0 0 -1
    outer loop
      vertex 11.9 0 0
      vertex 2.79615 0.117725 0
      vertex 11.9173 0.529765 0
    endloop
  endfacet
  facet normal 0 0 -1
    outer loop
      vertex 2.7846 0.234946 0
      vertex 11.9173 0.529765 0
      vertex 2.79615 0.117725 0
    endloop
  endfacet
  facet normal 0 0 -1
    outer loop
      vertex 2.76541 0.351162 0
      vertex 11.9173 0.529765 0
      vertex 2.7846 0.234946 0
    endloop
  endfacet
  facet normal -0 0 -1
    outer loop
      vertex 11.9173 0.529765 0
      vertex 2.76541 0.351162 0
      vertex 11.9693 1.05726 0
    endloop
  endfacet
  facet normal 0 0 -1
    outer loop
      vertex 2.73867 0.465874 0
      vertex 11.9693 1.05726 0
      vertex 2.76541 0.351162 0
    endloop
  endfacet
  facet normal 0 0 -1
    outer loop
      vertex 2.70447 0.57859 0
      vertex 11.9693 1.05726 0
      vertex 2.73867 0.465874 0
    endloop
  endfacet
  facet normal -0 0 -1
    outer loop
      vertex 11.9693 1.05726 0
      vertex 2.70447 0.57859 0
      vertex 12.0556 1.58023 0
    endloop
  endfacet
  facet normal 0 0 -1
    outer loop
      vertex 2.66298 0.688829 0
      vertex 12.0556 1.58023 0
      vertex 2.70447 0.57859 0
    endloop
  endfacet
  facet normal 0 0 -1
    outer loop
      vertex 2.61437 0.796119 0
      vertex 12.0556 1.58023 0
      vertex 2.66298 0.688829 0
    endloop
  endfacet
  facet normal -0 0 -1
    outer loop
      vertex 12.0556 1.58023 0
      vertex 2.61437 0.796119 0
      vertex 12.176 2.09643 0
    endloop
  endfacet
  facet normal 0 0 -1
    outer loop
      vertex 2.55885 0.9 0
      vertex 12.176 2.09643 0
      vertex 2.61437 0.796119 0
    endloop
  endfacet
  facet normal 0 0 -1
    outer loop
      vertex 2.49664 1.00003 0
      vertex 12.176 2.09643 0
      vertex 2.55885 0.9 0
    endloop
  endfacet
  facet normal -0 0 -1
    outer loop
      vertex 12.176 2.09643 0
      vertex 2.49664 1.00003 0
      vertex 12.3299 2.60366 0
    endloop
  endfacet
  facet normal 0 0 -1
    outer loop
      vertex 2.42804 1.09577 0
      vertex 12.3299 2.60366 0
      vertex 2.49664 1.00003 0
    endloop
  endfacet
  facet normal -0 0 -1
    outer loop
      vertex 12.3299 2.60366 0
      vertex 2.42804 1.09577 0
      vertex 12.5166 3.09974 0
    endloop
  endfacet
  facet normal 0 0 -1
    outer loop
      vertex 2.35331 1.18682 0
      vertex 12.5166 3.09974 0
      vertex 2.42804 1.09577 0
    endloop
  endfacet
  facet normal 0 0 -1
    outer loop
      vertex 2.27279 1.27279 0
      vertex 12.5166 3.09974 0
      vertex 2.35331 1.18682 0
    endloop
  endfacet
  facet normal -0 0 -1
    outer loop
      vertex 12.5166 3.09974 0
      vertex 2.27279 1.27279 0
      vertex 12.7353 3.58254 0
    endloop
  endfacet
  facet normal 0 0 -1
    outer loop
      vertex 2.18682 1.35331 0
      vertex 12.7353 3.58254 0
      vertex 2.27279 1.27279 0
    endloop
  endfacet
  facet normal 0 0 -1
    outer loop
      vertex 2.09577 1.42804 0
      vertex 12.7353 3.58254 0
      vertex 2.18682 1.35331 0
    endloop
  endfacet
  facet normal -0 0 -1
    outer loop
      vertex 12.7353 3.58254 0
      vertex 2.09577 1.42804 0
      vertex 12.9852 4.05 0
    endloop
  endfacet
  facet normal 0 0 -1
    outer loop
      vertex 2.00003 1.49664 0
      vertex 12.9852 4.05 0
      vertex 2.09577 1.42804 0
    endloop
  endfacet
  facet normal 0 0 -1
    outer loop
      vertex 1.9 1.55885 0
      vertex 12.9852 4.05 0
      vertex 2.00003 1.49664 0
    endloop
  endfacet
  facet normal -0 0 -1
    outer loop
      vertex 12.9852 4.05 0
      vertex 1.9 1.55885 0
      vertex 13.2651 4.50012 0
    endloop
  endfacet
  facet normal 0 0 -1
    outer loop
      vertex 1.79612 1.61437 0
      vertex 13.2651 4.50012 0
      vertex 1.9 1.55885 0
    endloop
  endfacet
  facet normal -0 0 -1
    outer loop
      vertex 13.2651 4.50012 0
      vertex 1.79612 1.61437 0
      vertex 13.5738 4.93097 0
    endloop
  endfacet
  facet normal 0 0 -1
    outer loop
      vertex 1.68883 1.66298 0
      vertex 13.5738 4.93097 0
      vertex 1.79612 1.61437 0
    endloop
  endfacet
  facet normal 0 0 -1
    outer loop
      vertex 1.57859 1.70447 0
      vertex 13.5738 4.93097 0
      vertex 1.68883 1.66298 0
    endloop
  endfacet
  facet normal -0 0 -1
    outer loop
      vertex 13.5738 4.93097 0
      vertex 1.57859 1.70447 0
      vertex 13.9101 5.3407 0
    endloop
  endfacet
  facet normal 0 0 -1
    outer loop
      vertex 1.46587 1.73867 0
      vertex 13.9101 5.3407 0
      vertex 1.57859 1.70447 0
    endloop
  endfacet
  facet normal -0 0 -1
    outer loop
      vertex 13.9101 5.3407 0
      vertex 1.46587 1.73867 0
      vertex 14.2724 5.72756 0
    endloop
  endfacet
  facet normal 0 0 -1
    outer loop
      vertex 1.35116 1.76541 0
      vertex 14.2724 5.72756 0
      vertex 1.46587 1.73867 0
    endloop
  endfacet
  facet normal 0 0 -1
    outer loop
      vertex 1.23495 1.7846 0
      vertex 14.2724 5.72756 0
      vertex 1.35116 1.76541 0
    endloop
  endfacet
  facet normal -0 0 -1
    outer loop
      vertex 14.2724 5.72756 0
      vertex 1.23495 1.7846 0
      vertex 14.6593 6.0899 0
    endloop
  endfacet
  facet normal 0 0 -1
    outer loop
      vertex 1.11773 1.79615 0
      vertex 14.6593 6.0899 0
      vertex 1.23495 1.7846 0
    endloop
  endfacet
  facet normal -0 0 -1
    outer loop
      vertex 14.6593 6.0899 0
      vertex 1.11773 1.79615 0
      vertex 15.069 6.42616 0
    endloop
  endfacet
  facet normal 0 0 -1
    outer loop
      vertex 1 1.8 0
      vertex 15.069 6.42616 0
      vertex 1.11773 1.79615 0
    endloop
  endfacet
  facet normal -0 0 -1
    outer loop
      vertex 15.069 6.42616 0
      vertex 1 1.8 0
      vertex 15.4999 6.7349 0
    endloop
  endfacet
  facet normal 0 0 -1
    outer loop
      vertex 0.882274 1.79615 0
      vertex 15.4999 6.7349 0
      vertex 1 1.8 0
    endloop
  endfacet
  facet normal -0 0 -1
    outer loop
      vertex 15.4999 6.7349 0
      vertex 0.882274 1.79615 0
      vertex 15.95 7.0148 0
    endloop
  endfacet
  facet normal 0 0 -1
    outer loop
      vertex 0.765053 1.7846 0
      vertex 15.95 7.0148 0
      vertex 0.882274 1.79615 0
    endloop
  endfacet
  facet normal 0 0 -1
    outer loop
      vertex -11.7781 1.68546 0
      vertex 15.95 7.0148 0
      vertex 0.765053 1.7846 0
    endloop
  endfacet
  facet normal -0 0 -1
    outer loop
      vertex 15.95 7.0148 0
      vertex -11.7781 1.68546 0
      vertex 16.4175 7.26467 0
    endloop
  endfacet
  facet normal 0 0 -1
    outer loop
      vertex -11.8888 1.69636 0
      vertex 16.4175 7.26467 0
      vertex -11.7781 1.68546 0
    endloop
  endfacet
  facet normal 0 0 -1
    outer loop
      vertex -11.7781 1.68546 0
      vertex 0.765053 1.7846 0
      vertex 0.648837 1.76541 0
    endloop
  endfacet
  facet normal 0 0 -1
    outer loop
      vertex -11.6683 1.66733 0
      vertex 0.648837 1.76541 0
      vertex 0.534125 1.73867 0
    endloop
  endfacet
  facet normal 0 0 -1
    outer loop
      vertex -11.56 1.64207 0
      vertex 0.534125 1.73867 0
      vertex 0.421409 1.70447 0
    endloop
  endfacet
  facet normal 0 0 -1
    outer loop
      vertex -10.3 0 0
      vertex -0.796145 0.117725 0
      vertex -0.799999 0 0
    endloop
  endfacet
  facet normal 0 0 -1
    outer loop
      vertex -10.3036 0.111185 0
      vertex -0.796145 0.117725 0
      vertex -10.3 0 0
    endloop
  endfacet
  facet normal -0 0 -1
    outer loop
      vertex -0.796145 0.117725 0
      vertex -10.3036 0.111185 0
      vertex -0.7846 0.234946 0
    endloop
  endfacet
  facet normal 0 0 -1
    outer loop
      vertex -10.3145 0.221894 0
      vertex -0.7846 0.234946 0
      vertex -10.3036 0.111185 0
    endloop
  endfacet
  facet normal -0 0 -1
    outer loop
      vertex -0.7846 0.234946 0
      vertex -10.3145 0.221894 0
      vertex -0.765413 0.351162 0
    endloop
  endfacet
  facet normal 0 0 -1
    outer loop
      vertex -10.3327 0.331653 0
      vertex -0.765413 0.351162 0
      vertex -10.3145 0.221894 0
    endloop
  endfacet
  facet normal -0 0 -1
    outer loop
      vertex -0.765413 0.351162 0
      vertex -10.3327 0.331653 0
      vertex -0.738666 0.465874 0
    endloop
  endfacet
  facet normal 0 0 -1
    outer loop
      vertex -10.3579 0.439992 0
      vertex -0.738666 0.465874 0
      vertex -10.3327 0.331653 0
    endloop
  endfacet
  facet normal -0 0 -1
    outer loop
      vertex -0.738666 0.465874 0
      vertex -10.3579 0.439992 0
      vertex -0.704473 0.57859 0
    endloop
  endfacet
  facet normal 0 0 -1
    outer loop
      vertex -10.3902 0.546447 0
      vertex -0.704473 0.57859 0
      vertex -10.3579 0.439992 0
    endloop
  endfacet
  facet normal -0 0 -1
    outer loop
      vertex -0.704473 0.57859 0
      vertex -10.3902 0.546447 0
      vertex -0.662983 0.688829 0
    endloop
  endfacet
  facet normal 0 0 -1
    outer loop
      vertex -10.4294 0.650561 0
      vertex -0.662983 0.688829 0
      vertex -10.3902 0.546447 0
    endloop
  endfacet
  facet normal -0 0 -1
    outer loop
      vertex -0.662983 0.688829 0
      vertex -10.4294 0.650561 0
      vertex -0.61437 0.796119 0
    endloop
  endfacet
  facet normal 0 0 -1
    outer loop
      vertex -10.4753 0.75189 0
      vertex -0.61437 0.796119 0
      vertex -10.4294 0.650561 0
    endloop
  endfacet
  facet normal -0 0 -1
    outer loop
      vertex -0.61437 0.796119 0
      vertex -10.4753 0.75189 0
      vertex -0.558846 0.9 0
    endloop
  endfacet
  facet normal 0 0 -1
    outer loop
      vertex -10.5278 0.849999 0
      vertex -0.558846 0.9 0
      vertex -10.4753 0.75189 0
    endloop
  endfacet
  facet normal 0 0 -1
    outer loop
      vertex -10.5865 0.944468 0
      vertex -0.558846 0.9 0
      vertex -10.5278 0.849999 0
    endloop
  endfacet
  facet normal 0 0 -1
    outer loop
      vertex -0.558846 0.9 0
      vertex -10.5865 0.944468 0
      vertex -0.496645 1.00003 0
    endloop
  endfacet
  facet normal 0 0 -1
    outer loop
      vertex -10.6513 1.03489 0
      vertex -0.496645 1.00003 0
      vertex -10.5865 0.944468 0
    endloop
  endfacet
  facet normal 0 0 -1
    outer loop
      vertex -0.496645 1.00003 0
      vertex -10.6513 1.03489 0
      vertex -0.428036 1.09577 0
    endloop
  endfacet
  facet normal 0 0 -1
    outer loop
      vertex -10.7219 1.12089 0
      vertex -0.428036 1.09577 0
      vertex -10.6513 1.03489 0
    endloop
  endfacet
  facet normal 0 0 -1
    outer loop
      vertex -0.428036 1.09577 0
      vertex -10.7219 1.12089 0
      vertex -0.353312 1.18682 0
    endloop
  endfacet
  facet normal 0 0 -1
    outer loop
      vertex -10.7979 1.20208 0
      vertex -0.353312 1.18682 0
      vertex -10.7219 1.12089 0
    endloop
  endfacet
  facet normal 0 0 -1
    outer loop
      vertex -0.353312 1.18682 0
      vertex -10.7979 1.20208 0
      vertex -0.272792 1.27279 0
    endloop
  endfacet
  facet normal 0 0 -1
    outer loop
      vertex -10.8791 1.27813 0
      vertex -0.272792 1.27279 0
      vertex -10.7979 1.20208 0
    endloop
  endfacet
  facet normal 0 0 -1
    outer loop
      vertex -0.272792 1.27279 0
      vertex -10.8791 1.27813 0
      vertex -0.186822 1.35331 0
    endloop
  endfacet
  facet normal 0 0 -1
    outer loop
      vertex -10.9651 1.3487 0
      vertex -0.186822 1.35331 0
      vertex -10.8791 1.27813 0
    endloop
  endfacet
  facet normal -0 0 -1
    outer loop
      vertex -0.186822 1.35331 0
      vertex -10.9651 1.3487 0
      vertex -0.0957699 1.42804 0
    endloop
  endfacet
  facet normal 0 0 -1
    outer loop
      vertex -11.0555 1.4135 0
      vertex -0.0957699 1.42804 0
      vertex -10.9651 1.3487 0
    endloop
  endfacet
  facet normal -0 0 -1
    outer loop
      vertex -0.0957699 1.42804 0
      vertex -11.0555 1.4135 0
      vertex -2.57492e-05 1.49664 0
    endloop
  endfacet
  facet normal 0 0 -1
    outer loop
      vertex -11.15 1.47224 0
      vertex -2.57492e-05 1.49664 0
      vertex -11.0555 1.4135 0
    endloop
  endfacet
  facet normal -0 0 -1
    outer loop
      vertex -2.57492e-05 1.49664 0
      vertex -11.15 1.47224 0
      vertex 0.0999994 1.55885 0
    endloop
  endfacet
  facet normal 0 0 -1
    outer loop
      vertex -11.2481 1.52468 0
      vertex 0.0999994 1.55885 0
      vertex -11.15 1.47224 0
    endloop
  endfacet
  facet normal -0 0 -1
    outer loop
      vertex 0.0999994 1.55885 0
      vertex -11.2481 1.52468 0
      vertex 0.20388 1.61437 0
    endloop
  endfacet
  facet normal 0 0 -1
    outer loop
      vertex -11.3494 1.57059 0
      vertex 0.20388 1.61437 0
      vertex -11.2481 1.52468 0
    endloop
  endfacet
  facet normal -0 0 -1
    outer loop
      vertex 0.20388 1.61437 0
      vertex -11.3494 1.57059 0
      vertex 0.31117 1.66298 0
    endloop
  endfacet
  facet normal 0 0 -1
    outer loop
      vertex -11.4536 1.60978 0
      vertex 0.31117 1.66298 0
      vertex -11.3494 1.57059 0
    endloop
  endfacet
  facet normal -0 0 -1
    outer loop
      vertex 0.31117 1.66298 0
      vertex -11.4536 1.60978 0
      vertex 0.421409 1.70447 0
    endloop
  endfacet
  facet normal 0 0 -1
    outer loop
      vertex -11.56 1.64207 0
      vertex 0.421409 1.70447 0
      vertex -11.4536 1.60978 0
    endloop
  endfacet
  facet normal 0 0 -1
    outer loop
      vertex 0.534125 1.73867 0
      vertex -11.56 1.64207 0
      vertex -11.6683 1.66733 0
    endloop
  endfacet
  facet normal 0 0 -1
    outer loop
      vertex 0.648837 1.76541 0
      vertex -11.6683 1.66733 0
      vertex -11.7781 1.68546 0
    endloop
  endfacet
  facet normal 0 0 -1
    outer loop
      vertex -45 17 0
      vertex 16.4175 7.26467 0
      vertex -11.8888 1.69636 0
    endloop
  endfacet
  facet normal 0 0 -1
    outer loop
      vertex 16.4175 7.26467 0
      vertex -45 17 0
      vertex 16.9003 7.48342 0
    endloop
  endfacet
  facet normal 0 0 -1
    outer loop
      vertex 16.9003 7.48342 0
      vertex -45 17 0
      vertex 17.3963 7.67013 0
    endloop
  endfacet
  facet normal 0 0 -1
    outer loop
      vertex -45 17 0
      vertex -11.8888 1.69636 0
      vertex -12 1.7 0
    endloop
  endfacet
  facet normal 0 0 -1
    outer loop
      vertex -45 17 0
      vertex -12 1.7 0
      vertex -12.1112 1.69636 0
    endloop
  endfacet
  facet normal 0 0 -1
    outer loop
      vertex -45 17 0
      vertex -12.1112 1.69636 0
      vertex -12.2219 1.68546 0
    endloop
  endfacet
  facet normal 0 0 -1
    outer loop
      vertex -45 17 0
      vertex -12.2219 1.68546 0
      vertex -12.3317 1.66733 0
    endloop
  endfacet
  facet normal 0 0 -1
    outer loop
      vertex -24.6879 1.56926 0
      vertex -12.3317 1.66733 0
      vertex -12.44 1.64207 0
    endloop
  endfacet
  facet normal 0 0 -1
    outer loop
      vertex -23.4 0 0
      vertex -13.6964 0.111185 0
      vertex -13.7 0 0
    endloop
  endfacet
  facet normal 0 0 -1
    outer loop
      vertex -23.4034 0.104645 0
      vertex -13.6964 0.111185 0
      vertex -23.4 0 0
    endloop
  endfacet
  facet normal -0 0 -1
    outer loop
      vertex -13.6964 0.111185 0
      vertex -23.4034 0.104645 0
      vertex -13.6855 0.221894 0
    endloop
  endfacet
  facet normal 0 0 -1
    outer loop
      vertex -23.4137 0.208841 0
      vertex -13.6855 0.221894 0
      vertex -23.4034 0.104645 0
    endloop
  endfacet
  facet normal -0 0 -1
    outer loop
      vertex -13.6855 0.221894 0
      vertex -23.4137 0.208841 0
      vertex -13.6673 0.331653 0
    endloop
  endfacet
  facet normal 0 0 -1
    outer loop
      vertex -23.4307 0.312144 0
      vertex -13.6673 0.331653 0
      vertex -23.4137 0.208841 0
    endloop
  endfacet
  facet normal -0 0 -1
    outer loop
      vertex -13.6673 0.331653 0
      vertex -23.4307 0.312144 0
      vertex -13.6421 0.439992 0
    endloop
  endfacet
  facet normal 0 0 -1
    outer loop
      vertex -23.4545 0.41411 0
      vertex -13.6421 0.439992 0
      vertex -23.4307 0.312144 0
    endloop
  endfacet
  facet normal -0 0 -1
    outer loop
      vertex -13.6421 0.439992 0
      vertex -23.4545 0.41411 0
      vertex -13.6098 0.546447 0
    endloop
  endfacet
  facet normal 0 0 -1
    outer loop
      vertex -23.4849 0.514302 0
      vertex -13.6098 0.546447 0
      vertex -23.4545 0.41411 0
    endloop
  endfacet
  facet normal -0 0 -1
    outer loop
      vertex -13.6098 0.546447 0
      vertex -23.4849 0.514302 0
      vertex -13.5706 0.650561 0
    endloop
  endfacet
  facet normal 0 0 -1
    outer loop
      vertex -23.5218 0.612293 0
      vertex -13.5706 0.650561 0
      vertex -23.4849 0.514302 0
    endloop
  endfacet
  facet normal -0 0 -1
    outer loop
      vertex -13.5706 0.650561 0
      vertex -23.5218 0.612293 0
      vertex -13.5247 0.75189 0
    endloop
  endfacet
  facet normal 0 0 -1
    outer loop
      vertex -23.565 0.707662 0
      vertex -13.5247 0.75189 0
      vertex -23.5218 0.612293 0
    endloop
  endfacet
  facet normal -0 0 -1
    outer loop
      vertex -13.5247 0.75189 0
      vertex -23.565 0.707662 0
      vertex -13.4722 0.849999 0
    endloop
  endfacet
  facet normal 0 0 -1
    outer loop
      vertex -23.6144 0.799999 0
      vertex -13.4722 0.849999 0
      vertex -23.565 0.707662 0
    endloop
  endfacet
  facet normal 0 0 -1
    outer loop
      vertex -23.6696 0.888912 0
      vertex -13.4722 0.849999 0
      vertex -23.6144 0.799999 0
    endloop
  endfacet
  facet normal 0 0 -1
    outer loop
      vertex -13.4722 0.849999 0
      vertex -23.6696 0.888912 0
      vertex -13.4135 0.944468 0
    endloop
  endfacet
  facet normal 0 0 -1
    outer loop
      vertex -23.7306 0.974018 0
      vertex -13.4135 0.944468 0
      vertex -23.6696 0.888912 0
    endloop
  endfacet
  facet normal 0 0 -1
    outer loop
      vertex -13.4135 0.944468 0
      vertex -23.7306 0.974018 0
      vertex -13.3487 1.03489 0
    endloop
  endfacet
  facet normal 0 0 -1
    outer loop
      vertex -23.7971 1.05495 0
      vertex -13.3487 1.03489 0
      vertex -23.7306 0.974018 0
    endloop
  endfacet
  facet normal 0 0 -1
    outer loop
      vertex -13.3487 1.03489 0
      vertex -23.7971 1.05495 0
      vertex -13.2781 1.12089 0
    endloop
  endfacet
  facet normal 0 0 -1
    outer loop
      vertex -23.8686 1.13137 0
      vertex -13.2781 1.12089 0
      vertex -23.7971 1.05495 0
    endloop
  endfacet
  facet normal 0 0 -1
    outer loop
      vertex -13.2781 1.12089 0
      vertex -23.8686 1.13137 0
      vertex -13.2021 1.20208 0
    endloop
  endfacet
  facet normal 0 0 -1
    outer loop
      vertex -23.945 1.20294 0
      vertex -13.2021 1.20208 0
      vertex -23.8686 1.13137 0
    endloop
  endfacet
  facet normal 0 0 -1
    outer loop
      vertex -13.2021 1.20208 0
      vertex -23.945 1.20294 0
      vertex -13.1209 1.27813 0
    endloop
  endfacet
  facet normal 0 0 -1
    outer loop
      vertex -24.026 1.26937 0
      vertex -13.1209 1.27813 0
      vertex -23.945 1.20294 0
    endloop
  endfacet
  facet normal -0 0 -1
    outer loop
      vertex -13.1209 1.27813 0
      vertex -24.026 1.26937 0
      vertex -13.0349 1.3487 0
    endloop
  endfacet
  facet normal 0 0 -1
    outer loop
      vertex -24.1111 1.33035 0
      vertex -13.0349 1.3487 0
      vertex -24.026 1.26937 0
    endloop
  endfacet
  facet normal -0 0 -1
    outer loop
      vertex -13.0349 1.3487 0
      vertex -24.1111 1.33035 0
      vertex -12.9445 1.4135 0
    endloop
  endfacet
  facet normal 0 0 -1
    outer loop
      vertex -24.2 1.38564 0
      vertex -12.9445 1.4135 0
      vertex -24.1111 1.33035 0
    endloop
  endfacet
  facet normal -0 0 -1
    outer loop
      vertex -12.9445 1.4135 0
      vertex -24.2 1.38564 0
      vertex -12.85 1.47224 0
    endloop
  endfacet
  facet normal 0 0 -1
    outer loop
      vertex -24.2923 1.435 0
      vertex -12.85 1.47224 0
      vertex -24.2 1.38564 0
    endloop
  endfacet
  facet normal -0 0 -1
    outer loop
      vertex -12.85 1.47224 0
      vertex -24.2923 1.435 0
      vertex -12.7519 1.52468 0
    endloop
  endfacet
  facet normal 0 0 -1
    outer loop
      vertex -24.3877 1.47821 0
      vertex -12.7519 1.52468 0
      vertex -24.2923 1.435 0
    endloop
  endfacet
  facet normal -0 0 -1
    outer loop
      vertex -12.7519 1.52468 0
      vertex -24.3877 1.47821 0
      vertex -12.6506 1.57059 0
    endloop
  endfacet
  facet normal 0 0 -1
    outer loop
      vertex -24.4857 1.51509 0
      vertex -12.6506 1.57059 0
      vertex -24.3877 1.47821 0
    endloop
  endfacet
  facet normal -0 0 -1
    outer loop
      vertex -12.6506 1.57059 0
      vertex -24.4857 1.51509 0
      vertex -12.5464 1.60978 0
    endloop
  endfacet
  facet normal 0 0 -1
    outer loop
      vertex -24.5859 1.54548 0
      vertex -12.5464 1.60978 0
      vertex -24.4857 1.51509 0
    endloop
  endfacet
  facet normal -0 0 -1
    outer loop
      vertex -12.5464 1.60978 0
      vertex -24.5859 1.54548 0
      vertex -12.44 1.64207 0
    endloop
  endfacet
  facet normal 0 0 -1
    outer loop
      vertex -24.6879 1.56926 0
      vertex -12.44 1.64207 0
      vertex -24.5859 1.54548 0
    endloop
  endfacet
  facet normal -0 0 -1
    outer loop
      vertex -12.3317 1.66733 0
      vertex -24.6879 1.56926 0
      vertex -45 17 0
    endloop
  endfacet
  facet normal 0 0 -1
    outer loop
      vertex -45 17 0
      vertex -24.6879 1.56926 0
      vertex -24.7912 1.58631 0
    endloop
  endfacet
  facet normal 0 0 -1
    outer loop
      vertex -45 17 0
      vertex -24.7912 1.58631 0
      vertex -24.8954 1.59657 0
    endloop
  endfacet
  facet normal 0 0 -1
    outer loop
      vertex -45 17 0
      vertex -24.8954 1.59657 0
      vertex -25 1.6 0
    endloop
  endfacet
  facet normal 0 0 -1
    outer loop
      vertex -45 17 0
      vertex -25 1.6 0
      vertex -25.1046 1.59657 0
    endloop
  endfacet
  facet normal 0 0 -1
    outer loop
      vertex -45 17 0
      vertex -25.1046 1.59657 0
      vertex -25.2088 1.58631 0
    endloop
  endfacet
  facet normal 0 0 -1
    outer loop
      vertex -45 17 0
      vertex -25.2088 1.58631 0
      vertex -25.3121 1.56926 0
    endloop
  endfacet
  facet normal 0 0 -1
    outer loop
      vertex -36.5 0 0
      vertex -26.5966 0.104645 0
      vertex -26.6 0 0
    endloop
  endfacet
  facet normal 0 0 -1
    outer loop
      vertex -36.5032 0.0981045 0
      vertex -26.5966 0.104645 0
      vertex -36.5 0 0
    endloop
  endfacet
  facet normal -0 0 -1
    outer loop
      vertex -26.5966 0.104645 0
      vertex -36.5032 0.0981045 0
      vertex -26.5863 0.208841 0
    endloop
  endfacet
  facet normal 0 0 -1
    outer loop
      vertex -36.5128 0.195788 0
      vertex -26.5863 0.208841 0
      vertex -36.5032 0.0981045 0
    endloop
  endfacet
  facet normal -0 0 -1
    outer loop
      vertex -26.5863 0.208841 0
      vertex -36.5128 0.195788 0
      vertex -26.5693 0.312144 0
    endloop
  endfacet
  facet normal 0 0 -1
    outer loop
      vertex -36.5288 0.292635 0
      vertex -26.5693 0.312144 0
      vertex -36.5128 0.195788 0
    endloop
  endfacet
  facet normal -0 0 -1
    outer loop
      vertex -26.5693 0.312144 0
      vertex -36.5288 0.292635 0
      vertex -26.5455 0.41411 0
    endloop
  endfacet
  facet normal 0 0 -1
    outer loop
      vertex -36.5511 0.388228 0
      vertex -26.5455 0.41411 0
      vertex -36.5288 0.292635 0
    endloop
  endfacet
  facet normal -0 0 -1
    outer loop
      vertex -26.5455 0.41411 0
      vertex -36.5511 0.388228 0
      vertex -26.5151 0.514302 0
    endloop
  endfacet
  facet normal 0 0 -1
    outer loop
      vertex -36.5796 0.482159 0
      vertex -26.5151 0.514302 0
      vertex -36.5511 0.388228 0
    endloop
  endfacet
  facet normal -0 0 -1
    outer loop
      vertex -26.5151 0.514302 0
      vertex -36.5796 0.482159 0
      vertex -26.4782 0.612293 0
    endloop
  endfacet
  facet normal 0 0 -1
    outer loop
      vertex -36.6142 0.574024 0
      vertex -26.4782 0.612293 0
      vertex -36.5796 0.482159 0
    endloop
  endfacet
  facet normal -0 0 -1
    outer loop
      vertex -26.4782 0.612293 0
      vertex -36.6142 0.574024 0
      vertex -26.435 0.707662 0
    endloop
  endfacet
  facet normal 0 0 -1
    outer loop
      vertex -36.6547 0.663432 0
      vertex -26.435 0.707662 0
      vertex -36.6142 0.574024 0
    endloop
  endfacet
  facet normal -0 0 -1
    outer loop
      vertex -26.435 0.707662 0
      vertex -36.6547 0.663432 0
      vertex -26.3856 0.799999 0
    endloop
  endfacet
  facet normal 0 0 -1
    outer loop
      vertex -36.701 0.75 0
      vertex -26.3856 0.799999 0
      vertex -36.6547 0.663432 0
    endloop
  endfacet
  facet normal 0 0 -1
    outer loop
      vertex -36.7528 0.833355 0
      vertex -26.3856 0.799999 0
      vertex -36.701 0.75 0
    endloop
  endfacet
  facet normal 0 0 -1
    outer loop
      vertex -26.3856 0.799999 0
      vertex -36.7528 0.833355 0
      vertex -26.3304 0.888912 0
    endloop
  endfacet
  facet normal 0 0 -1
    outer loop
      vertex -36.81 0.913141 0
      vertex -26.3304 0.888912 0
      vertex -36.7528 0.833355 0
    endloop
  endfacet
  facet normal 0 0 -1
    outer loop
      vertex -26.3304 0.888912 0
      vertex -36.81 0.913141 0
      vertex -26.2694 0.974018 0
    endloop
  endfacet
  facet normal 0 0 -1
    outer loop
      vertex -36.8722 0.989018 0
      vertex -26.2694 0.974018 0
      vertex -36.81 0.913141 0
    endloop
  endfacet
  facet normal 0 0 -1
    outer loop
      vertex -26.2694 0.974018 0
      vertex -36.8722 0.989018 0
      vertex -26.2029 1.05495 0
    endloop
  endfacet
  facet normal 0 0 -1
    outer loop
      vertex -36.9393 1.06066 0
      vertex -26.2029 1.05495 0
      vertex -36.8722 0.989018 0
    endloop
  endfacet
  facet normal 0 0 -1
    outer loop
      vertex -26.2029 1.05495 0
      vertex -36.9393 1.06066 0
      vertex -26.1314 1.13137 0
    endloop
  endfacet
  facet normal 0 0 -1
    outer loop
      vertex -37.011 1.12776 0
      vertex -26.1314 1.13137 0
      vertex -36.9393 1.06066 0
    endloop
  endfacet
  facet normal -0 0 -1
    outer loop
      vertex -26.1314 1.13137 0
      vertex -37.011 1.12776 0
      vertex -26.055 1.20294 0
    endloop
  endfacet
  facet normal 0 0 -1
    outer loop
      vertex -37.0869 1.19003 0
      vertex -26.055 1.20294 0
      vertex -37.011 1.12776 0
    endloop
  endfacet
  facet normal -0 0 -1
    outer loop
      vertex -26.055 1.20294 0
      vertex -37.0869 1.19003 0
      vertex -25.974 1.26937 0
    endloop
  endfacet
  facet normal 0 0 -1
    outer loop
      vertex -37.1666 1.2472 0
      vertex -25.974 1.26937 0
      vertex -37.0869 1.19003 0
    endloop
  endfacet
  facet normal -0 0 -1
    outer loop
      vertex -25.974 1.26937 0
      vertex -37.1666 1.2472 0
      vertex -25.8889 1.33035 0
    endloop
  endfacet
  facet normal 0 0 -1
    outer loop
      vertex -37.25 1.29904 0
      vertex -25.8889 1.33035 0
      vertex -37.1666 1.2472 0
    endloop
  endfacet
  facet normal -0 0 -1
    outer loop
      vertex -25.8889 1.33035 0
      vertex -37.25 1.29904 0
      vertex -25.8 1.38564 0
    endloop
  endfacet
  facet normal 0 0 -1
    outer loop
      vertex -37.3366 1.34531 0
      vertex -25.8 1.38564 0
      vertex -37.25 1.29904 0
    endloop
  endfacet
  facet normal -0 0 -1
    outer loop
      vertex -25.8 1.38564 0
      vertex -37.3366 1.34531 0
      vertex -25.7077 1.435 0
    endloop
  endfacet
  facet normal 0 0 -1
    outer loop
      vertex -45 17 0
      vertex -25.7077 1.435 0
      vertex -37.3366 1.34531 0
    endloop
  endfacet
  facet normal 0 0 -1
    outer loop
      vertex -25.7077 1.435 0
      vertex -45 17 0
      vertex -25.6123 1.47821 0
    endloop
  endfacet
  facet normal 0 0 -1
    outer loop
      vertex -25.6123 1.47821 0
      vertex -45 17 0
      vertex -25.5143 1.51509 0
    endloop
  endfacet
  facet normal 0 0 -1
    outer loop
      vertex -25.5143 1.51509 0
      vertex -45 17 0
      vertex -25.4141 1.54548 0
    endloop
  endfacet
  facet normal 0 0 -1
    outer loop
      vertex -25.4141 1.54548 0
      vertex -45 17 0
      vertex -25.3121 1.56926 0
    endloop
  endfacet
  facet normal 0 0 -1
    outer loop
      vertex -45 17 0
      vertex -37.3366 1.34531 0
      vertex -37.426 1.38582 0
    endloop
  endfacet
  facet normal 0 0 -1
    outer loop
      vertex -45 17 0
      vertex -37.426 1.38582 0
      vertex -37.5178 1.42039 0
    endloop
  endfacet
  facet normal 0 0 -1
    outer loop
      vertex -45 17 0
      vertex -37.5178 1.42039 0
      vertex -37.6118 1.44889 0
    endloop
  endfacet
  facet normal 0 0 -1
    outer loop
      vertex -45 17 0
      vertex -37.6118 1.44889 0
      vertex -37.7074 1.47118 0
    endloop
  endfacet
  facet normal 0 0 -1
    outer loop
      vertex -45 17 0
      vertex -37.7074 1.47118 0
      vertex -37.8042 1.48717 0
    endloop
  endfacet
  facet normal 0 0 -1
    outer loop
      vertex -45 17 0
      vertex -37.8042 1.48717 0
      vertex -37.9019 1.49679 0
    endloop
  endfacet
  facet normal 0 0 -1
    outer loop
      vertex -45 17 0
      vertex -37.9019 1.49679 0
      vertex -38 1.5 0
    endloop
  endfacet
  facet normal 0 0 -1
    outer loop
      vertex -45 17 0
      vertex -38 1.5 0
      vertex -38.0981 1.49679 0
    endloop
  endfacet
  facet normal 0 0 -1
    outer loop
      vertex -45 17 0
      vertex -38.0981 1.49679 0
      vertex -38.1958 1.48717 0
    endloop
  endfacet
  facet normal 0 0 -1
    outer loop
      vertex -45 17 0
      vertex -38.1958 1.48717 0
      vertex -38.2926 1.47118 0
    endloop
  endfacet
  facet normal -0 0 -1
    outer loop
      vertex -39.4968 -0.0981045 0
      vertex -48 -14 0
      vertex -39.5 0 0
    endloop
  endfacet
  facet normal 0 0 -1
    outer loop
      vertex -48 14 0
      vertex -39.5 0 0
      vertex -48 -14 0
    endloop
  endfacet
  facet normal 0 0 -1
    outer loop
      vertex -39.5 0 0
      vertex -48 14 0
      vertex -39.4968 0.0981045 0
    endloop
  endfacet
  facet normal 0 0 -1
    outer loop
      vertex -39.4968 0.0981045 0
      vertex -48 14 0
      vertex -39.4872 0.195788 0
    endloop
  endfacet
  facet normal 0 0 -1
    outer loop
      vertex -39.4872 0.195788 0
      vertex -48 14 0
      vertex -39.4712 0.292635 0
    endloop
  endfacet
  facet normal 0 0 -1
    outer loop
      vertex 18.4198 7.94436 0
      vertex -45 17 0
      vertex 45 17 0
    endloop
  endfacet
  facet normal 0 0 -1
    outer loop
      vertex -38.3882 1.44889 0
      vertex -45 17 0
      vertex -38.2926 1.47118 0
    endloop
  endfacet
  facet normal 0 0 -1
    outer loop
      vertex -48 14 0
      vertex -38.3882 1.44889 0
      vertex -38.4822 1.42039 0
    endloop
  endfacet
  facet normal 0 0 -1
    outer loop
      vertex -48 14 0
      vertex -38.4822 1.42039 0
      vertex -38.574 1.38582 0
    endloop
  endfacet
  facet normal 0 0 -1
    outer loop
      vertex -48 14 0
      vertex -38.574 1.38582 0
      vertex -38.6634 1.34531 0
    endloop
  endfacet
  facet normal 0 0 -1
    outer loop
      vertex -48 14 0
      vertex -38.6634 1.34531 0
      vertex -38.75 1.29904 0
    endloop
  endfacet
  facet normal 0 0 -1
    outer loop
      vertex -48 14 0
      vertex -38.75 1.29904 0
      vertex -38.8334 1.2472 0
    endloop
  endfacet
  facet normal 0 0 -1
    outer loop
      vertex -48 14 0
      vertex -38.8334 1.2472 0
      vertex -38.9131 1.19003 0
    endloop
  endfacet
  facet normal 0 0 -1
    outer loop
      vertex -48 14 0
      vertex -38.9131 1.19003 0
      vertex -38.989 1.12776 0
    endloop
  endfacet
  facet normal 0 0 -1
    outer loop
      vertex -48 14 0
      vertex -38.989 1.12776 0
      vertex -39.0607 1.06066 0
    endloop
  endfacet
  facet normal 0 0 -1
    outer loop
      vertex -48 14 0
      vertex -39.0607 1.06066 0
      vertex -39.1278 0.989018 0
    endloop
  endfacet
  facet normal 0 0 -1
    outer loop
      vertex -48 14 0
      vertex -39.1278 0.989018 0
      vertex -39.19 0.913141 0
    endloop
  endfacet
  facet normal 0 0 -1
    outer loop
      vertex -48 14 0
      vertex -39.19 0.913141 0
      vertex -39.2472 0.833355 0
    endloop
  endfacet
  facet normal 0 0 -1
    outer loop
      vertex -48 14 0
      vertex -39.2472 0.833355 0
      vertex -39.299 0.75 0
    endloop
  endfacet
  facet normal 0 0 -1
    outer loop
      vertex -48 14 0
      vertex -39.299 0.75 0
      vertex -39.3453 0.663432 0
    endloop
  endfacet
  facet normal 0 0 -1
    outer loop
      vertex -48 14 0
      vertex -39.3453 0.663432 0
      vertex -39.3858 0.574024 0
    endloop
  endfacet
  facet normal 0 0 -1
    outer loop
      vertex -48 14 0
      vertex -39.3858 0.574024 0
      vertex -39.4204 0.482159 0
    endloop
  endfacet
  facet normal 0 0 -1
    outer loop
      vertex -39.4712 0.292635 0
      vertex -48 14 0
      vertex -39.4489 0.388228 0
    endloop
  endfacet
  facet normal 0 0 -1
    outer loop
      vertex -48 -14 0
      vertex -45 -17 0
      vertex -45.7764 -16.8978 0
    endloop
  endfacet
  facet normal 0 0 -1
    outer loop
      vertex -39.4489 0.388228 0
      vertex -48 14 0
      vertex -39.4204 0.482159 0
    endloop
  endfacet
  facet normal 0 0 -1
    outer loop
      vertex -48 -14 0
      vertex -45.7764 -16.8978 0
      vertex -46.5 -16.5981 0
    endloop
  endfacet
  facet normal 0 0 -1
    outer loop
      vertex -38.3882 1.44889 0
      vertex -48 14 0
      vertex -45 17 0
    endloop
  endfacet
  facet normal 0 0 -1
    outer loop
      vertex -48 -14 0
      vertex -46.5 -16.5981 0
      vertex -47.1213 -16.1213 0
    endloop
  endfacet
  facet normal 0 0 -1
    outer loop
      vertex -45 17 0
      vertex -48 14 0
      vertex -45.7764 16.8978 0
    endloop
  endfacet
  facet normal 0 0 -1
    outer loop
      vertex -48 -14 0
      vertex -47.1213 -16.1213 0
      vertex -47.5981 -15.5 0
    endloop
  endfacet
  facet normal 0 0 -1
    outer loop
      vertex -45.7764 16.8978 0
      vertex -48 14 0
      vertex -46.5 16.5981 0
    endloop
  endfacet
  facet normal 0 0 -1
    outer loop
      vertex -48 -14 0
      vertex -47.5981 -15.5 0
      vertex -47.8978 -14.7764 0
    endloop
  endfacet
  facet normal 0 0 -1
    outer loop
      vertex -46.5 16.5981 0
      vertex -48 14 0
      vertex -47.1213 16.1213 0
    endloop
  endfacet
  facet normal 0 0 -1
    outer loop
      vertex -47.1213 16.1213 0
      vertex -48 14 0
      vertex -47.5981 15.5 0
    endloop
  endfacet
  facet normal 0 0 -1
    outer loop
      vertex -47.5981 15.5 0
      vertex -48 14 0
      vertex -47.8978 14.7764 0
    endloop
  endfacet
  facet normal -0.991447 0.130507 0
    outer loop
      vertex -48 14 0
      vertex -47.8978 14.7764 5
      vertex -47.8978 14.7764 0
    endloop
  endfacet
  facet normal -0.991447 0.130507 0
    outer loop
      vertex -47.8978 14.7764 5
      vertex -48 14 0
      vertex -48 14 5
    endloop
  endfacet
  facet normal 0.130507 0.991447 -0
    outer loop
      vertex 45.7764 16.8978 0
      vertex 45 17 5
      vertex 45.7764 16.8978 5
    endloop
  endfacet
  facet normal 0.130507 0.991447 0
    outer loop
      vertex 45 17 5
      vertex 45.7764 16.8978 0
      vertex 45 17 0
    endloop
  endfacet
  facet normal 0 1 -0
    outer loop
      vertex 45 17 0
      vertex -45 17 5
      vertex 45 17 5
    endloop
  endfacet
  facet normal 0 1 0
    outer loop
      vertex -45 17 5
      vertex 45 17 0
      vertex -45 17 0
    endloop
  endfacet
  facet normal 0.923891 0.382656 0
    outer loop
      vertex 47.8978 14.7764 5
      vertex 47.5981 15.5 0
      vertex 47.5981 15.5 5
    endloop
  endfacet
  facet normal 0.923891 0.382656 0
    outer loop
      vertex 47.5981 15.5 0
      vertex 47.8978 14.7764 5
      vertex 47.8978 14.7764 0
    endloop
  endfacet
  facet normal 0.991447 0.130507 0
    outer loop
      vertex 48 14 5
      vertex 47.8978 14.7764 0
      vertex 47.8978 14.7764 5
    endloop
  endfacet
  facet normal 0.991447 0.130507 0
    outer loop
      vertex 47.8978 14.7764 0
      vertex 48 14 5
      vertex 48 14 0
    endloop
  endfacet
  facet normal -0.130507 -0.991447 0
    outer loop
      vertex -45.7764 -16.8978 0
      vertex -45 -17 5
      vertex -45.7764 -16.8978 5
    endloop
  endfacet
  facet normal -0.130507 -0.991447 -0
    outer loop
      vertex -45 -17 5
      vertex -45.7764 -16.8978 0
      vertex -45 -17 0
    endloop
  endfacet
  facet normal -0.793316 0.608809 0
    outer loop
      vertex -47.5981 15.5 0
      vertex -47.1213 16.1213 5
      vertex -47.1213 16.1213 0
    endloop
  endfacet
  facet normal -0.793316 0.608809 0
    outer loop
      vertex -47.1213 16.1213 5
      vertex -47.5981 15.5 0
      vertex -47.5981 15.5 5
    endloop
  endfacet
  facet normal -0.382656 0.923891 0
    outer loop
      vertex -45.7764 16.8978 0
      vertex -46.5 16.5981 5
      vertex -45.7764 16.8978 5
    endloop
  endfacet
  facet normal -0.382656 0.923891 0
    outer loop
      vertex -46.5 16.5981 5
      vertex -45.7764 16.8978 0
      vertex -46.5 16.5981 0
    endloop
  endfacet
  facet normal -0.923891 0.382656 0
    outer loop
      vertex -47.8978 14.7764 0
      vertex -47.5981 15.5 5
      vertex -47.5981 15.5 0
    endloop
  endfacet
  facet normal -0.923891 0.382656 0
    outer loop
      vertex -47.5981 15.5 5
      vertex -47.8978 14.7764 0
      vertex -47.8978 14.7764 5
    endloop
  endfacet
  facet normal 0.382656 0.923891 -0
    outer loop
      vertex 46.5 16.5981 0
      vertex 45.7764 16.8978 5
      vertex 46.5 16.5981 5
    endloop
  endfacet
  facet normal 0.382656 0.923891 0
    outer loop
      vertex 45.7764 16.8978 5
      vertex 46.5 16.5981 0
      vertex 45.7764 16.8978 0
    endloop
  endfacet
  facet normal 0.608809 0.793316 -0
    outer loop
      vertex 47.1213 16.1213 0
      vertex 46.5 16.5981 5
      vertex 47.1213 16.1213 5
    endloop
  endfacet
  facet normal 0.608809 0.793316 0
    outer loop
      vertex 46.5 16.5981 5
      vertex 47.1213 16.1213 0
      vertex 46.5 16.5981 0
    endloop
  endfacet
  facet normal 0.793316 0.608809 0
    outer loop
      vertex 47.5981 15.5 5
      vertex 47.1213 16.1213 0
      vertex 47.1213 16.1213 5
    endloop
  endfacet
  facet normal 0.793316 0.608809 0
    outer loop
      vertex 47.1213 16.1213 0
      vertex 47.5981 15.5 5
      vertex 47.5981 15.5 0
    endloop
  endfacet
  facet normal 0.991447 -0.130507 0
    outer loop
      vertex 47.8978 -14.7764 5
      vertex 48 -14 0
      vertex 48 -14 5
    endloop
  endfacet
  facet normal 0.991447 -0.130507 0
    outer loop
      vertex 48 -14 0
      vertex 47.8978 -14.7764 5
      vertex 47.8978 -14.7764 0
    endloop
  endfacet
  facet normal 0.923891 -0.382656 0
    outer loop
      vertex 47.5981 -15.5 5
      vertex 47.8978 -14.7764 0
      vertex 47.8978 -14.7764 5
    endloop
  endfacet
  facet normal 0.923891 -0.382656 0
    outer loop
      vertex 47.8978 -14.7764 0
      vertex 47.5981 -15.5 5
      vertex 47.5981 -15.5 0
    endloop
  endfacet
  facet normal -0.608809 0.793316 0
    outer loop
      vertex -46.5 16.5981 0
      vertex -47.1213 16.1213 5
      vertex -46.5 16.5981 5
    endloop
  endfacet
  facet normal -0.608809 0.793316 0
    outer loop
      vertex -47.1213 16.1213 5
      vertex -46.5 16.5981 0
      vertex -47.1213 16.1213 0
    endloop
  endfacet
  facet normal 0.382656 -0.923891 0
    outer loop
      vertex 45.7764 -16.8978 0
      vertex 46.5 -16.5981 5
      vertex 45.7764 -16.8978 5
    endloop
  endfacet
  facet normal 0.382656 -0.923891 0
    outer loop
      vertex 46.5 -16.5981 5
      vertex 45.7764 -16.8978 0
      vertex 46.5 -16.5981 0
    endloop
  endfacet
  facet normal 0.608809 -0.793316 0
    outer loop
      vertex 46.5 -16.5981 0
      vertex 47.1213 -16.1213 5
      vertex 46.5 -16.5981 5
    endloop
  endfacet
  facet normal 0.608809 -0.793316 0
    outer loop
      vertex 47.1213 -16.1213 5
      vertex 46.5 -16.5981 0
      vertex 47.1213 -16.1213 0
    endloop
  endfacet
  facet normal -0.382656 -0.923891 0
    outer loop
      vertex -46.5 -16.5981 0
      vertex -45.7764 -16.8978 5
      vertex -46.5 -16.5981 5
    endloop
  endfacet
  facet normal -0.382656 -0.923891 -0
    outer loop
      vertex -45.7764 -16.8978 5
      vertex -46.5 -16.5981 0
      vertex -45.7764 -16.8978 0
    endloop
  endfacet
  facet normal 0.793316 -0.608809 0
    outer loop
      vertex 47.1213 -16.1213 5
      vertex 47.5981 -15.5 0
      vertex 47.5981 -15.5 5
    endloop
  endfacet
  facet normal 0.793316 -0.608809 0
    outer loop
      vertex 47.5981 -15.5 0
      vertex 47.1213 -16.1213 5
      vertex 47.1213 -16.1213 0
    endloop
  endfacet
  facet normal -0.881892 -0.471452 0
    outer loop
      vertex 27.2647 3.58254 0
      vertex 27.0148 4.05 5
      vertex 27.0148 4.05 0
    endloop
  endfacet
  facet normal -0.881892 -0.471452 0
    outer loop
      vertex 27.0148 4.05 5
      vertex 27.2647 3.58254 0
      vertex 27.2647 3.58254 5
    endloop
  endfacet
  facet normal -0.352298 -0.935888 0
    outer loop
      vertex 22.6037 7.67013 0
      vertex 23.0997 7.48342 5
      vertex 22.6037 7.67013 5
    endloop
  endfacet
  facet normal -0.352298 -0.935888 -0
    outer loop
      vertex 23.0997 7.48342 5
      vertex 22.6037 7.67013 0
      vertex 23.0997 7.48342 0
    endloop
  endfacet
  facet normal 0.352298 -0.935888 0
    outer loop
      vertex 16.9003 7.48342 0
      vertex 17.3963 7.67013 5
      vertex 16.9003 7.48342 5
    endloop
  endfacet
  facet normal 0.352298 -0.935888 0
    outer loop
      vertex 17.3963 7.67013 5
      vertex 16.9003 7.48342 0
      vertex 17.3963 7.67013 0
    endloop
  endfacet
  facet normal 0.910902 -0.412623 0
    outer loop
      vertex 12.5166 3.09974 5
      vertex 12.7353 3.58254 0
      vertex 12.7353 3.58254 5
    endloop
  endfacet
  facet normal 0.910902 -0.412623 0
    outer loop
      vertex 12.7353 3.58254 0
      vertex 12.5166 3.09974 5
      vertex 12.5166 3.09974 0
    endloop
  endfacet
  facet normal -0.999467 0.0326386 0
    outer loop
      vertex 28.0827 -0.529765 0
      vertex 28.1 0 5
      vertex 28.1 0 0
    endloop
  endfacet
  facet normal -0.999467 0.0326386 0
    outer loop
      vertex 28.1 0 5
      vertex 28.0827 -0.529765 0
      vertex 28.0827 -0.529765 5
    endloop
  endfacet
  facet normal -0.528081 -0.849194 0
    outer loop
      vertex 24.05 7.0148 0
      vertex 24.5001 6.7349 5
      vertex 24.05 7.0148 5
    endloop
  endfacet
  facet normal -0.528081 -0.849194 -0
    outer loop
      vertex 24.5001 6.7349 5
      vertex 24.05 7.0148 0
      vertex 24.5001 6.7349 0
    endloop
  endfacet
  facet normal 0.729896 -0.683558 0
    outer loop
      vertex 13.9101 5.3407 5
      vertex 14.2724 5.72756 0
      vertex 14.2724 5.72756 5
    endloop
  endfacet
  facet normal 0.729896 -0.683558 0
    outer loop
      vertex 14.2724 5.72756 0
      vertex 13.9101 5.3407 5
      vertex 13.9101 5.3407 0
    endloop
  endfacet
  facet normal 0.162912 -0.986641 0
    outer loop
      vertex 18.4198 7.94436 0
      vertex 18.9427 8.0307 5
      vertex 18.4198 7.94436 5
    endloop
  endfacet
  facet normal 0.162912 -0.986641 0
    outer loop
      vertex 18.9427 8.0307 5
      vertex 18.4198 7.94436 0
      vertex 18.9427 8.0307 0
    endloop
  endfacet
  facet normal -0.471376 0.881932 0
    outer loop
      vertex 24.05 -7.0148 0
      vertex 23.5825 -7.26467 5
      vertex 24.05 -7.0148 5
    endloop
  endfacet
  facet normal -0.471376 0.881932 0
    outer loop
      vertex 23.5825 -7.26467 5
      vertex 24.05 -7.0148 0
      vertex 23.5825 -7.26467 0
    endloop
  endfacet
  facet normal 0.683561 0.729894 -0
    outer loop
      vertex 14.6593 -6.0899 0
      vertex 14.2724 -5.72756 5
      vertex 14.6593 -6.0899 5
    endloop
  endfacet
  facet normal 0.683561 0.729894 0
    outer loop
      vertex 14.2724 -5.72756 5
      vertex 14.6593 -6.0899 0
      vertex 14.2724 -5.72756 0
    endloop
  endfacet
  facet normal 0.910902 0.412623 0
    outer loop
      vertex 12.7353 -3.58254 5
      vertex 12.5166 -3.09974 0
      vertex 12.5166 -3.09974 5
    endloop
  endfacet
  facet normal 0.910902 0.412623 0
    outer loop
      vertex 12.5166 -3.09974 0
      vertex 12.7353 -3.58254 5
      vertex 12.7353 -3.58254 0
    endloop
  endfacet
  facet normal -0.935913 -0.352231 0
    outer loop
      vertex 27.6701 2.60366 0
      vertex 27.4834 3.09974 5
      vertex 27.4834 3.09974 0
    endloop
  endfacet
  facet normal -0.935913 -0.352231 0
    outer loop
      vertex 27.4834 3.09974 5
      vertex 27.6701 2.60366 0
      vertex 27.6701 2.60366 5
    endloop
  endfacet
  facet normal -0.812885 -0.582424 0
    outer loop
      vertex 26.7349 4.50012 0
      vertex 26.4262 4.93097 5
      vertex 26.4262 4.93097 0
    endloop
  endfacet
  facet normal -0.812885 -0.582424 0
    outer loop
      vertex 26.4262 4.93097 5
      vertex 26.7349 4.50012 0
      vertex 26.7349 4.50012 5
    endloop
  endfacet
  facet normal -0.683561 -0.729894 0
    outer loop
      vertex 25.3407 6.0899 0
      vertex 25.7276 5.72756 5
      vertex 25.3407 6.0899 5
    endloop
  endfacet
  facet normal -0.683561 -0.729894 -0
    outer loop
      vertex 25.7276 5.72756 5
      vertex 25.3407 6.0899 0
      vertex 25.7276 5.72756 0
    endloop
  endfacet
  facet normal -0.0327118 -0.999465 0
    outer loop
      vertex 20 8.1 0
      vertex 20.5298 8.08266 5
      vertex 20 8.1 5
    endloop
  endfacet
  facet normal -0.0327118 -0.999465 -0
    outer loop
      vertex 20.5298 8.08266 5
      vertex 20 8.1 0
      vertex 20.5298 8.08266 0
    endloop
  endfacet
  facet normal -0.162912 -0.986641 0
    outer loop
      vertex 21.0573 8.0307 0
      vertex 21.5802 7.94436 5
      vertex 21.0573 8.0307 5
    endloop
  endfacet
  facet normal -0.162912 -0.986641 -0
    outer loop
      vertex 21.5802 7.94436 5
      vertex 21.0573 8.0307 0
      vertex 21.5802 7.94436 0
    endloop
  endfacet
  facet normal -0.634425 -0.772985 0
    outer loop
      vertex 24.931 6.42616 0
      vertex 25.3407 6.0899 5
      vertex 24.931 6.42616 5
    endloop
  endfacet
  facet normal -0.634425 -0.772985 -0
    outer loop
      vertex 25.3407 6.0899 5
      vertex 24.931 6.42616 0
      vertex 25.3407 6.0899 0
    endloop
  endfacet
  facet normal 0.999467 -0.0326386 0
    outer loop
      vertex 11.9 0 5
      vertex 11.9173 0.529765 0
      vertex 11.9173 0.529765 5
    endloop
  endfacet
  facet normal 0.999467 -0.0326386 0
    outer loop
      vertex 11.9173 0.529765 0
      vertex 11.9 0 5
      vertex 11.9 0 0
    endloop
  endfacet
  facet normal 0.935913 -0.352231 0
    outer loop
      vertex 12.3299 2.60366 5
      vertex 12.5166 3.09974 0
      vertex 12.5166 3.09974 5
    endloop
  endfacet
  facet normal 0.935913 -0.352231 0
    outer loop
      vertex 12.5166 3.09974 0
      vertex 12.3299 2.60366 5
      vertex 12.3299 2.60366 0
    endloop
  endfacet
  facet normal 0.973861 -0.227146 0
    outer loop
      vertex 12.0556 1.58023 5
      vertex 12.176 2.09643 0
      vertex 12.176 2.09643 5
    endloop
  endfacet
  facet normal 0.973861 -0.227146 0
    outer loop
      vertex 12.176 2.09643 0
      vertex 12.0556 1.58023 5
      vertex 12.0556 1.58023 0
    endloop
  endfacet
  facet normal 0.812885 -0.582424 0
    outer loop
      vertex 13.2651 4.50012 5
      vertex 13.5738 4.93097 0
      vertex 13.5738 4.93097 5
    endloop
  endfacet
  facet normal 0.812885 -0.582424 0
    outer loop
      vertex 13.5738 4.93097 0
      vertex 13.2651 4.50012 5
      vertex 13.2651 4.50012 0
    endloop
  endfacet
  facet normal 0.0980279 -0.995184 0
    outer loop
      vertex 18.9427 8.0307 0
      vertex 19.4702 8.08266 5
      vertex 18.9427 8.0307 5
    endloop
  endfacet
  facet normal 0.0980279 -0.995184 0
    outer loop
      vertex 19.4702 8.08266 5
      vertex 18.9427 8.0307 0
      vertex 19.4702 8.08266 0
    endloop
  endfacet
  facet normal 0.528081 -0.849194 0
    outer loop
      vertex 15.4999 6.7349 0
      vertex 15.95 7.0148 5
      vertex 15.4999 6.7349 5
    endloop
  endfacet
  facet normal 0.528081 -0.849194 0
    outer loop
      vertex 15.95 7.0148 5
      vertex 15.4999 6.7349 0
      vertex 15.95 7.0148 0
    endloop
  endfacet
  facet normal 0.58243 -0.812881 0
    outer loop
      vertex 15.069 6.42616 0
      vertex 15.4999 6.7349 5
      vertex 15.069 6.42616 5
    endloop
  endfacet
  facet normal 0.58243 -0.812881 0
    outer loop
      vertex 15.4999 6.7349 5
      vertex 15.069 6.42616 0
      vertex 15.4999 6.7349 0
    endloop
  endfacet
  facet normal 0.412701 -0.910867 0
    outer loop
      vertex 16.4175 7.26467 0
      vertex 16.9003 7.48342 5
      vertex 16.4175 7.26467 5
    endloop
  endfacet
  facet normal 0.412701 -0.910867 0
    outer loop
      vertex 16.9003 7.48342 5
      vertex 16.4175 7.26467 0
      vertex 16.9003 7.48342 0
    endloop
  endfacet
  facet normal -0.995176 0.0981036 0
    outer loop
      vertex 28.0307 -1.05726 0
      vertex 28.0827 -0.529765 5
      vertex 28.0827 -0.529765 0
    endloop
  endfacet
  facet normal -0.995176 0.0981036 0
    outer loop
      vertex 28.0827 -0.529765 5
      vertex 28.0307 -1.05726 0
      vertex 28.0307 -1.05726 5
    endloop
  endfacet
  facet normal -0.956923 0.290342 0
    outer loop
      vertex 27.6701 -2.60366 0
      vertex 27.824 -2.09643 5
      vertex 27.824 -2.09643 0
    endloop
  endfacet
  facet normal -0.956923 0.290342 0
    outer loop
      vertex 27.824 -2.09643 5
      vertex 27.6701 -2.60366 0
      vertex 27.6701 -2.60366 5
    endloop
  endfacet
  facet normal 0.812885 0.582424 0
    outer loop
      vertex 13.5738 -4.93097 5
      vertex 13.2651 -4.50012 0
      vertex 13.2651 -4.50012 5
    endloop
  endfacet
  facet normal 0.812885 0.582424 0
    outer loop
      vertex 13.2651 -4.50012 0
      vertex 13.5738 -4.93097 5
      vertex 13.5738 -4.93097 0
    endloop
  endfacet
  facet normal -0.910902 -0.412623 0
    outer loop
      vertex 27.4834 3.09974 0
      vertex 27.2647 3.58254 5
      vertex 27.2647 3.58254 0
    endloop
  endfacet
  facet normal -0.910902 -0.412623 0
    outer loop
      vertex 27.2647 3.58254 5
      vertex 27.4834 3.09974 0
      vertex 27.4834 3.09974 5
    endloop
  endfacet
  facet normal -0.986656 -0.162817 0
    outer loop
      vertex 28.0307 1.05726 0
      vertex 27.9444 1.58023 5
      vertex 27.9444 1.58023 0
    endloop
  endfacet
  facet normal -0.986656 -0.162817 0
    outer loop
      vertex 27.9444 1.58023 5
      vertex 28.0307 1.05726 0
      vertex 28.0307 1.05726 5
    endloop
  endfacet
  facet normal -0.973861 -0.227146 0
    outer loop
      vertex 27.9444 1.58023 0
      vertex 27.824 2.09643 5
      vertex 27.824 2.09643 0
    endloop
  endfacet
  facet normal -0.973861 -0.227146 0
    outer loop
      vertex 27.824 2.09643 5
      vertex 27.9444 1.58023 0
      vertex 27.9444 1.58023 5
    endloop
  endfacet
  facet normal -0.849204 -0.528064 0
    outer loop
      vertex 27.0148 4.05 0
      vertex 26.7349 4.50012 5
      vertex 26.7349 4.50012 0
    endloop
  endfacet
  facet normal -0.849204 -0.528064 0
    outer loop
      vertex 26.7349 4.50012 5
      vertex 27.0148 4.05 0
      vertex 27.0148 4.05 5
    endloop
  endfacet
  facet normal -0.77297 -0.634442 0
    outer loop
      vertex 26.4262 4.93097 0
      vertex 26.0899 5.3407 5
      vertex 26.0899 5.3407 0
    endloop
  endfacet
  facet normal -0.77297 -0.634442 0
    outer loop
      vertex 26.0899 5.3407 5
      vertex 26.4262 4.93097 0
      vertex 26.4262 4.93097 5
    endloop
  endfacet
  facet normal -0.729896 -0.683558 0
    outer loop
      vertex 26.0899 5.3407 0
      vertex 25.7276 5.72756 5
      vertex 25.7276 5.72756 0
    endloop
  endfacet
  facet normal -0.729896 -0.683558 0
    outer loop
      vertex 25.7276 5.72756 5
      vertex 26.0899 5.3407 0
      vertex 26.0899 5.3407 5
    endloop
  endfacet
  facet normal 0.0327118 -0.999465 0
    outer loop
      vertex 19.4702 8.08266 0
      vertex 20 8.1 5
      vertex 19.4702 8.08266 5
    endloop
  endfacet
  facet normal 0.0327118 -0.999465 0
    outer loop
      vertex 20 8.1 5
      vertex 19.4702 8.08266 0
      vertex 20 8.1 0
    endloop
  endfacet
  facet normal -0.227075 -0.973877 0
    outer loop
      vertex 21.5802 7.94436 0
      vertex 22.0964 7.824 5
      vertex 21.5802 7.94436 5
    endloop
  endfacet
  facet normal -0.227075 -0.973877 -0
    outer loop
      vertex 22.0964 7.824 5
      vertex 21.5802 7.94436 0
      vertex 22.0964 7.824 0
    endloop
  endfacet
  facet normal -0.290254 -0.95695 0
    outer loop
      vertex 22.0964 7.824 0
      vertex 22.6037 7.67013 5
      vertex 22.0964 7.824 5
    endloop
  endfacet
  facet normal -0.290254 -0.95695 -0
    outer loop
      vertex 22.6037 7.67013 5
      vertex 22.0964 7.824 0
      vertex 22.6037 7.67013 0
    endloop
  endfacet
  facet normal -0.0980279 -0.995184 0
    outer loop
      vertex 20.5298 8.08266 0
      vertex 21.0573 8.0307 5
      vertex 20.5298 8.08266 5
    endloop
  endfacet
  facet normal -0.0980279 -0.995184 -0
    outer loop
      vertex 21.0573 8.0307 5
      vertex 20.5298 8.08266 0
      vertex 21.0573 8.0307 0
    endloop
  endfacet
  facet normal -0.471376 -0.881932 0
    outer loop
      vertex 23.5825 7.26467 0
      vertex 24.05 7.0148 5
      vertex 23.5825 7.26467 5
    endloop
  endfacet
  facet normal -0.471376 -0.881932 -0
    outer loop
      vertex 24.05 7.0148 5
      vertex 23.5825 7.26467 0
      vertex 24.05 7.0148 0
    endloop
  endfacet
  facet normal -0.412701 -0.910867 0
    outer loop
      vertex 23.0997 7.48342 0
      vertex 23.5825 7.26467 5
      vertex 23.0997 7.48342 5
    endloop
  endfacet
  facet normal -0.412701 -0.910867 -0
    outer loop
      vertex 23.5825 7.26467 5
      vertex 23.0997 7.48342 0
      vertex 23.5825 7.26467 0
    endloop
  endfacet
  facet normal -0.58243 -0.812881 0
    outer loop
      vertex 24.5001 6.7349 0
      vertex 24.931 6.42616 5
      vertex 24.5001 6.7349 5
    endloop
  endfacet
  facet normal -0.58243 -0.812881 -0
    outer loop
      vertex 24.931 6.42616 5
      vertex 24.5001 6.7349 0
      vertex 24.931 6.42616 0
    endloop
  endfacet
  facet normal 0.986656 -0.162817 0
    outer loop
      vertex 11.9693 1.05726 5
      vertex 12.0556 1.58023 0
      vertex 12.0556 1.58023 5
    endloop
  endfacet
  facet normal 0.986656 -0.162817 0
    outer loop
      vertex 12.0556 1.58023 0
      vertex 11.9693 1.05726 5
      vertex 11.9693 1.05726 0
    endloop
  endfacet
  facet normal 0.995176 -0.0981036 0
    outer loop
      vertex 11.9173 0.529765 5
      vertex 11.9693 1.05726 0
      vertex 11.9693 1.05726 5
    endloop
  endfacet
  facet normal 0.995176 -0.0981036 0
    outer loop
      vertex 11.9693 1.05726 0
      vertex 11.9173 0.529765 5
      vertex 11.9173 0.529765 0
    endloop
  endfacet
  facet normal 0.956923 -0.290342 0
    outer loop
      vertex 12.176 2.09643 5
      vertex 12.3299 2.60366 0
      vertex 12.3299 2.60366 5
    endloop
  endfacet
  facet normal 0.956923 -0.290342 0
    outer loop
      vertex 12.3299 2.60366 0
      vertex 12.176 2.09643 5
      vertex 12.176 2.09643 0
    endloop
  endfacet
  facet normal 0.849204 -0.528064 0
    outer loop
      vertex 12.9852 4.05 5
      vertex 13.2651 4.50012 0
      vertex 13.2651 4.50012 5
    endloop
  endfacet
  facet normal 0.849204 -0.528064 0
    outer loop
      vertex 13.2651 4.50012 0
      vertex 12.9852 4.05 5
      vertex 12.9852 4.05 0
    endloop
  endfacet
  facet normal 0.881892 -0.471452 0
    outer loop
      vertex 12.7353 3.58254 5
      vertex 12.9852 4.05 0
      vertex 12.9852 4.05 5
    endloop
  endfacet
  facet normal 0.881892 -0.471452 0
    outer loop
      vertex 12.9852 4.05 0
      vertex 12.7353 3.58254 5
      vertex 12.7353 3.58254 0
    endloop
  endfacet
  facet normal 0.77297 -0.634442 0
    outer loop
      vertex 13.5738 4.93097 5
      vertex 13.9101 5.3407 0
      vertex 13.9101 5.3407 5
    endloop
  endfacet
  facet normal 0.77297 -0.634442 0
    outer loop
      vertex 13.9101 5.3407 0
      vertex 13.5738 4.93097 5
      vertex 13.5738 4.93097 0
    endloop
  endfacet
  facet normal 0.227075 -0.973877 0
    outer loop
      vertex 17.9036 7.824 0
      vertex 18.4198 7.94436 5
      vertex 17.9036 7.824 5
    endloop
  endfacet
  facet normal 0.227075 -0.973877 0
    outer loop
      vertex 18.4198 7.94436 5
      vertex 17.9036 7.824 0
      vertex 18.4198 7.94436 0
    endloop
  endfacet
  facet normal 0.290254 -0.95695 0
    outer loop
      vertex 17.3963 7.67013 0
      vertex 17.9036 7.824 5
      vertex 17.3963 7.67013 5
    endloop
  endfacet
  facet normal 0.290254 -0.95695 0
    outer loop
      vertex 17.9036 7.824 5
      vertex 17.3963 7.67013 0
      vertex 17.9036 7.824 0
    endloop
  endfacet
  facet normal 0.471376 -0.881932 0
    outer loop
      vertex 15.95 7.0148 0
      vertex 16.4175 7.26467 5
      vertex 15.95 7.0148 5
    endloop
  endfacet
  facet normal 0.471376 -0.881932 0
    outer loop
      vertex 16.4175 7.26467 5
      vertex 15.95 7.0148 0
      vertex 16.4175 7.26467 0
    endloop
  endfacet
  facet normal 0.634425 -0.772985 0
    outer loop
      vertex 14.6593 6.0899 0
      vertex 15.069 6.42616 5
      vertex 14.6593 6.0899 5
    endloop
  endfacet
  facet normal 0.634425 -0.772985 0
    outer loop
      vertex 15.069 6.42616 5
      vertex 14.6593 6.0899 0
      vertex 15.069 6.42616 0
    endloop
  endfacet
  facet normal 0.683561 -0.729894 0
    outer loop
      vertex 14.2724 5.72756 0
      vertex 14.6593 6.0899 5
      vertex 14.2724 5.72756 5
    endloop
  endfacet
  facet normal 0.683561 -0.729894 0
    outer loop
      vertex 14.6593 6.0899 5
      vertex 14.2724 5.72756 0
      vertex 14.6593 6.0899 0
    endloop
  endfacet
  facet normal -0.999467 -0.0326386 0
    outer loop
      vertex 28.1 0 0
      vertex 28.0827 0.529765 5
      vertex 28.0827 0.529765 0
    endloop
  endfacet
  facet normal -0.999467 -0.0326386 0
    outer loop
      vertex 28.0827 0.529765 5
      vertex 28.1 0 0
      vertex 28.1 0 5
    endloop
  endfacet
  facet normal -0.986656 0.162817 0
    outer loop
      vertex 27.9444 -1.58023 0
      vertex 28.0307 -1.05726 5
      vertex 28.0307 -1.05726 0
    endloop
  endfacet
  facet normal -0.986656 0.162817 0
    outer loop
      vertex 28.0307 -1.05726 5
      vertex 27.9444 -1.58023 0
      vertex 27.9444 -1.58023 5
    endloop
  endfacet
  facet normal -0.881892 0.471452 0
    outer loop
      vertex 27.0148 -4.05 0
      vertex 27.2647 -3.58254 5
      vertex 27.2647 -3.58254 0
    endloop
  endfacet
  facet normal -0.881892 0.471452 0
    outer loop
      vertex 27.2647 -3.58254 5
      vertex 27.0148 -4.05 0
      vertex 27.0148 -4.05 5
    endloop
  endfacet
  facet normal -0.935913 0.352231 0
    outer loop
      vertex 27.4834 -3.09974 0
      vertex 27.6701 -2.60366 5
      vertex 27.6701 -2.60366 0
    endloop
  endfacet
  facet normal -0.935913 0.352231 0
    outer loop
      vertex 27.6701 -2.60366 5
      vertex 27.4834 -3.09974 0
      vertex 27.4834 -3.09974 5
    endloop
  endfacet
  facet normal -0.634425 0.772985 0
    outer loop
      vertex 25.3407 -6.0899 0
      vertex 24.931 -6.42616 5
      vertex 25.3407 -6.0899 5
    endloop
  endfacet
  facet normal -0.634425 0.772985 0
    outer loop
      vertex 24.931 -6.42616 5
      vertex 25.3407 -6.0899 0
      vertex 24.931 -6.42616 0
    endloop
  endfacet
  facet normal -0.812885 0.582424 0
    outer loop
      vertex 26.4262 -4.93097 0
      vertex 26.7349 -4.50012 5
      vertex 26.7349 -4.50012 0
    endloop
  endfacet
  facet normal -0.812885 0.582424 0
    outer loop
      vertex 26.7349 -4.50012 5
      vertex 26.4262 -4.93097 0
      vertex 26.4262 -4.93097 5
    endloop
  endfacet
  facet normal -0.0327118 0.999465 0
    outer loop
      vertex 20.5298 -8.08266 0
      vertex 20 -8.1 5
      vertex 20.5298 -8.08266 5
    endloop
  endfacet
  facet normal -0.0327118 0.999465 0
    outer loop
      vertex 20 -8.1 5
      vertex 20.5298 -8.08266 0
      vertex 20 -8.1 0
    endloop
  endfacet
  facet normal 0.935913 0.352231 0
    outer loop
      vertex 12.5166 -3.09974 5
      vertex 12.3299 -2.60366 0
      vertex 12.3299 -2.60366 5
    endloop
  endfacet
  facet normal 0.935913 0.352231 0
    outer loop
      vertex 12.3299 -2.60366 0
      vertex 12.5166 -3.09974 5
      vertex 12.5166 -3.09974 0
    endloop
  endfacet
  facet normal 0.973861 0.227146 0
    outer loop
      vertex 12.176 -2.09643 5
      vertex 12.0556 -1.58023 0
      vertex 12.0556 -1.58023 5
    endloop
  endfacet
  facet normal 0.973861 0.227146 0
    outer loop
      vertex 12.0556 -1.58023 0
      vertex 12.176 -2.09643 5
      vertex 12.176 -2.09643 0
    endloop
  endfacet
  facet normal 0.77297 0.634442 0
    outer loop
      vertex 13.9101 -5.3407 5
      vertex 13.5738 -4.93097 0
      vertex 13.5738 -4.93097 5
    endloop
  endfacet
  facet normal 0.77297 0.634442 0
    outer loop
      vertex 13.5738 -4.93097 0
      vertex 13.9101 -5.3407 5
      vertex 13.9101 -5.3407 0
    endloop
  endfacet
  facet normal -0.0980279 0.995184 0
    outer loop
      vertex 21.0573 -8.0307 0
      vertex 20.5298 -8.08266 5
      vertex 21.0573 -8.0307 5
    endloop
  endfacet
  facet normal -0.0980279 0.995184 0
    outer loop
      vertex 20.5298 -8.08266 5
      vertex 21.0573 -8.0307 0
      vertex 20.5298 -8.08266 0
    endloop
  endfacet
  facet normal -0.227075 0.973877 0
    outer loop
      vertex 22.0964 -7.824 0
      vertex 21.5802 -7.94436 5
      vertex 22.0964 -7.824 5
    endloop
  endfacet
  facet normal -0.227075 0.973877 0
    outer loop
      vertex 21.5802 -7.94436 5
      vertex 22.0964 -7.824 0
      vertex 21.5802 -7.94436 0
    endloop
  endfacet
  facet normal -0.352298 0.935888 0
    outer loop
      vertex 23.0997 -7.48342 0
      vertex 22.6037 -7.67013 5
      vertex 23.0997 -7.48342 5
    endloop
  endfacet
  facet normal -0.352298 0.935888 0
    outer loop
      vertex 22.6037 -7.67013 5
      vertex 23.0997 -7.48342 0
      vertex 22.6037 -7.67013 0
    endloop
  endfacet
  facet normal -0.290254 0.95695 0
    outer loop
      vertex 22.6037 -7.67013 0
      vertex 22.0964 -7.824 5
      vertex 22.6037 -7.67013 5
    endloop
  endfacet
  facet normal -0.290254 0.95695 0
    outer loop
      vertex 22.0964 -7.824 5
      vertex 22.6037 -7.67013 0
      vertex 22.0964 -7.824 0
    endloop
  endfacet
  facet normal -0.956923 -0.290342 0
    outer loop
      vertex 27.824 2.09643 0
      vertex 27.6701 2.60366 5
      vertex 27.6701 2.60366 0
    endloop
  endfacet
  facet normal -0.956923 -0.290342 0
    outer loop
      vertex 27.6701 2.60366 5
      vertex 27.824 2.09643 0
      vertex 27.824 2.09643 5
    endloop
  endfacet
  facet normal -0.995176 -0.0981036 0
    outer loop
      vertex 28.0827 0.529765 0
      vertex 28.0307 1.05726 5
      vertex 28.0307 1.05726 0
    endloop
  endfacet
  facet normal -0.995176 -0.0981036 0
    outer loop
      vertex 28.0307 1.05726 5
      vertex 28.0827 0.529765 0
      vertex 28.0827 0.529765 5
    endloop
  endfacet
  facet normal -0.77297 0.634442 0
    outer loop
      vertex 26.0899 -5.3407 0
      vertex 26.4262 -4.93097 5
      vertex 26.4262 -4.93097 0
    endloop
  endfacet
  facet normal -0.77297 0.634442 0
    outer loop
      vertex 26.4262 -4.93097 5
      vertex 26.0899 -5.3407 0
      vertex 26.0899 -5.3407 5
    endloop
  endfacet
  facet normal -0.849204 0.528064 0
    outer loop
      vertex 26.7349 -4.50012 0
      vertex 27.0148 -4.05 5
      vertex 27.0148 -4.05 0
    endloop
  endfacet
  facet normal -0.849204 0.528064 0
    outer loop
      vertex 27.0148 -4.05 5
      vertex 26.7349 -4.50012 0
      vertex 26.7349 -4.50012 5
    endloop
  endfacet
  facet normal 0.352298 0.935888 -0
    outer loop
      vertex 17.3963 -7.67013 0
      vertex 16.9003 -7.48342 5
      vertex 17.3963 -7.67013 5
    endloop
  endfacet
  facet normal 0.352298 0.935888 0
    outer loop
      vertex 16.9003 -7.48342 5
      vertex 17.3963 -7.67013 0
      vertex 16.9003 -7.48342 0
    endloop
  endfacet
  facet normal 0.999467 0.0326386 0
    outer loop
      vertex 11.9173 -0.529765 5
      vertex 11.9 0 0
      vertex 11.9 0 5
    endloop
  endfacet
  facet normal 0.999467 0.0326386 0
    outer loop
      vertex 11.9 0 0
      vertex 11.9173 -0.529765 5
      vertex 11.9173 -0.529765 0
    endloop
  endfacet
  facet normal 0.956923 0.290342 0
    outer loop
      vertex 12.3299 -2.60366 5
      vertex 12.176 -2.09643 0
      vertex 12.176 -2.09643 5
    endloop
  endfacet
  facet normal 0.956923 0.290342 0
    outer loop
      vertex 12.176 -2.09643 0
      vertex 12.3299 -2.60366 5
      vertex 12.3299 -2.60366 0
    endloop
  endfacet
  facet normal 0.881892 0.471452 0
    outer loop
      vertex 12.9852 -4.05 5
      vertex 12.7353 -3.58254 0
      vertex 12.7353 -3.58254 5
    endloop
  endfacet
  facet normal 0.881892 0.471452 0
    outer loop
      vertex 12.7353 -3.58254 0
      vertex 12.9852 -4.05 5
      vertex 12.9852 -4.05 0
    endloop
  endfacet
  facet normal 0.729896 0.683558 0
    outer loop
      vertex 14.2724 -5.72756 5
      vertex 13.9101 -5.3407 0
      vertex 13.9101 -5.3407 5
    endloop
  endfacet
  facet normal 0.729896 0.683558 0
    outer loop
      vertex 13.9101 -5.3407 0
      vertex 14.2724 -5.72756 5
      vertex 14.2724 -5.72756 0
    endloop
  endfacet
  facet normal -0.162912 0.986641 0
    outer loop
      vertex 21.5802 -7.94436 0
      vertex 21.0573 -8.0307 5
      vertex 21.5802 -7.94436 5
    endloop
  endfacet
  facet normal -0.162912 0.986641 0
    outer loop
      vertex 21.0573 -8.0307 5
      vertex 21.5802 -7.94436 0
      vertex 21.0573 -8.0307 0
    endloop
  endfacet
  facet normal -0.412701 0.910867 0
    outer loop
      vertex 23.5825 -7.26467 0
      vertex 23.0997 -7.48342 5
      vertex 23.5825 -7.26467 5
    endloop
  endfacet
  facet normal -0.412701 0.910867 0
    outer loop
      vertex 23.0997 -7.48342 5
      vertex 23.5825 -7.26467 0
      vertex 23.0997 -7.48342 0
    endloop
  endfacet
  facet normal -0.973861 0.227146 0
    outer loop
      vertex 27.824 -2.09643 0
      vertex 27.9444 -1.58023 5
      vertex 27.9444 -1.58023 0
    endloop
  endfacet
  facet normal -0.973861 0.227146 0
    outer loop
      vertex 27.9444 -1.58023 5
      vertex 27.824 -2.09643 0
      vertex 27.824 -2.09643 5
    endloop
  endfacet
  facet normal -0.910902 0.412623 0
    outer loop
      vertex 27.2647 -3.58254 0
      vertex 27.4834 -3.09974 5
      vertex 27.4834 -3.09974 0
    endloop
  endfacet
  facet normal -0.910902 0.412623 0
    outer loop
      vertex 27.4834 -3.09974 5
      vertex 27.2647 -3.58254 0
      vertex 27.2647 -3.58254 5
    endloop
  endfacet
  facet normal -0.58243 0.812881 0
    outer loop
      vertex 24.931 -6.42616 0
      vertex 24.5001 -6.7349 5
      vertex 24.931 -6.42616 5
    endloop
  endfacet
  facet normal -0.58243 0.812881 0
    outer loop
      vertex 24.5001 -6.7349 5
      vertex 24.931 -6.42616 0
      vertex 24.5001 -6.7349 0
    endloop
  endfacet
  facet normal -0.729896 0.683558 0
    outer loop
      vertex 25.7276 -5.72756 0
      vertex 26.0899 -5.3407 5
      vertex 26.0899 -5.3407 0
    endloop
  endfacet
  facet normal -0.729896 0.683558 0
    outer loop
      vertex 26.0899 -5.3407 5
      vertex 25.7276 -5.72756 0
      vertex 25.7276 -5.72756 5
    endloop
  endfacet
  facet normal -0.683561 0.729894 0
    outer loop
      vertex 25.7276 -5.72756 0
      vertex 25.3407 -6.0899 5
      vertex 25.7276 -5.72756 5
    endloop
  endfacet
  facet normal -0.683561 0.729894 0
    outer loop
      vertex 25.3407 -6.0899 5
      vertex 25.7276 -5.72756 0
      vertex 25.3407 -6.0899 0
    endloop
  endfacet
  facet normal 0.0327118 0.999465 -0
    outer loop
      vertex 20 -8.1 0
      vertex 19.4702 -8.08266 5
      vertex 20 -8.1 5
    endloop
  endfacet
  facet normal 0.0327118 0.999465 0
    outer loop
      vertex 19.4702 -8.08266 5
      vertex 20 -8.1 0
      vertex 19.4702 -8.08266 0
    endloop
  endfacet
  facet normal 0.58243 0.812881 -0
    outer loop
      vertex 15.4999 -6.7349 0
      vertex 15.069 -6.42616 5
      vertex 15.4999 -6.7349 5
    endloop
  endfacet
  facet normal 0.58243 0.812881 0
    outer loop
      vertex 15.069 -6.42616 5
      vertex 15.4999 -6.7349 0
      vertex 15.069 -6.42616 0
    endloop
  endfacet
  facet normal 0.528081 0.849194 -0
    outer loop
      vertex 15.95 -7.0148 0
      vertex 15.4999 -6.7349 5
      vertex 15.95 -7.0148 5
    endloop
  endfacet
  facet normal 0.528081 0.849194 0
    outer loop
      vertex 15.4999 -6.7349 5
      vertex 15.95 -7.0148 0
      vertex 15.4999 -6.7349 0
    endloop
  endfacet
  facet normal 0.412701 0.910867 -0
    outer loop
      vertex 16.9003 -7.48342 0
      vertex 16.4175 -7.26467 5
      vertex 16.9003 -7.48342 5
    endloop
  endfacet
  facet normal 0.412701 0.910867 0
    outer loop
      vertex 16.4175 -7.26467 5
      vertex 16.9003 -7.48342 0
      vertex 16.4175 -7.26467 0
    endloop
  endfacet
  facet normal 0.986656 0.162817 0
    outer loop
      vertex 12.0556 -1.58023 5
      vertex 11.9693 -1.05726 0
      vertex 11.9693 -1.05726 5
    endloop
  endfacet
  facet normal 0.986656 0.162817 0
    outer loop
      vertex 11.9693 -1.05726 0
      vertex 12.0556 -1.58023 5
      vertex 12.0556 -1.58023 0
    endloop
  endfacet
  facet normal 0.995176 0.0981036 0
    outer loop
      vertex 11.9693 -1.05726 5
      vertex 11.9173 -0.529765 0
      vertex 11.9173 -0.529765 5
    endloop
  endfacet
  facet normal 0.995176 0.0981036 0
    outer loop
      vertex 11.9173 -0.529765 0
      vertex 11.9693 -1.05726 5
      vertex 11.9693 -1.05726 0
    endloop
  endfacet
  facet normal 0.849204 0.528064 0
    outer loop
      vertex 13.2651 -4.50012 5
      vertex 12.9852 -4.05 0
      vertex 12.9852 -4.05 5
    endloop
  endfacet
  facet normal 0.849204 0.528064 0
    outer loop
      vertex 12.9852 -4.05 0
      vertex 13.2651 -4.50012 5
      vertex 13.2651 -4.50012 0
    endloop
  endfacet
  facet normal -0.528081 0.849194 0
    outer loop
      vertex 24.5001 -6.7349 0
      vertex 24.05 -7.0148 5
      vertex 24.5001 -6.7349 5
    endloop
  endfacet
  facet normal -0.528081 0.849194 0
    outer loop
      vertex 24.05 -7.0148 5
      vertex 24.5001 -6.7349 0
      vertex 24.05 -7.0148 0
    endloop
  endfacet
  facet normal 0.162912 0.986641 -0
    outer loop
      vertex 18.9427 -8.0307 0
      vertex 18.4198 -7.94436 5
      vertex 18.9427 -8.0307 5
    endloop
  endfacet
  facet normal 0.162912 0.986641 0
    outer loop
      vertex 18.4198 -7.94436 5
      vertex 18.9427 -8.0307 0
      vertex 18.4198 -7.94436 0
    endloop
  endfacet
  facet normal 0.634425 0.772985 -0
    outer loop
      vertex 15.069 -6.42616 0
      vertex 14.6593 -6.0899 5
      vertex 15.069 -6.42616 5
    endloop
  endfacet
  facet normal 0.634425 0.772985 0
    outer loop
      vertex 14.6593 -6.0899 5
      vertex 15.069 -6.42616 0
      vertex 14.6593 -6.0899 0
    endloop
  endfacet
  facet normal 0.471376 0.881932 -0
    outer loop
      vertex 16.4175 -7.26467 0
      vertex 15.95 -7.0148 5
      vertex 16.4175 -7.26467 5
    endloop
  endfacet
  facet normal 0.471376 0.881932 0
    outer loop
      vertex 15.95 -7.0148 5
      vertex 16.4175 -7.26467 0
      vertex 15.95 -7.0148 0
    endloop
  endfacet
  facet normal 0.290254 0.95695 -0
    outer loop
      vertex 17.9036 -7.824 0
      vertex 17.3963 -7.67013 5
      vertex 17.9036 -7.824 5
    endloop
  endfacet
  facet normal 0.290254 0.95695 0
    outer loop
      vertex 17.3963 -7.67013 5
      vertex 17.9036 -7.824 0
      vertex 17.3963 -7.67013 0
    endloop
  endfacet
  facet normal 0.0980279 0.995184 -0
    outer loop
      vertex 19.4702 -8.08266 0
      vertex 18.9427 -8.0307 5
      vertex 19.4702 -8.08266 5
    endloop
  endfacet
  facet normal 0.0980279 0.995184 0
    outer loop
      vertex 18.9427 -8.0307 5
      vertex 19.4702 -8.08266 0
      vertex 18.9427 -8.0307 0
    endloop
  endfacet
  facet normal 0.227075 0.973877 -0
    outer loop
      vertex 18.4198 -7.94436 0
      vertex 17.9036 -7.824 5
      vertex 18.4198 -7.94436 5
    endloop
  endfacet
  facet normal 0.227075 0.973877 0
    outer loop
      vertex 17.9036 -7.824 5
      vertex 18.4198 -7.94436 0
      vertex 17.9036 -7.824 0
    endloop
  endfacet
endsolid OpenSCAD_Model
