solid OpenSCAD_Model
  facet normal -0 0 -1
    outer loop
      vertex -2.91484 1.43744 0
      vertex -5.83327 1.16673 0
      vertex -2.81458 1.625 0
    endloop
  endfacet
  facet normal 0 0 -1
    outer loop
      vertex -5.91208 1.24053 0
      vertex -2.81458 1.625 0
      vertex -5.83327 1.16673 0
    endloop
  endfacet
  facet normal -0 0 -1
    outer loop
      vertex -2.81458 1.625 0
      vertex -5.91208 1.24053 0
      vertex -2.70228 1.8056 0
    endloop
  endfacet
  facet normal 0 0 -1
    outer loop
      vertex -5.99554 1.30903 0
      vertex -2.70228 1.8056 0
      vertex -5.91208 1.24053 0
    endloop
  endfacet
  facet normal -0 0 -1
    outer loop
      vertex -2.70228 1.8056 0
      vertex -5.99554 1.30903 0
      vertex -2.5784 1.97847 0
    endloop
  endfacet
  facet normal 0 0 -1
    outer loop
      vertex -6.08331 1.37192 0
      vertex -2.5784 1.97847 0
      vertex -5.99554 1.30903 0
    endloop
  endfacet
  facet normal 0 0 -1
    outer loop
      vertex -6.175 1.42894 0
      vertex -2.5784 1.97847 0
      vertex -6.08331 1.37192 0
    endloop
  endfacet
  facet normal -0 0 -1
    outer loop
      vertex -2.5784 1.97847 0
      vertex -6.175 1.42894 0
      vertex -2.44348 2.14287 0
    endloop
  endfacet
  facet normal 0 0 -1
    outer loop
      vertex -6.27022 1.47984 0
      vertex -2.44348 2.14287 0
      vertex -6.175 1.42894 0
    endloop
  endfacet
  facet normal 0 0 -1
    outer loop
      vertex -6.36857 1.5244 0
      vertex -2.44348 2.14287 0
      vertex -6.27022 1.47984 0
    endloop
  endfacet
  facet normal -0 0 -1
    outer loop
      vertex -2.44348 2.14287 0
      vertex -6.36857 1.5244 0
      vertex -1.56243 6.46962 0
    endloop
  endfacet
  facet normal 0 0 -1
    outer loop
      vertex -6.46962 1.56243 0
      vertex -1.56243 6.46962 0
      vertex -6.36857 1.5244 0
    endloop
  endfacet
  facet normal -0 0 -1
    outer loop
      vertex -1.56243 6.46962 0
      vertex -6.46962 1.56243 0
      vertex -1.59378 6.57295 0
    endloop
  endfacet
  facet normal 0 0 -1
    outer loop
      vertex -6.57295 1.59378 0
      vertex -1.59378 6.57295 0
      vertex -6.46962 1.56243 0
    endloop
  endfacet
  facet normal -0 0 -1
    outer loop
      vertex -1.59378 6.57295 0
      vertex -6.57295 1.59378 0
      vertex -1.6183 6.6781 0
    endloop
  endfacet
  facet normal 0 0 -1
    outer loop
      vertex -6.6781 1.6183 0
      vertex -1.6183 6.6781 0
      vertex -6.57295 1.59378 0
    endloop
  endfacet
  facet normal -0 0 -1
    outer loop
      vertex -1.6183 6.6781 0
      vertex -6.6781 1.6183 0
      vertex -1.63588 6.78463 0
    endloop
  endfacet
  facet normal 0 0 -1
    outer loop
      vertex -1.64647 7.10791 0
      vertex -6.12293 14.7821 0
      vertex -5.14303 15.1509 0
    endloop
  endfacet
  facet normal 0 0 -1
    outer loop
      vertex -6.78463 1.63588 0
      vertex -1.63588 6.78463 0
      vertex -6.6781 1.6183 0
    endloop
  endfacet
  facet normal -0 0 -1
    outer loop
      vertex -1.63588 6.78463 0
      vertex -6.78463 1.63588 0
      vertex -1.64647 6.89208 0
    endloop
  endfacet
  facet normal 0 0 -1
    outer loop
      vertex -6.89208 1.64647 0
      vertex -1.64647 6.89208 0
      vertex -6.78463 1.63588 0
    endloop
  endfacet
  facet normal -0 0 -1
    outer loop
      vertex -1.64647 6.89208 0
      vertex -6.89208 1.64647 0
      vertex -1.65 7 0
    endloop
  endfacet
  facet normal 0 0 -1
    outer loop
      vertex -7 1.65 0
      vertex -1.65 7 0
      vertex -6.89208 1.64647 0
    endloop
  endfacet
  facet normal -0 0 -1
    outer loop
      vertex -1.65 7 0
      vertex -7 1.65 0
      vertex -1.64647 7.10791 0
    endloop
  endfacet
  facet normal 0 0 -1
    outer loop
      vertex -7.10791 1.64647 0
      vertex -1.64647 7.10791 0
      vertex -7 1.65 0
    endloop
  endfacet
  facet normal 0 0 -1
    outer loop
      vertex -1.64647 7.10791 0
      vertex -7.07662 14.35 0
      vertex -6.12293 14.7821 0
    endloop
  endfacet
  facet normal -0 0 -1
    outer loop
      vertex -1.64647 7.10791 0
      vertex -7.10791 1.64647 0
      vertex -11.3137 11.3137 0
    endloop
  endfacet
  facet normal 0 0 -1
    outer loop
      vertex -12.0294 10.5495 0
      vertex -7.10791 1.64647 0
      vertex -7.21537 1.63588 0
    endloop
  endfacet
  facet normal 0 0 -1
    outer loop
      vertex -12.0294 10.5495 0
      vertex -7.21537 1.63588 0
      vertex -7.3219 1.6183 0
    endloop
  endfacet
  facet normal 0 0 -1
    outer loop
      vertex -12.6937 9.74018 0
      vertex -7.3219 1.6183 0
      vertex -7.42705 1.59378 0
    endloop
  endfacet
  facet normal 0 0 -1
    outer loop
      vertex -12.6937 9.74018 0
      vertex -7.42705 1.59378 0
      vertex -7.53037 1.56243 0
    endloop
  endfacet
  facet normal 0 0 -1
    outer loop
      vertex -13.3035 8.88912 0
      vertex -7.53037 1.56243 0
      vertex -7.63143 1.5244 0
    endloop
  endfacet
  facet normal 0 0 -1
    outer loop
      vertex -13.8564 8 0
      vertex -7.63143 1.5244 0
      vertex -7.72978 1.47984 0
    endloop
  endfacet
  facet normal 0 0 -1
    outer loop
      vertex -13.8564 8 0
      vertex -7.72978 1.47984 0
      vertex -7.825 1.42894 0
    endloop
  endfacet
  facet normal 0 0 -1
    outer loop
      vertex -14.35 7.07662 0
      vertex -7.825 1.42894 0
      vertex -7.91669 1.37192 0
    endloop
  endfacet
  facet normal 0 0 -1
    outer loop
      vertex -1.64647 7.10791 0
      vertex -8 13.8564 0
      vertex -7.07662 14.35 0
    endloop
  endfacet
  facet normal 0 0 -1
    outer loop
      vertex -14.35 7.07662 0
      vertex -7.91669 1.37192 0
      vertex -8.00446 1.30903 0
    endloop
  endfacet
  facet normal 0 0 -1
    outer loop
      vertex -14.7821 6.12293 0
      vertex -8.00446 1.30903 0
      vertex -8.08792 1.24053 0
    endloop
  endfacet
  facet normal 0 0 -1
    outer loop
      vertex -14.7821 6.12293 0
      vertex -8.08792 1.24053 0
      vertex -8.16673 1.16673 0
    endloop
  endfacet
  facet normal 0 0 -1
    outer loop
      vertex -15.1509 5.14303 0
      vertex -8.16673 1.16673 0
      vertex -8.24053 1.08792 0
    endloop
  endfacet
  facet normal 0 0 -1
    outer loop
      vertex -15.1509 5.14303 0
      vertex -8.24053 1.08792 0
      vertex -8.30903 1.00446 0
    endloop
  endfacet
  facet normal 0 0 -1
    outer loop
      vertex -15.4548 4.1411 0
      vertex -8.30903 1.00446 0
      vertex -8.37192 0.916691 0
    endloop
  endfacet
  facet normal 0 0 -1
    outer loop
      vertex -15.4548 4.1411 0
      vertex -8.37192 0.916691 0
      vertex -8.42894 0.825 0
    endloop
  endfacet
  facet normal 0 0 -1
    outer loop
      vertex -15.6926 3.12144 0
      vertex -8.42894 0.825 0
      vertex -8.47984 0.729775 0
    endloop
  endfacet
  facet normal 0 0 -1
    outer loop
      vertex -15.6926 3.12144 0
      vertex -8.47984 0.729775 0
      vertex -8.5244 0.631427 0
    endloop
  endfacet
  facet normal 0 0 -1
    outer loop
      vertex -15.8631 2.08842 0
      vertex -8.5244 0.631427 0
      vertex -8.56243 0.530375 0
    endloop
  endfacet
  facet normal 0 0 -1
    outer loop
      vertex -15.8631 2.08842 0
      vertex -8.56243 0.530375 0
      vertex -8.59378 0.427051 0
    endloop
  endfacet
  facet normal 0 0 -1
    outer loop
      vertex -15.8631 2.08842 0
      vertex -8.59378 0.427051 0
      vertex -8.6183 0.321898 0
    endloop
  endfacet
  facet normal 0 0 -1
    outer loop
      vertex -15.9657 1.04645 0
      vertex -8.6183 0.321898 0
      vertex -8.63588 0.215367 0
    endloop
  endfacet
  facet normal 0 0 -1
    outer loop
      vertex -15.9657 1.04645 0
      vertex -8.63588 0.215367 0
      vertex -8.64647 0.107915 0
    endloop
  endfacet
  facet normal 0 0 -1
    outer loop
      vertex -1.64647 7.10791 0
      vertex -8.88912 13.3035 0
      vertex -8 13.8564 0
    endloop
  endfacet
  facet normal 0 0 -1
    outer loop
      vertex -16 0 0
      vertex -8.64647 0.107915 0
      vertex -8.65 0 0
    endloop
  endfacet
  facet normal 0 0 -1
    outer loop
      vertex -15.4548 -4.1411 0
      vertex -8.30903 -1.00446 0
      vertex -15.1509 -5.14303 0
    endloop
  endfacet
  facet normal -0 0 -1
    outer loop
      vertex -8.30903 -1.00446 0
      vertex -15.4548 -4.1411 0
      vertex -8.37192 -0.916691 0
    endloop
  endfacet
  facet normal 0 0 -1
    outer loop
      vertex -1.64647 7.10791 0
      vertex -9.74018 12.6937 0
      vertex -8.88912 13.3035 0
    endloop
  endfacet
  facet normal -0 0 -1
    outer loop
      vertex -8.37192 -0.916691 0
      vertex -15.4548 -4.1411 0
      vertex -8.42894 -0.825 0
    endloop
  endfacet
  facet normal 0 0 -1
    outer loop
      vertex -1.64647 7.10791 0
      vertex -10.5495 12.0294 0
      vertex -9.74018 12.6937 0
    endloop
  endfacet
  facet normal 0 0 -1
    outer loop
      vertex -15.6926 -3.12144 0
      vertex -8.42894 -0.825 0
      vertex -15.4548 -4.1411 0
    endloop
  endfacet
  facet normal 0 0 -1
    outer loop
      vertex -1.64647 7.10791 0
      vertex -11.3137 11.3137 0
      vertex -10.5495 12.0294 0
    endloop
  endfacet
  facet normal -0 0 -1
    outer loop
      vertex -8.42894 -0.825 0
      vertex -15.6926 -3.12144 0
      vertex -8.47984 -0.729775 0
    endloop
  endfacet
  facet normal 0 0 -1
    outer loop
      vertex -7.10791 1.64647 0
      vertex -12.0294 10.5495 0
      vertex -11.3137 11.3137 0
    endloop
  endfacet
  facet normal -0 0 -1
    outer loop
      vertex -8.47984 -0.729775 0
      vertex -15.6926 -3.12144 0
      vertex -8.5244 -0.631427 0
    endloop
  endfacet
  facet normal 0 0 -1
    outer loop
      vertex -7.3219 1.6183 0
      vertex -12.6937 9.74018 0
      vertex -12.0294 10.5495 0
    endloop
  endfacet
  facet normal 0 0 -1
    outer loop
      vertex -15.8631 -2.08842 0
      vertex -8.5244 -0.631427 0
      vertex -15.6926 -3.12144 0
    endloop
  endfacet
  facet normal 0 0 -1
    outer loop
      vertex -7.53037 1.56243 0
      vertex -13.3035 8.88912 0
      vertex -12.6937 9.74018 0
    endloop
  endfacet
  facet normal -0 0 -1
    outer loop
      vertex -8.5244 -0.631427 0
      vertex -15.8631 -2.08842 0
      vertex -8.56243 -0.530375 0
    endloop
  endfacet
  facet normal 0 0 -1
    outer loop
      vertex -7.63143 1.5244 0
      vertex -13.8564 8 0
      vertex -13.3035 8.88912 0
    endloop
  endfacet
  facet normal -0 0 -1
    outer loop
      vertex -8.56243 -0.530375 0
      vertex -15.8631 -2.08842 0
      vertex -8.59378 -0.427051 0
    endloop
  endfacet
  facet normal 0 0 -1
    outer loop
      vertex -7.825 1.42894 0
      vertex -14.35 7.07662 0
      vertex -13.8564 8 0
    endloop
  endfacet
  facet normal -0 0 -1
    outer loop
      vertex -8.59378 -0.427051 0
      vertex -15.8631 -2.08842 0
      vertex -8.6183 -0.321898 0
    endloop
  endfacet
  facet normal 0 0 -1
    outer loop
      vertex -8.00446 1.30903 0
      vertex -14.7821 6.12293 0
      vertex -14.35 7.07662 0
    endloop
  endfacet
  facet normal 0 0 -1
    outer loop
      vertex -15.9657 -1.04645 0
      vertex -8.6183 -0.321898 0
      vertex -15.8631 -2.08842 0
    endloop
  endfacet
  facet normal 0 0 -1
    outer loop
      vertex -8.16673 1.16673 0
      vertex -15.1509 5.14303 0
      vertex -14.7821 6.12293 0
    endloop
  endfacet
  facet normal -0 0 -1
    outer loop
      vertex -8.6183 -0.321898 0
      vertex -15.9657 -1.04645 0
      vertex -8.63588 -0.215367 0
    endloop
  endfacet
  facet normal 0 0 -1
    outer loop
      vertex -8.30903 1.00446 0
      vertex -15.4548 4.1411 0
      vertex -15.1509 5.14303 0
    endloop
  endfacet
  facet normal -0 0 -1
    outer loop
      vertex -8.63588 -0.215367 0
      vertex -15.9657 -1.04645 0
      vertex -8.64647 -0.107915 0
    endloop
  endfacet
  facet normal 0 0 -1
    outer loop
      vertex -8.42894 0.825 0
      vertex -15.6926 3.12144 0
      vertex -15.4548 4.1411 0
    endloop
  endfacet
  facet normal 0 0 -1
    outer loop
      vertex -16 0 0
      vertex -8.64647 -0.107915 0
      vertex -15.9657 -1.04645 0
    endloop
  endfacet
  facet normal 0 0 -1
    outer loop
      vertex -8.5244 0.631427 0
      vertex -15.8631 2.08842 0
      vertex -15.6926 3.12144 0
    endloop
  endfacet
  facet normal 0 0 -1
    outer loop
      vertex -8.64647 -0.107915 0
      vertex -16 0 0
      vertex -8.65 0 0
    endloop
  endfacet
  facet normal 0 0 -1
    outer loop
      vertex -8.6183 0.321898 0
      vertex -15.9657 1.04645 0
      vertex -15.8631 2.08842 0
    endloop
  endfacet
  facet normal -0 0 -1
    outer loop
      vertex -8.64647 0.107915 0
      vertex -16 0 0
      vertex -15.9657 1.04645 0
    endloop
  endfacet
  facet normal 0 0 -1
    outer loop
      vertex 6.89208 1.64647 0
      vertex 1.64647 6.89208 0
      vertex 1.65 7 0
    endloop
  endfacet
  facet normal 0 0 -1
    outer loop
      vertex 1.97847 2.5784 0
      vertex 1.63588 6.78463 0
      vertex 1.64647 6.89208 0
    endloop
  endfacet
  facet normal 0 0 -1
    outer loop
      vertex 1.24053 5.91208 0
      vertex 1.8056 2.70228 0
      vertex 1.625 2.81458 0
    endloop
  endfacet
  facet normal 0 0 -1
    outer loop
      vertex 1.97847 2.5784 0
      vertex 1.6183 6.6781 0
      vertex 1.63588 6.78463 0
    endloop
  endfacet
  facet normal 0 0 -1
    outer loop
      vertex 1.97847 2.5784 0
      vertex 1.59378 6.57295 0
      vertex 1.6183 6.6781 0
    endloop
  endfacet
  facet normal 0 0 -1
    outer loop
      vertex 1.97847 2.5784 0
      vertex 1.56243 6.46962 0
      vertex 1.59378 6.57295 0
    endloop
  endfacet
  facet normal 0 0 -1
    outer loop
      vertex 1.97847 2.5784 0
      vertex 1.5244 6.36857 0
      vertex 1.56243 6.46962 0
    endloop
  endfacet
  facet normal 0 0 -1
    outer loop
      vertex 1.97847 2.5784 0
      vertex 1.47984 6.27022 0
      vertex 1.5244 6.36857 0
    endloop
  endfacet
  facet normal 0 0 -1
    outer loop
      vertex 1.16673 5.83327 0
      vertex 1.625 2.81458 0
      vertex 1.43744 2.91484 0
    endloop
  endfacet
  facet normal 0 0 -1
    outer loop
      vertex 1.97847 2.5784 0
      vertex 1.42894 6.175 0
      vertex 1.47984 6.27022 0
    endloop
  endfacet
  facet normal 0 0 -1
    outer loop
      vertex 1.97847 2.5784 0
      vertex 1.37192 6.08331 0
      vertex 1.42894 6.175 0
    endloop
  endfacet
  facet normal 0 0 -1
    outer loop
      vertex 1.8056 2.70228 0
      vertex 1.30903 5.99554 0
      vertex 1.37192 6.08331 0
    endloop
  endfacet
  facet normal 0 0 -1
    outer loop
      vertex 1.00446 5.69097 0
      vertex 1.43744 2.91484 0
      vertex 1.24372 3.00261 0
    endloop
  endfacet
  facet normal 0 0 -1
    outer loop
      vertex 1.8056 2.70228 0
      vertex 1.24053 5.91208 0
      vertex 1.30903 5.99554 0
    endloop
  endfacet
  facet normal 0 0 -1
    outer loop
      vertex 1.625 2.81458 0
      vertex 1.16673 5.83327 0
      vertex 1.24053 5.91208 0
    endloop
  endfacet
  facet normal 0 0 -1
    outer loop
      vertex 1.43744 2.91484 0
      vertex 1.08792 5.75946 0
      vertex 1.16673 5.83327 0
    endloop
  endfacet
  facet normal 0 0 -1
    outer loop
      vertex 0.916691 5.62807 0
      vertex 1.24372 3.00261 0
      vertex 1.04468 3.07752 0
    endloop
  endfacet
  facet normal 0 0 -1
    outer loop
      vertex 1.43744 2.91484 0
      vertex 1.00446 5.69097 0
      vertex 1.08792 5.75946 0
    endloop
  endfacet
  facet normal 0 0 -1
    outer loop
      vertex 1.24372 3.00261 0
      vertex 0.916691 5.62807 0
      vertex 1.00446 5.69097 0
    endloop
  endfacet
  facet normal 0 0 -1
    outer loop
      vertex 0.729775 5.52016 0
      vertex 1.04468 3.07752 0
      vertex 0.841162 3.13926 0
    endloop
  endfacet
  facet normal 0 0 -1
    outer loop
      vertex 1.04468 3.07752 0
      vertex 0.825 5.57106 0
      vertex 0.916691 5.62807 0
    endloop
  endfacet
  facet normal 0 0 -1
    outer loop
      vertex 1.04468 3.07752 0
      vertex 0.729775 5.52016 0
      vertex 0.825 5.57106 0
    endloop
  endfacet
  facet normal 0 0 -1
    outer loop
      vertex 0.631427 5.4756 0
      vertex 0.841162 3.13926 0
      vertex 0.634043 3.18755 0
    endloop
  endfacet
  facet normal 0 0 -1
    outer loop
      vertex 0.841162 3.13926 0
      vertex 0.631427 5.4756 0
      vertex 0.729775 5.52016 0
    endloop
  endfacet
  facet normal 0 0 -1
    outer loop
      vertex 0.634043 3.18755 0
      vertex 0.530375 5.43756 0
      vertex 0.631427 5.4756 0
    endloop
  endfacet
  facet normal 0 0 -1
    outer loop
      vertex 0.634043 3.18755 0
      vertex 0.427051 5.40622 0
      vertex 0.530375 5.43756 0
    endloop
  endfacet
  facet normal 0 0 -1
    outer loop
      vertex 0.42421 3.2222 0
      vertex 0.427051 5.40622 0
      vertex 0.634043 3.18755 0
    endloop
  endfacet
  facet normal 0 0 -1
    outer loop
      vertex 0.42421 3.2222 0
      vertex 0.321898 5.3817 0
      vertex 0.427051 5.40622 0
    endloop
  endfacet
  facet normal 0 0 -1
    outer loop
      vertex 0.42421 3.2222 0
      vertex 0.215367 5.36412 0
      vertex 0.321898 5.3817 0
    endloop
  endfacet
  facet normal 0 0 -1
    outer loop
      vertex 0.21256 3.24304 0
      vertex 0.215367 5.36412 0
      vertex 0.42421 3.2222 0
    endloop
  endfacet
  facet normal 0 0 -1
    outer loop
      vertex 0.21256 3.24304 0
      vertex 0.107915 5.35353 0
      vertex 0.215367 5.36412 0
    endloop
  endfacet
  facet normal 0 0 -1
    outer loop
      vertex 0 3.25 0
      vertex 0.107915 5.35353 0
      vertex 0.21256 3.24304 0
    endloop
  endfacet
  facet normal 0 0 -1
    outer loop
      vertex 0 3.25 0
      vertex 0 5.35 0
      vertex 0.107915 5.35353 0
    endloop
  endfacet
  facet normal 0 0 -1
    outer loop
      vertex 0 3.25 0
      vertex -0.107915 5.35353 0
      vertex 0 5.35 0
    endloop
  endfacet
  facet normal 0 0 -1
    outer loop
      vertex -0.21256 3.24304 0
      vertex -0.107915 5.35353 0
      vertex 0 3.25 0
    endloop
  endfacet
  facet normal 0 0 -1
    outer loop
      vertex -0.21256 3.24304 0
      vertex -0.215367 5.36412 0
      vertex -0.107915 5.35353 0
    endloop
  endfacet
  facet normal 0 0 -1
    outer loop
      vertex -0.42421 3.2222 0
      vertex -0.215367 5.36412 0
      vertex -0.21256 3.24304 0
    endloop
  endfacet
  facet normal -0 0 -1
    outer loop
      vertex -0.215367 5.36412 0
      vertex -0.42421 3.2222 0
      vertex -0.321898 5.3817 0
    endloop
  endfacet
  facet normal 0 0 -1
    outer loop
      vertex -0.42421 3.2222 0
      vertex -0.427051 5.40622 0
      vertex -0.321898 5.3817 0
    endloop
  endfacet
  facet normal 0 0 -1
    outer loop
      vertex -0.634043 3.18755 0
      vertex -0.427051 5.40622 0
      vertex -0.42421 3.2222 0
    endloop
  endfacet
  facet normal -0 0 -1
    outer loop
      vertex -0.427051 5.40622 0
      vertex -0.634043 3.18755 0
      vertex -0.530375 5.43756 0
    endloop
  endfacet
  facet normal -0 0 -1
    outer loop
      vertex -0.530375 5.43756 0
      vertex -0.634043 3.18755 0
      vertex -0.631427 5.4756 0
    endloop
  endfacet
  facet normal 0 0 -1
    outer loop
      vertex -0.841162 3.13926 0
      vertex -0.631427 5.4756 0
      vertex -0.634043 3.18755 0
    endloop
  endfacet
  facet normal -0 0 -1
    outer loop
      vertex -0.631427 5.4756 0
      vertex -0.841162 3.13926 0
      vertex -0.729775 5.52016 0
    endloop
  endfacet
  facet normal 0 0 -1
    outer loop
      vertex -1.04468 3.07752 0
      vertex -0.729775 5.52016 0
      vertex -0.841162 3.13926 0
    endloop
  endfacet
  facet normal -0 0 -1
    outer loop
      vertex -0.729775 5.52016 0
      vertex -1.04468 3.07752 0
      vertex -0.825 5.57106 0
    endloop
  endfacet
  facet normal -0 0 -1
    outer loop
      vertex -0.825 5.57106 0
      vertex -1.04468 3.07752 0
      vertex -0.916691 5.62807 0
    endloop
  endfacet
  facet normal 0 0 -1
    outer loop
      vertex -1.24372 3.00261 0
      vertex -0.916691 5.62807 0
      vertex -1.04468 3.07752 0
    endloop
  endfacet
  facet normal -0 0 -1
    outer loop
      vertex -0.916691 5.62807 0
      vertex -1.24372 3.00261 0
      vertex -1.00446 5.69097 0
    endloop
  endfacet
  facet normal 0 0 -1
    outer loop
      vertex -1.43744 2.91484 0
      vertex -1.00446 5.69097 0
      vertex -1.24372 3.00261 0
    endloop
  endfacet
  facet normal -0 0 -1
    outer loop
      vertex -1.00446 5.69097 0
      vertex -1.43744 2.91484 0
      vertex -1.08792 5.75946 0
    endloop
  endfacet
  facet normal -0 0 -1
    outer loop
      vertex -1.08792 5.75946 0
      vertex -1.43744 2.91484 0
      vertex -1.16673 5.83327 0
    endloop
  endfacet
  facet normal 0 0 -1
    outer loop
      vertex -1.625 2.81458 0
      vertex -1.16673 5.83327 0
      vertex -1.43744 2.91484 0
    endloop
  endfacet
  facet normal -0 0 -1
    outer loop
      vertex -1.16673 5.83327 0
      vertex -1.625 2.81458 0
      vertex -1.24053 5.91208 0
    endloop
  endfacet
  facet normal 0 0 -1
    outer loop
      vertex -1.8056 2.70228 0
      vertex -1.24053 5.91208 0
      vertex -1.625 2.81458 0
    endloop
  endfacet
  facet normal -0 0 -1
    outer loop
      vertex -1.24053 5.91208 0
      vertex -1.8056 2.70228 0
      vertex -1.30903 5.99554 0
    endloop
  endfacet
  facet normal -0 0 -1
    outer loop
      vertex -1.30903 5.99554 0
      vertex -1.8056 2.70228 0
      vertex -1.37192 6.08331 0
    endloop
  endfacet
  facet normal 0 0 -1
    outer loop
      vertex -1.97847 2.5784 0
      vertex -1.37192 6.08331 0
      vertex -1.8056 2.70228 0
    endloop
  endfacet
  facet normal -0 0 -1
    outer loop
      vertex -1.37192 6.08331 0
      vertex -1.97847 2.5784 0
      vertex -1.42894 6.175 0
    endloop
  endfacet
  facet normal 0 0 -1
    outer loop
      vertex -2.14287 2.44348 0
      vertex -1.42894 6.175 0
      vertex -1.97847 2.5784 0
    endloop
  endfacet
  facet normal -0 0 -1
    outer loop
      vertex -1.42894 6.175 0
      vertex -2.14287 2.44348 0
      vertex -1.47984 6.27022 0
    endloop
  endfacet
  facet normal 0 0 -1
    outer loop
      vertex -2.2981 2.2981 0
      vertex -1.47984 6.27022 0
      vertex -2.14287 2.44348 0
    endloop
  endfacet
  facet normal -0 0 -1
    outer loop
      vertex -1.47984 6.27022 0
      vertex -2.2981 2.2981 0
      vertex -1.5244 6.36857 0
    endloop
  endfacet
  facet normal -0 0 -1
    outer loop
      vertex -1.5244 6.36857 0
      vertex -2.2981 2.2981 0
      vertex -1.56243 6.46962 0
    endloop
  endfacet
  facet normal 0 0 -1
    outer loop
      vertex -2.44348 2.14287 0
      vertex -1.56243 6.46962 0
      vertex -2.2981 2.2981 0
    endloop
  endfacet
  facet normal -0 0 -1
    outer loop
      vertex -3.00261 1.24372 0
      vertex -5.69097 1.00446 0
      vertex -2.91484 1.43744 0
    endloop
  endfacet
  facet normal 0 0 -1
    outer loop
      vertex 36.6964 0.111185 0
      vertex 82 23 0
      vertex 36.7 0 0
    endloop
  endfacet
  facet normal 0 0 -1
    outer loop
      vertex 36.6855 0.221894 0
      vertex 82 23 0
      vertex 36.6964 0.111185 0
    endloop
  endfacet
  facet normal 0 0 -1
    outer loop
      vertex 36.6673 0.331653 0
      vertex 82 23 0
      vertex 36.6855 0.221894 0
    endloop
  endfacet
  facet normal 0 0 -1
    outer loop
      vertex 36.6421 0.439992 0
      vertex 82 23 0
      vertex 36.6673 0.331653 0
    endloop
  endfacet
  facet normal 0 0 -1
    outer loop
      vertex 36.6098 0.546447 0
      vertex 82 23 0
      vertex 36.6421 0.439992 0
    endloop
  endfacet
  facet normal 0 0 -1
    outer loop
      vertex 36.5706 0.650561 0
      vertex 82 23 0
      vertex 36.6098 0.546447 0
    endloop
  endfacet
  facet normal 0 0 -1
    outer loop
      vertex 36.5247 0.75189 0
      vertex 82 23 0
      vertex 36.5706 0.650561 0
    endloop
  endfacet
  facet normal 0 0 -1
    outer loop
      vertex 36.4722 0.849999 0
      vertex 82 23 0
      vertex 36.5247 0.75189 0
    endloop
  endfacet
  facet normal 0 0 -1
    outer loop
      vertex 36.4135 0.944468 0
      vertex 82 23 0
      vertex 36.4722 0.849999 0
    endloop
  endfacet
  facet normal 0 0 -1
    outer loop
      vertex 36.3487 1.03489 0
      vertex 82 23 0
      vertex 36.4135 0.944468 0
    endloop
  endfacet
  facet normal 0 0 -1
    outer loop
      vertex 36.2781 1.12089 0
      vertex 82 23 0
      vertex 36.3487 1.03489 0
    endloop
  endfacet
  facet normal 0 0 -1
    outer loop
      vertex 36.2021 1.20208 0
      vertex 82 23 0
      vertex 36.2781 1.12089 0
    endloop
  endfacet
  facet normal 0 0 -1
    outer loop
      vertex 36.1209 1.27813 0
      vertex 82 23 0
      vertex 36.2021 1.20208 0
    endloop
  endfacet
  facet normal 0 0 -1
    outer loop
      vertex 36.0349 1.3487 0
      vertex 82 23 0
      vertex 36.1209 1.27813 0
    endloop
  endfacet
  facet normal 0 0 -1
    outer loop
      vertex 35.9445 1.4135 0
      vertex 82 23 0
      vertex 36.0349 1.3487 0
    endloop
  endfacet
  facet normal 0 0 -1
    outer loop
      vertex 35.85 1.47224 0
      vertex 82 23 0
      vertex 35.9445 1.4135 0
    endloop
  endfacet
  facet normal 0 0 -1
    outer loop
      vertex 35.7519 1.52468 0
      vertex 82 23 0
      vertex 35.85 1.47224 0
    endloop
  endfacet
  facet normal 0 0 -1
    outer loop
      vertex 35.6506 1.57059 0
      vertex 82 23 0
      vertex 35.7519 1.52468 0
    endloop
  endfacet
  facet normal 0 0 -1
    outer loop
      vertex 35.5464 1.60978 0
      vertex 82 23 0
      vertex 35.6506 1.57059 0
    endloop
  endfacet
  facet normal 0 0 -1
    outer loop
      vertex 35.44 1.64207 0
      vertex 82 23 0
      vertex 35.5464 1.60978 0
    endloop
  endfacet
  facet normal 0 0 -1
    outer loop
      vertex 35.3317 1.66733 0
      vertex 82 23 0
      vertex 35.44 1.64207 0
    endloop
  endfacet
  facet normal 0 0 -1
    outer loop
      vertex 35.2219 1.68546 0
      vertex 82 23 0
      vertex 35.3317 1.66733 0
    endloop
  endfacet
  facet normal 0 0 -1
    outer loop
      vertex 35.1112 1.69636 0
      vertex 82 23 0
      vertex 35.2219 1.68546 0
    endloop
  endfacet
  facet normal 0 0 -1
    outer loop
      vertex 35 1.7 0
      vertex 82 23 0
      vertex 35.1112 1.69636 0
    endloop
  endfacet
  facet normal 0 0 -1
    outer loop
      vertex -1.04645 15.9657 0
      vertex 35 1.7 0
      vertex 34.8888 1.69636 0
    endloop
  endfacet
  facet normal 0 0 -1
    outer loop
      vertex -1.04645 15.9657 0
      vertex 34.8888 1.69636 0
      vertex 34.7781 1.68546 0
    endloop
  endfacet
  facet normal 0 0 -1
    outer loop
      vertex -1.04645 15.9657 0
      vertex 34.7781 1.68546 0
      vertex 34.6683 1.66733 0
    endloop
  endfacet
  facet normal 0 0 -1
    outer loop
      vertex -1.04645 15.9657 0
      vertex 34.6683 1.66733 0
      vertex 34.56 1.64207 0
    endloop
  endfacet
  facet normal 0 0 -1
    outer loop
      vertex -1.04645 15.9657 0
      vertex 34.56 1.64207 0
      vertex 34.4536 1.60978 0
    endloop
  endfacet
  facet normal 0 0 -1
    outer loop
      vertex -1.04645 15.9657 0
      vertex 34.4536 1.60978 0
      vertex 34.3494 1.57059 0
    endloop
  endfacet
  facet normal 0 0 -1
    outer loop
      vertex 8.65 0 0
      vertex 33.3036 0.111185 0
      vertex 33.3 0 0
    endloop
  endfacet
  facet normal 0 0 -1
    outer loop
      vertex 8.64647 0.107915 0
      vertex 33.3036 0.111185 0
      vertex 8.65 0 0
    endloop
  endfacet
  facet normal -0 0 -1
    outer loop
      vertex 33.3036 0.111185 0
      vertex 8.64647 0.107915 0
      vertex 33.3145 0.221894 0
    endloop
  endfacet
  facet normal 0 0 -1
    outer loop
      vertex 8.63588 0.215367 0
      vertex 33.3145 0.221894 0
      vertex 8.64647 0.107915 0
    endloop
  endfacet
  facet normal -0 0 -1
    outer loop
      vertex 33.3145 0.221894 0
      vertex 8.63588 0.215367 0
      vertex 33.3327 0.331653 0
    endloop
  endfacet
  facet normal 0 0 -1
    outer loop
      vertex 8.6183 0.321898 0
      vertex 33.3327 0.331653 0
      vertex 8.63588 0.215367 0
    endloop
  endfacet
  facet normal -0 0 -1
    outer loop
      vertex 33.3327 0.331653 0
      vertex 8.6183 0.321898 0
      vertex 33.3579 0.439992 0
    endloop
  endfacet
  facet normal 0 0 -1
    outer loop
      vertex 8.59378 0.427051 0
      vertex 33.3579 0.439992 0
      vertex 8.6183 0.321898 0
    endloop
  endfacet
  facet normal -0 0 -1
    outer loop
      vertex 33.3579 0.439992 0
      vertex 8.59378 0.427051 0
      vertex 33.3902 0.546447 0
    endloop
  endfacet
  facet normal 0 0 -1
    outer loop
      vertex 8.56243 0.530375 0
      vertex 33.3902 0.546447 0
      vertex 8.59378 0.427051 0
    endloop
  endfacet
  facet normal -0 0 -1
    outer loop
      vertex 33.3902 0.546447 0
      vertex 8.56243 0.530375 0
      vertex 33.4294 0.650561 0
    endloop
  endfacet
  facet normal 0 0 -1
    outer loop
      vertex 8.5244 0.631427 0
      vertex 33.4294 0.650561 0
      vertex 8.56243 0.530375 0
    endloop
  endfacet
  facet normal -0 0 -1
    outer loop
      vertex 33.4294 0.650561 0
      vertex 8.5244 0.631427 0
      vertex 33.4753 0.75189 0
    endloop
  endfacet
  facet normal 0 0 -1
    outer loop
      vertex 8.47984 0.729775 0
      vertex 33.4753 0.75189 0
      vertex 8.5244 0.631427 0
    endloop
  endfacet
  facet normal -0 0 -1
    outer loop
      vertex 33.4753 0.75189 0
      vertex 8.47984 0.729775 0
      vertex 33.5278 0.849999 0
    endloop
  endfacet
  facet normal 0 0 -1
    outer loop
      vertex 8.42894 0.825 0
      vertex 33.5278 0.849999 0
      vertex 8.47984 0.729775 0
    endloop
  endfacet
  facet normal -0 0 -1
    outer loop
      vertex 33.5278 0.849999 0
      vertex 8.42894 0.825 0
      vertex 33.5865 0.944468 0
    endloop
  endfacet
  facet normal 0 0 -1
    outer loop
      vertex 8.37192 0.916691 0
      vertex 33.5865 0.944468 0
      vertex 8.42894 0.825 0
    endloop
  endfacet
  facet normal -0 0 -1
    outer loop
      vertex 33.5865 0.944468 0
      vertex 8.37192 0.916691 0
      vertex 33.6513 1.03489 0
    endloop
  endfacet
  facet normal 0 0 -1
    outer loop
      vertex 8.30903 1.00446 0
      vertex 33.6513 1.03489 0
      vertex 8.37192 0.916691 0
    endloop
  endfacet
  facet normal -0 0 -1
    outer loop
      vertex 33.6513 1.03489 0
      vertex 8.30903 1.00446 0
      vertex 33.7219 1.12089 0
    endloop
  endfacet
  facet normal 0 0 -1
    outer loop
      vertex 8.24053 1.08792 0
      vertex 33.7219 1.12089 0
      vertex 8.30903 1.00446 0
    endloop
  endfacet
  facet normal -0 0 -1
    outer loop
      vertex 33.7219 1.12089 0
      vertex 8.24053 1.08792 0
      vertex 33.7979 1.20208 0
    endloop
  endfacet
  facet normal 0 0 -1
    outer loop
      vertex 8.16673 1.16673 0
      vertex 33.7979 1.20208 0
      vertex 8.24053 1.08792 0
    endloop
  endfacet
  facet normal -0 0 -1
    outer loop
      vertex 33.7979 1.20208 0
      vertex 8.16673 1.16673 0
      vertex 33.8791 1.27813 0
    endloop
  endfacet
  facet normal 0 0 -1
    outer loop
      vertex 8.08792 1.24053 0
      vertex 33.8791 1.27813 0
      vertex 8.16673 1.16673 0
    endloop
  endfacet
  facet normal -0 0 -1
    outer loop
      vertex 33.8791 1.27813 0
      vertex 8.08792 1.24053 0
      vertex 33.9651 1.3487 0
    endloop
  endfacet
  facet normal 0 0 -1
    outer loop
      vertex 8.00446 1.30903 0
      vertex 33.9651 1.3487 0
      vertex 8.08792 1.24053 0
    endloop
  endfacet
  facet normal -0 0 -1
    outer loop
      vertex 33.9651 1.3487 0
      vertex 8.00446 1.30903 0
      vertex 34.0555 1.4135 0
    endloop
  endfacet
  facet normal 0 0 -1
    outer loop
      vertex -1.04645 15.9657 0
      vertex 34.0555 1.4135 0
      vertex 8.00446 1.30903 0
    endloop
  endfacet
  facet normal 0 0 -1
    outer loop
      vertex 34.0555 1.4135 0
      vertex -1.04645 15.9657 0
      vertex 34.15 1.47224 0
    endloop
  endfacet
  facet normal 0 0 -1
    outer loop
      vertex 34.15 1.47224 0
      vertex -1.04645 15.9657 0
      vertex 34.2481 1.52468 0
    endloop
  endfacet
  facet normal 0 0 -1
    outer loop
      vertex 34.2481 1.52468 0
      vertex -1.04645 15.9657 0
      vertex 34.3494 1.57059 0
    endloop
  endfacet
  facet normal 0 0 -1
    outer loop
      vertex -1.04645 15.9657 0
      vertex 8.00446 1.30903 0
      vertex 7.91669 1.37192 0
    endloop
  endfacet
  facet normal 0 0 -1
    outer loop
      vertex -1.04645 15.9657 0
      vertex 7.91669 1.37192 0
      vertex 7.825 1.42894 0
    endloop
  endfacet
  facet normal 0 0 -1
    outer loop
      vertex 1.42894 7.825 0
      vertex 7.825 1.42894 0
      vertex 7.72978 1.47984 0
    endloop
  endfacet
  facet normal 0 0 -1
    outer loop
      vertex 1.47984 7.72978 0
      vertex 7.72978 1.47984 0
      vertex 7.63143 1.5244 0
    endloop
  endfacet
  facet normal 0 0 -1
    outer loop
      vertex 1.5244 7.63143 0
      vertex 7.63143 1.5244 0
      vertex 7.53037 1.56243 0
    endloop
  endfacet
  facet normal 0 0 -1
    outer loop
      vertex 1.56243 7.53037 0
      vertex 7.53037 1.56243 0
      vertex 7.42705 1.59378 0
    endloop
  endfacet
  facet normal 0 0 -1
    outer loop
      vertex 1.59378 7.42705 0
      vertex 7.42705 1.59378 0
      vertex 7.3219 1.6183 0
    endloop
  endfacet
  facet normal 0 0 -1
    outer loop
      vertex 1.6183 7.3219 0
      vertex 7.3219 1.6183 0
      vertex 7.21537 1.63588 0
    endloop
  endfacet
  facet normal 0 0 -1
    outer loop
      vertex 1.63588 7.21537 0
      vertex 7.21537 1.63588 0
      vertex 7.10791 1.64647 0
    endloop
  endfacet
  facet normal 0 0 -1
    outer loop
      vertex 1.64647 7.10791 0
      vertex 7.10791 1.64647 0
      vertex 7 1.65 0
    endloop
  endfacet
  facet normal 0 0 -1
    outer loop
      vertex 1.65 7 0
      vertex 7 1.65 0
      vertex 6.89208 1.64647 0
    endloop
  endfacet
  facet normal 0 0 -1
    outer loop
      vertex 1.64647 6.89208 0
      vertex 6.89208 1.64647 0
      vertex 6.78463 1.63588 0
    endloop
  endfacet
  facet normal 0 0 -1
    outer loop
      vertex 1.64647 6.89208 0
      vertex 6.78463 1.63588 0
      vertex 6.6781 1.6183 0
    endloop
  endfacet
  facet normal 0 0 -1
    outer loop
      vertex 1.64647 6.89208 0
      vertex 6.6781 1.6183 0
      vertex 6.57295 1.59378 0
    endloop
  endfacet
  facet normal 0 0 -1
    outer loop
      vertex 3.25 0 0
      vertex 5.35353 0.107915 0
      vertex 5.35 0 0
    endloop
  endfacet
  facet normal 0 0 -1
    outer loop
      vertex 3.24304 0.21256 0
      vertex 5.35353 0.107915 0
      vertex 3.25 0 0
    endloop
  endfacet
  facet normal 0 0 -1
    outer loop
      vertex 5.35353 0.107915 0
      vertex 3.24304 0.21256 0
      vertex 5.36412 0.215367 0
    endloop
  endfacet
  facet normal 0 0 -1
    outer loop
      vertex 3.2222 0.42421 0
      vertex 5.36412 0.215367 0
      vertex 3.24304 0.21256 0
    endloop
  endfacet
  facet normal 0 0 -1
    outer loop
      vertex 5.36412 0.215367 0
      vertex 3.2222 0.42421 0
      vertex 5.3817 0.321898 0
    endloop
  endfacet
  facet normal 0 0 -1
    outer loop
      vertex 5.3817 0.321898 0
      vertex 3.2222 0.42421 0
      vertex 5.40622 0.427051 0
    endloop
  endfacet
  facet normal 0 0 -1
    outer loop
      vertex 3.18755 0.634043 0
      vertex 5.40622 0.427051 0
      vertex 3.2222 0.42421 0
    endloop
  endfacet
  facet normal 0 0 -1
    outer loop
      vertex 5.40622 0.427051 0
      vertex 3.18755 0.634043 0
      vertex 5.43756 0.530375 0
    endloop
  endfacet
  facet normal 0 0 -1
    outer loop
      vertex 5.43756 0.530375 0
      vertex 3.18755 0.634043 0
      vertex 5.4756 0.631427 0
    endloop
  endfacet
  facet normal 0 0 -1
    outer loop
      vertex 3.13926 0.841162 0
      vertex 5.4756 0.631427 0
      vertex 3.18755 0.634043 0
    endloop
  endfacet
  facet normal 0 0 -1
    outer loop
      vertex 5.4756 0.631427 0
      vertex 3.13926 0.841162 0
      vertex 5.52016 0.729775 0
    endloop
  endfacet
  facet normal 0 0 -1
    outer loop
      vertex 3.07752 1.04468 0
      vertex 5.52016 0.729775 0
      vertex 3.13926 0.841162 0
    endloop
  endfacet
  facet normal 0 0 -1
    outer loop
      vertex 5.52016 0.729775 0
      vertex 3.07752 1.04468 0
      vertex 5.57106 0.825 0
    endloop
  endfacet
  facet normal 0 0 -1
    outer loop
      vertex 5.57106 0.825 0
      vertex 3.07752 1.04468 0
      vertex 5.62807 0.916691 0
    endloop
  endfacet
  facet normal 0 0 -1
    outer loop
      vertex 3.00261 1.24372 0
      vertex 5.62807 0.916691 0
      vertex 3.07752 1.04468 0
    endloop
  endfacet
  facet normal 0 0 -1
    outer loop
      vertex 5.62807 0.916691 0
      vertex 3.00261 1.24372 0
      vertex 5.69097 1.00446 0
    endloop
  endfacet
  facet normal 0 0 -1
    outer loop
      vertex 2.91484 1.43744 0
      vertex 5.69097 1.00446 0
      vertex 3.00261 1.24372 0
    endloop
  endfacet
  facet normal 0 0 -1
    outer loop
      vertex 5.69097 1.00446 0
      vertex 2.91484 1.43744 0
      vertex 5.75946 1.08792 0
    endloop
  endfacet
  facet normal 0 0 -1
    outer loop
      vertex 5.75946 1.08792 0
      vertex 2.91484 1.43744 0
      vertex 5.83327 1.16673 0
    endloop
  endfacet
  facet normal 0 0 -1
    outer loop
      vertex 2.81458 1.625 0
      vertex 5.83327 1.16673 0
      vertex 2.91484 1.43744 0
    endloop
  endfacet
  facet normal 0 0 -1
    outer loop
      vertex 5.83327 1.16673 0
      vertex 2.81458 1.625 0
      vertex 5.91208 1.24053 0
    endloop
  endfacet
  facet normal 0 0 -1
    outer loop
      vertex 2.70228 1.8056 0
      vertex 5.91208 1.24053 0
      vertex 2.81458 1.625 0
    endloop
  endfacet
  facet normal 0 0 -1
    outer loop
      vertex 5.91208 1.24053 0
      vertex 2.70228 1.8056 0
      vertex 5.99554 1.30903 0
    endloop
  endfacet
  facet normal 0 0 -1
    outer loop
      vertex 5.99554 1.30903 0
      vertex 2.70228 1.8056 0
      vertex 6.08331 1.37192 0
    endloop
  endfacet
  facet normal 0 0 -1
    outer loop
      vertex 2.5784 1.97847 0
      vertex 6.08331 1.37192 0
      vertex 2.70228 1.8056 0
    endloop
  endfacet
  facet normal 0 0 -1
    outer loop
      vertex 6.08331 1.37192 0
      vertex 2.5784 1.97847 0
      vertex 6.175 1.42894 0
    endloop
  endfacet
  facet normal 0 0 -1
    outer loop
      vertex 2.44348 2.14287 0
      vertex 6.175 1.42894 0
      vertex 2.5784 1.97847 0
    endloop
  endfacet
  facet normal 0 0 -1
    outer loop
      vertex 6.175 1.42894 0
      vertex 2.44348 2.14287 0
      vertex 6.27022 1.47984 0
    endloop
  endfacet
  facet normal 0 0 -1
    outer loop
      vertex 2.2981 2.2981 0
      vertex 6.27022 1.47984 0
      vertex 2.44348 2.14287 0
    endloop
  endfacet
  facet normal 0 0 -1
    outer loop
      vertex 6.27022 1.47984 0
      vertex 2.2981 2.2981 0
      vertex 6.36857 1.5244 0
    endloop
  endfacet
  facet normal 0 0 -1
    outer loop
      vertex 1.64647 6.89208 0
      vertex 6.36857 1.5244 0
      vertex 2.2981 2.2981 0
    endloop
  endfacet
  facet normal 0 0 -1
    outer loop
      vertex 1.64647 6.89208 0
      vertex 6.46962 1.56243 0
      vertex 6.36857 1.5244 0
    endloop
  endfacet
  facet normal 0 0 -1
    outer loop
      vertex 1.64647 6.89208 0
      vertex 6.57295 1.59378 0
      vertex 6.46962 1.56243 0
    endloop
  endfacet
  facet normal 0 0 -1
    outer loop
      vertex 1.64647 6.89208 0
      vertex 2.2981 2.2981 0
      vertex 2.14287 2.44348 0
    endloop
  endfacet
  facet normal 0 0 -1
    outer loop
      vertex 1.64647 6.89208 0
      vertex 2.14287 2.44348 0
      vertex 1.97847 2.5784 0
    endloop
  endfacet
  facet normal 0 0 -1
    outer loop
      vertex 1.37192 6.08331 0
      vertex 1.97847 2.5784 0
      vertex 1.8056 2.70228 0
    endloop
  endfacet
  facet normal 0 0 -1
    outer loop
      vertex 7 1.65 0
      vertex 1.65 7 0
      vertex 1.64647 7.10791 0
    endloop
  endfacet
  facet normal 0 0 -1
    outer loop
      vertex 7.10791 1.64647 0
      vertex 1.64647 7.10791 0
      vertex 1.63588 7.21537 0
    endloop
  endfacet
  facet normal 0 0 -1
    outer loop
      vertex 7.21537 1.63588 0
      vertex 1.63588 7.21537 0
      vertex 1.6183 7.3219 0
    endloop
  endfacet
  facet normal 0 0 -1
    outer loop
      vertex 7.3219 1.6183 0
      vertex 1.6183 7.3219 0
      vertex 1.59378 7.42705 0
    endloop
  endfacet
  facet normal 0 0 -1
    outer loop
      vertex 7.42705 1.59378 0
      vertex 1.59378 7.42705 0
      vertex 1.56243 7.53037 0
    endloop
  endfacet
  facet normal 0 0 -1
    outer loop
      vertex 7.53037 1.56243 0
      vertex 1.56243 7.53037 0
      vertex 1.5244 7.63143 0
    endloop
  endfacet
  facet normal 0 0 -1
    outer loop
      vertex 7.63143 1.5244 0
      vertex 1.5244 7.63143 0
      vertex 1.47984 7.72978 0
    endloop
  endfacet
  facet normal 0 0 -1
    outer loop
      vertex 7.72978 1.47984 0
      vertex 1.47984 7.72978 0
      vertex 1.42894 7.825 0
    endloop
  endfacet
  facet normal 0 0 -1
    outer loop
      vertex 7.825 1.42894 0
      vertex 1.42894 7.825 0
      vertex -1.04645 15.9657 0
    endloop
  endfacet
  facet normal 0 0 -1
    outer loop
      vertex -1.04645 15.9657 0
      vertex 1.42894 7.825 0
      vertex 1.37192 7.91669 0
    endloop
  endfacet
  facet normal 0 0 -1
    outer loop
      vertex -1.04645 15.9657 0
      vertex 1.37192 7.91669 0
      vertex 1.30903 8.00446 0
    endloop
  endfacet
  facet normal 0 0 -1
    outer loop
      vertex -1.04645 15.9657 0
      vertex 1.30903 8.00446 0
      vertex 1.24053 8.08792 0
    endloop
  endfacet
  facet normal 0 0 -1
    outer loop
      vertex -1.04645 15.9657 0
      vertex 1.24053 8.08792 0
      vertex 1.16673 8.16673 0
    endloop
  endfacet
  facet normal 0 0 -1
    outer loop
      vertex -1.04645 15.9657 0
      vertex 1.16673 8.16673 0
      vertex 1.08792 8.24053 0
    endloop
  endfacet
  facet normal 0 0 -1
    outer loop
      vertex -1.04645 15.9657 0
      vertex 1.08792 8.24053 0
      vertex 1.00446 8.30903 0
    endloop
  endfacet
  facet normal 0 0 -1
    outer loop
      vertex -1.04645 15.9657 0
      vertex 1.00446 8.30903 0
      vertex 0.916691 8.37192 0
    endloop
  endfacet
  facet normal 0 0 -1
    outer loop
      vertex -1.04645 15.9657 0
      vertex 0.916691 8.37192 0
      vertex 0.825 8.42894 0
    endloop
  endfacet
  facet normal 0 0 -1
    outer loop
      vertex -1.04645 15.9657 0
      vertex 0.825 8.42894 0
      vertex 0.729775 8.47984 0
    endloop
  endfacet
  facet normal 0 0 -1
    outer loop
      vertex -1.04645 15.9657 0
      vertex 0.729775 8.47984 0
      vertex 0.631427 8.5244 0
    endloop
  endfacet
  facet normal 0 0 -1
    outer loop
      vertex -1.04645 15.9657 0
      vertex 0.631427 8.5244 0
      vertex 0.530375 8.56243 0
    endloop
  endfacet
  facet normal 0 0 -1
    outer loop
      vertex -1.04645 15.9657 0
      vertex 0.530375 8.56243 0
      vertex 0.427051 8.59378 0
    endloop
  endfacet
  facet normal 0 0 -1
    outer loop
      vertex -1.04645 15.9657 0
      vertex 0.427051 8.59378 0
      vertex 0.321898 8.6183 0
    endloop
  endfacet
  facet normal 0 0 -1
    outer loop
      vertex -1.04645 15.9657 0
      vertex 0.321898 8.6183 0
      vertex 0.215367 8.63588 0
    endloop
  endfacet
  facet normal 0 0 -1
    outer loop
      vertex -1.04645 15.9657 0
      vertex 0.215367 8.63588 0
      vertex 0.107915 8.64647 0
    endloop
  endfacet
  facet normal 0 0 -1
    outer loop
      vertex -1.04645 15.9657 0
      vertex 0.107915 8.64647 0
      vertex 0 8.65 0
    endloop
  endfacet
  facet normal 0 0 -1
    outer loop
      vertex -1.04645 15.9657 0
      vertex 0 8.65 0
      vertex -0.107915 8.64647 0
    endloop
  endfacet
  facet normal 0 0 -1
    outer loop
      vertex -1.04645 15.9657 0
      vertex -0.107915 8.64647 0
      vertex -0.215367 8.63588 0
    endloop
  endfacet
  facet normal 0 0 -1
    outer loop
      vertex -1.04645 15.9657 0
      vertex -0.215367 8.63588 0
      vertex -0.321898 8.6183 0
    endloop
  endfacet
  facet normal 0 0 -1
    outer loop
      vertex 35 1.7 0
      vertex -1.04645 15.9657 0
      vertex 82 23 0
    endloop
  endfacet
  facet normal 0 0 -1
    outer loop
      vertex -0.427051 8.59378 0
      vertex -1.04645 15.9657 0
      vertex -0.321898 8.6183 0
    endloop
  endfacet
  facet normal 0 0 -1
    outer loop
      vertex -2.08842 15.8631 0
      vertex -0.427051 8.59378 0
      vertex -0.530375 8.56243 0
    endloop
  endfacet
  facet normal 0 0 -1
    outer loop
      vertex -2.08842 15.8631 0
      vertex -0.530375 8.56243 0
      vertex -0.631427 8.5244 0
    endloop
  endfacet
  facet normal 0 0 -1
    outer loop
      vertex -3.12144 15.6926 0
      vertex -0.631427 8.5244 0
      vertex -0.729775 8.47984 0
    endloop
  endfacet
  facet normal 0 0 -1
    outer loop
      vertex -3.12144 15.6926 0
      vertex -0.729775 8.47984 0
      vertex -0.825 8.42894 0
    endloop
  endfacet
  facet normal 0 0 -1
    outer loop
      vertex -4.1411 15.4548 0
      vertex -0.825 8.42894 0
      vertex -0.916691 8.37192 0
    endloop
  endfacet
  facet normal 0 0 -1
    outer loop
      vertex -4.1411 15.4548 0
      vertex -0.916691 8.37192 0
      vertex -1.00446 8.30903 0
    endloop
  endfacet
  facet normal 0 0 -1
    outer loop
      vertex -5.14303 15.1509 0
      vertex -1.00446 8.30903 0
      vertex -1.08792 8.24053 0
    endloop
  endfacet
  facet normal 0 0 -1
    outer loop
      vertex -5.14303 15.1509 0
      vertex -1.08792 8.24053 0
      vertex -1.16673 8.16673 0
    endloop
  endfacet
  facet normal 0 0 -1
    outer loop
      vertex -5.14303 15.1509 0
      vertex -1.16673 8.16673 0
      vertex -1.24053 8.08792 0
    endloop
  endfacet
  facet normal 0 0 -1
    outer loop
      vertex -5.14303 15.1509 0
      vertex -1.24053 8.08792 0
      vertex -1.30903 8.00446 0
    endloop
  endfacet
  facet normal 0 0 -1
    outer loop
      vertex -5.14303 15.1509 0
      vertex -1.30903 8.00446 0
      vertex -1.37192 7.91669 0
    endloop
  endfacet
  facet normal 0 0 -1
    outer loop
      vertex -5.14303 15.1509 0
      vertex -1.37192 7.91669 0
      vertex -1.42894 7.825 0
    endloop
  endfacet
  facet normal 0 0 -1
    outer loop
      vertex -5.14303 15.1509 0
      vertex -1.42894 7.825 0
      vertex -1.47984 7.72978 0
    endloop
  endfacet
  facet normal 0 0 -1
    outer loop
      vertex -5.14303 15.1509 0
      vertex -1.47984 7.72978 0
      vertex -1.5244 7.63143 0
    endloop
  endfacet
  facet normal 0 0 -1
    outer loop
      vertex -5.14303 15.1509 0
      vertex -1.5244 7.63143 0
      vertex -1.56243 7.53037 0
    endloop
  endfacet
  facet normal 0 0 -1
    outer loop
      vertex -5.14303 15.1509 0
      vertex -1.56243 7.53037 0
      vertex -1.59378 7.42705 0
    endloop
  endfacet
  facet normal 0 0 -1
    outer loop
      vertex -5.14303 15.1509 0
      vertex -1.59378 7.42705 0
      vertex -1.6183 7.3219 0
    endloop
  endfacet
  facet normal 0 0 -1
    outer loop
      vertex -5.14303 15.1509 0
      vertex -1.6183 7.3219 0
      vertex -1.63588 7.21537 0
    endloop
  endfacet
  facet normal 0 0 -1
    outer loop
      vertex -5.14303 15.1509 0
      vertex -1.63588 7.21537 0
      vertex -1.64647 7.10791 0
    endloop
  endfacet
  facet normal -0 0 -1
    outer loop
      vertex -3.07752 1.04468 0
      vertex -5.62807 0.916691 0
      vertex -3.00261 1.24372 0
    endloop
  endfacet
  facet normal -0 0 -1
    outer loop
      vertex -3.13926 0.841162 0
      vertex -5.52016 0.729775 0
      vertex -3.07752 1.04468 0
    endloop
  endfacet
  facet normal 0 0 -1
    outer loop
      vertex -5.52016 0.729775 0
      vertex -3.13926 0.841162 0
      vertex -5.4756 0.631427 0
    endloop
  endfacet
  facet normal 0 0 -1
    outer loop
      vertex -0.427051 8.59378 0
      vertex -2.08842 15.8631 0
      vertex -1.04645 15.9657 0
    endloop
  endfacet
  facet normal 0 0 -1
    outer loop
      vertex -5.57106 0.825 0
      vertex -3.07752 1.04468 0
      vertex -5.52016 0.729775 0
    endloop
  endfacet
  facet normal 0 0 -1
    outer loop
      vertex -5.62807 0.916691 0
      vertex -3.07752 1.04468 0
      vertex -5.57106 0.825 0
    endloop
  endfacet
  facet normal 0 0 -1
    outer loop
      vertex -5.69097 1.00446 0
      vertex -3.00261 1.24372 0
      vertex -5.62807 0.916691 0
    endloop
  endfacet
  facet normal 0 0 -1
    outer loop
      vertex -5.75946 1.08792 0
      vertex -2.91484 1.43744 0
      vertex -5.69097 1.00446 0
    endloop
  endfacet
  facet normal 0 0 -1
    outer loop
      vertex -5.4756 0.631427 0
      vertex -3.13926 0.841162 0
      vertex -5.43756 0.530375 0
    endloop
  endfacet
  facet normal -0 0 -1
    outer loop
      vertex -3.18755 0.634043 0
      vertex -5.43756 0.530375 0
      vertex -3.13926 0.841162 0
    endloop
  endfacet
  facet normal 0 0 -1
    outer loop
      vertex -5.43756 0.530375 0
      vertex -3.18755 0.634043 0
      vertex -5.40622 0.427051 0
    endloop
  endfacet
  facet normal 0 0 -1
    outer loop
      vertex -3.2222 0.42421 0
      vertex -5.40622 0.427051 0
      vertex -3.18755 0.634043 0
    endloop
  endfacet
  facet normal 0 0 -1
    outer loop
      vertex -5.40622 0.427051 0
      vertex -3.2222 0.42421 0
      vertex -5.3817 0.321898 0
    endloop
  endfacet
  facet normal 0 0 -1
    outer loop
      vertex -0.631427 8.5244 0
      vertex -3.12144 15.6926 0
      vertex -2.08842 15.8631 0
    endloop
  endfacet
  facet normal 0 0 -1
    outer loop
      vertex -5.3817 0.321898 0
      vertex -3.2222 0.42421 0
      vertex -5.36412 0.215367 0
    endloop
  endfacet
  facet normal 0 0 -1
    outer loop
      vertex -3.24304 0.21256 0
      vertex -5.36412 0.215367 0
      vertex -3.2222 0.42421 0
    endloop
  endfacet
  facet normal 0 0 -1
    outer loop
      vertex -5.36412 0.215367 0
      vertex -3.24304 0.21256 0
      vertex -5.35353 0.107915 0
    endloop
  endfacet
  facet normal 0 0 -1
    outer loop
      vertex -3.25 0 0
      vertex -5.35353 0.107915 0
      vertex -3.24304 0.21256 0
    endloop
  endfacet
  facet normal 0 0 -1
    outer loop
      vertex -5.35353 0.107915 0
      vertex -3.25 0 0
      vertex -5.35 0 0
    endloop
  endfacet
  facet normal 0 0 -1
    outer loop
      vertex -3.00261 -1.24372 0
      vertex -5.62807 -0.916691 0
      vertex -3.07752 -1.04468 0
    endloop
  endfacet
  facet normal 0 0 -1
    outer loop
      vertex -5.83327 1.16673 0
      vertex -2.91484 1.43744 0
      vertex -5.75946 1.08792 0
    endloop
  endfacet
  facet normal 0 0 -1
    outer loop
      vertex -6.175 -1.42894 0
      vertex -4.1411 -15.4548 0
      vertex -5.14303 -15.1509 0
    endloop
  endfacet
  facet normal 0 0 -1
    outer loop
      vertex -0.825 8.42894 0
      vertex -4.1411 15.4548 0
      vertex -3.12144 15.6926 0
    endloop
  endfacet
  facet normal 0 0 -1
    outer loop
      vertex -1.00446 8.30903 0
      vertex -5.14303 15.1509 0
      vertex -4.1411 15.4548 0
    endloop
  endfacet
  facet normal -0 0 -1
    outer loop
      vertex -3.25 0 0
      vertex -5.35353 -0.107915 0
      vertex -5.35 0 0
    endloop
  endfacet
  facet normal 0 0 -1
    outer loop
      vertex -3.24304 -0.21256 0
      vertex -5.35353 -0.107915 0
      vertex -3.25 0 0
    endloop
  endfacet
  facet normal 0 -0 -1
    outer loop
      vertex -5.35353 -0.107915 0
      vertex -3.24304 -0.21256 0
      vertex -5.36412 -0.215367 0
    endloop
  endfacet
  facet normal 0 0 -1
    outer loop
      vertex -3.2222 -0.42421 0
      vertex -5.36412 -0.215367 0
      vertex -3.24304 -0.21256 0
    endloop
  endfacet
  facet normal 0 -0 -1
    outer loop
      vertex -5.36412 -0.215367 0
      vertex -3.2222 -0.42421 0
      vertex -5.3817 -0.321898 0
    endloop
  endfacet
  facet normal 0 -0 -1
    outer loop
      vertex -5.3817 -0.321898 0
      vertex -3.2222 -0.42421 0
      vertex -5.40622 -0.427051 0
    endloop
  endfacet
  facet normal 0 0 -1
    outer loop
      vertex -3.18755 -0.634043 0
      vertex -5.40622 -0.427051 0
      vertex -3.2222 -0.42421 0
    endloop
  endfacet
  facet normal 0 -0 -1
    outer loop
      vertex -5.40622 -0.427051 0
      vertex -3.18755 -0.634043 0
      vertex -5.43756 -0.530375 0
    endloop
  endfacet
  facet normal 0 -0 -1
    outer loop
      vertex -5.43756 -0.530375 0
      vertex -3.18755 -0.634043 0
      vertex -5.4756 -0.631427 0
    endloop
  endfacet
  facet normal 0 0 -1
    outer loop
      vertex -3.13926 -0.841162 0
      vertex -5.4756 -0.631427 0
      vertex -3.18755 -0.634043 0
    endloop
  endfacet
  facet normal 0 -0 -1
    outer loop
      vertex -5.4756 -0.631427 0
      vertex -3.13926 -0.841162 0
      vertex -5.52016 -0.729775 0
    endloop
  endfacet
  facet normal 0 0 -1
    outer loop
      vertex -3.07752 -1.04468 0
      vertex -5.52016 -0.729775 0
      vertex -3.13926 -0.841162 0
    endloop
  endfacet
  facet normal 0 -0 -1
    outer loop
      vertex -5.52016 -0.729775 0
      vertex -3.07752 -1.04468 0
      vertex -5.57106 -0.825 0
    endloop
  endfacet
  facet normal 0 -0 -1
    outer loop
      vertex -5.57106 -0.825 0
      vertex -3.07752 -1.04468 0
      vertex -5.62807 -0.916691 0
    endloop
  endfacet
  facet normal 0 0 -1
    outer loop
      vertex -4.1411 -15.4548 0
      vertex -6.08331 -1.37192 0
      vertex -5.99554 -1.30903 0
    endloop
  endfacet
  facet normal 0 0 -1
    outer loop
      vertex -6.27022 -1.47984 0
      vertex -5.14303 -15.1509 0
      vertex -6.12293 -14.7821 0
    endloop
  endfacet
  facet normal 0 0 -1
    outer loop
      vertex -4.1411 -15.4548 0
      vertex -6.175 -1.42894 0
      vertex -6.08331 -1.37192 0
    endloop
  endfacet
  facet normal 0 0 -1
    outer loop
      vertex -5.14303 -15.1509 0
      vertex -6.27022 -1.47984 0
      vertex -6.175 -1.42894 0
    endloop
  endfacet
  facet normal 0 0 -1
    outer loop
      vertex -6.12293 -14.7821 0
      vertex -6.36857 -1.5244 0
      vertex -6.27022 -1.47984 0
    endloop
  endfacet
  facet normal 0 0 -1
    outer loop
      vertex -7.07662 -14.35 0
      vertex -6.36857 -1.5244 0
      vertex -6.12293 -14.7821 0
    endloop
  endfacet
  facet normal 0 0 -1
    outer loop
      vertex -6.36857 -1.5244 0
      vertex -7.07662 -14.35 0
      vertex -6.46962 -1.56243 0
    endloop
  endfacet
  facet normal 0 0 -1
    outer loop
      vertex -8 -13.8564 0
      vertex -6.46962 -1.56243 0
      vertex -7.07662 -14.35 0
    endloop
  endfacet
  facet normal 0 0 -1
    outer loop
      vertex -6.46962 -1.56243 0
      vertex -8 -13.8564 0
      vertex -6.57295 -1.59378 0
    endloop
  endfacet
  facet normal 0 0 -1
    outer loop
      vertex -8.88912 -13.3035 0
      vertex -6.57295 -1.59378 0
      vertex -8 -13.8564 0
    endloop
  endfacet
  facet normal 0 0 -1
    outer loop
      vertex -6.57295 -1.59378 0
      vertex -8.88912 -13.3035 0
      vertex -6.6781 -1.6183 0
    endloop
  endfacet
  facet normal 0 0 -1
    outer loop
      vertex -6.6781 -1.6183 0
      vertex -8.88912 -13.3035 0
      vertex -6.78463 -1.63588 0
    endloop
  endfacet
  facet normal 0 0 -1
    outer loop
      vertex -9.74018 -12.6937 0
      vertex -6.78463 -1.63588 0
      vertex -8.88912 -13.3035 0
    endloop
  endfacet
  facet normal 0 0 -1
    outer loop
      vertex -6.78463 -1.63588 0
      vertex -9.74018 -12.6937 0
      vertex -6.89208 -1.64647 0
    endloop
  endfacet
  facet normal 0 0 -1
    outer loop
      vertex -10.5495 -12.0294 0
      vertex -6.89208 -1.64647 0
      vertex -9.74018 -12.6937 0
    endloop
  endfacet
  facet normal 0 0 -1
    outer loop
      vertex -6.89208 -1.64647 0
      vertex -10.5495 -12.0294 0
      vertex -7 -1.65 0
    endloop
  endfacet
  facet normal 0 0 -1
    outer loop
      vertex -11.3137 -11.3137 0
      vertex -7 -1.65 0
      vertex -10.5495 -12.0294 0
    endloop
  endfacet
  facet normal -0 0 -1
    outer loop
      vertex -7 -1.65 0
      vertex -11.3137 -11.3137 0
      vertex -7.10791 -1.64647 0
    endloop
  endfacet
  facet normal 0 0 -1
    outer loop
      vertex -12.0294 -10.5495 0
      vertex -7.10791 -1.64647 0
      vertex -11.3137 -11.3137 0
    endloop
  endfacet
  facet normal -0 0 -1
    outer loop
      vertex -7.10791 -1.64647 0
      vertex -12.0294 -10.5495 0
      vertex -7.21537 -1.63588 0
    endloop
  endfacet
  facet normal -0 0 -1
    outer loop
      vertex -7.21537 -1.63588 0
      vertex -12.0294 -10.5495 0
      vertex -7.3219 -1.6183 0
    endloop
  endfacet
  facet normal 0 0 -1
    outer loop
      vertex -12.6937 -9.74018 0
      vertex -7.3219 -1.6183 0
      vertex -12.0294 -10.5495 0
    endloop
  endfacet
  facet normal -0 0 -1
    outer loop
      vertex -7.3219 -1.6183 0
      vertex -12.6937 -9.74018 0
      vertex -7.42705 -1.59378 0
    endloop
  endfacet
  facet normal -0 0 -1
    outer loop
      vertex -7.42705 -1.59378 0
      vertex -12.6937 -9.74018 0
      vertex -7.53037 -1.56243 0
    endloop
  endfacet
  facet normal 0 0 -1
    outer loop
      vertex -13.3035 -8.88912 0
      vertex -7.53037 -1.56243 0
      vertex -12.6937 -9.74018 0
    endloop
  endfacet
  facet normal -0 0 -1
    outer loop
      vertex -7.53037 -1.56243 0
      vertex -13.3035 -8.88912 0
      vertex -7.63143 -1.5244 0
    endloop
  endfacet
  facet normal 0 0 -1
    outer loop
      vertex -13.8564 -8 0
      vertex -7.63143 -1.5244 0
      vertex -13.3035 -8.88912 0
    endloop
  endfacet
  facet normal -0 0 -1
    outer loop
      vertex -7.63143 -1.5244 0
      vertex -13.8564 -8 0
      vertex -7.72978 -1.47984 0
    endloop
  endfacet
  facet normal -0 0 -1
    outer loop
      vertex -7.72978 -1.47984 0
      vertex -13.8564 -8 0
      vertex -7.825 -1.42894 0
    endloop
  endfacet
  facet normal 0 0 -1
    outer loop
      vertex -14.35 -7.07662 0
      vertex -7.825 -1.42894 0
      vertex -13.8564 -8 0
    endloop
  endfacet
  facet normal -0 0 -1
    outer loop
      vertex -7.825 -1.42894 0
      vertex -14.35 -7.07662 0
      vertex -7.91669 -1.37192 0
    endloop
  endfacet
  facet normal -0 0 -1
    outer loop
      vertex -7.91669 -1.37192 0
      vertex -14.35 -7.07662 0
      vertex -8.00446 -1.30903 0
    endloop
  endfacet
  facet normal 0 0 -1
    outer loop
      vertex -14.7821 -6.12293 0
      vertex -8.00446 -1.30903 0
      vertex -14.35 -7.07662 0
    endloop
  endfacet
  facet normal -0 0 -1
    outer loop
      vertex -8.00446 -1.30903 0
      vertex -14.7821 -6.12293 0
      vertex -8.08792 -1.24053 0
    endloop
  endfacet
  facet normal -0 0 -1
    outer loop
      vertex -8.08792 -1.24053 0
      vertex -14.7821 -6.12293 0
      vertex -8.16673 -1.16673 0
    endloop
  endfacet
  facet normal 0 0 -1
    outer loop
      vertex -15.1509 -5.14303 0
      vertex -8.16673 -1.16673 0
      vertex -14.7821 -6.12293 0
    endloop
  endfacet
  facet normal -0 0 -1
    outer loop
      vertex -8.24053 -1.08792 0
      vertex -15.1509 -5.14303 0
      vertex -8.30903 -1.00446 0
    endloop
  endfacet
  facet normal -0 0 -1
    outer loop
      vertex -8.16673 -1.16673 0
      vertex -15.1509 -5.14303 0
      vertex -8.24053 -1.08792 0
    endloop
  endfacet
  facet normal -0 0 -1
    outer loop
      vertex 6.46962 -1.56243 0
      vertex 1.56243 -6.46962 0
      vertex 6.36857 -1.5244 0
    endloop
  endfacet
  facet normal 0 0 -1
    outer loop
      vertex 1.5244 -6.36857 0
      vertex 6.36857 -1.5244 0
      vertex 1.56243 -6.46962 0
    endloop
  endfacet
  facet normal 0 0 -1
    outer loop
      vertex 6.36857 -1.5244 0
      vertex 1.5244 -6.36857 0
      vertex 2.2981 -2.2981 0
    endloop
  endfacet
  facet normal 0 0 -1
    outer loop
      vertex 1.47984 -6.27022 0
      vertex 2.2981 -2.2981 0
      vertex 1.5244 -6.36857 0
    endloop
  endfacet
  facet normal 0 0 -1
    outer loop
      vertex 2.2981 -2.2981 0
      vertex 1.47984 -6.27022 0
      vertex 2.14287 -2.44348 0
    endloop
  endfacet
  facet normal 0 0 -1
    outer loop
      vertex 1.42894 -6.175 0
      vertex 2.14287 -2.44348 0
      vertex 1.47984 -6.27022 0
    endloop
  endfacet
  facet normal 0 0 -1
    outer loop
      vertex 2.14287 -2.44348 0
      vertex 1.42894 -6.175 0
      vertex 1.97847 -2.5784 0
    endloop
  endfacet
  facet normal 0 0 -1
    outer loop
      vertex 1.37192 -6.08331 0
      vertex 1.97847 -2.5784 0
      vertex 1.42894 -6.175 0
    endloop
  endfacet
  facet normal 0 0 -1
    outer loop
      vertex 1.97847 -2.5784 0
      vertex 1.37192 -6.08331 0
      vertex 1.8056 -2.70228 0
    endloop
  endfacet
  facet normal 0 0 -1
    outer loop
      vertex 1.30903 -5.99554 0
      vertex 1.8056 -2.70228 0
      vertex 1.37192 -6.08331 0
    endloop
  endfacet
  facet normal 0 0 -1
    outer loop
      vertex 1.24053 -5.91208 0
      vertex 1.8056 -2.70228 0
      vertex 1.30903 -5.99554 0
    endloop
  endfacet
  facet normal 0 0 -1
    outer loop
      vertex 1.8056 -2.70228 0
      vertex 1.24053 -5.91208 0
      vertex 1.625 -2.81458 0
    endloop
  endfacet
  facet normal 0 0 -1
    outer loop
      vertex 1.16673 -5.83327 0
      vertex 1.625 -2.81458 0
      vertex 1.24053 -5.91208 0
    endloop
  endfacet
  facet normal 0 0 -1
    outer loop
      vertex 1.625 -2.81458 0
      vertex 1.16673 -5.83327 0
      vertex 1.43744 -2.91484 0
    endloop
  endfacet
  facet normal 0 0 -1
    outer loop
      vertex 1.08792 -5.75946 0
      vertex 1.43744 -2.91484 0
      vertex 1.16673 -5.83327 0
    endloop
  endfacet
  facet normal 0 0 -1
    outer loop
      vertex 1.00446 -5.69097 0
      vertex 1.43744 -2.91484 0
      vertex 1.08792 -5.75946 0
    endloop
  endfacet
  facet normal 0 0 -1
    outer loop
      vertex 1.43744 -2.91484 0
      vertex 1.00446 -5.69097 0
      vertex 1.24372 -3.00261 0
    endloop
  endfacet
  facet normal 0 0 -1
    outer loop
      vertex 0.916691 -5.62807 0
      vertex 1.24372 -3.00261 0
      vertex 1.00446 -5.69097 0
    endloop
  endfacet
  facet normal 0 0 -1
    outer loop
      vertex 1.24372 -3.00261 0
      vertex 0.916691 -5.62807 0
      vertex 1.04468 -3.07752 0
    endloop
  endfacet
  facet normal 0 0 -1
    outer loop
      vertex 0.825 -5.57106 0
      vertex 1.04468 -3.07752 0
      vertex 0.916691 -5.62807 0
    endloop
  endfacet
  facet normal 0 0 -1
    outer loop
      vertex 0.729775 -5.52016 0
      vertex 1.04468 -3.07752 0
      vertex 0.825 -5.57106 0
    endloop
  endfacet
  facet normal 0 0 -1
    outer loop
      vertex 1.04468 -3.07752 0
      vertex 0.729775 -5.52016 0
      vertex 0.841162 -3.13926 0
    endloop
  endfacet
  facet normal 0 0 -1
    outer loop
      vertex 0.631427 -5.4756 0
      vertex 0.841162 -3.13926 0
      vertex 0.729775 -5.52016 0
    endloop
  endfacet
  facet normal 0 0 -1
    outer loop
      vertex 0.841162 -3.13926 0
      vertex 0.631427 -5.4756 0
      vertex 0.634043 -3.18755 0
    endloop
  endfacet
  facet normal 0 0 -1
    outer loop
      vertex 0.530375 -5.43756 0
      vertex 0.634043 -3.18755 0
      vertex 0.631427 -5.4756 0
    endloop
  endfacet
  facet normal 0 0 -1
    outer loop
      vertex 0.427051 -5.40622 0
      vertex 0.634043 -3.18755 0
      vertex 0.530375 -5.43756 0
    endloop
  endfacet
  facet normal 0 0 -1
    outer loop
      vertex 0.427051 -5.40622 0
      vertex 0.42421 -3.2222 0
      vertex 0.634043 -3.18755 0
    endloop
  endfacet
  facet normal 0 0 -1
    outer loop
      vertex 0.321898 -5.3817 0
      vertex 0.42421 -3.2222 0
      vertex 0.427051 -5.40622 0
    endloop
  endfacet
  facet normal 0 0 -1
    outer loop
      vertex 0.215367 -5.36412 0
      vertex 0.42421 -3.2222 0
      vertex 0.321898 -5.3817 0
    endloop
  endfacet
  facet normal 0 0 -1
    outer loop
      vertex 0.215367 -5.36412 0
      vertex 0.21256 -3.24304 0
      vertex 0.42421 -3.2222 0
    endloop
  endfacet
  facet normal 0 0 -1
    outer loop
      vertex 0.107915 -5.35353 0
      vertex 0.21256 -3.24304 0
      vertex 0.215367 -5.36412 0
    endloop
  endfacet
  facet normal 0 0 -1
    outer loop
      vertex 0 -3.25 0
      vertex 0.107915 -5.35353 0
      vertex 0 -5.35 0
    endloop
  endfacet
  facet normal 0 0 -1
    outer loop
      vertex 0.107915 -5.35353 0
      vertex 0 -3.25 0
      vertex 0.21256 -3.24304 0
    endloop
  endfacet
  facet normal 0 0 -1
    outer loop
      vertex -0.107915 -5.35353 0
      vertex 0 -3.25 0
      vertex 0 -5.35 0
    endloop
  endfacet
  facet normal 0 0 -1
    outer loop
      vertex -0.107915 -5.35353 0
      vertex -0.21256 -3.24304 0
      vertex 0 -3.25 0
    endloop
  endfacet
  facet normal 0 0 -1
    outer loop
      vertex -0.215367 -5.36412 0
      vertex -0.21256 -3.24304 0
      vertex -0.107915 -5.35353 0
    endloop
  endfacet
  facet normal 0 0 -1
    outer loop
      vertex -0.42421 -3.2222 0
      vertex -0.215367 -5.36412 0
      vertex -0.321898 -5.3817 0
    endloop
  endfacet
  facet normal 0 0 -1
    outer loop
      vertex -0.215367 -5.36412 0
      vertex -0.42421 -3.2222 0
      vertex -0.21256 -3.24304 0
    endloop
  endfacet
  facet normal 0 0 -1
    outer loop
      vertex -0.427051 -5.40622 0
      vertex -0.42421 -3.2222 0
      vertex -0.321898 -5.3817 0
    endloop
  endfacet
  facet normal 0 0 -1
    outer loop
      vertex -0.634043 -3.18755 0
      vertex -0.427051 -5.40622 0
      vertex -0.530375 -5.43756 0
    endloop
  endfacet
  facet normal 0 0 -1
    outer loop
      vertex -0.634043 -3.18755 0
      vertex -0.530375 -5.43756 0
      vertex -0.631427 -5.4756 0
    endloop
  endfacet
  facet normal 0 0 -1
    outer loop
      vertex -0.427051 -5.40622 0
      vertex -0.634043 -3.18755 0
      vertex -0.42421 -3.2222 0
    endloop
  endfacet
  facet normal 0 0 -1
    outer loop
      vertex -0.841162 -3.13926 0
      vertex -0.631427 -5.4756 0
      vertex -0.729775 -5.52016 0
    endloop
  endfacet
  facet normal 0 0 -1
    outer loop
      vertex -1.04468 -3.07752 0
      vertex -0.729775 -5.52016 0
      vertex -0.825 -5.57106 0
    endloop
  endfacet
  facet normal 0 0 -1
    outer loop
      vertex -0.631427 -5.4756 0
      vertex -0.841162 -3.13926 0
      vertex -0.634043 -3.18755 0
    endloop
  endfacet
  facet normal 0 0 -1
    outer loop
      vertex -1.04468 -3.07752 0
      vertex -0.825 -5.57106 0
      vertex -0.916691 -5.62807 0
    endloop
  endfacet
  facet normal 0 0 -1
    outer loop
      vertex -1.24372 -3.00261 0
      vertex -0.916691 -5.62807 0
      vertex -1.00446 -5.69097 0
    endloop
  endfacet
  facet normal 0 0 -1
    outer loop
      vertex -0.729775 -5.52016 0
      vertex -1.04468 -3.07752 0
      vertex -0.841162 -3.13926 0
    endloop
  endfacet
  facet normal 0 0 -1
    outer loop
      vertex -1.43744 -2.91484 0
      vertex -1.00446 -5.69097 0
      vertex -1.08792 -5.75946 0
    endloop
  endfacet
  facet normal 0 0 -1
    outer loop
      vertex -1.43744 -2.91484 0
      vertex -1.08792 -5.75946 0
      vertex -1.16673 -5.83327 0
    endloop
  endfacet
  facet normal 0 0 -1
    outer loop
      vertex -1.625 -2.81458 0
      vertex -1.16673 -5.83327 0
      vertex -1.24053 -5.91208 0
    endloop
  endfacet
  facet normal 0 0 -1
    outer loop
      vertex -0.916691 -5.62807 0
      vertex -1.24372 -3.00261 0
      vertex -1.04468 -3.07752 0
    endloop
  endfacet
  facet normal 0 0 -1
    outer loop
      vertex -1.8056 -2.70228 0
      vertex -1.24053 -5.91208 0
      vertex -1.30903 -5.99554 0
    endloop
  endfacet
  facet normal 0 0 -1
    outer loop
      vertex -1.8056 -2.70228 0
      vertex -1.30903 -5.99554 0
      vertex -1.37192 -6.08331 0
    endloop
  endfacet
  facet normal 0 0 -1
    outer loop
      vertex -1.97847 -2.5784 0
      vertex -1.37192 -6.08331 0
      vertex -1.42894 -6.175 0
    endloop
  endfacet
  facet normal 0 0 -1
    outer loop
      vertex -1.00446 -5.69097 0
      vertex -1.43744 -2.91484 0
      vertex -1.24372 -3.00261 0
    endloop
  endfacet
  facet normal 0 0 -1
    outer loop
      vertex -2.14287 -2.44348 0
      vertex -1.42894 -6.175 0
      vertex -1.47984 -6.27022 0
    endloop
  endfacet
  facet normal 0 0 -1
    outer loop
      vertex -2.2981 -2.2981 0
      vertex -1.47984 -6.27022 0
      vertex -1.5244 -6.36857 0
    endloop
  endfacet
  facet normal 0 0 -1
    outer loop
      vertex -5.99554 -1.30903 0
      vertex -1.5244 -6.36857 0
      vertex -1.56243 -6.46962 0
    endloop
  endfacet
  facet normal 0 0 -1
    outer loop
      vertex -5.99554 -1.30903 0
      vertex -1.56243 -6.46962 0
      vertex -1.59378 -6.57295 0
    endloop
  endfacet
  facet normal 0 0 -1
    outer loop
      vertex -5.99554 -1.30903 0
      vertex -1.59378 -6.57295 0
      vertex -1.6183 -6.6781 0
    endloop
  endfacet
  facet normal 0 0 -1
    outer loop
      vertex -1.16673 -5.83327 0
      vertex -1.625 -2.81458 0
      vertex -1.43744 -2.91484 0
    endloop
  endfacet
  facet normal 0 0 -1
    outer loop
      vertex -5.99554 -1.30903 0
      vertex -1.6183 -6.6781 0
      vertex -1.63588 -6.78463 0
    endloop
  endfacet
  facet normal 0 0 -1
    outer loop
      vertex -5.99554 -1.30903 0
      vertex -1.63588 -6.78463 0
      vertex -1.64647 -6.89208 0
    endloop
  endfacet
  facet normal 0 0 -1
    outer loop
      vertex -5.99554 -1.30903 0
      vertex -1.64647 -6.89208 0
      vertex -1.65 -7 0
    endloop
  endfacet
  facet normal 0 0 -1
    outer loop
      vertex -1.24053 -5.91208 0
      vertex -1.8056 -2.70228 0
      vertex -1.625 -2.81458 0
    endloop
  endfacet
  facet normal 0 0 -1
    outer loop
      vertex 96.6673 -18.1683 0
      vertex 102.5 -19 0
      vertex 96.6855 -18.2781 0
    endloop
  endfacet
  facet normal 0 0 -1
    outer loop
      vertex 102.5 19 0
      vertex 96.6964 18.3888 0
      vertex 96.7 18.5 0
    endloop
  endfacet
  facet normal 0 0 -1
    outer loop
      vertex 96.6421 -18.06 0
      vertex 102.5 -19 0
      vertex 96.6673 -18.1683 0
    endloop
  endfacet
  facet normal 0 0 -1
    outer loop
      vertex 102.5 19 0
      vertex 96.6855 18.2781 0
      vertex 96.6964 18.3888 0
    endloop
  endfacet
  facet normal 0 0 -1
    outer loop
      vertex 96.6098 -17.9536 0
      vertex 102.5 -19 0
      vertex 96.6421 -18.06 0
    endloop
  endfacet
  facet normal 0 0 -1
    outer loop
      vertex 102.5 19 0
      vertex 96.6673 18.1683 0
      vertex 96.6855 18.2781 0
    endloop
  endfacet
  facet normal 0 0 -1
    outer loop
      vertex 96.5706 -17.8494 0
      vertex 102.5 -19 0
      vertex 96.6098 -17.9536 0
    endloop
  endfacet
  facet normal 0 0 -1
    outer loop
      vertex 102.5 19 0
      vertex 96.6421 18.06 0
      vertex 96.6673 18.1683 0
    endloop
  endfacet
  facet normal 0 0 -1
    outer loop
      vertex 96.5247 -17.7481 0
      vertex 102.5 -19 0
      vertex 96.5706 -17.8494 0
    endloop
  endfacet
  facet normal 0 0 -1
    outer loop
      vertex 102.5 19 0
      vertex 96.6098 17.9536 0
      vertex 96.6421 18.06 0
    endloop
  endfacet
  facet normal 0 0 -1
    outer loop
      vertex 96.4722 -17.65 0
      vertex 102.5 -19 0
      vertex 96.5247 -17.7481 0
    endloop
  endfacet
  facet normal 0 0 -1
    outer loop
      vertex 102.5 19 0
      vertex 96.5706 17.8494 0
      vertex 96.6098 17.9536 0
    endloop
  endfacet
  facet normal 0 0 -1
    outer loop
      vertex 96.4135 -17.5555 0
      vertex 102.5 -19 0
      vertex 96.4722 -17.65 0
    endloop
  endfacet
  facet normal 0 0 -1
    outer loop
      vertex 102.5 19 0
      vertex 96.5247 17.7481 0
      vertex 96.5706 17.8494 0
    endloop
  endfacet
  facet normal 0 0 -1
    outer loop
      vertex 96.3487 -17.4651 0
      vertex 102.5 -19 0
      vertex 96.4135 -17.5555 0
    endloop
  endfacet
  facet normal 0 0 -1
    outer loop
      vertex 102.5 19 0
      vertex 96.4722 17.65 0
      vertex 96.5247 17.7481 0
    endloop
  endfacet
  facet normal 0 0 -1
    outer loop
      vertex 96.2781 -17.3791 0
      vertex 102.5 -19 0
      vertex 96.3487 -17.4651 0
    endloop
  endfacet
  facet normal 0 0 -1
    outer loop
      vertex 102.5 19 0
      vertex 96.4135 17.5555 0
      vertex 96.4722 17.65 0
    endloop
  endfacet
  facet normal 0 0 -1
    outer loop
      vertex 96.2021 -17.2979 0
      vertex 102.5 -19 0
      vertex 96.2781 -17.3791 0
    endloop
  endfacet
  facet normal 0 0 -1
    outer loop
      vertex 102.5 19 0
      vertex 96.3487 17.4651 0
      vertex 96.4135 17.5555 0
    endloop
  endfacet
  facet normal 0 0 -1
    outer loop
      vertex 96.1209 -17.2219 0
      vertex 102.5 -19 0
      vertex 96.2021 -17.2979 0
    endloop
  endfacet
  facet normal 0 0 -1
    outer loop
      vertex 102.5 19 0
      vertex 96.2781 17.3791 0
      vertex 96.3487 17.4651 0
    endloop
  endfacet
  facet normal 0 0 -1
    outer loop
      vertex 96.0349 -17.1513 0
      vertex 102.5 -19 0
      vertex 96.1209 -17.2219 0
    endloop
  endfacet
  facet normal 0 0 -1
    outer loop
      vertex 102.5 19 0
      vertex 96.2021 17.2979 0
      vertex 96.2781 17.3791 0
    endloop
  endfacet
  facet normal 0 0 -1
    outer loop
      vertex 95.9445 -17.0865 0
      vertex 102.5 -19 0
      vertex 96.0349 -17.1513 0
    endloop
  endfacet
  facet normal 0 0 -1
    outer loop
      vertex 102.5 19 0
      vertex 96.1209 17.2219 0
      vertex 96.2021 17.2979 0
    endloop
  endfacet
  facet normal 0 0 -1
    outer loop
      vertex 95.85 -17.0278 0
      vertex 102.5 -19 0
      vertex 95.9445 -17.0865 0
    endloop
  endfacet
  facet normal 0 0 -1
    outer loop
      vertex 102.5 19 0
      vertex 96.0349 17.1513 0
      vertex 96.1209 17.2219 0
    endloop
  endfacet
  facet normal 0 0 -1
    outer loop
      vertex 95.7519 -16.9753 0
      vertex 102.5 -19 0
      vertex 95.85 -17.0278 0
    endloop
  endfacet
  facet normal 0 0 -1
    outer loop
      vertex 102.5 19 0
      vertex 95.9445 17.0865 0
      vertex 96.0349 17.1513 0
    endloop
  endfacet
  facet normal 0 0 -1
    outer loop
      vertex 102.5 -19 0
      vertex 95.7519 -16.9753 0
      vertex 102.5 19 0
    endloop
  endfacet
  facet normal 0 0 -1
    outer loop
      vertex 102.5 19 0
      vertex 95.85 17.0278 0
      vertex 95.9445 17.0865 0
    endloop
  endfacet
  facet normal 0 0 -1
    outer loop
      vertex 95.7519 16.9753 0
      vertex 102.5 19 0
      vertex 95.7519 -16.9753 0
    endloop
  endfacet
  facet normal 0 0 -1
    outer loop
      vertex 102.5 19 0
      vertex 95.7519 16.9753 0
      vertex 95.85 17.0278 0
    endloop
  endfacet
  facet normal 0 0 -1
    outer loop
      vertex 95.6506 -16.9294 0
      vertex 95.7519 16.9753 0
      vertex 95.7519 -16.9753 0
    endloop
  endfacet
  facet normal 0 0 -1
    outer loop
      vertex 95.6506 -16.9294 0
      vertex 95.6506 16.9294 0
      vertex 95.7519 16.9753 0
    endloop
  endfacet
  facet normal 0 0 -1
    outer loop
      vertex 95.5464 -16.8902 0
      vertex 95.6506 16.9294 0
      vertex 95.6506 -16.9294 0
    endloop
  endfacet
  facet normal 0 0 -1
    outer loop
      vertex 95.5464 -16.8902 0
      vertex 95.5464 16.8902 0
      vertex 95.6506 16.9294 0
    endloop
  endfacet
  facet normal 0 0 -1
    outer loop
      vertex 95.44 -16.8579 0
      vertex 95.5464 16.8902 0
      vertex 95.5464 -16.8902 0
    endloop
  endfacet
  facet normal 0 0 -1
    outer loop
      vertex 95.44 -16.8579 0
      vertex 95.44 16.8579 0
      vertex 95.5464 16.8902 0
    endloop
  endfacet
  facet normal 0 0 -1
    outer loop
      vertex 95.3316 -16.8327 0
      vertex 95.44 16.8579 0
      vertex 95.44 -16.8579 0
    endloop
  endfacet
  facet normal 0 0 -1
    outer loop
      vertex 95.3316 -16.8327 0
      vertex 95.3316 16.8327 0
      vertex 95.44 16.8579 0
    endloop
  endfacet
  facet normal 0 0 -1
    outer loop
      vertex 95.2219 -16.8145 0
      vertex 95.3316 16.8327 0
      vertex 95.3316 -16.8327 0
    endloop
  endfacet
  facet normal 0 0 -1
    outer loop
      vertex 95.2219 -16.8145 0
      vertex 95.2219 16.8145 0
      vertex 95.3316 16.8327 0
    endloop
  endfacet
  facet normal 0 0 -1
    outer loop
      vertex 95.1112 -16.8036 0
      vertex 95.2219 16.8145 0
      vertex 95.2219 -16.8145 0
    endloop
  endfacet
  facet normal 0 0 -1
    outer loop
      vertex 95.1112 -16.8036 0
      vertex 95.1112 16.8036 0
      vertex 95.2219 16.8145 0
    endloop
  endfacet
  facet normal 0 0 -1
    outer loop
      vertex 95 -16.8 0
      vertex 95.1112 16.8036 0
      vertex 95.1112 -16.8036 0
    endloop
  endfacet
  facet normal 0 0 -1
    outer loop
      vertex 95 -16.8 0
      vertex 95 16.8 0
      vertex 95.1112 16.8036 0
    endloop
  endfacet
  facet normal 0 0 -1
    outer loop
      vertex 94.8888 -16.8036 0
      vertex 95 16.8 0
      vertex 95 -16.8 0
    endloop
  endfacet
  facet normal 0 0 -1
    outer loop
      vertex 94.8888 -16.8036 0
      vertex 94.8888 16.8036 0
      vertex 95 16.8 0
    endloop
  endfacet
  facet normal 0 0 -1
    outer loop
      vertex 94.7781 -16.8145 0
      vertex 94.8888 16.8036 0
      vertex 94.8888 -16.8036 0
    endloop
  endfacet
  facet normal 0 0 -1
    outer loop
      vertex 94.7781 -16.8145 0
      vertex 94.7781 16.8145 0
      vertex 94.8888 16.8036 0
    endloop
  endfacet
  facet normal 0 0 -1
    outer loop
      vertex 94.6684 -16.8327 0
      vertex 94.7781 16.8145 0
      vertex 94.7781 -16.8145 0
    endloop
  endfacet
  facet normal 0 0 -1
    outer loop
      vertex 94.6684 -16.8327 0
      vertex 94.6684 16.8327 0
      vertex 94.7781 16.8145 0
    endloop
  endfacet
  facet normal 0 0 -1
    outer loop
      vertex 94.56 -16.8579 0
      vertex 94.6684 16.8327 0
      vertex 94.6684 -16.8327 0
    endloop
  endfacet
  facet normal 0 0 -1
    outer loop
      vertex 94.56 -16.8579 0
      vertex 94.56 16.8579 0
      vertex 94.6684 16.8327 0
    endloop
  endfacet
  facet normal 0 0 -1
    outer loop
      vertex 94.4536 -16.8902 0
      vertex 94.56 16.8579 0
      vertex 94.56 -16.8579 0
    endloop
  endfacet
  facet normal 0 0 -1
    outer loop
      vertex 94.4536 -16.8902 0
      vertex 94.4536 16.8902 0
      vertex 94.56 16.8579 0
    endloop
  endfacet
  facet normal 0 0 -1
    outer loop
      vertex 94.3494 -16.9294 0
      vertex 94.4536 16.8902 0
      vertex 94.4536 -16.8902 0
    endloop
  endfacet
  facet normal 0 0 -1
    outer loop
      vertex 94.3494 -16.9294 0
      vertex 94.3494 16.9294 0
      vertex 94.4536 16.8902 0
    endloop
  endfacet
  facet normal 0 0 -1
    outer loop
      vertex 94.2481 -16.9753 0
      vertex 94.3494 16.9294 0
      vertex 94.3494 -16.9294 0
    endloop
  endfacet
  facet normal 0 0 -1
    outer loop
      vertex 94.2481 -16.9753 0
      vertex 94.2481 16.9753 0
      vertex 94.3494 16.9294 0
    endloop
  endfacet
  facet normal 0 0 -1
    outer loop
      vertex 94.15 -17.0278 0
      vertex 94.2481 16.9753 0
      vertex 94.2481 -16.9753 0
    endloop
  endfacet
  facet normal 0 0 -1
    outer loop
      vertex 94.15 -17.0278 0
      vertex 94.15 17.0278 0
      vertex 94.2481 16.9753 0
    endloop
  endfacet
  facet normal 0 0 -1
    outer loop
      vertex 94.0555 -17.0865 0
      vertex 94.15 17.0278 0
      vertex 94.15 -17.0278 0
    endloop
  endfacet
  facet normal 0 0 -1
    outer loop
      vertex 94.0555 -17.0865 0
      vertex 94.0555 17.0865 0
      vertex 94.15 17.0278 0
    endloop
  endfacet
  facet normal 0 0 -1
    outer loop
      vertex 93.9651 -17.1513 0
      vertex 94.0555 17.0865 0
      vertex 94.0555 -17.0865 0
    endloop
  endfacet
  facet normal 0 0 -1
    outer loop
      vertex 93.9651 -17.1513 0
      vertex 93.9651 17.1513 0
      vertex 94.0555 17.0865 0
    endloop
  endfacet
  facet normal 0 0 -1
    outer loop
      vertex 93.8791 -17.2219 0
      vertex 93.9651 17.1513 0
      vertex 93.9651 -17.1513 0
    endloop
  endfacet
  facet normal 0 0 -1
    outer loop
      vertex 93.8791 -17.2219 0
      vertex 93.8791 17.2219 0
      vertex 93.9651 17.1513 0
    endloop
  endfacet
  facet normal 0 0 -1
    outer loop
      vertex 82 -23 0
      vertex 93.8791 -17.2219 0
      vertex 93.7979 -17.2979 0
    endloop
  endfacet
  facet normal -0 0 -1
    outer loop
      vertex 93.8791 -17.2219 0
      vertex 82 -23 0
      vertex 93.8791 17.2219 0
    endloop
  endfacet
  facet normal 0 0 -1
    outer loop
      vertex 82 -23 0
      vertex 93.7979 -17.2979 0
      vertex 93.7219 -17.3791 0
    endloop
  endfacet
  facet normal 0 0 -1
    outer loop
      vertex 82 23 0
      vertex 93.8791 17.2219 0
      vertex 82 -23 0
    endloop
  endfacet
  facet normal 0 0 -1
    outer loop
      vertex 82 -23 0
      vertex 93.7219 -17.3791 0
      vertex 93.6513 -17.4651 0
    endloop
  endfacet
  facet normal 0 0 -1
    outer loop
      vertex 93.8791 17.2219 0
      vertex 82 23 0
      vertex 93.7979 17.2979 0
    endloop
  endfacet
  facet normal 0 0 -1
    outer loop
      vertex 82 -23 0
      vertex 93.6513 -17.4651 0
      vertex 93.5865 -17.5555 0
    endloop
  endfacet
  facet normal 0 0 -1
    outer loop
      vertex 93.7979 17.2979 0
      vertex 82 23 0
      vertex 93.7219 17.3791 0
    endloop
  endfacet
  facet normal 0 0 -1
    outer loop
      vertex 82 -23 0
      vertex 93.5865 -17.5555 0
      vertex 93.5278 -17.65 0
    endloop
  endfacet
  facet normal 0 0 -1
    outer loop
      vertex 93.7219 17.3791 0
      vertex 82 23 0
      vertex 93.6513 17.4651 0
    endloop
  endfacet
  facet normal 0 0 -1
    outer loop
      vertex 82 -23 0
      vertex 93.5278 -17.65 0
      vertex 93.4753 -17.7481 0
    endloop
  endfacet
  facet normal 0 0 -1
    outer loop
      vertex 93.6513 17.4651 0
      vertex 82 23 0
      vertex 93.5865 17.5555 0
    endloop
  endfacet
  facet normal 0 0 -1
    outer loop
      vertex 82 -23 0
      vertex 93.4753 -17.7481 0
      vertex 93.4294 -17.8494 0
    endloop
  endfacet
  facet normal 0 0 -1
    outer loop
      vertex 93.5865 17.5555 0
      vertex 82 23 0
      vertex 93.5278 17.65 0
    endloop
  endfacet
  facet normal 0 0 -1
    outer loop
      vertex 82 -23 0
      vertex 93.4294 -17.8494 0
      vertex 93.3902 -17.9536 0
    endloop
  endfacet
  facet normal 0 0 -1
    outer loop
      vertex 93.5278 17.65 0
      vertex 82 23 0
      vertex 93.4753 17.7481 0
    endloop
  endfacet
  facet normal 0 0 -1
    outer loop
      vertex 82 -23 0
      vertex 93.3902 -17.9536 0
      vertex 93.3579 -18.06 0
    endloop
  endfacet
  facet normal 0 0 -1
    outer loop
      vertex 93.4753 17.7481 0
      vertex 82 23 0
      vertex 93.4294 17.8494 0
    endloop
  endfacet
  facet normal 0 0 -1
    outer loop
      vertex 82 -23 0
      vertex 93.3579 -18.06 0
      vertex 93.3327 -18.1683 0
    endloop
  endfacet
  facet normal 0 0 -1
    outer loop
      vertex 93.4294 17.8494 0
      vertex 82 23 0
      vertex 93.3902 17.9536 0
    endloop
  endfacet
  facet normal 0 0 -1
    outer loop
      vertex 82 -23 0
      vertex 93.3327 -18.1683 0
      vertex 93.3145 -18.2781 0
    endloop
  endfacet
  facet normal 0 0 -1
    outer loop
      vertex 93.3902 17.9536 0
      vertex 82 23 0
      vertex 93.3579 18.06 0
    endloop
  endfacet
  facet normal 0 0 -1
    outer loop
      vertex 82 -23 0
      vertex 93.3145 -18.2781 0
      vertex 93.3036 -18.3888 0
    endloop
  endfacet
  facet normal 0 0 -1
    outer loop
      vertex 93.3579 18.06 0
      vertex 82 23 0
      vertex 93.3327 18.1683 0
    endloop
  endfacet
  facet normal 0 0 -1
    outer loop
      vertex 82 -23 0
      vertex 93.3036 -18.3888 0
      vertex 93.3 -18.5 0
    endloop
  endfacet
  facet normal 0 0 -1
    outer loop
      vertex 93.3327 18.1683 0
      vertex 82 23 0
      vertex 93.3145 18.2781 0
    endloop
  endfacet
  facet normal 0 0 -1
    outer loop
      vertex 96.6855 -18.7219 0
      vertex 102.5 -19 0
      vertex 102.423 -19.7803 0
    endloop
  endfacet
  facet normal 0 0 -1
    outer loop
      vertex 96.6964 -18.3888 0
      vertex 102.5 -19 0
      vertex 96.7 -18.5 0
    endloop
  endfacet
  facet normal 0 0 -1
    outer loop
      vertex 96.6673 -18.8317 0
      vertex 102.423 -19.7803 0
      vertex 102.196 -20.5307 0
    endloop
  endfacet
  facet normal 0 0 -1
    outer loop
      vertex 96.6855 -18.2781 0
      vertex 102.5 -19 0
      vertex 96.6964 -18.3888 0
    endloop
  endfacet
  facet normal 0 0 -1
    outer loop
      vertex 96.6673 -18.8317 0
      vertex 102.196 -20.5307 0
      vertex 101.826 -21.2223 0
    endloop
  endfacet
  facet normal 0 0 -1
    outer loop
      vertex 96.6964 18.6112 0
      vertex 102.5 19 0
      vertex 96.7 18.5 0
    endloop
  endfacet
  facet normal 0 0 -1
    outer loop
      vertex 96.6421 -18.94 0
      vertex 101.826 -21.2223 0
      vertex 101.328 -21.8284 0
    endloop
  endfacet
  facet normal 0 0 -1
    outer loop
      vertex 96.6855 18.7219 0
      vertex 102.5 19 0
      vertex 96.6964 18.6112 0
    endloop
  endfacet
  facet normal 0 0 -1
    outer loop
      vertex 96.6098 -19.0464 0
      vertex 101.328 -21.8284 0
      vertex 100.722 -22.3259 0
    endloop
  endfacet
  facet normal -0 0 -1
    outer loop
      vertex 102.5 19 0
      vertex 96.6855 18.7219 0
      vertex 102.423 19.7803 0
    endloop
  endfacet
  facet normal 0 0 -1
    outer loop
      vertex 96.5706 -19.1506 0
      vertex 100.722 -22.3259 0
      vertex 100.031 -22.6955 0
    endloop
  endfacet
  facet normal 0 0 -1
    outer loop
      vertex 96.6673 18.8317 0
      vertex 102.423 19.7803 0
      vertex 96.6855 18.7219 0
    endloop
  endfacet
  facet normal 0 0 -1
    outer loop
      vertex 96.5247 -19.2519 0
      vertex 100.031 -22.6955 0
      vertex 99.2803 -22.9231 0
    endloop
  endfacet
  facet normal -0 0 -1
    outer loop
      vertex 102.423 19.7803 0
      vertex 96.6673 18.8317 0
      vertex 102.196 20.5307 0
    endloop
  endfacet
  facet normal 0 0 -1
    outer loop
      vertex 96.4722 -19.35 0
      vertex 99.2803 -22.9231 0
      vertex 98.5 -23 0
    endloop
  endfacet
  facet normal -0 0 -1
    outer loop
      vertex 102.196 20.5307 0
      vertex 96.6673 18.8317 0
      vertex 101.826 21.2223 0
    endloop
  endfacet
  facet normal 0 0 -1
    outer loop
      vertex 96.6421 18.94 0
      vertex 101.826 21.2223 0
      vertex 96.6673 18.8317 0
    endloop
  endfacet
  facet normal 0 0 -1
    outer loop
      vertex 102.5 -19 0
      vertex 96.6964 -18.6112 0
      vertex 96.7 -18.5 0
    endloop
  endfacet
  facet normal 0 0 -1
    outer loop
      vertex 102.5 -19 0
      vertex 96.6855 -18.7219 0
      vertex 96.6964 -18.6112 0
    endloop
  endfacet
  facet normal 0 0 -1
    outer loop
      vertex 102.423 -19.7803 0
      vertex 96.6673 -18.8317 0
      vertex 96.6855 -18.7219 0
    endloop
  endfacet
  facet normal 0 0 -1
    outer loop
      vertex 101.826 -21.2223 0
      vertex 96.6421 -18.94 0
      vertex 96.6673 -18.8317 0
    endloop
  endfacet
  facet normal 0 0 -1
    outer loop
      vertex 101.328 -21.8284 0
      vertex 96.6098 -19.0464 0
      vertex 96.6421 -18.94 0
    endloop
  endfacet
  facet normal 0 0 -1
    outer loop
      vertex 100.722 -22.3259 0
      vertex 96.5706 -19.1506 0
      vertex 96.6098 -19.0464 0
    endloop
  endfacet
  facet normal 0 0 -1
    outer loop
      vertex 100.031 -22.6955 0
      vertex 96.5247 -19.2519 0
      vertex 96.5706 -19.1506 0
    endloop
  endfacet
  facet normal 0 0 -1
    outer loop
      vertex 99.2803 -22.9231 0
      vertex 96.4722 -19.35 0
      vertex 96.5247 -19.2519 0
    endloop
  endfacet
  facet normal 0 0 -1
    outer loop
      vertex 98.5 -23 0
      vertex 96.4135 -19.4445 0
      vertex 96.4722 -19.35 0
    endloop
  endfacet
  facet normal 0 0 -1
    outer loop
      vertex 98.5 -23 0
      vertex 96.3487 -19.5349 0
      vertex 96.4135 -19.4445 0
    endloop
  endfacet
  facet normal 0 0 -1
    outer loop
      vertex 98.5 -23 0
      vertex 96.2781 -19.6209 0
      vertex 96.3487 -19.5349 0
    endloop
  endfacet
  facet normal 0 0 -1
    outer loop
      vertex 98.5 -23 0
      vertex 96.2021 -19.7021 0
      vertex 96.2781 -19.6209 0
    endloop
  endfacet
  facet normal 0 0 -1
    outer loop
      vertex 98.5 -23 0
      vertex 96.1209 -19.7781 0
      vertex 96.2021 -19.7021 0
    endloop
  endfacet
  facet normal 0 0 -1
    outer loop
      vertex 98.5 -23 0
      vertex 96.0349 -19.8487 0
      vertex 96.1209 -19.7781 0
    endloop
  endfacet
  facet normal 0 0 -1
    outer loop
      vertex 98.5 -23 0
      vertex 95.9445 -19.9135 0
      vertex 96.0349 -19.8487 0
    endloop
  endfacet
  facet normal 0 0 -1
    outer loop
      vertex 98.5 -23 0
      vertex 95.85 -19.9722 0
      vertex 95.9445 -19.9135 0
    endloop
  endfacet
  facet normal 0 0 -1
    outer loop
      vertex 98.5 -23 0
      vertex 95.7519 -20.0247 0
      vertex 95.85 -19.9722 0
    endloop
  endfacet
  facet normal 0 0 -1
    outer loop
      vertex 98.5 -23 0
      vertex 95.6506 -20.0706 0
      vertex 95.7519 -20.0247 0
    endloop
  endfacet
  facet normal 0 0 -1
    outer loop
      vertex 98.5 -23 0
      vertex 95.5464 -20.1098 0
      vertex 95.6506 -20.0706 0
    endloop
  endfacet
  facet normal 0 0 -1
    outer loop
      vertex 98.5 -23 0
      vertex 95.44 -20.1421 0
      vertex 95.5464 -20.1098 0
    endloop
  endfacet
  facet normal 0 0 -1
    outer loop
      vertex 98.5 -23 0
      vertex 95.3316 -20.1673 0
      vertex 95.44 -20.1421 0
    endloop
  endfacet
  facet normal 0 0 -1
    outer loop
      vertex 98.5 -23 0
      vertex 95.2219 -20.1855 0
      vertex 95.3316 -20.1673 0
    endloop
  endfacet
  facet normal 0 0 -1
    outer loop
      vertex 98.5 -23 0
      vertex 95.1112 -20.1964 0
      vertex 95.2219 -20.1855 0
    endloop
  endfacet
  facet normal 0 0 -1
    outer loop
      vertex 98.5 -23 0
      vertex 95 -20.2 0
      vertex 95.1112 -20.1964 0
    endloop
  endfacet
  facet normal 0 0 -1
    outer loop
      vertex 98.5 -23 0
      vertex 94.8888 -20.1964 0
      vertex 95 -20.2 0
    endloop
  endfacet
  facet normal 0 0 -1
    outer loop
      vertex 98.5 -23 0
      vertex 94.7781 -20.1855 0
      vertex 94.8888 -20.1964 0
    endloop
  endfacet
  facet normal 0 0 -1
    outer loop
      vertex 98.5 -23 0
      vertex 94.6684 -20.1673 0
      vertex 94.7781 -20.1855 0
    endloop
  endfacet
  facet normal 0 0 -1
    outer loop
      vertex 98.5 -23 0
      vertex 94.56 -20.1421 0
      vertex 94.6684 -20.1673 0
    endloop
  endfacet
  facet normal 0 0 -1
    outer loop
      vertex 98.5 -23 0
      vertex 94.4536 -20.1098 0
      vertex 94.56 -20.1421 0
    endloop
  endfacet
  facet normal 0 0 -1
    outer loop
      vertex 98.5 -23 0
      vertex 94.3494 -20.0706 0
      vertex 94.4536 -20.1098 0
    endloop
  endfacet
  facet normal 0 0 -1
    outer loop
      vertex 82 -23 0
      vertex 94.3494 -20.0706 0
      vertex 98.5 -23 0
    endloop
  endfacet
  facet normal -0 0 -1
    outer loop
      vertex 94.3494 -20.0706 0
      vertex 82 -23 0
      vertex 94.2481 -20.0247 0
    endloop
  endfacet
  facet normal -0 0 -1
    outer loop
      vertex 94.2481 -20.0247 0
      vertex 82 -23 0
      vertex 94.15 -19.9722 0
    endloop
  endfacet
  facet normal 0 0 -1
    outer loop
      vertex 93.3145 18.2781 0
      vertex 82 23 0
      vertex 93.3036 18.3888 0
    endloop
  endfacet
  facet normal -0 0 -1
    outer loop
      vertex 93.3036 -18.6112 0
      vertex 82 -23 0
      vertex 93.3 -18.5 0
    endloop
  endfacet
  facet normal -0 0 -1
    outer loop
      vertex 93.3145 -18.7219 0
      vertex 82 -23 0
      vertex 93.3036 -18.6112 0
    endloop
  endfacet
  facet normal -0 0 -1
    outer loop
      vertex 93.3327 -18.8317 0
      vertex 82 -23 0
      vertex 93.3145 -18.7219 0
    endloop
  endfacet
  facet normal -0 0 -1
    outer loop
      vertex 93.3579 -18.94 0
      vertex 82 -23 0
      vertex 93.3327 -18.8317 0
    endloop
  endfacet
  facet normal -0 0 -1
    outer loop
      vertex 93.3902 -19.0464 0
      vertex 82 -23 0
      vertex 93.3579 -18.94 0
    endloop
  endfacet
  facet normal -0 0 -1
    outer loop
      vertex 93.4294 -19.1506 0
      vertex 82 -23 0
      vertex 93.3902 -19.0464 0
    endloop
  endfacet
  facet normal -0 0 -1
    outer loop
      vertex 93.4753 -19.2519 0
      vertex 82 -23 0
      vertex 93.4294 -19.1506 0
    endloop
  endfacet
  facet normal -0 0 -1
    outer loop
      vertex 93.5278 -19.35 0
      vertex 82 -23 0
      vertex 93.4753 -19.2519 0
    endloop
  endfacet
  facet normal -0 0 -1
    outer loop
      vertex 93.5865 -19.4445 0
      vertex 82 -23 0
      vertex 93.5278 -19.35 0
    endloop
  endfacet
  facet normal -0 0 -1
    outer loop
      vertex 93.6513 -19.5349 0
      vertex 82 -23 0
      vertex 93.5865 -19.4445 0
    endloop
  endfacet
  facet normal -0 0 -1
    outer loop
      vertex 93.7219 -19.6209 0
      vertex 82 -23 0
      vertex 93.6513 -19.5349 0
    endloop
  endfacet
  facet normal -0 0 -1
    outer loop
      vertex 93.7979 -19.7021 0
      vertex 82 -23 0
      vertex 93.7219 -19.6209 0
    endloop
  endfacet
  facet normal -0 0 -1
    outer loop
      vertex 93.8791 -19.7781 0
      vertex 82 -23 0
      vertex 93.7979 -19.7021 0
    endloop
  endfacet
  facet normal -0 0 -1
    outer loop
      vertex 93.9651 -19.8487 0
      vertex 82 -23 0
      vertex 93.8791 -19.7781 0
    endloop
  endfacet
  facet normal -0 0 -1
    outer loop
      vertex 94.0555 -19.9135 0
      vertex 82 -23 0
      vertex 93.9651 -19.8487 0
    endloop
  endfacet
  facet normal -0 0 -1
    outer loop
      vertex 94.15 -19.9722 0
      vertex 82 -23 0
      vertex 94.0555 -19.9135 0
    endloop
  endfacet
  facet normal -0 0 -1
    outer loop
      vertex 101.826 21.2223 0
      vertex 96.6421 18.94 0
      vertex 101.328 21.8284 0
    endloop
  endfacet
  facet normal 0 0 -1
    outer loop
      vertex 96.6098 19.0464 0
      vertex 101.328 21.8284 0
      vertex 96.6421 18.94 0
    endloop
  endfacet
  facet normal -0 0 -1
    outer loop
      vertex 101.328 21.8284 0
      vertex 96.6098 19.0464 0
      vertex 100.722 22.3259 0
    endloop
  endfacet
  facet normal 0 0 -1
    outer loop
      vertex 96.5706 19.1506 0
      vertex 100.722 22.3259 0
      vertex 96.6098 19.0464 0
    endloop
  endfacet
  facet normal -0 0 -1
    outer loop
      vertex 100.722 22.3259 0
      vertex 96.5706 19.1506 0
      vertex 100.031 22.6955 0
    endloop
  endfacet
  facet normal 0 0 -1
    outer loop
      vertex 96.5247 19.2519 0
      vertex 100.031 22.6955 0
      vertex 96.5706 19.1506 0
    endloop
  endfacet
  facet normal -0 0 -1
    outer loop
      vertex 100.031 22.6955 0
      vertex 96.5247 19.2519 0
      vertex 99.2803 22.9231 0
    endloop
  endfacet
  facet normal 0 0 -1
    outer loop
      vertex 96.4722 19.35 0
      vertex 99.2803 22.9231 0
      vertex 96.5247 19.2519 0
    endloop
  endfacet
  facet normal -0 0 -1
    outer loop
      vertex 99.2803 22.9231 0
      vertex 96.4722 19.35 0
      vertex 98.5 23 0
    endloop
  endfacet
  facet normal 0 0 -1
    outer loop
      vertex 96.4135 19.4445 0
      vertex 98.5 23 0
      vertex 96.4722 19.35 0
    endloop
  endfacet
  facet normal 0 0 -1
    outer loop
      vertex 96.3487 19.5349 0
      vertex 98.5 23 0
      vertex 96.4135 19.4445 0
    endloop
  endfacet
  facet normal 0 0 -1
    outer loop
      vertex 96.2781 19.6209 0
      vertex 98.5 23 0
      vertex 96.3487 19.5349 0
    endloop
  endfacet
  facet normal 0 0 -1
    outer loop
      vertex 96.2021 19.7021 0
      vertex 98.5 23 0
      vertex 96.2781 19.6209 0
    endloop
  endfacet
  facet normal 0 0 -1
    outer loop
      vertex 96.1209 19.7781 0
      vertex 98.5 23 0
      vertex 96.2021 19.7021 0
    endloop
  endfacet
  facet normal 0 0 -1
    outer loop
      vertex 96.0349 19.8487 0
      vertex 98.5 23 0
      vertex 96.1209 19.7781 0
    endloop
  endfacet
  facet normal 0 0 -1
    outer loop
      vertex 95.9445 19.9135 0
      vertex 98.5 23 0
      vertex 96.0349 19.8487 0
    endloop
  endfacet
  facet normal 0 0 -1
    outer loop
      vertex 95.85 19.9722 0
      vertex 98.5 23 0
      vertex 95.9445 19.9135 0
    endloop
  endfacet
  facet normal 0 0 -1
    outer loop
      vertex 95.7519 20.0247 0
      vertex 98.5 23 0
      vertex 95.85 19.9722 0
    endloop
  endfacet
  facet normal 0 0 -1
    outer loop
      vertex 95.6506 20.0706 0
      vertex 98.5 23 0
      vertex 95.7519 20.0247 0
    endloop
  endfacet
  facet normal 0 0 -1
    outer loop
      vertex 95.5464 20.1098 0
      vertex 98.5 23 0
      vertex 95.6506 20.0706 0
    endloop
  endfacet
  facet normal 0 0 -1
    outer loop
      vertex 95.44 20.1421 0
      vertex 98.5 23 0
      vertex 95.5464 20.1098 0
    endloop
  endfacet
  facet normal 0 0 -1
    outer loop
      vertex 95.3316 20.1673 0
      vertex 98.5 23 0
      vertex 95.44 20.1421 0
    endloop
  endfacet
  facet normal 0 0 -1
    outer loop
      vertex 95.2219 20.1855 0
      vertex 98.5 23 0
      vertex 95.3316 20.1673 0
    endloop
  endfacet
  facet normal 0 0 -1
    outer loop
      vertex 95.1112 20.1964 0
      vertex 98.5 23 0
      vertex 95.2219 20.1855 0
    endloop
  endfacet
  facet normal 0 0 -1
    outer loop
      vertex 95 20.2 0
      vertex 98.5 23 0
      vertex 95.1112 20.1964 0
    endloop
  endfacet
  facet normal 0 0 -1
    outer loop
      vertex 94.8888 20.1964 0
      vertex 98.5 23 0
      vertex 95 20.2 0
    endloop
  endfacet
  facet normal 0 0 -1
    outer loop
      vertex 94.7781 20.1855 0
      vertex 98.5 23 0
      vertex 94.8888 20.1964 0
    endloop
  endfacet
  facet normal 0 0 -1
    outer loop
      vertex 94.6684 20.1673 0
      vertex 98.5 23 0
      vertex 94.7781 20.1855 0
    endloop
  endfacet
  facet normal 0 0 -1
    outer loop
      vertex 94.56 20.1421 0
      vertex 98.5 23 0
      vertex 94.6684 20.1673 0
    endloop
  endfacet
  facet normal 0 0 -1
    outer loop
      vertex 94.4536 20.1098 0
      vertex 98.5 23 0
      vertex 94.56 20.1421 0
    endloop
  endfacet
  facet normal 0 0 -1
    outer loop
      vertex 94.3494 20.0706 0
      vertex 98.5 23 0
      vertex 94.4536 20.1098 0
    endloop
  endfacet
  facet normal 0 0 -1
    outer loop
      vertex 82 23 0
      vertex 94.3494 20.0706 0
      vertex 94.2481 20.0247 0
    endloop
  endfacet
  facet normal 0 0 -1
    outer loop
      vertex 82 23 0
      vertex 94.2481 20.0247 0
      vertex 94.15 19.9722 0
    endloop
  endfacet
  facet normal 0 0 -1
    outer loop
      vertex 82 23 0
      vertex 94.15 19.9722 0
      vertex 94.0555 19.9135 0
    endloop
  endfacet
  facet normal 0 0 -1
    outer loop
      vertex 93.3036 18.3888 0
      vertex 82 23 0
      vertex 93.3 18.5 0
    endloop
  endfacet
  facet normal 0 0 -1
    outer loop
      vertex 93.3 18.5 0
      vertex 82 23 0
      vertex 93.3036 18.6112 0
    endloop
  endfacet
  facet normal 0 0 -1
    outer loop
      vertex 93.3036 18.6112 0
      vertex 82 23 0
      vertex 93.3145 18.7219 0
    endloop
  endfacet
  facet normal 0 0 -1
    outer loop
      vertex 93.3145 18.7219 0
      vertex 82 23 0
      vertex 93.3327 18.8317 0
    endloop
  endfacet
  facet normal 0 0 -1
    outer loop
      vertex 94.3494 20.0706 0
      vertex 82 23 0
      vertex 98.5 23 0
    endloop
  endfacet
  facet normal 0 0 -1
    outer loop
      vertex 93.9651 19.8487 0
      vertex 82 23 0
      vertex 94.0555 19.9135 0
    endloop
  endfacet
  facet normal 0 0 -1
    outer loop
      vertex 93.8791 19.7781 0
      vertex 82 23 0
      vertex 93.9651 19.8487 0
    endloop
  endfacet
  facet normal 0 0 -1
    outer loop
      vertex 93.7979 19.7021 0
      vertex 82 23 0
      vertex 93.8791 19.7781 0
    endloop
  endfacet
  facet normal 0 0 -1
    outer loop
      vertex 93.7219 19.6209 0
      vertex 82 23 0
      vertex 93.7979 19.7021 0
    endloop
  endfacet
  facet normal 0 0 -1
    outer loop
      vertex 93.6513 19.5349 0
      vertex 82 23 0
      vertex 93.7219 19.6209 0
    endloop
  endfacet
  facet normal 0 0 -1
    outer loop
      vertex 93.5865 19.4445 0
      vertex 82 23 0
      vertex 93.6513 19.5349 0
    endloop
  endfacet
  facet normal 0 0 -1
    outer loop
      vertex 93.5278 19.35 0
      vertex 82 23 0
      vertex 93.5865 19.4445 0
    endloop
  endfacet
  facet normal 0 0 -1
    outer loop
      vertex 93.4753 19.2519 0
      vertex 82 23 0
      vertex 93.5278 19.35 0
    endloop
  endfacet
  facet normal 0 0 -1
    outer loop
      vertex 93.4294 19.1506 0
      vertex 82 23 0
      vertex 93.4753 19.2519 0
    endloop
  endfacet
  facet normal 0 0 -1
    outer loop
      vertex 93.3902 19.0464 0
      vertex 82 23 0
      vertex 93.4294 19.1506 0
    endloop
  endfacet
  facet normal 0 0 -1
    outer loop
      vertex 93.3579 18.94 0
      vertex 82 23 0
      vertex 93.3902 19.0464 0
    endloop
  endfacet
  facet normal 0 0 -1
    outer loop
      vertex 93.3327 18.8317 0
      vertex 82 23 0
      vertex 93.3579 18.94 0
    endloop
  endfacet
  facet normal 0 0 -1
    outer loop
      vertex 82 -23 0
      vertex 36.7 0 0
      vertex 82 23 0
    endloop
  endfacet
  facet normal 0 0 -1
    outer loop
      vertex 82 -23 0
      vertex 36.6964 -0.111185 0
      vertex 36.7 0 0
    endloop
  endfacet
  facet normal 0 0 -1
    outer loop
      vertex 82 -23 0
      vertex 36.6855 -0.221894 0
      vertex 36.6964 -0.111185 0
    endloop
  endfacet
  facet normal 0 0 -1
    outer loop
      vertex 82 -23 0
      vertex 36.6673 -0.331653 0
      vertex 36.6855 -0.221894 0
    endloop
  endfacet
  facet normal 0 0 -1
    outer loop
      vertex 82 -23 0
      vertex 36.6421 -0.439992 0
      vertex 36.6673 -0.331653 0
    endloop
  endfacet
  facet normal 0 0 -1
    outer loop
      vertex 82 -23 0
      vertex 36.6098 -0.546447 0
      vertex 36.6421 -0.439992 0
    endloop
  endfacet
  facet normal 0 0 -1
    outer loop
      vertex 82 -23 0
      vertex 36.5706 -0.650561 0
      vertex 36.6098 -0.546447 0
    endloop
  endfacet
  facet normal 0 0 -1
    outer loop
      vertex 82 -23 0
      vertex 36.5247 -0.75189 0
      vertex 36.5706 -0.650561 0
    endloop
  endfacet
  facet normal 0 0 -1
    outer loop
      vertex 82 -23 0
      vertex 36.4722 -0.849999 0
      vertex 36.5247 -0.75189 0
    endloop
  endfacet
  facet normal 0 0 -1
    outer loop
      vertex 82 -23 0
      vertex 36.4135 -0.944468 0
      vertex 36.4722 -0.849999 0
    endloop
  endfacet
  facet normal 0 0 -1
    outer loop
      vertex 82 -23 0
      vertex 36.3487 -1.03489 0
      vertex 36.4135 -0.944468 0
    endloop
  endfacet
  facet normal 0 0 -1
    outer loop
      vertex 82 -23 0
      vertex 36.2781 -1.12089 0
      vertex 36.3487 -1.03489 0
    endloop
  endfacet
  facet normal 0 0 -1
    outer loop
      vertex 82 -23 0
      vertex 36.2021 -1.20208 0
      vertex 36.2781 -1.12089 0
    endloop
  endfacet
  facet normal 0 0 -1
    outer loop
      vertex 82 -23 0
      vertex 36.1209 -1.27813 0
      vertex 36.2021 -1.20208 0
    endloop
  endfacet
  facet normal 0 0 -1
    outer loop
      vertex 82 -23 0
      vertex 36.0349 -1.3487 0
      vertex 36.1209 -1.27813 0
    endloop
  endfacet
  facet normal 0 0 -1
    outer loop
      vertex 82 -23 0
      vertex 35.9445 -1.4135 0
      vertex 36.0349 -1.3487 0
    endloop
  endfacet
  facet normal 0 0 -1
    outer loop
      vertex 82 -23 0
      vertex 35.85 -1.47224 0
      vertex 35.9445 -1.4135 0
    endloop
  endfacet
  facet normal 0 0 -1
    outer loop
      vertex 82 -23 0
      vertex 35.7519 -1.52468 0
      vertex 35.85 -1.47224 0
    endloop
  endfacet
  facet normal 0 0 -1
    outer loop
      vertex 82 -23 0
      vertex 35.6506 -1.57059 0
      vertex 35.7519 -1.52468 0
    endloop
  endfacet
  facet normal 0 0 -1
    outer loop
      vertex 82 -23 0
      vertex 35.5464 -1.60978 0
      vertex 35.6506 -1.57059 0
    endloop
  endfacet
  facet normal 0 0 -1
    outer loop
      vertex 82 -23 0
      vertex 35.44 -1.64207 0
      vertex 35.5464 -1.60978 0
    endloop
  endfacet
  facet normal 0 0 -1
    outer loop
      vertex 82 -23 0
      vertex 35.3317 -1.66733 0
      vertex 35.44 -1.64207 0
    endloop
  endfacet
  facet normal 0 0 -1
    outer loop
      vertex 82 -23 0
      vertex 35.2219 -1.68546 0
      vertex 35.3317 -1.66733 0
    endloop
  endfacet
  facet normal 0 0 -1
    outer loop
      vertex 82 -23 0
      vertex 35.1112 -1.69636 0
      vertex 35.2219 -1.68546 0
    endloop
  endfacet
  facet normal 0 0 -1
    outer loop
      vertex 82 -23 0
      vertex 35 -1.7 0
      vertex 35.1112 -1.69636 0
    endloop
  endfacet
  facet normal 0 0 -1
    outer loop
      vertex -1.04645 -15.9657 0
      vertex 35 -1.7 0
      vertex 82 -23 0
    endloop
  endfacet
  facet normal -0 0 -1
    outer loop
      vertex 35 -1.7 0
      vertex -1.04645 -15.9657 0
      vertex 34.8888 -1.69636 0
    endloop
  endfacet
  facet normal -0 0 -1
    outer loop
      vertex 34.8888 -1.69636 0
      vertex -1.04645 -15.9657 0
      vertex 34.7781 -1.68546 0
    endloop
  endfacet
  facet normal -0 0 -1
    outer loop
      vertex 34.7781 -1.68546 0
      vertex -1.04645 -15.9657 0
      vertex 34.6683 -1.66733 0
    endloop
  endfacet
  facet normal -0 0 -1
    outer loop
      vertex 34.6683 -1.66733 0
      vertex -1.04645 -15.9657 0
      vertex 34.56 -1.64207 0
    endloop
  endfacet
  facet normal -0 0 -1
    outer loop
      vertex 34.56 -1.64207 0
      vertex -1.04645 -15.9657 0
      vertex 34.4536 -1.60978 0
    endloop
  endfacet
  facet normal 0 0 -1
    outer loop
      vertex 33.3036 -0.111185 0
      vertex 8.65 0 0
      vertex 33.3 0 0
    endloop
  endfacet
  facet normal 0 0 -1
    outer loop
      vertex 8.64647 -0.107915 0
      vertex 33.3036 -0.111185 0
      vertex 33.3145 -0.221894 0
    endloop
  endfacet
  facet normal 0 0 -1
    outer loop
      vertex 8.63588 -0.215367 0
      vertex 33.3145 -0.221894 0
      vertex 33.3327 -0.331653 0
    endloop
  endfacet
  facet normal 0 0 -1
    outer loop
      vertex 8.6183 -0.321898 0
      vertex 33.3327 -0.331653 0
      vertex 33.3579 -0.439992 0
    endloop
  endfacet
  facet normal 0 0 -1
    outer loop
      vertex 8.59378 -0.427051 0
      vertex 33.3579 -0.439992 0
      vertex 33.3902 -0.546447 0
    endloop
  endfacet
  facet normal 0 0 -1
    outer loop
      vertex 8.56243 -0.530375 0
      vertex 33.3902 -0.546447 0
      vertex 33.4294 -0.650561 0
    endloop
  endfacet
  facet normal 0 0 -1
    outer loop
      vertex 8.5244 -0.631427 0
      vertex 33.4294 -0.650561 0
      vertex 33.4753 -0.75189 0
    endloop
  endfacet
  facet normal 0 0 -1
    outer loop
      vertex 8.47984 -0.729775 0
      vertex 33.4753 -0.75189 0
      vertex 33.5278 -0.849999 0
    endloop
  endfacet
  facet normal 0 0 -1
    outer loop
      vertex 8.42894 -0.825 0
      vertex 33.5278 -0.849999 0
      vertex 33.5865 -0.944468 0
    endloop
  endfacet
  facet normal 0 0 -1
    outer loop
      vertex 8.37192 -0.916691 0
      vertex 33.5865 -0.944468 0
      vertex 33.6513 -1.03489 0
    endloop
  endfacet
  facet normal 0 0 -1
    outer loop
      vertex 8.30903 -1.00446 0
      vertex 33.6513 -1.03489 0
      vertex 33.7219 -1.12089 0
    endloop
  endfacet
  facet normal 0 0 -1
    outer loop
      vertex 8.24053 -1.08792 0
      vertex 33.7219 -1.12089 0
      vertex 33.7979 -1.20208 0
    endloop
  endfacet
  facet normal 0 0 -1
    outer loop
      vertex 8.16673 -1.16673 0
      vertex 33.7979 -1.20208 0
      vertex 33.8791 -1.27813 0
    endloop
  endfacet
  facet normal 0 0 -1
    outer loop
      vertex 8.08792 -1.24053 0
      vertex 33.8791 -1.27813 0
      vertex 33.9651 -1.3487 0
    endloop
  endfacet
  facet normal 0 0 -1
    outer loop
      vertex 8.00446 -1.30903 0
      vertex 33.9651 -1.3487 0
      vertex 34.0555 -1.4135 0
    endloop
  endfacet
  facet normal 0 0 -1
    outer loop
      vertex -1.04645 -15.9657 0
      vertex 34.0555 -1.4135 0
      vertex 34.15 -1.47224 0
    endloop
  endfacet
  facet normal 0 0 -1
    outer loop
      vertex -1.04645 -15.9657 0
      vertex 34.15 -1.47224 0
      vertex 34.2481 -1.52468 0
    endloop
  endfacet
  facet normal 0 0 -1
    outer loop
      vertex -1.04645 -15.9657 0
      vertex 34.2481 -1.52468 0
      vertex 34.3494 -1.57059 0
    endloop
  endfacet
  facet normal -0 0 -1
    outer loop
      vertex 34.4536 -1.60978 0
      vertex -1.04645 -15.9657 0
      vertex 34.3494 -1.57059 0
    endloop
  endfacet
  facet normal 0 0 -1
    outer loop
      vertex 33.3036 -0.111185 0
      vertex 8.64647 -0.107915 0
      vertex 8.65 0 0
    endloop
  endfacet
  facet normal 0 0 -1
    outer loop
      vertex 33.3145 -0.221894 0
      vertex 8.63588 -0.215367 0
      vertex 8.64647 -0.107915 0
    endloop
  endfacet
  facet normal 0 0 -1
    outer loop
      vertex 33.3327 -0.331653 0
      vertex 8.6183 -0.321898 0
      vertex 8.63588 -0.215367 0
    endloop
  endfacet
  facet normal 0 0 -1
    outer loop
      vertex 33.3579 -0.439992 0
      vertex 8.59378 -0.427051 0
      vertex 8.6183 -0.321898 0
    endloop
  endfacet
  facet normal 0 0 -1
    outer loop
      vertex 33.3902 -0.546447 0
      vertex 8.56243 -0.530375 0
      vertex 8.59378 -0.427051 0
    endloop
  endfacet
  facet normal 0 0 -1
    outer loop
      vertex 33.4294 -0.650561 0
      vertex 8.5244 -0.631427 0
      vertex 8.56243 -0.530375 0
    endloop
  endfacet
  facet normal 0 0 -1
    outer loop
      vertex 33.4753 -0.75189 0
      vertex 8.47984 -0.729775 0
      vertex 8.5244 -0.631427 0
    endloop
  endfacet
  facet normal 0 0 -1
    outer loop
      vertex 33.5278 -0.849999 0
      vertex 8.42894 -0.825 0
      vertex 8.47984 -0.729775 0
    endloop
  endfacet
  facet normal 0 0 -1
    outer loop
      vertex 33.5865 -0.944468 0
      vertex 8.37192 -0.916691 0
      vertex 8.42894 -0.825 0
    endloop
  endfacet
  facet normal 0 0 -1
    outer loop
      vertex 33.6513 -1.03489 0
      vertex 8.30903 -1.00446 0
      vertex 8.37192 -0.916691 0
    endloop
  endfacet
  facet normal 0 0 -1
    outer loop
      vertex 33.7219 -1.12089 0
      vertex 8.24053 -1.08792 0
      vertex 8.30903 -1.00446 0
    endloop
  endfacet
  facet normal 0 0 -1
    outer loop
      vertex 33.7979 -1.20208 0
      vertex 8.16673 -1.16673 0
      vertex 8.24053 -1.08792 0
    endloop
  endfacet
  facet normal -0 0 -1
    outer loop
      vertex 34.0555 -1.4135 0
      vertex -1.04645 -15.9657 0
      vertex 8.00446 -1.30903 0
    endloop
  endfacet
  facet normal 0 0 -1
    outer loop
      vertex 33.8791 -1.27813 0
      vertex 8.08792 -1.24053 0
      vertex 8.16673 -1.16673 0
    endloop
  endfacet
  facet normal 0 0 -1
    outer loop
      vertex 33.9651 -1.3487 0
      vertex 8.00446 -1.30903 0
      vertex 8.08792 -1.24053 0
    endloop
  endfacet
  facet normal 0 0 -1
    outer loop
      vertex 8.00446 -1.30903 0
      vertex -1.04645 -15.9657 0
      vertex 7.91669 -1.37192 0
    endloop
  endfacet
  facet normal 0 0 -1
    outer loop
      vertex 7.91669 -1.37192 0
      vertex -1.04645 -15.9657 0
      vertex 7.825 -1.42894 0
    endloop
  endfacet
  facet normal 0 -0 -1
    outer loop
      vertex 1.42894 -7.825 0
      vertex 7.825 -1.42894 0
      vertex -1.04645 -15.9657 0
    endloop
  endfacet
  facet normal 0 0 -1
    outer loop
      vertex 7.825 -1.42894 0
      vertex 1.42894 -7.825 0
      vertex 7.72978 -1.47984 0
    endloop
  endfacet
  facet normal 0 -0 -1
    outer loop
      vertex 1.47984 -7.72978 0
      vertex 7.72978 -1.47984 0
      vertex 1.42894 -7.825 0
    endloop
  endfacet
  facet normal 0 0 -1
    outer loop
      vertex 7.72978 -1.47984 0
      vertex 1.47984 -7.72978 0
      vertex 7.63143 -1.5244 0
    endloop
  endfacet
  facet normal 0 -0 -1
    outer loop
      vertex 1.5244 -7.63143 0
      vertex 7.63143 -1.5244 0
      vertex 1.47984 -7.72978 0
    endloop
  endfacet
  facet normal 0 0 -1
    outer loop
      vertex 7.63143 -1.5244 0
      vertex 1.5244 -7.63143 0
      vertex 7.53037 -1.56243 0
    endloop
  endfacet
  facet normal 0 -0 -1
    outer loop
      vertex 1.56243 -7.53037 0
      vertex 7.53037 -1.56243 0
      vertex 1.5244 -7.63143 0
    endloop
  endfacet
  facet normal 0 0 -1
    outer loop
      vertex 7.53037 -1.56243 0
      vertex 1.56243 -7.53037 0
      vertex 7.42705 -1.59378 0
    endloop
  endfacet
  facet normal 0 -0 -1
    outer loop
      vertex 1.59378 -7.42705 0
      vertex 7.42705 -1.59378 0
      vertex 1.56243 -7.53037 0
    endloop
  endfacet
  facet normal 0 0 -1
    outer loop
      vertex 7.42705 -1.59378 0
      vertex 1.59378 -7.42705 0
      vertex 7.3219 -1.6183 0
    endloop
  endfacet
  facet normal 0 -0 -1
    outer loop
      vertex 1.6183 -7.3219 0
      vertex 7.3219 -1.6183 0
      vertex 1.59378 -7.42705 0
    endloop
  endfacet
  facet normal 0 0 -1
    outer loop
      vertex 5.35353 -0.107915 0
      vertex 3.25 0 0
      vertex 5.35 0 0
    endloop
  endfacet
  facet normal 0 0 -1
    outer loop
      vertex 3.24304 -0.21256 0
      vertex 5.35353 -0.107915 0
      vertex 5.36412 -0.215367 0
    endloop
  endfacet
  facet normal 0 0 -1
    outer loop
      vertex 3.2222 -0.42421 0
      vertex 5.36412 -0.215367 0
      vertex 5.3817 -0.321898 0
    endloop
  endfacet
  facet normal 0 0 -1
    outer loop
      vertex 3.2222 -0.42421 0
      vertex 5.3817 -0.321898 0
      vertex 5.40622 -0.427051 0
    endloop
  endfacet
  facet normal 0 0 -1
    outer loop
      vertex 3.18755 -0.634043 0
      vertex 5.40622 -0.427051 0
      vertex 5.43756 -0.530375 0
    endloop
  endfacet
  facet normal 0 0 -1
    outer loop
      vertex 3.18755 -0.634043 0
      vertex 5.43756 -0.530375 0
      vertex 5.4756 -0.631427 0
    endloop
  endfacet
  facet normal 0 0 -1
    outer loop
      vertex 3.13926 -0.841162 0
      vertex 5.4756 -0.631427 0
      vertex 5.52016 -0.729775 0
    endloop
  endfacet
  facet normal 0 0 -1
    outer loop
      vertex 3.07752 -1.04468 0
      vertex 5.52016 -0.729775 0
      vertex 5.57106 -0.825 0
    endloop
  endfacet
  facet normal 0 0 -1
    outer loop
      vertex 3.07752 -1.04468 0
      vertex 5.57106 -0.825 0
      vertex 5.62807 -0.916691 0
    endloop
  endfacet
  facet normal 0 0 -1
    outer loop
      vertex 3.00261 -1.24372 0
      vertex 5.62807 -0.916691 0
      vertex 5.69097 -1.00446 0
    endloop
  endfacet
  facet normal 0 0 -1
    outer loop
      vertex 2.91484 -1.43744 0
      vertex 5.69097 -1.00446 0
      vertex 5.75946 -1.08792 0
    endloop
  endfacet
  facet normal 0 0 -1
    outer loop
      vertex 2.91484 -1.43744 0
      vertex 5.75946 -1.08792 0
      vertex 5.83327 -1.16673 0
    endloop
  endfacet
  facet normal 0 0 -1
    outer loop
      vertex 2.81458 -1.625 0
      vertex 5.83327 -1.16673 0
      vertex 5.91208 -1.24053 0
    endloop
  endfacet
  facet normal 0 0 -1
    outer loop
      vertex 2.70228 -1.8056 0
      vertex 5.91208 -1.24053 0
      vertex 5.99554 -1.30903 0
    endloop
  endfacet
  facet normal 0 0 -1
    outer loop
      vertex 2.70228 -1.8056 0
      vertex 5.99554 -1.30903 0
      vertex 6.08331 -1.37192 0
    endloop
  endfacet
  facet normal 0 0 -1
    outer loop
      vertex 2.5784 -1.97847 0
      vertex 6.08331 -1.37192 0
      vertex 6.175 -1.42894 0
    endloop
  endfacet
  facet normal 0 0 -1
    outer loop
      vertex 2.44348 -2.14287 0
      vertex 6.175 -1.42894 0
      vertex 6.27022 -1.47984 0
    endloop
  endfacet
  facet normal -0 0 -1
    outer loop
      vertex 5.35353 -0.107915 0
      vertex 3.24304 -0.21256 0
      vertex 3.25 0 0
    endloop
  endfacet
  facet normal 0 0 -1
    outer loop
      vertex 2.2981 -2.2981 0
      vertex 6.27022 -1.47984 0
      vertex 6.36857 -1.5244 0
    endloop
  endfacet
  facet normal -0 0 -1
    outer loop
      vertex 5.36412 -0.215367 0
      vertex 3.2222 -0.42421 0
      vertex 3.24304 -0.21256 0
    endloop
  endfacet
  facet normal 0 0 -1
    outer loop
      vertex 1.6183 -6.6781 0
      vertex 6.6781 -1.6183 0
      vertex 1.63588 -6.78463 0
    endloop
  endfacet
  facet normal -0 0 -1
    outer loop
      vertex 5.40622 -0.427051 0
      vertex 3.18755 -0.634043 0
      vertex 3.2222 -0.42421 0
    endloop
  endfacet
  facet normal -0 0 -1
    outer loop
      vertex 6.78463 -1.63588 0
      vertex 1.63588 -6.78463 0
      vertex 6.6781 -1.6183 0
    endloop
  endfacet
  facet normal 0 0 -1
    outer loop
      vertex 7.3219 -1.6183 0
      vertex 1.6183 -7.3219 0
      vertex 7.21537 -1.63588 0
    endloop
  endfacet
  facet normal 0 0 -1
    outer loop
      vertex 5.4756 -0.631427 0
      vertex 3.13926 -0.841162 0
      vertex 3.18755 -0.634043 0
    endloop
  endfacet
  facet normal 0 0 -1
    outer loop
      vertex 5.52016 -0.729775 0
      vertex 3.07752 -1.04468 0
      vertex 3.13926 -0.841162 0
    endloop
  endfacet
  facet normal -0 0 -1
    outer loop
      vertex 6.89208 -1.64647 0
      vertex 1.64647 -6.89208 0
      vertex 6.78463 -1.63588 0
    endloop
  endfacet
  facet normal 0 0 -1
    outer loop
      vertex 5.62807 -0.916691 0
      vertex 3.00261 -1.24372 0
      vertex 3.07752 -1.04468 0
    endloop
  endfacet
  facet normal 0 0 -1
    outer loop
      vertex 1.63588 -6.78463 0
      vertex 6.78463 -1.63588 0
      vertex 1.64647 -6.89208 0
    endloop
  endfacet
  facet normal 0 0 -1
    outer loop
      vertex 5.69097 -1.00446 0
      vertex 2.91484 -1.43744 0
      vertex 3.00261 -1.24372 0
    endloop
  endfacet
  facet normal -0 0 -1
    outer loop
      vertex 6.6781 -1.6183 0
      vertex 1.6183 -6.6781 0
      vertex 6.57295 -1.59378 0
    endloop
  endfacet
  facet normal 0 0 -1
    outer loop
      vertex 5.83327 -1.16673 0
      vertex 2.81458 -1.625 0
      vertex 2.91484 -1.43744 0
    endloop
  endfacet
  facet normal 0 0 -1
    outer loop
      vertex 6.08331 -1.37192 0
      vertex 2.5784 -1.97847 0
      vertex 2.70228 -1.8056 0
    endloop
  endfacet
  facet normal 0 0 -1
    outer loop
      vertex 6.175 -1.42894 0
      vertex 2.44348 -2.14287 0
      vertex 2.5784 -1.97847 0
    endloop
  endfacet
  facet normal 0 0 -1
    outer loop
      vertex 6.27022 -1.47984 0
      vertex 2.2981 -2.2981 0
      vertex 2.44348 -2.14287 0
    endloop
  endfacet
  facet normal -0 0 -1
    outer loop
      vertex 6.57295 -1.59378 0
      vertex 1.59378 -6.57295 0
      vertex 6.46962 -1.56243 0
    endloop
  endfacet
  facet normal 0 0 -1
    outer loop
      vertex 1.56243 -6.46962 0
      vertex 6.46962 -1.56243 0
      vertex 1.59378 -6.57295 0
    endloop
  endfacet
  facet normal 0 0 -1
    outer loop
      vertex 1.59378 -6.57295 0
      vertex 6.57295 -1.59378 0
      vertex 1.6183 -6.6781 0
    endloop
  endfacet
  facet normal 0 0 -1
    outer loop
      vertex 5.91208 -1.24053 0
      vertex 2.70228 -1.8056 0
      vertex 2.81458 -1.625 0
    endloop
  endfacet
  facet normal 0 0 -1
    outer loop
      vertex 1.64647 -6.89208 0
      vertex 6.89208 -1.64647 0
      vertex 1.65 -7 0
    endloop
  endfacet
  facet normal -0 0 -1
    outer loop
      vertex 7 -1.65 0
      vertex 1.65 -7 0
      vertex 6.89208 -1.64647 0
    endloop
  endfacet
  facet normal 0 -0 -1
    outer loop
      vertex 1.65 -7 0
      vertex 7 -1.65 0
      vertex 1.64647 -7.10791 0
    endloop
  endfacet
  facet normal 0 0 -1
    outer loop
      vertex 7.10791 -1.64647 0
      vertex 1.64647 -7.10791 0
      vertex 7 -1.65 0
    endloop
  endfacet
  facet normal 0 0 -1
    outer loop
      vertex 7.21537 -1.63588 0
      vertex 1.63588 -7.21537 0
      vertex 7.10791 -1.64647 0
    endloop
  endfacet
  facet normal 0 -0 -1
    outer loop
      vertex 1.64647 -7.10791 0
      vertex 7.10791 -1.64647 0
      vertex 1.63588 -7.21537 0
    endloop
  endfacet
  facet normal 0 -0 -1
    outer loop
      vertex 1.63588 -7.21537 0
      vertex 7.21537 -1.63588 0
      vertex 1.6183 -7.3219 0
    endloop
  endfacet
  facet normal 0 0 -1
    outer loop
      vertex 1.42894 -7.825 0
      vertex -1.04645 -15.9657 0
      vertex 1.37192 -7.91669 0
    endloop
  endfacet
  facet normal 0 0 -1
    outer loop
      vertex 1.37192 -7.91669 0
      vertex -1.04645 -15.9657 0
      vertex 1.30903 -8.00446 0
    endloop
  endfacet
  facet normal 0 0 -1
    outer loop
      vertex 1.30903 -8.00446 0
      vertex -1.04645 -15.9657 0
      vertex 1.24053 -8.08792 0
    endloop
  endfacet
  facet normal 0 0 -1
    outer loop
      vertex 1.24053 -8.08792 0
      vertex -1.04645 -15.9657 0
      vertex 1.16673 -8.16673 0
    endloop
  endfacet
  facet normal 0 0 -1
    outer loop
      vertex 1.16673 -8.16673 0
      vertex -1.04645 -15.9657 0
      vertex 1.08792 -8.24053 0
    endloop
  endfacet
  facet normal 0 0 -1
    outer loop
      vertex 1.08792 -8.24053 0
      vertex -1.04645 -15.9657 0
      vertex 1.00446 -8.30903 0
    endloop
  endfacet
  facet normal 0 0 -1
    outer loop
      vertex 1.00446 -8.30903 0
      vertex -1.04645 -15.9657 0
      vertex 0.916691 -8.37192 0
    endloop
  endfacet
  facet normal 0 0 -1
    outer loop
      vertex 0.916691 -8.37192 0
      vertex -1.04645 -15.9657 0
      vertex 0.825 -8.42894 0
    endloop
  endfacet
  facet normal 0 0 -1
    outer loop
      vertex 0.825 -8.42894 0
      vertex -1.04645 -15.9657 0
      vertex 0.729775 -8.47984 0
    endloop
  endfacet
  facet normal 0 0 -1
    outer loop
      vertex 0.729775 -8.47984 0
      vertex -1.04645 -15.9657 0
      vertex 0.631427 -8.5244 0
    endloop
  endfacet
  facet normal 0 0 -1
    outer loop
      vertex 0.631427 -8.5244 0
      vertex -1.04645 -15.9657 0
      vertex 0.530375 -8.56243 0
    endloop
  endfacet
  facet normal 0 0 -1
    outer loop
      vertex 0.530375 -8.56243 0
      vertex -1.04645 -15.9657 0
      vertex 0.427051 -8.59378 0
    endloop
  endfacet
  facet normal 0 0 -1
    outer loop
      vertex 0.427051 -8.59378 0
      vertex -1.04645 -15.9657 0
      vertex 0.321898 -8.6183 0
    endloop
  endfacet
  facet normal 0 0 -1
    outer loop
      vertex 0.321898 -8.6183 0
      vertex -1.04645 -15.9657 0
      vertex 0.215367 -8.63588 0
    endloop
  endfacet
  facet normal 0 0 -1
    outer loop
      vertex 0.215367 -8.63588 0
      vertex -1.04645 -15.9657 0
      vertex 0.107915 -8.64647 0
    endloop
  endfacet
  facet normal 0 0 -1
    outer loop
      vertex 0.107915 -8.64647 0
      vertex -1.04645 -15.9657 0
      vertex 0 -8.65 0
    endloop
  endfacet
  facet normal -0 0 -1
    outer loop
      vertex 0 -8.65 0
      vertex -1.04645 -15.9657 0
      vertex -0.107915 -8.64647 0
    endloop
  endfacet
  facet normal -0 0 -1
    outer loop
      vertex -0.107915 -8.64647 0
      vertex -1.04645 -15.9657 0
      vertex -0.215367 -8.63588 0
    endloop
  endfacet
  facet normal -0 0 -1
    outer loop
      vertex -0.215367 -8.63588 0
      vertex -1.04645 -15.9657 0
      vertex -0.321898 -8.6183 0
    endloop
  endfacet
  facet normal 0 0 -1
    outer loop
      vertex -1.04645 -15.9657 0
      vertex -0.427051 -8.59378 0
      vertex -0.321898 -8.6183 0
    endloop
  endfacet
  facet normal 0 0 -1
    outer loop
      vertex -2.08842 -15.8631 0
      vertex -0.427051 -8.59378 0
      vertex -1.04645 -15.9657 0
    endloop
  endfacet
  facet normal -0 0 -1
    outer loop
      vertex -0.427051 -8.59378 0
      vertex -2.08842 -15.8631 0
      vertex -0.530375 -8.56243 0
    endloop
  endfacet
  facet normal -0 0 -1
    outer loop
      vertex -0.530375 -8.56243 0
      vertex -2.08842 -15.8631 0
      vertex -0.631427 -8.5244 0
    endloop
  endfacet
  facet normal 0 0 -1
    outer loop
      vertex -3.12144 -15.6926 0
      vertex -0.631427 -8.5244 0
      vertex -2.08842 -15.8631 0
    endloop
  endfacet
  facet normal -0 0 -1
    outer loop
      vertex -0.631427 -8.5244 0
      vertex -3.12144 -15.6926 0
      vertex -0.729775 -8.47984 0
    endloop
  endfacet
  facet normal -0 0 -1
    outer loop
      vertex -0.729775 -8.47984 0
      vertex -3.12144 -15.6926 0
      vertex -0.825 -8.42894 0
    endloop
  endfacet
  facet normal 0 0 -1
    outer loop
      vertex -4.1411 -15.4548 0
      vertex -0.825 -8.42894 0
      vertex -3.12144 -15.6926 0
    endloop
  endfacet
  facet normal -0 0 -1
    outer loop
      vertex -0.825 -8.42894 0
      vertex -4.1411 -15.4548 0
      vertex -0.916691 -8.37192 0
    endloop
  endfacet
  facet normal -0 0 -1
    outer loop
      vertex -0.916691 -8.37192 0
      vertex -4.1411 -15.4548 0
      vertex -1.00446 -8.30903 0
    endloop
  endfacet
  facet normal -0 0 -1
    outer loop
      vertex -1.00446 -8.30903 0
      vertex -4.1411 -15.4548 0
      vertex -1.08792 -8.24053 0
    endloop
  endfacet
  facet normal -0 0 -1
    outer loop
      vertex -1.08792 -8.24053 0
      vertex -4.1411 -15.4548 0
      vertex -1.16673 -8.16673 0
    endloop
  endfacet
  facet normal -0 0 -1
    outer loop
      vertex -1.16673 -8.16673 0
      vertex -4.1411 -15.4548 0
      vertex -1.24053 -8.08792 0
    endloop
  endfacet
  facet normal -0 0 -1
    outer loop
      vertex -1.24053 -8.08792 0
      vertex -4.1411 -15.4548 0
      vertex -1.30903 -8.00446 0
    endloop
  endfacet
  facet normal -0 0 -1
    outer loop
      vertex -1.30903 -8.00446 0
      vertex -4.1411 -15.4548 0
      vertex -1.37192 -7.91669 0
    endloop
  endfacet
  facet normal -0 0 -1
    outer loop
      vertex -1.37192 -7.91669 0
      vertex -4.1411 -15.4548 0
      vertex -1.42894 -7.825 0
    endloop
  endfacet
  facet normal -0 0 -1
    outer loop
      vertex -1.42894 -7.825 0
      vertex -4.1411 -15.4548 0
      vertex -1.47984 -7.72978 0
    endloop
  endfacet
  facet normal -0 0 -1
    outer loop
      vertex -1.47984 -7.72978 0
      vertex -4.1411 -15.4548 0
      vertex -1.5244 -7.63143 0
    endloop
  endfacet
  facet normal -0 0 -1
    outer loop
      vertex -1.5244 -7.63143 0
      vertex -4.1411 -15.4548 0
      vertex -1.56243 -7.53037 0
    endloop
  endfacet
  facet normal -0 0 -1
    outer loop
      vertex -1.56243 -7.53037 0
      vertex -4.1411 -15.4548 0
      vertex -1.59378 -7.42705 0
    endloop
  endfacet
  facet normal 0 0 -1
    outer loop
      vertex -1.63588 -7.21537 0
      vertex -5.99554 -1.30903 0
      vertex -1.64647 -7.10791 0
    endloop
  endfacet
  facet normal 0 0 -1
    outer loop
      vertex -1.37192 -6.08331 0
      vertex -1.97847 -2.5784 0
      vertex -1.8056 -2.70228 0
    endloop
  endfacet
  facet normal -0 0 -1
    outer loop
      vertex -1.59378 -7.42705 0
      vertex -4.1411 -15.4548 0
      vertex -1.6183 -7.3219 0
    endloop
  endfacet
  facet normal 0 0 -1
    outer loop
      vertex -5.99554 -1.30903 0
      vertex -1.6183 -7.3219 0
      vertex -4.1411 -15.4548 0
    endloop
  endfacet
  facet normal 0 0 -1
    outer loop
      vertex -1.6183 -7.3219 0
      vertex -5.99554 -1.30903 0
      vertex -1.63588 -7.21537 0
    endloop
  endfacet
  facet normal 0 0 -1
    outer loop
      vertex -1.64647 -7.10791 0
      vertex -5.99554 -1.30903 0
      vertex -1.65 -7 0
    endloop
  endfacet
  facet normal 0 0 -1
    outer loop
      vertex -1.42894 -6.175 0
      vertex -2.14287 -2.44348 0
      vertex -1.97847 -2.5784 0
    endloop
  endfacet
  facet normal 0 0 -1
    outer loop
      vertex -1.47984 -6.27022 0
      vertex -2.2981 -2.2981 0
      vertex -2.14287 -2.44348 0
    endloop
  endfacet
  facet normal 0 0 -1
    outer loop
      vertex -1.5244 -6.36857 0
      vertex -5.99554 -1.30903 0
      vertex -2.2981 -2.2981 0
    endloop
  endfacet
  facet normal 0 0 -1
    outer loop
      vertex -2.2981 -2.2981 0
      vertex -5.99554 -1.30903 0
      vertex -2.44348 -2.14287 0
    endloop
  endfacet
  facet normal 0 0 -1
    outer loop
      vertex -2.44348 -2.14287 0
      vertex -5.99554 -1.30903 0
      vertex -2.5784 -1.97847 0
    endloop
  endfacet
  facet normal 0 0 -1
    outer loop
      vertex -2.5784 -1.97847 0
      vertex -5.99554 -1.30903 0
      vertex -2.70228 -1.8056 0
    endloop
  endfacet
  facet normal 0 -0 -1
    outer loop
      vertex -5.91208 -1.24053 0
      vertex -2.70228 -1.8056 0
      vertex -5.99554 -1.30903 0
    endloop
  endfacet
  facet normal 0 0 -1
    outer loop
      vertex -2.70228 -1.8056 0
      vertex -5.91208 -1.24053 0
      vertex -2.81458 -1.625 0
    endloop
  endfacet
  facet normal 0 -0 -1
    outer loop
      vertex -5.83327 -1.16673 0
      vertex -2.81458 -1.625 0
      vertex -5.91208 -1.24053 0
    endloop
  endfacet
  facet normal 0 0 -1
    outer loop
      vertex -2.81458 -1.625 0
      vertex -5.83327 -1.16673 0
      vertex -2.91484 -1.43744 0
    endloop
  endfacet
  facet normal 0 -0 -1
    outer loop
      vertex -5.75946 -1.08792 0
      vertex -2.91484 -1.43744 0
      vertex -5.83327 -1.16673 0
    endloop
  endfacet
  facet normal 0 -0 -1
    outer loop
      vertex -5.69097 -1.00446 0
      vertex -2.91484 -1.43744 0
      vertex -5.75946 -1.08792 0
    endloop
  endfacet
  facet normal 0 0 -1
    outer loop
      vertex -2.91484 -1.43744 0
      vertex -5.69097 -1.00446 0
      vertex -3.00261 -1.24372 0
    endloop
  endfacet
  facet normal 0 -0 -1
    outer loop
      vertex -5.62807 -0.916691 0
      vertex -3.00261 -1.24372 0
      vertex -5.69097 -1.00446 0
    endloop
  endfacet
  facet normal -0.995187 0.0979934 0
    outer loop
      vertex -15.9657 1.04645 0
      vertex -15.8631 2.08842 5
      vertex -15.8631 2.08842 0
    endloop
  endfacet
  facet normal -0.995187 0.0979934 0
    outer loop
      vertex -15.8631 2.08842 5
      vertex -15.9657 1.04645 0
      vertex -15.9657 1.04645 5
    endloop
  endfacet
  facet normal -0.999463 0.0327599 0
    outer loop
      vertex -16 0 0
      vertex -15.9657 1.04645 5
      vertex -15.9657 1.04645 0
    endloop
  endfacet
  facet normal -0.999463 0.0327599 0
    outer loop
      vertex -15.9657 1.04645 5
      vertex -16 0 0
      vertex -16 0 5
    endloop
  endfacet
  facet normal -0.999463 -0.0327599 0
    outer loop
      vertex -15.9657 -1.04645 0
      vertex -16 0 5
      vertex -16 0 0
    endloop
  endfacet
  facet normal -0.999463 -0.0327599 0
    outer loop
      vertex -16 0 5
      vertex -15.9657 -1.04645 0
      vertex -15.9657 -1.04645 5
    endloop
  endfacet
  facet normal 0 0 1
    outer loop
      vertex -2.91484 -1.43744 5
      vertex -5.83327 -1.16673 5
      vertex -2.81458 -1.625 5
    endloop
  endfacet
  facet normal -0 0 1
    outer loop
      vertex -5.91208 -1.24053 5
      vertex -2.81458 -1.625 5
      vertex -5.83327 -1.16673 5
    endloop
  endfacet
  facet normal 0 0 1
    outer loop
      vertex -2.81458 -1.625 5
      vertex -5.91208 -1.24053 5
      vertex -2.70228 -1.8056 5
    endloop
  endfacet
  facet normal -0 0 1
    outer loop
      vertex -5.99554 -1.30903 5
      vertex -2.70228 -1.8056 5
      vertex -5.91208 -1.24053 5
    endloop
  endfacet
  facet normal 0 0 1
    outer loop
      vertex -2.70228 -1.8056 5
      vertex -5.99554 -1.30903 5
      vertex -2.5784 -1.97847 5
    endloop
  endfacet
  facet normal -0 0 1
    outer loop
      vertex -6.08331 -1.37192 5
      vertex -2.5784 -1.97847 5
      vertex -5.99554 -1.30903 5
    endloop
  endfacet
  facet normal -0 0 1
    outer loop
      vertex -6.175 -1.42894 5
      vertex -2.5784 -1.97847 5
      vertex -6.08331 -1.37192 5
    endloop
  endfacet
  facet normal 0 0 1
    outer loop
      vertex -2.5784 -1.97847 5
      vertex -6.175 -1.42894 5
      vertex -2.44348 -2.14287 5
    endloop
  endfacet
  facet normal -0 0 1
    outer loop
      vertex -6.27022 -1.47984 5
      vertex -2.44348 -2.14287 5
      vertex -6.175 -1.42894 5
    endloop
  endfacet
  facet normal -0 0 1
    outer loop
      vertex -6.36857 -1.5244 5
      vertex -2.44348 -2.14287 5
      vertex -6.27022 -1.47984 5
    endloop
  endfacet
  facet normal 0 0 1
    outer loop
      vertex -2.44348 -2.14287 5
      vertex -6.36857 -1.5244 5
      vertex -1.56243 -6.46962 5
    endloop
  endfacet
  facet normal -0 0 1
    outer loop
      vertex -6.46962 -1.56243 5
      vertex -1.56243 -6.46962 5
      vertex -6.36857 -1.5244 5
    endloop
  endfacet
  facet normal 0 0 1
    outer loop
      vertex -1.56243 -6.46962 5
      vertex -6.46962 -1.56243 5
      vertex -1.59378 -6.57295 5
    endloop
  endfacet
  facet normal -0 0 1
    outer loop
      vertex -6.57295 -1.59378 5
      vertex -1.59378 -6.57295 5
      vertex -6.46962 -1.56243 5
    endloop
  endfacet
  facet normal 0 0 1
    outer loop
      vertex -1.59378 -6.57295 5
      vertex -6.57295 -1.59378 5
      vertex -1.6183 -6.6781 5
    endloop
  endfacet
  facet normal -0 0 1
    outer loop
      vertex -6.6781 -1.6183 5
      vertex -1.6183 -6.6781 5
      vertex -6.57295 -1.59378 5
    endloop
  endfacet
  facet normal 0 0 1
    outer loop
      vertex -1.6183 -6.6781 5
      vertex -6.6781 -1.6183 5
      vertex -1.63588 -6.78463 5
    endloop
  endfacet
  facet normal 0 0 1
    outer loop
      vertex -1.64647 -7.10791 5
      vertex -6.12293 -14.7821 5
      vertex -5.14303 -15.1509 5
    endloop
  endfacet
  facet normal -0 0 1
    outer loop
      vertex -6.78463 -1.63588 5
      vertex -1.63588 -6.78463 5
      vertex -6.6781 -1.6183 5
    endloop
  endfacet
  facet normal 0 0 1
    outer loop
      vertex -1.63588 -6.78463 5
      vertex -6.78463 -1.63588 5
      vertex -1.64647 -6.89208 5
    endloop
  endfacet
  facet normal -0 0 1
    outer loop
      vertex -6.89208 -1.64647 5
      vertex -1.64647 -6.89208 5
      vertex -6.78463 -1.63588 5
    endloop
  endfacet
  facet normal 0 0 1
    outer loop
      vertex -1.64647 -6.89208 5
      vertex -6.89208 -1.64647 5
      vertex -1.65 -7 5
    endloop
  endfacet
  facet normal -0 0 1
    outer loop
      vertex -7 -1.65 5
      vertex -1.65 -7 5
      vertex -6.89208 -1.64647 5
    endloop
  endfacet
  facet normal 0 0 1
    outer loop
      vertex -1.65 -7 5
      vertex -7 -1.65 5
      vertex -1.64647 -7.10791 5
    endloop
  endfacet
  facet normal 0 0 1
    outer loop
      vertex -7.10791 -1.64647 5
      vertex -1.64647 -7.10791 5
      vertex -7 -1.65 5
    endloop
  endfacet
  facet normal 0 0 1
    outer loop
      vertex -1.64647 -7.10791 5
      vertex -7.07662 -14.35 5
      vertex -6.12293 -14.7821 5
    endloop
  endfacet
  facet normal 0 0 1
    outer loop
      vertex -1.64647 -7.10791 5
      vertex -7.10791 -1.64647 5
      vertex -11.3137 -11.3137 5
    endloop
  endfacet
  facet normal 0 0 1
    outer loop
      vertex -12.0294 -10.5495 5
      vertex -7.10791 -1.64647 5
      vertex -7.21537 -1.63588 5
    endloop
  endfacet
  facet normal 0 0 1
    outer loop
      vertex -12.0294 -10.5495 5
      vertex -7.21537 -1.63588 5
      vertex -7.3219 -1.6183 5
    endloop
  endfacet
  facet normal 0 0 1
    outer loop
      vertex -12.6937 -9.74018 5
      vertex -7.3219 -1.6183 5
      vertex -7.42705 -1.59378 5
    endloop
  endfacet
  facet normal 0 0 1
    outer loop
      vertex -12.6937 -9.74018 5
      vertex -7.42705 -1.59378 5
      vertex -7.53037 -1.56243 5
    endloop
  endfacet
  facet normal 0 0 1
    outer loop
      vertex -13.3035 -8.88912 5
      vertex -7.53037 -1.56243 5
      vertex -7.63143 -1.5244 5
    endloop
  endfacet
  facet normal 0 0 1
    outer loop
      vertex -13.8564 -8 5
      vertex -7.63143 -1.5244 5
      vertex -7.72978 -1.47984 5
    endloop
  endfacet
  facet normal 0 0 1
    outer loop
      vertex -13.8564 -8 5
      vertex -7.72978 -1.47984 5
      vertex -7.825 -1.42894 5
    endloop
  endfacet
  facet normal 0 0 1
    outer loop
      vertex -14.35 -7.07662 5
      vertex -7.825 -1.42894 5
      vertex -7.91669 -1.37192 5
    endloop
  endfacet
  facet normal 0 0 1
    outer loop
      vertex -1.64647 -7.10791 5
      vertex -8 -13.8564 5
      vertex -7.07662 -14.35 5
    endloop
  endfacet
  facet normal 0 0 1
    outer loop
      vertex -14.35 -7.07662 5
      vertex -7.91669 -1.37192 5
      vertex -8.00446 -1.30903 5
    endloop
  endfacet
  facet normal 0 0 1
    outer loop
      vertex -14.7821 -6.12293 5
      vertex -8.00446 -1.30903 5
      vertex -8.08792 -1.24053 5
    endloop
  endfacet
  facet normal 0 0 1
    outer loop
      vertex -14.7821 -6.12293 5
      vertex -8.08792 -1.24053 5
      vertex -8.16673 -1.16673 5
    endloop
  endfacet
  facet normal 0 0 1
    outer loop
      vertex -15.1509 -5.14303 5
      vertex -8.16673 -1.16673 5
      vertex -8.24053 -1.08792 5
    endloop
  endfacet
  facet normal 0 0 1
    outer loop
      vertex -15.1509 -5.14303 5
      vertex -8.24053 -1.08792 5
      vertex -8.30903 -1.00446 5
    endloop
  endfacet
  facet normal 0 0 1
    outer loop
      vertex -15.4548 -4.1411 5
      vertex -8.30903 -1.00446 5
      vertex -8.37192 -0.916691 5
    endloop
  endfacet
  facet normal 0 0 1
    outer loop
      vertex -15.4548 -4.1411 5
      vertex -8.37192 -0.916691 5
      vertex -8.42894 -0.825 5
    endloop
  endfacet
  facet normal 0 0 1
    outer loop
      vertex -15.6926 -3.12144 5
      vertex -8.42894 -0.825 5
      vertex -8.47984 -0.729775 5
    endloop
  endfacet
  facet normal 0 0 1
    outer loop
      vertex -15.6926 -3.12144 5
      vertex -8.47984 -0.729775 5
      vertex -8.5244 -0.631427 5
    endloop
  endfacet
  facet normal 0 0 1
    outer loop
      vertex -15.8631 -2.08842 5
      vertex -8.5244 -0.631427 5
      vertex -8.56243 -0.530375 5
    endloop
  endfacet
  facet normal 0 0 1
    outer loop
      vertex -15.8631 -2.08842 5
      vertex -8.56243 -0.530375 5
      vertex -8.59378 -0.427051 5
    endloop
  endfacet
  facet normal 0 0 1
    outer loop
      vertex -15.8631 -2.08842 5
      vertex -8.59378 -0.427051 5
      vertex -8.6183 -0.321898 5
    endloop
  endfacet
  facet normal 0 0 1
    outer loop
      vertex -15.9657 -1.04645 5
      vertex -8.6183 -0.321898 5
      vertex -8.63588 -0.215367 5
    endloop
  endfacet
  facet normal 0 0 1
    outer loop
      vertex -15.9657 -1.04645 5
      vertex -8.63588 -0.215367 5
      vertex -8.64647 -0.107915 5
    endloop
  endfacet
  facet normal 0 0 1
    outer loop
      vertex -1.64647 -7.10791 5
      vertex -8.88912 -13.3035 5
      vertex -8 -13.8564 5
    endloop
  endfacet
  facet normal -0 0 1
    outer loop
      vertex -16 0 5
      vertex -8.64647 -0.107915 5
      vertex -8.65 0 5
    endloop
  endfacet
  facet normal -0 0 1
    outer loop
      vertex -15.4548 4.1411 5
      vertex -8.30903 1.00446 5
      vertex -15.1509 5.14303 5
    endloop
  endfacet
  facet normal 0 0 1
    outer loop
      vertex -8.30903 1.00446 5
      vertex -15.4548 4.1411 5
      vertex -8.37192 0.916691 5
    endloop
  endfacet
  facet normal 0 0 1
    outer loop
      vertex -1.64647 -7.10791 5
      vertex -9.74018 -12.6937 5
      vertex -8.88912 -13.3035 5
    endloop
  endfacet
  facet normal 0 0 1
    outer loop
      vertex -8.37192 0.916691 5
      vertex -15.4548 4.1411 5
      vertex -8.42894 0.825 5
    endloop
  endfacet
  facet normal 0 0 1
    outer loop
      vertex -1.64647 -7.10791 5
      vertex -10.5495 -12.0294 5
      vertex -9.74018 -12.6937 5
    endloop
  endfacet
  facet normal -0 0 1
    outer loop
      vertex -15.6926 3.12144 5
      vertex -8.42894 0.825 5
      vertex -15.4548 4.1411 5
    endloop
  endfacet
  facet normal 0 0 1
    outer loop
      vertex -1.64647 -7.10791 5
      vertex -11.3137 -11.3137 5
      vertex -10.5495 -12.0294 5
    endloop
  endfacet
  facet normal 0 0 1
    outer loop
      vertex -8.42894 0.825 5
      vertex -15.6926 3.12144 5
      vertex -8.47984 0.729775 5
    endloop
  endfacet
  facet normal 0 0 1
    outer loop
      vertex -7.10791 -1.64647 5
      vertex -12.0294 -10.5495 5
      vertex -11.3137 -11.3137 5
    endloop
  endfacet
  facet normal 0 0 1
    outer loop
      vertex -8.47984 0.729775 5
      vertex -15.6926 3.12144 5
      vertex -8.5244 0.631427 5
    endloop
  endfacet
  facet normal 0 0 1
    outer loop
      vertex -7.3219 -1.6183 5
      vertex -12.6937 -9.74018 5
      vertex -12.0294 -10.5495 5
    endloop
  endfacet
  facet normal -0 0 1
    outer loop
      vertex -15.8631 2.08842 5
      vertex -8.5244 0.631427 5
      vertex -15.6926 3.12144 5
    endloop
  endfacet
  facet normal 0 0 1
    outer loop
      vertex -7.53037 -1.56243 5
      vertex -13.3035 -8.88912 5
      vertex -12.6937 -9.74018 5
    endloop
  endfacet
  facet normal 0 0 1
    outer loop
      vertex -8.5244 0.631427 5
      vertex -15.8631 2.08842 5
      vertex -8.56243 0.530375 5
    endloop
  endfacet
  facet normal 0 0 1
    outer loop
      vertex -7.63143 -1.5244 5
      vertex -13.8564 -8 5
      vertex -13.3035 -8.88912 5
    endloop
  endfacet
  facet normal 0 0 1
    outer loop
      vertex -8.56243 0.530375 5
      vertex -15.8631 2.08842 5
      vertex -8.59378 0.427051 5
    endloop
  endfacet
  facet normal 0 0 1
    outer loop
      vertex -7.825 -1.42894 5
      vertex -14.35 -7.07662 5
      vertex -13.8564 -8 5
    endloop
  endfacet
  facet normal 0 0 1
    outer loop
      vertex -8.59378 0.427051 5
      vertex -15.8631 2.08842 5
      vertex -8.6183 0.321898 5
    endloop
  endfacet
  facet normal 0 0 1
    outer loop
      vertex -8.00446 -1.30903 5
      vertex -14.7821 -6.12293 5
      vertex -14.35 -7.07662 5
    endloop
  endfacet
  facet normal -0 0 1
    outer loop
      vertex -15.9657 1.04645 5
      vertex -8.6183 0.321898 5
      vertex -15.8631 2.08842 5
    endloop
  endfacet
  facet normal 0 0 1
    outer loop
      vertex -8.16673 -1.16673 5
      vertex -15.1509 -5.14303 5
      vertex -14.7821 -6.12293 5
    endloop
  endfacet
  facet normal 0 0 1
    outer loop
      vertex -8.6183 0.321898 5
      vertex -15.9657 1.04645 5
      vertex -8.63588 0.215367 5
    endloop
  endfacet
  facet normal 0 0 1
    outer loop
      vertex -8.30903 -1.00446 5
      vertex -15.4548 -4.1411 5
      vertex -15.1509 -5.14303 5
    endloop
  endfacet
  facet normal 0 0 1
    outer loop
      vertex -8.63588 0.215367 5
      vertex -15.9657 1.04645 5
      vertex -8.64647 0.107915 5
    endloop
  endfacet
  facet normal 0 0 1
    outer loop
      vertex -8.42894 -0.825 5
      vertex -15.6926 -3.12144 5
      vertex -15.4548 -4.1411 5
    endloop
  endfacet
  facet normal 0 0 1
    outer loop
      vertex -16 0 5
      vertex -8.64647 0.107915 5
      vertex -15.9657 1.04645 5
    endloop
  endfacet
  facet normal 0 0 1
    outer loop
      vertex -8.5244 -0.631427 5
      vertex -15.8631 -2.08842 5
      vertex -15.6926 -3.12144 5
    endloop
  endfacet
  facet normal 0 0 1
    outer loop
      vertex -8.64647 0.107915 5
      vertex -16 0 5
      vertex -8.65 0 5
    endloop
  endfacet
  facet normal 0 0 1
    outer loop
      vertex -8.6183 -0.321898 5
      vertex -15.9657 -1.04645 5
      vertex -15.8631 -2.08842 5
    endloop
  endfacet
  facet normal 0 0 1
    outer loop
      vertex -8.64647 -0.107915 5
      vertex -16 0 5
      vertex -15.9657 -1.04645 5
    endloop
  endfacet
  facet normal 0 0 1
    outer loop
      vertex 6.89208 -1.64647 5
      vertex 1.64647 -6.89208 5
      vertex 1.65 -7 5
    endloop
  endfacet
  facet normal 0 0 1
    outer loop
      vertex 1.97847 -2.5784 5
      vertex 1.63588 -6.78463 5
      vertex 1.64647 -6.89208 5
    endloop
  endfacet
  facet normal 0 0 1
    outer loop
      vertex 1.24053 -5.91208 5
      vertex 1.8056 -2.70228 5
      vertex 1.625 -2.81458 5
    endloop
  endfacet
  facet normal 0 0 1
    outer loop
      vertex 1.97847 -2.5784 5
      vertex 1.6183 -6.6781 5
      vertex 1.63588 -6.78463 5
    endloop
  endfacet
  facet normal 0 0 1
    outer loop
      vertex 1.97847 -2.5784 5
      vertex 1.59378 -6.57295 5
      vertex 1.6183 -6.6781 5
    endloop
  endfacet
  facet normal 0 0 1
    outer loop
      vertex 1.97847 -2.5784 5
      vertex 1.56243 -6.46962 5
      vertex 1.59378 -6.57295 5
    endloop
  endfacet
  facet normal 0 0 1
    outer loop
      vertex 1.97847 -2.5784 5
      vertex 1.5244 -6.36857 5
      vertex 1.56243 -6.46962 5
    endloop
  endfacet
  facet normal 0 0 1
    outer loop
      vertex 1.97847 -2.5784 5
      vertex 1.47984 -6.27022 5
      vertex 1.5244 -6.36857 5
    endloop
  endfacet
  facet normal 0 0 1
    outer loop
      vertex 1.16673 -5.83327 5
      vertex 1.625 -2.81458 5
      vertex 1.43744 -2.91484 5
    endloop
  endfacet
  facet normal 0 0 1
    outer loop
      vertex 1.97847 -2.5784 5
      vertex 1.42894 -6.175 5
      vertex 1.47984 -6.27022 5
    endloop
  endfacet
  facet normal 0 0 1
    outer loop
      vertex 1.97847 -2.5784 5
      vertex 1.37192 -6.08331 5
      vertex 1.42894 -6.175 5
    endloop
  endfacet
  facet normal 0 0 1
    outer loop
      vertex 1.8056 -2.70228 5
      vertex 1.30903 -5.99554 5
      vertex 1.37192 -6.08331 5
    endloop
  endfacet
  facet normal 0 0 1
    outer loop
      vertex 1.00446 -5.69097 5
      vertex 1.43744 -2.91484 5
      vertex 1.24372 -3.00261 5
    endloop
  endfacet
  facet normal 0 0 1
    outer loop
      vertex 1.8056 -2.70228 5
      vertex 1.24053 -5.91208 5
      vertex 1.30903 -5.99554 5
    endloop
  endfacet
  facet normal 0 0 1
    outer loop
      vertex 1.625 -2.81458 5
      vertex 1.16673 -5.83327 5
      vertex 1.24053 -5.91208 5
    endloop
  endfacet
  facet normal 0 0 1
    outer loop
      vertex 1.43744 -2.91484 5
      vertex 1.08792 -5.75946 5
      vertex 1.16673 -5.83327 5
    endloop
  endfacet
  facet normal 0 0 1
    outer loop
      vertex 0.916691 -5.62807 5
      vertex 1.24372 -3.00261 5
      vertex 1.04468 -3.07752 5
    endloop
  endfacet
  facet normal 0 0 1
    outer loop
      vertex 1.43744 -2.91484 5
      vertex 1.00446 -5.69097 5
      vertex 1.08792 -5.75946 5
    endloop
  endfacet
  facet normal 0 0 1
    outer loop
      vertex 1.24372 -3.00261 5
      vertex 0.916691 -5.62807 5
      vertex 1.00446 -5.69097 5
    endloop
  endfacet
  facet normal 0 0 1
    outer loop
      vertex 0.729775 -5.52016 5
      vertex 1.04468 -3.07752 5
      vertex 0.841162 -3.13926 5
    endloop
  endfacet
  facet normal 0 0 1
    outer loop
      vertex 1.04468 -3.07752 5
      vertex 0.825 -5.57106 5
      vertex 0.916691 -5.62807 5
    endloop
  endfacet
  facet normal 0 0 1
    outer loop
      vertex 1.04468 -3.07752 5
      vertex 0.729775 -5.52016 5
      vertex 0.825 -5.57106 5
    endloop
  endfacet
  facet normal 0 0 1
    outer loop
      vertex 0.631427 -5.4756 5
      vertex 0.841162 -3.13926 5
      vertex 0.634043 -3.18755 5
    endloop
  endfacet
  facet normal 0 0 1
    outer loop
      vertex 0.841162 -3.13926 5
      vertex 0.631427 -5.4756 5
      vertex 0.729775 -5.52016 5
    endloop
  endfacet
  facet normal 0 0 1
    outer loop
      vertex 0.634043 -3.18755 5
      vertex 0.530375 -5.43756 5
      vertex 0.631427 -5.4756 5
    endloop
  endfacet
  facet normal 0 0 1
    outer loop
      vertex 0.634043 -3.18755 5
      vertex 0.427051 -5.40622 5
      vertex 0.530375 -5.43756 5
    endloop
  endfacet
  facet normal -0 0 1
    outer loop
      vertex 0.42421 -3.2222 5
      vertex 0.427051 -5.40622 5
      vertex 0.634043 -3.18755 5
    endloop
  endfacet
  facet normal 0 0 1
    outer loop
      vertex 0.42421 -3.2222 5
      vertex 0.321898 -5.3817 5
      vertex 0.427051 -5.40622 5
    endloop
  endfacet
  facet normal 0 0 1
    outer loop
      vertex 0.42421 -3.2222 5
      vertex 0.215367 -5.36412 5
      vertex 0.321898 -5.3817 5
    endloop
  endfacet
  facet normal -0 0 1
    outer loop
      vertex 0.21256 -3.24304 5
      vertex 0.215367 -5.36412 5
      vertex 0.42421 -3.2222 5
    endloop
  endfacet
  facet normal 0 0 1
    outer loop
      vertex 0.21256 -3.24304 5
      vertex 0.107915 -5.35353 5
      vertex 0.215367 -5.36412 5
    endloop
  endfacet
  facet normal -0 0 1
    outer loop
      vertex 0 -3.25 5
      vertex 0.107915 -5.35353 5
      vertex 0.21256 -3.24304 5
    endloop
  endfacet
  facet normal 0 0 1
    outer loop
      vertex 0 -3.25 5
      vertex 0 -5.35 5
      vertex 0.107915 -5.35353 5
    endloop
  endfacet
  facet normal 0 0 1
    outer loop
      vertex 0 -3.25 5
      vertex -0.107915 -5.35353 5
      vertex 0 -5.35 5
    endloop
  endfacet
  facet normal 0 0 1
    outer loop
      vertex -0.21256 -3.24304 5
      vertex -0.107915 -5.35353 5
      vertex 0 -3.25 5
    endloop
  endfacet
  facet normal 0 0 1
    outer loop
      vertex -0.21256 -3.24304 5
      vertex -0.215367 -5.36412 5
      vertex -0.107915 -5.35353 5
    endloop
  endfacet
  facet normal 0 0 1
    outer loop
      vertex -0.42421 -3.2222 5
      vertex -0.215367 -5.36412 5
      vertex -0.21256 -3.24304 5
    endloop
  endfacet
  facet normal 0 0 1
    outer loop
      vertex -0.215367 -5.36412 5
      vertex -0.42421 -3.2222 5
      vertex -0.321898 -5.3817 5
    endloop
  endfacet
  facet normal 0 0 1
    outer loop
      vertex -0.42421 -3.2222 5
      vertex -0.427051 -5.40622 5
      vertex -0.321898 -5.3817 5
    endloop
  endfacet
  facet normal 0 0 1
    outer loop
      vertex -0.634043 -3.18755 5
      vertex -0.427051 -5.40622 5
      vertex -0.42421 -3.2222 5
    endloop
  endfacet
  facet normal 0 0 1
    outer loop
      vertex -0.427051 -5.40622 5
      vertex -0.634043 -3.18755 5
      vertex -0.530375 -5.43756 5
    endloop
  endfacet
  facet normal 0 0 1
    outer loop
      vertex -0.530375 -5.43756 5
      vertex -0.634043 -3.18755 5
      vertex -0.631427 -5.4756 5
    endloop
  endfacet
  facet normal 0 0 1
    outer loop
      vertex -0.841162 -3.13926 5
      vertex -0.631427 -5.4756 5
      vertex -0.634043 -3.18755 5
    endloop
  endfacet
  facet normal 0 0 1
    outer loop
      vertex -0.631427 -5.4756 5
      vertex -0.841162 -3.13926 5
      vertex -0.729775 -5.52016 5
    endloop
  endfacet
  facet normal 0 0 1
    outer loop
      vertex -1.04468 -3.07752 5
      vertex -0.729775 -5.52016 5
      vertex -0.841162 -3.13926 5
    endloop
  endfacet
  facet normal 0 0 1
    outer loop
      vertex -0.729775 -5.52016 5
      vertex -1.04468 -3.07752 5
      vertex -0.825 -5.57106 5
    endloop
  endfacet
  facet normal 0 0 1
    outer loop
      vertex -0.825 -5.57106 5
      vertex -1.04468 -3.07752 5
      vertex -0.916691 -5.62807 5
    endloop
  endfacet
  facet normal 0 0 1
    outer loop
      vertex -1.24372 -3.00261 5
      vertex -0.916691 -5.62807 5
      vertex -1.04468 -3.07752 5
    endloop
  endfacet
  facet normal 0 0 1
    outer loop
      vertex -0.916691 -5.62807 5
      vertex -1.24372 -3.00261 5
      vertex -1.00446 -5.69097 5
    endloop
  endfacet
  facet normal 0 0 1
    outer loop
      vertex -1.43744 -2.91484 5
      vertex -1.00446 -5.69097 5
      vertex -1.24372 -3.00261 5
    endloop
  endfacet
  facet normal 0 0 1
    outer loop
      vertex -1.00446 -5.69097 5
      vertex -1.43744 -2.91484 5
      vertex -1.08792 -5.75946 5
    endloop
  endfacet
  facet normal 0 0 1
    outer loop
      vertex -1.08792 -5.75946 5
      vertex -1.43744 -2.91484 5
      vertex -1.16673 -5.83327 5
    endloop
  endfacet
  facet normal 0 0 1
    outer loop
      vertex -1.625 -2.81458 5
      vertex -1.16673 -5.83327 5
      vertex -1.43744 -2.91484 5
    endloop
  endfacet
  facet normal 0 0 1
    outer loop
      vertex -1.16673 -5.83327 5
      vertex -1.625 -2.81458 5
      vertex -1.24053 -5.91208 5
    endloop
  endfacet
  facet normal 0 0 1
    outer loop
      vertex -1.8056 -2.70228 5
      vertex -1.24053 -5.91208 5
      vertex -1.625 -2.81458 5
    endloop
  endfacet
  facet normal 0 0 1
    outer loop
      vertex -1.24053 -5.91208 5
      vertex -1.8056 -2.70228 5
      vertex -1.30903 -5.99554 5
    endloop
  endfacet
  facet normal 0 0 1
    outer loop
      vertex -1.30903 -5.99554 5
      vertex -1.8056 -2.70228 5
      vertex -1.37192 -6.08331 5
    endloop
  endfacet
  facet normal 0 0 1
    outer loop
      vertex -1.97847 -2.5784 5
      vertex -1.37192 -6.08331 5
      vertex -1.8056 -2.70228 5
    endloop
  endfacet
  facet normal 0 0 1
    outer loop
      vertex -1.37192 -6.08331 5
      vertex -1.97847 -2.5784 5
      vertex -1.42894 -6.175 5
    endloop
  endfacet
  facet normal 0 0 1
    outer loop
      vertex -2.14287 -2.44348 5
      vertex -1.42894 -6.175 5
      vertex -1.97847 -2.5784 5
    endloop
  endfacet
  facet normal 0 0 1
    outer loop
      vertex -1.42894 -6.175 5
      vertex -2.14287 -2.44348 5
      vertex -1.47984 -6.27022 5
    endloop
  endfacet
  facet normal 0 0 1
    outer loop
      vertex -2.2981 -2.2981 5
      vertex -1.47984 -6.27022 5
      vertex -2.14287 -2.44348 5
    endloop
  endfacet
  facet normal 0 0 1
    outer loop
      vertex -1.47984 -6.27022 5
      vertex -2.2981 -2.2981 5
      vertex -1.5244 -6.36857 5
    endloop
  endfacet
  facet normal 0 0 1
    outer loop
      vertex -1.5244 -6.36857 5
      vertex -2.2981 -2.2981 5
      vertex -1.56243 -6.46962 5
    endloop
  endfacet
  facet normal 0 0 1
    outer loop
      vertex -2.44348 -2.14287 5
      vertex -1.56243 -6.46962 5
      vertex -2.2981 -2.2981 5
    endloop
  endfacet
  facet normal 0 0 1
    outer loop
      vertex -3.00261 -1.24372 5
      vertex -5.69097 -1.00446 5
      vertex -2.91484 -1.43744 5
    endloop
  endfacet
  facet normal 0 0 1
    outer loop
      vertex -1.04645 15.9657 5
      vertex 28 16.0175 5
      vertex 28 18.426 5
    endloop
  endfacet
  facet normal 0 -0 1
    outer loop
      vertex 8.65 0 5
      vertex 28 16.0175 5
      vertex 8.64647 0.107915 5
    endloop
  endfacet
  facet normal -0 0 1
    outer loop
      vertex 8.64647 -0.107915 5
      vertex 28 -16.0175 5
      vertex 8.65 0 5
    endloop
  endfacet
  facet normal 0 0 1
    outer loop
      vertex 28 16.0175 5
      vertex 8.65 0 5
      vertex 28 -16.0175 5
    endloop
  endfacet
  facet normal 0 0 1
    outer loop
      vertex 28 16.0175 5
      vertex 8.63588 0.215367 5
      vertex 8.64647 0.107915 5
    endloop
  endfacet
  facet normal 0 0 1
    outer loop
      vertex 28 16.0175 5
      vertex 8.6183 0.321898 5
      vertex 8.63588 0.215367 5
    endloop
  endfacet
  facet normal 0 0 1
    outer loop
      vertex 28 16.0175 5
      vertex 8.59378 0.427051 5
      vertex 8.6183 0.321898 5
    endloop
  endfacet
  facet normal 0 0 1
    outer loop
      vertex 28 16.0175 5
      vertex 8.56243 0.530375 5
      vertex 8.59378 0.427051 5
    endloop
  endfacet
  facet normal 0 0 1
    outer loop
      vertex 28 16.0175 5
      vertex 8.5244 0.631427 5
      vertex 8.56243 0.530375 5
    endloop
  endfacet
  facet normal 0 0 1
    outer loop
      vertex 28 16.0175 5
      vertex 8.47984 0.729775 5
      vertex 8.5244 0.631427 5
    endloop
  endfacet
  facet normal 0 0 1
    outer loop
      vertex 28 16.0175 5
      vertex 8.42894 0.825 5
      vertex 8.47984 0.729775 5
    endloop
  endfacet
  facet normal 0 0 1
    outer loop
      vertex 28 16.0175 5
      vertex 8.37192 0.916691 5
      vertex 8.42894 0.825 5
    endloop
  endfacet
  facet normal 0 0 1
    outer loop
      vertex 28 16.0175 5
      vertex 8.30903 1.00446 5
      vertex 8.37192 0.916691 5
    endloop
  endfacet
  facet normal 0 0 1
    outer loop
      vertex 28 16.0175 5
      vertex 8.24053 1.08792 5
      vertex 8.30903 1.00446 5
    endloop
  endfacet
  facet normal 0 0 1
    outer loop
      vertex 28 16.0175 5
      vertex 8.16673 1.16673 5
      vertex 8.24053 1.08792 5
    endloop
  endfacet
  facet normal 0 0 1
    outer loop
      vertex 28 16.0175 5
      vertex 8.08792 1.24053 5
      vertex 8.16673 1.16673 5
    endloop
  endfacet
  facet normal 0 0 1
    outer loop
      vertex 28 16.0175 5
      vertex 8.00446 1.30903 5
      vertex 8.08792 1.24053 5
    endloop
  endfacet
  facet normal 0 0 1
    outer loop
      vertex 28 16.0175 5
      vertex 7.91669 1.37192 5
      vertex 8.00446 1.30903 5
    endloop
  endfacet
  facet normal 0 0 1
    outer loop
      vertex 28 16.0175 5
      vertex 7.825 1.42894 5
      vertex 7.91669 1.37192 5
    endloop
  endfacet
  facet normal 0 0 1
    outer loop
      vertex 28 16.0175 5
      vertex 7.72978 1.47984 5
      vertex 7.825 1.42894 5
    endloop
  endfacet
  facet normal 0 0 1
    outer loop
      vertex 28 16.0175 5
      vertex 1.47984 7.72978 5
      vertex 7.72978 1.47984 5
    endloop
  endfacet
  facet normal 0 0 1
    outer loop
      vertex 7.72978 1.47984 5
      vertex 1.47984 7.72978 5
      vertex 7.63143 1.5244 5
    endloop
  endfacet
  facet normal -0 -0 1
    outer loop
      vertex 1.5244 7.63143 5
      vertex 7.63143 1.5244 5
      vertex 1.47984 7.72978 5
    endloop
  endfacet
  facet normal 0 0 1
    outer loop
      vertex 7.63143 1.5244 5
      vertex 1.5244 7.63143 5
      vertex 7.53037 1.56243 5
    endloop
  endfacet
  facet normal -0 -0 1
    outer loop
      vertex 1.56243 7.53037 5
      vertex 7.53037 1.56243 5
      vertex 1.5244 7.63143 5
    endloop
  endfacet
  facet normal 0 0 1
    outer loop
      vertex 7.53037 1.56243 5
      vertex 1.56243 7.53037 5
      vertex 7.42705 1.59378 5
    endloop
  endfacet
  facet normal -0 -0 1
    outer loop
      vertex 1.59378 7.42705 5
      vertex 7.42705 1.59378 5
      vertex 1.56243 7.53037 5
    endloop
  endfacet
  facet normal 0 0 1
    outer loop
      vertex 7.42705 1.59378 5
      vertex 1.59378 7.42705 5
      vertex 7.3219 1.6183 5
    endloop
  endfacet
  facet normal -0 -0 1
    outer loop
      vertex 1.6183 7.3219 5
      vertex 7.3219 1.6183 5
      vertex 1.59378 7.42705 5
    endloop
  endfacet
  facet normal -0 -0 1
    outer loop
      vertex 1.63588 7.21537 5
      vertex 7.21537 1.63588 5
      vertex 1.6183 7.3219 5
    endloop
  endfacet
  facet normal 0 0 1
    outer loop
      vertex 7.21537 1.63588 5
      vertex 1.63588 7.21537 5
      vertex 7.10791 1.64647 5
    endloop
  endfacet
  facet normal -0 -0 1
    outer loop
      vertex 1.64647 7.10791 5
      vertex 7.10791 1.64647 5
      vertex 1.63588 7.21537 5
    endloop
  endfacet
  facet normal 0 0 1
    outer loop
      vertex 7.10791 1.64647 5
      vertex 1.64647 7.10791 5
      vertex 7 1.65 5
    endloop
  endfacet
  facet normal -0 -0 1
    outer loop
      vertex 1.65 7 5
      vertex 7 1.65 5
      vertex 1.64647 7.10791 5
    endloop
  endfacet
  facet normal 0 0 1
    outer loop
      vertex 7 1.65 5
      vertex 1.65 7 5
      vertex 6.89208 1.64647 5
    endloop
  endfacet
  facet normal -0 0 1
    outer loop
      vertex 1.64647 6.89208 5
      vertex 6.89208 1.64647 5
      vertex 1.65 7 5
    endloop
  endfacet
  facet normal -0 0 1
    outer loop
      vertex 1.63588 6.78463 5
      vertex 6.78463 1.63588 5
      vertex 1.64647 6.89208 5
    endloop
  endfacet
  facet normal 0 0 1
    outer loop
      vertex 5.35353 0.107915 5
      vertex 3.25 0 5
      vertex 5.35 0 5
    endloop
  endfacet
  facet normal -0 0 1
    outer loop
      vertex 3.24304 0.21256 5
      vertex 5.35353 0.107915 5
      vertex 5.36412 0.215367 5
    endloop
  endfacet
  facet normal 0 0 1
    outer loop
      vertex 3.2222 0.42421 5
      vertex 5.36412 0.215367 5
      vertex 5.3817 0.321898 5
    endloop
  endfacet
  facet normal -0 0 1
    outer loop
      vertex 3.2222 0.42421 5
      vertex 5.3817 0.321898 5
      vertex 5.40622 0.427051 5
    endloop
  endfacet
  facet normal 0 0 1
    outer loop
      vertex 3.18755 0.634043 5
      vertex 5.40622 0.427051 5
      vertex 5.43756 0.530375 5
    endloop
  endfacet
  facet normal 0 0 1
    outer loop
      vertex 3.18755 0.634043 5
      vertex 5.43756 0.530375 5
      vertex 5.4756 0.631427 5
    endloop
  endfacet
  facet normal 0 0 1
    outer loop
      vertex 3.13926 0.841162 5
      vertex 5.4756 0.631427 5
      vertex 5.52016 0.729775 5
    endloop
  endfacet
  facet normal 0 0 1
    outer loop
      vertex 3.07752 1.04468 5
      vertex 5.52016 0.729775 5
      vertex 5.57106 0.825 5
    endloop
  endfacet
  facet normal 0 0 1
    outer loop
      vertex 3.07752 1.04468 5
      vertex 5.57106 0.825 5
      vertex 5.62807 0.916691 5
    endloop
  endfacet
  facet normal 0 0 1
    outer loop
      vertex 3.00261 1.24372 5
      vertex 5.62807 0.916691 5
      vertex 5.69097 1.00446 5
    endloop
  endfacet
  facet normal 0 0 1
    outer loop
      vertex 2.91484 1.43744 5
      vertex 5.69097 1.00446 5
      vertex 5.75946 1.08792 5
    endloop
  endfacet
  facet normal 0 0 1
    outer loop
      vertex 2.91484 1.43744 5
      vertex 5.75946 1.08792 5
      vertex 5.83327 1.16673 5
    endloop
  endfacet
  facet normal 0 0 1
    outer loop
      vertex 2.81458 1.625 5
      vertex 5.83327 1.16673 5
      vertex 5.91208 1.24053 5
    endloop
  endfacet
  facet normal 0 0 1
    outer loop
      vertex 2.70228 1.8056 5
      vertex 5.91208 1.24053 5
      vertex 5.99554 1.30903 5
    endloop
  endfacet
  facet normal 0 0 1
    outer loop
      vertex 6.78463 1.63588 5
      vertex 1.63588 6.78463 5
      vertex 6.6781 1.6183 5
    endloop
  endfacet
  facet normal 0 0 1
    outer loop
      vertex 5.35353 0.107915 5
      vertex 3.24304 0.21256 5
      vertex 3.25 0 5
    endloop
  endfacet
  facet normal 0 0 1
    outer loop
      vertex 5.36412 0.215367 5
      vertex 3.2222 0.42421 5
      vertex 3.24304 0.21256 5
    endloop
  endfacet
  facet normal 0 0 1
    outer loop
      vertex 5.40622 0.427051 5
      vertex 3.18755 0.634043 5
      vertex 3.2222 0.42421 5
    endloop
  endfacet
  facet normal 0 0 1
    outer loop
      vertex 5.4756 0.631427 5
      vertex 3.13926 0.841162 5
      vertex 3.18755 0.634043 5
    endloop
  endfacet
  facet normal 0 0 1
    outer loop
      vertex 5.52016 0.729775 5
      vertex 3.07752 1.04468 5
      vertex 3.13926 0.841162 5
    endloop
  endfacet
  facet normal 0 0 1
    outer loop
      vertex 5.62807 0.916691 5
      vertex 3.00261 1.24372 5
      vertex 3.07752 1.04468 5
    endloop
  endfacet
  facet normal 0 0 1
    outer loop
      vertex 5.69097 1.00446 5
      vertex 2.91484 1.43744 5
      vertex 3.00261 1.24372 5
    endloop
  endfacet
  facet normal 0 0 1
    outer loop
      vertex 6.46962 1.56243 5
      vertex 1.56243 6.46962 5
      vertex 6.36857 1.5244 5
    endloop
  endfacet
  facet normal -0 0 1
    outer loop
      vertex 1.5244 6.36857 5
      vertex 6.36857 1.5244 5
      vertex 1.56243 6.46962 5
    endloop
  endfacet
  facet normal 0 0 1
    outer loop
      vertex 5.83327 1.16673 5
      vertex 2.81458 1.625 5
      vertex 2.91484 1.43744 5
    endloop
  endfacet
  facet normal -0 -0 1
    outer loop
      vertex 2.2981 2.2981 5
      vertex 6.36857 1.5244 5
      vertex 1.5244 6.36857 5
    endloop
  endfacet
  facet normal 0 0 1
    outer loop
      vertex 5.91208 1.24053 5
      vertex 2.70228 1.8056 5
      vertex 2.81458 1.625 5
    endloop
  endfacet
  facet normal 0 0 1
    outer loop
      vertex 6.36857 1.5244 5
      vertex 2.2981 2.2981 5
      vertex 6.27022 1.47984 5
    endloop
  endfacet
  facet normal -0 -0 1
    outer loop
      vertex 2.44348 2.14287 5
      vertex 6.27022 1.47984 5
      vertex 2.2981 2.2981 5
    endloop
  endfacet
  facet normal 0 0 1
    outer loop
      vertex 6.08331 1.37192 5
      vertex 2.5784 1.97847 5
      vertex 5.99554 1.30903 5
    endloop
  endfacet
  facet normal 0 0 1
    outer loop
      vertex 5.99554 1.30903 5
      vertex 2.5784 1.97847 5
      vertex 2.70228 1.8056 5
    endloop
  endfacet
  facet normal -0 0 1
    outer loop
      vertex 1.56243 6.46962 5
      vertex 6.46962 1.56243 5
      vertex 1.59378 6.57295 5
    endloop
  endfacet
  facet normal 0 0 1
    outer loop
      vertex 6.57295 1.59378 5
      vertex 1.59378 6.57295 5
      vertex 6.46962 1.56243 5
    endloop
  endfacet
  facet normal -0 0 1
    outer loop
      vertex 1.59378 6.57295 5
      vertex 6.57295 1.59378 5
      vertex 1.6183 6.6781 5
    endloop
  endfacet
  facet normal 0 0 1
    outer loop
      vertex 6.6781 1.6183 5
      vertex 1.6183 6.6781 5
      vertex 6.57295 1.59378 5
    endloop
  endfacet
  facet normal -0 0 1
    outer loop
      vertex 1.6183 6.6781 5
      vertex 6.6781 1.6183 5
      vertex 1.63588 6.78463 5
    endloop
  endfacet
  facet normal 0 0 1
    outer loop
      vertex 6.89208 1.64647 5
      vertex 1.64647 6.89208 5
      vertex 6.78463 1.63588 5
    endloop
  endfacet
  facet normal 0 0 1
    outer loop
      vertex 7.3219 1.6183 5
      vertex 1.6183 7.3219 5
      vertex 7.21537 1.63588 5
    endloop
  endfacet
  facet normal 0 0 1
    outer loop
      vertex 28 16.0175 5
      vertex 1.42894 7.825 5
      vertex 1.47984 7.72978 5
    endloop
  endfacet
  facet normal 0 0 1
    outer loop
      vertex 28 16.0175 5
      vertex 1.37192 7.91669 5
      vertex 1.42894 7.825 5
    endloop
  endfacet
  facet normal 0 0 1
    outer loop
      vertex 28 16.0175 5
      vertex -1.04645 15.9657 5
      vertex 1.37192 7.91669 5
    endloop
  endfacet
  facet normal 0 0 1
    outer loop
      vertex 1.37192 7.91669 5
      vertex -1.04645 15.9657 5
      vertex 1.30903 8.00446 5
    endloop
  endfacet
  facet normal 0 0 1
    outer loop
      vertex 1.30903 8.00446 5
      vertex -1.04645 15.9657 5
      vertex 1.24053 8.08792 5
    endloop
  endfacet
  facet normal 0 0 1
    outer loop
      vertex 1.24053 8.08792 5
      vertex -1.04645 15.9657 5
      vertex 1.16673 8.16673 5
    endloop
  endfacet
  facet normal 0 0 1
    outer loop
      vertex 1.16673 8.16673 5
      vertex -1.04645 15.9657 5
      vertex 1.08792 8.24053 5
    endloop
  endfacet
  facet normal 0 0 1
    outer loop
      vertex 1.08792 8.24053 5
      vertex -1.04645 15.9657 5
      vertex 1.00446 8.30903 5
    endloop
  endfacet
  facet normal 0 0 1
    outer loop
      vertex 1.00446 8.30903 5
      vertex -1.04645 15.9657 5
      vertex 0.916691 8.37192 5
    endloop
  endfacet
  facet normal 0 0 1
    outer loop
      vertex 0.916691 8.37192 5
      vertex -1.04645 15.9657 5
      vertex 0.825 8.42894 5
    endloop
  endfacet
  facet normal 0 0 1
    outer loop
      vertex 0.825 8.42894 5
      vertex -1.04645 15.9657 5
      vertex 0.729775 8.47984 5
    endloop
  endfacet
  facet normal 0 0 1
    outer loop
      vertex 0.729775 8.47984 5
      vertex -1.04645 15.9657 5
      vertex 0.631427 8.5244 5
    endloop
  endfacet
  facet normal 0 0 1
    outer loop
      vertex 0.631427 8.5244 5
      vertex -1.04645 15.9657 5
      vertex 0.530375 8.56243 5
    endloop
  endfacet
  facet normal 0 0 1
    outer loop
      vertex 0.530375 8.56243 5
      vertex -1.04645 15.9657 5
      vertex 0.427051 8.59378 5
    endloop
  endfacet
  facet normal 0 0 1
    outer loop
      vertex 0.427051 8.59378 5
      vertex -1.04645 15.9657 5
      vertex 0.321898 8.6183 5
    endloop
  endfacet
  facet normal 0 0 1
    outer loop
      vertex 0.321898 8.6183 5
      vertex -1.04645 15.9657 5
      vertex 0.215367 8.63588 5
    endloop
  endfacet
  facet normal 0 0 1
    outer loop
      vertex 0.215367 8.63588 5
      vertex -1.04645 15.9657 5
      vertex 0.107915 8.64647 5
    endloop
  endfacet
  facet normal 0 0 1
    outer loop
      vertex 0.107915 8.64647 5
      vertex -1.04645 15.9657 5
      vertex 0 8.65 5
    endloop
  endfacet
  facet normal 0 0 1
    outer loop
      vertex 0 8.65 5
      vertex -1.04645 15.9657 5
      vertex -0.107915 8.64647 5
    endloop
  endfacet
  facet normal 0 0 1
    outer loop
      vertex -0.107915 8.64647 5
      vertex -1.04645 15.9657 5
      vertex -0.215367 8.63588 5
    endloop
  endfacet
  facet normal 0 0 1
    outer loop
      vertex -0.215367 8.63588 5
      vertex -1.04645 15.9657 5
      vertex -0.321898 8.6183 5
    endloop
  endfacet
  facet normal 0 0 1
    outer loop
      vertex -0.321898 8.6183 5
      vertex -1.04645 15.9657 5
      vertex -0.427051 8.59378 5
    endloop
  endfacet
  facet normal 0 0 1
    outer loop
      vertex -1.04645 15.9657 5
      vertex 28 18.426 5
      vertex 82 23 5
    endloop
  endfacet
  facet normal -0 0 1
    outer loop
      vertex -2.08842 15.8631 5
      vertex -0.427051 8.59378 5
      vertex -1.04645 15.9657 5
    endloop
  endfacet
  facet normal 0 0 1
    outer loop
      vertex -0.427051 8.59378 5
      vertex -2.08842 15.8631 5
      vertex -0.530375 8.56243 5
    endloop
  endfacet
  facet normal 0 0 1
    outer loop
      vertex -0.530375 8.56243 5
      vertex -2.08842 15.8631 5
      vertex -0.631427 8.5244 5
    endloop
  endfacet
  facet normal -0 0 1
    outer loop
      vertex -3.12144 15.6926 5
      vertex -0.631427 8.5244 5
      vertex -2.08842 15.8631 5
    endloop
  endfacet
  facet normal 0 0 1
    outer loop
      vertex -0.631427 8.5244 5
      vertex -3.12144 15.6926 5
      vertex -0.729775 8.47984 5
    endloop
  endfacet
  facet normal 0 0 1
    outer loop
      vertex -0.729775 8.47984 5
      vertex -3.12144 15.6926 5
      vertex -0.825 8.42894 5
    endloop
  endfacet
  facet normal -0 0 1
    outer loop
      vertex -4.1411 15.4548 5
      vertex -0.825 8.42894 5
      vertex -3.12144 15.6926 5
    endloop
  endfacet
  facet normal 0 0 1
    outer loop
      vertex -0.825 8.42894 5
      vertex -4.1411 15.4548 5
      vertex -0.916691 8.37192 5
    endloop
  endfacet
  facet normal 0 0 1
    outer loop
      vertex -0.916691 8.37192 5
      vertex -4.1411 15.4548 5
      vertex -1.00446 8.30903 5
    endloop
  endfacet
  facet normal -0 0 1
    outer loop
      vertex -5.14303 15.1509 5
      vertex -1.00446 8.30903 5
      vertex -4.1411 15.4548 5
    endloop
  endfacet
  facet normal 0 0 1
    outer loop
      vertex -1.00446 8.30903 5
      vertex -5.14303 15.1509 5
      vertex -1.08792 8.24053 5
    endloop
  endfacet
  facet normal 0 0 1
    outer loop
      vertex -1.08792 8.24053 5
      vertex -5.14303 15.1509 5
      vertex -1.16673 8.16673 5
    endloop
  endfacet
  facet normal -0 0 1
    outer loop
      vertex -6.12293 14.7821 5
      vertex -1.16673 8.16673 5
      vertex -5.14303 15.1509 5
    endloop
  endfacet
  facet normal 0 0 1
    outer loop
      vertex -1.16673 8.16673 5
      vertex -6.12293 14.7821 5
      vertex -1.24053 8.08792 5
    endloop
  endfacet
  facet normal 0 0 1
    outer loop
      vertex -1.24053 8.08792 5
      vertex -6.12293 14.7821 5
      vertex -1.30903 8.00446 5
    endloop
  endfacet
  facet normal -0 0 1
    outer loop
      vertex -7.07662 14.35 5
      vertex -1.30903 8.00446 5
      vertex -6.12293 14.7821 5
    endloop
  endfacet
  facet normal 0 0 1
    outer loop
      vertex -1.30903 8.00446 5
      vertex -7.07662 14.35 5
      vertex -1.37192 7.91669 5
    endloop
  endfacet
  facet normal 0 0 1
    outer loop
      vertex -1.37192 7.91669 5
      vertex -7.07662 14.35 5
      vertex -1.42894 7.825 5
    endloop
  endfacet
  facet normal -0 0 1
    outer loop
      vertex -8 13.8564 5
      vertex -1.42894 7.825 5
      vertex -7.07662 14.35 5
    endloop
  endfacet
  facet normal 0 0 1
    outer loop
      vertex -7 1.65 5
      vertex -1.65 7 5
      vertex -1.64647 7.10791 5
    endloop
  endfacet
  facet normal 0 0 1
    outer loop
      vertex -1.65 7 5
      vertex -1.97847 2.5784 5
      vertex -1.8056 2.70228 5
    endloop
  endfacet
  facet normal 0 0 1
    outer loop
      vertex -1.42894 7.825 5
      vertex -8 13.8564 5
      vertex -1.47984 7.72978 5
    endloop
  endfacet
  facet normal 0 0 1
    outer loop
      vertex -1.47984 7.72978 5
      vertex -8 13.8564 5
      vertex -1.5244 7.63143 5
    endloop
  endfacet
  facet normal -0 0 1
    outer loop
      vertex -8.88912 13.3035 5
      vertex -1.5244 7.63143 5
      vertex -8 13.8564 5
    endloop
  endfacet
  facet normal 0 0 1
    outer loop
      vertex -1.5244 7.63143 5
      vertex -8.88912 13.3035 5
      vertex -1.56243 7.53037 5
    endloop
  endfacet
  facet normal 0 0 1
    outer loop
      vertex -1.56243 7.53037 5
      vertex -8.88912 13.3035 5
      vertex -1.59378 7.42705 5
    endloop
  endfacet
  facet normal -0 0 1
    outer loop
      vertex -9.74018 12.6937 5
      vertex -1.59378 7.42705 5
      vertex -8.88912 13.3035 5
    endloop
  endfacet
  facet normal 0 0 1
    outer loop
      vertex -1.59378 7.42705 5
      vertex -9.74018 12.6937 5
      vertex -1.6183 7.3219 5
    endloop
  endfacet
  facet normal -0 0 1
    outer loop
      vertex -10.5495 12.0294 5
      vertex -1.6183 7.3219 5
      vertex -9.74018 12.6937 5
    endloop
  endfacet
  facet normal 0 0 1
    outer loop
      vertex -1.6183 7.3219 5
      vertex -10.5495 12.0294 5
      vertex -1.63588 7.21537 5
    endloop
  endfacet
  facet normal 0 0 1
    outer loop
      vertex -1.65 7 5
      vertex -6.6781 1.6183 5
      vertex -6.57295 1.59378 5
    endloop
  endfacet
  facet normal 0 0 1
    outer loop
      vertex -1.65 7 5
      vertex -6.57295 1.59378 5
      vertex -6.46962 1.56243 5
    endloop
  endfacet
  facet normal 0 0 1
    outer loop
      vertex -1.65 7 5
      vertex -2.14287 2.44348 5
      vertex -1.97847 2.5784 5
    endloop
  endfacet
  facet normal 0 0 1
    outer loop
      vertex -1.65 7 5
      vertex -6.46962 1.56243 5
      vertex -6.36857 1.5244 5
    endloop
  endfacet
  facet normal 0 -0 1
    outer loop
      vertex -6.27022 1.47984 5
      vertex -2.2981 2.2981 5
      vertex -6.36857 1.5244 5
    endloop
  endfacet
  facet normal 0 0 1
    outer loop
      vertex -2.2981 2.2981 5
      vertex -6.27022 1.47984 5
      vertex -2.44348 2.14287 5
    endloop
  endfacet
  facet normal 0 -0 1
    outer loop
      vertex -5.99554 1.30903 5
      vertex -2.70228 1.8056 5
      vertex -6.08331 1.37192 5
    endloop
  endfacet
  facet normal 0 0 1
    outer loop
      vertex -2.91484 1.43744 5
      vertex -5.69097 1.00446 5
      vertex -3.00261 1.24372 5
    endloop
  endfacet
  facet normal 0 -0 1
    outer loop
      vertex -5.75946 1.08792 5
      vertex -2.91484 1.43744 5
      vertex -5.83327 1.16673 5
    endloop
  endfacet
  facet normal -0 0 1
    outer loop
      vertex 8.63588 -0.215367 5
      vertex 28 -16.0175 5
      vertex 8.64647 -0.107915 5
    endloop
  endfacet
  facet normal -0 0 1
    outer loop
      vertex 8.6183 -0.321898 5
      vertex 28 -16.0175 5
      vertex 8.63588 -0.215367 5
    endloop
  endfacet
  facet normal -0 0 1
    outer loop
      vertex 8.59378 -0.427051 5
      vertex 28 -16.0175 5
      vertex 8.6183 -0.321898 5
    endloop
  endfacet
  facet normal -0 0 1
    outer loop
      vertex 8.56243 -0.530375 5
      vertex 28 -16.0175 5
      vertex 8.59378 -0.427051 5
    endloop
  endfacet
  facet normal -0 0 1
    outer loop
      vertex 8.5244 -0.631427 5
      vertex 28 -16.0175 5
      vertex 8.56243 -0.530375 5
    endloop
  endfacet
  facet normal -0 0 1
    outer loop
      vertex 8.47984 -0.729775 5
      vertex 28 -16.0175 5
      vertex 8.5244 -0.631427 5
    endloop
  endfacet
  facet normal -0 0 1
    outer loop
      vertex 8.42894 -0.825 5
      vertex 28 -16.0175 5
      vertex 8.47984 -0.729775 5
    endloop
  endfacet
  facet normal -0 0 1
    outer loop
      vertex 8.37192 -0.916691 5
      vertex 28 -16.0175 5
      vertex 8.42894 -0.825 5
    endloop
  endfacet
  facet normal -0 0 1
    outer loop
      vertex 8.30903 -1.00446 5
      vertex 28 -16.0175 5
      vertex 8.37192 -0.916691 5
    endloop
  endfacet
  facet normal -0 0 1
    outer loop
      vertex 8.24053 -1.08792 5
      vertex 28 -16.0175 5
      vertex 8.30903 -1.00446 5
    endloop
  endfacet
  facet normal -0 0 1
    outer loop
      vertex 8.16673 -1.16673 5
      vertex 28 -16.0175 5
      vertex 8.24053 -1.08792 5
    endloop
  endfacet
  facet normal -0 0 1
    outer loop
      vertex 8.08792 -1.24053 5
      vertex 28 -16.0175 5
      vertex 8.16673 -1.16673 5
    endloop
  endfacet
  facet normal -0 0 1
    outer loop
      vertex 8.00446 -1.30903 5
      vertex 28 -16.0175 5
      vertex 8.08792 -1.24053 5
    endloop
  endfacet
  facet normal -0 0 1
    outer loop
      vertex 7.91669 -1.37192 5
      vertex 28 -16.0175 5
      vertex 8.00446 -1.30903 5
    endloop
  endfacet
  facet normal -0 0 1
    outer loop
      vertex 7.825 -1.42894 5
      vertex 28 -16.0175 5
      vertex 7.91669 -1.37192 5
    endloop
  endfacet
  facet normal -0 0 1
    outer loop
      vertex 7.72978 -1.47984 5
      vertex 28 -16.0175 5
      vertex 7.825 -1.42894 5
    endloop
  endfacet
  facet normal -0 0 1
    outer loop
      vertex 1.47984 -7.72978 5
      vertex 28 -16.0175 5
      vertex 7.72978 -1.47984 5
    endloop
  endfacet
  facet normal 0 0 1
    outer loop
      vertex 1.47984 -7.72978 5
      vertex 7.72978 -1.47984 5
      vertex 7.63143 -1.5244 5
    endloop
  endfacet
  facet normal 0 0 1
    outer loop
      vertex 1.5244 -7.63143 5
      vertex 7.63143 -1.5244 5
      vertex 7.53037 -1.56243 5
    endloop
  endfacet
  facet normal 0 0 1
    outer loop
      vertex 1.56243 -7.53037 5
      vertex 7.53037 -1.56243 5
      vertex 7.42705 -1.59378 5
    endloop
  endfacet
  facet normal 0 0 1
    outer loop
      vertex 1.59378 -7.42705 5
      vertex 7.42705 -1.59378 5
      vertex 7.3219 -1.6183 5
    endloop
  endfacet
  facet normal 0 0 1
    outer loop
      vertex 1.6183 -7.3219 5
      vertex 7.3219 -1.6183 5
      vertex 7.21537 -1.63588 5
    endloop
  endfacet
  facet normal 0 0 1
    outer loop
      vertex 1.63588 -7.21537 5
      vertex 7.21537 -1.63588 5
      vertex 7.10791 -1.64647 5
    endloop
  endfacet
  facet normal 0 0 1
    outer loop
      vertex 1.64647 -7.10791 5
      vertex 7.10791 -1.64647 5
      vertex 7 -1.65 5
    endloop
  endfacet
  facet normal 0 0 1
    outer loop
      vertex 1.65 -7 5
      vertex 7 -1.65 5
      vertex 6.89208 -1.64647 5
    endloop
  endfacet
  facet normal 0 0 1
    outer loop
      vertex 1.64647 -6.89208 5
      vertex 6.89208 -1.64647 5
      vertex 6.78463 -1.63588 5
    endloop
  endfacet
  facet normal 0 0 1
    outer loop
      vertex 1.64647 -6.89208 5
      vertex 6.78463 -1.63588 5
      vertex 6.6781 -1.6183 5
    endloop
  endfacet
  facet normal 0 0 1
    outer loop
      vertex 1.64647 -6.89208 5
      vertex 6.6781 -1.6183 5
      vertex 6.57295 -1.59378 5
    endloop
  endfacet
  facet normal 0 0 1
    outer loop
      vertex 1.64647 -6.89208 5
      vertex 6.57295 -1.59378 5
      vertex 6.46962 -1.56243 5
    endloop
  endfacet
  facet normal 0 0 1
    outer loop
      vertex 1.64647 -6.89208 5
      vertex 6.46962 -1.56243 5
      vertex 6.36857 -1.5244 5
    endloop
  endfacet
  facet normal 0 0 1
    outer loop
      vertex 2.2981 -2.2981 5
      vertex 6.36857 -1.5244 5
      vertex 6.27022 -1.47984 5
    endloop
  endfacet
  facet normal 0 0 1
    outer loop
      vertex 2.44348 -2.14287 5
      vertex 6.27022 -1.47984 5
      vertex 6.175 -1.42894 5
    endloop
  endfacet
  facet normal 0 0 1
    outer loop
      vertex 2.5784 -1.97847 5
      vertex 6.175 -1.42894 5
      vertex 6.08331 -1.37192 5
    endloop
  endfacet
  facet normal 0 0 1
    outer loop
      vertex 2.5784 -1.97847 5
      vertex 6.08331 -1.37192 5
      vertex 5.99554 -1.30903 5
    endloop
  endfacet
  facet normal -0 0 1
    outer loop
      vertex 3.25 0 5
      vertex 5.35353 -0.107915 5
      vertex 5.35 0 5
    endloop
  endfacet
  facet normal 0 0 1
    outer loop
      vertex 3.24304 -0.21256 5
      vertex 5.35353 -0.107915 5
      vertex 3.25 0 5
    endloop
  endfacet
  facet normal 0 0 1
    outer loop
      vertex 5.35353 -0.107915 5
      vertex 3.24304 -0.21256 5
      vertex 5.36412 -0.215367 5
    endloop
  endfacet
  facet normal 0 0 1
    outer loop
      vertex 3.2222 -0.42421 5
      vertex 5.36412 -0.215367 5
      vertex 3.24304 -0.21256 5
    endloop
  endfacet
  facet normal 0 0 1
    outer loop
      vertex 5.36412 -0.215367 5
      vertex 3.2222 -0.42421 5
      vertex 5.3817 -0.321898 5
    endloop
  endfacet
  facet normal 0 0 1
    outer loop
      vertex 5.3817 -0.321898 5
      vertex 3.2222 -0.42421 5
      vertex 5.40622 -0.427051 5
    endloop
  endfacet
  facet normal 0 0 1
    outer loop
      vertex 3.18755 -0.634043 5
      vertex 5.40622 -0.427051 5
      vertex 3.2222 -0.42421 5
    endloop
  endfacet
  facet normal 0 0 1
    outer loop
      vertex 5.40622 -0.427051 5
      vertex 3.18755 -0.634043 5
      vertex 5.43756 -0.530375 5
    endloop
  endfacet
  facet normal 0 0 1
    outer loop
      vertex 5.43756 -0.530375 5
      vertex 3.18755 -0.634043 5
      vertex 5.4756 -0.631427 5
    endloop
  endfacet
  facet normal 0 0 1
    outer loop
      vertex 3.13926 -0.841162 5
      vertex 5.4756 -0.631427 5
      vertex 3.18755 -0.634043 5
    endloop
  endfacet
  facet normal 0 0 1
    outer loop
      vertex 5.4756 -0.631427 5
      vertex 3.13926 -0.841162 5
      vertex 5.52016 -0.729775 5
    endloop
  endfacet
  facet normal 0 0 1
    outer loop
      vertex 3.07752 -1.04468 5
      vertex 5.52016 -0.729775 5
      vertex 3.13926 -0.841162 5
    endloop
  endfacet
  facet normal 0 0 1
    outer loop
      vertex 5.52016 -0.729775 5
      vertex 3.07752 -1.04468 5
      vertex 5.57106 -0.825 5
    endloop
  endfacet
  facet normal 0 0 1
    outer loop
      vertex 5.57106 -0.825 5
      vertex 3.07752 -1.04468 5
      vertex 5.62807 -0.916691 5
    endloop
  endfacet
  facet normal 0 0 1
    outer loop
      vertex 3.00261 -1.24372 5
      vertex 5.62807 -0.916691 5
      vertex 3.07752 -1.04468 5
    endloop
  endfacet
  facet normal 0 0 1
    outer loop
      vertex 5.62807 -0.916691 5
      vertex 3.00261 -1.24372 5
      vertex 5.69097 -1.00446 5
    endloop
  endfacet
  facet normal 0 0 1
    outer loop
      vertex 2.91484 -1.43744 5
      vertex 5.69097 -1.00446 5
      vertex 3.00261 -1.24372 5
    endloop
  endfacet
  facet normal 0 0 1
    outer loop
      vertex 5.69097 -1.00446 5
      vertex 2.91484 -1.43744 5
      vertex 5.75946 -1.08792 5
    endloop
  endfacet
  facet normal 0 0 1
    outer loop
      vertex 5.75946 -1.08792 5
      vertex 2.91484 -1.43744 5
      vertex 5.83327 -1.16673 5
    endloop
  endfacet
  facet normal 0 0 1
    outer loop
      vertex 2.81458 -1.625 5
      vertex 5.83327 -1.16673 5
      vertex 2.91484 -1.43744 5
    endloop
  endfacet
  facet normal 0 0 1
    outer loop
      vertex 5.83327 -1.16673 5
      vertex 2.81458 -1.625 5
      vertex 5.91208 -1.24053 5
    endloop
  endfacet
  facet normal 0 0 1
    outer loop
      vertex 2.70228 -1.8056 5
      vertex 5.91208 -1.24053 5
      vertex 2.81458 -1.625 5
    endloop
  endfacet
  facet normal 0 0 1
    outer loop
      vertex 5.91208 -1.24053 5
      vertex 2.70228 -1.8056 5
      vertex 5.99554 -1.30903 5
    endloop
  endfacet
  facet normal 0 0 1
    outer loop
      vertex 2.5784 -1.97847 5
      vertex 5.99554 -1.30903 5
      vertex 2.70228 -1.8056 5
    endloop
  endfacet
  facet normal 0 0 1
    outer loop
      vertex 6.175 -1.42894 5
      vertex 2.5784 -1.97847 5
      vertex 2.44348 -2.14287 5
    endloop
  endfacet
  facet normal 0 0 1
    outer loop
      vertex 6.27022 -1.47984 5
      vertex 2.44348 -2.14287 5
      vertex 2.2981 -2.2981 5
    endloop
  endfacet
  facet normal 0 0 1
    outer loop
      vertex 1.64647 -6.89208 5
      vertex 6.36857 -1.5244 5
      vertex 2.2981 -2.2981 5
    endloop
  endfacet
  facet normal 0 0 1
    outer loop
      vertex 1.64647 -6.89208 5
      vertex 2.2981 -2.2981 5
      vertex 2.14287 -2.44348 5
    endloop
  endfacet
  facet normal 0 0 1
    outer loop
      vertex 1.64647 -6.89208 5
      vertex 2.14287 -2.44348 5
      vertex 1.97847 -2.5784 5
    endloop
  endfacet
  facet normal 0 0 1
    outer loop
      vertex 1.37192 -6.08331 5
      vertex 1.97847 -2.5784 5
      vertex 1.8056 -2.70228 5
    endloop
  endfacet
  facet normal 0 0 1
    outer loop
      vertex 7 -1.65 5
      vertex 1.65 -7 5
      vertex 1.64647 -7.10791 5
    endloop
  endfacet
  facet normal 0 0 1
    outer loop
      vertex 7.10791 -1.64647 5
      vertex 1.64647 -7.10791 5
      vertex 1.63588 -7.21537 5
    endloop
  endfacet
  facet normal 0 0 1
    outer loop
      vertex 7.21537 -1.63588 5
      vertex 1.63588 -7.21537 5
      vertex 1.6183 -7.3219 5
    endloop
  endfacet
  facet normal 0 0 1
    outer loop
      vertex 7.3219 -1.6183 5
      vertex 1.6183 -7.3219 5
      vertex 1.59378 -7.42705 5
    endloop
  endfacet
  facet normal 0 0 1
    outer loop
      vertex 7.42705 -1.59378 5
      vertex 1.59378 -7.42705 5
      vertex 1.56243 -7.53037 5
    endloop
  endfacet
  facet normal 0 0 1
    outer loop
      vertex 7.53037 -1.56243 5
      vertex 1.56243 -7.53037 5
      vertex 1.5244 -7.63143 5
    endloop
  endfacet
  facet normal 0 0 1
    outer loop
      vertex 7.63143 -1.5244 5
      vertex 1.5244 -7.63143 5
      vertex 1.47984 -7.72978 5
    endloop
  endfacet
  facet normal -0 0 1
    outer loop
      vertex 1.42894 -7.825 5
      vertex 28 -16.0175 5
      vertex 1.47984 -7.72978 5
    endloop
  endfacet
  facet normal -0 0 1
    outer loop
      vertex 1.37192 -7.91669 5
      vertex 28 -16.0175 5
      vertex 1.42894 -7.825 5
    endloop
  endfacet
  facet normal -0 0 1
    outer loop
      vertex -1.04645 -15.9657 5
      vertex 28 -16.0175 5
      vertex 1.37192 -7.91669 5
    endloop
  endfacet
  facet normal 0 0 1
    outer loop
      vertex -1.04645 -15.9657 5
      vertex 1.37192 -7.91669 5
      vertex 1.30903 -8.00446 5
    endloop
  endfacet
  facet normal 0 0 1
    outer loop
      vertex -1.04645 -15.9657 5
      vertex 1.30903 -8.00446 5
      vertex 1.24053 -8.08792 5
    endloop
  endfacet
  facet normal 0 0 1
    outer loop
      vertex -1.04645 -15.9657 5
      vertex 1.24053 -8.08792 5
      vertex 1.16673 -8.16673 5
    endloop
  endfacet
  facet normal 0 0 1
    outer loop
      vertex -1.04645 -15.9657 5
      vertex 1.16673 -8.16673 5
      vertex 1.08792 -8.24053 5
    endloop
  endfacet
  facet normal 0 0 1
    outer loop
      vertex -1.04645 -15.9657 5
      vertex 1.08792 -8.24053 5
      vertex 1.00446 -8.30903 5
    endloop
  endfacet
  facet normal 0 0 1
    outer loop
      vertex -1.04645 -15.9657 5
      vertex 1.00446 -8.30903 5
      vertex 0.916691 -8.37192 5
    endloop
  endfacet
  facet normal 0 0 1
    outer loop
      vertex -1.04645 -15.9657 5
      vertex 0.916691 -8.37192 5
      vertex 0.825 -8.42894 5
    endloop
  endfacet
  facet normal 0 0 1
    outer loop
      vertex -1.04645 -15.9657 5
      vertex 0.825 -8.42894 5
      vertex 0.729775 -8.47984 5
    endloop
  endfacet
  facet normal 0 0 1
    outer loop
      vertex -1.04645 -15.9657 5
      vertex 0.729775 -8.47984 5
      vertex 0.631427 -8.5244 5
    endloop
  endfacet
  facet normal 0 0 1
    outer loop
      vertex -1.04645 -15.9657 5
      vertex 0.631427 -8.5244 5
      vertex 0.530375 -8.56243 5
    endloop
  endfacet
  facet normal 0 0 1
    outer loop
      vertex -1.04645 -15.9657 5
      vertex 0.530375 -8.56243 5
      vertex 0.427051 -8.59378 5
    endloop
  endfacet
  facet normal 0 0 1
    outer loop
      vertex -1.04645 -15.9657 5
      vertex 0.427051 -8.59378 5
      vertex 0.321898 -8.6183 5
    endloop
  endfacet
  facet normal 0 0 1
    outer loop
      vertex -1.04645 -15.9657 5
      vertex 0.321898 -8.6183 5
      vertex 0.215367 -8.63588 5
    endloop
  endfacet
  facet normal 0 0 1
    outer loop
      vertex -1.04645 -15.9657 5
      vertex 0.215367 -8.63588 5
      vertex 0.107915 -8.64647 5
    endloop
  endfacet
  facet normal 0 0 1
    outer loop
      vertex -1.04645 -15.9657 5
      vertex 0.107915 -8.64647 5
      vertex 0 -8.65 5
    endloop
  endfacet
  facet normal 0 0 1
    outer loop
      vertex -1.04645 -15.9657 5
      vertex 0 -8.65 5
      vertex -0.107915 -8.64647 5
    endloop
  endfacet
  facet normal 0 0 1
    outer loop
      vertex -1.04645 -15.9657 5
      vertex -0.107915 -8.64647 5
      vertex -0.215367 -8.63588 5
    endloop
  endfacet
  facet normal 0 0 1
    outer loop
      vertex -1.04645 -15.9657 5
      vertex -0.215367 -8.63588 5
      vertex -0.321898 -8.6183 5
    endloop
  endfacet
  facet normal 0 0 1
    outer loop
      vertex -1.04645 -15.9657 5
      vertex -0.321898 -8.6183 5
      vertex -0.427051 -8.59378 5
    endloop
  endfacet
  facet normal 0 0 1
    outer loop
      vertex -2.08842 -15.8631 5
      vertex -0.427051 -8.59378 5
      vertex -0.530375 -8.56243 5
    endloop
  endfacet
  facet normal 0 0 1
    outer loop
      vertex 28 -18.426 5
      vertex -1.04645 -15.9657 5
      vertex 82 -23 5
    endloop
  endfacet
  facet normal 0 0 1
    outer loop
      vertex 28 -16.0175 5
      vertex -1.04645 -15.9657 5
      vertex 28 -18.426 5
    endloop
  endfacet
  facet normal 0 0 1
    outer loop
      vertex -2.08842 -15.8631 5
      vertex -0.530375 -8.56243 5
      vertex -0.631427 -8.5244 5
    endloop
  endfacet
  facet normal 0 0 1
    outer loop
      vertex -3.12144 -15.6926 5
      vertex -0.631427 -8.5244 5
      vertex -0.729775 -8.47984 5
    endloop
  endfacet
  facet normal 0 0 1
    outer loop
      vertex -3.12144 -15.6926 5
      vertex -0.729775 -8.47984 5
      vertex -0.825 -8.42894 5
    endloop
  endfacet
  facet normal 0 0 1
    outer loop
      vertex -4.1411 -15.4548 5
      vertex -0.825 -8.42894 5
      vertex -0.916691 -8.37192 5
    endloop
  endfacet
  facet normal 0 0 1
    outer loop
      vertex -4.1411 -15.4548 5
      vertex -0.916691 -8.37192 5
      vertex -1.00446 -8.30903 5
    endloop
  endfacet
  facet normal 0 0 1
    outer loop
      vertex -5.14303 -15.1509 5
      vertex -1.00446 -8.30903 5
      vertex -1.08792 -8.24053 5
    endloop
  endfacet
  facet normal 0 0 1
    outer loop
      vertex -5.14303 -15.1509 5
      vertex -1.08792 -8.24053 5
      vertex -1.16673 -8.16673 5
    endloop
  endfacet
  facet normal 0 0 1
    outer loop
      vertex -5.14303 -15.1509 5
      vertex -1.16673 -8.16673 5
      vertex -1.24053 -8.08792 5
    endloop
  endfacet
  facet normal 0 0 1
    outer loop
      vertex -5.14303 -15.1509 5
      vertex -1.24053 -8.08792 5
      vertex -1.30903 -8.00446 5
    endloop
  endfacet
  facet normal 0 0 1
    outer loop
      vertex -5.14303 -15.1509 5
      vertex -1.30903 -8.00446 5
      vertex -1.37192 -7.91669 5
    endloop
  endfacet
  facet normal 0 0 1
    outer loop
      vertex -5.14303 -15.1509 5
      vertex -1.37192 -7.91669 5
      vertex -1.42894 -7.825 5
    endloop
  endfacet
  facet normal 0 0 1
    outer loop
      vertex -5.14303 -15.1509 5
      vertex -1.42894 -7.825 5
      vertex -1.47984 -7.72978 5
    endloop
  endfacet
  facet normal 0 0 1
    outer loop
      vertex -5.14303 -15.1509 5
      vertex -1.47984 -7.72978 5
      vertex -1.5244 -7.63143 5
    endloop
  endfacet
  facet normal 0 0 1
    outer loop
      vertex -5.14303 -15.1509 5
      vertex -1.5244 -7.63143 5
      vertex -1.56243 -7.53037 5
    endloop
  endfacet
  facet normal 0 0 1
    outer loop
      vertex -5.14303 -15.1509 5
      vertex -1.56243 -7.53037 5
      vertex -1.59378 -7.42705 5
    endloop
  endfacet
  facet normal 0 0 1
    outer loop
      vertex -5.14303 -15.1509 5
      vertex -1.59378 -7.42705 5
      vertex -1.6183 -7.3219 5
    endloop
  endfacet
  facet normal 0 0 1
    outer loop
      vertex -5.14303 -15.1509 5
      vertex -1.6183 -7.3219 5
      vertex -1.63588 -7.21537 5
    endloop
  endfacet
  facet normal 0 0 1
    outer loop
      vertex -5.14303 -15.1509 5
      vertex -1.63588 -7.21537 5
      vertex -1.64647 -7.10791 5
    endloop
  endfacet
  facet normal 0 0 1
    outer loop
      vertex -3.07752 -1.04468 5
      vertex -5.62807 -0.916691 5
      vertex -3.00261 -1.24372 5
    endloop
  endfacet
  facet normal 0 0 1
    outer loop
      vertex -3.13926 -0.841162 5
      vertex -5.52016 -0.729775 5
      vertex -3.07752 -1.04468 5
    endloop
  endfacet
  facet normal -0 0 1
    outer loop
      vertex -5.52016 -0.729775 5
      vertex -3.13926 -0.841162 5
      vertex -5.4756 -0.631427 5
    endloop
  endfacet
  facet normal 0 0 1
    outer loop
      vertex -0.427051 -8.59378 5
      vertex -2.08842 -15.8631 5
      vertex -1.04645 -15.9657 5
    endloop
  endfacet
  facet normal -0 0 1
    outer loop
      vertex -5.57106 -0.825 5
      vertex -3.07752 -1.04468 5
      vertex -5.52016 -0.729775 5
    endloop
  endfacet
  facet normal -0 0 1
    outer loop
      vertex -5.62807 -0.916691 5
      vertex -3.07752 -1.04468 5
      vertex -5.57106 -0.825 5
    endloop
  endfacet
  facet normal -0 0 1
    outer loop
      vertex -5.69097 -1.00446 5
      vertex -3.00261 -1.24372 5
      vertex -5.62807 -0.916691 5
    endloop
  endfacet
  facet normal -0 0 1
    outer loop
      vertex -5.75946 -1.08792 5
      vertex -2.91484 -1.43744 5
      vertex -5.69097 -1.00446 5
    endloop
  endfacet
  facet normal -0 0 1
    outer loop
      vertex -5.4756 -0.631427 5
      vertex -3.13926 -0.841162 5
      vertex -5.43756 -0.530375 5
    endloop
  endfacet
  facet normal 0 0 1
    outer loop
      vertex -3.18755 -0.634043 5
      vertex -5.43756 -0.530375 5
      vertex -3.13926 -0.841162 5
    endloop
  endfacet
  facet normal -0 0 1
    outer loop
      vertex -5.43756 -0.530375 5
      vertex -3.18755 -0.634043 5
      vertex -5.40622 -0.427051 5
    endloop
  endfacet
  facet normal 0 0 1
    outer loop
      vertex -3.2222 -0.42421 5
      vertex -5.40622 -0.427051 5
      vertex -3.18755 -0.634043 5
    endloop
  endfacet
  facet normal 0 0 1
    outer loop
      vertex -5.40622 -0.427051 5
      vertex -3.2222 -0.42421 5
      vertex -5.3817 -0.321898 5
    endloop
  endfacet
  facet normal 0 0 1
    outer loop
      vertex -0.631427 -8.5244 5
      vertex -3.12144 -15.6926 5
      vertex -2.08842 -15.8631 5
    endloop
  endfacet
  facet normal -0 0 1
    outer loop
      vertex -5.3817 -0.321898 5
      vertex -3.2222 -0.42421 5
      vertex -5.36412 -0.215367 5
    endloop
  endfacet
  facet normal 0 0 1
    outer loop
      vertex -3.24304 -0.21256 5
      vertex -5.36412 -0.215367 5
      vertex -3.2222 -0.42421 5
    endloop
  endfacet
  facet normal 0 0 1
    outer loop
      vertex -5.36412 -0.215367 5
      vertex -3.24304 -0.21256 5
      vertex -5.35353 -0.107915 5
    endloop
  endfacet
  facet normal 0 0 1
    outer loop
      vertex -3.25 0 5
      vertex -5.35353 -0.107915 5
      vertex -3.24304 -0.21256 5
    endloop
  endfacet
  facet normal 0 0 1
    outer loop
      vertex -5.35353 -0.107915 5
      vertex -3.25 0 5
      vertex -5.35 0 5
    endloop
  endfacet
  facet normal 0 0 1
    outer loop
      vertex -3.00261 1.24372 5
      vertex -5.62807 0.916691 5
      vertex -3.07752 1.04468 5
    endloop
  endfacet
  facet normal -0 0 1
    outer loop
      vertex -5.83327 -1.16673 5
      vertex -2.91484 -1.43744 5
      vertex -5.75946 -1.08792 5
    endloop
  endfacet
  facet normal 0 -0 1
    outer loop
      vertex -5.83327 1.16673 5
      vertex -2.81458 1.625 5
      vertex -5.91208 1.24053 5
    endloop
  endfacet
  facet normal 0 0 1
    outer loop
      vertex -0.825 -8.42894 5
      vertex -4.1411 -15.4548 5
      vertex -3.12144 -15.6926 5
    endloop
  endfacet
  facet normal 0 0 1
    outer loop
      vertex -1.00446 -8.30903 5
      vertex -5.14303 -15.1509 5
      vertex -4.1411 -15.4548 5
    endloop
  endfacet
  facet normal 0 0 1
    outer loop
      vertex -3.25 0 5
      vertex -5.35353 0.107915 5
      vertex -5.35 0 5
    endloop
  endfacet
  facet normal 0 0 1
    outer loop
      vertex -3.24304 0.21256 5
      vertex -5.35353 0.107915 5
      vertex -3.25 0 5
    endloop
  endfacet
  facet normal 0 -0 1
    outer loop
      vertex -5.35353 0.107915 5
      vertex -3.24304 0.21256 5
      vertex -5.36412 0.215367 5
    endloop
  endfacet
  facet normal 0 0 1
    outer loop
      vertex -3.2222 0.42421 5
      vertex -5.36412 0.215367 5
      vertex -3.24304 0.21256 5
    endloop
  endfacet
  facet normal 0 -0 1
    outer loop
      vertex -5.36412 0.215367 5
      vertex -3.2222 0.42421 5
      vertex -5.3817 0.321898 5
    endloop
  endfacet
  facet normal 0 -0 1
    outer loop
      vertex -5.3817 0.321898 5
      vertex -3.2222 0.42421 5
      vertex -5.40622 0.427051 5
    endloop
  endfacet
  facet normal 0 0 1
    outer loop
      vertex -3.18755 0.634043 5
      vertex -5.40622 0.427051 5
      vertex -3.2222 0.42421 5
    endloop
  endfacet
  facet normal 0 -0 1
    outer loop
      vertex -5.40622 0.427051 5
      vertex -3.18755 0.634043 5
      vertex -5.43756 0.530375 5
    endloop
  endfacet
  facet normal 0 -0 1
    outer loop
      vertex -5.43756 0.530375 5
      vertex -3.18755 0.634043 5
      vertex -5.4756 0.631427 5
    endloop
  endfacet
  facet normal 0 0 1
    outer loop
      vertex -3.13926 0.841162 5
      vertex -5.4756 0.631427 5
      vertex -3.18755 0.634043 5
    endloop
  endfacet
  facet normal 0 -0 1
    outer loop
      vertex -5.4756 0.631427 5
      vertex -3.13926 0.841162 5
      vertex -5.52016 0.729775 5
    endloop
  endfacet
  facet normal 0 0 1
    outer loop
      vertex -3.07752 1.04468 5
      vertex -5.52016 0.729775 5
      vertex -3.13926 0.841162 5
    endloop
  endfacet
  facet normal 0 -0 1
    outer loop
      vertex -5.52016 0.729775 5
      vertex -3.07752 1.04468 5
      vertex -5.57106 0.825 5
    endloop
  endfacet
  facet normal 0 -0 1
    outer loop
      vertex -5.57106 0.825 5
      vertex -3.07752 1.04468 5
      vertex -5.62807 0.916691 5
    endloop
  endfacet
  facet normal 0 -0 1
    outer loop
      vertex -5.62807 0.916691 5
      vertex -3.00261 1.24372 5
      vertex -5.69097 1.00446 5
    endloop
  endfacet
  facet normal 0 0 1
    outer loop
      vertex -2.70228 1.8056 5
      vertex -5.91208 1.24053 5
      vertex -2.81458 1.625 5
    endloop
  endfacet
  facet normal 0 -0 1
    outer loop
      vertex -5.69097 1.00446 5
      vertex -2.91484 1.43744 5
      vertex -5.75946 1.08792 5
    endloop
  endfacet
  facet normal 0 0 1
    outer loop
      vertex -2.81458 1.625 5
      vertex -5.83327 1.16673 5
      vertex -2.91484 1.43744 5
    endloop
  endfacet
  facet normal 0 -0 1
    outer loop
      vertex -5.91208 1.24053 5
      vertex -2.70228 1.8056 5
      vertex -5.99554 1.30903 5
    endloop
  endfacet
  facet normal 0 -0 1
    outer loop
      vertex -6.08331 1.37192 5
      vertex -2.5784 1.97847 5
      vertex -6.175 1.42894 5
    endloop
  endfacet
  facet normal 0 0 1
    outer loop
      vertex -2.5784 1.97847 5
      vertex -6.08331 1.37192 5
      vertex -2.70228 1.8056 5
    endloop
  endfacet
  facet normal 0 0 1
    outer loop
      vertex -2.44348 2.14287 5
      vertex -6.175 1.42894 5
      vertex -2.5784 1.97847 5
    endloop
  endfacet
  facet normal 0 -0 1
    outer loop
      vertex -6.175 1.42894 5
      vertex -2.44348 2.14287 5
      vertex -6.27022 1.47984 5
    endloop
  endfacet
  facet normal 0 0 1
    outer loop
      vertex -1.65 7 5
      vertex -6.36857 1.5244 5
      vertex -2.2981 2.2981 5
    endloop
  endfacet
  facet normal 0 0 1
    outer loop
      vertex -1.65 7 5
      vertex -2.2981 2.2981 5
      vertex -2.14287 2.44348 5
    endloop
  endfacet
  facet normal 0 0 1
    outer loop
      vertex -1.65 7 5
      vertex -6.78463 1.63588 5
      vertex -6.6781 1.6183 5
    endloop
  endfacet
  facet normal 0 0 1
    outer loop
      vertex -1.65 7 5
      vertex -6.89208 1.64647 5
      vertex -6.78463 1.63588 5
    endloop
  endfacet
  facet normal 0 0 1
    outer loop
      vertex -1.65 7 5
      vertex -7 1.65 5
      vertex -6.89208 1.64647 5
    endloop
  endfacet
  facet normal 0 0 1
    outer loop
      vertex -1.64647 7.10791 5
      vertex -7.10791 1.64647 5
      vertex -7 1.65 5
    endloop
  endfacet
  facet normal 0 0 1
    outer loop
      vertex -1.63588 7.21537 5
      vertex -10.5495 12.0294 5
      vertex -1.64647 7.10791 5
    endloop
  endfacet
  facet normal -0 0 1
    outer loop
      vertex -11.3137 11.3137 5
      vertex -1.64647 7.10791 5
      vertex -10.5495 12.0294 5
    endloop
  endfacet
  facet normal 0 0 1
    outer loop
      vertex -1.64647 7.10791 5
      vertex -11.3137 11.3137 5
      vertex -7.10791 1.64647 5
    endloop
  endfacet
  facet normal -0 0 1
    outer loop
      vertex -12.0294 10.5495 5
      vertex -7.10791 1.64647 5
      vertex -11.3137 11.3137 5
    endloop
  endfacet
  facet normal 0 0 1
    outer loop
      vertex -7.10791 1.64647 5
      vertex -12.0294 10.5495 5
      vertex -7.21537 1.63588 5
    endloop
  endfacet
  facet normal 0 0 1
    outer loop
      vertex -7.21537 1.63588 5
      vertex -12.0294 10.5495 5
      vertex -7.3219 1.6183 5
    endloop
  endfacet
  facet normal -0 0 1
    outer loop
      vertex -12.6937 9.74018 5
      vertex -7.3219 1.6183 5
      vertex -12.0294 10.5495 5
    endloop
  endfacet
  facet normal 0 0 1
    outer loop
      vertex -7.3219 1.6183 5
      vertex -12.6937 9.74018 5
      vertex -7.42705 1.59378 5
    endloop
  endfacet
  facet normal 0 0 1
    outer loop
      vertex -7.42705 1.59378 5
      vertex -12.6937 9.74018 5
      vertex -7.53037 1.56243 5
    endloop
  endfacet
  facet normal -0 0 1
    outer loop
      vertex -13.3035 8.88912 5
      vertex -7.53037 1.56243 5
      vertex -12.6937 9.74018 5
    endloop
  endfacet
  facet normal 0 0 1
    outer loop
      vertex -7.53037 1.56243 5
      vertex -13.3035 8.88912 5
      vertex -7.63143 1.5244 5
    endloop
  endfacet
  facet normal -0 0 1
    outer loop
      vertex -13.8564 8 5
      vertex -7.63143 1.5244 5
      vertex -13.3035 8.88912 5
    endloop
  endfacet
  facet normal 0 0 1
    outer loop
      vertex -7.63143 1.5244 5
      vertex -13.8564 8 5
      vertex -7.72978 1.47984 5
    endloop
  endfacet
  facet normal 0 0 1
    outer loop
      vertex -7.72978 1.47984 5
      vertex -13.8564 8 5
      vertex -7.825 1.42894 5
    endloop
  endfacet
  facet normal -0 0 1
    outer loop
      vertex -14.35 7.07662 5
      vertex -7.825 1.42894 5
      vertex -13.8564 8 5
    endloop
  endfacet
  facet normal 0 0 1
    outer loop
      vertex -7.825 1.42894 5
      vertex -14.35 7.07662 5
      vertex -7.91669 1.37192 5
    endloop
  endfacet
  facet normal 0 0 1
    outer loop
      vertex -7.91669 1.37192 5
      vertex -14.35 7.07662 5
      vertex -8.00446 1.30903 5
    endloop
  endfacet
  facet normal -0 0 1
    outer loop
      vertex -14.7821 6.12293 5
      vertex -8.00446 1.30903 5
      vertex -14.35 7.07662 5
    endloop
  endfacet
  facet normal 0 0 1
    outer loop
      vertex -8.00446 1.30903 5
      vertex -14.7821 6.12293 5
      vertex -8.08792 1.24053 5
    endloop
  endfacet
  facet normal 0 0 1
    outer loop
      vertex -8.08792 1.24053 5
      vertex -14.7821 6.12293 5
      vertex -8.16673 1.16673 5
    endloop
  endfacet
  facet normal -0 0 1
    outer loop
      vertex -15.1509 5.14303 5
      vertex -8.16673 1.16673 5
      vertex -14.7821 6.12293 5
    endloop
  endfacet
  facet normal 0 0 1
    outer loop
      vertex -8.24053 1.08792 5
      vertex -15.1509 5.14303 5
      vertex -8.30903 1.00446 5
    endloop
  endfacet
  facet normal 0 0 1
    outer loop
      vertex -8.16673 1.16673 5
      vertex -15.1509 5.14303 5
      vertex -8.24053 1.08792 5
    endloop
  endfacet
  facet normal 0 0 1
    outer loop
      vertex 6.27022 1.47984 5
      vertex 2.44348 2.14287 5
      vertex 6.175 1.42894 5
    endloop
  endfacet
  facet normal 0 0 1
    outer loop
      vertex 6.175 1.42894 5
      vertex 2.5784 1.97847 5
      vertex 6.08331 1.37192 5
    endloop
  endfacet
  facet normal -0 -0 1
    outer loop
      vertex 2.5784 1.97847 5
      vertex 6.175 1.42894 5
      vertex 2.44348 2.14287 5
    endloop
  endfacet
  facet normal -0 0 1
    outer loop
      vertex 1.47984 6.27022 5
      vertex 2.2981 2.2981 5
      vertex 1.5244 6.36857 5
    endloop
  endfacet
  facet normal 0 0 1
    outer loop
      vertex 2.2981 2.2981 5
      vertex 1.47984 6.27022 5
      vertex 2.14287 2.44348 5
    endloop
  endfacet
  facet normal -0 0 1
    outer loop
      vertex 1.42894 6.175 5
      vertex 2.14287 2.44348 5
      vertex 1.47984 6.27022 5
    endloop
  endfacet
  facet normal 0 0 1
    outer loop
      vertex 2.14287 2.44348 5
      vertex 1.42894 6.175 5
      vertex 1.97847 2.5784 5
    endloop
  endfacet
  facet normal -0 0 1
    outer loop
      vertex 1.37192 6.08331 5
      vertex 1.97847 2.5784 5
      vertex 1.42894 6.175 5
    endloop
  endfacet
  facet normal 0 0 1
    outer loop
      vertex 1.97847 2.5784 5
      vertex 1.37192 6.08331 5
      vertex 1.8056 2.70228 5
    endloop
  endfacet
  facet normal -0 0 1
    outer loop
      vertex 1.30903 5.99554 5
      vertex 1.8056 2.70228 5
      vertex 1.37192 6.08331 5
    endloop
  endfacet
  facet normal -0 0 1
    outer loop
      vertex 1.24053 5.91208 5
      vertex 1.8056 2.70228 5
      vertex 1.30903 5.99554 5
    endloop
  endfacet
  facet normal 0 0 1
    outer loop
      vertex 1.8056 2.70228 5
      vertex 1.24053 5.91208 5
      vertex 1.625 2.81458 5
    endloop
  endfacet
  facet normal -0 0 1
    outer loop
      vertex 1.16673 5.83327 5
      vertex 1.625 2.81458 5
      vertex 1.24053 5.91208 5
    endloop
  endfacet
  facet normal 0 0 1
    outer loop
      vertex 1.625 2.81458 5
      vertex 1.16673 5.83327 5
      vertex 1.43744 2.91484 5
    endloop
  endfacet
  facet normal -0 0 1
    outer loop
      vertex 1.08792 5.75946 5
      vertex 1.43744 2.91484 5
      vertex 1.16673 5.83327 5
    endloop
  endfacet
  facet normal -0 0 1
    outer loop
      vertex 1.00446 5.69097 5
      vertex 1.43744 2.91484 5
      vertex 1.08792 5.75946 5
    endloop
  endfacet
  facet normal 0 0 1
    outer loop
      vertex 1.43744 2.91484 5
      vertex 1.00446 5.69097 5
      vertex 1.24372 3.00261 5
    endloop
  endfacet
  facet normal -0 0 1
    outer loop
      vertex 0.916691 5.62807 5
      vertex 1.24372 3.00261 5
      vertex 1.00446 5.69097 5
    endloop
  endfacet
  facet normal 0 0 1
    outer loop
      vertex 1.24372 3.00261 5
      vertex 0.916691 5.62807 5
      vertex 1.04468 3.07752 5
    endloop
  endfacet
  facet normal -0 0 1
    outer loop
      vertex 0.825 5.57106 5
      vertex 1.04468 3.07752 5
      vertex 0.916691 5.62807 5
    endloop
  endfacet
  facet normal -0 0 1
    outer loop
      vertex 0.729775 5.52016 5
      vertex 1.04468 3.07752 5
      vertex 0.825 5.57106 5
    endloop
  endfacet
  facet normal 0 0 1
    outer loop
      vertex 1.04468 3.07752 5
      vertex 0.729775 5.52016 5
      vertex 0.841162 3.13926 5
    endloop
  endfacet
  facet normal -0 0 1
    outer loop
      vertex 0.631427 5.4756 5
      vertex 0.841162 3.13926 5
      vertex 0.729775 5.52016 5
    endloop
  endfacet
  facet normal 0 0 1
    outer loop
      vertex 0.841162 3.13926 5
      vertex 0.631427 5.4756 5
      vertex 0.634043 3.18755 5
    endloop
  endfacet
  facet normal -0 0 1
    outer loop
      vertex 0.530375 5.43756 5
      vertex 0.634043 3.18755 5
      vertex 0.631427 5.4756 5
    endloop
  endfacet
  facet normal -0 0 1
    outer loop
      vertex 0.427051 5.40622 5
      vertex 0.634043 3.18755 5
      vertex 0.530375 5.43756 5
    endloop
  endfacet
  facet normal 0 0 1
    outer loop
      vertex 0.427051 5.40622 5
      vertex 0.42421 3.2222 5
      vertex 0.634043 3.18755 5
    endloop
  endfacet
  facet normal -0 0 1
    outer loop
      vertex 0.321898 5.3817 5
      vertex 0.42421 3.2222 5
      vertex 0.427051 5.40622 5
    endloop
  endfacet
  facet normal -0 0 1
    outer loop
      vertex 0.215367 5.36412 5
      vertex 0.42421 3.2222 5
      vertex 0.321898 5.3817 5
    endloop
  endfacet
  facet normal 0 0 1
    outer loop
      vertex 0.215367 5.36412 5
      vertex 0.21256 3.24304 5
      vertex 0.42421 3.2222 5
    endloop
  endfacet
  facet normal -0 0 1
    outer loop
      vertex 0.107915 5.35353 5
      vertex 0.21256 3.24304 5
      vertex 0.215367 5.36412 5
    endloop
  endfacet
  facet normal 0 0 1
    outer loop
      vertex 0 3.25 5
      vertex 0.107915 5.35353 5
      vertex 0 5.35 5
    endloop
  endfacet
  facet normal 0 0 1
    outer loop
      vertex 0.107915 5.35353 5
      vertex 0 3.25 5
      vertex 0.21256 3.24304 5
    endloop
  endfacet
  facet normal 0 0 1
    outer loop
      vertex -0.107915 5.35353 5
      vertex 0 3.25 5
      vertex 0 5.35 5
    endloop
  endfacet
  facet normal 0 0 1
    outer loop
      vertex -0.107915 5.35353 5
      vertex -0.21256 3.24304 5
      vertex 0 3.25 5
    endloop
  endfacet
  facet normal 0 0 1
    outer loop
      vertex -0.215367 5.36412 5
      vertex -0.21256 3.24304 5
      vertex -0.107915 5.35353 5
    endloop
  endfacet
  facet normal 0 0 1
    outer loop
      vertex -0.42421 3.2222 5
      vertex -0.215367 5.36412 5
      vertex -0.321898 5.3817 5
    endloop
  endfacet
  facet normal 0 0 1
    outer loop
      vertex -0.215367 5.36412 5
      vertex -0.42421 3.2222 5
      vertex -0.21256 3.24304 5
    endloop
  endfacet
  facet normal 0 0 1
    outer loop
      vertex -0.427051 5.40622 5
      vertex -0.42421 3.2222 5
      vertex -0.321898 5.3817 5
    endloop
  endfacet
  facet normal 0 0 1
    outer loop
      vertex -0.634043 3.18755 5
      vertex -0.427051 5.40622 5
      vertex -0.530375 5.43756 5
    endloop
  endfacet
  facet normal 0 0 1
    outer loop
      vertex -0.634043 3.18755 5
      vertex -0.530375 5.43756 5
      vertex -0.631427 5.4756 5
    endloop
  endfacet
  facet normal 0 0 1
    outer loop
      vertex -0.427051 5.40622 5
      vertex -0.634043 3.18755 5
      vertex -0.42421 3.2222 5
    endloop
  endfacet
  facet normal 0 0 1
    outer loop
      vertex -0.841162 3.13926 5
      vertex -0.631427 5.4756 5
      vertex -0.729775 5.52016 5
    endloop
  endfacet
  facet normal 0 0 1
    outer loop
      vertex -1.04468 3.07752 5
      vertex -0.729775 5.52016 5
      vertex -0.825 5.57106 5
    endloop
  endfacet
  facet normal 0 0 1
    outer loop
      vertex -0.631427 5.4756 5
      vertex -0.841162 3.13926 5
      vertex -0.634043 3.18755 5
    endloop
  endfacet
  facet normal 0 0 1
    outer loop
      vertex -1.04468 3.07752 5
      vertex -0.825 5.57106 5
      vertex -0.916691 5.62807 5
    endloop
  endfacet
  facet normal 0 0 1
    outer loop
      vertex -1.24372 3.00261 5
      vertex -0.916691 5.62807 5
      vertex -1.00446 5.69097 5
    endloop
  endfacet
  facet normal 0 0 1
    outer loop
      vertex -0.729775 5.52016 5
      vertex -1.04468 3.07752 5
      vertex -0.841162 3.13926 5
    endloop
  endfacet
  facet normal 0 0 1
    outer loop
      vertex -1.43744 2.91484 5
      vertex -1.00446 5.69097 5
      vertex -1.08792 5.75946 5
    endloop
  endfacet
  facet normal 0 0 1
    outer loop
      vertex -1.43744 2.91484 5
      vertex -1.08792 5.75946 5
      vertex -1.16673 5.83327 5
    endloop
  endfacet
  facet normal 0 0 1
    outer loop
      vertex -1.625 2.81458 5
      vertex -1.16673 5.83327 5
      vertex -1.24053 5.91208 5
    endloop
  endfacet
  facet normal 0 0 1
    outer loop
      vertex -0.916691 5.62807 5
      vertex -1.24372 3.00261 5
      vertex -1.04468 3.07752 5
    endloop
  endfacet
  facet normal 0 0 1
    outer loop
      vertex -1.8056 2.70228 5
      vertex -1.24053 5.91208 5
      vertex -1.30903 5.99554 5
    endloop
  endfacet
  facet normal 0 0 1
    outer loop
      vertex -1.8056 2.70228 5
      vertex -1.30903 5.99554 5
      vertex -1.37192 6.08331 5
    endloop
  endfacet
  facet normal 0 0 1
    outer loop
      vertex -1.8056 2.70228 5
      vertex -1.37192 6.08331 5
      vertex -1.42894 6.175 5
    endloop
  endfacet
  facet normal 0 0 1
    outer loop
      vertex -1.00446 5.69097 5
      vertex -1.43744 2.91484 5
      vertex -1.24372 3.00261 5
    endloop
  endfacet
  facet normal 0 0 1
    outer loop
      vertex -1.8056 2.70228 5
      vertex -1.42894 6.175 5
      vertex -1.47984 6.27022 5
    endloop
  endfacet
  facet normal 0 0 1
    outer loop
      vertex -1.8056 2.70228 5
      vertex -1.47984 6.27022 5
      vertex -1.5244 6.36857 5
    endloop
  endfacet
  facet normal 0 0 1
    outer loop
      vertex -1.8056 2.70228 5
      vertex -1.5244 6.36857 5
      vertex -1.56243 6.46962 5
    endloop
  endfacet
  facet normal 0 0 1
    outer loop
      vertex -1.8056 2.70228 5
      vertex -1.56243 6.46962 5
      vertex -1.59378 6.57295 5
    endloop
  endfacet
  facet normal 0 0 1
    outer loop
      vertex -1.8056 2.70228 5
      vertex -1.59378 6.57295 5
      vertex -1.6183 6.6781 5
    endloop
  endfacet
  facet normal 0 0 1
    outer loop
      vertex -1.16673 5.83327 5
      vertex -1.625 2.81458 5
      vertex -1.43744 2.91484 5
    endloop
  endfacet
  facet normal 0 0 1
    outer loop
      vertex -1.8056 2.70228 5
      vertex -1.6183 6.6781 5
      vertex -1.63588 6.78463 5
    endloop
  endfacet
  facet normal 0 0 1
    outer loop
      vertex -1.8056 2.70228 5
      vertex -1.63588 6.78463 5
      vertex -1.64647 6.89208 5
    endloop
  endfacet
  facet normal 0 0 1
    outer loop
      vertex -1.8056 2.70228 5
      vertex -1.64647 6.89208 5
      vertex -1.65 7 5
    endloop
  endfacet
  facet normal 0 0 1
    outer loop
      vertex -1.24053 5.91208 5
      vertex -1.8056 2.70228 5
      vertex -1.625 2.81458 5
    endloop
  endfacet
  facet normal 0 0 1
    outer loop
      vertex 78 19 5
      vertex 39 0 5
      vertex 78 -19 5
    endloop
  endfacet
  facet normal 0 0 1
    outer loop
      vertex 37.6374 3.00736 5
      vertex 78 19 5
      vertex 78.0769 19.7803 5
    endloop
  endfacet
  facet normal 0 0 1
    outer loop
      vertex 28 16.0175 5
      vertex 78.0769 19.7803 5
      vertex 78.2259 20.2717 5
    endloop
  endfacet
  facet normal 0 0 1
    outer loop
      vertex 78 19 5
      vertex 38.9914 0.261612 5
      vertex 39 0 5
    endloop
  endfacet
  facet normal 0 0 1
    outer loop
      vertex 78 19 5
      vertex 38.9658 0.522104 5
      vertex 38.9914 0.261612 5
    endloop
  endfacet
  facet normal 0 0 1
    outer loop
      vertex 78 19 5
      vertex 38.9231 0.780361 5
      vertex 38.9658 0.522104 5
    endloop
  endfacet
  facet normal 0 0 1
    outer loop
      vertex 78 19 5
      vertex 38.8637 1.03528 5
      vertex 38.9231 0.780361 5
    endloop
  endfacet
  facet normal 0 0 1
    outer loop
      vertex 78 19 5
      vertex 38.7877 1.28576 5
      vertex 38.8637 1.03528 5
    endloop
  endfacet
  facet normal 0 0 1
    outer loop
      vertex 78 19 5
      vertex 38.6955 1.53073 5
      vertex 38.7877 1.28576 5
    endloop
  endfacet
  facet normal 0 0 1
    outer loop
      vertex 78 19 5
      vertex 38.5875 1.76915 5
      vertex 38.6955 1.53073 5
    endloop
  endfacet
  facet normal 0 0 1
    outer loop
      vertex 78 19 5
      vertex 38.4641 2 5
      vertex 38.5875 1.76915 5
    endloop
  endfacet
  facet normal 0 0 1
    outer loop
      vertex 78 19 5
      vertex 38.3259 2.22228 5
      vertex 38.4641 2 5
    endloop
  endfacet
  facet normal 0 0 1
    outer loop
      vertex 78 19 5
      vertex 38.1734 2.43505 5
      vertex 38.3259 2.22228 5
    endloop
  endfacet
  facet normal 0 0 1
    outer loop
      vertex 78 19 5
      vertex 38.0074 2.63738 5
      vertex 38.1734 2.43505 5
    endloop
  endfacet
  facet normal 0 0 1
    outer loop
      vertex 78 19 5
      vertex 37.8284 2.82843 5
      vertex 38.0074 2.63738 5
    endloop
  endfacet
  facet normal 0 0 1
    outer loop
      vertex 78 19 5
      vertex 37.6374 3.00736 5
      vertex 37.8284 2.82843 5
    endloop
  endfacet
  facet normal 0 0 1
    outer loop
      vertex 78.0769 19.7803 5
      vertex 37.435 3.17341 5
      vertex 37.6374 3.00736 5
    endloop
  endfacet
  facet normal 0 0 1
    outer loop
      vertex 78.0769 19.7803 5
      vertex 37.2223 3.32588 5
      vertex 37.435 3.17341 5
    endloop
  endfacet
  facet normal 0 0 1
    outer loop
      vertex 78.0769 19.7803 5
      vertex 28 16.0175 5
      vertex 37.2223 3.32588 5
    endloop
  endfacet
  facet normal 0 0 1
    outer loop
      vertex 37.2223 3.32588 5
      vertex 28 16.0175 5
      vertex 37 3.4641 5
    endloop
  endfacet
  facet normal 0 0 1
    outer loop
      vertex 37 3.4641 5
      vertex 28 16.0175 5
      vertex 36.7692 3.58749 5
    endloop
  endfacet
  facet normal 0 0 1
    outer loop
      vertex 36.7692 3.58749 5
      vertex 28 16.0175 5
      vertex 36.5307 3.69552 5
    endloop
  endfacet
  facet normal 0 0 1
    outer loop
      vertex 36.5307 3.69552 5
      vertex 28 16.0175 5
      vertex 36.2858 3.78772 5
    endloop
  endfacet
  facet normal 0 0 1
    outer loop
      vertex 36.2858 3.78772 5
      vertex 28 16.0175 5
      vertex 36.0353 3.8637 5
    endloop
  endfacet
  facet normal 0 0 1
    outer loop
      vertex 36.0353 3.8637 5
      vertex 28 16.0175 5
      vertex 35.7804 3.92314 5
    endloop
  endfacet
  facet normal 0 0 1
    outer loop
      vertex 35.7804 3.92314 5
      vertex 28 16.0175 5
      vertex 35.5221 3.96578 5
    endloop
  endfacet
  facet normal 0 0 1
    outer loop
      vertex 35.5221 3.96578 5
      vertex 28 16.0175 5
      vertex 35.2616 3.99144 5
    endloop
  endfacet
  facet normal 0 0 1
    outer loop
      vertex 35.2616 3.99144 5
      vertex 28 16.0175 5
      vertex 35 4 5
    endloop
  endfacet
  facet normal 0 0 1
    outer loop
      vertex 35 4 5
      vertex 28 16.0175 5
      vertex 34.7384 3.99144 5
    endloop
  endfacet
  facet normal 0 0 1
    outer loop
      vertex 34.7384 3.99144 5
      vertex 28 16.0175 5
      vertex 34.4779 3.96578 5
    endloop
  endfacet
  facet normal 0 0 1
    outer loop
      vertex 34.4779 3.96578 5
      vertex 28 16.0175 5
      vertex 34.2196 3.92314 5
    endloop
  endfacet
  facet normal 0 0 1
    outer loop
      vertex 34.2196 3.92314 5
      vertex 28 16.0175 5
      vertex 33.9647 3.8637 5
    endloop
  endfacet
  facet normal 0 0 1
    outer loop
      vertex 31.0086 0.261612 5
      vertex 28 16.0175 5
      vertex 31 0 5
    endloop
  endfacet
  facet normal 0 0 1
    outer loop
      vertex 31.0342 0.522104 5
      vertex 28 16.0175 5
      vertex 31.0086 0.261612 5
    endloop
  endfacet
  facet normal 0 0 1
    outer loop
      vertex 31.0769 0.780361 5
      vertex 28 16.0175 5
      vertex 31.0342 0.522104 5
    endloop
  endfacet
  facet normal 0 0 1
    outer loop
      vertex 31.1363 1.03528 5
      vertex 28 16.0175 5
      vertex 31.0769 0.780361 5
    endloop
  endfacet
  facet normal 0 0 1
    outer loop
      vertex 31.2123 1.28576 5
      vertex 28 16.0175 5
      vertex 31.1363 1.03528 5
    endloop
  endfacet
  facet normal 0 0 1
    outer loop
      vertex 31.3045 1.53073 5
      vertex 28 16.0175 5
      vertex 31.2123 1.28576 5
    endloop
  endfacet
  facet normal 0 0 1
    outer loop
      vertex 31.4125 1.76915 5
      vertex 28 16.0175 5
      vertex 31.3045 1.53073 5
    endloop
  endfacet
  facet normal 0 0 1
    outer loop
      vertex 31.5359 2 5
      vertex 28 16.0175 5
      vertex 31.4125 1.76915 5
    endloop
  endfacet
  facet normal 0 0 1
    outer loop
      vertex 31.6741 2.22228 5
      vertex 28 16.0175 5
      vertex 31.5359 2 5
    endloop
  endfacet
  facet normal 0 0 1
    outer loop
      vertex 31.8266 2.43505 5
      vertex 28 16.0175 5
      vertex 31.6741 2.22228 5
    endloop
  endfacet
  facet normal 0 0 1
    outer loop
      vertex 31.9926 2.63738 5
      vertex 28 16.0175 5
      vertex 31.8266 2.43505 5
    endloop
  endfacet
  facet normal 0 0 1
    outer loop
      vertex 32.1716 2.82843 5
      vertex 28 16.0175 5
      vertex 31.9926 2.63738 5
    endloop
  endfacet
  facet normal 0 0 1
    outer loop
      vertex 32.3626 3.00736 5
      vertex 28 16.0175 5
      vertex 32.1716 2.82843 5
    endloop
  endfacet
  facet normal 0 0 1
    outer loop
      vertex 32.565 3.17341 5
      vertex 28 16.0175 5
      vertex 32.3626 3.00736 5
    endloop
  endfacet
  facet normal 0 0 1
    outer loop
      vertex 32.7777 3.32588 5
      vertex 28 16.0175 5
      vertex 32.565 3.17341 5
    endloop
  endfacet
  facet normal 0 0 1
    outer loop
      vertex 33 3.4641 5
      vertex 28 16.0175 5
      vertex 32.7777 3.32588 5
    endloop
  endfacet
  facet normal 0 0 1
    outer loop
      vertex 33.2308 3.58749 5
      vertex 28 16.0175 5
      vertex 33 3.4641 5
    endloop
  endfacet
  facet normal 0 0 1
    outer loop
      vertex 33.4693 3.69552 5
      vertex 28 16.0175 5
      vertex 33.2308 3.58749 5
    endloop
  endfacet
  facet normal 0 0 1
    outer loop
      vertex 33.7142 3.78772 5
      vertex 28 16.0175 5
      vertex 33.4693 3.69552 5
    endloop
  endfacet
  facet normal 0 0 1
    outer loop
      vertex 33.9647 3.8637 5
      vertex 28 16.0175 5
      vertex 33.7142 3.78772 5
    endloop
  endfacet
  facet normal -0 0 1
    outer loop
      vertex 38.9914 -0.261612 5
      vertex 78 -19 5
      vertex 39 0 5
    endloop
  endfacet
  facet normal -0 0 1
    outer loop
      vertex 38.9658 -0.522104 5
      vertex 78 -19 5
      vertex 38.9914 -0.261612 5
    endloop
  endfacet
  facet normal -0 0 1
    outer loop
      vertex 38.9231 -0.780361 5
      vertex 78 -19 5
      vertex 38.9658 -0.522104 5
    endloop
  endfacet
  facet normal -0 0 1
    outer loop
      vertex 38.8637 -1.03528 5
      vertex 78 -19 5
      vertex 38.9231 -0.780361 5
    endloop
  endfacet
  facet normal -0 0 1
    outer loop
      vertex 38.7877 -1.28576 5
      vertex 78 -19 5
      vertex 38.8637 -1.03528 5
    endloop
  endfacet
  facet normal -0 0 1
    outer loop
      vertex 38.6955 -1.53073 5
      vertex 78 -19 5
      vertex 38.7877 -1.28576 5
    endloop
  endfacet
  facet normal -0 0 1
    outer loop
      vertex 38.5875 -1.76915 5
      vertex 78 -19 5
      vertex 38.6955 -1.53073 5
    endloop
  endfacet
  facet normal -0 0 1
    outer loop
      vertex 38.4641 -2 5
      vertex 78 -19 5
      vertex 38.5875 -1.76915 5
    endloop
  endfacet
  facet normal -0 0 1
    outer loop
      vertex 38.3259 -2.22228 5
      vertex 78 -19 5
      vertex 38.4641 -2 5
    endloop
  endfacet
  facet normal -0 0 1
    outer loop
      vertex 38.1734 -2.43505 5
      vertex 78 -19 5
      vertex 38.3259 -2.22228 5
    endloop
  endfacet
  facet normal -0 0 1
    outer loop
      vertex 38.0074 -2.63738 5
      vertex 78 -19 5
      vertex 38.1734 -2.43505 5
    endloop
  endfacet
  facet normal -0 0 1
    outer loop
      vertex 37.8284 -2.82843 5
      vertex 78 -19 5
      vertex 38.0074 -2.63738 5
    endloop
  endfacet
  facet normal -0 0 1
    outer loop
      vertex 37.6374 -3.00736 5
      vertex 78 -19 5
      vertex 37.8284 -2.82843 5
    endloop
  endfacet
  facet normal 0 0 1
    outer loop
      vertex 78 -19 5
      vertex 37.6374 -3.00736 5
      vertex 78.0769 -19.7803 5
    endloop
  endfacet
  facet normal -0 0 1
    outer loop
      vertex 37.435 -3.17341 5
      vertex 78.0769 -19.7803 5
      vertex 37.6374 -3.00736 5
    endloop
  endfacet
  facet normal -0 0 1
    outer loop
      vertex 37.2223 -3.32588 5
      vertex 78.0769 -19.7803 5
      vertex 37.435 -3.17341 5
    endloop
  endfacet
  facet normal -0 0 1
    outer loop
      vertex 28 -16.0175 5
      vertex 78.0769 -19.7803 5
      vertex 37.2223 -3.32588 5
    endloop
  endfacet
  facet normal 0 0 1
    outer loop
      vertex 28 -16.0175 5
      vertex 37.2223 -3.32588 5
      vertex 37 -3.4641 5
    endloop
  endfacet
  facet normal 0 0 1
    outer loop
      vertex 28 -16.0175 5
      vertex 37 -3.4641 5
      vertex 36.7692 -3.58749 5
    endloop
  endfacet
  facet normal 0 0 1
    outer loop
      vertex 28 -16.0175 5
      vertex 36.7692 -3.58749 5
      vertex 36.5307 -3.69552 5
    endloop
  endfacet
  facet normal 0 0 1
    outer loop
      vertex 28 -16.0175 5
      vertex 36.5307 -3.69552 5
      vertex 36.2858 -3.78772 5
    endloop
  endfacet
  facet normal 0 0 1
    outer loop
      vertex 28 -16.0175 5
      vertex 36.2858 -3.78772 5
      vertex 36.0353 -3.8637 5
    endloop
  endfacet
  facet normal 0 0 1
    outer loop
      vertex 28 -16.0175 5
      vertex 36.0353 -3.8637 5
      vertex 35.7804 -3.92314 5
    endloop
  endfacet
  facet normal 0 0 1
    outer loop
      vertex 28 -16.0175 5
      vertex 35.7804 -3.92314 5
      vertex 35.5221 -3.96578 5
    endloop
  endfacet
  facet normal 0 0 1
    outer loop
      vertex 28 -16.0175 5
      vertex 35.5221 -3.96578 5
      vertex 35.2616 -3.99144 5
    endloop
  endfacet
  facet normal 0 0 1
    outer loop
      vertex 28 -16.0175 5
      vertex 35.2616 -3.99144 5
      vertex 35 -4 5
    endloop
  endfacet
  facet normal 0 0 1
    outer loop
      vertex 28 -16.0175 5
      vertex 35 -4 5
      vertex 34.7384 -3.99144 5
    endloop
  endfacet
  facet normal 0 0 1
    outer loop
      vertex 28 -16.0175 5
      vertex 34.7384 -3.99144 5
      vertex 34.4779 -3.96578 5
    endloop
  endfacet
  facet normal 0 0 1
    outer loop
      vertex 28 -16.0175 5
      vertex 34.4779 -3.96578 5
      vertex 34.2196 -3.92314 5
    endloop
  endfacet
  facet normal 0 0 1
    outer loop
      vertex 28 -16.0175 5
      vertex 34.2196 -3.92314 5
      vertex 33.9647 -3.8637 5
    endloop
  endfacet
  facet normal 0 0 1
    outer loop
      vertex 28 -16.0175 5
      vertex 33.9647 -3.8637 5
      vertex 33.7142 -3.78772 5
    endloop
  endfacet
  facet normal 0 0 1
    outer loop
      vertex 28 -16.0175 5
      vertex 31 0 5
      vertex 28 16.0175 5
    endloop
  endfacet
  facet normal 0 0 1
    outer loop
      vertex 31 0 5
      vertex 28 -16.0175 5
      vertex 31.0086 -0.261612 5
    endloop
  endfacet
  facet normal 0 0 1
    outer loop
      vertex 31.0086 -0.261612 5
      vertex 28 -16.0175 5
      vertex 31.0342 -0.522104 5
    endloop
  endfacet
  facet normal 0 0 1
    outer loop
      vertex 78.0769 -19.7803 5
      vertex 28 -16.0175 5
      vertex 78.2259 -20.2717 5
    endloop
  endfacet
  facet normal 0 0 1
    outer loop
      vertex 33.4693 -3.69552 5
      vertex 28 -16.0175 5
      vertex 33.7142 -3.78772 5
    endloop
  endfacet
  facet normal 0 0 1
    outer loop
      vertex 33.2308 -3.58749 5
      vertex 28 -16.0175 5
      vertex 33.4693 -3.69552 5
    endloop
  endfacet
  facet normal 0 0 1
    outer loop
      vertex 33 -3.4641 5
      vertex 28 -16.0175 5
      vertex 33.2308 -3.58749 5
    endloop
  endfacet
  facet normal 0 0 1
    outer loop
      vertex 32.7777 -3.32588 5
      vertex 28 -16.0175 5
      vertex 33 -3.4641 5
    endloop
  endfacet
  facet normal 0 0 1
    outer loop
      vertex 32.565 -3.17341 5
      vertex 28 -16.0175 5
      vertex 32.7777 -3.32588 5
    endloop
  endfacet
  facet normal 0 0 1
    outer loop
      vertex 32.3626 -3.00736 5
      vertex 28 -16.0175 5
      vertex 32.565 -3.17341 5
    endloop
  endfacet
  facet normal 0 0 1
    outer loop
      vertex 32.1716 -2.82843 5
      vertex 28 -16.0175 5
      vertex 32.3626 -3.00736 5
    endloop
  endfacet
  facet normal 0 0 1
    outer loop
      vertex 31.9926 -2.63738 5
      vertex 28 -16.0175 5
      vertex 32.1716 -2.82843 5
    endloop
  endfacet
  facet normal 0 0 1
    outer loop
      vertex 31.8266 -2.43505 5
      vertex 28 -16.0175 5
      vertex 31.9926 -2.63738 5
    endloop
  endfacet
  facet normal 0 0 1
    outer loop
      vertex 31.6741 -2.22228 5
      vertex 28 -16.0175 5
      vertex 31.8266 -2.43505 5
    endloop
  endfacet
  facet normal 0 0 1
    outer loop
      vertex 31.5359 -2 5
      vertex 28 -16.0175 5
      vertex 31.6741 -2.22228 5
    endloop
  endfacet
  facet normal 0 0 1
    outer loop
      vertex 31.4125 -1.76915 5
      vertex 28 -16.0175 5
      vertex 31.5359 -2 5
    endloop
  endfacet
  facet normal 0 0 1
    outer loop
      vertex 31.3045 -1.53073 5
      vertex 28 -16.0175 5
      vertex 31.4125 -1.76915 5
    endloop
  endfacet
  facet normal 0 0 1
    outer loop
      vertex 31.2123 -1.28576 5
      vertex 28 -16.0175 5
      vertex 31.3045 -1.53073 5
    endloop
  endfacet
  facet normal 0 0 1
    outer loop
      vertex 31.1363 -1.03528 5
      vertex 28 -16.0175 5
      vertex 31.2123 -1.28576 5
    endloop
  endfacet
  facet normal 0 0 1
    outer loop
      vertex 31.0769 -0.780361 5
      vertex 28 -16.0175 5
      vertex 31.1363 -1.03528 5
    endloop
  endfacet
  facet normal 0 0 1
    outer loop
      vertex 31.0342 -0.522104 5
      vertex 28 -16.0175 5
      vertex 31.0769 -0.780361 5
    endloop
  endfacet
  facet normal 0.290142 0.956984 -0
    outer loop
      vertex 100.031 22.6955 0
      vertex 99.2803 22.9231 27
      vertex 100.031 22.6955 27
    endloop
  endfacet
  facet normal 0.290142 0.956984 0
    outer loop
      vertex 99.2803 22.9231 27
      vertex 100.031 22.6955 0
      vertex 99.2803 22.9231 0
    endloop
  endfacet
  facet normal 1 0 0
    outer loop
      vertex 102.5 -12.7 27
      vertex 102.5 -19 27
      vertex 102.5 -12.7 9.2
    endloop
  endfacet
  facet normal 1 0 0
    outer loop
      vertex 102.5 12.7 9.2
      vertex 102.5 19 27
      vertex 102.5 12.7 27
    endloop
  endfacet
  facet normal 1 0 0
    outer loop
      vertex 102.5 19 27
      vertex 102.5 12.7 9.2
      vertex 102.5 19 0
    endloop
  endfacet
  facet normal 1 -0 0
    outer loop
      vertex 102.5 -12.7 9.2
      vertex 102.5 19 0
      vertex 102.5 12.7 9.2
    endloop
  endfacet
  facet normal 1 0 0
    outer loop
      vertex 102.5 -12.7 9.2
      vertex 102.5 -19 0
      vertex 102.5 19 0
    endloop
  endfacet
  facet normal 1 0 0
    outer loop
      vertex 102.5 -19 0
      vertex 102.5 -12.7 9.2
      vertex 102.5 -19 27
    endloop
  endfacet
  facet normal -0.162847 0.986651 0
    outer loop
      vertex -2.08842 15.8631 0
      vertex -3.12144 15.6926 5
      vertex -2.08842 15.8631 5
    endloop
  endfacet
  facet normal -0.162847 0.986651 0
    outer loop
      vertex -3.12144 15.6926 5
      vertex -2.08842 15.8631 0
      vertex -3.12144 15.6926 0
    endloop
  endfacet
  facet normal -0.0979934 -0.995187 0
    outer loop
      vertex -2.08842 -15.8631 0
      vertex -1.04645 -15.9657 5
      vertex -2.08842 -15.8631 5
    endloop
  endfacet
  facet normal -0.0979934 -0.995187 -0
    outer loop
      vertex -1.04645 -15.9657 5
      vertex -2.08842 -15.8631 0
      vertex -1.04645 -15.9657 0
    endloop
  endfacet
  facet normal 0.995166 -0.098203 0
    outer loop
      vertex 102.423 -19.7803 27
      vertex 102.5 -19 0
      vertex 102.5 -19 27
    endloop
  endfacet
  facet normal 0.995166 -0.098203 0
    outer loop
      vertex 102.5 -19 0
      vertex 102.423 -19.7803 27
      vertex 102.423 -19.7803 0
    endloop
  endfacet
  facet normal -0.729889 0.683566 0
    outer loop
      vertex -12.0294 10.5495 0
      vertex -11.3137 11.3137 5
      vertex -11.3137 11.3137 0
    endloop
  endfacet
  facet normal -0.729889 0.683566 0
    outer loop
      vertex -11.3137 11.3137 5
      vertex -12.0294 10.5495 0
      vertex -12.0294 10.5495 5
    endloop
  endfacet
  facet normal 0 -1 0
    outer loop
      vertex 82 -23 5
      vertex 98.5 -23 27
      vertex 82 -23 27
    endloop
  endfacet
  facet normal 0 -1 0
    outer loop
      vertex 98.5 -23 0
      vertex 82 -23 5
      vertex 82 -23 0
    endloop
  endfacet
  facet normal 0 -1 0
    outer loop
      vertex 82 -23 5
      vertex 98.5 -23 0
      vertex 98.5 -23 27
    endloop
  endfacet
  facet normal 0.881745 0.471726 0
    outer loop
      vertex 102.196 20.5307 27
      vertex 101.826 21.2223 0
      vertex 101.826 21.2223 27
    endloop
  endfacet
  facet normal 0.881745 0.471726 0
    outer loop
      vertex 101.826 21.2223 0
      vertex 102.196 20.5307 27
      vertex 102.196 20.5307 0
    endloop
  endfacet
  facet normal 0.957164 0.289547 0
    outer loop
      vertex 102.423 19.7803 27
      vertex 102.196 20.5307 0
      vertex 102.196 20.5307 27
    endloop
  endfacet
  facet normal 0.957164 0.289547 0
    outer loop
      vertex 102.196 20.5307 0
      vertex 102.423 19.7803 27
      vertex 102.423 19.7803 0
    endloop
  endfacet
  facet normal 0 1 0
    outer loop
      vertex 98.5 23 27
      vertex 82 23 5
      vertex 82 23 27
    endloop
  endfacet
  facet normal 0 1 -0
    outer loop
      vertex 98.5 23 0
      vertex 82 23 5
      vertex 98.5 23 27
    endloop
  endfacet
  facet normal 0 1 0
    outer loop
      vertex 82 23 5
      vertex 98.5 23 0
      vertex 82 23 0
    endloop
  endfacet
  facet normal 0.0980767 0.995179 -0
    outer loop
      vertex 99.2803 22.9231 0
      vertex 98.5 23 27
      vertex 99.2803 22.9231 27
    endloop
  endfacet
  facet normal 0.0980767 0.995179 0
    outer loop
      vertex 98.5 23 27
      vertex 99.2803 22.9231 0
      vertex 98.5 23 0
    endloop
  endfacet
  facet normal -0.084401 0.996432 0
    outer loop
      vertex 82 23 0
      vertex -1.04645 15.9657 5
      vertex 82 23 5
    endloop
  endfacet
  facet normal -0.084401 0.996432 0
    outer loop
      vertex -1.04645 15.9657 5
      vertex 82 23 0
      vertex -1.04645 15.9657 0
    endloop
  endfacet
  facet normal -0.910868 0.412698 0
    outer loop
      vertex -14.7821 6.12293 0
      vertex -14.35 7.07662 5
      vertex -14.35 7.07662 0
    endloop
  endfacet
  facet normal -0.910868 0.412698 0
    outer loop
      vertex -14.35 7.07662 5
      vertex -14.7821 6.12293 0
      vertex -14.7821 6.12293 5
    endloop
  endfacet
  facet normal 0.290142 -0.956984 0
    outer loop
      vertex 99.2803 -22.9231 0
      vertex 100.031 -22.6955 27
      vertex 99.2803 -22.9231 27
    endloop
  endfacet
  facet normal 0.290142 -0.956984 0
    outer loop
      vertex 100.031 -22.6955 27
      vertex 99.2803 -22.9231 0
      vertex 100.031 -22.6955 0
    endloop
  endfacet
  facet normal -0.084401 -0.996432 0
    outer loop
      vertex -1.04645 -15.9657 0
      vertex 82 -23 5
      vertex -1.04645 -15.9657 5
    endloop
  endfacet
  facet normal -0.084401 -0.996432 -0
    outer loop
      vertex 82 -23 5
      vertex -1.04645 -15.9657 0
      vertex 82 -23 0
    endloop
  endfacet
  facet normal 0.634522 0.772905 -0
    outer loop
      vertex 101.328 21.8284 0
      vertex 100.722 22.3259 27
      vertex 101.328 21.8284 27
    endloop
  endfacet
  facet normal 0.634522 0.772905 0
    outer loop
      vertex 100.722 22.3259 27
      vertex 101.328 21.8284 0
      vertex 100.722 22.3259 0
    endloop
  endfacet
  facet normal 0.772644 0.63484 0
    outer loop
      vertex 101.826 21.2223 27
      vertex 101.328 21.8284 0
      vertex 101.328 21.8284 27
    endloop
  endfacet
  facet normal 0.772644 0.63484 0
    outer loop
      vertex 101.328 21.8284 0
      vertex 101.826 21.2223 27
      vertex 101.826 21.2223 0
    endloop
  endfacet
  facet normal 0.471648 0.881787 -0
    outer loop
      vertex 100.722 22.3259 0
      vertex 100.031 22.6955 27
      vertex 100.722 22.3259 27
    endloop
  endfacet
  facet normal 0.471648 0.881787 0
    outer loop
      vertex 100.031 22.6955 27
      vertex 100.722 22.3259 0
      vertex 100.031 22.6955 0
    endloop
  endfacet
  facet normal 0.995166 0.098203 0
    outer loop
      vertex 102.5 19 27
      vertex 102.423 19.7803 0
      vertex 102.423 19.7803 27
    endloop
  endfacet
  facet normal 0.995166 0.098203 0
    outer loop
      vertex 102.423 19.7803 0
      vertex 102.5 19 27
      vertex 102.5 19 0
    endloop
  endfacet
  facet normal -0.0979934 0.995187 0
    outer loop
      vertex -1.04645 15.9657 0
      vertex -2.08842 15.8631 5
      vertex -1.04645 15.9657 5
    endloop
  endfacet
  facet normal -0.0979934 0.995187 0
    outer loop
      vertex -2.08842 15.8631 5
      vertex -1.04645 15.9657 0
      vertex -2.08842 15.8631 0
    endloop
  endfacet
  facet normal -0.471429 0.881904 0
    outer loop
      vertex -7.07662 14.35 0
      vertex -8 13.8564 5
      vertex -7.07662 14.35 5
    endloop
  endfacet
  facet normal -0.471429 0.881904 0
    outer loop
      vertex -8 13.8564 5
      vertex -7.07662 14.35 0
      vertex -8 13.8564 0
    endloop
  endfacet
  facet normal -0.956949 0.290257 0
    outer loop
      vertex -15.4548 4.1411 0
      vertex -15.1509 5.14303 5
      vertex -15.1509 5.14303 0
    endloop
  endfacet
  facet normal -0.956949 0.290257 0
    outer loop
      vertex -15.1509 5.14303 5
      vertex -15.4548 4.1411 0
      vertex -15.4548 4.1411 5
    endloop
  endfacet
  facet normal 0.881745 -0.471726 0
    outer loop
      vertex 101.826 -21.2223 27
      vertex 102.196 -20.5307 0
      vertex 102.196 -20.5307 27
    endloop
  endfacet
  facet normal 0.881745 -0.471726 0
    outer loop
      vertex 102.196 -20.5307 0
      vertex 101.826 -21.2223 27
      vertex 101.826 -21.2223 0
    endloop
  endfacet
  facet normal 0.0980767 -0.995179 0
    outer loop
      vertex 98.5 -23 0
      vertex 99.2803 -22.9231 27
      vertex 98.5 -23 27
    endloop
  endfacet
  facet normal 0.0980767 -0.995179 0
    outer loop
      vertex 99.2803 -22.9231 27
      vertex 98.5 -23 0
      vertex 99.2803 -22.9231 0
    endloop
  endfacet
  facet normal -0.995187 -0.0979934 0
    outer loop
      vertex -15.8631 -2.08842 0
      vertex -15.9657 -1.04645 5
      vertex -15.9657 -1.04645 0
    endloop
  endfacet
  facet normal -0.995187 -0.0979934 0
    outer loop
      vertex -15.9657 -1.04645 5
      vertex -15.8631 -2.08842 0
      vertex -15.8631 -2.08842 5
    endloop
  endfacet
  facet normal -0.290257 0.956949 0
    outer loop
      vertex -4.1411 15.4548 0
      vertex -5.14303 15.1509 5
      vertex -4.1411 15.4548 5
    endloop
  endfacet
  facet normal -0.290257 0.956949 0
    outer loop
      vertex -5.14303 15.1509 5
      vertex -4.1411 15.4548 0
      vertex -5.14303 15.1509 0
    endloop
  endfacet
  facet normal -0.22712 0.973867 0
    outer loop
      vertex -3.12144 15.6926 0
      vertex -4.1411 15.4548 5
      vertex -3.12144 15.6926 5
    endloop
  endfacet
  facet normal -0.22712 0.973867 0
    outer loop
      vertex -4.1411 15.4548 5
      vertex -3.12144 15.6926 0
      vertex -4.1411 15.4548 0
    endloop
  endfacet
  facet normal -0.352243 0.935909 0
    outer loop
      vertex -5.14303 15.1509 0
      vertex -6.12293 14.7821 5
      vertex -5.14303 15.1509 5
    endloop
  endfacet
  facet normal -0.352243 0.935909 0
    outer loop
      vertex -6.12293 14.7821 5
      vertex -5.14303 15.1509 0
      vertex -6.12293 14.7821 0
    endloop
  endfacet
  facet normal -0.634455 0.77296 0
    outer loop
      vertex -9.74018 12.6937 0
      vertex -10.5495 12.0294 5
      vertex -9.74018 12.6937 5
    endloop
  endfacet
  facet normal -0.634455 0.77296 0
    outer loop
      vertex -10.5495 12.0294 5
      vertex -9.74018 12.6937 0
      vertex -10.5495 12.0294 0
    endloop
  endfacet
  facet normal -0.683566 0.729889 0
    outer loop
      vertex -10.5495 12.0294 0
      vertex -11.3137 11.3137 5
      vertex -10.5495 12.0294 5
    endloop
  endfacet
  facet normal -0.683566 0.729889 0
    outer loop
      vertex -11.3137 11.3137 5
      vertex -10.5495 12.0294 0
      vertex -11.3137 11.3137 0
    endloop
  endfacet
  facet normal -0.582439 0.812874 0
    outer loop
      vertex -8.88912 13.3035 0
      vertex -9.74018 12.6937 5
      vertex -8.88912 13.3035 5
    endloop
  endfacet
  facet normal -0.582439 0.812874 0
    outer loop
      vertex -9.74018 12.6937 5
      vertex -8.88912 13.3035 0
      vertex -9.74018 12.6937 0
    endloop
  endfacet
  facet normal -0.812874 0.582439 0
    outer loop
      vertex -13.3035 8.88912 0
      vertex -12.6937 9.74018 5
      vertex -12.6937 9.74018 0
    endloop
  endfacet
  facet normal -0.812874 0.582439 0
    outer loop
      vertex -12.6937 9.74018 5
      vertex -13.3035 8.88912 0
      vertex -13.3035 8.88912 5
    endloop
  endfacet
  facet normal -0.77296 0.634455 0
    outer loop
      vertex -12.6937 9.74018 0
      vertex -12.0294 10.5495 5
      vertex -12.0294 10.5495 0
    endloop
  endfacet
  facet normal -0.77296 0.634455 0
    outer loop
      vertex -12.0294 10.5495 5
      vertex -12.6937 9.74018 0
      vertex -12.6937 9.74018 5
    endloop
  endfacet
  facet normal -0.881904 0.471429 0
    outer loop
      vertex -14.35 7.07662 0
      vertex -13.8564 8 5
      vertex -13.8564 8 0
    endloop
  endfacet
  facet normal -0.881904 0.471429 0
    outer loop
      vertex -13.8564 8 5
      vertex -14.35 7.07662 0
      vertex -14.35 7.07662 5
    endloop
  endfacet
  facet normal -0.935909 0.352243 0
    outer loop
      vertex -15.1509 5.14303 0
      vertex -14.7821 6.12293 5
      vertex -14.7821 6.12293 0
    endloop
  endfacet
  facet normal -0.935909 0.352243 0
    outer loop
      vertex -14.7821 6.12293 5
      vertex -15.1509 5.14303 0
      vertex -15.1509 5.14303 5
    endloop
  endfacet
  facet normal 0.957164 -0.289547 0
    outer loop
      vertex 102.196 -20.5307 27
      vertex 102.423 -19.7803 0
      vertex 102.423 -19.7803 27
    endloop
  endfacet
  facet normal 0.957164 -0.289547 0
    outer loop
      vertex 102.423 -19.7803 0
      vertex 102.196 -20.5307 27
      vertex 102.196 -20.5307 0
    endloop
  endfacet
  facet normal 0.634522 -0.772905 0
    outer loop
      vertex 100.722 -22.3259 0
      vertex 101.328 -21.8284 27
      vertex 100.722 -22.3259 27
    endloop
  endfacet
  facet normal 0.634522 -0.772905 0
    outer loop
      vertex 101.328 -21.8284 27
      vertex 100.722 -22.3259 0
      vertex 101.328 -21.8284 0
    endloop
  endfacet
  facet normal 0.772644 -0.63484 0
    outer loop
      vertex 101.328 -21.8284 27
      vertex 101.826 -21.2223 0
      vertex 101.826 -21.2223 27
    endloop
  endfacet
  facet normal 0.772644 -0.63484 0
    outer loop
      vertex 101.826 -21.2223 0
      vertex 101.328 -21.8284 27
      vertex 101.328 -21.8284 0
    endloop
  endfacet
  facet normal -0.471429 -0.881904 0
    outer loop
      vertex -8 -13.8564 0
      vertex -7.07662 -14.35 5
      vertex -8 -13.8564 5
    endloop
  endfacet
  facet normal -0.471429 -0.881904 -0
    outer loop
      vertex -7.07662 -14.35 5
      vertex -8 -13.8564 0
      vertex -7.07662 -14.35 0
    endloop
  endfacet
  facet normal -0.935909 -0.352243 0
    outer loop
      vertex -14.7821 -6.12293 0
      vertex -15.1509 -5.14303 5
      vertex -15.1509 -5.14303 0
    endloop
  endfacet
  facet normal -0.935909 -0.352243 0
    outer loop
      vertex -15.1509 -5.14303 5
      vertex -14.7821 -6.12293 0
      vertex -14.7821 -6.12293 5
    endloop
  endfacet
  facet normal -0.956949 -0.290257 0
    outer loop
      vertex -15.1509 -5.14303 0
      vertex -15.4548 -4.1411 5
      vertex -15.4548 -4.1411 0
    endloop
  endfacet
  facet normal -0.956949 -0.290257 0
    outer loop
      vertex -15.4548 -4.1411 5
      vertex -15.1509 -5.14303 0
      vertex -15.1509 -5.14303 5
    endloop
  endfacet
  facet normal -0.986651 -0.162847 0
    outer loop
      vertex -15.6926 -3.12144 0
      vertex -15.8631 -2.08842 5
      vertex -15.8631 -2.08842 0
    endloop
  endfacet
  facet normal -0.986651 -0.162847 0
    outer loop
      vertex -15.8631 -2.08842 5
      vertex -15.6926 -3.12144 0
      vertex -15.6926 -3.12144 5
    endloop
  endfacet
  facet normal -0.528075 0.849198 0
    outer loop
      vertex -8 13.8564 0
      vertex -8.88912 13.3035 5
      vertex -8 13.8564 5
    endloop
  endfacet
  facet normal -0.528075 0.849198 0
    outer loop
      vertex -8.88912 13.3035 5
      vertex -8 13.8564 0
      vertex -8.88912 13.3035 0
    endloop
  endfacet
  facet normal -0.849198 0.528075 0
    outer loop
      vertex -13.8564 8 0
      vertex -13.3035 8.88912 5
      vertex -13.3035 8.88912 0
    endloop
  endfacet
  facet normal -0.849198 0.528075 0
    outer loop
      vertex -13.3035 8.88912 5
      vertex -13.8564 8 0
      vertex -13.8564 8 5
    endloop
  endfacet
  facet normal -0.986651 0.162847 0
    outer loop
      vertex -15.8631 2.08842 0
      vertex -15.6926 3.12144 5
      vertex -15.6926 3.12144 0
    endloop
  endfacet
  facet normal -0.986651 0.162847 0
    outer loop
      vertex -15.6926 3.12144 5
      vertex -15.8631 2.08842 0
      vertex -15.8631 2.08842 5
    endloop
  endfacet
  facet normal 0.471648 -0.881787 0
    outer loop
      vertex 100.031 -22.6955 0
      vertex 100.722 -22.3259 27
      vertex 100.031 -22.6955 27
    endloop
  endfacet
  facet normal 0.471648 -0.881787 0
    outer loop
      vertex 100.722 -22.3259 27
      vertex 100.031 -22.6955 0
      vertex 100.722 -22.3259 0
    endloop
  endfacet
  facet normal -0.683566 -0.729889 0
    outer loop
      vertex -11.3137 -11.3137 0
      vertex -10.5495 -12.0294 5
      vertex -11.3137 -11.3137 5
    endloop
  endfacet
  facet normal -0.683566 -0.729889 -0
    outer loop
      vertex -10.5495 -12.0294 5
      vertex -11.3137 -11.3137 0
      vertex -10.5495 -12.0294 0
    endloop
  endfacet
  facet normal -0.582439 -0.812874 0
    outer loop
      vertex -9.74018 -12.6937 0
      vertex -8.88912 -13.3035 5
      vertex -9.74018 -12.6937 5
    endloop
  endfacet
  facet normal -0.582439 -0.812874 -0
    outer loop
      vertex -8.88912 -13.3035 5
      vertex -9.74018 -12.6937 0
      vertex -8.88912 -13.3035 0
    endloop
  endfacet
  facet normal -0.412698 -0.910868 0
    outer loop
      vertex -7.07662 -14.35 0
      vertex -6.12293 -14.7821 5
      vertex -7.07662 -14.35 5
    endloop
  endfacet
  facet normal -0.412698 -0.910868 -0
    outer loop
      vertex -6.12293 -14.7821 5
      vertex -7.07662 -14.35 0
      vertex -6.12293 -14.7821 0
    endloop
  endfacet
  facet normal -0.22712 -0.973867 0
    outer loop
      vertex -4.1411 -15.4548 0
      vertex -3.12144 -15.6926 5
      vertex -4.1411 -15.4548 5
    endloop
  endfacet
  facet normal -0.22712 -0.973867 -0
    outer loop
      vertex -3.12144 -15.6926 5
      vertex -4.1411 -15.4548 0
      vertex -3.12144 -15.6926 0
    endloop
  endfacet
  facet normal -0.849198 -0.528075 0
    outer loop
      vertex -13.3035 -8.88912 0
      vertex -13.8564 -8 5
      vertex -13.8564 -8 0
    endloop
  endfacet
  facet normal -0.849198 -0.528075 0
    outer loop
      vertex -13.8564 -8 5
      vertex -13.3035 -8.88912 0
      vertex -13.3035 -8.88912 5
    endloop
  endfacet
  facet normal -0.812874 -0.582439 0
    outer loop
      vertex -12.6937 -9.74018 0
      vertex -13.3035 -8.88912 5
      vertex -13.3035 -8.88912 0
    endloop
  endfacet
  facet normal -0.812874 -0.582439 0
    outer loop
      vertex -13.3035 -8.88912 5
      vertex -12.6937 -9.74018 0
      vertex -12.6937 -9.74018 5
    endloop
  endfacet
  facet normal -0.77296 -0.634455 0
    outer loop
      vertex -12.0294 -10.5495 0
      vertex -12.6937 -9.74018 5
      vertex -12.6937 -9.74018 0
    endloop
  endfacet
  facet normal -0.77296 -0.634455 0
    outer loop
      vertex -12.6937 -9.74018 5
      vertex -12.0294 -10.5495 0
      vertex -12.0294 -10.5495 5
    endloop
  endfacet
  facet normal -0.729889 -0.683566 0
    outer loop
      vertex -11.3137 -11.3137 0
      vertex -12.0294 -10.5495 5
      vertex -12.0294 -10.5495 0
    endloop
  endfacet
  facet normal -0.729889 -0.683566 0
    outer loop
      vertex -12.0294 -10.5495 5
      vertex -11.3137 -11.3137 0
      vertex -11.3137 -11.3137 5
    endloop
  endfacet
  facet normal -0.973867 -0.22712 0
    outer loop
      vertex -15.4548 -4.1411 0
      vertex -15.6926 -3.12144 5
      vertex -15.6926 -3.12144 0
    endloop
  endfacet
  facet normal -0.973867 -0.22712 0
    outer loop
      vertex -15.6926 -3.12144 5
      vertex -15.4548 -4.1411 0
      vertex -15.4548 -4.1411 5
    endloop
  endfacet
  facet normal -0.412698 0.910868 0
    outer loop
      vertex -6.12293 14.7821 0
      vertex -7.07662 14.35 5
      vertex -6.12293 14.7821 5
    endloop
  endfacet
  facet normal -0.412698 0.910868 0
    outer loop
      vertex -7.07662 14.35 5
      vertex -6.12293 14.7821 0
      vertex -7.07662 14.35 0
    endloop
  endfacet
  facet normal -0.973867 0.22712 0
    outer loop
      vertex -15.6926 3.12144 0
      vertex -15.4548 4.1411 5
      vertex -15.4548 4.1411 0
    endloop
  endfacet
  facet normal -0.973867 0.22712 0
    outer loop
      vertex -15.4548 4.1411 5
      vertex -15.6926 3.12144 0
      vertex -15.6926 3.12144 5
    endloop
  endfacet
  facet normal -0.528075 -0.849198 0
    outer loop
      vertex -8.88912 -13.3035 0
      vertex -8 -13.8564 5
      vertex -8.88912 -13.3035 5
    endloop
  endfacet
  facet normal -0.528075 -0.849198 -0
    outer loop
      vertex -8 -13.8564 5
      vertex -8.88912 -13.3035 0
      vertex -8 -13.8564 0
    endloop
  endfacet
  facet normal -0.162847 -0.986651 0
    outer loop
      vertex -3.12144 -15.6926 0
      vertex -2.08842 -15.8631 5
      vertex -3.12144 -15.6926 5
    endloop
  endfacet
  facet normal -0.162847 -0.986651 -0
    outer loop
      vertex -2.08842 -15.8631 5
      vertex -3.12144 -15.6926 0
      vertex -2.08842 -15.8631 0
    endloop
  endfacet
  facet normal -0.634455 -0.77296 0
    outer loop
      vertex -10.5495 -12.0294 0
      vertex -9.74018 -12.6937 5
      vertex -10.5495 -12.0294 5
    endloop
  endfacet
  facet normal -0.634455 -0.77296 -0
    outer loop
      vertex -9.74018 -12.6937 5
      vertex -10.5495 -12.0294 0
      vertex -9.74018 -12.6937 0
    endloop
  endfacet
  facet normal -0.290257 -0.956949 0
    outer loop
      vertex -5.14303 -15.1509 0
      vertex -4.1411 -15.4548 5
      vertex -5.14303 -15.1509 5
    endloop
  endfacet
  facet normal -0.290257 -0.956949 -0
    outer loop
      vertex -4.1411 -15.4548 5
      vertex -5.14303 -15.1509 0
      vertex -4.1411 -15.4548 0
    endloop
  endfacet
  facet normal -0.352243 -0.935909 0
    outer loop
      vertex -6.12293 -14.7821 0
      vertex -5.14303 -15.1509 5
      vertex -6.12293 -14.7821 5
    endloop
  endfacet
  facet normal -0.352243 -0.935909 -0
    outer loop
      vertex -5.14303 -15.1509 5
      vertex -6.12293 -14.7821 0
      vertex -5.14303 -15.1509 0
    endloop
  endfacet
  facet normal -0.881904 -0.471429 0
    outer loop
      vertex -13.8564 -8 0
      vertex -14.35 -7.07662 5
      vertex -14.35 -7.07662 0
    endloop
  endfacet
  facet normal -0.881904 -0.471429 0
    outer loop
      vertex -14.35 -7.07662 5
      vertex -13.8564 -8 0
      vertex -13.8564 -8 5
    endloop
  endfacet
  facet normal -0.910868 -0.412698 0
    outer loop
      vertex -14.35 -7.07662 0
      vertex -14.7821 -6.12293 5
      vertex -14.7821 -6.12293 0
    endloop
  endfacet
  facet normal -0.910868 -0.412698 0
    outer loop
      vertex -14.7821 -6.12293 5
      vertex -14.35 -7.07662 0
      vertex -14.35 -7.07662 5
    endloop
  endfacet
  facet normal 0 0 1
    outer loop
      vertex 28 18.426 27
      vertex 78.2259 20.2717 27
      vertex 82 23 27
    endloop
  endfacet
  facet normal 0 0 1
    outer loop
      vertex 78.2259 20.2717 27
      vertex 28 18.426 27
      vertex 28 16.0175 27
    endloop
  endfacet
  facet normal 0 0 1
    outer loop
      vertex 102.5 19 27
      vertex 96.6964 18.6112 27
      vertex 96.7 18.5 27
    endloop
  endfacet
  facet normal 0 0 1
    outer loop
      vertex 99.2803 22.9231 27
      vertex 96.6855 18.7219 27
      vertex 96.6964 18.6112 27
    endloop
  endfacet
  facet normal 0 0 1
    outer loop
      vertex 99.2803 22.9231 27
      vertex 96.6673 18.8317 27
      vertex 96.6855 18.7219 27
    endloop
  endfacet
  facet normal 0 0 1
    outer loop
      vertex 99.2803 22.9231 27
      vertex 96.6421 18.94 27
      vertex 96.6673 18.8317 27
    endloop
  endfacet
  facet normal 0 0 1
    outer loop
      vertex 99.2803 22.9231 27
      vertex 96.6098 19.0464 27
      vertex 96.6421 18.94 27
    endloop
  endfacet
  facet normal 0 0 1
    outer loop
      vertex 99.2803 22.9231 27
      vertex 96.5706 19.1506 27
      vertex 96.6098 19.0464 27
    endloop
  endfacet
  facet normal 0 0 1
    outer loop
      vertex 99.2803 22.9231 27
      vertex 96.5247 19.2519 27
      vertex 96.5706 19.1506 27
    endloop
  endfacet
  facet normal 0 0 1
    outer loop
      vertex 99.2803 22.9231 27
      vertex 96.4722 19.35 27
      vertex 96.5247 19.2519 27
    endloop
  endfacet
  facet normal 0 0 1
    outer loop
      vertex 98.5 23 27
      vertex 96.4135 19.4445 27
      vertex 96.4722 19.35 27
    endloop
  endfacet
  facet normal 0 0 1
    outer loop
      vertex 98.5 23 27
      vertex 96.3487 19.5349 27
      vertex 96.4135 19.4445 27
    endloop
  endfacet
  facet normal 0 0 1
    outer loop
      vertex 98.5 23 27
      vertex 96.2781 19.6209 27
      vertex 96.3487 19.5349 27
    endloop
  endfacet
  facet normal 0 0 1
    outer loop
      vertex 98.5 23 27
      vertex 96.2021 19.7021 27
      vertex 96.2781 19.6209 27
    endloop
  endfacet
  facet normal 0 0 1
    outer loop
      vertex 98.5 23 27
      vertex 96.1209 19.7781 27
      vertex 96.2021 19.7021 27
    endloop
  endfacet
  facet normal 0 0 1
    outer loop
      vertex 98.5 23 27
      vertex 96.0349 19.8487 27
      vertex 96.1209 19.7781 27
    endloop
  endfacet
  facet normal 0 0 1
    outer loop
      vertex 98.5 23 27
      vertex 95.9445 19.9135 27
      vertex 96.0349 19.8487 27
    endloop
  endfacet
  facet normal 0 0 1
    outer loop
      vertex 98.5 23 27
      vertex 95.85 19.9722 27
      vertex 95.9445 19.9135 27
    endloop
  endfacet
  facet normal 0 0 1
    outer loop
      vertex 98.5 23 27
      vertex 95.7519 20.0247 27
      vertex 95.85 19.9722 27
    endloop
  endfacet
  facet normal 0 0 1
    outer loop
      vertex 98.5 23 27
      vertex 95.6506 20.0706 27
      vertex 95.7519 20.0247 27
    endloop
  endfacet
  facet normal 0 0 1
    outer loop
      vertex 98.5 23 27
      vertex 95.5464 20.1098 27
      vertex 95.6506 20.0706 27
    endloop
  endfacet
  facet normal 0 0 1
    outer loop
      vertex 98.5 23 27
      vertex 95.44 20.1421 27
      vertex 95.5464 20.1098 27
    endloop
  endfacet
  facet normal 0 0 1
    outer loop
      vertex 98.5 23 27
      vertex 95.3316 20.1673 27
      vertex 95.44 20.1421 27
    endloop
  endfacet
  facet normal 0 0 1
    outer loop
      vertex 98.5 23 27
      vertex 95.2219 20.1855 27
      vertex 95.3316 20.1673 27
    endloop
  endfacet
  facet normal 0 0 1
    outer loop
      vertex 98.5 23 27
      vertex 95.1112 20.1964 27
      vertex 95.2219 20.1855 27
    endloop
  endfacet
  facet normal 0 0 1
    outer loop
      vertex 98.5 23 27
      vertex 95 20.2 27
      vertex 95.1112 20.1964 27
    endloop
  endfacet
  facet normal 0 0 1
    outer loop
      vertex 98.5 23 27
      vertex 94.8888 20.1964 27
      vertex 95 20.2 27
    endloop
  endfacet
  facet normal 0 0 1
    outer loop
      vertex 98.5 23 27
      vertex 94.7781 20.1855 27
      vertex 94.8888 20.1964 27
    endloop
  endfacet
  facet normal 0 0 1
    outer loop
      vertex 98.5 23 27
      vertex 94.6684 20.1673 27
      vertex 94.7781 20.1855 27
    endloop
  endfacet
  facet normal 0 0 1
    outer loop
      vertex 98.5 23 27
      vertex 94.56 20.1421 27
      vertex 94.6684 20.1673 27
    endloop
  endfacet
  facet normal 0 0 1
    outer loop
      vertex 98.5 23 27
      vertex 94.4536 20.1098 27
      vertex 94.56 20.1421 27
    endloop
  endfacet
  facet normal 0 0 1
    outer loop
      vertex 98.5 23 27
      vertex 94.3494 20.0706 27
      vertex 94.4536 20.1098 27
    endloop
  endfacet
  facet normal -0 0 1
    outer loop
      vertex 82 23 27
      vertex 94.3494 20.0706 27
      vertex 98.5 23 27
    endloop
  endfacet
  facet normal 0 0 1
    outer loop
      vertex 94.3494 20.0706 27
      vertex 82 23 27
      vertex 94.2481 20.0247 27
    endloop
  endfacet
  facet normal 0 0 1
    outer loop
      vertex 94.2481 20.0247 27
      vertex 82 23 27
      vertex 94.15 19.9722 27
    endloop
  endfacet
  facet normal 0 0 1
    outer loop
      vertex 93.3036 18.6112 27
      vertex 84.5 12.7 27
      vertex 93.3 18.5 27
    endloop
  endfacet
  facet normal 0 0 1
    outer loop
      vertex 82 23 27
      vertex 93.3036 18.6112 27
      vertex 93.3145 18.7219 27
    endloop
  endfacet
  facet normal 0 0 1
    outer loop
      vertex 82 23 27
      vertex 93.3145 18.7219 27
      vertex 93.3327 18.8317 27
    endloop
  endfacet
  facet normal 0 0 1
    outer loop
      vertex 82 23 27
      vertex 93.3327 18.8317 27
      vertex 93.3579 18.94 27
    endloop
  endfacet
  facet normal 0 0 1
    outer loop
      vertex 82 23 27
      vertex 93.3579 18.94 27
      vertex 93.3902 19.0464 27
    endloop
  endfacet
  facet normal 0 0 1
    outer loop
      vertex 82 23 27
      vertex 93.3902 19.0464 27
      vertex 93.4294 19.1506 27
    endloop
  endfacet
  facet normal 0 0 1
    outer loop
      vertex 82 23 27
      vertex 93.4294 19.1506 27
      vertex 93.4753 19.2519 27
    endloop
  endfacet
  facet normal 0 0 1
    outer loop
      vertex 82 23 27
      vertex 93.4753 19.2519 27
      vertex 93.5278 19.35 27
    endloop
  endfacet
  facet normal 0 0 1
    outer loop
      vertex 82 23 27
      vertex 93.5278 19.35 27
      vertex 93.5865 19.4445 27
    endloop
  endfacet
  facet normal 0 0 1
    outer loop
      vertex 82 23 27
      vertex 93.5865 19.4445 27
      vertex 93.6513 19.5349 27
    endloop
  endfacet
  facet normal 0 0 1
    outer loop
      vertex 82 23 27
      vertex 93.6513 19.5349 27
      vertex 93.7219 19.6209 27
    endloop
  endfacet
  facet normal 0 0 1
    outer loop
      vertex 82 23 27
      vertex 93.7219 19.6209 27
      vertex 93.7979 19.7021 27
    endloop
  endfacet
  facet normal 0 0 1
    outer loop
      vertex 82 23 27
      vertex 93.7979 19.7021 27
      vertex 93.8791 19.7781 27
    endloop
  endfacet
  facet normal 0 0 1
    outer loop
      vertex 82 23 27
      vertex 93.8791 19.7781 27
      vertex 93.9651 19.8487 27
    endloop
  endfacet
  facet normal 0 0 1
    outer loop
      vertex 94.15 19.9722 27
      vertex 82 23 27
      vertex 94.0555 19.9135 27
    endloop
  endfacet
  facet normal 0 0 1
    outer loop
      vertex 82 23 27
      vertex 93.9651 19.8487 27
      vertex 94.0555 19.9135 27
    endloop
  endfacet
  facet normal 0 0 1
    outer loop
      vertex 93.3036 18.6112 27
      vertex 82 23 27
      vertex 84.5 12.7 27
    endloop
  endfacet
  facet normal -0 0 1
    outer loop
      vertex 78 19 27
      vertex 84.5 12.7 27
      vertex 82 23 27
    endloop
  endfacet
  facet normal 0 0 1
    outer loop
      vertex 78 19 27
      vertex 82 23 27
      vertex 78.2259 20.2717 27
    endloop
  endfacet
  facet normal 0 0 1
    outer loop
      vertex 78 19 27
      vertex 78.2259 20.2717 27
      vertex 78.0769 19.7803 27
    endloop
  endfacet
  facet normal 0 0 1
    outer loop
      vertex 78 9 27
      vertex 84.5 12.7 27
      vertex 78 19 27
    endloop
  endfacet
  facet normal 0 0 1
    outer loop
      vertex 84.5 12.7 27
      vertex 78 9 27
      vertex 84.5 9 27
    endloop
  endfacet
  facet normal 0 0 1
    outer loop
      vertex 96.6964 18.6112 27
      vertex 102.5 19 27
      vertex 102.423 19.7803 27
    endloop
  endfacet
  facet normal 0 0 1
    outer loop
      vertex 96.6964 18.6112 27
      vertex 102.423 19.7803 27
      vertex 102.196 20.5307 27
    endloop
  endfacet
  facet normal 0 0 1
    outer loop
      vertex 96.6964 18.6112 27
      vertex 102.196 20.5307 27
      vertex 101.826 21.2223 27
    endloop
  endfacet
  facet normal 0 0 1
    outer loop
      vertex 96.6964 18.6112 27
      vertex 101.826 21.2223 27
      vertex 101.328 21.8284 27
    endloop
  endfacet
  facet normal 0 0 1
    outer loop
      vertex 96.6964 18.6112 27
      vertex 101.328 21.8284 27
      vertex 100.722 22.3259 27
    endloop
  endfacet
  facet normal 0 0 1
    outer loop
      vertex 96.6964 18.6112 27
      vertex 100.722 22.3259 27
      vertex 100.031 22.6955 27
    endloop
  endfacet
  facet normal 0 0 1
    outer loop
      vertex 96.6964 18.6112 27
      vertex 100.031 22.6955 27
      vertex 99.2803 22.9231 27
    endloop
  endfacet
  facet normal 0 0 1
    outer loop
      vertex 96.4722 19.35 27
      vertex 99.2803 22.9231 27
      vertex 98.5 23 27
    endloop
  endfacet
  facet normal 0 0 1
    outer loop
      vertex 102.5 19 27
      vertex 96.7 18.5 27
      vertex 96.6964 18.3888 27
    endloop
  endfacet
  facet normal 0 0 1
    outer loop
      vertex 102.5 19 27
      vertex 96.6964 18.3888 27
      vertex 96.6855 18.2781 27
    endloop
  endfacet
  facet normal 0 0 1
    outer loop
      vertex 102.5 19 27
      vertex 96.6855 18.2781 27
      vertex 96.6673 18.1683 27
    endloop
  endfacet
  facet normal 0 0 1
    outer loop
      vertex 102.5 19 27
      vertex 96.6673 18.1683 27
      vertex 96.6421 18.06 27
    endloop
  endfacet
  facet normal 0 0 1
    outer loop
      vertex 102.5 19 27
      vertex 96.6421 18.06 27
      vertex 96.6098 17.9536 27
    endloop
  endfacet
  facet normal 0 0 1
    outer loop
      vertex 102.5 19 27
      vertex 96.6098 17.9536 27
      vertex 96.5706 17.8494 27
    endloop
  endfacet
  facet normal 0 0 1
    outer loop
      vertex 96.5247 17.7481 27
      vertex 102.5 19 27
      vertex 96.5706 17.8494 27
    endloop
  endfacet
  facet normal 0 0 1
    outer loop
      vertex 102.5 19 27
      vertex 96.5247 17.7481 27
      vertex 102.5 12.7 27
    endloop
  endfacet
  facet normal -0 0 1
    outer loop
      vertex 96.4722 17.65 27
      vertex 102.5 12.7 27
      vertex 96.5247 17.7481 27
    endloop
  endfacet
  facet normal -0 0 1
    outer loop
      vertex 96.4135 17.5555 27
      vertex 102.5 12.7 27
      vertex 96.4722 17.65 27
    endloop
  endfacet
  facet normal -0 0 1
    outer loop
      vertex 96.3487 17.4651 27
      vertex 102.5 12.7 27
      vertex 96.4135 17.5555 27
    endloop
  endfacet
  facet normal -0 0 1
    outer loop
      vertex 96.2781 17.3791 27
      vertex 102.5 12.7 27
      vertex 96.3487 17.4651 27
    endloop
  endfacet
  facet normal -0 0 1
    outer loop
      vertex 96.2021 17.2979 27
      vertex 102.5 12.7 27
      vertex 96.2781 17.3791 27
    endloop
  endfacet
  facet normal -0 0 1
    outer loop
      vertex 96.1209 17.2219 27
      vertex 102.5 12.7 27
      vertex 96.2021 17.2979 27
    endloop
  endfacet
  facet normal -0 0 1
    outer loop
      vertex 96.0349 17.1513 27
      vertex 102.5 12.7 27
      vertex 96.1209 17.2219 27
    endloop
  endfacet
  facet normal -0 0 1
    outer loop
      vertex 95.9445 17.0865 27
      vertex 102.5 12.7 27
      vertex 96.0349 17.1513 27
    endloop
  endfacet
  facet normal -0 0 1
    outer loop
      vertex 95.85 17.0278 27
      vertex 102.5 12.7 27
      vertex 95.9445 17.0865 27
    endloop
  endfacet
  facet normal -0 0 1
    outer loop
      vertex 95.7519 16.9753 27
      vertex 102.5 12.7 27
      vertex 95.85 17.0278 27
    endloop
  endfacet
  facet normal -0 0 1
    outer loop
      vertex 95.6506 16.9294 27
      vertex 102.5 12.7 27
      vertex 95.7519 16.9753 27
    endloop
  endfacet
  facet normal -0 0 1
    outer loop
      vertex 95.5464 16.8902 27
      vertex 102.5 12.7 27
      vertex 95.6506 16.9294 27
    endloop
  endfacet
  facet normal -0 0 1
    outer loop
      vertex 95.44 16.8579 27
      vertex 102.5 12.7 27
      vertex 95.5464 16.8902 27
    endloop
  endfacet
  facet normal -0 0 1
    outer loop
      vertex 95.3316 16.8327 27
      vertex 102.5 12.7 27
      vertex 95.44 16.8579 27
    endloop
  endfacet
  facet normal -0 0 1
    outer loop
      vertex 95.2219 16.8145 27
      vertex 102.5 12.7 27
      vertex 95.3316 16.8327 27
    endloop
  endfacet
  facet normal -0 0 1
    outer loop
      vertex 95.1112 16.8036 27
      vertex 102.5 12.7 27
      vertex 95.2219 16.8145 27
    endloop
  endfacet
  facet normal -0 0 1
    outer loop
      vertex 95 16.8 27
      vertex 102.5 12.7 27
      vertex 95.1112 16.8036 27
    endloop
  endfacet
  facet normal 0 0 1
    outer loop
      vertex 94.8888 16.8036 27
      vertex 102.5 12.7 27
      vertex 95 16.8 27
    endloop
  endfacet
  facet normal 0 0 1
    outer loop
      vertex 94.7781 16.8145 27
      vertex 102.5 12.7 27
      vertex 94.8888 16.8036 27
    endloop
  endfacet
  facet normal 0 0 1
    outer loop
      vertex 84.5 12.7 27
      vertex 94.7781 16.8145 27
      vertex 94.6684 16.8327 27
    endloop
  endfacet
  facet normal 0 0 1
    outer loop
      vertex 84.5 12.7 27
      vertex 94.6684 16.8327 27
      vertex 94.56 16.8579 27
    endloop
  endfacet
  facet normal 0 0 1
    outer loop
      vertex 84.5 12.7 27
      vertex 94.56 16.8579 27
      vertex 94.4536 16.8902 27
    endloop
  endfacet
  facet normal 0 0 1
    outer loop
      vertex 84.5 12.7 27
      vertex 94.4536 16.8902 27
      vertex 94.3494 16.9294 27
    endloop
  endfacet
  facet normal 0 0 1
    outer loop
      vertex 84.5 12.7 27
      vertex 94.3494 16.9294 27
      vertex 94.2481 16.9753 27
    endloop
  endfacet
  facet normal 0 0 1
    outer loop
      vertex 94.7781 16.8145 27
      vertex 84.5 12.7 27
      vertex 102.5 12.7 27
    endloop
  endfacet
  facet normal 0 0 1
    outer loop
      vertex 94.15 17.0278 27
      vertex 84.5 12.7 27
      vertex 94.2481 16.9753 27
    endloop
  endfacet
  facet normal 0 0 1
    outer loop
      vertex 94.0555 17.0865 27
      vertex 84.5 12.7 27
      vertex 94.15 17.0278 27
    endloop
  endfacet
  facet normal 0 0 1
    outer loop
      vertex 93.9651 17.1513 27
      vertex 84.5 12.7 27
      vertex 94.0555 17.0865 27
    endloop
  endfacet
  facet normal 0 0 1
    outer loop
      vertex 93.8791 17.2219 27
      vertex 84.5 12.7 27
      vertex 93.9651 17.1513 27
    endloop
  endfacet
  facet normal 0 0 1
    outer loop
      vertex 93.7979 17.2979 27
      vertex 84.5 12.7 27
      vertex 93.8791 17.2219 27
    endloop
  endfacet
  facet normal 0 0 1
    outer loop
      vertex 93.7219 17.3791 27
      vertex 84.5 12.7 27
      vertex 93.7979 17.2979 27
    endloop
  endfacet
  facet normal 0 0 1
    outer loop
      vertex 93.6513 17.4651 27
      vertex 84.5 12.7 27
      vertex 93.7219 17.3791 27
    endloop
  endfacet
  facet normal 0 0 1
    outer loop
      vertex 93.5865 17.5555 27
      vertex 84.5 12.7 27
      vertex 93.6513 17.4651 27
    endloop
  endfacet
  facet normal 0 0 1
    outer loop
      vertex 93.5278 17.65 27
      vertex 84.5 12.7 27
      vertex 93.5865 17.5555 27
    endloop
  endfacet
  facet normal 0 0 1
    outer loop
      vertex 93.4753 17.7481 27
      vertex 84.5 12.7 27
      vertex 93.5278 17.65 27
    endloop
  endfacet
  facet normal 0 0 1
    outer loop
      vertex 93.4294 17.8494 27
      vertex 84.5 12.7 27
      vertex 93.4753 17.7481 27
    endloop
  endfacet
  facet normal 0 0 1
    outer loop
      vertex 93.3902 17.9536 27
      vertex 84.5 12.7 27
      vertex 93.4294 17.8494 27
    endloop
  endfacet
  facet normal 0 0 1
    outer loop
      vertex 93.3579 18.06 27
      vertex 84.5 12.7 27
      vertex 93.3902 17.9536 27
    endloop
  endfacet
  facet normal 0 0 1
    outer loop
      vertex 93.3327 18.1683 27
      vertex 84.5 12.7 27
      vertex 93.3579 18.06 27
    endloop
  endfacet
  facet normal 0 0 1
    outer loop
      vertex 93.3145 18.2781 27
      vertex 84.5 12.7 27
      vertex 93.3327 18.1683 27
    endloop
  endfacet
  facet normal 0 0 1
    outer loop
      vertex 93.3036 18.3888 27
      vertex 84.5 12.7 27
      vertex 93.3145 18.2781 27
    endloop
  endfacet
  facet normal 0 0 1
    outer loop
      vertex 84.5 12.7 27
      vertex 93.3036 18.3888 27
      vertex 93.3 18.5 27
    endloop
  endfacet
  facet normal -0 0 1
    outer loop
      vertex 78 -9 27
      vertex 84.5 -12.7 27
      vertex 84.5 -9 27
    endloop
  endfacet
  facet normal 0 0 1
    outer loop
      vertex 84.5 -12.7 27
      vertex 78 -19 27
      vertex 82 -23 27
    endloop
  endfacet
  facet normal 0 0 1
    outer loop
      vertex 82 -23 27
      vertex 78 -19 27
      vertex 78.2259 -20.2717 27
    endloop
  endfacet
  facet normal 0 0 1
    outer loop
      vertex 84.5 -12.7 27
      vertex 78 -9 27
      vertex 78 -19 27
    endloop
  endfacet
  facet normal 0 0 1
    outer loop
      vertex 78.2259 -20.2717 27
      vertex 78 -19 27
      vertex 78.0769 -19.7803 27
    endloop
  endfacet
  facet normal 0 0 1
    outer loop
      vertex 77.5 -22.6188 27
      vertex 78.2259 -20.2717 27
      vertex 77.5 -20.2102 27
    endloop
  endfacet
  facet normal 0 0 1
    outer loop
      vertex 78.2259 -20.2717 27
      vertex 77.5 -22.6188 27
      vertex 82 -23 27
    endloop
  endfacet
  facet normal -0 0 1
    outer loop
      vertex 96.5247 -17.7481 27
      vertex 102.5 -19 27
      vertex 102.5 -12.7 27
    endloop
  endfacet
  facet normal -0 -0 1
    outer loop
      vertex 96.6098 -17.9536 27
      vertex 102.5 -19 27
      vertex 96.5706 -17.8494 27
    endloop
  endfacet
  facet normal -0 -0 1
    outer loop
      vertex 96.6673 -18.1683 27
      vertex 102.5 -19 27
      vertex 96.6421 -18.06 27
    endloop
  endfacet
  facet normal -0 -0 1
    outer loop
      vertex 96.6964 -18.3888 27
      vertex 102.5 -19 27
      vertex 96.6855 -18.2781 27
    endloop
  endfacet
  facet normal -0 0 1
    outer loop
      vertex 96.6964 -18.6112 27
      vertex 102.5 -19 27
      vertex 96.7 -18.5 27
    endloop
  endfacet
  facet normal 0 0 1
    outer loop
      vertex 102.5 -19 27
      vertex 96.6855 -18.7219 27
      vertex 102.423 -19.7803 27
    endloop
  endfacet
  facet normal 0 0 1
    outer loop
      vertex 102.423 -19.7803 27
      vertex 96.6673 -18.8317 27
      vertex 102.196 -20.5307 27
    endloop
  endfacet
  facet normal -0 0 1
    outer loop
      vertex 96.6421 -18.94 27
      vertex 101.826 -21.2223 27
      vertex 96.6673 -18.8317 27
    endloop
  endfacet
  facet normal 0 0 1
    outer loop
      vertex 101.826 -21.2223 27
      vertex 96.6421 -18.94 27
      vertex 101.328 -21.8284 27
    endloop
  endfacet
  facet normal 0 0 1
    outer loop
      vertex 102.196 -20.5307 27
      vertex 96.6673 -18.8317 27
      vertex 101.826 -21.2223 27
    endloop
  endfacet
  facet normal -0 0 1
    outer loop
      vertex 96.6673 -18.8317 27
      vertex 102.423 -19.7803 27
      vertex 96.6855 -18.7219 27
    endloop
  endfacet
  facet normal -0 0 1
    outer loop
      vertex 96.6855 -18.7219 27
      vertex 102.5 -19 27
      vertex 96.6964 -18.6112 27
    endloop
  endfacet
  facet normal -0 -0 1
    outer loop
      vertex 96.7 -18.5 27
      vertex 102.5 -19 27
      vertex 96.6964 -18.3888 27
    endloop
  endfacet
  facet normal -0 -0 1
    outer loop
      vertex 96.6855 -18.2781 27
      vertex 102.5 -19 27
      vertex 96.6673 -18.1683 27
    endloop
  endfacet
  facet normal -0 -0 1
    outer loop
      vertex 96.6421 -18.06 27
      vertex 102.5 -19 27
      vertex 96.6098 -17.9536 27
    endloop
  endfacet
  facet normal 0 0 1
    outer loop
      vertex 102.5 -19 27
      vertex 96.5247 -17.7481 27
      vertex 96.5706 -17.8494 27
    endloop
  endfacet
  facet normal 0 0 1
    outer loop
      vertex 102.5 -12.7 27
      vertex 96.4722 -17.65 27
      vertex 96.5247 -17.7481 27
    endloop
  endfacet
  facet normal 0 0 1
    outer loop
      vertex 102.5 -12.7 27
      vertex 96.4135 -17.5555 27
      vertex 96.4722 -17.65 27
    endloop
  endfacet
  facet normal 0 0 1
    outer loop
      vertex 102.5 -12.7 27
      vertex 96.3487 -17.4651 27
      vertex 96.4135 -17.5555 27
    endloop
  endfacet
  facet normal 0 0 1
    outer loop
      vertex 102.5 -12.7 27
      vertex 96.2781 -17.3791 27
      vertex 96.3487 -17.4651 27
    endloop
  endfacet
  facet normal 0 0 1
    outer loop
      vertex 102.5 -12.7 27
      vertex 96.2021 -17.2979 27
      vertex 96.2781 -17.3791 27
    endloop
  endfacet
  facet normal 0 0 1
    outer loop
      vertex 102.5 -12.7 27
      vertex 96.1209 -17.2219 27
      vertex 96.2021 -17.2979 27
    endloop
  endfacet
  facet normal 0 0 1
    outer loop
      vertex 102.5 -12.7 27
      vertex 96.0349 -17.1513 27
      vertex 96.1209 -17.2219 27
    endloop
  endfacet
  facet normal 0 0 1
    outer loop
      vertex 102.5 -12.7 27
      vertex 95.9445 -17.0865 27
      vertex 96.0349 -17.1513 27
    endloop
  endfacet
  facet normal 0 0 1
    outer loop
      vertex 102.5 -12.7 27
      vertex 95.85 -17.0278 27
      vertex 95.9445 -17.0865 27
    endloop
  endfacet
  facet normal 0 0 1
    outer loop
      vertex 102.5 -12.7 27
      vertex 95.7519 -16.9753 27
      vertex 95.85 -17.0278 27
    endloop
  endfacet
  facet normal 0 0 1
    outer loop
      vertex 102.5 -12.7 27
      vertex 95.6506 -16.9294 27
      vertex 95.7519 -16.9753 27
    endloop
  endfacet
  facet normal 0 0 1
    outer loop
      vertex 102.5 -12.7 27
      vertex 95.5464 -16.8902 27
      vertex 95.6506 -16.9294 27
    endloop
  endfacet
  facet normal 0 0 1
    outer loop
      vertex 102.5 -12.7 27
      vertex 95.44 -16.8579 27
      vertex 95.5464 -16.8902 27
    endloop
  endfacet
  facet normal 0 0 1
    outer loop
      vertex 102.5 -12.7 27
      vertex 95.3316 -16.8327 27
      vertex 95.44 -16.8579 27
    endloop
  endfacet
  facet normal 0 0 1
    outer loop
      vertex 102.5 -12.7 27
      vertex 95.2219 -16.8145 27
      vertex 95.3316 -16.8327 27
    endloop
  endfacet
  facet normal 0 0 1
    outer loop
      vertex 102.5 -12.7 27
      vertex 95.1112 -16.8036 27
      vertex 95.2219 -16.8145 27
    endloop
  endfacet
  facet normal 0 0 1
    outer loop
      vertex 102.5 -12.7 27
      vertex 95 -16.8 27
      vertex 95.1112 -16.8036 27
    endloop
  endfacet
  facet normal 0 0 1
    outer loop
      vertex 102.5 -12.7 27
      vertex 94.8888 -16.8036 27
      vertex 95 -16.8 27
    endloop
  endfacet
  facet normal 0 0 1
    outer loop
      vertex 102.5 -12.7 27
      vertex 94.7781 -16.8145 27
      vertex 94.8888 -16.8036 27
    endloop
  endfacet
  facet normal -0 0 1
    outer loop
      vertex 84.5 -12.7 27
      vertex 94.7781 -16.8145 27
      vertex 102.5 -12.7 27
    endloop
  endfacet
  facet normal 0 0 1
    outer loop
      vertex 94.7781 -16.8145 27
      vertex 84.5 -12.7 27
      vertex 94.6684 -16.8327 27
    endloop
  endfacet
  facet normal 0 0 1
    outer loop
      vertex 94.6684 -16.8327 27
      vertex 84.5 -12.7 27
      vertex 94.56 -16.8579 27
    endloop
  endfacet
  facet normal 0 0 1
    outer loop
      vertex 94.56 -16.8579 27
      vertex 84.5 -12.7 27
      vertex 94.4536 -16.8902 27
    endloop
  endfacet
  facet normal 0 0 1
    outer loop
      vertex 94.4536 -16.8902 27
      vertex 84.5 -12.7 27
      vertex 94.3494 -16.9294 27
    endloop
  endfacet
  facet normal 0 0 1
    outer loop
      vertex 93.3036 -18.3888 27
      vertex 84.5 -12.7 27
      vertex 93.3 -18.5 27
    endloop
  endfacet
  facet normal 0 0 1
    outer loop
      vertex 93.3145 -18.2781 27
      vertex 84.5 -12.7 27
      vertex 93.3036 -18.3888 27
    endloop
  endfacet
  facet normal 0 0 1
    outer loop
      vertex 93.3327 -18.1683 27
      vertex 84.5 -12.7 27
      vertex 93.3145 -18.2781 27
    endloop
  endfacet
  facet normal 0 0 1
    outer loop
      vertex 93.3579 -18.06 27
      vertex 84.5 -12.7 27
      vertex 93.3327 -18.1683 27
    endloop
  endfacet
  facet normal 0 0 1
    outer loop
      vertex 93.3902 -17.9536 27
      vertex 84.5 -12.7 27
      vertex 93.3579 -18.06 27
    endloop
  endfacet
  facet normal 0 0 1
    outer loop
      vertex 93.4294 -17.8494 27
      vertex 84.5 -12.7 27
      vertex 93.3902 -17.9536 27
    endloop
  endfacet
  facet normal 0 0 1
    outer loop
      vertex 93.4753 -17.7481 27
      vertex 84.5 -12.7 27
      vertex 93.4294 -17.8494 27
    endloop
  endfacet
  facet normal 0 0 1
    outer loop
      vertex 93.5278 -17.65 27
      vertex 84.5 -12.7 27
      vertex 93.4753 -17.7481 27
    endloop
  endfacet
  facet normal 0 0 1
    outer loop
      vertex 93.5865 -17.5555 27
      vertex 84.5 -12.7 27
      vertex 93.5278 -17.65 27
    endloop
  endfacet
  facet normal 0 0 1
    outer loop
      vertex 93.6513 -17.4651 27
      vertex 84.5 -12.7 27
      vertex 93.5865 -17.5555 27
    endloop
  endfacet
  facet normal 0 0 1
    outer loop
      vertex 93.7219 -17.3791 27
      vertex 84.5 -12.7 27
      vertex 93.6513 -17.4651 27
    endloop
  endfacet
  facet normal 0 0 1
    outer loop
      vertex 93.7979 -17.2979 27
      vertex 84.5 -12.7 27
      vertex 93.7219 -17.3791 27
    endloop
  endfacet
  facet normal 0 0 1
    outer loop
      vertex 93.8791 -17.2219 27
      vertex 84.5 -12.7 27
      vertex 93.7979 -17.2979 27
    endloop
  endfacet
  facet normal 0 0 1
    outer loop
      vertex 93.9651 -17.1513 27
      vertex 84.5 -12.7 27
      vertex 93.8791 -17.2219 27
    endloop
  endfacet
  facet normal 0 0 1
    outer loop
      vertex 94.0555 -17.0865 27
      vertex 84.5 -12.7 27
      vertex 93.9651 -17.1513 27
    endloop
  endfacet
  facet normal 0 0 1
    outer loop
      vertex 94.15 -17.0278 27
      vertex 84.5 -12.7 27
      vertex 94.0555 -17.0865 27
    endloop
  endfacet
  facet normal 0 0 1
    outer loop
      vertex 94.2481 -16.9753 27
      vertex 84.5 -12.7 27
      vertex 94.15 -17.0278 27
    endloop
  endfacet
  facet normal 0 0 1
    outer loop
      vertex 94.3494 -16.9294 27
      vertex 84.5 -12.7 27
      vertex 94.2481 -16.9753 27
    endloop
  endfacet
  facet normal -0 0 1
    outer loop
      vertex 96.6098 -19.0464 27
      vertex 101.328 -21.8284 27
      vertex 96.6421 -18.94 27
    endloop
  endfacet
  facet normal 0 0 1
    outer loop
      vertex 101.328 -21.8284 27
      vertex 96.6098 -19.0464 27
      vertex 100.722 -22.3259 27
    endloop
  endfacet
  facet normal -0 0 1
    outer loop
      vertex 96.5706 -19.1506 27
      vertex 100.722 -22.3259 27
      vertex 96.6098 -19.0464 27
    endloop
  endfacet
  facet normal 0 0 1
    outer loop
      vertex 100.722 -22.3259 27
      vertex 96.5706 -19.1506 27
      vertex 100.031 -22.6955 27
    endloop
  endfacet
  facet normal -0 0 1
    outer loop
      vertex 96.5247 -19.2519 27
      vertex 100.031 -22.6955 27
      vertex 96.5706 -19.1506 27
    endloop
  endfacet
  facet normal 0 0 1
    outer loop
      vertex 100.031 -22.6955 27
      vertex 96.5247 -19.2519 27
      vertex 99.2803 -22.9231 27
    endloop
  endfacet
  facet normal -0 0 1
    outer loop
      vertex 96.4722 -19.35 27
      vertex 99.2803 -22.9231 27
      vertex 96.5247 -19.2519 27
    endloop
  endfacet
  facet normal 0 0 1
    outer loop
      vertex 99.2803 -22.9231 27
      vertex 96.4722 -19.35 27
      vertex 98.5 -23 27
    endloop
  endfacet
  facet normal -0 0 1
    outer loop
      vertex 96.4135 -19.4445 27
      vertex 98.5 -23 27
      vertex 96.4722 -19.35 27
    endloop
  endfacet
  facet normal -0 0 1
    outer loop
      vertex 96.3487 -19.5349 27
      vertex 98.5 -23 27
      vertex 96.4135 -19.4445 27
    endloop
  endfacet
  facet normal -0 0 1
    outer loop
      vertex 96.2781 -19.6209 27
      vertex 98.5 -23 27
      vertex 96.3487 -19.5349 27
    endloop
  endfacet
  facet normal -0 0 1
    outer loop
      vertex 96.2021 -19.7021 27
      vertex 98.5 -23 27
      vertex 96.2781 -19.6209 27
    endloop
  endfacet
  facet normal -0 0 1
    outer loop
      vertex 96.1209 -19.7781 27
      vertex 98.5 -23 27
      vertex 96.2021 -19.7021 27
    endloop
  endfacet
  facet normal -0 0 1
    outer loop
      vertex 96.0349 -19.8487 27
      vertex 98.5 -23 27
      vertex 96.1209 -19.7781 27
    endloop
  endfacet
  facet normal -0 0 1
    outer loop
      vertex 95.9445 -19.9135 27
      vertex 98.5 -23 27
      vertex 96.0349 -19.8487 27
    endloop
  endfacet
  facet normal -0 0 1
    outer loop
      vertex 95.85 -19.9722 27
      vertex 98.5 -23 27
      vertex 95.9445 -19.9135 27
    endloop
  endfacet
  facet normal -0 0 1
    outer loop
      vertex 95.7519 -20.0247 27
      vertex 98.5 -23 27
      vertex 95.85 -19.9722 27
    endloop
  endfacet
  facet normal -0 0 1
    outer loop
      vertex 95.6506 -20.0706 27
      vertex 98.5 -23 27
      vertex 95.7519 -20.0247 27
    endloop
  endfacet
  facet normal -0 0 1
    outer loop
      vertex 95.5464 -20.1098 27
      vertex 98.5 -23 27
      vertex 95.6506 -20.0706 27
    endloop
  endfacet
  facet normal -0 0 1
    outer loop
      vertex 95.44 -20.1421 27
      vertex 98.5 -23 27
      vertex 95.5464 -20.1098 27
    endloop
  endfacet
  facet normal -0 0 1
    outer loop
      vertex 95.3316 -20.1673 27
      vertex 98.5 -23 27
      vertex 95.44 -20.1421 27
    endloop
  endfacet
  facet normal -0 0 1
    outer loop
      vertex 95.2219 -20.1855 27
      vertex 98.5 -23 27
      vertex 95.3316 -20.1673 27
    endloop
  endfacet
  facet normal -0 0 1
    outer loop
      vertex 95.1112 -20.1964 27
      vertex 98.5 -23 27
      vertex 95.2219 -20.1855 27
    endloop
  endfacet
  facet normal -0 0 1
    outer loop
      vertex 95 -20.2 27
      vertex 98.5 -23 27
      vertex 95.1112 -20.1964 27
    endloop
  endfacet
  facet normal 0 0 1
    outer loop
      vertex 94.8888 -20.1964 27
      vertex 98.5 -23 27
      vertex 95 -20.2 27
    endloop
  endfacet
  facet normal 0 0 1
    outer loop
      vertex 94.7781 -20.1855 27
      vertex 98.5 -23 27
      vertex 94.8888 -20.1964 27
    endloop
  endfacet
  facet normal 0 0 1
    outer loop
      vertex 94.6684 -20.1673 27
      vertex 98.5 -23 27
      vertex 94.7781 -20.1855 27
    endloop
  endfacet
  facet normal 0 0 1
    outer loop
      vertex 94.56 -20.1421 27
      vertex 98.5 -23 27
      vertex 94.6684 -20.1673 27
    endloop
  endfacet
  facet normal 0 0 1
    outer loop
      vertex 94.4536 -20.1098 27
      vertex 98.5 -23 27
      vertex 94.56 -20.1421 27
    endloop
  endfacet
  facet normal 0 0 1
    outer loop
      vertex 94.3494 -20.0706 27
      vertex 98.5 -23 27
      vertex 94.4536 -20.1098 27
    endloop
  endfacet
  facet normal 0 0 1
    outer loop
      vertex 82 -23 27
      vertex 94.3494 -20.0706 27
      vertex 94.2481 -20.0247 27
    endloop
  endfacet
  facet normal 0 0 1
    outer loop
      vertex 82 -23 27
      vertex 94.2481 -20.0247 27
      vertex 94.15 -19.9722 27
    endloop
  endfacet
  facet normal 0 0 1
    outer loop
      vertex 82 -23 27
      vertex 94.15 -19.9722 27
      vertex 94.0555 -19.9135 27
    endloop
  endfacet
  facet normal 0 0 1
    outer loop
      vertex 84.5 -12.7 27
      vertex 93.3036 -18.6112 27
      vertex 93.3 -18.5 27
    endloop
  endfacet
  facet normal 0 0 1
    outer loop
      vertex 82 -23 27
      vertex 93.3036 -18.6112 27
      vertex 84.5 -12.7 27
    endloop
  endfacet
  facet normal 0 0 1
    outer loop
      vertex 93.3036 -18.6112 27
      vertex 82 -23 27
      vertex 93.3145 -18.7219 27
    endloop
  endfacet
  facet normal 0 0 1
    outer loop
      vertex 93.3145 -18.7219 27
      vertex 82 -23 27
      vertex 93.3327 -18.8317 27
    endloop
  endfacet
  facet normal 0 0 1
    outer loop
      vertex 93.3327 -18.8317 27
      vertex 82 -23 27
      vertex 93.3579 -18.94 27
    endloop
  endfacet
  facet normal 0 0 1
    outer loop
      vertex 93.3579 -18.94 27
      vertex 82 -23 27
      vertex 93.3902 -19.0464 27
    endloop
  endfacet
  facet normal 0 0 1
    outer loop
      vertex 93.3902 -19.0464 27
      vertex 82 -23 27
      vertex 93.4294 -19.1506 27
    endloop
  endfacet
  facet normal 0 0 1
    outer loop
      vertex 93.4294 -19.1506 27
      vertex 82 -23 27
      vertex 93.4753 -19.2519 27
    endloop
  endfacet
  facet normal 0 0 1
    outer loop
      vertex 93.4753 -19.2519 27
      vertex 82 -23 27
      vertex 93.5278 -19.35 27
    endloop
  endfacet
  facet normal 0 0 1
    outer loop
      vertex 93.5278 -19.35 27
      vertex 82 -23 27
      vertex 93.5865 -19.4445 27
    endloop
  endfacet
  facet normal 0 0 1
    outer loop
      vertex 93.5865 -19.4445 27
      vertex 82 -23 27
      vertex 93.6513 -19.5349 27
    endloop
  endfacet
  facet normal 0 0 1
    outer loop
      vertex 93.6513 -19.5349 27
      vertex 82 -23 27
      vertex 93.7219 -19.6209 27
    endloop
  endfacet
  facet normal 0 0 1
    outer loop
      vertex 93.7219 -19.6209 27
      vertex 82 -23 27
      vertex 93.7979 -19.7021 27
    endloop
  endfacet
  facet normal 0 0 1
    outer loop
      vertex 93.7979 -19.7021 27
      vertex 82 -23 27
      vertex 93.8791 -19.7781 27
    endloop
  endfacet
  facet normal 0 0 1
    outer loop
      vertex 94.3494 -20.0706 27
      vertex 82 -23 27
      vertex 98.5 -23 27
    endloop
  endfacet
  facet normal 0 0 1
    outer loop
      vertex 93.9651 -19.8487 27
      vertex 82 -23 27
      vertex 94.0555 -19.9135 27
    endloop
  endfacet
  facet normal 0 0 1
    outer loop
      vertex 93.8791 -19.7781 27
      vertex 82 -23 27
      vertex 93.9651 -19.8487 27
    endloop
  endfacet
  facet normal -0 0 1
    outer loop
      vertex 28 -18.426 27
      vertex 56.5 -18.4315 27
      vertex 28 -16.0175 27
    endloop
  endfacet
  facet normal 0 0 1
    outer loop
      vertex 56.5 -18.4315 27
      vertex 28 -18.426 27
      vertex 56.5 -20.8401 27
    endloop
  endfacet
  facet normal -0.0844015 0.996432 0
    outer loop
      vertex 82 23 5
      vertex 28 18.426 27
      vertex 82 23 27
    endloop
  endfacet
  facet normal -0.0844015 0.996432 0
    outer loop
      vertex 28 18.426 27
      vertex 82 23 5
      vertex 28 18.426 5
    endloop
  endfacet
  facet normal -1 0 0
    outer loop
      vertex 28 16.0175 5
      vertex 28 18.426 27
      vertex 28 18.426 5
    endloop
  endfacet
  facet normal -1 -0 0
    outer loop
      vertex 28 18.426 27
      vertex 28 16.0175 5
      vertex 28 16.0175 27
    endloop
  endfacet
  facet normal 0.0843991 -0.996432 0
    outer loop
      vertex 28 16.0175 5
      vertex 78.2259 20.2717 27
      vertex 28 16.0175 27
    endloop
  endfacet
  facet normal 0.0843991 -0.996432 0
    outer loop
      vertex 78.2259 20.2717 27
      vertex 28 16.0175 5
      vertex 78.2259 20.2717 5
    endloop
  endfacet
  facet normal 0.08442 0.99643 -4.51497e-05
    outer loop
      vertex 78.2259 -20.2717 27
      vertex 77.4904 -20.2094 26.7057
      vertex 77.5 -20.2102 27
    endloop
  endfacet
  facet normal 0.0844695 0.996426 -0.00016972
    outer loop
      vertex 78.2259 -20.2717 27
      vertex 77.4615 -20.207 26.4126
      vertex 77.4904 -20.2094 26.7057
    endloop
  endfacet
  facet normal 0.0842284 0.996446 0.00014618
    outer loop
      vertex 78.2259 -20.2717 27
      vertex 77.4135 -20.2029 26.1221
      vertex 77.4615 -20.207 26.4126
    endloop
  endfacet
  facet normal 0.0846698 0.996409 -0.000265172
    outer loop
      vertex 78.2259 -20.2717 27
      vertex 77.3467 -20.1973 25.8353
      vertex 77.4135 -20.2029 26.1221
    endloop
  endfacet
  facet normal 0.0838172 0.996481 0.000383053
    outer loop
      vertex 78.2259 -20.2717 27
      vertex 77.2612 -20.19 25.5535
      vertex 77.3467 -20.1973 25.8353
    endloop
  endfacet
  facet normal 0.0841689 0.996451 0.000146798
    outer loop
      vertex 78.2259 -20.2717 27
      vertex 77.1575 -20.1812 25.2779
      vertex 77.2612 -20.19 25.5535
    endloop
  endfacet
  facet normal 0.0844096 0.996431 -3.61693e-06
    outer loop
      vertex 78.2259 -20.2717 27
      vertex 77.0359 -20.1709 25.0097
      vertex 77.1575 -20.1812 25.2779
    endloop
  endfacet
  facet normal 0.0844036 0.996432 -0
    outer loop
      vertex 78.2259 -20.2717 5
      vertex 77.0359 -20.1709 25.0097
      vertex 78.2259 -20.2717 27
    endloop
  endfacet
  facet normal 0.084406 0.996431 4.40019e-06
    outer loop
      vertex 73 -19.8291 22.5
      vertex 78.2259 -20.2717 5
      vertex 61 -18.8126 22.5
    endloop
  endfacet
  facet normal 0.0843072 0.99644 -2.53439e-05
    outer loop
      vertex 73.2943 -19.854 22.5096
      vertex 78.2259 -20.2717 5
      vertex 73 -19.8291 22.5
    endloop
  endfacet
  facet normal 0.0843138 0.996439 -2.34611e-05
    outer loop
      vertex 73.5874 -19.8788 22.5385
      vertex 78.2259 -20.2717 5
      vertex 73.2943 -19.854 22.5096
    endloop
  endfacet
  facet normal 0.0843805 0.996434 -5.68713e-06
    outer loop
      vertex 73.8779 -19.9034 22.5865
      vertex 78.2259 -20.2717 5
      vertex 73.5874 -19.8788 22.5385
    endloop
  endfacet
  facet normal 0.0844243 0.99643 5.22288e-06
    outer loop
      vertex 74.1647 -19.9277 22.6533
      vertex 78.2259 -20.2717 5
      vertex 73.8779 -19.9034 22.5865
    endloop
  endfacet
  facet normal 0.0845016 0.996423 2.31191e-05
    outer loop
      vertex 74.4465 -19.9516 22.7388
      vertex 78.2259 -20.2717 5
      vertex 74.1647 -19.9277 22.6533
    endloop
  endfacet
  facet normal 0.0842535 0.996444 -3.01043e-05
    outer loop
      vertex 74.7221 -19.9749 22.8425
      vertex 78.2259 -20.2717 5
      vertex 74.4465 -19.9516 22.7388
    endloop
  endfacet
  facet normal 0.0846811 0.996408 5.44682e-05
    outer loop
      vertex 74.9903 -19.9977 22.9641
      vertex 78.2259 -20.2717 5
      vertex 74.7221 -19.9749 22.8425
    endloop
  endfacet
  facet normal 0.0844082 0.996431 4.94867e-06
    outer loop
      vertex 75.25 -20.0197 23.1029
      vertex 78.2259 -20.2717 5
      vertex 74.9903 -19.9977 22.9641
    endloop
  endfacet
  facet normal 0.0840964 0.996458 -4.66671e-05
    outer loop
      vertex 75.5001 -20.0408 23.2584
      vertex 78.2259 -20.2717 5
      vertex 75.25 -20.0197 23.1029
    endloop
  endfacet
  facet normal 0.0845155 0.996422 1.63512e-05
    outer loop
      vertex 75.7394 -20.0611 23.4299
      vertex 78.2259 -20.2717 5
      vertex 75.5001 -20.0408 23.2584
    endloop
  endfacet
  facet normal 0.0844516 0.996428 7.65978e-06
    outer loop
      vertex 75.9671 -20.0804 23.6167
      vertex 78.2259 -20.2717 5
      vertex 75.7394 -20.0611 23.4299
    endloop
  endfacet
  facet normal 0.0843885 0.996433 -4.69654e-08
    outer loop
      vertex 76.182 -20.0986 23.818
      vertex 78.2259 -20.2717 5
      vertex 75.9671 -20.0804 23.6167
    endloop
  endfacet
  facet normal 0.0846166 0.996414 2.49051e-05
    outer loop
      vertex 76.3833 -20.1157 24.0329
      vertex 78.2259 -20.2717 5
      vertex 76.182 -20.0986 23.818
    endloop
  endfacet
  facet normal 0.0842899 0.996441 -6.94893e-06
    outer loop
      vertex 76.5701 -20.1315 24.2606
      vertex 78.2259 -20.2717 5
      vertex 76.3833 -20.1157 24.0329
    endloop
  endfacet
  facet normal 0.0842607 0.996444 -9.48115e-06
    outer loop
      vertex 76.7416 -20.146 24.4999
      vertex 78.2259 -20.2717 5
      vertex 76.5701 -20.1315 24.2606
    endloop
  endfacet
  facet normal 0.0845616 0.996418 1.35873e-05
    outer loop
      vertex 76.8971 -20.1592 24.75
      vertex 78.2259 -20.2717 5
      vertex 76.7416 -20.146 24.4999
    endloop
  endfacet
  facet normal 0.0840369 0.996463 -2.19672e-05
    outer loop
      vertex 77.0359 -20.1709 25.0097
      vertex 78.2259 -20.2717 5
      vertex 76.8971 -20.1592 24.75
    endloop
  endfacet
  facet normal 0.0843995 0.996432 4.44783e-05
    outer loop
      vertex 56.5096 -18.4323 26.7057
      vertex 28 -16.0175 27
      vertex 56.5 -18.4315 27
    endloop
  endfacet
  facet normal 0.0844008 0.996432 0.000162897
    outer loop
      vertex 56.5385 -18.4347 26.4126
      vertex 28 -16.0175 27
      vertex 56.5096 -18.4323 26.7057
    endloop
  endfacet
  facet normal 0.084395 0.996432 -0.00011846
    outer loop
      vertex 56.5865 -18.4388 26.1221
      vertex 28 -16.0175 27
      vertex 56.5385 -18.4347 26.4126
    endloop
  endfacet
  facet normal 0.0843941 0.996432 -0.000146921
    outer loop
      vertex 56.6533 -18.4445 25.8353
      vertex 28 -16.0175 27
      vertex 56.5865 -18.4388 26.1221
    endloop
  endfacet
  facet normal 0.0844061 0.996431 0.000150527
    outer loop
      vertex 56.7388 -18.4517 25.5535
      vertex 28 -16.0175 27
      vertex 56.6533 -18.4445 25.8353
    endloop
  endfacet
  facet normal 0.0843956 0.996432 -6.08984e-05
    outer loop
      vertex 56.8425 -18.4605 25.2779
      vertex 28 -16.0175 27
      vertex 56.7388 -18.4517 25.5535
    endloop
  endfacet
  facet normal 0.0843991 0.996432 -1.18494e-06
    outer loop
      vertex 56.9641 -18.4708 25.0097
      vertex 28 -16.0175 27
      vertex 56.8425 -18.4605 25.2779
    endloop
  endfacet
  facet normal 0.0843874 0.996433 -0.000173047
    outer loop
      vertex 57.1029 -18.4826 24.75
      vertex 28 -16.0175 27
      vertex 56.9641 -18.4708 25.0097
    endloop
  endfacet
  facet normal 0.0842661 0.996443 0.00019978
    outer loop
      vertex 28 -16.0175 5
      vertex 57.1029 -18.4826 24.75
      vertex 57.2584 -18.4957 24.4999
    endloop
  endfacet
  facet normal 0.084536 0.99642 -0.000208163
    outer loop
      vertex 28 -16.0175 5
      vertex 57.2584 -18.4957 24.4999
      vertex 57.4299 -18.5103 24.2606
    endloop
  endfacet
  facet normal 0.0843591 0.996435 6.41085e-05
    outer loop
      vertex 28 -16.0175 5
      vertex 57.4299 -18.5103 24.2606
      vertex 57.6167 -18.5261 24.0329
    endloop
  endfacet
  facet normal 0.0843066 0.99644 0.000146328
    outer loop
      vertex 28 -16.0175 5
      vertex 57.6167 -18.5261 24.0329
      vertex 57.818 -18.5431 23.818
    endloop
  endfacet
  facet normal 0.0843943 0.996432 6.33188e-06
    outer loop
      vertex 28 -16.0175 5
      vertex 57.818 -18.5431 23.818
      vertex 58.0329 -18.5613 23.6167
    endloop
  endfacet
  facet normal 0.0844239 0.99643 -4.16523e-05
    outer loop
      vertex 28 -16.0175 5
      vertex 58.0329 -18.5613 23.6167
      vertex 58.2606 -18.5806 23.4299
    endloop
  endfacet
  facet normal 0.0844577 0.996427 -9.76035e-05
    outer loop
      vertex 28 -16.0175 5
      vertex 58.2606 -18.5806 23.4299
      vertex 58.4999 -18.6009 23.2584
    endloop
  endfacet
  facet normal 0.0844308 0.996429 -5.23991e-05
    outer loop
      vertex 28 -16.0175 5
      vertex 58.4999 -18.6009 23.2584
      vertex 58.75 -18.6221 23.1029
    endloop
  endfacet
  facet normal 0.0844058 0.996431 -9.48504e-06
    outer loop
      vertex 28 -16.0175 5
      vertex 58.75 -18.6221 23.1029
      vertex 59.0097 -18.6441 22.9641
    endloop
  endfacet
  facet normal 0.0843647 0.996435 6.19446e-05
    outer loop
      vertex 28 -16.0175 5
      vertex 59.0097 -18.6441 22.9641
      vertex 59.2779 -18.6668 22.8425
    endloop
  endfacet
  facet normal 0.0843049 0.99644 0.000167521
    outer loop
      vertex 28 -16.0175 5
      vertex 59.2779 -18.6668 22.8425
      vertex 59.5535 -18.6901 22.7388
    endloop
  endfacet
  facet normal 0.0844699 0.996426 -0.000128164
    outer loop
      vertex 28 -16.0175 5
      vertex 59.5535 -18.6901 22.7388
      vertex 59.8353 -18.714 22.6533
    endloop
  endfacet
  facet normal 0.0844341 0.996429 3.72172e-05
    outer loop
      vertex 78.2259 -20.2717 5
      vertex 59.8353 -18.714 22.6533
      vertex 60.1221 -18.7383 22.5865
    endloop
  endfacet
  facet normal 0.0843758 0.996434 -2.33181e-05
    outer loop
      vertex 78.2259 -20.2717 5
      vertex 60.1221 -18.7383 22.5865
      vertex 60.4126 -18.7629 22.5385
    endloop
  endfacet
  facet normal 0.0843032 0.99644 -9.75915e-05
    outer loop
      vertex 78.2259 -20.2717 5
      vertex 60.7057 -18.7877 22.5096
      vertex 61 -18.8126 22.5
    endloop
  endfacet
  facet normal 0.0843018 0.99644 -9.89691e-05
    outer loop
      vertex 78.2259 -20.2717 5
      vertex 60.4126 -18.7629 22.5385
      vertex 60.7057 -18.7877 22.5096
    endloop
  endfacet
  facet normal 0.0843991 0.996432 4.56369e-07
    outer loop
      vertex 59.8353 -18.714 22.6533
      vertex 78.2259 -20.2717 5
      vertex 28 -16.0175 5
    endloop
  endfacet
  facet normal 0.0844007 0.996432 0
    outer loop
      vertex 57.1029 -18.4826 24.75
      vertex 28 -16.0175 5
      vertex 28 -16.0175 27
    endloop
  endfacet
  facet normal -1 0 0
    outer loop
      vertex 28 -18.426 5
      vertex 28 -16.0175 27
      vertex 28 -16.0175 5
    endloop
  endfacet
  facet normal -1 -0 0
    outer loop
      vertex 28 -16.0175 27
      vertex 28 -18.426 5
      vertex 28 -18.426 27
    endloop
  endfacet
  facet normal -0.084403 -0.996432 -4.45924e-05
    outer loop
      vertex 28 -18.426 27
      vertex 56.5096 -20.8409 26.7057
      vertex 56.5 -20.8401 27
    endloop
  endfacet
  facet normal -0.0844042 -0.996432 -0.000163242
    outer loop
      vertex 28 -18.426 27
      vertex 56.5385 -20.8433 26.4126
      vertex 56.5096 -20.8409 26.7057
    endloop
  endfacet
  facet normal -0.0843985 -0.996432 0.000117881
    outer loop
      vertex 28 -18.426 27
      vertex 56.5865 -20.8474 26.1221
      vertex 56.5385 -20.8433 26.4126
    endloop
  endfacet
  facet normal -0.0843976 -0.996432 0.000146103
    outer loop
      vertex 28 -18.426 27
      vertex 56.6533 -20.8531 25.8353
      vertex 56.5865 -20.8474 26.1221
    endloop
  endfacet
  facet normal -0.0844096 -0.996431 -0.000151595
    outer loop
      vertex 28 -18.426 27
      vertex 56.7388 -20.8603 25.5535
      vertex 56.6533 -20.8531 25.8353
    endloop
  endfacet
  facet normal -0.0843991 -0.996432 5.95686e-05
    outer loop
      vertex 28 -18.426 27
      vertex 56.8425 -20.8691 25.2779
      vertex 56.7388 -20.8603 25.5535
    endloop
  endfacet
  facet normal -0.0844026 -0.996432 -4.24991e-07
    outer loop
      vertex 28 -18.426 27
      vertex 56.9641 -20.8794 25.0097
      vertex 56.8425 -20.8691 25.2779
    endloop
  endfacet
  facet normal -0.0844181 -0.99643 -0.000227176
    outer loop
      vertex 28 -18.426 27
      vertex 57.1029 -20.8911 24.75
      vertex 56.9641 -20.8794 25.0097
    endloop
  endfacet
  facet normal -0.0844007 -0.996432 0
    outer loop
      vertex 28 -18.426 5
      vertex 57.1029 -20.8911 24.75
      vertex 28 -18.426 27
    endloop
  endfacet
  facet normal -0.0844549 -0.996427 8.04121e-05
    outer loop
      vertex 57.1029 -20.8911 24.75
      vertex 28 -18.426 5
      vertex 57.2584 -20.9043 24.4999
    endloop
  endfacet
  facet normal -0.0843518 -0.996436 -7.52834e-05
    outer loop
      vertex 57.2584 -20.9043 24.4999
      vertex 28 -18.426 5
      vertex 57.4299 -20.9188 24.2606
    endloop
  endfacet
  facet normal -0.0845441 -0.99642 0.000220622
    outer loop
      vertex 57.4299 -20.9188 24.2606
      vertex 28 -18.426 5
      vertex 57.6167 -20.9347 24.0329
    endloop
  endfacet
  facet normal -0.0843087 -0.99644 -0.000148295
    outer loop
      vertex 57.6167 -20.9347 24.0329
      vertex 28 -18.426 5
      vertex 57.818 -20.9517 23.818
    endloop
  endfacet
  facet normal -0.0843963 -0.996432 -8.46333e-06
    outer loop
      vertex 57.818 -20.9517 23.818
      vertex 28 -18.426 5
      vertex 58.0329 -20.9699 23.6167
    endloop
  endfacet
  facet normal -0.0844258 -0.99643 3.93486e-05
    outer loop
      vertex 58.0329 -20.9699 23.6167
      vertex 28 -18.426 5
      vertex 58.2606 -20.9892 23.4299
    endloop
  endfacet
  facet normal -0.0844595 -0.996427 9.51196e-05
    outer loop
      vertex 58.2606 -20.9892 23.4299
      vertex 28 -18.426 5
      vertex 58.4999 -21.0095 23.2584
    endloop
  endfacet
  facet normal -0.0844325 -0.996429 4.97221e-05
    outer loop
      vertex 58.4999 -21.0095 23.2584
      vertex 28 -18.426 5
      vertex 58.75 -21.0307 23.1029
    endloop
  endfacet
  facet normal -0.0844073 -0.996431 6.59998e-06
    outer loop
      vertex 58.75 -21.0307 23.1029
      vertex 28 -18.426 5
      vertex 59.0097 -21.0527 22.9641
    endloop
  endfacet
  facet normal -0.0843661 -0.996435 -6.50561e-05
    outer loop
      vertex 59.0097 -21.0527 22.9641
      vertex 28 -18.426 5
      vertex 59.2779 -21.0754 22.8425
    endloop
  endfacet
  facet normal -0.0843061 -0.99644 -0.000170886
    outer loop
      vertex 59.2779 -21.0754 22.8425
      vertex 28 -18.426 5
      vertex 59.5535 -21.0987 22.7388
    endloop
  endfacet
  facet normal -0.084471 -0.996426 0.000124516
    outer loop
      vertex 59.5535 -21.0987 22.7388
      vertex 28 -18.426 5
      vertex 59.8353 -21.1226 22.6533
    endloop
  endfacet
  facet normal -0.0844187 -0.99643 2.9508e-05
    outer loop
      vertex 59.8353 -21.1226 22.6533
      vertex 28 -18.426 5
      vertex 60.1221 -21.1469 22.5865
    endloop
  endfacet
  facet normal -0.0843024 -0.99644 0.000120983
    outer loop
      vertex 60.7057 -21.1963 22.5096
      vertex 82 -23 5
      vertex 61 -21.2212 22.5
    endloop
  endfacet
  facet normal -0.0842993 -0.99644 0.00012483
    outer loop
      vertex 60.4126 -21.1715 22.5385
      vertex 82 -23 5
      vertex 60.7057 -21.1963 22.5096
    endloop
  endfacet
  facet normal -0.0843744 -0.996434 3.17215e-05
    outer loop
      vertex 60.1221 -21.1469 22.5865
      vertex 82 -23 5
      vertex 60.4126 -21.1715 22.5385
    endloop
  endfacet
  facet normal -0.0844015 -0.996432 -2.21872e-06
    outer loop
      vertex 82 -23 5
      vertex 60.1221 -21.1469 22.5865
      vertex 28 -18.426 5
    endloop
  endfacet
  facet normal -0.0844088 -0.996431 4.47824e-05
    outer loop
      vertex 77.4904 -22.618 26.7057
      vertex 82 -23 27
      vertex 77.5 -22.6188 27
    endloop
  endfacet
  facet normal -0.0844165 -0.996431 0.000164466
    outer loop
      vertex 77.4615 -22.6156 26.4126
      vertex 82 -23 27
      vertex 77.4904 -22.618 26.7057
    endloop
  endfacet
  facet normal -0.0843799 -0.996434 -0.000120979
    outer loop
      vertex 77.4135 -22.6115 26.1221
      vertex 82 -23 27
      vertex 77.4615 -22.6156 26.4126
    endloop
  endfacet
  facet normal -0.084374 -0.996434 -0.000151634
    outer loop
      vertex 77.3467 -22.6058 25.8353
      vertex 82 -23 27
      vertex 77.4135 -22.6115 26.1221
    endloop
  endfacet
  facet normal -0.0844527 -0.996427 0.000164745
    outer loop
      vertex 77.2612 -22.5986 25.5535
      vertex 82 -23 27
      vertex 77.3467 -22.6058 25.8353
    endloop
  endfacet
  facet normal -0.0843828 -0.996433 -6.57329e-05
    outer loop
      vertex 77.1575 -22.5898 25.2779
      vertex 82 -23 27
      vertex 77.2612 -22.5986 25.5535
    endloop
  endfacet
  facet normal -0.0844069 -0.996431 2.35078e-06
    outer loop
      vertex 77.0359 -22.5795 25.0097
      vertex 82 -23 27
      vertex 77.1575 -22.5898 25.2779
    endloop
  endfacet
  facet normal -0.0845177 -0.996422 0.00028078
    outer loop
      vertex 76.8971 -22.5678 24.75
      vertex 82 -23 27
      vertex 77.0359 -22.5795 25.0097
    endloop
  endfacet
  facet normal -0.0843236 -0.996438 -0.000162617
    outer loop
      vertex 76.7416 -22.5546 24.4999
      vertex 82 -23 27
      vertex 76.8971 -22.5678 24.75
    endloop
  endfacet
  facet normal -0.0844793 -0.996425 0.000167318
    outer loop
      vertex 76.5701 -22.5401 24.2606
      vertex 82 -23 27
      vertex 76.7416 -22.5546 24.4999
    endloop
  endfacet
  facet normal -0.084102 -0.996457 -0.000585896
    outer loop
      vertex 76.3833 -22.5242 24.0329
      vertex 82 -23 27
      vertex 76.5701 -22.5401 24.2606
    endloop
  endfacet
  facet normal -0.0846619 -0.99641 0.000481478
    outer loop
      vertex 76.182 -22.5072 23.818
      vertex 82 -23 27
      vertex 76.3833 -22.5242 24.0329
    endloop
  endfacet
  facet normal -0.0843911 -0.996433 2.8889e-06
    outer loop
      vertex 82 -23 5
      vertex 76.182 -22.5072 23.818
      vertex 75.9671 -22.489 23.6167
    endloop
  endfacet
  facet normal -0.0844457 -0.996428 -1.49057e-05
    outer loop
      vertex 82 -23 5
      vertex 75.9671 -22.489 23.6167
      vertex 75.7394 -22.4697 23.4299
    endloop
  endfacet
  facet normal -0.0845027 -0.996423 -3.44117e-05
    outer loop
      vertex 82 -23 5
      vertex 75.7394 -22.4697 23.4299
      vertex 75.5001 -22.4494 23.2584
    endloop
  endfacet
  facet normal -0.0841291 -0.996455 9.95479e-05
    outer loop
      vertex 82 -23 5
      vertex 75.5001 -22.4494 23.2584
      vertex 75.25 -22.4283 23.1029
    endloop
  endfacet
  facet normal -0.084406 -0.996431 -4.27042e-06
    outer loop
      vertex 61 -21.2212 22.5
      vertex 82 -23 5
      vertex 73 -22.2377 22.5
    endloop
  endfacet
  facet normal -0.0843078 -0.99644 4.65981e-05
    outer loop
      vertex 73 -22.2377 22.5
      vertex 82 -23 5
      vertex 73.2943 -22.2626 22.5096
    endloop
  endfacet
  facet normal -0.0843157 -0.996439 4.26771e-05
    outer loop
      vertex 73.2943 -22.2626 22.5096
      vertex 82 -23 5
      vertex 73.5874 -22.2874 22.5385
    endloop
  endfacet
  facet normal -0.0843814 -0.996434 1.09343e-05
    outer loop
      vertex 73.5874 -22.2874 22.5385
      vertex 82 -23 5
      vertex 73.8779 -22.312 22.5865
    endloop
  endfacet
  facet normal -0.0844235 -0.99643 -8.67405e-06
    outer loop
      vertex 73.8779 -22.312 22.5865
      vertex 82 -23 5
      vertex 74.1647 -22.3363 22.6533
    endloop
  endfacet
  facet normal -0.0844961 -0.996424 -4.11324e-05
    outer loop
      vertex 74.1647 -22.3363 22.6533
      vertex 82 -23 5
      vertex 74.4465 -22.3602 22.7388
    endloop
  endfacet
  facet normal -0.0844004 -0.996432 0
    outer loop
      vertex 76.182 -22.5072 23.818
      vertex 82 -23 5
      vertex 82 -23 27
    endloop
  endfacet
  facet normal -0.084408 -0.996431 -5.21524e-06
    outer loop
      vertex 74.9903 -22.4063 22.9641
      vertex 82 -23 5
      vertex 75.25 -22.4283 23.1029
    endloop
  endfacet
  facet normal -0.0846589 -0.99641 -0.000103821
    outer loop
      vertex 74.7221 -22.3835 22.8425
      vertex 82 -23 5
      vertex 74.9903 -22.4063 22.9641
    endloop
  endfacet
  facet normal -0.0842641 -0.996443 5.83818e-05
    outer loop
      vertex 74.4465 -22.3602 22.7388
      vertex 82 -23 5
      vertex 74.7221 -22.3835 22.8425
    endloop
  endfacet
  facet normal 0.99946 0.0328554 0
    outer loop
      vertex 39 0 27
      vertex 38.9914 0.261612 5
      vertex 38.9914 0.261612 27
    endloop
  endfacet
  facet normal 0.99946 0.0328554 0
    outer loop
      vertex 38.9914 0.261612 5
      vertex 39 0 27
      vertex 39 0 5
    endloop
  endfacet
  facet normal -0.99946 -0.0328554 0
    outer loop
      vertex 31.0086 -0.261612 5
      vertex 31 0 27
      vertex 31 0 5
    endloop
  endfacet
  facet normal -0.99946 -0.0328554 0
    outer loop
      vertex 31 0 27
      vertex 31.0086 -0.261612 5
      vertex 31.0086 -0.261612 27
    endloop
  endfacet
  facet normal -0.0327042 0.999465 0
    outer loop
      vertex 35 4 5
      vertex 34.7384 3.99144 27
      vertex 35 4 27
    endloop
  endfacet
  facet normal -0.0327042 0.999465 0
    outer loop
      vertex 34.7384 3.99144 27
      vertex 35 4 5
      vertex 34.7384 3.99144 5
    endloop
  endfacet
  facet normal 0.0327042 -0.999465 0
    outer loop
      vertex 35 -4 5
      vertex 35.2616 -3.99144 27
      vertex 35 -4 27
    endloop
  endfacet
  facet normal 0.0327042 -0.999465 0
    outer loop
      vertex 35.2616 -3.99144 27
      vertex 35 -4 5
      vertex 35.2616 -3.99144 5
    endloop
  endfacet
  facet normal 0.683672 0.72979 -0
    outer loop
      vertex 37.8284 2.82843 5
      vertex 37.6374 3.00736 27
      vertex 37.8284 2.82843 27
    endloop
  endfacet
  facet normal 0.683672 0.72979 0
    outer loop
      vertex 37.6374 3.00736 27
      vertex 37.8284 2.82843 5
      vertex 37.6374 3.00736 5
    endloop
  endfacet
  facet normal -0.729746 0.683719 0
    outer loop
      vertex 31.9926 2.63738 5
      vertex 32.1716 2.82843 27
      vertex 32.1716 2.82843 5
    endloop
  endfacet
  facet normal -0.729746 0.683719 0
    outer loop
      vertex 32.1716 2.82843 27
      vertex 31.9926 2.63738 5
      vertex 31.9926 2.63738 27
    endloop
  endfacet
  facet normal -0.412603 0.910911 0
    outer loop
      vertex 33.4693 3.69552 5
      vertex 33.2308 3.58749 27
      vertex 33.4693 3.69552 27
    endloop
  endfacet
  facet normal -0.412603 0.910911 0
    outer loop
      vertex 33.2308 3.58749 27
      vertex 33.4693 3.69552 5
      vertex 33.2308 3.58749 5
    endloop
  endfacet
  facet normal 0.910902 0.412622 0
    outer loop
      vertex 38.6955 1.53073 27
      vertex 38.5875 1.76915 5
      vertex 38.5875 1.76915 27
    endloop
  endfacet
  facet normal 0.910902 0.412622 0
    outer loop
      vertex 38.5875 1.76915 5
      vertex 38.6955 1.53073 27
      vertex 38.6955 1.53073 5
    endloop
  endfacet
  facet normal 0.352338 0.935873 -0
    outer loop
      vertex 36.5307 3.69552 5
      vertex 36.2858 3.78772 27
      vertex 36.5307 3.69552 27
    endloop
  endfacet
  facet normal 0.352338 0.935873 0
    outer loop
      vertex 36.2858 3.78772 27
      vertex 36.5307 3.69552 5
      vertex 36.2858 3.78772 5
    endloop
  endfacet
  facet normal 0.528026 0.849228 -0
    outer loop
      vertex 37.2223 3.32588 5
      vertex 37 3.4641 27
      vertex 37.2223 3.32588 27
    endloop
  endfacet
  facet normal 0.528026 0.849228 0
    outer loop
      vertex 37 3.4641 27
      vertex 37.2223 3.32588 5
      vertex 37 3.4641 5
    endloop
  endfacet
  facet normal -0.935906 0.352249 0
    outer loop
      vertex 31.2123 1.28576 5
      vertex 31.3045 1.53073 27
      vertex 31.3045 1.53073 5
    endloop
  endfacet
  facet normal -0.935906 0.352249 0
    outer loop
      vertex 31.3045 1.53073 27
      vertex 31.2123 1.28576 5
      vertex 31.2123 1.28576 27
    endloop
  endfacet
  facet normal -0.227097 0.973872 0
    outer loop
      vertex 34.2196 3.92314 5
      vertex 33.9647 3.8637 27
      vertex 34.2196 3.92314 27
    endloop
  endfacet
  facet normal -0.227097 0.973872 0
    outer loop
      vertex 33.9647 3.8637 27
      vertex 34.2196 3.92314 5
      vertex 33.9647 3.8637 5
    endloop
  endfacet
  facet normal 0.986605 -0.163125 0
    outer loop
      vertex 38.9231 -0.780361 27
      vertex 38.9658 -0.522104 5
      vertex 38.9658 -0.522104 27
    endloop
  endfacet
  facet normal 0.986605 -0.163125 0
    outer loop
      vertex 38.9658 -0.522104 5
      vertex 38.9231 -0.780361 27
      vertex 38.9231 -0.780361 5
    endloop
  endfacet
  facet normal 0.97391 0.226936 0
    outer loop
      vertex 38.9231 0.780361 27
      vertex 38.8637 1.03528 5
      vertex 38.8637 1.03528 27
    endloop
  endfacet
  facet normal 0.97391 0.226936 0
    outer loop
      vertex 38.8637 1.03528 5
      vertex 38.9231 0.780361 27
      vertex 38.9231 0.780361 5
    endloop
  endfacet
  facet normal 0.995206 0.0978044 0
    outer loop
      vertex 38.9914 0.261612 27
      vertex 38.9658 0.522104 5
      vertex 38.9658 0.522104 27
    endloop
  endfacet
  facet normal 0.995206 0.0978044 0
    outer loop
      vertex 38.9658 0.522104 5
      vertex 38.9914 0.261612 27
      vertex 38.9914 0.261612 5
    endloop
  endfacet
  facet normal 0.81279 0.582556 0
    outer loop
      vertex 38.3259 2.22228 27
      vertex 38.1734 2.43505 5
      vertex 38.1734 2.43505 27
    endloop
  endfacet
  facet normal 0.81279 0.582556 0
    outer loop
      vertex 38.1734 2.43505 5
      vertex 38.3259 2.22228 27
      vertex 38.3259 2.22228 5
    endloop
  endfacet
  facet normal 0.881908 0.471421 0
    outer loop
      vertex 38.5875 1.76915 27
      vertex 38.4641 2 5
      vertex 38.4641 2 27
    endloop
  endfacet
  facet normal 0.881908 0.471421 0
    outer loop
      vertex 38.4641 2 5
      vertex 38.5875 1.76915 27
      vertex 38.5875 1.76915 5
    endloop
  endfacet
  facet normal 0.162875 0.986647 -0
    outer loop
      vertex 35.7804 3.92314 5
      vertex 35.5221 3.96578 27
      vertex 35.7804 3.92314 27
    endloop
  endfacet
  facet normal 0.162875 0.986647 0
    outer loop
      vertex 35.5221 3.96578 27
      vertex 35.7804 3.92314 5
      vertex 35.5221 3.96578 5
    endloop
  endfacet
  facet normal 0.290255 0.956949 -0
    outer loop
      vertex 36.2858 3.78772 5
      vertex 36.0353 3.8637 27
      vertex 36.2858 3.78772 27
    endloop
  endfacet
  facet normal 0.290255 0.956949 0
    outer loop
      vertex 36.0353 3.8637 27
      vertex 36.2858 3.78772 5
      vertex 36.0353 3.8637 5
    endloop
  endfacet
  facet normal 0.634267 0.773114 -0
    outer loop
      vertex 37.6374 3.00736 5
      vertex 37.435 3.17341 27
      vertex 37.6374 3.00736 27
    endloop
  endfacet
  facet normal 0.634267 0.773114 0
    outer loop
      vertex 37.435 3.17341 27
      vertex 37.6374 3.00736 5
      vertex 37.435 3.17341 5
    endloop
  endfacet
  facet normal -0.986605 0.163125 0
    outer loop
      vertex 31.0342 0.522104 5
      vertex 31.0769 0.780361 27
      vertex 31.0769 0.780361 5
    endloop
  endfacet
  facet normal -0.986605 0.163125 0
    outer loop
      vertex 31.0769 0.780361 27
      vertex 31.0342 0.522104 5
      vertex 31.0342 0.522104 27
    endloop
  endfacet
  facet normal -0.849241 0.528006 0
    outer loop
      vertex 31.5359 2 5
      vertex 31.6741 2.22228 27
      vertex 31.6741 2.22228 5
    endloop
  endfacet
  facet normal -0.849241 0.528006 0
    outer loop
      vertex 31.6741 2.22228 27
      vertex 31.5359 2 5
      vertex 31.5359 2 27
    endloop
  endfacet
  facet normal -0.7731 0.634284 0
    outer loop
      vertex 31.8266 2.43505 5
      vertex 31.9926 2.63738 27
      vertex 31.9926 2.63738 5
    endloop
  endfacet
  facet normal -0.7731 0.634284 0
    outer loop
      vertex 31.9926 2.63738 27
      vertex 31.8266 2.43505 5
      vertex 31.8266 2.43505 27
    endloop
  endfacet
  facet normal -0.956922 0.290347 0
    outer loop
      vertex 31.1363 1.03528 5
      vertex 31.2123 1.28576 27
      vertex 31.2123 1.28576 5
    endloop
  endfacet
  facet normal -0.956922 0.290347 0
    outer loop
      vertex 31.2123 1.28576 27
      vertex 31.1363 1.03528 5
      vertex 31.1363 1.03528 27
    endloop
  endfacet
  facet normal -0.995206 0.0978044 0
    outer loop
      vertex 31.0086 0.261612 5
      vertex 31.0342 0.522104 27
      vertex 31.0342 0.522104 5
    endloop
  endfacet
  facet normal -0.995206 0.0978044 0
    outer loop
      vertex 31.0342 0.522104 27
      vertex 31.0086 0.261612 5
      vertex 31.0086 0.261612 27
    endloop
  endfacet
  facet normal -0.582607 0.812754 0
    outer loop
      vertex 32.7777 3.32588 5
      vertex 32.565 3.17341 27
      vertex 32.7777 3.32588 27
    endloop
  endfacet
  facet normal -0.582607 0.812754 0
    outer loop
      vertex 32.565 3.17341 27
      vertex 32.7777 3.32588 5
      vertex 32.565 3.17341 5
    endloop
  endfacet
  facet normal -0.0980285 0.995184 0
    outer loop
      vertex 34.7384 3.99144 5
      vertex 34.4779 3.96578 27
      vertex 34.7384 3.99144 27
    endloop
  endfacet
  facet normal -0.0980285 0.995184 0
    outer loop
      vertex 34.4779 3.96578 27
      vertex 34.7384 3.99144 5
      vertex 34.4779 3.96578 5
    endloop
  endfacet
  facet normal 0.729746 -0.683719 0
    outer loop
      vertex 37.8284 -2.82843 27
      vertex 38.0074 -2.63738 5
      vertex 38.0074 -2.63738 27
    endloop
  endfacet
  facet normal 0.729746 -0.683719 0
    outer loop
      vertex 38.0074 -2.63738 5
      vertex 37.8284 -2.82843 27
      vertex 37.8284 -2.82843 5
    endloop
  endfacet
  facet normal -0.634267 -0.773114 0
    outer loop
      vertex 32.3626 -3.00736 5
      vertex 32.565 -3.17341 27
      vertex 32.3626 -3.00736 27
    endloop
  endfacet
  facet normal -0.634267 -0.773114 -0
    outer loop
      vertex 32.565 -3.17341 27
      vertex 32.3626 -3.00736 5
      vertex 32.565 -3.17341 5
    endloop
  endfacet
  facet normal -0.881908 -0.471421 0
    outer loop
      vertex 31.5359 -2 5
      vertex 31.4125 -1.76915 27
      vertex 31.4125 -1.76915 5
    endloop
  endfacet
  facet normal -0.881908 -0.471421 0
    outer loop
      vertex 31.4125 -1.76915 27
      vertex 31.5359 -2 5
      vertex 31.5359 -2 27
    endloop
  endfacet
  facet normal -0.7731 -0.634284 0
    outer loop
      vertex 31.9926 -2.63738 5
      vertex 31.8266 -2.43505 27
      vertex 31.8266 -2.43505 5
    endloop
  endfacet
  facet normal -0.7731 -0.634284 0
    outer loop
      vertex 31.8266 -2.43505 27
      vertex 31.9926 -2.63738 5
      vertex 31.9926 -2.63738 27
    endloop
  endfacet
  facet normal 0.0980285 -0.995184 0
    outer loop
      vertex 35.2616 -3.99144 5
      vertex 35.5221 -3.96578 27
      vertex 35.2616 -3.99144 27
    endloop
  endfacet
  facet normal 0.0980285 -0.995184 0
    outer loop
      vertex 35.5221 -3.96578 27
      vertex 35.2616 -3.99144 5
      vertex 35.5221 -3.96578 5
    endloop
  endfacet
  facet normal 0.986605 0.163125 0
    outer loop
      vertex 38.9658 0.522104 27
      vertex 38.9231 0.780361 5
      vertex 38.9231 0.780361 27
    endloop
  endfacet
  facet normal 0.986605 0.163125 0
    outer loop
      vertex 38.9231 0.780361 5
      vertex 38.9658 0.522104 27
      vertex 38.9658 0.522104 5
    endloop
  endfacet
  facet normal 0.935906 0.352249 0
    outer loop
      vertex 38.7877 1.28576 27
      vertex 38.6955 1.53073 5
      vertex 38.6955 1.53073 27
    endloop
  endfacet
  facet normal 0.935906 0.352249 0
    outer loop
      vertex 38.6955 1.53073 5
      vertex 38.7877 1.28576 27
      vertex 38.7877 1.28576 5
    endloop
  endfacet
  facet normal 0.956922 0.290347 0
    outer loop
      vertex 38.8637 1.03528 27
      vertex 38.7877 1.28576 5
      vertex 38.7877 1.28576 27
    endloop
  endfacet
  facet normal 0.956922 0.290347 0
    outer loop
      vertex 38.7877 1.28576 5
      vertex 38.8637 1.03528 27
      vertex 38.8637 1.03528 5
    endloop
  endfacet
  facet normal 0.7731 0.634284 0
    outer loop
      vertex 38.1734 2.43505 27
      vertex 38.0074 2.63738 5
      vertex 38.0074 2.63738 27
    endloop
  endfacet
  facet normal 0.7731 0.634284 0
    outer loop
      vertex 38.0074 2.63738 5
      vertex 38.1734 2.43505 27
      vertex 38.1734 2.43505 5
    endloop
  endfacet
  facet normal 0.729746 0.683719 0
    outer loop
      vertex 38.0074 2.63738 27
      vertex 37.8284 2.82843 5
      vertex 37.8284 2.82843 27
    endloop
  endfacet
  facet normal 0.729746 0.683719 0
    outer loop
      vertex 37.8284 2.82843 5
      vertex 38.0074 2.63738 27
      vertex 38.0074 2.63738 5
    endloop
  endfacet
  facet normal 0.849241 0.528006 0
    outer loop
      vertex 38.4641 2 27
      vertex 38.3259 2.22228 5
      vertex 38.3259 2.22228 27
    endloop
  endfacet
  facet normal 0.849241 0.528006 0
    outer loop
      vertex 38.3259 2.22228 5
      vertex 38.4641 2 27
      vertex 38.4641 2 5
    endloop
  endfacet
  facet normal 0.227097 0.973872 -0
    outer loop
      vertex 36.0353 3.8637 5
      vertex 35.7804 3.92314 27
      vertex 36.0353 3.8637 27
    endloop
  endfacet
  facet normal 0.227097 0.973872 0
    outer loop
      vertex 35.7804 3.92314 27
      vertex 36.0353 3.8637 5
      vertex 35.7804 3.92314 5
    endloop
  endfacet
  facet normal 0.0980285 0.995184 -0
    outer loop
      vertex 35.5221 3.96578 5
      vertex 35.2616 3.99144 27
      vertex 35.5221 3.96578 27
    endloop
  endfacet
  facet normal 0.0980285 0.995184 0
    outer loop
      vertex 35.2616 3.99144 27
      vertex 35.5221 3.96578 5
      vertex 35.2616 3.99144 5
    endloop
  endfacet
  facet normal 0.0327042 0.999465 -0
    outer loop
      vertex 35.2616 3.99144 5
      vertex 35 4 27
      vertex 35.2616 3.99144 27
    endloop
  endfacet
  facet normal 0.0327042 0.999465 0
    outer loop
      vertex 35 4 27
      vertex 35.2616 3.99144 5
      vertex 35 4 5
    endloop
  endfacet
  facet normal 0.471471 0.881882 -0
    outer loop
      vertex 37 3.4641 5
      vertex 36.7692 3.58749 27
      vertex 37 3.4641 27
    endloop
  endfacet
  facet normal 0.471471 0.881882 0
    outer loop
      vertex 36.7692 3.58749 27
      vertex 37 3.4641 5
      vertex 36.7692 3.58749 5
    endloop
  endfacet
  facet normal 0.412603 0.910911 -0
    outer loop
      vertex 36.7692 3.58749 5
      vertex 36.5307 3.69552 27
      vertex 36.7692 3.58749 27
    endloop
  endfacet
  facet normal 0.412603 0.910911 0
    outer loop
      vertex 36.5307 3.69552 27
      vertex 36.7692 3.58749 5
      vertex 36.5307 3.69552 5
    endloop
  endfacet
  facet normal 0.582607 0.812754 -0
    outer loop
      vertex 37.435 3.17341 5
      vertex 37.2223 3.32588 27
      vertex 37.435 3.17341 27
    endloop
  endfacet
  facet normal 0.582607 0.812754 0
    outer loop
      vertex 37.2223 3.32588 27
      vertex 37.435 3.17341 5
      vertex 37.2223 3.32588 5
    endloop
  endfacet
  facet normal -0.81279 0.582556 0
    outer loop
      vertex 31.6741 2.22228 5
      vertex 31.8266 2.43505 27
      vertex 31.8266 2.43505 5
    endloop
  endfacet
  facet normal -0.81279 0.582556 0
    outer loop
      vertex 31.8266 2.43505 27
      vertex 31.6741 2.22228 5
      vertex 31.6741 2.22228 27
    endloop
  endfacet
  facet normal -0.910902 0.412622 0
    outer loop
      vertex 31.3045 1.53073 5
      vertex 31.4125 1.76915 27
      vertex 31.4125 1.76915 5
    endloop
  endfacet
  facet normal -0.910902 0.412622 0
    outer loop
      vertex 31.4125 1.76915 27
      vertex 31.3045 1.53073 5
      vertex 31.3045 1.53073 27
    endloop
  endfacet
  facet normal -0.881908 0.471421 0
    outer loop
      vertex 31.4125 1.76915 5
      vertex 31.5359 2 27
      vertex 31.5359 2 5
    endloop
  endfacet
  facet normal -0.881908 0.471421 0
    outer loop
      vertex 31.5359 2 27
      vertex 31.4125 1.76915 5
      vertex 31.4125 1.76915 27
    endloop
  endfacet
  facet normal -0.97391 0.226936 0
    outer loop
      vertex 31.0769 0.780361 5
      vertex 31.1363 1.03528 27
      vertex 31.1363 1.03528 5
    endloop
  endfacet
  facet normal -0.97391 0.226936 0
    outer loop
      vertex 31.1363 1.03528 27
      vertex 31.0769 0.780361 5
      vertex 31.0769 0.780361 27
    endloop
  endfacet
  facet normal -0.99946 0.0328554 0
    outer loop
      vertex 31 0 5
      vertex 31.0086 0.261612 27
      vertex 31.0086 0.261612 5
    endloop
  endfacet
  facet normal -0.99946 0.0328554 0
    outer loop
      vertex 31.0086 0.261612 27
      vertex 31 0 5
      vertex 31 0 27
    endloop
  endfacet
  facet normal 0 0 1
    outer loop
      vertex 36.7 0 27
      vertex 39 0 27
      vertex 38.9914 0.261612 27
    endloop
  endfacet
  facet normal 0 0 1
    outer loop
      vertex 36.6964 0.111185 27
      vertex 38.9914 0.261612 27
      vertex 38.9658 0.522104 27
    endloop
  endfacet
  facet normal 0 0 1
    outer loop
      vertex 39 0 27
      vertex 36.7 0 27
      vertex 38.9914 -0.261612 27
    endloop
  endfacet
  facet normal 0 0 1
    outer loop
      vertex 36.6855 0.221894 27
      vertex 38.9658 0.522104 27
      vertex 38.9231 0.780361 27
    endloop
  endfacet
  facet normal -0 0 1
    outer loop
      vertex 36.6964 -0.111185 27
      vertex 38.9914 -0.261612 27
      vertex 36.7 0 27
    endloop
  endfacet
  facet normal 0 0 1
    outer loop
      vertex 36.6673 0.331653 27
      vertex 38.9231 0.780361 27
      vertex 38.8637 1.03528 27
    endloop
  endfacet
  facet normal 0 0 1
    outer loop
      vertex 38.9914 -0.261612 27
      vertex 36.6964 -0.111185 27
      vertex 38.9658 -0.522104 27
    endloop
  endfacet
  facet normal 0 0 1
    outer loop
      vertex 36.6421 0.439992 27
      vertex 38.8637 1.03528 27
      vertex 38.7877 1.28576 27
    endloop
  endfacet
  facet normal -0 0 1
    outer loop
      vertex 36.6855 -0.221894 27
      vertex 38.9658 -0.522104 27
      vertex 36.6964 -0.111185 27
    endloop
  endfacet
  facet normal 0 0 1
    outer loop
      vertex 36.6098 0.546447 27
      vertex 38.7877 1.28576 27
      vertex 38.6955 1.53073 27
    endloop
  endfacet
  facet normal 0 0 1
    outer loop
      vertex 38.9658 -0.522104 27
      vertex 36.6855 -0.221894 27
      vertex 38.9231 -0.780361 27
    endloop
  endfacet
  facet normal 0 0 1
    outer loop
      vertex 36.5706 0.650561 27
      vertex 38.6955 1.53073 27
      vertex 38.5875 1.76915 27
    endloop
  endfacet
  facet normal -0 0 1
    outer loop
      vertex 36.6673 -0.331653 27
      vertex 38.9231 -0.780361 27
      vertex 36.6855 -0.221894 27
    endloop
  endfacet
  facet normal 0 0 1
    outer loop
      vertex 36.5247 0.75189 27
      vertex 38.5875 1.76915 27
      vertex 38.4641 2 27
    endloop
  endfacet
  facet normal 0 0 1
    outer loop
      vertex 38.9231 -0.780361 27
      vertex 36.6673 -0.331653 27
      vertex 38.8637 -1.03528 27
    endloop
  endfacet
  facet normal 0 0 1
    outer loop
      vertex 36.4722 0.849999 27
      vertex 38.4641 2 27
      vertex 38.3259 2.22228 27
    endloop
  endfacet
  facet normal -0 0 1
    outer loop
      vertex 36.6421 -0.439992 27
      vertex 38.8637 -1.03528 27
      vertex 36.6673 -0.331653 27
    endloop
  endfacet
  facet normal 0 0 1
    outer loop
      vertex 36.4135 0.944468 27
      vertex 38.3259 2.22228 27
      vertex 38.1734 2.43505 27
    endloop
  endfacet
  facet normal 0 0 1
    outer loop
      vertex 38.8637 -1.03528 27
      vertex 36.6421 -0.439992 27
      vertex 38.7877 -1.28576 27
    endloop
  endfacet
  facet normal 0 0 1
    outer loop
      vertex 36.3487 1.03489 27
      vertex 38.1734 2.43505 27
      vertex 38.0074 2.63738 27
    endloop
  endfacet
  facet normal -0 0 1
    outer loop
      vertex 36.6098 -0.546447 27
      vertex 38.7877 -1.28576 27
      vertex 36.6421 -0.439992 27
    endloop
  endfacet
  facet normal 0 0 1
    outer loop
      vertex 36.2781 1.12089 27
      vertex 38.0074 2.63738 27
      vertex 37.8284 2.82843 27
    endloop
  endfacet
  facet normal 0 0 1
    outer loop
      vertex 38.7877 -1.28576 27
      vertex 36.6098 -0.546447 27
      vertex 38.6955 -1.53073 27
    endloop
  endfacet
  facet normal 0 0 1
    outer loop
      vertex 36.2021 1.20208 27
      vertex 37.8284 2.82843 27
      vertex 37.6374 3.00736 27
    endloop
  endfacet
  facet normal -0 0 1
    outer loop
      vertex 36.5706 -0.650561 27
      vertex 38.6955 -1.53073 27
      vertex 36.6098 -0.546447 27
    endloop
  endfacet
  facet normal 0 0 1
    outer loop
      vertex 36.1209 1.27813 27
      vertex 37.6374 3.00736 27
      vertex 37.435 3.17341 27
    endloop
  endfacet
  facet normal 0 0 1
    outer loop
      vertex 38.6955 -1.53073 27
      vertex 36.5706 -0.650561 27
      vertex 38.5875 -1.76915 27
    endloop
  endfacet
  facet normal 0 0 1
    outer loop
      vertex 36.0349 1.3487 27
      vertex 37.435 3.17341 27
      vertex 37.2223 3.32588 27
    endloop
  endfacet
  facet normal -0 0 1
    outer loop
      vertex 36.5247 -0.75189 27
      vertex 38.5875 -1.76915 27
      vertex 36.5706 -0.650561 27
    endloop
  endfacet
  facet normal 0 0 1
    outer loop
      vertex 35.9445 1.4135 27
      vertex 37.2223 3.32588 27
      vertex 37 3.4641 27
    endloop
  endfacet
  facet normal 0 0 1
    outer loop
      vertex 38.5875 -1.76915 27
      vertex 36.5247 -0.75189 27
      vertex 38.4641 -2 27
    endloop
  endfacet
  facet normal 0 0 1
    outer loop
      vertex 35.85 1.47224 27
      vertex 37 3.4641 27
      vertex 36.7692 3.58749 27
    endloop
  endfacet
  facet normal -0 0 1
    outer loop
      vertex 36.4722 -0.849999 27
      vertex 38.4641 -2 27
      vertex 36.5247 -0.75189 27
    endloop
  endfacet
  facet normal 0 0 1
    outer loop
      vertex 38.4641 -2 27
      vertex 36.4722 -0.849999 27
      vertex 38.3259 -2.22228 27
    endloop
  endfacet
  facet normal 0 0 1
    outer loop
      vertex 38.9914 0.261612 27
      vertex 36.6964 0.111185 27
      vertex 36.7 0 27
    endloop
  endfacet
  facet normal 0 0 1
    outer loop
      vertex 38.9658 0.522104 27
      vertex 36.6855 0.221894 27
      vertex 36.6964 0.111185 27
    endloop
  endfacet
  facet normal 0 0 1
    outer loop
      vertex 38.9231 0.780361 27
      vertex 36.6673 0.331653 27
      vertex 36.6855 0.221894 27
    endloop
  endfacet
  facet normal 0 0 1
    outer loop
      vertex 38.8637 1.03528 27
      vertex 36.6421 0.439992 27
      vertex 36.6673 0.331653 27
    endloop
  endfacet
  facet normal 0 0 1
    outer loop
      vertex 38.7877 1.28576 27
      vertex 36.6098 0.546447 27
      vertex 36.6421 0.439992 27
    endloop
  endfacet
  facet normal 0 0 1
    outer loop
      vertex 38.6955 1.53073 27
      vertex 36.5706 0.650561 27
      vertex 36.6098 0.546447 27
    endloop
  endfacet
  facet normal 0 0 1
    outer loop
      vertex 35.7519 1.52468 27
      vertex 36.7692 3.58749 27
      vertex 36.5307 3.69552 27
    endloop
  endfacet
  facet normal 0 0 1
    outer loop
      vertex 38.5875 1.76915 27
      vertex 36.5247 0.75189 27
      vertex 36.5706 0.650561 27
    endloop
  endfacet
  facet normal 0 0 1
    outer loop
      vertex 38.4641 2 27
      vertex 36.4722 0.849999 27
      vertex 36.5247 0.75189 27
    endloop
  endfacet
  facet normal 0 0 1
    outer loop
      vertex 38.3259 2.22228 27
      vertex 36.4135 0.944468 27
      vertex 36.4722 0.849999 27
    endloop
  endfacet
  facet normal 0 0 1
    outer loop
      vertex 38.1734 2.43505 27
      vertex 36.3487 1.03489 27
      vertex 36.4135 0.944468 27
    endloop
  endfacet
  facet normal 0 0 1
    outer loop
      vertex 35.6506 1.57059 27
      vertex 36.5307 3.69552 27
      vertex 36.2858 3.78772 27
    endloop
  endfacet
  facet normal 0 0 1
    outer loop
      vertex 38.0074 2.63738 27
      vertex 36.2781 1.12089 27
      vertex 36.3487 1.03489 27
    endloop
  endfacet
  facet normal 0 0 1
    outer loop
      vertex 37.8284 2.82843 27
      vertex 36.2021 1.20208 27
      vertex 36.2781 1.12089 27
    endloop
  endfacet
  facet normal 0 0 1
    outer loop
      vertex 37.6374 3.00736 27
      vertex 36.1209 1.27813 27
      vertex 36.2021 1.20208 27
    endloop
  endfacet
  facet normal 0 0 1
    outer loop
      vertex 35.5464 1.60978 27
      vertex 36.2858 3.78772 27
      vertex 36.0353 3.8637 27
    endloop
  endfacet
  facet normal 0 0 1
    outer loop
      vertex 37.435 3.17341 27
      vertex 36.0349 1.3487 27
      vertex 36.1209 1.27813 27
    endloop
  endfacet
  facet normal 0 0 1
    outer loop
      vertex 37.2223 3.32588 27
      vertex 35.9445 1.4135 27
      vertex 36.0349 1.3487 27
    endloop
  endfacet
  facet normal 0 0 1
    outer loop
      vertex 37 3.4641 27
      vertex 35.85 1.47224 27
      vertex 35.9445 1.4135 27
    endloop
  endfacet
  facet normal 0 0 1
    outer loop
      vertex 35.44 1.64207 27
      vertex 36.0353 3.8637 27
      vertex 35.7804 3.92314 27
    endloop
  endfacet
  facet normal 0 0 1
    outer loop
      vertex 36.7692 3.58749 27
      vertex 35.7519 1.52468 27
      vertex 35.85 1.47224 27
    endloop
  endfacet
  facet normal 0 0 1
    outer loop
      vertex 36.5307 3.69552 27
      vertex 35.6506 1.57059 27
      vertex 35.7519 1.52468 27
    endloop
  endfacet
  facet normal 0 0 1
    outer loop
      vertex 36.2858 3.78772 27
      vertex 35.5464 1.60978 27
      vertex 35.6506 1.57059 27
    endloop
  endfacet
  facet normal 0 0 1
    outer loop
      vertex 35.3317 1.66733 27
      vertex 35.7804 3.92314 27
      vertex 35.5221 3.96578 27
    endloop
  endfacet
  facet normal 0 0 1
    outer loop
      vertex 36.0353 3.8637 27
      vertex 35.44 1.64207 27
      vertex 35.5464 1.60978 27
    endloop
  endfacet
  facet normal 0 0 1
    outer loop
      vertex 35.7804 3.92314 27
      vertex 35.3317 1.66733 27
      vertex 35.44 1.64207 27
    endloop
  endfacet
  facet normal 0 0 1
    outer loop
      vertex 35.2219 1.68546 27
      vertex 35.5221 3.96578 27
      vertex 35.2616 3.99144 27
    endloop
  endfacet
  facet normal 0 0 1
    outer loop
      vertex 35.5221 3.96578 27
      vertex 35.2219 1.68546 27
      vertex 35.3317 1.66733 27
    endloop
  endfacet
  facet normal 0 0 1
    outer loop
      vertex 35.2616 3.99144 27
      vertex 35.1112 1.69636 27
      vertex 35.2219 1.68546 27
    endloop
  endfacet
  facet normal 0 0 1
    outer loop
      vertex 35 4 27
      vertex 35.1112 1.69636 27
      vertex 35.2616 3.99144 27
    endloop
  endfacet
  facet normal 0 0 1
    outer loop
      vertex 35 4 27
      vertex 35 1.7 27
      vertex 35.1112 1.69636 27
    endloop
  endfacet
  facet normal 0 0 1
    outer loop
      vertex 35 4 27
      vertex 34.8888 1.69636 27
      vertex 35 1.7 27
    endloop
  endfacet
  facet normal -0 0 1
    outer loop
      vertex 34.7384 3.99144 27
      vertex 34.8888 1.69636 27
      vertex 35 4 27
    endloop
  endfacet
  facet normal 0 0 1
    outer loop
      vertex 34.8888 1.69636 27
      vertex 34.7384 3.99144 27
      vertex 34.7781 1.68546 27
    endloop
  endfacet
  facet normal -0 0 1
    outer loop
      vertex 34.4779 3.96578 27
      vertex 34.7781 1.68546 27
      vertex 34.7384 3.99144 27
    endloop
  endfacet
  facet normal 0 0 1
    outer loop
      vertex 34.7781 1.68546 27
      vertex 34.4779 3.96578 27
      vertex 34.6683 1.66733 27
    endloop
  endfacet
  facet normal -0 0 1
    outer loop
      vertex 34.2196 3.92314 27
      vertex 34.6683 1.66733 27
      vertex 34.4779 3.96578 27
    endloop
  endfacet
  facet normal 0 0 1
    outer loop
      vertex 34.6683 1.66733 27
      vertex 34.2196 3.92314 27
      vertex 34.56 1.64207 27
    endloop
  endfacet
  facet normal -0 0 1
    outer loop
      vertex 33.9647 3.8637 27
      vertex 34.56 1.64207 27
      vertex 34.2196 3.92314 27
    endloop
  endfacet
  facet normal 0 0 1
    outer loop
      vertex 34.56 1.64207 27
      vertex 33.9647 3.8637 27
      vertex 34.4536 1.60978 27
    endloop
  endfacet
  facet normal -0 0 1
    outer loop
      vertex 33.7142 3.78772 27
      vertex 34.4536 1.60978 27
      vertex 33.9647 3.8637 27
    endloop
  endfacet
  facet normal 0 0 1
    outer loop
      vertex 34.4536 1.60978 27
      vertex 33.7142 3.78772 27
      vertex 34.3494 1.57059 27
    endloop
  endfacet
  facet normal -0 0 1
    outer loop
      vertex 33.4693 3.69552 27
      vertex 34.3494 1.57059 27
      vertex 33.7142 3.78772 27
    endloop
  endfacet
  facet normal 0 0 1
    outer loop
      vertex 34.3494 1.57059 27
      vertex 33.4693 3.69552 27
      vertex 34.2481 1.52468 27
    endloop
  endfacet
  facet normal -0 0 1
    outer loop
      vertex 33.2308 3.58749 27
      vertex 34.2481 1.52468 27
      vertex 33.4693 3.69552 27
    endloop
  endfacet
  facet normal 0 0 1
    outer loop
      vertex 34.2481 1.52468 27
      vertex 33.2308 3.58749 27
      vertex 34.15 1.47224 27
    endloop
  endfacet
  facet normal -0 0 1
    outer loop
      vertex 33 3.4641 27
      vertex 34.15 1.47224 27
      vertex 33.2308 3.58749 27
    endloop
  endfacet
  facet normal 0 0 1
    outer loop
      vertex 34.15 1.47224 27
      vertex 33 3.4641 27
      vertex 34.0555 1.4135 27
    endloop
  endfacet
  facet normal -0 0 1
    outer loop
      vertex 32.7777 3.32588 27
      vertex 34.0555 1.4135 27
      vertex 33 3.4641 27
    endloop
  endfacet
  facet normal 0 0 1
    outer loop
      vertex 34.0555 1.4135 27
      vertex 32.7777 3.32588 27
      vertex 33.9651 1.3487 27
    endloop
  endfacet
  facet normal -0 0 1
    outer loop
      vertex 32.565 3.17341 27
      vertex 33.9651 1.3487 27
      vertex 32.7777 3.32588 27
    endloop
  endfacet
  facet normal 0 0 1
    outer loop
      vertex 33.9651 1.3487 27
      vertex 32.565 3.17341 27
      vertex 33.8791 1.27813 27
    endloop
  endfacet
  facet normal -0 0 1
    outer loop
      vertex 32.3626 3.00736 27
      vertex 33.8791 1.27813 27
      vertex 32.565 3.17341 27
    endloop
  endfacet
  facet normal 0 0 1
    outer loop
      vertex 33.8791 1.27813 27
      vertex 32.3626 3.00736 27
      vertex 33.7979 1.20208 27
    endloop
  endfacet
  facet normal -0 0 1
    outer loop
      vertex 32.1716 2.82843 27
      vertex 33.7979 1.20208 27
      vertex 32.3626 3.00736 27
    endloop
  endfacet
  facet normal 0 0 1
    outer loop
      vertex 33.7979 1.20208 27
      vertex 32.1716 2.82843 27
      vertex 33.7219 1.12089 27
    endloop
  endfacet
  facet normal -0 0 1
    outer loop
      vertex 31.9926 2.63738 27
      vertex 33.7219 1.12089 27
      vertex 32.1716 2.82843 27
    endloop
  endfacet
  facet normal 0 0 1
    outer loop
      vertex 33.7219 1.12089 27
      vertex 31.9926 2.63738 27
      vertex 33.6513 1.03489 27
    endloop
  endfacet
  facet normal -0 0 1
    outer loop
      vertex 31.8266 2.43505 27
      vertex 33.6513 1.03489 27
      vertex 31.9926 2.63738 27
    endloop
  endfacet
  facet normal 0 0 1
    outer loop
      vertex 33.6513 1.03489 27
      vertex 31.8266 2.43505 27
      vertex 33.5865 0.944468 27
    endloop
  endfacet
  facet normal 0 0 1
    outer loop
      vertex 33.5865 0.944468 27
      vertex 31.6741 2.22228 27
      vertex 33.5278 0.849999 27
    endloop
  endfacet
  facet normal -0 0 1
    outer loop
      vertex 31.6741 2.22228 27
      vertex 33.5865 0.944468 27
      vertex 31.8266 2.43505 27
    endloop
  endfacet
  facet normal -0 0 1
    outer loop
      vertex 36.4135 -0.944468 27
      vertex 38.3259 -2.22228 27
      vertex 36.4722 -0.849999 27
    endloop
  endfacet
  facet normal 0 0 1
    outer loop
      vertex 38.3259 -2.22228 27
      vertex 36.4135 -0.944468 27
      vertex 38.1734 -2.43505 27
    endloop
  endfacet
  facet normal -0 0 1
    outer loop
      vertex 36.3487 -1.03489 27
      vertex 38.1734 -2.43505 27
      vertex 36.4135 -0.944468 27
    endloop
  endfacet
  facet normal 0 0 1
    outer loop
      vertex 38.1734 -2.43505 27
      vertex 36.3487 -1.03489 27
      vertex 38.0074 -2.63738 27
    endloop
  endfacet
  facet normal -0 0 1
    outer loop
      vertex 36.2781 -1.12089 27
      vertex 38.0074 -2.63738 27
      vertex 36.3487 -1.03489 27
    endloop
  endfacet
  facet normal 0 0 1
    outer loop
      vertex 38.0074 -2.63738 27
      vertex 36.2781 -1.12089 27
      vertex 37.8284 -2.82843 27
    endloop
  endfacet
  facet normal -0 0 1
    outer loop
      vertex 36.2021 -1.20208 27
      vertex 37.8284 -2.82843 27
      vertex 36.2781 -1.12089 27
    endloop
  endfacet
  facet normal 0 0 1
    outer loop
      vertex 37.8284 -2.82843 27
      vertex 36.2021 -1.20208 27
      vertex 37.6374 -3.00736 27
    endloop
  endfacet
  facet normal -0 0 1
    outer loop
      vertex 36.1209 -1.27813 27
      vertex 37.6374 -3.00736 27
      vertex 36.2021 -1.20208 27
    endloop
  endfacet
  facet normal 0 0 1
    outer loop
      vertex 37.6374 -3.00736 27
      vertex 36.1209 -1.27813 27
      vertex 37.435 -3.17341 27
    endloop
  endfacet
  facet normal -0 0 1
    outer loop
      vertex 36.0349 -1.3487 27
      vertex 37.435 -3.17341 27
      vertex 36.1209 -1.27813 27
    endloop
  endfacet
  facet normal 0 0 1
    outer loop
      vertex 37.435 -3.17341 27
      vertex 36.0349 -1.3487 27
      vertex 37.2223 -3.32588 27
    endloop
  endfacet
  facet normal -0 0 1
    outer loop
      vertex 35.9445 -1.4135 27
      vertex 37.2223 -3.32588 27
      vertex 36.0349 -1.3487 27
    endloop
  endfacet
  facet normal 0 0 1
    outer loop
      vertex 37.2223 -3.32588 27
      vertex 35.9445 -1.4135 27
      vertex 37 -3.4641 27
    endloop
  endfacet
  facet normal -0 0 1
    outer loop
      vertex 35.85 -1.47224 27
      vertex 37 -3.4641 27
      vertex 35.9445 -1.4135 27
    endloop
  endfacet
  facet normal 0 0 1
    outer loop
      vertex 37 -3.4641 27
      vertex 35.85 -1.47224 27
      vertex 36.7692 -3.58749 27
    endloop
  endfacet
  facet normal -0 0 1
    outer loop
      vertex 35.7519 -1.52468 27
      vertex 36.7692 -3.58749 27
      vertex 35.85 -1.47224 27
    endloop
  endfacet
  facet normal 0 0 1
    outer loop
      vertex 36.7692 -3.58749 27
      vertex 35.7519 -1.52468 27
      vertex 36.5307 -3.69552 27
    endloop
  endfacet
  facet normal -0 0 1
    outer loop
      vertex 35.6506 -1.57059 27
      vertex 36.5307 -3.69552 27
      vertex 35.7519 -1.52468 27
    endloop
  endfacet
  facet normal 0 0 1
    outer loop
      vertex 36.5307 -3.69552 27
      vertex 35.6506 -1.57059 27
      vertex 36.2858 -3.78772 27
    endloop
  endfacet
  facet normal -0 0 1
    outer loop
      vertex 35.5464 -1.60978 27
      vertex 36.2858 -3.78772 27
      vertex 35.6506 -1.57059 27
    endloop
  endfacet
  facet normal 0 0 1
    outer loop
      vertex 36.2858 -3.78772 27
      vertex 35.5464 -1.60978 27
      vertex 36.0353 -3.8637 27
    endloop
  endfacet
  facet normal -0 0 1
    outer loop
      vertex 35.44 -1.64207 27
      vertex 36.0353 -3.8637 27
      vertex 35.5464 -1.60978 27
    endloop
  endfacet
  facet normal 0 0 1
    outer loop
      vertex 36.0353 -3.8637 27
      vertex 35.44 -1.64207 27
      vertex 35.7804 -3.92314 27
    endloop
  endfacet
  facet normal -0 0 1
    outer loop
      vertex 35.3317 -1.66733 27
      vertex 35.7804 -3.92314 27
      vertex 35.44 -1.64207 27
    endloop
  endfacet
  facet normal 0 0 1
    outer loop
      vertex 35.7804 -3.92314 27
      vertex 35.3317 -1.66733 27
      vertex 35.5221 -3.96578 27
    endloop
  endfacet
  facet normal -0 0 1
    outer loop
      vertex 35.2219 -1.68546 27
      vertex 35.5221 -3.96578 27
      vertex 35.3317 -1.66733 27
    endloop
  endfacet
  facet normal 0 0 1
    outer loop
      vertex 35.5221 -3.96578 27
      vertex 35.2219 -1.68546 27
      vertex 35.2616 -3.99144 27
    endloop
  endfacet
  facet normal -0 0 1
    outer loop
      vertex 35.1112 -1.69636 27
      vertex 35.2616 -3.99144 27
      vertex 35.2219 -1.68546 27
    endloop
  endfacet
  facet normal -0 0 1
    outer loop
      vertex 35 -1.7 27
      vertex 35.2616 -3.99144 27
      vertex 35.1112 -1.69636 27
    endloop
  endfacet
  facet normal 0 0 1
    outer loop
      vertex 35 -1.7 27
      vertex 35 -4 27
      vertex 35.2616 -3.99144 27
    endloop
  endfacet
  facet normal 0 0 1
    outer loop
      vertex 34.8888 -1.69636 27
      vertex 35 -4 27
      vertex 35 -1.7 27
    endloop
  endfacet
  facet normal 0 0 1
    outer loop
      vertex 34.7384 -3.99144 27
      vertex 34.8888 -1.69636 27
      vertex 34.7781 -1.68546 27
    endloop
  endfacet
  facet normal 0 0 1
    outer loop
      vertex 34.8888 -1.69636 27
      vertex 34.7384 -3.99144 27
      vertex 35 -4 27
    endloop
  endfacet
  facet normal 0 0 1
    outer loop
      vertex 34.4779 -3.96578 27
      vertex 34.7781 -1.68546 27
      vertex 34.6683 -1.66733 27
    endloop
  endfacet
  facet normal 0 0 1
    outer loop
      vertex 34.2196 -3.92314 27
      vertex 34.6683 -1.66733 27
      vertex 34.56 -1.64207 27
    endloop
  endfacet
  facet normal 0 0 1
    outer loop
      vertex 34.7781 -1.68546 27
      vertex 34.4779 -3.96578 27
      vertex 34.7384 -3.99144 27
    endloop
  endfacet
  facet normal 0 0 1
    outer loop
      vertex 33.9647 -3.8637 27
      vertex 34.56 -1.64207 27
      vertex 34.4536 -1.60978 27
    endloop
  endfacet
  facet normal 0 0 1
    outer loop
      vertex 33.7142 -3.78772 27
      vertex 34.4536 -1.60978 27
      vertex 34.3494 -1.57059 27
    endloop
  endfacet
  facet normal 0 0 1
    outer loop
      vertex 33.4693 -3.69552 27
      vertex 34.3494 -1.57059 27
      vertex 34.2481 -1.52468 27
    endloop
  endfacet
  facet normal 0 0 1
    outer loop
      vertex 34.6683 -1.66733 27
      vertex 34.2196 -3.92314 27
      vertex 34.4779 -3.96578 27
    endloop
  endfacet
  facet normal 0 0 1
    outer loop
      vertex 33.2308 -3.58749 27
      vertex 34.2481 -1.52468 27
      vertex 34.15 -1.47224 27
    endloop
  endfacet
  facet normal 0 0 1
    outer loop
      vertex 33 -3.4641 27
      vertex 34.15 -1.47224 27
      vertex 34.0555 -1.4135 27
    endloop
  endfacet
  facet normal 0 0 1
    outer loop
      vertex 32.7777 -3.32588 27
      vertex 34.0555 -1.4135 27
      vertex 33.9651 -1.3487 27
    endloop
  endfacet
  facet normal 0 0 1
    outer loop
      vertex 34.56 -1.64207 27
      vertex 33.9647 -3.8637 27
      vertex 34.2196 -3.92314 27
    endloop
  endfacet
  facet normal 0 0 1
    outer loop
      vertex 32.565 -3.17341 27
      vertex 33.9651 -1.3487 27
      vertex 33.8791 -1.27813 27
    endloop
  endfacet
  facet normal 0 0 1
    outer loop
      vertex 32.3626 -3.00736 27
      vertex 33.8791 -1.27813 27
      vertex 33.7979 -1.20208 27
    endloop
  endfacet
  facet normal 0 0 1
    outer loop
      vertex 32.1716 -2.82843 27
      vertex 33.7979 -1.20208 27
      vertex 33.7219 -1.12089 27
    endloop
  endfacet
  facet normal 0 0 1
    outer loop
      vertex 34.4536 -1.60978 27
      vertex 33.7142 -3.78772 27
      vertex 33.9647 -3.8637 27
    endloop
  endfacet
  facet normal 0 0 1
    outer loop
      vertex 31.9926 -2.63738 27
      vertex 33.7219 -1.12089 27
      vertex 33.6513 -1.03489 27
    endloop
  endfacet
  facet normal 0 0 1
    outer loop
      vertex 31.8266 -2.43505 27
      vertex 33.6513 -1.03489 27
      vertex 33.5865 -0.944468 27
    endloop
  endfacet
  facet normal 0 0 1
    outer loop
      vertex 31.6741 -2.22228 27
      vertex 33.5865 -0.944468 27
      vertex 33.5278 -0.849999 27
    endloop
  endfacet
  facet normal 0 0 1
    outer loop
      vertex 31.5359 -2 27
      vertex 33.5278 -0.849999 27
      vertex 33.4753 -0.75189 27
    endloop
  endfacet
  facet normal 0 0 1
    outer loop
      vertex 34.3494 -1.57059 27
      vertex 33.4693 -3.69552 27
      vertex 33.7142 -3.78772 27
    endloop
  endfacet
  facet normal 0 0 1
    outer loop
      vertex 31.4125 -1.76915 27
      vertex 33.4753 -0.75189 27
      vertex 33.4294 -0.650561 27
    endloop
  endfacet
  facet normal 0 0 1
    outer loop
      vertex 31.3045 -1.53073 27
      vertex 33.4294 -0.650561 27
      vertex 33.3902 -0.546447 27
    endloop
  endfacet
  facet normal 0 0 1
    outer loop
      vertex 31.2123 -1.28576 27
      vertex 33.3902 -0.546447 27
      vertex 33.3579 -0.439992 27
    endloop
  endfacet
  facet normal 0 0 1
    outer loop
      vertex 31.1363 -1.03528 27
      vertex 33.3579 -0.439992 27
      vertex 33.3327 -0.331653 27
    endloop
  endfacet
  facet normal 0 0 1
    outer loop
      vertex 31.0769 -0.780361 27
      vertex 33.3327 -0.331653 27
      vertex 33.3145 -0.221894 27
    endloop
  endfacet
  facet normal 0 0 1
    outer loop
      vertex 31.0342 -0.522104 27
      vertex 33.3145 -0.221894 27
      vertex 33.3036 -0.111185 27
    endloop
  endfacet
  facet normal 0 0 1
    outer loop
      vertex 34.2481 -1.52468 27
      vertex 33.2308 -3.58749 27
      vertex 33.4693 -3.69552 27
    endloop
  endfacet
  facet normal 0 0 1
    outer loop
      vertex 31.0086 -0.261612 27
      vertex 33.3036 -0.111185 27
      vertex 33.3 0 27
    endloop
  endfacet
  facet normal -0 0 1
    outer loop
      vertex 31.5359 2 27
      vertex 33.5278 0.849999 27
      vertex 31.6741 2.22228 27
    endloop
  endfacet
  facet normal 0 0 1
    outer loop
      vertex 33.5278 0.849999 27
      vertex 31.5359 2 27
      vertex 33.4753 0.75189 27
    endloop
  endfacet
  facet normal 0 0 1
    outer loop
      vertex 34.15 -1.47224 27
      vertex 33 -3.4641 27
      vertex 33.2308 -3.58749 27
    endloop
  endfacet
  facet normal -0 0 1
    outer loop
      vertex 31.4125 1.76915 27
      vertex 33.4753 0.75189 27
      vertex 31.5359 2 27
    endloop
  endfacet
  facet normal 0 0 1
    outer loop
      vertex 34.0555 -1.4135 27
      vertex 32.7777 -3.32588 27
      vertex 33 -3.4641 27
    endloop
  endfacet
  facet normal 0 0 1
    outer loop
      vertex 33.4753 0.75189 27
      vertex 31.4125 1.76915 27
      vertex 33.4294 0.650561 27
    endloop
  endfacet
  facet normal 0 0 1
    outer loop
      vertex 33.9651 -1.3487 27
      vertex 32.565 -3.17341 27
      vertex 32.7777 -3.32588 27
    endloop
  endfacet
  facet normal -0 0 1
    outer loop
      vertex 31.3045 1.53073 27
      vertex 33.4294 0.650561 27
      vertex 31.4125 1.76915 27
    endloop
  endfacet
  facet normal 0 0 1
    outer loop
      vertex 33.8791 -1.27813 27
      vertex 32.3626 -3.00736 27
      vertex 32.565 -3.17341 27
    endloop
  endfacet
  facet normal 0 0 1
    outer loop
      vertex 33.4294 0.650561 27
      vertex 31.3045 1.53073 27
      vertex 33.3902 0.546447 27
    endloop
  endfacet
  facet normal 0 0 1
    outer loop
      vertex 33.7979 -1.20208 27
      vertex 32.1716 -2.82843 27
      vertex 32.3626 -3.00736 27
    endloop
  endfacet
  facet normal -0 0 1
    outer loop
      vertex 31.2123 1.28576 27
      vertex 33.3902 0.546447 27
      vertex 31.3045 1.53073 27
    endloop
  endfacet
  facet normal 0 0 1
    outer loop
      vertex 33.7219 -1.12089 27
      vertex 31.9926 -2.63738 27
      vertex 32.1716 -2.82843 27
    endloop
  endfacet
  facet normal 0 0 1
    outer loop
      vertex 33.3902 0.546447 27
      vertex 31.2123 1.28576 27
      vertex 33.3579 0.439992 27
    endloop
  endfacet
  facet normal 0 0 1
    outer loop
      vertex 33.6513 -1.03489 27
      vertex 31.8266 -2.43505 27
      vertex 31.9926 -2.63738 27
    endloop
  endfacet
  facet normal -0 0 1
    outer loop
      vertex 31.1363 1.03528 27
      vertex 33.3579 0.439992 27
      vertex 31.2123 1.28576 27
    endloop
  endfacet
  facet normal 0 0 1
    outer loop
      vertex 33.5865 -0.944468 27
      vertex 31.6741 -2.22228 27
      vertex 31.8266 -2.43505 27
    endloop
  endfacet
  facet normal 0 0 1
    outer loop
      vertex 33.3579 0.439992 27
      vertex 31.1363 1.03528 27
      vertex 33.3327 0.331653 27
    endloop
  endfacet
  facet normal 0 0 1
    outer loop
      vertex 33.5278 -0.849999 27
      vertex 31.5359 -2 27
      vertex 31.6741 -2.22228 27
    endloop
  endfacet
  facet normal -0 0 1
    outer loop
      vertex 31.0769 0.780361 27
      vertex 33.3327 0.331653 27
      vertex 31.1363 1.03528 27
    endloop
  endfacet
  facet normal 0 0 1
    outer loop
      vertex 33.4753 -0.75189 27
      vertex 31.4125 -1.76915 27
      vertex 31.5359 -2 27
    endloop
  endfacet
  facet normal 0 0 1
    outer loop
      vertex 33.3327 0.331653 27
      vertex 31.0769 0.780361 27
      vertex 33.3145 0.221894 27
    endloop
  endfacet
  facet normal 0 0 1
    outer loop
      vertex 33.4294 -0.650561 27
      vertex 31.3045 -1.53073 27
      vertex 31.4125 -1.76915 27
    endloop
  endfacet
  facet normal -0 0 1
    outer loop
      vertex 31.0342 0.522104 27
      vertex 33.3145 0.221894 27
      vertex 31.0769 0.780361 27
    endloop
  endfacet
  facet normal 0 0 1
    outer loop
      vertex 33.3902 -0.546447 27
      vertex 31.2123 -1.28576 27
      vertex 31.3045 -1.53073 27
    endloop
  endfacet
  facet normal 0 0 1
    outer loop
      vertex 33.3145 0.221894 27
      vertex 31.0342 0.522104 27
      vertex 33.3036 0.111185 27
    endloop
  endfacet
  facet normal 0 0 1
    outer loop
      vertex 33.3579 -0.439992 27
      vertex 31.1363 -1.03528 27
      vertex 31.2123 -1.28576 27
    endloop
  endfacet
  facet normal -0 0 1
    outer loop
      vertex 31.0086 0.261612 27
      vertex 33.3036 0.111185 27
      vertex 31.0342 0.522104 27
    endloop
  endfacet
  facet normal 0 0 1
    outer loop
      vertex 33.3327 -0.331653 27
      vertex 31.0769 -0.780361 27
      vertex 31.1363 -1.03528 27
    endloop
  endfacet
  facet normal 0 0 1
    outer loop
      vertex 33.3036 0.111185 27
      vertex 31.0086 0.261612 27
      vertex 33.3 0 27
    endloop
  endfacet
  facet normal 0 0 1
    outer loop
      vertex 33.3145 -0.221894 27
      vertex 31.0342 -0.522104 27
      vertex 31.0769 -0.780361 27
    endloop
  endfacet
  facet normal 0 0 1
    outer loop
      vertex 31 0 27
      vertex 33.3 0 27
      vertex 31.0086 0.261612 27
    endloop
  endfacet
  facet normal 0 0 1
    outer loop
      vertex 33.3036 -0.111185 27
      vertex 31.0086 -0.261612 27
      vertex 31.0342 -0.522104 27
    endloop
  endfacet
  facet normal 0 0 1
    outer loop
      vertex 33.3 0 27
      vertex 31 0 27
      vertex 31.0086 -0.261612 27
    endloop
  endfacet
  facet normal -0.528026 0.849228 0
    outer loop
      vertex 33 3.4641 5
      vertex 32.7777 3.32588 27
      vertex 33 3.4641 27
    endloop
  endfacet
  facet normal -0.528026 0.849228 0
    outer loop
      vertex 32.7777 3.32588 27
      vertex 33 3.4641 5
      vertex 32.7777 3.32588 5
    endloop
  endfacet
  facet normal -0.471471 0.881882 0
    outer loop
      vertex 33.2308 3.58749 5
      vertex 33 3.4641 27
      vertex 33.2308 3.58749 27
    endloop
  endfacet
  facet normal -0.471471 0.881882 0
    outer loop
      vertex 33 3.4641 27
      vertex 33.2308 3.58749 5
      vertex 33 3.4641 5
    endloop
  endfacet
  facet normal -0.634267 0.773114 0
    outer loop
      vertex 32.565 3.17341 5
      vertex 32.3626 3.00736 27
      vertex 32.565 3.17341 27
    endloop
  endfacet
  facet normal -0.634267 0.773114 0
    outer loop
      vertex 32.3626 3.00736 27
      vertex 32.565 3.17341 5
      vertex 32.3626 3.00736 5
    endloop
  endfacet
  facet normal -0.683672 0.72979 0
    outer loop
      vertex 32.3626 3.00736 5
      vertex 32.1716 2.82843 27
      vertex 32.3626 3.00736 27
    endloop
  endfacet
  facet normal -0.683672 0.72979 0
    outer loop
      vertex 32.1716 2.82843 27
      vertex 32.3626 3.00736 5
      vertex 32.1716 2.82843 5
    endloop
  endfacet
  facet normal -0.290255 0.956949 0
    outer loop
      vertex 33.9647 3.8637 5
      vertex 33.7142 3.78772 27
      vertex 33.9647 3.8637 27
    endloop
  endfacet
  facet normal -0.290255 0.956949 0
    outer loop
      vertex 33.7142 3.78772 27
      vertex 33.9647 3.8637 5
      vertex 33.7142 3.78772 5
    endloop
  endfacet
  facet normal -0.352338 0.935873 0
    outer loop
      vertex 33.7142 3.78772 5
      vertex 33.4693 3.69552 27
      vertex 33.7142 3.78772 27
    endloop
  endfacet
  facet normal -0.352338 0.935873 0
    outer loop
      vertex 33.4693 3.69552 27
      vertex 33.7142 3.78772 5
      vertex 33.4693 3.69552 5
    endloop
  endfacet
  facet normal -0.162875 0.986647 0
    outer loop
      vertex 34.4779 3.96578 5
      vertex 34.2196 3.92314 27
      vertex 34.4779 3.96578 27
    endloop
  endfacet
  facet normal -0.162875 0.986647 0
    outer loop
      vertex 34.2196 3.92314 27
      vertex 34.4779 3.96578 5
      vertex 34.2196 3.92314 5
    endloop
  endfacet
  facet normal 0.99946 -0.0328554 0
    outer loop
      vertex 38.9914 -0.261612 27
      vertex 39 0 5
      vertex 39 0 27
    endloop
  endfacet
  facet normal 0.99946 -0.0328554 0
    outer loop
      vertex 39 0 5
      vertex 38.9914 -0.261612 27
      vertex 38.9914 -0.261612 5
    endloop
  endfacet
  facet normal 0.881908 -0.471421 0
    outer loop
      vertex 38.4641 -2 27
      vertex 38.5875 -1.76915 5
      vertex 38.5875 -1.76915 27
    endloop
  endfacet
  facet normal 0.881908 -0.471421 0
    outer loop
      vertex 38.5875 -1.76915 5
      vertex 38.4641 -2 27
      vertex 38.4641 -2 5
    endloop
  endfacet
  facet normal 0.935906 -0.352249 0
    outer loop
      vertex 38.6955 -1.53073 27
      vertex 38.7877 -1.28576 5
      vertex 38.7877 -1.28576 27
    endloop
  endfacet
  facet normal 0.935906 -0.352249 0
    outer loop
      vertex 38.7877 -1.28576 5
      vertex 38.6955 -1.53073 27
      vertex 38.6955 -1.53073 5
    endloop
  endfacet
  facet normal 0.97391 -0.226936 0
    outer loop
      vertex 38.8637 -1.03528 27
      vertex 38.9231 -0.780361 5
      vertex 38.9231 -0.780361 27
    endloop
  endfacet
  facet normal 0.97391 -0.226936 0
    outer loop
      vertex 38.9231 -0.780361 5
      vertex 38.8637 -1.03528 27
      vertex 38.8637 -1.03528 5
    endloop
  endfacet
  facet normal 0.995206 -0.0978044 0
    outer loop
      vertex 38.9658 -0.522104 27
      vertex 38.9914 -0.261612 5
      vertex 38.9914 -0.261612 27
    endloop
  endfacet
  facet normal 0.995206 -0.0978044 0
    outer loop
      vertex 38.9914 -0.261612 5
      vertex 38.9658 -0.522104 27
      vertex 38.9658 -0.522104 5
    endloop
  endfacet
  facet normal 0.7731 -0.634284 0
    outer loop
      vertex 38.0074 -2.63738 27
      vertex 38.1734 -2.43505 5
      vertex 38.1734 -2.43505 27
    endloop
  endfacet
  facet normal 0.7731 -0.634284 0
    outer loop
      vertex 38.1734 -2.43505 5
      vertex 38.0074 -2.63738 27
      vertex 38.0074 -2.63738 5
    endloop
  endfacet
  facet normal -0.290255 -0.956949 0
    outer loop
      vertex 33.7142 -3.78772 5
      vertex 33.9647 -3.8637 27
      vertex 33.7142 -3.78772 27
    endloop
  endfacet
  facet normal -0.290255 -0.956949 -0
    outer loop
      vertex 33.9647 -3.8637 27
      vertex 33.7142 -3.78772 5
      vertex 33.9647 -3.8637 5
    endloop
  endfacet
  facet normal -0.956922 -0.290347 0
    outer loop
      vertex 31.2123 -1.28576 5
      vertex 31.1363 -1.03528 27
      vertex 31.1363 -1.03528 5
    endloop
  endfacet
  facet normal -0.956922 -0.290347 0
    outer loop
      vertex 31.1363 -1.03528 27
      vertex 31.2123 -1.28576 5
      vertex 31.2123 -1.28576 27
    endloop
  endfacet
  facet normal 0.227097 -0.973872 0
    outer loop
      vertex 35.7804 -3.92314 5
      vertex 36.0353 -3.8637 27
      vertex 35.7804 -3.92314 27
    endloop
  endfacet
  facet normal 0.227097 -0.973872 0
    outer loop
      vertex 36.0353 -3.8637 27
      vertex 35.7804 -3.92314 5
      vertex 36.0353 -3.8637 5
    endloop
  endfacet
  facet normal 0.412603 -0.910911 0
    outer loop
      vertex 36.5307 -3.69552 5
      vertex 36.7692 -3.58749 27
      vertex 36.5307 -3.69552 27
    endloop
  endfacet
  facet normal 0.412603 -0.910911 0
    outer loop
      vertex 36.7692 -3.58749 27
      vertex 36.5307 -3.69552 5
      vertex 36.7692 -3.58749 5
    endloop
  endfacet
  facet normal 0.956922 -0.290347 0
    outer loop
      vertex 38.7877 -1.28576 27
      vertex 38.8637 -1.03528 5
      vertex 38.8637 -1.03528 27
    endloop
  endfacet
  facet normal 0.956922 -0.290347 0
    outer loop
      vertex 38.8637 -1.03528 5
      vertex 38.7877 -1.28576 27
      vertex 38.7877 -1.28576 5
    endloop
  endfacet
  facet normal 0.81279 -0.582556 0
    outer loop
      vertex 38.1734 -2.43505 27
      vertex 38.3259 -2.22228 5
      vertex 38.3259 -2.22228 27
    endloop
  endfacet
  facet normal 0.81279 -0.582556 0
    outer loop
      vertex 38.3259 -2.22228 5
      vertex 38.1734 -2.43505 27
      vertex 38.1734 -2.43505 5
    endloop
  endfacet
  facet normal 0.849241 -0.528006 0
    outer loop
      vertex 38.3259 -2.22228 27
      vertex 38.4641 -2 5
      vertex 38.4641 -2 27
    endloop
  endfacet
  facet normal 0.849241 -0.528006 0
    outer loop
      vertex 38.4641 -2 5
      vertex 38.3259 -2.22228 27
      vertex 38.3259 -2.22228 5
    endloop
  endfacet
  facet normal -0.162875 -0.986647 0
    outer loop
      vertex 34.2196 -3.92314 5
      vertex 34.4779 -3.96578 27
      vertex 34.2196 -3.92314 27
    endloop
  endfacet
  facet normal -0.162875 -0.986647 -0
    outer loop
      vertex 34.4779 -3.96578 27
      vertex 34.2196 -3.92314 5
      vertex 34.4779 -3.96578 5
    endloop
  endfacet
  facet normal -0.683672 -0.72979 0
    outer loop
      vertex 32.1716 -2.82843 5
      vertex 32.3626 -3.00736 27
      vertex 32.1716 -2.82843 27
    endloop
  endfacet
  facet normal -0.683672 -0.72979 -0
    outer loop
      vertex 32.3626 -3.00736 27
      vertex 32.1716 -2.82843 5
      vertex 32.3626 -3.00736 5
    endloop
  endfacet
  facet normal -0.910902 -0.412622 0
    outer loop
      vertex 31.4125 -1.76915 5
      vertex 31.3045 -1.53073 27
      vertex 31.3045 -1.53073 5
    endloop
  endfacet
  facet normal -0.910902 -0.412622 0
    outer loop
      vertex 31.3045 -1.53073 27
      vertex 31.4125 -1.76915 5
      vertex 31.4125 -1.76915 27
    endloop
  endfacet
  facet normal -0.995206 -0.0978044 0
    outer loop
      vertex 31.0342 -0.522104 5
      vertex 31.0086 -0.261612 27
      vertex 31.0086 -0.261612 5
    endloop
  endfacet
  facet normal -0.995206 -0.0978044 0
    outer loop
      vertex 31.0086 -0.261612 27
      vertex 31.0342 -0.522104 5
      vertex 31.0342 -0.522104 27
    endloop
  endfacet
  facet normal 0.910902 -0.412622 0
    outer loop
      vertex 38.5875 -1.76915 27
      vertex 38.6955 -1.53073 5
      vertex 38.6955 -1.53073 27
    endloop
  endfacet
  facet normal 0.910902 -0.412622 0
    outer loop
      vertex 38.6955 -1.53073 5
      vertex 38.5875 -1.76915 27
      vertex 38.5875 -1.76915 5
    endloop
  endfacet
  facet normal 0.683672 -0.72979 0
    outer loop
      vertex 37.6374 -3.00736 5
      vertex 37.8284 -2.82843 27
      vertex 37.6374 -3.00736 27
    endloop
  endfacet
  facet normal 0.683672 -0.72979 0
    outer loop
      vertex 37.8284 -2.82843 27
      vertex 37.6374 -3.00736 5
      vertex 37.8284 -2.82843 5
    endloop
  endfacet
  facet normal 0.634267 -0.773114 0
    outer loop
      vertex 37.435 -3.17341 5
      vertex 37.6374 -3.00736 27
      vertex 37.435 -3.17341 27
    endloop
  endfacet
  facet normal 0.634267 -0.773114 0
    outer loop
      vertex 37.6374 -3.00736 27
      vertex 37.435 -3.17341 5
      vertex 37.6374 -3.00736 5
    endloop
  endfacet
  facet normal 0.471471 -0.881882 0
    outer loop
      vertex 36.7692 -3.58749 5
      vertex 37 -3.4641 27
      vertex 36.7692 -3.58749 27
    endloop
  endfacet
  facet normal 0.471471 -0.881882 0
    outer loop
      vertex 37 -3.4641 27
      vertex 36.7692 -3.58749 5
      vertex 37 -3.4641 5
    endloop
  endfacet
  facet normal -0.0327042 -0.999465 0
    outer loop
      vertex 34.7384 -3.99144 5
      vertex 35 -4 27
      vertex 34.7384 -3.99144 27
    endloop
  endfacet
  facet normal -0.0327042 -0.999465 -0
    outer loop
      vertex 35 -4 27
      vertex 34.7384 -3.99144 5
      vertex 35 -4 5
    endloop
  endfacet
  facet normal -0.0980285 -0.995184 0
    outer loop
      vertex 34.4779 -3.96578 5
      vertex 34.7384 -3.99144 27
      vertex 34.4779 -3.96578 27
    endloop
  endfacet
  facet normal -0.0980285 -0.995184 -0
    outer loop
      vertex 34.7384 -3.99144 27
      vertex 34.4779 -3.96578 5
      vertex 34.7384 -3.99144 5
    endloop
  endfacet
  facet normal -0.81279 -0.582556 0
    outer loop
      vertex 31.8266 -2.43505 5
      vertex 31.6741 -2.22228 27
      vertex 31.6741 -2.22228 5
    endloop
  endfacet
  facet normal -0.81279 -0.582556 0
    outer loop
      vertex 31.6741 -2.22228 27
      vertex 31.8266 -2.43505 5
      vertex 31.8266 -2.43505 27
    endloop
  endfacet
  facet normal -0.849241 -0.528006 0
    outer loop
      vertex 31.6741 -2.22228 5
      vertex 31.5359 -2 27
      vertex 31.5359 -2 5
    endloop
  endfacet
  facet normal -0.849241 -0.528006 0
    outer loop
      vertex 31.5359 -2 27
      vertex 31.6741 -2.22228 5
      vertex 31.6741 -2.22228 27
    endloop
  endfacet
  facet normal -0.729746 -0.683719 0
    outer loop
      vertex 32.1716 -2.82843 5
      vertex 31.9926 -2.63738 27
      vertex 31.9926 -2.63738 5
    endloop
  endfacet
  facet normal -0.729746 -0.683719 0
    outer loop
      vertex 31.9926 -2.63738 27
      vertex 32.1716 -2.82843 5
      vertex 32.1716 -2.82843 27
    endloop
  endfacet
  facet normal -0.935906 -0.352249 0
    outer loop
      vertex 31.3045 -1.53073 5
      vertex 31.2123 -1.28576 27
      vertex 31.2123 -1.28576 5
    endloop
  endfacet
  facet normal -0.935906 -0.352249 0
    outer loop
      vertex 31.2123 -1.28576 27
      vertex 31.3045 -1.53073 5
      vertex 31.3045 -1.53073 27
    endloop
  endfacet
  facet normal -0.97391 -0.226936 0
    outer loop
      vertex 31.1363 -1.03528 5
      vertex 31.0769 -0.780361 27
      vertex 31.0769 -0.780361 5
    endloop
  endfacet
  facet normal -0.97391 -0.226936 0
    outer loop
      vertex 31.0769 -0.780361 27
      vertex 31.1363 -1.03528 5
      vertex 31.1363 -1.03528 27
    endloop
  endfacet
  facet normal -0.986605 -0.163125 0
    outer loop
      vertex 31.0769 -0.780361 5
      vertex 31.0342 -0.522104 27
      vertex 31.0342 -0.522104 5
    endloop
  endfacet
  facet normal -0.986605 -0.163125 0
    outer loop
      vertex 31.0342 -0.522104 27
      vertex 31.0769 -0.780361 5
      vertex 31.0769 -0.780361 27
    endloop
  endfacet
  facet normal 0.290255 -0.956949 0
    outer loop
      vertex 36.0353 -3.8637 5
      vertex 36.2858 -3.78772 27
      vertex 36.0353 -3.8637 27
    endloop
  endfacet
  facet normal 0.290255 -0.956949 0
    outer loop
      vertex 36.2858 -3.78772 27
      vertex 36.0353 -3.8637 5
      vertex 36.2858 -3.78772 5
    endloop
  endfacet
  facet normal 0.162875 -0.986647 0
    outer loop
      vertex 35.5221 -3.96578 5
      vertex 35.7804 -3.92314 27
      vertex 35.5221 -3.96578 27
    endloop
  endfacet
  facet normal 0.162875 -0.986647 0
    outer loop
      vertex 35.7804 -3.92314 27
      vertex 35.5221 -3.96578 5
      vertex 35.7804 -3.92314 5
    endloop
  endfacet
  facet normal 0.582607 -0.812754 0
    outer loop
      vertex 37.2223 -3.32588 5
      vertex 37.435 -3.17341 27
      vertex 37.2223 -3.32588 27
    endloop
  endfacet
  facet normal 0.582607 -0.812754 0
    outer loop
      vertex 37.435 -3.17341 27
      vertex 37.2223 -3.32588 5
      vertex 37.435 -3.17341 5
    endloop
  endfacet
  facet normal 0.528026 -0.849228 0
    outer loop
      vertex 37 -3.4641 5
      vertex 37.2223 -3.32588 27
      vertex 37 -3.4641 27
    endloop
  endfacet
  facet normal 0.528026 -0.849228 0
    outer loop
      vertex 37.2223 -3.32588 27
      vertex 37 -3.4641 5
      vertex 37.2223 -3.32588 5
    endloop
  endfacet
  facet normal -0.528026 -0.849228 0
    outer loop
      vertex 32.7777 -3.32588 5
      vertex 33 -3.4641 27
      vertex 32.7777 -3.32588 27
    endloop
  endfacet
  facet normal -0.528026 -0.849228 -0
    outer loop
      vertex 33 -3.4641 27
      vertex 32.7777 -3.32588 5
      vertex 33 -3.4641 5
    endloop
  endfacet
  facet normal -0.582607 -0.812754 0
    outer loop
      vertex 32.565 -3.17341 5
      vertex 32.7777 -3.32588 27
      vertex 32.565 -3.17341 27
    endloop
  endfacet
  facet normal -0.582607 -0.812754 -0
    outer loop
      vertex 32.7777 -3.32588 27
      vertex 32.565 -3.17341 5
      vertex 32.7777 -3.32588 5
    endloop
  endfacet
  facet normal -0.352338 -0.935873 0
    outer loop
      vertex 33.4693 -3.69552 5
      vertex 33.7142 -3.78772 27
      vertex 33.4693 -3.69552 27
    endloop
  endfacet
  facet normal -0.352338 -0.935873 -0
    outer loop
      vertex 33.7142 -3.78772 27
      vertex 33.4693 -3.69552 5
      vertex 33.7142 -3.78772 5
    endloop
  endfacet
  facet normal -0.471471 -0.881882 0
    outer loop
      vertex 33 -3.4641 5
      vertex 33.2308 -3.58749 27
      vertex 33 -3.4641 27
    endloop
  endfacet
  facet normal -0.471471 -0.881882 -0
    outer loop
      vertex 33.2308 -3.58749 27
      vertex 33 -3.4641 5
      vertex 33.2308 -3.58749 5
    endloop
  endfacet
  facet normal -0.227097 -0.973872 0
    outer loop
      vertex 33.9647 -3.8637 5
      vertex 34.2196 -3.92314 27
      vertex 33.9647 -3.8637 27
    endloop
  endfacet
  facet normal -0.227097 -0.973872 -0
    outer loop
      vertex 34.2196 -3.92314 27
      vertex 33.9647 -3.8637 5
      vertex 34.2196 -3.92314 5
    endloop
  endfacet
  facet normal 0.352338 -0.935873 0
    outer loop
      vertex 36.2858 -3.78772 5
      vertex 36.5307 -3.69552 27
      vertex 36.2858 -3.78772 27
    endloop
  endfacet
  facet normal 0.352338 -0.935873 0
    outer loop
      vertex 36.5307 -3.69552 27
      vertex 36.2858 -3.78772 5
      vertex 36.5307 -3.69552 5
    endloop
  endfacet
  facet normal -0.412603 -0.910911 0
    outer loop
      vertex 33.2308 -3.58749 5
      vertex 33.4693 -3.69552 27
      vertex 33.2308 -3.58749 27
    endloop
  endfacet
  facet normal -0.412603 -0.910911 -0
    outer loop
      vertex 33.4693 -3.69552 27
      vertex 33.2308 -3.58749 5
      vertex 33.4693 -3.69552 5
    endloop
  endfacet
  facet normal -0.956975 -0.29017 0
    outer loop
      vertex 78.2259 -20.2717 5
      vertex 78.0769 -19.7803 27
      vertex 78.0769 -19.7803 5
    endloop
  endfacet
  facet normal -0.956975 -0.29017 0
    outer loop
      vertex 78.0769 -19.7803 27
      vertex 78.2259 -20.2717 5
      vertex 78.2259 -20.2717 27
    endloop
  endfacet
  facet normal -0.995179 0.0980767 0
    outer loop
      vertex 78 19 5
      vertex 78.0769 19.7803 27
      vertex 78.0769 19.7803 5
    endloop
  endfacet
  facet normal -0.995179 0.0980767 0
    outer loop
      vertex 78.0769 19.7803 27
      vertex 78 19 5
      vertex 78 19 27
    endloop
  endfacet
  facet normal -0.995179 -0.0980767 0
    outer loop
      vertex 78.0769 -19.7803 5
      vertex 78 -19 27
      vertex 78 -19 5
    endloop
  endfacet
  facet normal -0.995179 -0.0980767 0
    outer loop
      vertex 78 -19 27
      vertex 78.0769 -19.7803 5
      vertex 78.0769 -19.7803 27
    endloop
  endfacet
  facet normal -1 0 0
    outer loop
      vertex 78 19 5
      vertex 78 9 17
      vertex 78 19 27
    endloop
  endfacet
  facet normal -1 0 0
    outer loop
      vertex 78 19 5
      vertex 78 -9 17
      vertex 78 9 17
    endloop
  endfacet
  facet normal -1 0 0
    outer loop
      vertex 78 -19 5
      vertex 78 -9 17
      vertex 78 19 5
    endloop
  endfacet
  facet normal -1 0 0
    outer loop
      vertex 78 -19 27
      vertex 78 -9 17
      vertex 78 -19 5
    endloop
  endfacet
  facet normal -1 0 0
    outer loop
      vertex 78 -9 17
      vertex 78 -19 27
      vertex 78 -9 27
    endloop
  endfacet
  facet normal -1 -0 0
    outer loop
      vertex 78 19 27
      vertex 78 9 17
      vertex 78 9 27
    endloop
  endfacet
  facet normal -0.956975 0.29017 0
    outer loop
      vertex 78.0769 19.7803 5
      vertex 78.2259 20.2717 27
      vertex 78.2259 20.2717 5
    endloop
  endfacet
  facet normal -0.956975 0.29017 0
    outer loop
      vertex 78.2259 20.2717 27
      vertex 78.0769 19.7803 5
      vertex 78.0769 19.7803 27
    endloop
  endfacet
  facet normal -0.881917 -0.471405 0
    outer loop
      vertex 8.47984 0.729775 0
      vertex 8.42894 0.825 5
      vertex 8.42894 0.825 0
    endloop
  endfacet
  facet normal -0.881917 -0.471405 0
    outer loop
      vertex 8.42894 0.825 5
      vertex 8.47984 0.729775 0
      vertex 8.47984 0.729775 5
    endloop
  endfacet
  facet normal -0.352199 -0.935925 0
    outer loop
      vertex 7.53037 1.56243 0
      vertex 7.63143 1.5244 5
      vertex 7.53037 1.56243 5
    endloop
  endfacet
  facet normal -0.352199 -0.935925 -0
    outer loop
      vertex 7.63143 1.5244 5
      vertex 7.53037 1.56243 0
      vertex 7.63143 1.5244 0
    endloop
  endfacet
  facet normal 0.35223 -0.935914 0
    outer loop
      vertex 6.36857 1.5244 0
      vertex 6.46962 1.56243 5
      vertex 6.36857 1.5244 5
    endloop
  endfacet
  facet normal 0.35223 -0.935914 0
    outer loop
      vertex 6.46962 1.56243 5
      vertex 6.36857 1.5244 0
      vertex 6.46962 1.56243 0
    endloop
  endfacet
  facet normal 0.910867 -0.4127 0
    outer loop
      vertex 5.4756 0.631427 5
      vertex 5.52016 0.729775 0
      vertex 5.52016 0.729775 5
    endloop
  endfacet
  facet normal 0.910867 -0.4127 0
    outer loop
      vertex 5.52016 0.729775 0
      vertex 5.4756 0.631427 5
      vertex 5.4756 0.631427 0
    endloop
  endfacet
  facet normal -0.999465 0.0326934 0
    outer loop
      vertex 8.64647 -0.107915 0
      vertex 8.65 0 5
      vertex 8.65 0 0
    endloop
  endfacet
  facet normal -0.999465 0.0326934 0
    outer loop
      vertex 8.65 0 5
      vertex 8.64647 -0.107915 0
      vertex 8.64647 -0.107915 5
    endloop
  endfacet
  facet normal -0.0980732 -0.995179 0
    outer loop
      vertex 7.10791 1.64647 0
      vertex 7.21537 1.63588 5
      vertex 7.10791 1.64647 5
    endloop
  endfacet
  facet normal -0.0980732 -0.995179 -0
    outer loop
      vertex 7.21537 1.63588 5
      vertex 7.10791 1.64647 0
      vertex 7.21537 1.63588 0
    endloop
  endfacet
  facet normal -0.528091 -0.849188 0
    outer loop
      vertex 7.825 1.42894 0
      vertex 7.91669 1.37192 5
      vertex 7.825 1.42894 5
    endloop
  endfacet
  facet normal -0.528091 -0.849188 -0
    outer loop
      vertex 7.91669 1.37192 5
      vertex 7.825 1.42894 0
      vertex 7.91669 1.37192 0
    endloop
  endfacet
  facet normal 0.729881 -0.683574 0
    outer loop
      vertex 5.75946 1.08792 5
      vertex 5.83327 1.16673 0
      vertex 5.83327 1.16673 5
    endloop
  endfacet
  facet normal 0.729881 -0.683574 0
    outer loop
      vertex 5.83327 1.16673 0
      vertex 5.75946 1.08792 5
      vertex 5.75946 1.08792 0
    endloop
  endfacet
  facet normal 0.162822 -0.986655 0
    outer loop
      vertex 6.6781 1.6183 0
      vertex 6.78463 1.63588 5
      vertex 6.6781 1.6183 5
    endloop
  endfacet
  facet normal 0.162822 -0.986655 0
    outer loop
      vertex 6.78463 1.63588 5
      vertex 6.6781 1.6183 0
      vertex 6.78463 1.63588 0
    endloop
  endfacet
  facet normal -0.471424 0.881906 0
    outer loop
      vertex 7.825 -1.42894 0
      vertex 7.72978 -1.47984 5
      vertex 7.825 -1.42894 5
    endloop
  endfacet
  facet normal -0.471424 0.881906 0
    outer loop
      vertex 7.72978 -1.47984 5
      vertex 7.825 -1.42894 0
      vertex 7.72978 -1.47984 0
    endloop
  endfacet
  facet normal 0.683525 0.729927 -0
    outer loop
      vertex 5.91208 -1.24053 0
      vertex 5.83327 -1.16673 5
      vertex 5.91208 -1.24053 5
    endloop
  endfacet
  facet normal 0.683525 0.729927 0
    outer loop
      vertex 5.83327 -1.16673 5
      vertex 5.91208 -1.24053 0
      vertex 5.83327 -1.16673 0
    endloop
  endfacet
  facet normal 0.910867 0.4127 0
    outer loop
      vertex 5.52016 -0.729775 5
      vertex 5.4756 -0.631427 0
      vertex 5.4756 -0.631427 5
    endloop
  endfacet
  facet normal 0.910867 0.4127 0
    outer loop
      vertex 5.4756 -0.631427 0
      vertex 5.52016 -0.729775 5
      vertex 5.52016 -0.729775 0
    endloop
  endfacet
  facet normal -0.812866 -0.582451 0
    outer loop
      vertex 8.37192 0.916691 0
      vertex 8.30903 1.00446 5
      vertex 8.30903 1.00446 0
    endloop
  endfacet
  facet normal -0.812866 -0.582451 0
    outer loop
      vertex 8.30903 1.00446 5
      vertex 8.37192 0.916691 0
      vertex 8.37192 0.916691 5
    endloop
  endfacet
  facet normal -0.683525 -0.729927 0
    outer loop
      vertex 8.08792 1.24053 0
      vertex 8.16673 1.16673 5
      vertex 8.08792 1.24053 5
    endloop
  endfacet
  facet normal -0.683525 -0.729927 -0
    outer loop
      vertex 8.16673 1.16673 5
      vertex 8.08792 1.24053 0
      vertex 8.16673 1.16673 0
    endloop
  endfacet
  facet normal -0.032695 -0.999465 0
    outer loop
      vertex 7 1.65 0
      vertex 7.10791 1.64647 5
      vertex 7 1.65 5
    endloop
  endfacet
  facet normal -0.032695 -0.999465 -0
    outer loop
      vertex 7.10791 1.64647 5
      vertex 7 1.65 0
      vertex 7.10791 1.64647 0
    endloop
  endfacet
  facet normal -0.162822 -0.986655 0
    outer loop
      vertex 7.21537 1.63588 0
      vertex 7.3219 1.6183 5
      vertex 7.21537 1.63588 5
    endloop
  endfacet
  facet normal -0.162822 -0.986655 -0
    outer loop
      vertex 7.3219 1.6183 5
      vertex 7.21537 1.63588 0
      vertex 7.3219 1.6183 0
    endloop
  endfacet
  facet normal -0.582447 -0.812869 0
    outer loop
      vertex 7.91669 1.37192 0
      vertex 8.00446 1.30903 5
      vertex 7.91669 1.37192 5
    endloop
  endfacet
  facet normal -0.582447 -0.812869 -0
    outer loop
      vertex 8.00446 1.30903 5
      vertex 7.91669 1.37192 0
      vertex 8.00446 1.30903 0
    endloop
  endfacet
  facet normal 0.999465 -0.0326934 0
    outer loop
      vertex 5.35 0 5
      vertex 5.35353 0.107915 0
      vertex 5.35353 0.107915 5
    endloop
  endfacet
  facet normal 0.999465 -0.0326934 0
    outer loop
      vertex 5.35353 0.107915 0
      vertex 5.35 0 5
      vertex 5.35 0 0
    endloop
  endfacet
  facet normal 0.935885 -0.352305 0
    outer loop
      vertex 5.43756 0.530375 5
      vertex 5.4756 0.631427 0
      vertex 5.4756 0.631427 5
    endloop
  endfacet
  facet normal 0.935885 -0.352305 0
    outer loop
      vertex 5.4756 0.631427 0
      vertex 5.43756 0.530375 5
      vertex 5.43756 0.530375 0
    endloop
  endfacet
  facet normal 0.973873 -0.227092 0
    outer loop
      vertex 5.3817 0.321898 5
      vertex 5.40622 0.427051 0
      vertex 5.40622 0.427051 5
    endloop
  endfacet
  facet normal 0.973873 -0.227092 0
    outer loop
      vertex 5.40622 0.427051 0
      vertex 5.3817 0.321898 5
      vertex 5.3817 0.321898 0
    endloop
  endfacet
  facet normal 0.849232 -0.52802 0
    outer loop
      vertex 5.57106 0.825 5
      vertex 5.62807 0.916691 0
      vertex 5.62807 0.916691 5
    endloop
  endfacet
  facet normal 0.849232 -0.52802 0
    outer loop
      vertex 5.62807 0.916691 0
      vertex 5.57106 0.825 5
      vertex 5.57106 0.825 0
    endloop
  endfacet
  facet normal 0.812822 -0.582512 0
    outer loop
      vertex 5.62807 0.916691 5
      vertex 5.69097 1.00446 0
      vertex 5.69097 1.00446 5
    endloop
  endfacet
  facet normal 0.812822 -0.582512 0
    outer loop
      vertex 5.69097 1.00446 0
      vertex 5.62807 0.916691 5
      vertex 5.62807 0.916691 0
    endloop
  endfacet
  facet normal 0.0980823 -0.995178 0
    outer loop
      vertex 6.78463 1.63588 0
      vertex 6.89208 1.64647 5
      vertex 6.78463 1.63588 5
    endloop
  endfacet
  facet normal 0.0980823 -0.995178 0
    outer loop
      vertex 6.89208 1.64647 5
      vertex 6.78463 1.63588 0
      vertex 6.89208 1.64647 0
    endloop
  endfacet
  facet normal 0.528091 -0.849188 0
    outer loop
      vertex 6.08331 1.37192 0
      vertex 6.175 1.42894 5
      vertex 6.08331 1.37192 5
    endloop
  endfacet
  facet normal 0.528091 -0.849188 0
    outer loop
      vertex 6.175 1.42894 5
      vertex 6.08331 1.37192 0
      vertex 6.175 1.42894 0
    endloop
  endfacet
  facet normal 0.582447 -0.812869 0
    outer loop
      vertex 5.99554 1.30903 0
      vertex 6.08331 1.37192 5
      vertex 5.99554 1.30903 5
    endloop
  endfacet
  facet normal 0.582447 -0.812869 0
    outer loop
      vertex 6.08331 1.37192 5
      vertex 5.99554 1.30903 0
      vertex 6.08331 1.37192 0
    endloop
  endfacet
  facet normal 0.471424 -0.881906 0
    outer loop
      vertex 6.175 1.42894 0
      vertex 6.27022 1.47984 5
      vertex 6.175 1.42894 5
    endloop
  endfacet
  facet normal 0.471424 -0.881906 0
    outer loop
      vertex 6.27022 1.47984 5
      vertex 6.175 1.42894 0
      vertex 6.27022 1.47984 0
    endloop
  endfacet
  facet normal -0.995178 0.0980804 0
    outer loop
      vertex 8.63588 -0.215367 0
      vertex 8.64647 -0.107915 5
      vertex 8.64647 -0.107915 0
    endloop
  endfacet
  facet normal -0.995178 0.0980804 0
    outer loop
      vertex 8.64647 -0.107915 5
      vertex 8.63588 -0.215367 0
      vertex 8.63588 -0.215367 5
    endloop
  endfacet
  facet normal 0.812822 0.582512 0
    outer loop
      vertex 5.69097 -1.00446 5
      vertex 5.62807 -0.916691 0
      vertex 5.62807 -0.916691 5
    endloop
  endfacet
  facet normal 0.812822 0.582512 0
    outer loop
      vertex 5.62807 -0.916691 0
      vertex 5.69097 -1.00446 5
      vertex 5.69097 -1.00446 0
    endloop
  endfacet
  facet normal -0.956922 -0.290344 0
    outer loop
      vertex 8.59378 0.427051 0
      vertex 8.56243 0.530375 5
      vertex 8.56243 0.530375 0
    endloop
  endfacet
  facet normal -0.956922 -0.290344 0
    outer loop
      vertex 8.56243 0.530375 5
      vertex 8.59378 0.427051 0
      vertex 8.59378 0.427051 5
    endloop
  endfacet
  facet normal -0.986656 -0.16282 0
    outer loop
      vertex 8.63588 0.215367 0
      vertex 8.6183 0.321898 5
      vertex 8.6183 0.321898 0
    endloop
  endfacet
  facet normal -0.986656 -0.16282 0
    outer loop
      vertex 8.6183 0.321898 5
      vertex 8.63588 0.215367 0
      vertex 8.63588 0.215367 5
    endloop
  endfacet
  facet normal -0.973873 -0.227092 0
    outer loop
      vertex 8.6183 0.321898 0
      vertex 8.59378 0.427051 5
      vertex 8.59378 0.427051 0
    endloop
  endfacet
  facet normal -0.973873 -0.227092 0
    outer loop
      vertex 8.59378 0.427051 5
      vertex 8.6183 0.321898 0
      vertex 8.6183 0.321898 5
    endloop
  endfacet
  facet normal -0.84919 -0.528087 0
    outer loop
      vertex 8.42894 0.825 0
      vertex 8.37192 0.916691 5
      vertex 8.37192 0.916691 0
    endloop
  endfacet
  facet normal -0.84919 -0.528087 0
    outer loop
      vertex 8.37192 0.916691 5
      vertex 8.42894 0.825 0
      vertex 8.42894 0.825 5
    endloop
  endfacet
  facet normal -0.772983 -0.634427 0
    outer loop
      vertex 8.30903 1.00446 0
      vertex 8.24053 1.08792 5
      vertex 8.24053 1.08792 0
    endloop
  endfacet
  facet normal -0.772983 -0.634427 0
    outer loop
      vertex 8.24053 1.08792 5
      vertex 8.30903 1.00446 0
      vertex 8.30903 1.00446 5
    endloop
  endfacet
  facet normal -0.729927 -0.683525 0
    outer loop
      vertex 8.24053 1.08792 0
      vertex 8.16673 1.16673 5
      vertex 8.16673 1.16673 0
    endloop
  endfacet
  facet normal -0.729927 -0.683525 0
    outer loop
      vertex 8.16673 1.16673 5
      vertex 8.24053 1.08792 0
      vertex 8.24053 1.08792 5
    endloop
  endfacet
  facet normal 0.0326919 -0.999465 0
    outer loop
      vertex 6.89208 1.64647 0
      vertex 7 1.65 5
      vertex 6.89208 1.64647 5
    endloop
  endfacet
  facet normal 0.0326919 -0.999465 0
    outer loop
      vertex 7 1.65 5
      vertex 6.89208 1.64647 0
      vertex 7 1.65 0
    endloop
  endfacet
  facet normal -0.227098 -0.973872 0
    outer loop
      vertex 7.3219 1.6183 0
      vertex 7.42705 1.59378 5
      vertex 7.3219 1.6183 5
    endloop
  endfacet
  facet normal -0.227098 -0.973872 -0
    outer loop
      vertex 7.42705 1.59378 5
      vertex 7.3219 1.6183 0
      vertex 7.42705 1.59378 0
    endloop
  endfacet
  facet normal -0.290354 -0.956919 0
    outer loop
      vertex 7.42705 1.59378 0
      vertex 7.53037 1.56243 5
      vertex 7.42705 1.59378 5
    endloop
  endfacet
  facet normal -0.290354 -0.956919 -0
    outer loop
      vertex 7.53037 1.56243 5
      vertex 7.42705 1.59378 0
      vertex 7.53037 1.56243 0
    endloop
  endfacet
  facet normal -0.471424 -0.881906 0
    outer loop
      vertex 7.72978 1.47984 0
      vertex 7.825 1.42894 5
      vertex 7.72978 1.47984 5
    endloop
  endfacet
  facet normal -0.471424 -0.881906 -0
    outer loop
      vertex 7.825 1.42894 5
      vertex 7.72978 1.47984 0
      vertex 7.825 1.42894 0
    endloop
  endfacet
  facet normal -0.412693 -0.91087 0
    outer loop
      vertex 7.63143 1.5244 0
      vertex 7.72978 1.47984 5
      vertex 7.63143 1.5244 5
    endloop
  endfacet
  facet normal -0.412693 -0.91087 -0
    outer loop
      vertex 7.72978 1.47984 5
      vertex 7.63143 1.5244 0
      vertex 7.72978 1.47984 0
    endloop
  endfacet
  facet normal -0.634427 -0.772983 0
    outer loop
      vertex 8.00446 1.30903 0
      vertex 8.08792 1.24053 5
      vertex 8.00446 1.30903 5
    endloop
  endfacet
  facet normal -0.634427 -0.772983 -0
    outer loop
      vertex 8.08792 1.24053 5
      vertex 8.00446 1.30903 0
      vertex 8.08792 1.24053 0
    endloop
  endfacet
  facet normal 0.986656 -0.16282 0
    outer loop
      vertex 5.36412 0.215367 5
      vertex 5.3817 0.321898 0
      vertex 5.3817 0.321898 5
    endloop
  endfacet
  facet normal 0.986656 -0.16282 0
    outer loop
      vertex 5.3817 0.321898 0
      vertex 5.36412 0.215367 5
      vertex 5.36412 0.215367 0
    endloop
  endfacet
  facet normal 0.995178 -0.0980804 0
    outer loop
      vertex 5.35353 0.107915 5
      vertex 5.36412 0.215367 0
      vertex 5.36412 0.215367 5
    endloop
  endfacet
  facet normal 0.995178 -0.0980804 0
    outer loop
      vertex 5.36412 0.215367 0
      vertex 5.35353 0.107915 5
      vertex 5.35353 0.107915 0
    endloop
  endfacet
  facet normal 0.956948 -0.290259 0
    outer loop
      vertex 5.40622 0.427051 5
      vertex 5.43756 0.530375 0
      vertex 5.43756 0.530375 5
    endloop
  endfacet
  facet normal 0.956948 -0.290259 0
    outer loop
      vertex 5.43756 0.530375 0
      vertex 5.40622 0.427051 5
      vertex 5.40622 0.427051 0
    endloop
  endfacet
  facet normal 0.881917 -0.471405 0
    outer loop
      vertex 5.52016 0.729775 5
      vertex 5.57106 0.825 0
      vertex 5.57106 0.825 5
    endloop
  endfacet
  facet normal 0.881917 -0.471405 0
    outer loop
      vertex 5.57106 0.825 0
      vertex 5.52016 0.729775 5
      vertex 5.52016 0.729775 0
    endloop
  endfacet
  facet normal 0.773028 -0.634372 0
    outer loop
      vertex 5.69097 1.00446 5
      vertex 5.75946 1.08792 0
      vertex 5.75946 1.08792 5
    endloop
  endfacet
  facet normal 0.773028 -0.634372 0
    outer loop
      vertex 5.75946 1.08792 0
      vertex 5.69097 1.00446 5
      vertex 5.69097 1.00446 0
    endloop
  endfacet
  facet normal 0.227098 -0.973872 0
    outer loop
      vertex 6.57295 1.59378 0
      vertex 6.6781 1.6183 5
      vertex 6.57295 1.59378 5
    endloop
  endfacet
  facet normal 0.227098 -0.973872 0
    outer loop
      vertex 6.6781 1.6183 5
      vertex 6.57295 1.59378 0
      vertex 6.6781 1.6183 0
    endloop
  endfacet
  facet normal 0.290329 -0.956927 0
    outer loop
      vertex 6.46962 1.56243 0
      vertex 6.57295 1.59378 5
      vertex 6.46962 1.56243 5
    endloop
  endfacet
  facet normal 0.290329 -0.956927 0
    outer loop
      vertex 6.57295 1.59378 5
      vertex 6.46962 1.56243 0
      vertex 6.57295 1.59378 0
    endloop
  endfacet
  facet normal 0.412693 -0.91087 0
    outer loop
      vertex 6.27022 1.47984 0
      vertex 6.36857 1.5244 5
      vertex 6.27022 1.47984 5
    endloop
  endfacet
  facet normal 0.412693 -0.91087 0
    outer loop
      vertex 6.36857 1.5244 5
      vertex 6.27022 1.47984 0
      vertex 6.36857 1.5244 0
    endloop
  endfacet
  facet normal 0.634427 -0.772983 0
    outer loop
      vertex 5.91208 1.24053 0
      vertex 5.99554 1.30903 5
      vertex 5.91208 1.24053 5
    endloop
  endfacet
  facet normal 0.634427 -0.772983 0
    outer loop
      vertex 5.99554 1.30903 5
      vertex 5.91208 1.24053 0
      vertex 5.99554 1.30903 0
    endloop
  endfacet
  facet normal 0.683525 -0.729927 0
    outer loop
      vertex 5.83327 1.16673 0
      vertex 5.91208 1.24053 5
      vertex 5.83327 1.16673 5
    endloop
  endfacet
  facet normal 0.683525 -0.729927 0
    outer loop
      vertex 5.91208 1.24053 5
      vertex 5.83327 1.16673 0
      vertex 5.91208 1.24053 0
    endloop
  endfacet
  facet normal -0.999465 -0.0326934 0
    outer loop
      vertex 8.65 0 0
      vertex 8.64647 0.107915 5
      vertex 8.64647 0.107915 0
    endloop
  endfacet
  facet normal -0.999465 -0.0326934 0
    outer loop
      vertex 8.64647 0.107915 5
      vertex 8.65 0 0
      vertex 8.65 0 5
    endloop
  endfacet
  facet normal -0.986656 0.16282 0
    outer loop
      vertex 8.6183 -0.321898 0
      vertex 8.63588 -0.215367 5
      vertex 8.63588 -0.215367 0
    endloop
  endfacet
  facet normal -0.986656 0.16282 0
    outer loop
      vertex 8.63588 -0.215367 5
      vertex 8.6183 -0.321898 0
      vertex 8.6183 -0.321898 5
    endloop
  endfacet
  facet normal -0.881917 0.471405 0
    outer loop
      vertex 8.42894 -0.825 0
      vertex 8.47984 -0.729775 5
      vertex 8.47984 -0.729775 0
    endloop
  endfacet
  facet normal -0.881917 0.471405 0
    outer loop
      vertex 8.47984 -0.729775 5
      vertex 8.42894 -0.825 0
      vertex 8.42894 -0.825 5
    endloop
  endfacet
  facet normal -0.032695 0.999465 0
    outer loop
      vertex 7.10791 -1.64647 0
      vertex 7 -1.65 5
      vertex 7.10791 -1.64647 5
    endloop
  endfacet
  facet normal -0.032695 0.999465 0
    outer loop
      vertex 7 -1.65 5
      vertex 7.10791 -1.64647 0
      vertex 7 -1.65 0
    endloop
  endfacet
  facet normal 0.0980823 0.995178 -0
    outer loop
      vertex 6.89208 -1.64647 0
      vertex 6.78463 -1.63588 5
      vertex 6.89208 -1.64647 5
    endloop
  endfacet
  facet normal 0.0980823 0.995178 0
    outer loop
      vertex 6.78463 -1.63588 5
      vertex 6.89208 -1.64647 0
      vertex 6.78463 -1.63588 0
    endloop
  endfacet
  facet normal 0.999465 0.0326934 0
    outer loop
      vertex 5.35353 -0.107915 5
      vertex 5.35 0 0
      vertex 5.35 0 5
    endloop
  endfacet
  facet normal 0.999465 0.0326934 0
    outer loop
      vertex 5.35 0 0
      vertex 5.35353 -0.107915 5
      vertex 5.35353 -0.107915 0
    endloop
  endfacet
  facet normal 0.935885 0.352305 0
    outer loop
      vertex 5.4756 -0.631427 5
      vertex 5.43756 -0.530375 0
      vertex 5.43756 -0.530375 5
    endloop
  endfacet
  facet normal 0.935885 0.352305 0
    outer loop
      vertex 5.43756 -0.530375 0
      vertex 5.4756 -0.631427 5
      vertex 5.4756 -0.631427 0
    endloop
  endfacet
  facet normal 0.773028 0.634372 0
    outer loop
      vertex 5.75946 -1.08792 5
      vertex 5.69097 -1.00446 0
      vertex 5.69097 -1.00446 5
    endloop
  endfacet
  facet normal 0.773028 0.634372 0
    outer loop
      vertex 5.69097 -1.00446 0
      vertex 5.75946 -1.08792 5
      vertex 5.75946 -1.08792 0
    endloop
  endfacet
  facet normal -0.0980732 0.995179 0
    outer loop
      vertex 7.21537 -1.63588 0
      vertex 7.10791 -1.64647 5
      vertex 7.21537 -1.63588 5
    endloop
  endfacet
  facet normal -0.0980732 0.995179 0
    outer loop
      vertex 7.10791 -1.64647 5
      vertex 7.21537 -1.63588 0
      vertex 7.10791 -1.64647 0
    endloop
  endfacet
  facet normal -0.227098 0.973872 0
    outer loop
      vertex 7.42705 -1.59378 0
      vertex 7.3219 -1.6183 5
      vertex 7.42705 -1.59378 5
    endloop
  endfacet
  facet normal -0.227098 0.973872 0
    outer loop
      vertex 7.3219 -1.6183 5
      vertex 7.42705 -1.59378 0
      vertex 7.3219 -1.6183 0
    endloop
  endfacet
  facet normal -0.352199 0.935925 0
    outer loop
      vertex 7.63143 -1.5244 0
      vertex 7.53037 -1.56243 5
      vertex 7.63143 -1.5244 5
    endloop
  endfacet
  facet normal -0.352199 0.935925 0
    outer loop
      vertex 7.53037 -1.56243 5
      vertex 7.63143 -1.5244 0
      vertex 7.53037 -1.56243 0
    endloop
  endfacet
  facet normal -0.290354 0.956919 0
    outer loop
      vertex 7.53037 -1.56243 0
      vertex 7.42705 -1.59378 5
      vertex 7.53037 -1.56243 5
    endloop
  endfacet
  facet normal -0.290354 0.956919 0
    outer loop
      vertex 7.42705 -1.59378 5
      vertex 7.53037 -1.56243 0
      vertex 7.42705 -1.59378 0
    endloop
  endfacet
  facet normal -0.412693 0.91087 0
    outer loop
      vertex 7.72978 -1.47984 0
      vertex 7.63143 -1.5244 5
      vertex 7.72978 -1.47984 5
    endloop
  endfacet
  facet normal -0.412693 0.91087 0
    outer loop
      vertex 7.63143 -1.5244 5
      vertex 7.72978 -1.47984 0
      vertex 7.63143 -1.5244 0
    endloop
  endfacet
  facet normal -0.910867 -0.4127 0
    outer loop
      vertex 8.5244 0.631427 0
      vertex 8.47984 0.729775 5
      vertex 8.47984 0.729775 0
    endloop
  endfacet
  facet normal -0.910867 -0.4127 0
    outer loop
      vertex 8.47984 0.729775 5
      vertex 8.5244 0.631427 0
      vertex 8.5244 0.631427 5
    endloop
  endfacet
  facet normal -0.935916 -0.352223 0
    outer loop
      vertex 8.56243 0.530375 0
      vertex 8.5244 0.631427 5
      vertex 8.5244 0.631427 0
    endloop
  endfacet
  facet normal -0.935916 -0.352223 0
    outer loop
      vertex 8.5244 0.631427 5
      vertex 8.56243 0.530375 0
      vertex 8.56243 0.530375 5
    endloop
  endfacet
  facet normal -0.995178 -0.0980804 0
    outer loop
      vertex 8.64647 0.107915 0
      vertex 8.63588 0.215367 5
      vertex 8.63588 0.215367 0
    endloop
  endfacet
  facet normal -0.995178 -0.0980804 0
    outer loop
      vertex 8.63588 0.215367 5
      vertex 8.64647 0.107915 0
      vertex 8.64647 0.107915 5
    endloop
  endfacet
  facet normal -0.956922 0.290344 0
    outer loop
      vertex 8.56243 -0.530375 0
      vertex 8.59378 -0.427051 5
      vertex 8.59378 -0.427051 0
    endloop
  endfacet
  facet normal -0.956922 0.290344 0
    outer loop
      vertex 8.59378 -0.427051 5
      vertex 8.56243 -0.530375 0
      vertex 8.56243 -0.530375 5
    endloop
  endfacet
  facet normal -0.582447 0.812869 0
    outer loop
      vertex 8.00446 -1.30903 0
      vertex 7.91669 -1.37192 5
      vertex 8.00446 -1.30903 5
    endloop
  endfacet
  facet normal -0.582447 0.812869 0
    outer loop
      vertex 7.91669 -1.37192 5
      vertex 8.00446 -1.30903 0
      vertex 7.91669 -1.37192 0
    endloop
  endfacet
  facet normal -0.772983 0.634427 0
    outer loop
      vertex 8.24053 -1.08792 0
      vertex 8.30903 -1.00446 5
      vertex 8.30903 -1.00446 0
    endloop
  endfacet
  facet normal -0.772983 0.634427 0
    outer loop
      vertex 8.30903 -1.00446 5
      vertex 8.24053 -1.08792 0
      vertex 8.24053 -1.08792 5
    endloop
  endfacet
  facet normal -0.935916 0.352223 0
    outer loop
      vertex 8.5244 -0.631427 0
      vertex 8.56243 -0.530375 5
      vertex 8.56243 -0.530375 0
    endloop
  endfacet
  facet normal -0.935916 0.352223 0
    outer loop
      vertex 8.56243 -0.530375 5
      vertex 8.5244 -0.631427 0
      vertex 8.5244 -0.631427 5
    endloop
  endfacet
  facet normal 0.986656 0.16282 0
    outer loop
      vertex 5.3817 -0.321898 5
      vertex 5.36412 -0.215367 0
      vertex 5.36412 -0.215367 5
    endloop
  endfacet
  facet normal 0.986656 0.16282 0
    outer loop
      vertex 5.36412 -0.215367 0
      vertex 5.3817 -0.321898 5
      vertex 5.3817 -0.321898 0
    endloop
  endfacet
  facet normal 0.995178 0.0980804 0
    outer loop
      vertex 5.36412 -0.215367 5
      vertex 5.35353 -0.107915 0
      vertex 5.35353 -0.107915 5
    endloop
  endfacet
  facet normal 0.995178 0.0980804 0
    outer loop
      vertex 5.35353 -0.107915 0
      vertex 5.36412 -0.215367 5
      vertex 5.36412 -0.215367 0
    endloop
  endfacet
  facet normal 0.849232 0.52802 0
    outer loop
      vertex 5.62807 -0.916691 5
      vertex 5.57106 -0.825 0
      vertex 5.57106 -0.825 5
    endloop
  endfacet
  facet normal 0.849232 0.52802 0
    outer loop
      vertex 5.57106 -0.825 0
      vertex 5.62807 -0.916691 5
      vertex 5.62807 -0.916691 0
    endloop
  endfacet
  facet normal 0.729881 0.683574 0
    outer loop
      vertex 5.83327 -1.16673 5
      vertex 5.75946 -1.08792 0
      vertex 5.75946 -1.08792 5
    endloop
  endfacet
  facet normal 0.729881 0.683574 0
    outer loop
      vertex 5.75946 -1.08792 0
      vertex 5.83327 -1.16673 5
      vertex 5.83327 -1.16673 0
    endloop
  endfacet
  facet normal -0.162822 0.986655 0
    outer loop
      vertex 7.3219 -1.6183 0
      vertex 7.21537 -1.63588 5
      vertex 7.3219 -1.6183 5
    endloop
  endfacet
  facet normal -0.162822 0.986655 0
    outer loop
      vertex 7.21537 -1.63588 5
      vertex 7.3219 -1.6183 0
      vertex 7.21537 -1.63588 0
    endloop
  endfacet
  facet normal -0.973873 0.227092 0
    outer loop
      vertex 8.59378 -0.427051 0
      vertex 8.6183 -0.321898 5
      vertex 8.6183 -0.321898 0
    endloop
  endfacet
  facet normal -0.973873 0.227092 0
    outer loop
      vertex 8.6183 -0.321898 5
      vertex 8.59378 -0.427051 0
      vertex 8.59378 -0.427051 5
    endloop
  endfacet
  facet normal -0.729927 0.683525 0
    outer loop
      vertex 8.16673 -1.16673 0
      vertex 8.24053 -1.08792 5
      vertex 8.24053 -1.08792 0
    endloop
  endfacet
  facet normal -0.729927 0.683525 0
    outer loop
      vertex 8.24053 -1.08792 5
      vertex 8.16673 -1.16673 0
      vertex 8.16673 -1.16673 5
    endloop
  endfacet
  facet normal -0.634427 0.772983 0
    outer loop
      vertex 8.08792 -1.24053 0
      vertex 8.00446 -1.30903 5
      vertex 8.08792 -1.24053 5
    endloop
  endfacet
  facet normal -0.634427 0.772983 0
    outer loop
      vertex 8.00446 -1.30903 5
      vertex 8.08792 -1.24053 0
      vertex 8.00446 -1.30903 0
    endloop
  endfacet
  facet normal -0.84919 0.528087 0
    outer loop
      vertex 8.37192 -0.916691 0
      vertex 8.42894 -0.825 5
      vertex 8.42894 -0.825 0
    endloop
  endfacet
  facet normal -0.84919 0.528087 0
    outer loop
      vertex 8.42894 -0.825 5
      vertex 8.37192 -0.916691 0
      vertex 8.37192 -0.916691 5
    endloop
  endfacet
  facet normal -0.812866 0.582451 0
    outer loop
      vertex 8.30903 -1.00446 0
      vertex 8.37192 -0.916691 5
      vertex 8.37192 -0.916691 0
    endloop
  endfacet
  facet normal -0.812866 0.582451 0
    outer loop
      vertex 8.37192 -0.916691 5
      vertex 8.30903 -1.00446 0
      vertex 8.30903 -1.00446 5
    endloop
  endfacet
  facet normal -0.910867 0.4127 0
    outer loop
      vertex 8.47984 -0.729775 0
      vertex 8.5244 -0.631427 5
      vertex 8.5244 -0.631427 0
    endloop
  endfacet
  facet normal -0.910867 0.4127 0
    outer loop
      vertex 8.5244 -0.631427 5
      vertex 8.47984 -0.729775 0
      vertex 8.47984 -0.729775 5
    endloop
  endfacet
  facet normal 0.0326919 0.999465 -0
    outer loop
      vertex 7 -1.65 0
      vertex 6.89208 -1.64647 5
      vertex 7 -1.65 5
    endloop
  endfacet
  facet normal 0.0326919 0.999465 0
    outer loop
      vertex 6.89208 -1.64647 5
      vertex 7 -1.65 0
      vertex 6.89208 -1.64647 0
    endloop
  endfacet
  facet normal 0.582447 0.812869 -0
    outer loop
      vertex 6.08331 -1.37192 0
      vertex 5.99554 -1.30903 5
      vertex 6.08331 -1.37192 5
    endloop
  endfacet
  facet normal 0.582447 0.812869 0
    outer loop
      vertex 5.99554 -1.30903 5
      vertex 6.08331 -1.37192 0
      vertex 5.99554 -1.30903 0
    endloop
  endfacet
  facet normal 0.35223 0.935914 -0
    outer loop
      vertex 6.46962 -1.56243 0
      vertex 6.36857 -1.5244 5
      vertex 6.46962 -1.56243 5
    endloop
  endfacet
  facet normal 0.35223 0.935914 0
    outer loop
      vertex 6.36857 -1.5244 5
      vertex 6.46962 -1.56243 0
      vertex 6.36857 -1.5244 0
    endloop
  endfacet
  facet normal 0.471424 0.881906 -0
    outer loop
      vertex 6.27022 -1.47984 0
      vertex 6.175 -1.42894 5
      vertex 6.27022 -1.47984 5
    endloop
  endfacet
  facet normal 0.471424 0.881906 0
    outer loop
      vertex 6.175 -1.42894 5
      vertex 6.27022 -1.47984 0
      vertex 6.175 -1.42894 0
    endloop
  endfacet
  facet normal 0.290329 0.956927 -0
    outer loop
      vertex 6.57295 -1.59378 0
      vertex 6.46962 -1.56243 5
      vertex 6.57295 -1.59378 5
    endloop
  endfacet
  facet normal 0.290329 0.956927 0
    outer loop
      vertex 6.46962 -1.56243 5
      vertex 6.57295 -1.59378 0
      vertex 6.46962 -1.56243 0
    endloop
  endfacet
  facet normal 0.956948 0.290259 0
    outer loop
      vertex 5.43756 -0.530375 5
      vertex 5.40622 -0.427051 0
      vertex 5.40622 -0.427051 5
    endloop
  endfacet
  facet normal 0.956948 0.290259 0
    outer loop
      vertex 5.40622 -0.427051 0
      vertex 5.43756 -0.530375 5
      vertex 5.43756 -0.530375 0
    endloop
  endfacet
  facet normal 0.973873 0.227092 0
    outer loop
      vertex 5.40622 -0.427051 5
      vertex 5.3817 -0.321898 0
      vertex 5.3817 -0.321898 5
    endloop
  endfacet
  facet normal 0.973873 0.227092 0
    outer loop
      vertex 5.3817 -0.321898 0
      vertex 5.40622 -0.427051 5
      vertex 5.40622 -0.427051 0
    endloop
  endfacet
  facet normal 0.881917 0.471405 0
    outer loop
      vertex 5.57106 -0.825 5
      vertex 5.52016 -0.729775 0
      vertex 5.52016 -0.729775 5
    endloop
  endfacet
  facet normal 0.881917 0.471405 0
    outer loop
      vertex 5.52016 -0.729775 0
      vertex 5.57106 -0.825 5
      vertex 5.57106 -0.825 0
    endloop
  endfacet
  facet normal -0.528091 0.849188 0
    outer loop
      vertex 7.91669 -1.37192 0
      vertex 7.825 -1.42894 5
      vertex 7.91669 -1.37192 5
    endloop
  endfacet
  facet normal -0.528091 0.849188 0
    outer loop
      vertex 7.825 -1.42894 5
      vertex 7.91669 -1.37192 0
      vertex 7.825 -1.42894 0
    endloop
  endfacet
  facet normal 0.162822 0.986655 -0
    outer loop
      vertex 6.78463 -1.63588 0
      vertex 6.6781 -1.6183 5
      vertex 6.78463 -1.63588 5
    endloop
  endfacet
  facet normal 0.162822 0.986655 0
    outer loop
      vertex 6.6781 -1.6183 5
      vertex 6.78463 -1.63588 0
      vertex 6.6781 -1.6183 0
    endloop
  endfacet
  facet normal 0.634427 0.772983 -0
    outer loop
      vertex 5.99554 -1.30903 0
      vertex 5.91208 -1.24053 5
      vertex 5.99554 -1.30903 5
    endloop
  endfacet
  facet normal 0.634427 0.772983 0
    outer loop
      vertex 5.91208 -1.24053 5
      vertex 5.99554 -1.30903 0
      vertex 5.91208 -1.24053 0
    endloop
  endfacet
  facet normal 0.528091 0.849188 -0
    outer loop
      vertex 6.175 -1.42894 0
      vertex 6.08331 -1.37192 5
      vertex 6.175 -1.42894 5
    endloop
  endfacet
  facet normal 0.528091 0.849188 0
    outer loop
      vertex 6.08331 -1.37192 5
      vertex 6.175 -1.42894 0
      vertex 6.08331 -1.37192 0
    endloop
  endfacet
  facet normal 0.412693 0.91087 -0
    outer loop
      vertex 6.36857 -1.5244 0
      vertex 6.27022 -1.47984 5
      vertex 6.36857 -1.5244 5
    endloop
  endfacet
  facet normal 0.412693 0.91087 0
    outer loop
      vertex 6.27022 -1.47984 5
      vertex 6.36857 -1.5244 0
      vertex 6.27022 -1.47984 0
    endloop
  endfacet
  facet normal -0.683525 0.729927 0
    outer loop
      vertex 8.16673 -1.16673 0
      vertex 8.08792 -1.24053 5
      vertex 8.16673 -1.16673 5
    endloop
  endfacet
  facet normal -0.683525 0.729927 0
    outer loop
      vertex 8.08792 -1.24053 5
      vertex 8.16673 -1.16673 0
      vertex 8.08792 -1.24053 0
    endloop
  endfacet
  facet normal 0.227098 0.973872 -0
    outer loop
      vertex 6.6781 -1.6183 0
      vertex 6.57295 -1.59378 5
      vertex 6.6781 -1.6183 5
    endloop
  endfacet
  facet normal 0.227098 0.973872 0
    outer loop
      vertex 6.57295 -1.59378 5
      vertex 6.6781 -1.6183 0
      vertex 6.57295 -1.59378 0
    endloop
  endfacet
  facet normal 0.471405 -0.881917 0
    outer loop
      vertex -0.825 8.42894 0
      vertex -0.729775 8.47984 5
      vertex -0.825 8.42894 5
    endloop
  endfacet
  facet normal 0.471405 -0.881917 0
    outer loop
      vertex -0.729775 8.47984 5
      vertex -0.825 8.42894 0
      vertex -0.729775 8.47984 0
    endloop
  endfacet
  facet normal 0.935925 -0.352199 0
    outer loop
      vertex -1.56243 7.53037 5
      vertex -1.5244 7.63143 0
      vertex -1.5244 7.63143 5
    endloop
  endfacet
  facet normal 0.935925 -0.352199 0
    outer loop
      vertex -1.5244 7.63143 0
      vertex -1.56243 7.53037 5
      vertex -1.56243 7.53037 0
    endloop
  endfacet
  facet normal 0.4127 0.910867 -0
    outer loop
      vertex -0.631427 5.4756 0
      vertex -0.729775 5.52016 5
      vertex -0.631427 5.4756 5
    endloop
  endfacet
  facet normal 0.4127 0.910867 0
    outer loop
      vertex -0.729775 5.52016 5
      vertex -0.631427 5.4756 0
      vertex -0.729775 5.52016 0
    endloop
  endfacet
  facet normal 0.995179 -0.0980732 0
    outer loop
      vertex -1.64647 7.10791 5
      vertex -1.63588 7.21537 0
      vertex -1.63588 7.21537 5
    endloop
  endfacet
  facet normal 0.995179 -0.0980732 0
    outer loop
      vertex -1.63588 7.21537 0
      vertex -1.64647 7.10791 5
      vertex -1.64647 7.10791 0
    endloop
  endfacet
  facet normal 0.849188 -0.528091 0
    outer loop
      vertex -1.42894 7.825 5
      vertex -1.37192 7.91669 0
      vertex -1.37192 7.91669 5
    endloop
  endfacet
  facet normal 0.849188 -0.528091 0
    outer loop
      vertex -1.37192 7.91669 0
      vertex -1.42894 7.825 5
      vertex -1.42894 7.825 0
    endloop
  endfacet
  facet normal 0.683574 0.729881 -0
    outer loop
      vertex -1.08792 5.75946 0
      vertex -1.16673 5.83327 5
      vertex -1.08792 5.75946 5
    endloop
  endfacet
  facet normal 0.683574 0.729881 0
    outer loop
      vertex -1.16673 5.83327 5
      vertex -1.08792 5.75946 0
      vertex -1.16673 5.83327 0
    endloop
  endfacet
  facet normal -0.352223 -0.935916 0
    outer loop
      vertex 0.530375 8.56243 0
      vertex 0.631427 8.5244 5
      vertex 0.530375 8.56243 5
    endloop
  endfacet
  facet normal -0.352223 -0.935916 -0
    outer loop
      vertex 0.631427 8.5244 5
      vertex 0.530375 8.56243 0
      vertex 0.631427 8.5244 0
    endloop
  endfacet
  facet normal -0.729927 0.683525 0
    outer loop
      vertex 1.16673 5.83327 0
      vertex 1.24053 5.91208 5
      vertex 1.24053 5.91208 0
    endloop
  endfacet
  facet normal -0.729927 0.683525 0
    outer loop
      vertex 1.24053 5.91208 5
      vertex 1.16673 5.83327 0
      vertex 1.16673 5.83327 5
    endloop
  endfacet
  facet normal 0.582451 -0.812866 0
    outer loop
      vertex -1.00446 8.30903 0
      vertex -0.916691 8.37192 5
      vertex -1.00446 8.30903 5
    endloop
  endfacet
  facet normal 0.582451 -0.812866 0
    outer loop
      vertex -0.916691 8.37192 5
      vertex -1.00446 8.30903 0
      vertex -0.916691 8.37192 0
    endloop
  endfacet
  facet normal 0.729927 -0.683525 0
    outer loop
      vertex -1.24053 8.08792 5
      vertex -1.16673 8.16673 0
      vertex -1.16673 8.16673 5
    endloop
  endfacet
  facet normal 0.729927 -0.683525 0
    outer loop
      vertex -1.16673 8.16673 0
      vertex -1.24053 8.08792 5
      vertex -1.24053 8.08792 0
    endloop
  endfacet
  facet normal 0.986655 -0.162822 0
    outer loop
      vertex -1.63588 7.21537 5
      vertex -1.6183 7.3219 0
      vertex -1.6183 7.3219 5
    endloop
  endfacet
  facet normal 0.986655 -0.162822 0
    outer loop
      vertex -1.6183 7.3219 0
      vertex -1.63588 7.21537 5
      vertex -1.63588 7.21537 0
    endloop
  endfacet
  facet normal 0.812869 -0.582447 0
    outer loop
      vertex -1.37192 7.91669 5
      vertex -1.30903 8.00446 0
      vertex -1.30903 8.00446 5
    endloop
  endfacet
  facet normal 0.812869 -0.582447 0
    outer loop
      vertex -1.30903 8.00446 0
      vertex -1.37192 7.91669 5
      vertex -1.37192 7.91669 0
    endloop
  endfacet
  facet normal 0.0326934 0.999465 -0
    outer loop
      vertex 0 5.35 0
      vertex -0.107915 5.35353 5
      vertex 0 5.35 5
    endloop
  endfacet
  facet normal 0.0326934 0.999465 0
    outer loop
      vertex -0.107915 5.35353 5
      vertex 0 5.35 0
      vertex -0.107915 5.35353 0
    endloop
  endfacet
  facet normal 0.352305 0.935885 -0
    outer loop
      vertex -0.530375 5.43756 0
      vertex -0.631427 5.4756 5
      vertex -0.530375 5.43756 5
    endloop
  endfacet
  facet normal 0.352305 0.935885 0
    outer loop
      vertex -0.631427 5.4756 5
      vertex -0.530375 5.43756 0
      vertex -0.631427 5.4756 0
    endloop
  endfacet
  facet normal 0.52802 0.849232 -0
    outer loop
      vertex -0.825 5.57106 0
      vertex -0.916691 5.62807 5
      vertex -0.825 5.57106 5
    endloop
  endfacet
  facet normal 0.52802 0.849232 0
    outer loop
      vertex -0.916691 5.62807 5
      vertex -0.825 5.57106 0
      vertex -0.916691 5.62807 0
    endloop
  endfacet
  facet normal 0.995178 0.0980823 0
    outer loop
      vertex -1.63588 6.78463 5
      vertex -1.64647 6.89208 0
      vertex -1.64647 6.89208 5
    endloop
  endfacet
  facet normal 0.995178 0.0980823 0
    outer loop
      vertex -1.64647 6.89208 0
      vertex -1.63588 6.78463 5
      vertex -1.63588 6.78463 0
    endloop
  endfacet
  facet normal 0.812869 0.582447 0
    outer loop
      vertex -1.30903 5.99554 5
      vertex -1.37192 6.08331 0
      vertex -1.37192 6.08331 5
    endloop
  endfacet
  facet normal 0.812869 0.582447 0
    outer loop
      vertex -1.37192 6.08331 0
      vertex -1.30903 5.99554 5
      vertex -1.30903 5.99554 0
    endloop
  endfacet
  facet normal -0.0980804 -0.995178 0
    outer loop
      vertex 0.107915 8.64647 0
      vertex 0.215367 8.63588 5
      vertex 0.107915 8.64647 5
    endloop
  endfacet
  facet normal -0.0980804 -0.995178 -0
    outer loop
      vertex 0.215367 8.63588 5
      vertex 0.107915 8.64647 0
      vertex 0.215367 8.63588 0
    endloop
  endfacet
  facet normal -0.227092 -0.973873 0
    outer loop
      vertex 0.321898 8.6183 0
      vertex 0.427051 8.59378 5
      vertex 0.321898 8.6183 5
    endloop
  endfacet
  facet normal -0.227092 -0.973873 -0
    outer loop
      vertex 0.427051 8.59378 5
      vertex 0.321898 8.6183 0
      vertex 0.427051 8.59378 0
    endloop
  endfacet
  facet normal -0.582512 0.812822 0
    outer loop
      vertex 1.00446 5.69097 0
      vertex 0.916691 5.62807 5
      vertex 1.00446 5.69097 5
    endloop
  endfacet
  facet normal -0.582512 0.812822 0
    outer loop
      vertex 0.916691 5.62807 5
      vertex 1.00446 5.69097 0
      vertex 0.916691 5.62807 0
    endloop
  endfacet
  facet normal 0.0980804 -0.995178 0
    outer loop
      vertex -0.215367 8.63588 0
      vertex -0.107915 8.64647 5
      vertex -0.215367 8.63588 5
    endloop
  endfacet
  facet normal 0.0980804 -0.995178 0
    outer loop
      vertex -0.107915 8.64647 5
      vertex -0.215367 8.63588 0
      vertex -0.107915 8.64647 0
    endloop
  endfacet
  facet normal 0.290344 -0.956922 0
    outer loop
      vertex -0.530375 8.56243 0
      vertex -0.427051 8.59378 5
      vertex -0.530375 8.56243 5
    endloop
  endfacet
  facet normal 0.290344 -0.956922 0
    outer loop
      vertex -0.427051 8.59378 5
      vertex -0.530375 8.56243 0
      vertex -0.427051 8.59378 0
    endloop
  endfacet
  facet normal 0.16282 -0.986656 0
    outer loop
      vertex -0.321898 8.6183 0
      vertex -0.215367 8.63588 5
      vertex -0.321898 8.6183 5
    endloop
  endfacet
  facet normal 0.16282 -0.986656 0
    outer loop
      vertex -0.215367 8.63588 5
      vertex -0.321898 8.6183 0
      vertex -0.215367 8.63588 0
    endloop
  endfacet
  facet normal 0.528087 -0.84919 0
    outer loop
      vertex -0.916691 8.37192 0
      vertex -0.825 8.42894 5
      vertex -0.916691 8.37192 5
    endloop
  endfacet
  facet normal 0.528087 -0.84919 0
    outer loop
      vertex -0.825 8.42894 5
      vertex -0.916691 8.37192 0
      vertex -0.825 8.42894 0
    endloop
  endfacet
  facet normal 0.634427 -0.772983 0
    outer loop
      vertex -1.08792 8.24053 0
      vertex -1.00446 8.30903 5
      vertex -1.08792 8.24053 5
    endloop
  endfacet
  facet normal 0.634427 -0.772983 0
    outer loop
      vertex -1.00446 8.30903 5
      vertex -1.08792 8.24053 0
      vertex -1.00446 8.30903 0
    endloop
  endfacet
  facet normal 0.683525 -0.729927 0
    outer loop
      vertex -1.16673 8.16673 0
      vertex -1.08792 8.24053 5
      vertex -1.16673 8.16673 5
    endloop
  endfacet
  facet normal 0.683525 -0.729927 0
    outer loop
      vertex -1.08792 8.24053 5
      vertex -1.16673 8.16673 0
      vertex -1.08792 8.24053 0
    endloop
  endfacet
  facet normal 0.999465 0.0326919 0
    outer loop
      vertex -1.64647 6.89208 5
      vertex -1.65 7 0
      vertex -1.65 7 5
    endloop
  endfacet
  facet normal 0.999465 0.0326919 0
    outer loop
      vertex -1.65 7 0
      vertex -1.64647 6.89208 5
      vertex -1.64647 6.89208 0
    endloop
  endfacet
  facet normal 0.973872 -0.227098 0
    outer loop
      vertex -1.6183 7.3219 5
      vertex -1.59378 7.42705 0
      vertex -1.59378 7.42705 5
    endloop
  endfacet
  facet normal 0.973872 -0.227098 0
    outer loop
      vertex -1.59378 7.42705 0
      vertex -1.6183 7.3219 5
      vertex -1.6183 7.3219 0
    endloop
  endfacet
  facet normal 0.956919 -0.290354 0
    outer loop
      vertex -1.59378 7.42705 5
      vertex -1.56243 7.53037 0
      vertex -1.56243 7.53037 5
    endloop
  endfacet
  facet normal 0.956919 -0.290354 0
    outer loop
      vertex -1.56243 7.53037 0
      vertex -1.59378 7.42705 5
      vertex -1.59378 7.42705 0
    endloop
  endfacet
  facet normal 0.881906 -0.471424 0
    outer loop
      vertex -1.47984 7.72978 5
      vertex -1.42894 7.825 0
      vertex -1.42894 7.825 5
    endloop
  endfacet
  facet normal 0.881906 -0.471424 0
    outer loop
      vertex -1.42894 7.825 0
      vertex -1.47984 7.72978 5
      vertex -1.47984 7.72978 0
    endloop
  endfacet
  facet normal 0.91087 -0.412693 0
    outer loop
      vertex -1.5244 7.63143 5
      vertex -1.47984 7.72978 0
      vertex -1.47984 7.72978 5
    endloop
  endfacet
  facet normal 0.91087 -0.412693 0
    outer loop
      vertex -1.47984 7.72978 0
      vertex -1.5244 7.63143 5
      vertex -1.5244 7.63143 0
    endloop
  endfacet
  facet normal 0.772983 -0.634427 0
    outer loop
      vertex -1.30903 8.00446 5
      vertex -1.24053 8.08792 0
      vertex -1.24053 8.08792 5
    endloop
  endfacet
  facet normal 0.772983 -0.634427 0
    outer loop
      vertex -1.24053 8.08792 0
      vertex -1.30903 8.00446 5
      vertex -1.30903 8.00446 0
    endloop
  endfacet
  facet normal 0.16282 0.986656 -0
    outer loop
      vertex -0.215367 5.36412 0
      vertex -0.321898 5.3817 5
      vertex -0.215367 5.36412 5
    endloop
  endfacet
  facet normal 0.16282 0.986656 0
    outer loop
      vertex -0.321898 5.3817 5
      vertex -0.215367 5.36412 0
      vertex -0.321898 5.3817 0
    endloop
  endfacet
  facet normal 0.290259 0.956948 -0
    outer loop
      vertex -0.427051 5.40622 0
      vertex -0.530375 5.43756 5
      vertex -0.427051 5.40622 5
    endloop
  endfacet
  facet normal 0.290259 0.956948 0
    outer loop
      vertex -0.530375 5.43756 5
      vertex -0.427051 5.40622 0
      vertex -0.530375 5.43756 0
    endloop
  endfacet
  facet normal 0.471405 0.881917 -0
    outer loop
      vertex -0.729775 5.52016 0
      vertex -0.825 5.57106 5
      vertex -0.729775 5.52016 5
    endloop
  endfacet
  facet normal 0.471405 0.881917 0
    outer loop
      vertex -0.825 5.57106 5
      vertex -0.729775 5.52016 0
      vertex -0.825 5.57106 0
    endloop
  endfacet
  facet normal 0.582512 0.812822 -0
    outer loop
      vertex -0.916691 5.62807 0
      vertex -1.00446 5.69097 5
      vertex -0.916691 5.62807 5
    endloop
  endfacet
  facet normal 0.582512 0.812822 0
    outer loop
      vertex -1.00446 5.69097 5
      vertex -0.916691 5.62807 0
      vertex -1.00446 5.69097 0
    endloop
  endfacet
  facet normal 0.973872 0.227098 0
    outer loop
      vertex -1.59378 6.57295 5
      vertex -1.6183 6.6781 0
      vertex -1.6183 6.6781 5
    endloop
  endfacet
  facet normal 0.973872 0.227098 0
    outer loop
      vertex -1.6183 6.6781 0
      vertex -1.59378 6.57295 5
      vertex -1.59378 6.57295 0
    endloop
  endfacet
  facet normal 0.935914 0.35223 0
    outer loop
      vertex -1.5244 6.36857 5
      vertex -1.56243 6.46962 0
      vertex -1.56243 6.46962 5
    endloop
  endfacet
  facet normal 0.935914 0.35223 0
    outer loop
      vertex -1.56243 6.46962 0
      vertex -1.5244 6.36857 5
      vertex -1.5244 6.36857 0
    endloop
  endfacet
  facet normal 0.986655 0.162822 0
    outer loop
      vertex -1.6183 6.6781 5
      vertex -1.63588 6.78463 0
      vertex -1.63588 6.78463 5
    endloop
  endfacet
  facet normal 0.986655 0.162822 0
    outer loop
      vertex -1.63588 6.78463 0
      vertex -1.6183 6.6781 5
      vertex -1.6183 6.6781 0
    endloop
  endfacet
  facet normal 0.849188 0.528091 0
    outer loop
      vertex -1.37192 6.08331 5
      vertex -1.42894 6.175 0
      vertex -1.42894 6.175 5
    endloop
  endfacet
  facet normal 0.849188 0.528091 0
    outer loop
      vertex -1.42894 6.175 0
      vertex -1.37192 6.08331 5
      vertex -1.37192 6.08331 0
    endloop
  endfacet
  facet normal 0.91087 0.412693 0
    outer loop
      vertex -1.47984 6.27022 5
      vertex -1.5244 6.36857 0
      vertex -1.5244 6.36857 5
    endloop
  endfacet
  facet normal 0.91087 0.412693 0
    outer loop
      vertex -1.5244 6.36857 0
      vertex -1.47984 6.27022 5
      vertex -1.47984 6.27022 0
    endloop
  endfacet
  facet normal 0.772983 0.634427 0
    outer loop
      vertex -1.24053 5.91208 5
      vertex -1.30903 5.99554 0
      vertex -1.30903 5.99554 5
    endloop
  endfacet
  facet normal 0.772983 0.634427 0
    outer loop
      vertex -1.30903 5.99554 0
      vertex -1.24053 5.91208 5
      vertex -1.24053 5.91208 0
    endloop
  endfacet
  facet normal 0.0326934 -0.999465 0
    outer loop
      vertex -0.107915 8.64647 0
      vertex 0 8.65 5
      vertex -0.107915 8.64647 5
    endloop
  endfacet
  facet normal 0.0326934 -0.999465 0
    outer loop
      vertex 0 8.65 5
      vertex -0.107915 8.64647 0
      vertex 0 8.65 0
    endloop
  endfacet
  facet normal -0.0326934 -0.999465 0
    outer loop
      vertex 0 8.65 0
      vertex 0.107915 8.64647 5
      vertex 0 8.65 5
    endloop
  endfacet
  facet normal -0.0326934 -0.999465 -0
    outer loop
      vertex 0.107915 8.64647 5
      vertex 0 8.65 0
      vertex 0.107915 8.64647 0
    endloop
  endfacet
  facet normal -0.16282 -0.986656 0
    outer loop
      vertex 0.215367 8.63588 0
      vertex 0.321898 8.6183 5
      vertex 0.215367 8.63588 5
    endloop
  endfacet
  facet normal -0.16282 -0.986656 -0
    outer loop
      vertex 0.321898 8.6183 5
      vertex 0.215367 8.63588 0
      vertex 0.321898 8.6183 0
    endloop
  endfacet
  facet normal -0.471405 -0.881917 0
    outer loop
      vertex 0.729775 8.47984 0
      vertex 0.825 8.42894 5
      vertex 0.729775 8.47984 5
    endloop
  endfacet
  facet normal -0.471405 -0.881917 -0
    outer loop
      vertex 0.825 8.42894 5
      vertex 0.729775 8.47984 0
      vertex 0.825 8.42894 0
    endloop
  endfacet
  facet normal -0.999465 -0.032695 0
    outer loop
      vertex 1.65 7 0
      vertex 1.64647 7.10791 5
      vertex 1.64647 7.10791 0
    endloop
  endfacet
  facet normal -0.999465 -0.032695 0
    outer loop
      vertex 1.64647 7.10791 5
      vertex 1.65 7 0
      vertex 1.65 7 5
    endloop
  endfacet
  facet normal -0.995178 0.0980823 0
    outer loop
      vertex 1.63588 6.78463 0
      vertex 1.64647 6.89208 5
      vertex 1.64647 6.89208 0
    endloop
  endfacet
  facet normal -0.995178 0.0980823 0
    outer loop
      vertex 1.64647 6.89208 5
      vertex 1.63588 6.78463 0
      vertex 1.63588 6.78463 5
    endloop
  endfacet
  facet normal -0.0326934 0.999465 0
    outer loop
      vertex 0.107915 5.35353 0
      vertex 0 5.35 5
      vertex 0.107915 5.35353 5
    endloop
  endfacet
  facet normal -0.0326934 0.999465 0
    outer loop
      vertex 0 5.35 5
      vertex 0.107915 5.35353 0
      vertex 0 5.35 0
    endloop
  endfacet
  facet normal -0.352305 0.935885 0
    outer loop
      vertex 0.631427 5.4756 0
      vertex 0.530375 5.43756 5
      vertex 0.631427 5.4756 5
    endloop
  endfacet
  facet normal -0.352305 0.935885 0
    outer loop
      vertex 0.530375 5.43756 5
      vertex 0.631427 5.4756 0
      vertex 0.530375 5.43756 0
    endloop
  endfacet
  facet normal -0.634372 0.773028 0
    outer loop
      vertex 1.08792 5.75946 0
      vertex 1.00446 5.69097 5
      vertex 1.08792 5.75946 5
    endloop
  endfacet
  facet normal -0.634372 0.773028 0
    outer loop
      vertex 1.00446 5.69097 5
      vertex 1.08792 5.75946 0
      vertex 1.00446 5.69097 0
    endloop
  endfacet
  facet normal -0.935925 -0.352199 0
    outer loop
      vertex 1.56243 7.53037 0
      vertex 1.5244 7.63143 5
      vertex 1.5244 7.63143 0
    endloop
  endfacet
  facet normal -0.935925 -0.352199 0
    outer loop
      vertex 1.5244 7.63143 5
      vertex 1.56243 7.53037 0
      vertex 1.56243 7.53037 5
    endloop
  endfacet
  facet normal -0.956919 -0.290354 0
    outer loop
      vertex 1.59378 7.42705 0
      vertex 1.56243 7.53037 5
      vertex 1.56243 7.53037 0
    endloop
  endfacet
  facet normal -0.956919 -0.290354 0
    outer loop
      vertex 1.56243 7.53037 5
      vertex 1.59378 7.42705 0
      vertex 1.59378 7.42705 5
    endloop
  endfacet
  facet normal -0.91087 -0.412693 0
    outer loop
      vertex 1.5244 7.63143 0
      vertex 1.47984 7.72978 5
      vertex 1.47984 7.72978 0
    endloop
  endfacet
  facet normal -0.91087 -0.412693 0
    outer loop
      vertex 1.47984 7.72978 5
      vertex 1.5244 7.63143 0
      vertex 1.5244 7.63143 5
    endloop
  endfacet
  facet normal 0.4127 -0.910867 0
    outer loop
      vertex -0.729775 8.47984 0
      vertex -0.631427 8.5244 5
      vertex -0.729775 8.47984 5
    endloop
  endfacet
  facet normal 0.4127 -0.910867 0
    outer loop
      vertex -0.631427 8.5244 5
      vertex -0.729775 8.47984 0
      vertex -0.631427 8.5244 0
    endloop
  endfacet
  facet normal 0.352223 -0.935916 0
    outer loop
      vertex -0.631427 8.5244 0
      vertex -0.530375 8.56243 5
      vertex -0.631427 8.5244 5
    endloop
  endfacet
  facet normal 0.352223 -0.935916 0
    outer loop
      vertex -0.530375 8.56243 5
      vertex -0.631427 8.5244 0
      vertex -0.530375 8.56243 0
    endloop
  endfacet
  facet normal 0.227092 -0.973873 0
    outer loop
      vertex -0.427051 8.59378 0
      vertex -0.321898 8.6183 5
      vertex -0.427051 8.59378 5
    endloop
  endfacet
  facet normal 0.227092 -0.973873 0
    outer loop
      vertex -0.321898 8.6183 5
      vertex -0.427051 8.59378 0
      vertex -0.321898 8.6183 0
    endloop
  endfacet
  facet normal 0.999465 -0.032695 0
    outer loop
      vertex -1.65 7 5
      vertex -1.64647 7.10791 0
      vertex -1.64647 7.10791 5
    endloop
  endfacet
  facet normal 0.999465 -0.032695 0
    outer loop
      vertex -1.64647 7.10791 0
      vertex -1.65 7 5
      vertex -1.65 7 0
    endloop
  endfacet
  facet normal 0.0980804 0.995178 -0
    outer loop
      vertex -0.107915 5.35353 0
      vertex -0.215367 5.36412 5
      vertex -0.107915 5.35353 5
    endloop
  endfacet
  facet normal 0.0980804 0.995178 0
    outer loop
      vertex -0.215367 5.36412 5
      vertex -0.107915 5.35353 0
      vertex -0.215367 5.36412 0
    endloop
  endfacet
  facet normal 0.227092 0.973873 -0
    outer loop
      vertex -0.321898 5.3817 0
      vertex -0.427051 5.40622 5
      vertex -0.321898 5.3817 5
    endloop
  endfacet
  facet normal 0.227092 0.973873 0
    outer loop
      vertex -0.427051 5.40622 5
      vertex -0.321898 5.3817 0
      vertex -0.427051 5.40622 0
    endloop
  endfacet
  facet normal 0.634372 0.773028 -0
    outer loop
      vertex -1.00446 5.69097 0
      vertex -1.08792 5.75946 5
      vertex -1.00446 5.69097 5
    endloop
  endfacet
  facet normal 0.634372 0.773028 0
    outer loop
      vertex -1.08792 5.75946 5
      vertex -1.00446 5.69097 0
      vertex -1.08792 5.75946 0
    endloop
  endfacet
  facet normal 0.956927 0.290329 0
    outer loop
      vertex -1.56243 6.46962 5
      vertex -1.59378 6.57295 0
      vertex -1.59378 6.57295 5
    endloop
  endfacet
  facet normal 0.956927 0.290329 0
    outer loop
      vertex -1.59378 6.57295 0
      vertex -1.56243 6.46962 5
      vertex -1.56243 6.46962 0
    endloop
  endfacet
  facet normal 0.881906 0.471424 0
    outer loop
      vertex -1.42894 6.175 5
      vertex -1.47984 6.27022 0
      vertex -1.47984 6.27022 5
    endloop
  endfacet
  facet normal 0.881906 0.471424 0
    outer loop
      vertex -1.47984 6.27022 0
      vertex -1.42894 6.175 5
      vertex -1.42894 6.175 0
    endloop
  endfacet
  facet normal 0.729927 0.683525 0
    outer loop
      vertex -1.16673 5.83327 5
      vertex -1.24053 5.91208 0
      vertex -1.24053 5.91208 5
    endloop
  endfacet
  facet normal 0.729927 0.683525 0
    outer loop
      vertex -1.24053 5.91208 0
      vertex -1.16673 5.83327 5
      vertex -1.16673 5.83327 0
    endloop
  endfacet
  facet normal -0.290344 -0.956922 0
    outer loop
      vertex 0.427051 8.59378 0
      vertex 0.530375 8.56243 5
      vertex 0.427051 8.59378 5
    endloop
  endfacet
  facet normal -0.290344 -0.956922 -0
    outer loop
      vertex 0.530375 8.56243 5
      vertex 0.427051 8.59378 0
      vertex 0.530375 8.56243 0
    endloop
  endfacet
  facet normal -0.812869 -0.582447 0
    outer loop
      vertex 1.37192 7.91669 0
      vertex 1.30903 8.00446 5
      vertex 1.30903 8.00446 0
    endloop
  endfacet
  facet normal -0.812869 -0.582447 0
    outer loop
      vertex 1.30903 8.00446 5
      vertex 1.37192 7.91669 0
      vertex 1.37192 7.91669 5
    endloop
  endfacet
  facet normal -0.528087 -0.84919 0
    outer loop
      vertex 0.825 8.42894 0
      vertex 0.916691 8.37192 5
      vertex 0.825 8.42894 5
    endloop
  endfacet
  facet normal -0.528087 -0.84919 -0
    outer loop
      vertex 0.916691 8.37192 5
      vertex 0.825 8.42894 0
      vertex 0.916691 8.37192 0
    endloop
  endfacet
  facet normal -0.4127 -0.910867 0
    outer loop
      vertex 0.631427 8.5244 0
      vertex 0.729775 8.47984 5
      vertex 0.631427 8.5244 5
    endloop
  endfacet
  facet normal -0.4127 -0.910867 -0
    outer loop
      vertex 0.729775 8.47984 5
      vertex 0.631427 8.5244 0
      vertex 0.729775 8.47984 0
    endloop
  endfacet
  facet normal -0.16282 0.986656 0
    outer loop
      vertex 0.321898 5.3817 0
      vertex 0.215367 5.36412 5
      vertex 0.321898 5.3817 5
    endloop
  endfacet
  facet normal -0.16282 0.986656 0
    outer loop
      vertex 0.215367 5.36412 5
      vertex 0.321898 5.3817 0
      vertex 0.215367 5.36412 0
    endloop
  endfacet
  facet normal -0.0980804 0.995178 0
    outer loop
      vertex 0.215367 5.36412 0
      vertex 0.107915 5.35353 5
      vertex 0.215367 5.36412 5
    endloop
  endfacet
  facet normal -0.0980804 0.995178 0
    outer loop
      vertex 0.107915 5.35353 5
      vertex 0.215367 5.36412 0
      vertex 0.107915 5.35353 0
    endloop
  endfacet
  facet normal -0.52802 0.849232 0
    outer loop
      vertex 0.916691 5.62807 0
      vertex 0.825 5.57106 5
      vertex 0.916691 5.62807 5
    endloop
  endfacet
  facet normal -0.52802 0.849232 0
    outer loop
      vertex 0.825 5.57106 5
      vertex 0.916691 5.62807 0
      vertex 0.825 5.57106 0
    endloop
  endfacet
  facet normal -0.683574 0.729881 0
    outer loop
      vertex 1.16673 5.83327 0
      vertex 1.08792 5.75946 5
      vertex 1.16673 5.83327 5
    endloop
  endfacet
  facet normal -0.683574 0.729881 0
    outer loop
      vertex 1.08792 5.75946 5
      vertex 1.16673 5.83327 0
      vertex 1.08792 5.75946 0
    endloop
  endfacet
  facet normal -0.986655 -0.162822 0
    outer loop
      vertex 1.63588 7.21537 0
      vertex 1.6183 7.3219 5
      vertex 1.6183 7.3219 0
    endloop
  endfacet
  facet normal -0.986655 -0.162822 0
    outer loop
      vertex 1.6183 7.3219 5
      vertex 1.63588 7.21537 0
      vertex 1.63588 7.21537 5
    endloop
  endfacet
  facet normal -0.995179 -0.0980732 0
    outer loop
      vertex 1.64647 7.10791 0
      vertex 1.63588 7.21537 5
      vertex 1.63588 7.21537 0
    endloop
  endfacet
  facet normal -0.995179 -0.0980732 0
    outer loop
      vertex 1.63588 7.21537 5
      vertex 1.64647 7.10791 0
      vertex 1.64647 7.10791 5
    endloop
  endfacet
  facet normal -0.683525 -0.729927 0
    outer loop
      vertex 1.08792 8.24053 0
      vertex 1.16673 8.16673 5
      vertex 1.08792 8.24053 5
    endloop
  endfacet
  facet normal -0.683525 -0.729927 -0
    outer loop
      vertex 1.16673 8.16673 5
      vertex 1.08792 8.24053 0
      vertex 1.16673 8.16673 0
    endloop
  endfacet
  facet normal -0.772983 -0.634427 0
    outer loop
      vertex 1.30903 8.00446 0
      vertex 1.24053 8.08792 5
      vertex 1.24053 8.08792 0
    endloop
  endfacet
  facet normal -0.772983 -0.634427 0
    outer loop
      vertex 1.24053 8.08792 5
      vertex 1.30903 8.00446 0
      vertex 1.30903 8.00446 5
    endloop
  endfacet
  facet normal -0.582451 -0.812866 0
    outer loop
      vertex 0.916691 8.37192 0
      vertex 1.00446 8.30903 5
      vertex 0.916691 8.37192 5
    endloop
  endfacet
  facet normal -0.582451 -0.812866 -0
    outer loop
      vertex 1.00446 8.30903 5
      vertex 0.916691 8.37192 0
      vertex 1.00446 8.30903 0
    endloop
  endfacet
  facet normal -0.634427 -0.772983 0
    outer loop
      vertex 1.00446 8.30903 0
      vertex 1.08792 8.24053 5
      vertex 1.00446 8.30903 5
    endloop
  endfacet
  facet normal -0.634427 -0.772983 -0
    outer loop
      vertex 1.08792 8.24053 5
      vertex 1.00446 8.30903 0
      vertex 1.08792 8.24053 0
    endloop
  endfacet
  facet normal -0.999465 0.0326919 0
    outer loop
      vertex 1.64647 6.89208 0
      vertex 1.65 7 5
      vertex 1.65 7 0
    endloop
  endfacet
  facet normal -0.999465 0.0326919 0
    outer loop
      vertex 1.65 7 5
      vertex 1.64647 6.89208 0
      vertex 1.64647 6.89208 5
    endloop
  endfacet
  facet normal -0.812869 0.582447 0
    outer loop
      vertex 1.30903 5.99554 0
      vertex 1.37192 6.08331 5
      vertex 1.37192 6.08331 0
    endloop
  endfacet
  facet normal -0.812869 0.582447 0
    outer loop
      vertex 1.37192 6.08331 5
      vertex 1.30903 5.99554 0
      vertex 1.30903 5.99554 5
    endloop
  endfacet
  facet normal -0.935914 0.35223 0
    outer loop
      vertex 1.5244 6.36857 0
      vertex 1.56243 6.46962 5
      vertex 1.56243 6.46962 0
    endloop
  endfacet
  facet normal -0.935914 0.35223 0
    outer loop
      vertex 1.56243 6.46962 5
      vertex 1.5244 6.36857 0
      vertex 1.5244 6.36857 5
    endloop
  endfacet
  facet normal -0.881906 0.471424 0
    outer loop
      vertex 1.42894 6.175 0
      vertex 1.47984 6.27022 5
      vertex 1.47984 6.27022 0
    endloop
  endfacet
  facet normal -0.881906 0.471424 0
    outer loop
      vertex 1.47984 6.27022 5
      vertex 1.42894 6.175 0
      vertex 1.42894 6.175 5
    endloop
  endfacet
  facet normal -0.956927 0.290329 0
    outer loop
      vertex 1.56243 6.46962 0
      vertex 1.59378 6.57295 5
      vertex 1.59378 6.57295 0
    endloop
  endfacet
  facet normal -0.956927 0.290329 0
    outer loop
      vertex 1.59378 6.57295 5
      vertex 1.56243 6.46962 0
      vertex 1.56243 6.46962 5
    endloop
  endfacet
  facet normal -0.290259 0.956948 0
    outer loop
      vertex 0.530375 5.43756 0
      vertex 0.427051 5.40622 5
      vertex 0.530375 5.43756 5
    endloop
  endfacet
  facet normal -0.290259 0.956948 0
    outer loop
      vertex 0.427051 5.40622 5
      vertex 0.530375 5.43756 0
      vertex 0.427051 5.40622 0
    endloop
  endfacet
  facet normal -0.227092 0.973873 0
    outer loop
      vertex 0.427051 5.40622 0
      vertex 0.321898 5.3817 5
      vertex 0.427051 5.40622 5
    endloop
  endfacet
  facet normal -0.227092 0.973873 0
    outer loop
      vertex 0.321898 5.3817 5
      vertex 0.427051 5.40622 0
      vertex 0.321898 5.3817 0
    endloop
  endfacet
  facet normal -0.471405 0.881917 0
    outer loop
      vertex 0.825 5.57106 0
      vertex 0.729775 5.52016 5
      vertex 0.825 5.57106 5
    endloop
  endfacet
  facet normal -0.471405 0.881917 0
    outer loop
      vertex 0.729775 5.52016 5
      vertex 0.825 5.57106 0
      vertex 0.729775 5.52016 0
    endloop
  endfacet
  facet normal -0.4127 0.910867 0
    outer loop
      vertex 0.729775 5.52016 0
      vertex 0.631427 5.4756 5
      vertex 0.729775 5.52016 5
    endloop
  endfacet
  facet normal -0.4127 0.910867 0
    outer loop
      vertex 0.631427 5.4756 5
      vertex 0.729775 5.52016 0
      vertex 0.631427 5.4756 0
    endloop
  endfacet
  facet normal -0.973872 -0.227098 0
    outer loop
      vertex 1.6183 7.3219 0
      vertex 1.59378 7.42705 5
      vertex 1.59378 7.42705 0
    endloop
  endfacet
  facet normal -0.973872 -0.227098 0
    outer loop
      vertex 1.59378 7.42705 5
      vertex 1.6183 7.3219 0
      vertex 1.6183 7.3219 5
    endloop
  endfacet
  facet normal -0.729927 -0.683525 0
    outer loop
      vertex 1.24053 8.08792 0
      vertex 1.16673 8.16673 5
      vertex 1.16673 8.16673 0
    endloop
  endfacet
  facet normal -0.729927 -0.683525 0
    outer loop
      vertex 1.16673 8.16673 5
      vertex 1.24053 8.08792 0
      vertex 1.24053 8.08792 5
    endloop
  endfacet
  facet normal -0.849188 -0.528091 0
    outer loop
      vertex 1.42894 7.825 0
      vertex 1.37192 7.91669 5
      vertex 1.37192 7.91669 0
    endloop
  endfacet
  facet normal -0.849188 -0.528091 0
    outer loop
      vertex 1.37192 7.91669 5
      vertex 1.42894 7.825 0
      vertex 1.42894 7.825 5
    endloop
  endfacet
  facet normal -0.881906 -0.471424 0
    outer loop
      vertex 1.47984 7.72978 0
      vertex 1.42894 7.825 5
      vertex 1.42894 7.825 0
    endloop
  endfacet
  facet normal -0.881906 -0.471424 0
    outer loop
      vertex 1.42894 7.825 5
      vertex 1.47984 7.72978 0
      vertex 1.47984 7.72978 5
    endloop
  endfacet
  facet normal -0.986655 0.162822 0
    outer loop
      vertex 1.6183 6.6781 0
      vertex 1.63588 6.78463 5
      vertex 1.63588 6.78463 0
    endloop
  endfacet
  facet normal -0.986655 0.162822 0
    outer loop
      vertex 1.63588 6.78463 5
      vertex 1.6183 6.6781 0
      vertex 1.6183 6.6781 5
    endloop
  endfacet
  facet normal -0.772983 0.634427 0
    outer loop
      vertex 1.24053 5.91208 0
      vertex 1.30903 5.99554 5
      vertex 1.30903 5.99554 0
    endloop
  endfacet
  facet normal -0.772983 0.634427 0
    outer loop
      vertex 1.30903 5.99554 5
      vertex 1.24053 5.91208 0
      vertex 1.24053 5.91208 5
    endloop
  endfacet
  facet normal -0.849188 0.528091 0
    outer loop
      vertex 1.37192 6.08331 0
      vertex 1.42894 6.175 5
      vertex 1.42894 6.175 0
    endloop
  endfacet
  facet normal -0.849188 0.528091 0
    outer loop
      vertex 1.42894 6.175 5
      vertex 1.37192 6.08331 0
      vertex 1.37192 6.08331 5
    endloop
  endfacet
  facet normal -0.91087 0.412693 0
    outer loop
      vertex 1.47984 6.27022 0
      vertex 1.5244 6.36857 5
      vertex 1.5244 6.36857 0
    endloop
  endfacet
  facet normal -0.91087 0.412693 0
    outer loop
      vertex 1.5244 6.36857 5
      vertex 1.47984 6.27022 0
      vertex 1.47984 6.27022 5
    endloop
  endfacet
  facet normal -0.973872 0.227098 0
    outer loop
      vertex 1.59378 6.57295 0
      vertex 1.6183 6.6781 5
      vertex 1.6183 6.6781 0
    endloop
  endfacet
  facet normal -0.973872 0.227098 0
    outer loop
      vertex 1.6183 6.6781 5
      vertex 1.59378 6.57295 0
      vertex 1.59378 6.57295 5
    endloop
  endfacet
  facet normal 0.881917 0.471405 0
    outer loop
      vertex -8.42894 -0.825 5
      vertex -8.47984 -0.729775 0
      vertex -8.47984 -0.729775 5
    endloop
  endfacet
  facet normal 0.881917 0.471405 0
    outer loop
      vertex -8.47984 -0.729775 0
      vertex -8.42894 -0.825 5
      vertex -8.42894 -0.825 0
    endloop
  endfacet
  facet normal 0.412693 -0.91087 0
    outer loop
      vertex -7.72978 1.47984 0
      vertex -7.63143 1.5244 5
      vertex -7.72978 1.47984 5
    endloop
  endfacet
  facet normal 0.412693 -0.91087 0
    outer loop
      vertex -7.63143 1.5244 5
      vertex -7.72978 1.47984 0
      vertex -7.63143 1.5244 0
    endloop
  endfacet
  facet normal 0.032695 0.999465 -0
    outer loop
      vertex -7 -1.65 0
      vertex -7.10791 -1.64647 5
      vertex -7 -1.65 5
    endloop
  endfacet
  facet normal 0.032695 0.999465 0
    outer loop
      vertex -7.10791 -1.64647 5
      vertex -7 -1.65 0
      vertex -7.10791 -1.64647 0
    endloop
  endfacet
  facet normal 0.352199 0.935925 -0
    outer loop
      vertex -7.53037 -1.56243 0
      vertex -7.63143 -1.5244 5
      vertex -7.53037 -1.56243 5
    endloop
  endfacet
  facet normal 0.352199 0.935925 0
    outer loop
      vertex -7.63143 -1.5244 5
      vertex -7.53037 -1.56243 0
      vertex -7.63143 -1.5244 0
    endloop
  endfacet
  facet normal -0.999465 0.0326934 0
    outer loop
      vertex -5.35353 -0.107915 0
      vertex -5.35 0 5
      vertex -5.35 0 0
    endloop
  endfacet
  facet normal -0.999465 0.0326934 0
    outer loop
      vertex -5.35 0 5
      vertex -5.35353 -0.107915 0
      vertex -5.35353 -0.107915 5
    endloop
  endfacet
  facet normal -0.881917 0.471405 0
    outer loop
      vertex -5.57106 -0.825 0
      vertex -5.52016 -0.729775 5
      vertex -5.52016 -0.729775 0
    endloop
  endfacet
  facet normal -0.881917 0.471405 0
    outer loop
      vertex -5.52016 -0.729775 5
      vertex -5.57106 -0.825 0
      vertex -5.57106 -0.825 5
    endloop
  endfacet
  facet normal -0.35223 0.935914 0
    outer loop
      vertex -6.36857 -1.5244 0
      vertex -6.46962 -1.56243 5
      vertex -6.36857 -1.5244 5
    endloop
  endfacet
  facet normal -0.35223 0.935914 0
    outer loop
      vertex -6.46962 -1.56243 5
      vertex -6.36857 -1.5244 0
      vertex -6.46962 -1.56243 0
    endloop
  endfacet
  facet normal -0.582447 0.812869 0
    outer loop
      vertex -5.99554 -1.30903 0
      vertex -6.08331 -1.37192 5
      vertex -5.99554 -1.30903 5
    endloop
  endfacet
  facet normal -0.582447 0.812869 0
    outer loop
      vertex -6.08331 -1.37192 5
      vertex -5.99554 -1.30903 0
      vertex -6.08331 -1.37192 0
    endloop
  endfacet
  facet normal 0.973873 0.227092 0
    outer loop
      vertex -8.59378 -0.427051 5
      vertex -8.6183 -0.321898 0
      vertex -8.6183 -0.321898 5
    endloop
  endfacet
  facet normal 0.973873 0.227092 0
    outer loop
      vertex -8.6183 -0.321898 0
      vertex -8.59378 -0.427051 5
      vertex -8.59378 -0.427051 0
    endloop
  endfacet
  facet normal 0.84919 0.528087 0
    outer loop
      vertex -8.37192 -0.916691 5
      vertex -8.42894 -0.825 0
      vertex -8.42894 -0.825 5
    endloop
  endfacet
  facet normal 0.84919 0.528087 0
    outer loop
      vertex -8.42894 -0.825 0
      vertex -8.37192 -0.916691 5
      vertex -8.37192 -0.916691 0
    endloop
  endfacet
  facet normal 0.162822 0.986655 -0
    outer loop
      vertex -7.21537 -1.63588 0
      vertex -7.3219 -1.6183 5
      vertex -7.21537 -1.63588 5
    endloop
  endfacet
  facet normal 0.162822 0.986655 0
    outer loop
      vertex -7.3219 -1.6183 5
      vertex -7.21537 -1.63588 0
      vertex -7.3219 -1.6183 0
    endloop
  endfacet
  facet normal 0.0980732 0.995179 -0
    outer loop
      vertex -7.10791 -1.64647 0
      vertex -7.21537 -1.63588 5
      vertex -7.10791 -1.64647 5
    endloop
  endfacet
  facet normal 0.0980732 0.995179 0
    outer loop
      vertex -7.21537 -1.63588 5
      vertex -7.10791 -1.64647 0
      vertex -7.21537 -1.63588 0
    endloop
  endfacet
  facet normal -0.935885 0.352305 0
    outer loop
      vertex -5.4756 -0.631427 0
      vertex -5.43756 -0.530375 5
      vertex -5.43756 -0.530375 0
    endloop
  endfacet
  facet normal -0.935885 0.352305 0
    outer loop
      vertex -5.43756 -0.530375 5
      vertex -5.4756 -0.631427 0
      vertex -5.4756 -0.631427 5
    endloop
  endfacet
  facet normal -0.849232 0.52802 0
    outer loop
      vertex -5.62807 -0.916691 0
      vertex -5.57106 -0.825 5
      vertex -5.57106 -0.825 0
    endloop
  endfacet
  facet normal -0.849232 0.52802 0
    outer loop
      vertex -5.57106 -0.825 5
      vertex -5.62807 -0.916691 0
      vertex -5.62807 -0.916691 5
    endloop
  endfacet
  facet normal -0.0980823 0.995178 0
    outer loop
      vertex -6.78463 -1.63588 0
      vertex -6.89208 -1.64647 5
      vertex -6.78463 -1.63588 5
    endloop
  endfacet
  facet normal -0.0980823 0.995178 0
    outer loop
      vertex -6.89208 -1.64647 5
      vertex -6.78463 -1.63588 0
      vertex -6.89208 -1.64647 0
    endloop
  endfacet
  facet normal 0.84919 -0.528087 0
    outer loop
      vertex -8.42894 0.825 5
      vertex -8.37192 0.916691 0
      vertex -8.37192 0.916691 5
    endloop
  endfacet
  facet normal 0.84919 -0.528087 0
    outer loop
      vertex -8.37192 0.916691 0
      vertex -8.42894 0.825 5
      vertex -8.42894 0.825 0
    endloop
  endfacet
  facet normal 0.995178 0.0980804 0
    outer loop
      vertex -8.63588 -0.215367 5
      vertex -8.64647 -0.107915 0
      vertex -8.64647 -0.107915 5
    endloop
  endfacet
  facet normal 0.995178 0.0980804 0
    outer loop
      vertex -8.64647 -0.107915 0
      vertex -8.63588 -0.215367 5
      vertex -8.63588 -0.215367 0
    endloop
  endfacet
  facet normal 0.935916 0.352223 0
    outer loop
      vertex -8.5244 -0.631427 5
      vertex -8.56243 -0.530375 0
      vertex -8.56243 -0.530375 5
    endloop
  endfacet
  facet normal 0.935916 0.352223 0
    outer loop
      vertex -8.56243 -0.530375 0
      vertex -8.5244 -0.631427 5
      vertex -8.5244 -0.631427 0
    endloop
  endfacet
  facet normal 0.986656 0.16282 0
    outer loop
      vertex -8.6183 -0.321898 5
      vertex -8.63588 -0.215367 0
      vertex -8.63588 -0.215367 5
    endloop
  endfacet
  facet normal 0.986656 0.16282 0
    outer loop
      vertex -8.63588 -0.215367 0
      vertex -8.6183 -0.321898 5
      vertex -8.6183 -0.321898 0
    endloop
  endfacet
  facet normal 0.683525 0.729927 -0
    outer loop
      vertex -8.08792 -1.24053 0
      vertex -8.16673 -1.16673 5
      vertex -8.08792 -1.24053 5
    endloop
  endfacet
  facet normal 0.683525 0.729927 0
    outer loop
      vertex -8.16673 -1.16673 5
      vertex -8.08792 -1.24053 0
      vertex -8.16673 -1.16673 0
    endloop
  endfacet
  facet normal 0.772983 0.634427 0
    outer loop
      vertex -8.24053 -1.08792 5
      vertex -8.30903 -1.00446 0
      vertex -8.30903 -1.00446 5
    endloop
  endfacet
  facet normal 0.772983 0.634427 0
    outer loop
      vertex -8.30903 -1.00446 0
      vertex -8.24053 -1.08792 5
      vertex -8.24053 -1.08792 0
    endloop
  endfacet
  facet normal 0.729927 0.683525 0
    outer loop
      vertex -8.16673 -1.16673 5
      vertex -8.24053 -1.08792 0
      vertex -8.24053 -1.08792 5
    endloop
  endfacet
  facet normal 0.729927 0.683525 0
    outer loop
      vertex -8.24053 -1.08792 0
      vertex -8.16673 -1.16673 5
      vertex -8.16673 -1.16673 0
    endloop
  endfacet
  facet normal -0.0326919 0.999465 0
    outer loop
      vertex -6.89208 -1.64647 0
      vertex -7 -1.65 5
      vertex -6.89208 -1.64647 5
    endloop
  endfacet
  facet normal -0.0326919 0.999465 0
    outer loop
      vertex -7 -1.65 5
      vertex -6.89208 -1.64647 0
      vertex -7 -1.65 0
    endloop
  endfacet
  facet normal 0.290354 0.956919 -0
    outer loop
      vertex -7.42705 -1.59378 0
      vertex -7.53037 -1.56243 5
      vertex -7.42705 -1.59378 5
    endloop
  endfacet
  facet normal 0.290354 0.956919 0
    outer loop
      vertex -7.53037 -1.56243 5
      vertex -7.42705 -1.59378 0
      vertex -7.53037 -1.56243 0
    endloop
  endfacet
  facet normal 0.227098 0.973872 -0
    outer loop
      vertex -7.3219 -1.6183 0
      vertex -7.42705 -1.59378 5
      vertex -7.3219 -1.6183 5
    endloop
  endfacet
  facet normal 0.227098 0.973872 0
    outer loop
      vertex -7.42705 -1.59378 5
      vertex -7.3219 -1.6183 0
      vertex -7.42705 -1.59378 0
    endloop
  endfacet
  facet normal 0.471424 0.881906 -0
    outer loop
      vertex -7.72978 -1.47984 0
      vertex -7.825 -1.42894 5
      vertex -7.72978 -1.47984 5
    endloop
  endfacet
  facet normal 0.471424 0.881906 0
    outer loop
      vertex -7.825 -1.42894 5
      vertex -7.72978 -1.47984 0
      vertex -7.825 -1.42894 0
    endloop
  endfacet
  facet normal 0.528091 0.849188 -0
    outer loop
      vertex -7.825 -1.42894 0
      vertex -7.91669 -1.37192 5
      vertex -7.825 -1.42894 5
    endloop
  endfacet
  facet normal 0.528091 0.849188 0
    outer loop
      vertex -7.91669 -1.37192 5
      vertex -7.825 -1.42894 0
      vertex -7.91669 -1.37192 0
    endloop
  endfacet
  facet normal 0.634427 0.772983 -0
    outer loop
      vertex -8.00446 -1.30903 0
      vertex -8.08792 -1.24053 5
      vertex -8.00446 -1.30903 5
    endloop
  endfacet
  facet normal 0.634427 0.772983 0
    outer loop
      vertex -8.08792 -1.24053 5
      vertex -8.00446 -1.30903 0
      vertex -8.08792 -1.24053 0
    endloop
  endfacet
  facet normal -0.956948 0.290259 0
    outer loop
      vertex -5.43756 -0.530375 0
      vertex -5.40622 -0.427051 5
      vertex -5.40622 -0.427051 0
    endloop
  endfacet
  facet normal -0.956948 0.290259 0
    outer loop
      vertex -5.40622 -0.427051 5
      vertex -5.43756 -0.530375 0
      vertex -5.43756 -0.530375 5
    endloop
  endfacet
  facet normal -0.986656 0.16282 0
    outer loop
      vertex -5.3817 -0.321898 0
      vertex -5.36412 -0.215367 5
      vertex -5.36412 -0.215367 0
    endloop
  endfacet
  facet normal -0.986656 0.16282 0
    outer loop
      vertex -5.36412 -0.215367 5
      vertex -5.3817 -0.321898 0
      vertex -5.3817 -0.321898 5
    endloop
  endfacet
  facet normal -0.812822 0.582512 0
    outer loop
      vertex -5.69097 -1.00446 0
      vertex -5.62807 -0.916691 5
      vertex -5.62807 -0.916691 0
    endloop
  endfacet
  facet normal -0.812822 0.582512 0
    outer loop
      vertex -5.62807 -0.916691 5
      vertex -5.69097 -1.00446 0
      vertex -5.69097 -1.00446 5
    endloop
  endfacet
  facet normal -0.729881 0.683574 0
    outer loop
      vertex -5.83327 -1.16673 0
      vertex -5.75946 -1.08792 5
      vertex -5.75946 -1.08792 0
    endloop
  endfacet
  facet normal -0.729881 0.683574 0
    outer loop
      vertex -5.75946 -1.08792 5
      vertex -5.83327 -1.16673 0
      vertex -5.83327 -1.16673 5
    endloop
  endfacet
  facet normal -0.227098 0.973872 0
    outer loop
      vertex -6.57295 -1.59378 0
      vertex -6.6781 -1.6183 5
      vertex -6.57295 -1.59378 5
    endloop
  endfacet
  facet normal -0.227098 0.973872 0
    outer loop
      vertex -6.6781 -1.6183 5
      vertex -6.57295 -1.59378 0
      vertex -6.6781 -1.6183 0
    endloop
  endfacet
  facet normal -0.162822 0.986655 0
    outer loop
      vertex -6.6781 -1.6183 0
      vertex -6.78463 -1.63588 5
      vertex -6.6781 -1.6183 5
    endloop
  endfacet
  facet normal -0.162822 0.986655 0
    outer loop
      vertex -6.78463 -1.63588 5
      vertex -6.6781 -1.6183 0
      vertex -6.78463 -1.63588 0
    endloop
  endfacet
  facet normal -0.528091 0.849188 0
    outer loop
      vertex -6.08331 -1.37192 0
      vertex -6.175 -1.42894 5
      vertex -6.08331 -1.37192 5
    endloop
  endfacet
  facet normal -0.528091 0.849188 0
    outer loop
      vertex -6.175 -1.42894 5
      vertex -6.08331 -1.37192 0
      vertex -6.175 -1.42894 0
    endloop
  endfacet
  facet normal -0.412693 0.91087 0
    outer loop
      vertex -6.27022 -1.47984 0
      vertex -6.36857 -1.5244 5
      vertex -6.27022 -1.47984 5
    endloop
  endfacet
  facet normal -0.412693 0.91087 0
    outer loop
      vertex -6.36857 -1.5244 5
      vertex -6.27022 -1.47984 0
      vertex -6.36857 -1.5244 0
    endloop
  endfacet
  facet normal -0.634427 0.772983 0
    outer loop
      vertex -5.91208 -1.24053 0
      vertex -5.99554 -1.30903 5
      vertex -5.91208 -1.24053 5
    endloop
  endfacet
  facet normal -0.634427 0.772983 0
    outer loop
      vertex -5.99554 -1.30903 5
      vertex -5.91208 -1.24053 0
      vertex -5.99554 -1.30903 0
    endloop
  endfacet
  facet normal 0.999465 0.0326934 0
    outer loop
      vertex -8.64647 -0.107915 5
      vertex -8.65 0 0
      vertex -8.65 0 5
    endloop
  endfacet
  facet normal 0.999465 0.0326934 0
    outer loop
      vertex -8.65 0 0
      vertex -8.64647 -0.107915 5
      vertex -8.64647 -0.107915 0
    endloop
  endfacet
  facet normal 0.999465 -0.0326934 0
    outer loop
      vertex -8.65 0 5
      vertex -8.64647 0.107915 0
      vertex -8.64647 0.107915 5
    endloop
  endfacet
  facet normal 0.999465 -0.0326934 0
    outer loop
      vertex -8.64647 0.107915 0
      vertex -8.65 0 5
      vertex -8.65 0 0
    endloop
  endfacet
  facet normal 0.995178 -0.0980804 0
    outer loop
      vertex -8.64647 0.107915 5
      vertex -8.63588 0.215367 0
      vertex -8.63588 0.215367 5
    endloop
  endfacet
  facet normal 0.995178 -0.0980804 0
    outer loop
      vertex -8.63588 0.215367 0
      vertex -8.64647 0.107915 5
      vertex -8.64647 0.107915 0
    endloop
  endfacet
  facet normal 0.935916 -0.352223 0
    outer loop
      vertex -8.56243 0.530375 5
      vertex -8.5244 0.631427 0
      vertex -8.5244 0.631427 5
    endloop
  endfacet
  facet normal 0.935916 -0.352223 0
    outer loop
      vertex -8.5244 0.631427 0
      vertex -8.56243 0.530375 5
      vertex -8.56243 0.530375 0
    endloop
  endfacet
  facet normal 0.986656 -0.16282 0
    outer loop
      vertex -8.63588 0.215367 5
      vertex -8.6183 0.321898 0
      vertex -8.6183 0.321898 5
    endloop
  endfacet
  facet normal 0.986656 -0.16282 0
    outer loop
      vertex -8.6183 0.321898 0
      vertex -8.63588 0.215367 5
      vertex -8.63588 0.215367 0
    endloop
  endfacet
  facet normal 0.910867 -0.4127 0
    outer loop
      vertex -8.5244 0.631427 5
      vertex -8.47984 0.729775 0
      vertex -8.47984 0.729775 5
    endloop
  endfacet
  facet normal 0.910867 -0.4127 0
    outer loop
      vertex -8.47984 0.729775 0
      vertex -8.5244 0.631427 5
      vertex -8.5244 0.631427 0
    endloop
  endfacet
  facet normal 0.032695 -0.999465 0
    outer loop
      vertex -7.10791 1.64647 0
      vertex -7 1.65 5
      vertex -7.10791 1.64647 5
    endloop
  endfacet
  facet normal 0.032695 -0.999465 0
    outer loop
      vertex -7 1.65 5
      vertex -7.10791 1.64647 0
      vertex -7 1.65 0
    endloop
  endfacet
  facet normal -0.634427 -0.772983 0
    outer loop
      vertex -5.99554 1.30903 0
      vertex -5.91208 1.24053 5
      vertex -5.99554 1.30903 5
    endloop
  endfacet
  facet normal -0.634427 -0.772983 -0
    outer loop
      vertex -5.91208 1.24053 5
      vertex -5.99554 1.30903 0
      vertex -5.91208 1.24053 0
    endloop
  endfacet
  facet normal -0.35223 -0.935914 0
    outer loop
      vertex -6.46962 1.56243 0
      vertex -6.36857 1.5244 5
      vertex -6.46962 1.56243 5
    endloop
  endfacet
  facet normal -0.35223 -0.935914 -0
    outer loop
      vertex -6.36857 1.5244 5
      vertex -6.46962 1.56243 0
      vertex -6.36857 1.5244 0
    endloop
  endfacet
  facet normal -0.935885 -0.352305 0
    outer loop
      vertex -5.43756 0.530375 0
      vertex -5.4756 0.631427 5
      vertex -5.4756 0.631427 0
    endloop
  endfacet
  facet normal -0.935885 -0.352305 0
    outer loop
      vertex -5.4756 0.631427 5
      vertex -5.43756 0.530375 0
      vertex -5.43756 0.530375 5
    endloop
  endfacet
  facet normal 0.352199 -0.935925 0
    outer loop
      vertex -7.63143 1.5244 0
      vertex -7.53037 1.56243 5
      vertex -7.63143 1.5244 5
    endloop
  endfacet
  facet normal 0.352199 -0.935925 0
    outer loop
      vertex -7.53037 1.56243 5
      vertex -7.63143 1.5244 0
      vertex -7.53037 1.56243 0
    endloop
  endfacet
  facet normal 0.910867 0.4127 0
    outer loop
      vertex -8.47984 -0.729775 5
      vertex -8.5244 -0.631427 0
      vertex -8.5244 -0.631427 5
    endloop
  endfacet
  facet normal 0.910867 0.4127 0
    outer loop
      vertex -8.5244 -0.631427 0
      vertex -8.47984 -0.729775 5
      vertex -8.47984 -0.729775 0
    endloop
  endfacet
  facet normal 0.956922 0.290344 0
    outer loop
      vertex -8.56243 -0.530375 5
      vertex -8.59378 -0.427051 0
      vertex -8.59378 -0.427051 5
    endloop
  endfacet
  facet normal 0.956922 0.290344 0
    outer loop
      vertex -8.59378 -0.427051 0
      vertex -8.56243 -0.530375 5
      vertex -8.56243 -0.530375 0
    endloop
  endfacet
  facet normal 0.812866 0.582451 0
    outer loop
      vertex -8.30903 -1.00446 5
      vertex -8.37192 -0.916691 0
      vertex -8.37192 -0.916691 5
    endloop
  endfacet
  facet normal 0.812866 0.582451 0
    outer loop
      vertex -8.37192 -0.916691 0
      vertex -8.30903 -1.00446 5
      vertex -8.30903 -1.00446 0
    endloop
  endfacet
  facet normal 0.412693 0.91087 -0
    outer loop
      vertex -7.63143 -1.5244 0
      vertex -7.72978 -1.47984 5
      vertex -7.63143 -1.5244 5
    endloop
  endfacet
  facet normal 0.412693 0.91087 0
    outer loop
      vertex -7.72978 -1.47984 5
      vertex -7.63143 -1.5244 0
      vertex -7.72978 -1.47984 0
    endloop
  endfacet
  facet normal 0.582447 0.812869 -0
    outer loop
      vertex -7.91669 -1.37192 0
      vertex -8.00446 -1.30903 5
      vertex -7.91669 -1.37192 5
    endloop
  endfacet
  facet normal 0.582447 0.812869 0
    outer loop
      vertex -8.00446 -1.30903 5
      vertex -7.91669 -1.37192 0
      vertex -8.00446 -1.30903 0
    endloop
  endfacet
  facet normal -0.973873 0.227092 0
    outer loop
      vertex -5.40622 -0.427051 0
      vertex -5.3817 -0.321898 5
      vertex -5.3817 -0.321898 0
    endloop
  endfacet
  facet normal -0.973873 0.227092 0
    outer loop
      vertex -5.3817 -0.321898 5
      vertex -5.40622 -0.427051 0
      vertex -5.40622 -0.427051 5
    endloop
  endfacet
  facet normal -0.995178 0.0980804 0
    outer loop
      vertex -5.36412 -0.215367 0
      vertex -5.35353 -0.107915 5
      vertex -5.35353 -0.107915 0
    endloop
  endfacet
  facet normal -0.995178 0.0980804 0
    outer loop
      vertex -5.35353 -0.107915 5
      vertex -5.36412 -0.215367 0
      vertex -5.36412 -0.215367 5
    endloop
  endfacet
  facet normal -0.910867 0.4127 0
    outer loop
      vertex -5.52016 -0.729775 0
      vertex -5.4756 -0.631427 5
      vertex -5.4756 -0.631427 0
    endloop
  endfacet
  facet normal -0.910867 0.4127 0
    outer loop
      vertex -5.4756 -0.631427 5
      vertex -5.52016 -0.729775 0
      vertex -5.52016 -0.729775 5
    endloop
  endfacet
  facet normal -0.773028 0.634372 0
    outer loop
      vertex -5.75946 -1.08792 0
      vertex -5.69097 -1.00446 5
      vertex -5.69097 -1.00446 0
    endloop
  endfacet
  facet normal -0.773028 0.634372 0
    outer loop
      vertex -5.69097 -1.00446 5
      vertex -5.75946 -1.08792 0
      vertex -5.75946 -1.08792 5
    endloop
  endfacet
  facet normal -0.290329 0.956927 0
    outer loop
      vertex -6.46962 -1.56243 0
      vertex -6.57295 -1.59378 5
      vertex -6.46962 -1.56243 5
    endloop
  endfacet
  facet normal -0.290329 0.956927 0
    outer loop
      vertex -6.57295 -1.59378 5
      vertex -6.46962 -1.56243 0
      vertex -6.57295 -1.59378 0
    endloop
  endfacet
  facet normal -0.471424 0.881906 0
    outer loop
      vertex -6.175 -1.42894 0
      vertex -6.27022 -1.47984 5
      vertex -6.175 -1.42894 5
    endloop
  endfacet
  facet normal -0.471424 0.881906 0
    outer loop
      vertex -6.27022 -1.47984 5
      vertex -6.175 -1.42894 0
      vertex -6.27022 -1.47984 0
    endloop
  endfacet
  facet normal -0.683525 0.729927 0
    outer loop
      vertex -5.83327 -1.16673 0
      vertex -5.91208 -1.24053 5
      vertex -5.83327 -1.16673 5
    endloop
  endfacet
  facet normal -0.683525 0.729927 0
    outer loop
      vertex -5.91208 -1.24053 5
      vertex -5.83327 -1.16673 0
      vertex -5.91208 -1.24053 0
    endloop
  endfacet
  facet normal 0.582447 -0.812869 0
    outer loop
      vertex -8.00446 1.30903 0
      vertex -7.91669 1.37192 5
      vertex -8.00446 1.30903 5
    endloop
  endfacet
  facet normal 0.582447 -0.812869 0
    outer loop
      vertex -7.91669 1.37192 5
      vertex -8.00446 1.30903 0
      vertex -7.91669 1.37192 0
    endloop
  endfacet
  facet normal 0.881917 -0.471405 0
    outer loop
      vertex -8.47984 0.729775 5
      vertex -8.42894 0.825 0
      vertex -8.42894 0.825 5
    endloop
  endfacet
  facet normal 0.881917 -0.471405 0
    outer loop
      vertex -8.42894 0.825 0
      vertex -8.47984 0.729775 5
      vertex -8.47984 0.729775 0
    endloop
  endfacet
  facet normal -0.582447 -0.812869 0
    outer loop
      vertex -6.08331 1.37192 0
      vertex -5.99554 1.30903 5
      vertex -6.08331 1.37192 5
    endloop
  endfacet
  facet normal -0.582447 -0.812869 -0
    outer loop
      vertex -5.99554 1.30903 5
      vertex -6.08331 1.37192 0
      vertex -5.99554 1.30903 0
    endloop
  endfacet
  facet normal -0.999465 -0.0326934 0
    outer loop
      vertex -5.35 0 0
      vertex -5.35353 0.107915 5
      vertex -5.35353 0.107915 0
    endloop
  endfacet
  facet normal -0.999465 -0.0326934 0
    outer loop
      vertex -5.35353 0.107915 5
      vertex -5.35 0 0
      vertex -5.35 0 5
    endloop
  endfacet
  facet normal -0.986656 -0.16282 0
    outer loop
      vertex -5.36412 0.215367 0
      vertex -5.3817 0.321898 5
      vertex -5.3817 0.321898 0
    endloop
  endfacet
  facet normal -0.986656 -0.16282 0
    outer loop
      vertex -5.3817 0.321898 5
      vertex -5.36412 0.215367 0
      vertex -5.36412 0.215367 5
    endloop
  endfacet
  facet normal -0.995178 -0.0980804 0
    outer loop
      vertex -5.35353 0.107915 0
      vertex -5.36412 0.215367 5
      vertex -5.36412 0.215367 0
    endloop
  endfacet
  facet normal -0.995178 -0.0980804 0
    outer loop
      vertex -5.36412 0.215367 5
      vertex -5.35353 0.107915 0
      vertex -5.35353 0.107915 5
    endloop
  endfacet
  facet normal -0.956948 -0.290259 0
    outer loop
      vertex -5.40622 0.427051 0
      vertex -5.43756 0.530375 5
      vertex -5.43756 0.530375 0
    endloop
  endfacet
  facet normal -0.956948 -0.290259 0
    outer loop
      vertex -5.43756 0.530375 5
      vertex -5.40622 0.427051 0
      vertex -5.40622 0.427051 5
    endloop
  endfacet
  facet normal -0.973873 -0.227092 0
    outer loop
      vertex -5.3817 0.321898 0
      vertex -5.40622 0.427051 5
      vertex -5.40622 0.427051 0
    endloop
  endfacet
  facet normal -0.973873 -0.227092 0
    outer loop
      vertex -5.40622 0.427051 5
      vertex -5.3817 0.321898 0
      vertex -5.3817 0.321898 5
    endloop
  endfacet
  facet normal -0.812822 -0.582512 0
    outer loop
      vertex -5.62807 0.916691 0
      vertex -5.69097 1.00446 5
      vertex -5.69097 1.00446 0
    endloop
  endfacet
  facet normal -0.812822 -0.582512 0
    outer loop
      vertex -5.69097 1.00446 5
      vertex -5.62807 0.916691 0
      vertex -5.62807 0.916691 5
    endloop
  endfacet
  facet normal -0.849232 -0.52802 0
    outer loop
      vertex -5.57106 0.825 0
      vertex -5.62807 0.916691 5
      vertex -5.62807 0.916691 0
    endloop
  endfacet
  facet normal -0.849232 -0.52802 0
    outer loop
      vertex -5.62807 0.916691 5
      vertex -5.57106 0.825 0
      vertex -5.57106 0.825 5
    endloop
  endfacet
  facet normal 0.290354 -0.956919 0
    outer loop
      vertex -7.53037 1.56243 0
      vertex -7.42705 1.59378 5
      vertex -7.53037 1.56243 5
    endloop
  endfacet
  facet normal 0.290354 -0.956919 0
    outer loop
      vertex -7.42705 1.59378 5
      vertex -7.53037 1.56243 0
      vertex -7.42705 1.59378 0
    endloop
  endfacet
  facet normal 0.162822 -0.986655 0
    outer loop
      vertex -7.3219 1.6183 0
      vertex -7.21537 1.63588 5
      vertex -7.3219 1.6183 5
    endloop
  endfacet
  facet normal 0.162822 -0.986655 0
    outer loop
      vertex -7.21537 1.63588 5
      vertex -7.3219 1.6183 0
      vertex -7.21537 1.63588 0
    endloop
  endfacet
  facet normal 0.0980732 -0.995179 0
    outer loop
      vertex -7.21537 1.63588 0
      vertex -7.10791 1.64647 5
      vertex -7.21537 1.63588 5
    endloop
  endfacet
  facet normal 0.0980732 -0.995179 0
    outer loop
      vertex -7.10791 1.64647 5
      vertex -7.21537 1.63588 0
      vertex -7.10791 1.64647 0
    endloop
  endfacet
  facet normal 0.973873 -0.227092 0
    outer loop
      vertex -8.6183 0.321898 5
      vertex -8.59378 0.427051 0
      vertex -8.59378 0.427051 5
    endloop
  endfacet
  facet normal 0.973873 -0.227092 0
    outer loop
      vertex -8.59378 0.427051 0
      vertex -8.6183 0.321898 5
      vertex -8.6183 0.321898 0
    endloop
  endfacet
  facet normal 0.956922 -0.290344 0
    outer loop
      vertex -8.59378 0.427051 5
      vertex -8.56243 0.530375 0
      vertex -8.56243 0.530375 5
    endloop
  endfacet
  facet normal 0.956922 -0.290344 0
    outer loop
      vertex -8.56243 0.530375 0
      vertex -8.59378 0.427051 5
      vertex -8.59378 0.427051 0
    endloop
  endfacet
  facet normal 0.528091 -0.849188 0
    outer loop
      vertex -7.91669 1.37192 0
      vertex -7.825 1.42894 5
      vertex -7.91669 1.37192 5
    endloop
  endfacet
  facet normal 0.528091 -0.849188 0
    outer loop
      vertex -7.825 1.42894 5
      vertex -7.91669 1.37192 0
      vertex -7.825 1.42894 0
    endloop
  endfacet
  facet normal 0.729927 -0.683525 0
    outer loop
      vertex -8.24053 1.08792 5
      vertex -8.16673 1.16673 0
      vertex -8.16673 1.16673 5
    endloop
  endfacet
  facet normal 0.729927 -0.683525 0
    outer loop
      vertex -8.16673 1.16673 0
      vertex -8.24053 1.08792 5
      vertex -8.24053 1.08792 0
    endloop
  endfacet
  facet normal 0.812866 -0.582451 0
    outer loop
      vertex -8.37192 0.916691 5
      vertex -8.30903 1.00446 0
      vertex -8.30903 1.00446 5
    endloop
  endfacet
  facet normal 0.812866 -0.582451 0
    outer loop
      vertex -8.30903 1.00446 0
      vertex -8.37192 0.916691 5
      vertex -8.37192 0.916691 0
    endloop
  endfacet
  facet normal 0.772983 -0.634427 0
    outer loop
      vertex -8.30903 1.00446 5
      vertex -8.24053 1.08792 0
      vertex -8.24053 1.08792 5
    endloop
  endfacet
  facet normal 0.772983 -0.634427 0
    outer loop
      vertex -8.24053 1.08792 0
      vertex -8.30903 1.00446 5
      vertex -8.30903 1.00446 0
    endloop
  endfacet
  facet normal -0.0326919 -0.999465 0
    outer loop
      vertex -7 1.65 0
      vertex -6.89208 1.64647 5
      vertex -7 1.65 5
    endloop
  endfacet
  facet normal -0.0326919 -0.999465 -0
    outer loop
      vertex -6.89208 1.64647 5
      vertex -7 1.65 0
      vertex -6.89208 1.64647 0
    endloop
  endfacet
  facet normal -0.0980823 -0.995178 0
    outer loop
      vertex -6.89208 1.64647 0
      vertex -6.78463 1.63588 5
      vertex -6.89208 1.64647 5
    endloop
  endfacet
  facet normal -0.0980823 -0.995178 -0
    outer loop
      vertex -6.78463 1.63588 5
      vertex -6.89208 1.64647 0
      vertex -6.78463 1.63588 0
    endloop
  endfacet
  facet normal -0.227098 -0.973872 0
    outer loop
      vertex -6.6781 1.6183 0
      vertex -6.57295 1.59378 5
      vertex -6.6781 1.6183 5
    endloop
  endfacet
  facet normal -0.227098 -0.973872 -0
    outer loop
      vertex -6.57295 1.59378 5
      vertex -6.6781 1.6183 0
      vertex -6.57295 1.59378 0
    endloop
  endfacet
  facet normal -0.528091 -0.849188 0
    outer loop
      vertex -6.175 1.42894 0
      vertex -6.08331 1.37192 5
      vertex -6.175 1.42894 5
    endloop
  endfacet
  facet normal -0.528091 -0.849188 -0
    outer loop
      vertex -6.08331 1.37192 5
      vertex -6.175 1.42894 0
      vertex -6.08331 1.37192 0
    endloop
  endfacet
  facet normal -0.471424 -0.881906 0
    outer loop
      vertex -6.27022 1.47984 0
      vertex -6.175 1.42894 5
      vertex -6.27022 1.47984 5
    endloop
  endfacet
  facet normal -0.471424 -0.881906 -0
    outer loop
      vertex -6.175 1.42894 5
      vertex -6.27022 1.47984 0
      vertex -6.175 1.42894 0
    endloop
  endfacet
  facet normal -0.412693 -0.91087 0
    outer loop
      vertex -6.36857 1.5244 0
      vertex -6.27022 1.47984 5
      vertex -6.36857 1.5244 5
    endloop
  endfacet
  facet normal -0.412693 -0.91087 -0
    outer loop
      vertex -6.27022 1.47984 5
      vertex -6.36857 1.5244 0
      vertex -6.27022 1.47984 0
    endloop
  endfacet
  facet normal -0.729881 -0.683574 0
    outer loop
      vertex -5.75946 1.08792 0
      vertex -5.83327 1.16673 5
      vertex -5.83327 1.16673 0
    endloop
  endfacet
  facet normal -0.729881 -0.683574 0
    outer loop
      vertex -5.83327 1.16673 5
      vertex -5.75946 1.08792 0
      vertex -5.75946 1.08792 5
    endloop
  endfacet
  facet normal -0.773028 -0.634372 0
    outer loop
      vertex -5.69097 1.00446 0
      vertex -5.75946 1.08792 5
      vertex -5.75946 1.08792 0
    endloop
  endfacet
  facet normal -0.773028 -0.634372 0
    outer loop
      vertex -5.75946 1.08792 5
      vertex -5.69097 1.00446 0
      vertex -5.69097 1.00446 5
    endloop
  endfacet
  facet normal -0.881917 -0.471405 0
    outer loop
      vertex -5.52016 0.729775 0
      vertex -5.57106 0.825 5
      vertex -5.57106 0.825 0
    endloop
  endfacet
  facet normal -0.881917 -0.471405 0
    outer loop
      vertex -5.57106 0.825 5
      vertex -5.52016 0.729775 0
      vertex -5.52016 0.729775 5
    endloop
  endfacet
  facet normal -0.910867 -0.4127 0
    outer loop
      vertex -5.4756 0.631427 0
      vertex -5.52016 0.729775 5
      vertex -5.52016 0.729775 0
    endloop
  endfacet
  facet normal -0.910867 -0.4127 0
    outer loop
      vertex -5.52016 0.729775 5
      vertex -5.4756 0.631427 0
      vertex -5.4756 0.631427 5
    endloop
  endfacet
  facet normal 0.227098 -0.973872 0
    outer loop
      vertex -7.42705 1.59378 0
      vertex -7.3219 1.6183 5
      vertex -7.42705 1.59378 5
    endloop
  endfacet
  facet normal 0.227098 -0.973872 0
    outer loop
      vertex -7.3219 1.6183 5
      vertex -7.42705 1.59378 0
      vertex -7.3219 1.6183 0
    endloop
  endfacet
  facet normal 0.683525 -0.729927 0
    outer loop
      vertex -8.16673 1.16673 0
      vertex -8.08792 1.24053 5
      vertex -8.16673 1.16673 5
    endloop
  endfacet
  facet normal 0.683525 -0.729927 0
    outer loop
      vertex -8.08792 1.24053 5
      vertex -8.16673 1.16673 0
      vertex -8.08792 1.24053 0
    endloop
  endfacet
  facet normal 0.471424 -0.881906 0
    outer loop
      vertex -7.825 1.42894 0
      vertex -7.72978 1.47984 5
      vertex -7.825 1.42894 5
    endloop
  endfacet
  facet normal 0.471424 -0.881906 0
    outer loop
      vertex -7.72978 1.47984 5
      vertex -7.825 1.42894 0
      vertex -7.72978 1.47984 0
    endloop
  endfacet
  facet normal -0.162822 -0.986655 0
    outer loop
      vertex -6.78463 1.63588 0
      vertex -6.6781 1.6183 5
      vertex -6.78463 1.63588 5
    endloop
  endfacet
  facet normal -0.162822 -0.986655 -0
    outer loop
      vertex -6.6781 1.6183 5
      vertex -6.78463 1.63588 0
      vertex -6.6781 1.6183 0
    endloop
  endfacet
  facet normal -0.683525 -0.729927 0
    outer loop
      vertex -5.91208 1.24053 0
      vertex -5.83327 1.16673 5
      vertex -5.91208 1.24053 5
    endloop
  endfacet
  facet normal -0.683525 -0.729927 -0
    outer loop
      vertex -5.83327 1.16673 5
      vertex -5.91208 1.24053 0
      vertex -5.83327 1.16673 0
    endloop
  endfacet
  facet normal 0.634427 -0.772983 0
    outer loop
      vertex -8.08792 1.24053 0
      vertex -8.00446 1.30903 5
      vertex -8.08792 1.24053 5
    endloop
  endfacet
  facet normal 0.634427 -0.772983 0
    outer loop
      vertex -8.00446 1.30903 5
      vertex -8.08792 1.24053 0
      vertex -8.00446 1.30903 0
    endloop
  endfacet
  facet normal -0.290329 -0.956927 0
    outer loop
      vertex -6.57295 1.59378 0
      vertex -6.46962 1.56243 5
      vertex -6.57295 1.59378 5
    endloop
  endfacet
  facet normal -0.290329 -0.956927 -0
    outer loop
      vertex -6.46962 1.56243 5
      vertex -6.57295 1.59378 0
      vertex -6.46962 1.56243 0
    endloop
  endfacet
  facet normal -0.0326934 0.999465 0
    outer loop
      vertex 0.107915 -8.64647 0
      vertex 0 -8.65 5
      vertex 0.107915 -8.64647 5
    endloop
  endfacet
  facet normal -0.0326934 0.999465 0
    outer loop
      vertex 0 -8.65 5
      vertex 0.107915 -8.64647 0
      vertex 0 -8.65 0
    endloop
  endfacet
  facet normal -0.0326934 -0.999465 0
    outer loop
      vertex 0 -5.35 0
      vertex 0.107915 -5.35353 5
      vertex 0 -5.35 5
    endloop
  endfacet
  facet normal -0.0326934 -0.999465 -0
    outer loop
      vertex 0.107915 -5.35353 5
      vertex 0 -5.35 0
      vertex 0.107915 -5.35353 0
    endloop
  endfacet
  facet normal -0.999465 -0.0326919 0
    outer loop
      vertex 1.65 -7 0
      vertex 1.64647 -6.89208 5
      vertex 1.64647 -6.89208 0
    endloop
  endfacet
  facet normal -0.999465 -0.0326919 0
    outer loop
      vertex 1.64647 -6.89208 5
      vertex 1.65 -7 0
      vertex 1.65 -7 5
    endloop
  endfacet
  facet normal -0.729927 -0.683525 0
    outer loop
      vertex 1.24053 -5.91208 0
      vertex 1.16673 -5.83327 5
      vertex 1.16673 -5.83327 0
    endloop
  endfacet
  facet normal -0.729927 -0.683525 0
    outer loop
      vertex 1.16673 -5.83327 5
      vertex 1.24053 -5.91208 0
      vertex 1.24053 -5.91208 5
    endloop
  endfacet
  facet normal -0.935914 -0.35223 0
    outer loop
      vertex 1.56243 -6.46962 0
      vertex 1.5244 -6.36857 5
      vertex 1.5244 -6.36857 0
    endloop
  endfacet
  facet normal -0.935914 -0.35223 0
    outer loop
      vertex 1.5244 -6.36857 5
      vertex 1.56243 -6.46962 0
      vertex 1.56243 -6.46962 5
    endloop
  endfacet
  facet normal -0.52802 -0.849232 0
    outer loop
      vertex 0.825 -5.57106 0
      vertex 0.916691 -5.62807 5
      vertex 0.825 -5.57106 5
    endloop
  endfacet
  facet normal -0.52802 -0.849232 -0
    outer loop
      vertex 0.916691 -5.62807 5
      vertex 0.825 -5.57106 0
      vertex 0.916691 -5.62807 0
    endloop
  endfacet
  facet normal -0.582512 -0.812822 0
    outer loop
      vertex 0.916691 -5.62807 0
      vertex 1.00446 -5.69097 5
      vertex 0.916691 -5.62807 5
    endloop
  endfacet
  facet normal -0.582512 -0.812822 -0
    outer loop
      vertex 1.00446 -5.69097 5
      vertex 0.916691 -5.62807 0
      vertex 1.00446 -5.69097 0
    endloop
  endfacet
  facet normal -0.986655 -0.162822 0
    outer loop
      vertex 1.63588 -6.78463 0
      vertex 1.6183 -6.6781 5
      vertex 1.6183 -6.6781 0
    endloop
  endfacet
  facet normal -0.986655 -0.162822 0
    outer loop
      vertex 1.6183 -6.6781 5
      vertex 1.63588 -6.78463 0
      vertex 1.63588 -6.78463 5
    endloop
  endfacet
  facet normal 0.227092 0.973873 -0
    outer loop
      vertex -0.321898 -8.6183 0
      vertex -0.427051 -8.59378 5
      vertex -0.321898 -8.6183 5
    endloop
  endfacet
  facet normal 0.227092 0.973873 0
    outer loop
      vertex -0.427051 -8.59378 5
      vertex -0.321898 -8.6183 0
      vertex -0.427051 -8.59378 0
    endloop
  endfacet
  facet normal -0.4127 0.910867 0
    outer loop
      vertex 0.729775 -8.47984 0
      vertex 0.631427 -8.5244 5
      vertex 0.729775 -8.47984 5
    endloop
  endfacet
  facet normal -0.4127 0.910867 0
    outer loop
      vertex 0.631427 -8.5244 5
      vertex 0.729775 -8.47984 0
      vertex 0.631427 -8.5244 0
    endloop
  endfacet
  facet normal -0.290344 0.956922 0
    outer loop
      vertex 0.530375 -8.56243 0
      vertex 0.427051 -8.59378 5
      vertex 0.530375 -8.56243 5
    endloop
  endfacet
  facet normal -0.290344 0.956922 0
    outer loop
      vertex 0.427051 -8.59378 5
      vertex 0.530375 -8.56243 0
      vertex 0.427051 -8.59378 0
    endloop
  endfacet
  facet normal -0.528087 0.84919 0
    outer loop
      vertex 0.916691 -8.37192 0
      vertex 0.825 -8.42894 5
      vertex 0.916691 -8.37192 5
    endloop
  endfacet
  facet normal -0.528087 0.84919 0
    outer loop
      vertex 0.825 -8.42894 5
      vertex 0.916691 -8.37192 0
      vertex 0.825 -8.42894 0
    endloop
  endfacet
  facet normal -0.471405 0.881917 0
    outer loop
      vertex 0.825 -8.42894 0
      vertex 0.729775 -8.47984 5
      vertex 0.825 -8.42894 5
    endloop
  endfacet
  facet normal -0.471405 0.881917 0
    outer loop
      vertex 0.729775 -8.47984 5
      vertex 0.825 -8.42894 0
      vertex 0.729775 -8.47984 0
    endloop
  endfacet
  facet normal -0.986655 0.162822 0
    outer loop
      vertex 1.6183 -7.3219 0
      vertex 1.63588 -7.21537 5
      vertex 1.63588 -7.21537 0
    endloop
  endfacet
  facet normal -0.986655 0.162822 0
    outer loop
      vertex 1.63588 -7.21537 5
      vertex 1.6183 -7.3219 0
      vertex 1.6183 -7.3219 5
    endloop
  endfacet
  facet normal -0.995179 0.0980732 0
    outer loop
      vertex 1.63588 -7.21537 0
      vertex 1.64647 -7.10791 5
      vertex 1.64647 -7.10791 0
    endloop
  endfacet
  facet normal -0.995179 0.0980732 0
    outer loop
      vertex 1.64647 -7.10791 5
      vertex 1.63588 -7.21537 0
      vertex 1.63588 -7.21537 5
    endloop
  endfacet
  facet normal -0.935925 0.352199 0
    outer loop
      vertex 1.5244 -7.63143 0
      vertex 1.56243 -7.53037 5
      vertex 1.56243 -7.53037 0
    endloop
  endfacet
  facet normal -0.935925 0.352199 0
    outer loop
      vertex 1.56243 -7.53037 5
      vertex 1.5244 -7.63143 0
      vertex 1.5244 -7.63143 5
    endloop
  endfacet
  facet normal -0.290259 -0.956948 0
    outer loop
      vertex 0.427051 -5.40622 0
      vertex 0.530375 -5.43756 5
      vertex 0.427051 -5.40622 5
    endloop
  endfacet
  facet normal -0.290259 -0.956948 -0
    outer loop
      vertex 0.530375 -5.43756 5
      vertex 0.427051 -5.40622 0
      vertex 0.530375 -5.43756 0
    endloop
  endfacet
  facet normal -0.352305 -0.935885 0
    outer loop
      vertex 0.530375 -5.43756 0
      vertex 0.631427 -5.4756 5
      vertex 0.530375 -5.43756 5
    endloop
  endfacet
  facet normal -0.352305 -0.935885 -0
    outer loop
      vertex 0.631427 -5.4756 5
      vertex 0.530375 -5.43756 0
      vertex 0.631427 -5.4756 0
    endloop
  endfacet
  facet normal -0.0980804 -0.995178 0
    outer loop
      vertex 0.107915 -5.35353 0
      vertex 0.215367 -5.36412 5
      vertex 0.107915 -5.35353 5
    endloop
  endfacet
  facet normal -0.0980804 -0.995178 -0
    outer loop
      vertex 0.215367 -5.36412 5
      vertex 0.107915 -5.35353 0
      vertex 0.215367 -5.36412 0
    endloop
  endfacet
  facet normal -0.881906 -0.471424 0
    outer loop
      vertex 1.47984 -6.27022 0
      vertex 1.42894 -6.175 5
      vertex 1.42894 -6.175 0
    endloop
  endfacet
  facet normal -0.881906 -0.471424 0
    outer loop
      vertex 1.42894 -6.175 5
      vertex 1.47984 -6.27022 0
      vertex 1.47984 -6.27022 5
    endloop
  endfacet
  facet normal -0.849188 -0.528091 0
    outer loop
      vertex 1.42894 -6.175 0
      vertex 1.37192 -6.08331 5
      vertex 1.37192 -6.08331 0
    endloop
  endfacet
  facet normal -0.849188 -0.528091 0
    outer loop
      vertex 1.37192 -6.08331 5
      vertex 1.42894 -6.175 0
      vertex 1.42894 -6.175 5
    endloop
  endfacet
  facet normal -0.812869 -0.582447 0
    outer loop
      vertex 1.37192 -6.08331 0
      vertex 1.30903 -5.99554 5
      vertex 1.30903 -5.99554 0
    endloop
  endfacet
  facet normal -0.812869 -0.582447 0
    outer loop
      vertex 1.30903 -5.99554 5
      vertex 1.37192 -6.08331 0
      vertex 1.37192 -6.08331 5
    endloop
  endfacet
  facet normal -0.956927 -0.290329 0
    outer loop
      vertex 1.59378 -6.57295 0
      vertex 1.56243 -6.46962 5
      vertex 1.56243 -6.46962 0
    endloop
  endfacet
  facet normal -0.956927 -0.290329 0
    outer loop
      vertex 1.56243 -6.46962 5
      vertex 1.59378 -6.57295 0
      vertex 1.59378 -6.57295 5
    endloop
  endfacet
  facet normal -0.995178 -0.0980823 0
    outer loop
      vertex 1.64647 -6.89208 0
      vertex 1.63588 -6.78463 5
      vertex 1.63588 -6.78463 0
    endloop
  endfacet
  facet normal -0.995178 -0.0980823 0
    outer loop
      vertex 1.63588 -6.78463 5
      vertex 1.64647 -6.89208 0
      vertex 1.64647 -6.89208 5
    endloop
  endfacet
  facet normal 0.881906 0.471424 0
    outer loop
      vertex -1.42894 -7.825 5
      vertex -1.47984 -7.72978 0
      vertex -1.47984 -7.72978 5
    endloop
  endfacet
  facet normal 0.881906 0.471424 0
    outer loop
      vertex -1.47984 -7.72978 0
      vertex -1.42894 -7.825 5
      vertex -1.42894 -7.825 0
    endloop
  endfacet
  facet normal 0.91087 0.412693 0
    outer loop
      vertex -1.47984 -7.72978 5
      vertex -1.5244 -7.63143 0
      vertex -1.5244 -7.63143 5
    endloop
  endfacet
  facet normal 0.91087 0.412693 0
    outer loop
      vertex -1.5244 -7.63143 0
      vertex -1.47984 -7.72978 5
      vertex -1.47984 -7.72978 0
    endloop
  endfacet
  facet normal -0.0980804 0.995178 0
    outer loop
      vertex 0.215367 -8.63588 0
      vertex 0.107915 -8.64647 5
      vertex 0.215367 -8.63588 5
    endloop
  endfacet
  facet normal -0.0980804 0.995178 0
    outer loop
      vertex 0.107915 -8.64647 5
      vertex 0.215367 -8.63588 0
      vertex 0.107915 -8.64647 0
    endloop
  endfacet
  facet normal -0.227092 0.973873 0
    outer loop
      vertex 0.427051 -8.59378 0
      vertex 0.321898 -8.6183 5
      vertex 0.427051 -8.59378 5
    endloop
  endfacet
  facet normal -0.227092 0.973873 0
    outer loop
      vertex 0.321898 -8.6183 5
      vertex 0.427051 -8.59378 0
      vertex 0.321898 -8.6183 0
    endloop
  endfacet
  facet normal -0.352223 0.935916 0
    outer loop
      vertex 0.631427 -8.5244 0
      vertex 0.530375 -8.56243 5
      vertex 0.631427 -8.5244 5
    endloop
  endfacet
  facet normal -0.352223 0.935916 0
    outer loop
      vertex 0.530375 -8.56243 5
      vertex 0.631427 -8.5244 0
      vertex 0.530375 -8.56243 0
    endloop
  endfacet
  facet normal -0.683525 0.729927 0
    outer loop
      vertex 1.16673 -8.16673 0
      vertex 1.08792 -8.24053 5
      vertex 1.16673 -8.16673 5
    endloop
  endfacet
  facet normal -0.683525 0.729927 0
    outer loop
      vertex 1.08792 -8.24053 5
      vertex 1.16673 -8.16673 0
      vertex 1.08792 -8.24053 0
    endloop
  endfacet
  facet normal -0.634427 0.772983 0
    outer loop
      vertex 1.08792 -8.24053 0
      vertex 1.00446 -8.30903 5
      vertex 1.08792 -8.24053 5
    endloop
  endfacet
  facet normal -0.634427 0.772983 0
    outer loop
      vertex 1.00446 -8.30903 5
      vertex 1.08792 -8.24053 0
      vertex 1.00446 -8.30903 0
    endloop
  endfacet
  facet normal -0.729927 0.683525 0
    outer loop
      vertex 1.16673 -8.16673 0
      vertex 1.24053 -8.08792 5
      vertex 1.24053 -8.08792 0
    endloop
  endfacet
  facet normal -0.729927 0.683525 0
    outer loop
      vertex 1.24053 -8.08792 5
      vertex 1.16673 -8.16673 0
      vertex 1.16673 -8.16673 5
    endloop
  endfacet
  facet normal -0.582451 0.812866 0
    outer loop
      vertex 1.00446 -8.30903 0
      vertex 0.916691 -8.37192 5
      vertex 1.00446 -8.30903 5
    endloop
  endfacet
  facet normal -0.582451 0.812866 0
    outer loop
      vertex 0.916691 -8.37192 5
      vertex 1.00446 -8.30903 0
      vertex 0.916691 -8.37192 0
    endloop
  endfacet
  facet normal -0.956919 0.290354 0
    outer loop
      vertex 1.56243 -7.53037 0
      vertex 1.59378 -7.42705 5
      vertex 1.59378 -7.42705 0
    endloop
  endfacet
  facet normal -0.956919 0.290354 0
    outer loop
      vertex 1.59378 -7.42705 5
      vertex 1.56243 -7.53037 0
      vertex 1.56243 -7.53037 5
    endloop
  endfacet
  facet normal -0.973872 0.227098 0
    outer loop
      vertex 1.59378 -7.42705 0
      vertex 1.6183 -7.3219 5
      vertex 1.6183 -7.3219 0
    endloop
  endfacet
  facet normal -0.973872 0.227098 0
    outer loop
      vertex 1.6183 -7.3219 5
      vertex 1.59378 -7.42705 0
      vertex 1.59378 -7.42705 5
    endloop
  endfacet
  facet normal -0.999465 0.032695 0
    outer loop
      vertex 1.64647 -7.10791 0
      vertex 1.65 -7 5
      vertex 1.65 -7 0
    endloop
  endfacet
  facet normal -0.999465 0.032695 0
    outer loop
      vertex 1.65 -7 5
      vertex 1.64647 -7.10791 0
      vertex 1.64647 -7.10791 5
    endloop
  endfacet
  facet normal -0.881906 0.471424 0
    outer loop
      vertex 1.42894 -7.825 0
      vertex 1.47984 -7.72978 5
      vertex 1.47984 -7.72978 0
    endloop
  endfacet
  facet normal -0.881906 0.471424 0
    outer loop
      vertex 1.47984 -7.72978 5
      vertex 1.42894 -7.825 0
      vertex 1.42894 -7.825 5
    endloop
  endfacet
  facet normal -0.849188 0.528091 0
    outer loop
      vertex 1.37192 -7.91669 0
      vertex 1.42894 -7.825 5
      vertex 1.42894 -7.825 0
    endloop
  endfacet
  facet normal -0.849188 0.528091 0
    outer loop
      vertex 1.42894 -7.825 5
      vertex 1.37192 -7.91669 0
      vertex 1.37192 -7.91669 5
    endloop
  endfacet
  facet normal -0.772983 0.634427 0
    outer loop
      vertex 1.24053 -8.08792 0
      vertex 1.30903 -8.00446 5
      vertex 1.30903 -8.00446 0
    endloop
  endfacet
  facet normal -0.772983 0.634427 0
    outer loop
      vertex 1.30903 -8.00446 5
      vertex 1.24053 -8.08792 0
      vertex 1.24053 -8.08792 5
    endloop
  endfacet
  facet normal -0.683574 -0.729881 0
    outer loop
      vertex 1.08792 -5.75946 0
      vertex 1.16673 -5.83327 5
      vertex 1.08792 -5.75946 5
    endloop
  endfacet
  facet normal -0.683574 -0.729881 -0
    outer loop
      vertex 1.16673 -5.83327 5
      vertex 1.08792 -5.75946 0
      vertex 1.16673 -5.83327 0
    endloop
  endfacet
  facet normal -0.634372 -0.773028 0
    outer loop
      vertex 1.00446 -5.69097 0
      vertex 1.08792 -5.75946 5
      vertex 1.00446 -5.69097 5
    endloop
  endfacet
  facet normal -0.634372 -0.773028 -0
    outer loop
      vertex 1.08792 -5.75946 5
      vertex 1.00446 -5.69097 0
      vertex 1.08792 -5.75946 0
    endloop
  endfacet
  facet normal -0.4127 -0.910867 0
    outer loop
      vertex 0.631427 -5.4756 0
      vertex 0.729775 -5.52016 5
      vertex 0.631427 -5.4756 5
    endloop
  endfacet
  facet normal -0.4127 -0.910867 -0
    outer loop
      vertex 0.729775 -5.52016 5
      vertex 0.631427 -5.4756 0
      vertex 0.729775 -5.52016 0
    endloop
  endfacet
  facet normal -0.471405 -0.881917 0
    outer loop
      vertex 0.729775 -5.52016 0
      vertex 0.825 -5.57106 5
      vertex 0.729775 -5.52016 5
    endloop
  endfacet
  facet normal -0.471405 -0.881917 -0
    outer loop
      vertex 0.825 -5.57106 5
      vertex 0.729775 -5.52016 0
      vertex 0.825 -5.57106 0
    endloop
  endfacet
  facet normal -0.227092 -0.973873 0
    outer loop
      vertex 0.321898 -5.3817 0
      vertex 0.427051 -5.40622 5
      vertex 0.321898 -5.3817 5
    endloop
  endfacet
  facet normal -0.227092 -0.973873 -0
    outer loop
      vertex 0.427051 -5.40622 5
      vertex 0.321898 -5.3817 0
      vertex 0.427051 -5.40622 0
    endloop
  endfacet
  facet normal -0.16282 -0.986656 0
    outer loop
      vertex 0.215367 -5.36412 0
      vertex 0.321898 -5.3817 5
      vertex 0.215367 -5.36412 5
    endloop
  endfacet
  facet normal -0.16282 -0.986656 -0
    outer loop
      vertex 0.321898 -5.3817 5
      vertex 0.215367 -5.36412 0
      vertex 0.321898 -5.3817 0
    endloop
  endfacet
  facet normal -0.91087 -0.412693 0
    outer loop
      vertex 1.5244 -6.36857 0
      vertex 1.47984 -6.27022 5
      vertex 1.47984 -6.27022 0
    endloop
  endfacet
  facet normal -0.91087 -0.412693 0
    outer loop
      vertex 1.47984 -6.27022 5
      vertex 1.5244 -6.36857 0
      vertex 1.5244 -6.36857 5
    endloop
  endfacet
  facet normal -0.772983 -0.634427 0
    outer loop
      vertex 1.30903 -5.99554 0
      vertex 1.24053 -5.91208 5
      vertex 1.24053 -5.91208 0
    endloop
  endfacet
  facet normal -0.772983 -0.634427 0
    outer loop
      vertex 1.24053 -5.91208 5
      vertex 1.30903 -5.99554 0
      vertex 1.30903 -5.99554 5
    endloop
  endfacet
  facet normal -0.973872 -0.227098 0
    outer loop
      vertex 1.6183 -6.6781 0
      vertex 1.59378 -6.57295 5
      vertex 1.59378 -6.57295 0
    endloop
  endfacet
  facet normal -0.973872 -0.227098 0
    outer loop
      vertex 1.59378 -6.57295 5
      vertex 1.6183 -6.6781 0
      vertex 1.6183 -6.6781 5
    endloop
  endfacet
  facet normal 0.4127 0.910867 -0
    outer loop
      vertex -0.631427 -8.5244 0
      vertex -0.729775 -8.47984 5
      vertex -0.631427 -8.5244 5
    endloop
  endfacet
  facet normal 0.4127 0.910867 0
    outer loop
      vertex -0.729775 -8.47984 5
      vertex -0.631427 -8.5244 0
      vertex -0.729775 -8.47984 0
    endloop
  endfacet
  facet normal 0.290344 0.956922 -0
    outer loop
      vertex -0.427051 -8.59378 0
      vertex -0.530375 -8.56243 5
      vertex -0.427051 -8.59378 5
    endloop
  endfacet
  facet normal 0.290344 0.956922 0
    outer loop
      vertex -0.530375 -8.56243 5
      vertex -0.427051 -8.59378 0
      vertex -0.530375 -8.56243 0
    endloop
  endfacet
  facet normal 0.16282 0.986656 -0
    outer loop
      vertex -0.215367 -8.63588 0
      vertex -0.321898 -8.6183 5
      vertex -0.215367 -8.63588 5
    endloop
  endfacet
  facet normal 0.16282 0.986656 0
    outer loop
      vertex -0.321898 -8.6183 5
      vertex -0.215367 -8.63588 0
      vertex -0.321898 -8.6183 0
    endloop
  endfacet
  facet normal 0.0980804 0.995178 -0
    outer loop
      vertex -0.107915 -8.64647 0
      vertex -0.215367 -8.63588 5
      vertex -0.107915 -8.64647 5
    endloop
  endfacet
  facet normal 0.0980804 0.995178 0
    outer loop
      vertex -0.215367 -8.63588 5
      vertex -0.107915 -8.64647 0
      vertex -0.215367 -8.63588 0
    endloop
  endfacet
  facet normal 0.52802 -0.849232 0
    outer loop
      vertex -0.916691 -5.62807 0
      vertex -0.825 -5.57106 5
      vertex -0.916691 -5.62807 5
    endloop
  endfacet
  facet normal 0.52802 -0.849232 0
    outer loop
      vertex -0.825 -5.57106 5
      vertex -0.916691 -5.62807 0
      vertex -0.825 -5.57106 0
    endloop
  endfacet
  facet normal 0.16282 -0.986656 0
    outer loop
      vertex -0.321898 -5.3817 0
      vertex -0.215367 -5.36412 5
      vertex -0.321898 -5.3817 5
    endloop
  endfacet
  facet normal 0.16282 -0.986656 0
    outer loop
      vertex -0.215367 -5.36412 5
      vertex -0.321898 -5.3817 0
      vertex -0.215367 -5.36412 0
    endloop
  endfacet
  facet normal 0.995179 0.0980732 0
    outer loop
      vertex -1.63588 -7.21537 5
      vertex -1.64647 -7.10791 0
      vertex -1.64647 -7.10791 5
    endloop
  endfacet
  facet normal 0.995179 0.0980732 0
    outer loop
      vertex -1.64647 -7.10791 0
      vertex -1.63588 -7.21537 5
      vertex -1.63588 -7.21537 0
    endloop
  endfacet
  facet normal 0.935925 0.352199 0
    outer loop
      vertex -1.5244 -7.63143 5
      vertex -1.56243 -7.53037 0
      vertex -1.56243 -7.53037 5
    endloop
  endfacet
  facet normal 0.935925 0.352199 0
    outer loop
      vertex -1.56243 -7.53037 0
      vertex -1.5244 -7.63143 5
      vertex -1.5244 -7.63143 0
    endloop
  endfacet
  facet normal -0.16282 0.986656 0
    outer loop
      vertex 0.321898 -8.6183 0
      vertex 0.215367 -8.63588 5
      vertex 0.321898 -8.6183 5
    endloop
  endfacet
  facet normal -0.16282 0.986656 0
    outer loop
      vertex 0.215367 -8.63588 5
      vertex 0.321898 -8.6183 0
      vertex 0.215367 -8.63588 0
    endloop
  endfacet
  facet normal -0.91087 0.412693 0
    outer loop
      vertex 1.47984 -7.72978 0
      vertex 1.5244 -7.63143 5
      vertex 1.5244 -7.63143 0
    endloop
  endfacet
  facet normal -0.91087 0.412693 0
    outer loop
      vertex 1.5244 -7.63143 5
      vertex 1.47984 -7.72978 0
      vertex 1.47984 -7.72978 5
    endloop
  endfacet
  facet normal -0.812869 0.582447 0
    outer loop
      vertex 1.30903 -8.00446 0
      vertex 1.37192 -7.91669 5
      vertex 1.37192 -7.91669 0
    endloop
  endfacet
  facet normal -0.812869 0.582447 0
    outer loop
      vertex 1.37192 -7.91669 5
      vertex 1.30903 -8.00446 0
      vertex 1.30903 -8.00446 5
    endloop
  endfacet
  facet normal 0.0326934 0.999465 -0
    outer loop
      vertex 0 -8.65 0
      vertex -0.107915 -8.64647 5
      vertex 0 -8.65 5
    endloop
  endfacet
  facet normal 0.0326934 0.999465 0
    outer loop
      vertex -0.107915 -8.64647 5
      vertex 0 -8.65 0
      vertex -0.107915 -8.64647 0
    endloop
  endfacet
  facet normal 0.634427 0.772983 -0
    outer loop
      vertex -1.00446 -8.30903 0
      vertex -1.08792 -8.24053 5
      vertex -1.00446 -8.30903 5
    endloop
  endfacet
  facet normal 0.634427 0.772983 0
    outer loop
      vertex -1.08792 -8.24053 5
      vertex -1.00446 -8.30903 0
      vertex -1.08792 -8.24053 0
    endloop
  endfacet
  facet normal 0.849188 0.528091 0
    outer loop
      vertex -1.37192 -7.91669 5
      vertex -1.42894 -7.825 0
      vertex -1.42894 -7.825 5
    endloop
  endfacet
  facet normal 0.849188 0.528091 0
    outer loop
      vertex -1.42894 -7.825 0
      vertex -1.37192 -7.91669 5
      vertex -1.37192 -7.91669 0
    endloop
  endfacet
  facet normal 0.352223 0.935916 -0
    outer loop
      vertex -0.530375 -8.56243 0
      vertex -0.631427 -8.5244 5
      vertex -0.530375 -8.56243 5
    endloop
  endfacet
  facet normal 0.352223 0.935916 0
    outer loop
      vertex -0.631427 -8.5244 5
      vertex -0.530375 -8.56243 0
      vertex -0.631427 -8.5244 0
    endloop
  endfacet
  facet normal 0.471405 0.881917 -0
    outer loop
      vertex -0.729775 -8.47984 0
      vertex -0.825 -8.42894 5
      vertex -0.729775 -8.47984 5
    endloop
  endfacet
  facet normal 0.471405 0.881917 0
    outer loop
      vertex -0.825 -8.42894 5
      vertex -0.729775 -8.47984 0
      vertex -0.825 -8.42894 0
    endloop
  endfacet
  facet normal 0.986655 -0.162822 0
    outer loop
      vertex -1.63588 -6.78463 5
      vertex -1.6183 -6.6781 0
      vertex -1.6183 -6.6781 5
    endloop
  endfacet
  facet normal 0.986655 -0.162822 0
    outer loop
      vertex -1.6183 -6.6781 0
      vertex -1.63588 -6.78463 5
      vertex -1.63588 -6.78463 0
    endloop
  endfacet
  facet normal 0.812869 -0.582447 0
    outer loop
      vertex -1.37192 -6.08331 5
      vertex -1.30903 -5.99554 0
      vertex -1.30903 -5.99554 5
    endloop
  endfacet
  facet normal 0.812869 -0.582447 0
    outer loop
      vertex -1.30903 -5.99554 0
      vertex -1.37192 -6.08331 5
      vertex -1.37192 -6.08331 0
    endloop
  endfacet
  facet normal 0.582512 -0.812822 0
    outer loop
      vertex -1.00446 -5.69097 0
      vertex -0.916691 -5.62807 5
      vertex -1.00446 -5.69097 5
    endloop
  endfacet
  facet normal 0.582512 -0.812822 0
    outer loop
      vertex -0.916691 -5.62807 5
      vertex -1.00446 -5.69097 0
      vertex -0.916691 -5.62807 0
    endloop
  endfacet
  facet normal 0.471405 -0.881917 0
    outer loop
      vertex -0.825 -5.57106 0
      vertex -0.729775 -5.52016 5
      vertex -0.825 -5.57106 5
    endloop
  endfacet
  facet normal 0.471405 -0.881917 0
    outer loop
      vertex -0.729775 -5.52016 5
      vertex -0.825 -5.57106 0
      vertex -0.729775 -5.52016 0
    endloop
  endfacet
  facet normal 0.4127 -0.910867 0
    outer loop
      vertex -0.729775 -5.52016 0
      vertex -0.631427 -5.4756 5
      vertex -0.729775 -5.52016 5
    endloop
  endfacet
  facet normal 0.4127 -0.910867 0
    outer loop
      vertex -0.631427 -5.4756 5
      vertex -0.729775 -5.52016 0
      vertex -0.631427 -5.4756 0
    endloop
  endfacet
  facet normal 0.352305 -0.935885 0
    outer loop
      vertex -0.631427 -5.4756 0
      vertex -0.530375 -5.43756 5
      vertex -0.631427 -5.4756 5
    endloop
  endfacet
  facet normal 0.352305 -0.935885 0
    outer loop
      vertex -0.530375 -5.43756 5
      vertex -0.631427 -5.4756 0
      vertex -0.530375 -5.43756 0
    endloop
  endfacet
  facet normal 0.0326934 -0.999465 0
    outer loop
      vertex -0.107915 -5.35353 0
      vertex 0 -5.35 5
      vertex -0.107915 -5.35353 5
    endloop
  endfacet
  facet normal 0.0326934 -0.999465 0
    outer loop
      vertex 0 -5.35 5
      vertex -0.107915 -5.35353 0
      vertex 0 -5.35 0
    endloop
  endfacet
  facet normal 0.986655 0.162822 0
    outer loop
      vertex -1.6183 -7.3219 5
      vertex -1.63588 -7.21537 0
      vertex -1.63588 -7.21537 5
    endloop
  endfacet
  facet normal 0.986655 0.162822 0
    outer loop
      vertex -1.63588 -7.21537 0
      vertex -1.6183 -7.3219 5
      vertex -1.6183 -7.3219 0
    endloop
  endfacet
  facet normal 0.582451 0.812866 -0
    outer loop
      vertex -0.916691 -8.37192 0
      vertex -1.00446 -8.30903 5
      vertex -0.916691 -8.37192 5
    endloop
  endfacet
  facet normal 0.582451 0.812866 0
    outer loop
      vertex -1.00446 -8.30903 5
      vertex -0.916691 -8.37192 0
      vertex -1.00446 -8.30903 0
    endloop
  endfacet
  facet normal 0.528087 0.84919 -0
    outer loop
      vertex -0.825 -8.42894 0
      vertex -0.916691 -8.37192 5
      vertex -0.825 -8.42894 5
    endloop
  endfacet
  facet normal 0.528087 0.84919 0
    outer loop
      vertex -0.916691 -8.37192 5
      vertex -0.825 -8.42894 0
      vertex -0.916691 -8.37192 0
    endloop
  endfacet
  facet normal 0.683525 0.729927 -0
    outer loop
      vertex -1.08792 -8.24053 0
      vertex -1.16673 -8.16673 5
      vertex -1.08792 -8.24053 5
    endloop
  endfacet
  facet normal 0.683525 0.729927 0
    outer loop
      vertex -1.16673 -8.16673 5
      vertex -1.08792 -8.24053 0
      vertex -1.16673 -8.16673 0
    endloop
  endfacet
  facet normal 0.999465 0.032695 0
    outer loop
      vertex -1.64647 -7.10791 5
      vertex -1.65 -7 0
      vertex -1.65 -7 5
    endloop
  endfacet
  facet normal 0.999465 0.032695 0
    outer loop
      vertex -1.65 -7 0
      vertex -1.64647 -7.10791 5
      vertex -1.64647 -7.10791 0
    endloop
  endfacet
  facet normal 0.999465 -0.0326919 0
    outer loop
      vertex -1.65 -7 5
      vertex -1.64647 -6.89208 0
      vertex -1.64647 -6.89208 5
    endloop
  endfacet
  facet normal 0.999465 -0.0326919 0
    outer loop
      vertex -1.64647 -6.89208 0
      vertex -1.65 -7 5
      vertex -1.65 -7 0
    endloop
  endfacet
  facet normal 0.729927 -0.683525 0
    outer loop
      vertex -1.24053 -5.91208 5
      vertex -1.16673 -5.83327 0
      vertex -1.16673 -5.83327 5
    endloop
  endfacet
  facet normal 0.729927 -0.683525 0
    outer loop
      vertex -1.16673 -5.83327 0
      vertex -1.24053 -5.91208 5
      vertex -1.24053 -5.91208 0
    endloop
  endfacet
  facet normal 0.683574 -0.729881 0
    outer loop
      vertex -1.16673 -5.83327 0
      vertex -1.08792 -5.75946 5
      vertex -1.16673 -5.83327 5
    endloop
  endfacet
  facet normal 0.683574 -0.729881 0
    outer loop
      vertex -1.08792 -5.75946 5
      vertex -1.16673 -5.83327 0
      vertex -1.08792 -5.75946 0
    endloop
  endfacet
  facet normal 0.634372 -0.773028 0
    outer loop
      vertex -1.08792 -5.75946 0
      vertex -1.00446 -5.69097 5
      vertex -1.08792 -5.75946 5
    endloop
  endfacet
  facet normal 0.634372 -0.773028 0
    outer loop
      vertex -1.00446 -5.69097 5
      vertex -1.08792 -5.75946 0
      vertex -1.00446 -5.69097 0
    endloop
  endfacet
  facet normal 0.290259 -0.956948 0
    outer loop
      vertex -0.530375 -5.43756 0
      vertex -0.427051 -5.40622 5
      vertex -0.530375 -5.43756 5
    endloop
  endfacet
  facet normal 0.290259 -0.956948 0
    outer loop
      vertex -0.427051 -5.40622 5
      vertex -0.530375 -5.43756 0
      vertex -0.427051 -5.40622 0
    endloop
  endfacet
  facet normal 0.227092 -0.973873 0
    outer loop
      vertex -0.427051 -5.40622 0
      vertex -0.321898 -5.3817 5
      vertex -0.427051 -5.40622 5
    endloop
  endfacet
  facet normal 0.227092 -0.973873 0
    outer loop
      vertex -0.321898 -5.3817 5
      vertex -0.427051 -5.40622 0
      vertex -0.321898 -5.3817 0
    endloop
  endfacet
  facet normal 0.0980804 -0.995178 0
    outer loop
      vertex -0.215367 -5.36412 0
      vertex -0.107915 -5.35353 5
      vertex -0.215367 -5.36412 5
    endloop
  endfacet
  facet normal 0.0980804 -0.995178 0
    outer loop
      vertex -0.107915 -5.35353 5
      vertex -0.215367 -5.36412 0
      vertex -0.107915 -5.35353 0
    endloop
  endfacet
  facet normal 0.956919 0.290354 0
    outer loop
      vertex -1.56243 -7.53037 5
      vertex -1.59378 -7.42705 0
      vertex -1.59378 -7.42705 5
    endloop
  endfacet
  facet normal 0.956919 0.290354 0
    outer loop
      vertex -1.59378 -7.42705 0
      vertex -1.56243 -7.53037 5
      vertex -1.56243 -7.53037 0
    endloop
  endfacet
  facet normal 0.973872 0.227098 0
    outer loop
      vertex -1.59378 -7.42705 5
      vertex -1.6183 -7.3219 0
      vertex -1.6183 -7.3219 5
    endloop
  endfacet
  facet normal 0.973872 0.227098 0
    outer loop
      vertex -1.6183 -7.3219 0
      vertex -1.59378 -7.42705 5
      vertex -1.59378 -7.42705 0
    endloop
  endfacet
  facet normal 0.772983 0.634427 0
    outer loop
      vertex -1.24053 -8.08792 5
      vertex -1.30903 -8.00446 0
      vertex -1.30903 -8.00446 5
    endloop
  endfacet
  facet normal 0.772983 0.634427 0
    outer loop
      vertex -1.30903 -8.00446 0
      vertex -1.24053 -8.08792 5
      vertex -1.24053 -8.08792 0
    endloop
  endfacet
  facet normal 0.812869 0.582447 0
    outer loop
      vertex -1.30903 -8.00446 5
      vertex -1.37192 -7.91669 0
      vertex -1.37192 -7.91669 5
    endloop
  endfacet
  facet normal 0.812869 0.582447 0
    outer loop
      vertex -1.37192 -7.91669 0
      vertex -1.30903 -8.00446 5
      vertex -1.30903 -8.00446 0
    endloop
  endfacet
  facet normal 0.995178 -0.0980823 0
    outer loop
      vertex -1.64647 -6.89208 5
      vertex -1.63588 -6.78463 0
      vertex -1.63588 -6.78463 5
    endloop
  endfacet
  facet normal 0.995178 -0.0980823 0
    outer loop
      vertex -1.63588 -6.78463 0
      vertex -1.64647 -6.89208 5
      vertex -1.64647 -6.89208 0
    endloop
  endfacet
  facet normal 0.973872 -0.227098 0
    outer loop
      vertex -1.6183 -6.6781 5
      vertex -1.59378 -6.57295 0
      vertex -1.59378 -6.57295 5
    endloop
  endfacet
  facet normal 0.973872 -0.227098 0
    outer loop
      vertex -1.59378 -6.57295 0
      vertex -1.6183 -6.6781 5
      vertex -1.6183 -6.6781 0
    endloop
  endfacet
  facet normal 0.849188 -0.528091 0
    outer loop
      vertex -1.42894 -6.175 5
      vertex -1.37192 -6.08331 0
      vertex -1.37192 -6.08331 5
    endloop
  endfacet
  facet normal 0.849188 -0.528091 0
    outer loop
      vertex -1.37192 -6.08331 0
      vertex -1.42894 -6.175 5
      vertex -1.42894 -6.175 0
    endloop
  endfacet
  facet normal 0.935914 -0.35223 0
    outer loop
      vertex -1.56243 -6.46962 5
      vertex -1.5244 -6.36857 0
      vertex -1.5244 -6.36857 5
    endloop
  endfacet
  facet normal 0.935914 -0.35223 0
    outer loop
      vertex -1.5244 -6.36857 0
      vertex -1.56243 -6.46962 5
      vertex -1.56243 -6.46962 0
    endloop
  endfacet
  facet normal 0.729927 0.683525 0
    outer loop
      vertex -1.16673 -8.16673 5
      vertex -1.24053 -8.08792 0
      vertex -1.24053 -8.08792 5
    endloop
  endfacet
  facet normal 0.729927 0.683525 0
    outer loop
      vertex -1.24053 -8.08792 0
      vertex -1.16673 -8.16673 5
      vertex -1.16673 -8.16673 0
    endloop
  endfacet
  facet normal 0.956927 -0.290329 0
    outer loop
      vertex -1.59378 -6.57295 5
      vertex -1.56243 -6.46962 0
      vertex -1.56243 -6.46962 5
    endloop
  endfacet
  facet normal 0.956927 -0.290329 0
    outer loop
      vertex -1.56243 -6.46962 0
      vertex -1.59378 -6.57295 5
      vertex -1.59378 -6.57295 0
    endloop
  endfacet
  facet normal 0.772983 -0.634427 0
    outer loop
      vertex -1.30903 -5.99554 5
      vertex -1.24053 -5.91208 0
      vertex -1.24053 -5.91208 5
    endloop
  endfacet
  facet normal 0.772983 -0.634427 0
    outer loop
      vertex -1.24053 -5.91208 0
      vertex -1.30903 -5.99554 5
      vertex -1.30903 -5.99554 0
    endloop
  endfacet
  facet normal 0.91087 -0.412693 0
    outer loop
      vertex -1.5244 -6.36857 5
      vertex -1.47984 -6.27022 0
      vertex -1.47984 -6.27022 5
    endloop
  endfacet
  facet normal 0.91087 -0.412693 0
    outer loop
      vertex -1.47984 -6.27022 0
      vertex -1.5244 -6.36857 5
      vertex -1.5244 -6.36857 0
    endloop
  endfacet
  facet normal 0.881906 -0.471424 0
    outer loop
      vertex -1.47984 -6.27022 5
      vertex -1.42894 -6.175 0
      vertex -1.42894 -6.175 5
    endloop
  endfacet
  facet normal 0.881906 -0.471424 0
    outer loop
      vertex -1.42894 -6.175 0
      vertex -1.47984 -6.27022 5
      vertex -1.47984 -6.27022 0
    endloop
  endfacet
  facet normal -0.68357 -0.729885 0
    outer loop
      vertex 2.14287 2.44348 0
      vertex 2.2981 2.2981 5
      vertex 2.14287 2.44348 5
    endloop
  endfacet
  facet normal -0.68357 -0.729885 -0
    outer loop
      vertex 2.2981 2.2981 5
      vertex 2.14287 2.44348 0
      vertex 2.2981 2.2981 0
    endloop
  endfacet
  facet normal 0.352236 -0.935911 0
    outer loop
      vertex -1.24372 3.00261 0
      vertex -1.04468 3.07752 5
      vertex -1.24372 3.00261 5
    endloop
  endfacet
  facet normal 0.352236 -0.935911 0
    outer loop
      vertex -1.04468 3.07752 5
      vertex -1.24372 3.00261 0
      vertex -1.04468 3.07752 0
    endloop
  endfacet
  facet normal 0.91087 -0.412694 0
    outer loop
      vertex -3.00261 1.24372 5
      vertex -2.91484 1.43744 0
      vertex -2.91484 1.43744 5
    endloop
  endfacet
  facet normal 0.91087 -0.412694 0
    outer loop
      vertex -2.91484 1.43744 0
      vertex -3.00261 1.24372 5
      vertex -3.00261 1.24372 0
    endloop
  endfacet
  facet normal -0.935911 -0.352236 0
    outer loop
      vertex 3.07752 1.04468 0
      vertex 3.00261 1.24372 5
      vertex 3.00261 1.24372 0
    endloop
  endfacet
  facet normal -0.935911 -0.352236 0
    outer loop
      vertex 3.00261 1.24372 5
      vertex 3.07752 1.04468 0
      vertex 3.07752 1.04468 5
    endloop
  endfacet
  facet normal -0.91087 -0.412694 0
    outer loop
      vertex 3.00261 1.24372 0
      vertex 2.91484 1.43744 5
      vertex 2.91484 1.43744 0
    endloop
  endfacet
  facet normal -0.91087 -0.412694 0
    outer loop
      vertex 2.91484 1.43744 5
      vertex 3.00261 1.24372 0
      vertex 3.00261 1.24372 5
    endloop
  endfacet
  facet normal -0.412694 -0.91087 0
    outer loop
      vertex 1.24372 3.00261 0
      vertex 1.43744 2.91484 5
      vertex 1.24372 3.00261 5
    endloop
  endfacet
  facet normal -0.412694 -0.91087 -0
    outer loop
      vertex 1.43744 2.91484 5
      vertex 1.24372 3.00261 0
      vertex 1.43744 2.91484 0
    endloop
  endfacet
  facet normal -0.162925 -0.986638 0
    outer loop
      vertex 0.42421 3.2222 0
      vertex 0.634043 3.18755 5
      vertex 0.42421 3.2222 5
    endloop
  endfacet
  facet normal -0.162925 -0.986638 -0
    outer loop
      vertex 0.634043 3.18755 5
      vertex 0.42421 3.2222 0
      vertex 0.634043 3.18755 0
    endloop
  endfacet
  facet normal 0.986638 -0.162925 0
    outer loop
      vertex -3.2222 0.42421 5
      vertex -3.18755 0.634043 0
      vertex -3.18755 0.634043 5
    endloop
  endfacet
  facet normal 0.986638 -0.162925 0
    outer loop
      vertex -3.18755 0.634043 0
      vertex -3.2222 0.42421 5
      vertex -3.2222 0.42421 0
    endloop
  endfacet
  facet normal 0.729885 -0.68357 0
    outer loop
      vertex -2.44348 2.14287 5
      vertex -2.2981 2.2981 0
      vertex -2.2981 2.2981 5
    endloop
  endfacet
  facet normal 0.729885 -0.68357 0
    outer loop
      vertex -2.2981 2.2981 0
      vertex -2.44348 2.14287 5
      vertex -2.44348 2.14287 0
    endloop
  endfacet
  facet normal 0.162925 -0.986638 0
    outer loop
      vertex -0.634043 3.18755 0
      vertex -0.42421 3.2222 5
      vertex -0.634043 3.18755 5
    endloop
  endfacet
  facet normal 0.162925 -0.986638 0
    outer loop
      vertex -0.42421 3.2222 5
      vertex -0.634043 3.18755 0
      vertex -0.42421 3.2222 0
    endloop
  endfacet
  facet normal -0.729885 0.68357 0
    outer loop
      vertex 2.2981 -2.2981 0
      vertex 2.44348 -2.14287 5
      vertex 2.44348 -2.14287 0
    endloop
  endfacet
  facet normal -0.729885 0.68357 0
    outer loop
      vertex 2.44348 -2.14287 5
      vertex 2.2981 -2.2981 0
      vertex 2.2981 -2.2981 5
    endloop
  endfacet
  facet normal 0.162925 0.986638 -0
    outer loop
      vertex -0.42421 -3.2222 0
      vertex -0.634043 -3.18755 5
      vertex -0.42421 -3.2222 5
    endloop
  endfacet
  facet normal 0.162925 0.986638 0
    outer loop
      vertex -0.634043 -3.18755 5
      vertex -0.42421 -3.2222 0
      vertex -0.634043 -3.18755 0
    endloop
  endfacet
  facet normal 0.68357 0.729885 -0
    outer loop
      vertex -2.14287 -2.44348 0
      vertex -2.2981 -2.2981 5
      vertex -2.14287 -2.44348 5
    endloop
  endfacet
  facet normal 0.68357 0.729885 0
    outer loop
      vertex -2.2981 -2.2981 5
      vertex -2.14287 -2.44348 0
      vertex -2.2981 -2.2981 0
    endloop
  endfacet
  facet normal 0.935911 0.352236 0
    outer loop
      vertex -3.00261 -1.24372 5
      vertex -3.07752 -1.04468 0
      vertex -3.07752 -1.04468 5
    endloop
  endfacet
  facet normal 0.935911 0.352236 0
    outer loop
      vertex -3.07752 -1.04468 0
      vertex -3.00261 -1.24372 5
      vertex -3.00261 -1.24372 0
    endloop
  endfacet
  facet normal -0.995187 -0.0979906 0
    outer loop
      vertex 3.24304 0.21256 0
      vertex 3.2222 0.42421 5
      vertex 3.2222 0.42421 0
    endloop
  endfacet
  facet normal -0.995187 -0.0979906 0
    outer loop
      vertex 3.2222 0.42421 5
      vertex 3.24304 0.21256 0
      vertex 3.24304 0.21256 5
    endloop
  endfacet
  facet normal -0.97388 -0.227061 0
    outer loop
      vertex 3.18755 0.634043 0
      vertex 3.13926 0.841162 5
      vertex 3.13926 0.841162 0
    endloop
  endfacet
  facet normal -0.97388 -0.227061 0
    outer loop
      vertex 3.13926 0.841162 5
      vertex 3.18755 0.634043 0
      vertex 3.18755 0.634043 5
    endloop
  endfacet
  facet normal -0.956936 -0.2903 0
    outer loop
      vertex 3.13926 0.841162 0
      vertex 3.07752 1.04468 5
      vertex 3.07752 1.04468 0
    endloop
  endfacet
  facet normal -0.956936 -0.2903 0
    outer loop
      vertex 3.07752 1.04468 5
      vertex 3.13926 0.841162 0
      vertex 3.13926 0.841162 5
    endloop
  endfacet
  facet normal -0.81284 -0.582487 0
    outer loop
      vertex 2.70228 1.8056 0
      vertex 2.5784 1.97847 5
      vertex 2.5784 1.97847 0
    endloop
  endfacet
  facet normal -0.81284 -0.582487 0
    outer loop
      vertex 2.5784 1.97847 5
      vertex 2.70228 1.8056 0
      vertex 2.70228 1.8056 5
    endloop
  endfacet
  facet normal -0.849211 -0.528053 0
    outer loop
      vertex 2.81458 1.625 0
      vertex 2.70228 1.8056 5
      vertex 2.70228 1.8056 0
    endloop
  endfacet
  facet normal -0.849211 -0.528053 0
    outer loop
      vertex 2.70228 1.8056 5
      vertex 2.81458 1.625 0
      vertex 2.81458 1.625 5
    endloop
  endfacet
  facet normal -0.582487 -0.81284 0
    outer loop
      vertex 1.8056 2.70228 0
      vertex 1.97847 2.5784 5
      vertex 1.8056 2.70228 5
    endloop
  endfacet
  facet normal -0.582487 -0.81284 -0
    outer loop
      vertex 1.97847 2.5784 5
      vertex 1.8056 2.70228 0
      vertex 1.97847 2.5784 0
    endloop
  endfacet
  facet normal -0.0327262 -0.999464 0
    outer loop
      vertex 0 3.25 0
      vertex 0.21256 3.24304 5
      vertex 0 3.25 5
    endloop
  endfacet
  facet normal -0.0327262 -0.999464 -0
    outer loop
      vertex 0.21256 3.24304 5
      vertex 0 3.25 0
      vertex 0.21256 3.24304 0
    endloop
  endfacet
  facet normal -0.227061 -0.97388 0
    outer loop
      vertex 0.634043 3.18755 0
      vertex 0.841162 3.13926 5
      vertex 0.634043 3.18755 5
    endloop
  endfacet
  facet normal -0.227061 -0.97388 -0
    outer loop
      vertex 0.841162 3.13926 5
      vertex 0.634043 3.18755 0
      vertex 0.841162 3.13926 0
    endloop
  endfacet
  facet normal 0.999464 -0.0327262 0
    outer loop
      vertex -3.25 0 5
      vertex -3.24304 0.21256 0
      vertex -3.24304 0.21256 5
    endloop
  endfacet
  facet normal 0.999464 -0.0327262 0
    outer loop
      vertex -3.24304 0.21256 0
      vertex -3.25 0 5
      vertex -3.25 0 0
    endloop
  endfacet
  facet normal 0.97388 -0.227061 0
    outer loop
      vertex -3.18755 0.634043 5
      vertex -3.13926 0.841162 0
      vertex -3.13926 0.841162 5
    endloop
  endfacet
  facet normal 0.97388 -0.227061 0
    outer loop
      vertex -3.13926 0.841162 0
      vertex -3.18755 0.634043 5
      vertex -3.18755 0.634043 0
    endloop
  endfacet
  facet normal 0.81284 -0.582487 0
    outer loop
      vertex -2.70228 1.8056 5
      vertex -2.5784 1.97847 0
      vertex -2.5784 1.97847 5
    endloop
  endfacet
  facet normal 0.81284 -0.582487 0
    outer loop
      vertex -2.5784 1.97847 0
      vertex -2.70228 1.8056 5
      vertex -2.70228 1.8056 0
    endloop
  endfacet
  facet normal 0.0327262 -0.999464 0
    outer loop
      vertex -0.21256 3.24304 0
      vertex 0 3.25 5
      vertex -0.21256 3.24304 5
    endloop
  endfacet
  facet normal 0.0327262 -0.999464 0
    outer loop
      vertex 0 3.25 5
      vertex -0.21256 3.24304 0
      vertex 0 3.25 0
    endloop
  endfacet
  facet normal 0.227061 -0.97388 0
    outer loop
      vertex -0.841162 3.13926 0
      vertex -0.634043 3.18755 5
      vertex -0.841162 3.13926 5
    endloop
  endfacet
  facet normal 0.227061 -0.97388 0
    outer loop
      vertex -0.634043 3.18755 5
      vertex -0.841162 3.13926 0
      vertex -0.634043 3.18755 0
    endloop
  endfacet
  facet normal 0.528053 -0.849211 0
    outer loop
      vertex -1.8056 2.70228 0
      vertex -1.625 2.81458 5
      vertex -1.8056 2.70228 5
    endloop
  endfacet
  facet normal 0.528053 -0.849211 0
    outer loop
      vertex -1.625 2.81458 5
      vertex -1.8056 2.70228 0
      vertex -1.625 2.81458 0
    endloop
  endfacet
  facet normal 0.582487 -0.81284 0
    outer loop
      vertex -1.97847 2.5784 0
      vertex -1.8056 2.70228 5
      vertex -1.97847 2.5784 5
    endloop
  endfacet
  facet normal 0.582487 -0.81284 0
    outer loop
      vertex -1.8056 2.70228 5
      vertex -1.97847 2.5784 0
      vertex -1.8056 2.70228 0
    endloop
  endfacet
  facet normal 0.412694 -0.91087 0
    outer loop
      vertex -1.43744 2.91484 0
      vertex -1.24372 3.00261 5
      vertex -1.43744 2.91484 5
    endloop
  endfacet
  facet normal 0.412694 -0.91087 0
    outer loop
      vertex -1.24372 3.00261 5
      vertex -1.43744 2.91484 0
      vertex -1.24372 3.00261 0
    endloop
  endfacet
  facet normal -0.999464 -0.0327262 0
    outer loop
      vertex 3.25 0 0
      vertex 3.24304 0.21256 5
      vertex 3.24304 0.21256 0
    endloop
  endfacet
  facet normal -0.999464 -0.0327262 0
    outer loop
      vertex 3.24304 0.21256 5
      vertex 3.25 0 0
      vertex 3.25 0 5
    endloop
  endfacet
  facet normal -0.227061 0.97388 0
    outer loop
      vertex 0.841162 -3.13926 0
      vertex 0.634043 -3.18755 5
      vertex 0.841162 -3.13926 5
    endloop
  endfacet
  facet normal -0.227061 0.97388 0
    outer loop
      vertex 0.634043 -3.18755 5
      vertex 0.841162 -3.13926 0
      vertex 0.634043 -3.18755 0
    endloop
  endfacet
  facet normal -0.582487 0.81284 0
    outer loop
      vertex 1.97847 -2.5784 0
      vertex 1.8056 -2.70228 5
      vertex 1.97847 -2.5784 5
    endloop
  endfacet
  facet normal -0.582487 0.81284 0
    outer loop
      vertex 1.8056 -2.70228 5
      vertex 1.97847 -2.5784 0
      vertex 1.8056 -2.70228 0
    endloop
  endfacet
  facet normal -0.412694 0.91087 0
    outer loop
      vertex 1.43744 -2.91484 0
      vertex 1.24372 -3.00261 5
      vertex 1.43744 -2.91484 5
    endloop
  endfacet
  facet normal -0.412694 0.91087 0
    outer loop
      vertex 1.24372 -3.00261 5
      vertex 1.43744 -2.91484 0
      vertex 1.24372 -3.00261 0
    endloop
  endfacet
  facet normal 0.0327262 0.999464 -0
    outer loop
      vertex 0 -3.25 0
      vertex -0.21256 -3.24304 5
      vertex 0 -3.25 5
    endloop
  endfacet
  facet normal 0.0327262 0.999464 0
    outer loop
      vertex -0.21256 -3.24304 5
      vertex 0 -3.25 0
      vertex -0.21256 -3.24304 0
    endloop
  endfacet
  facet normal 0.97388 0.227061 0
    outer loop
      vertex -3.13926 -0.841162 5
      vertex -3.18755 -0.634043 0
      vertex -3.18755 -0.634043 5
    endloop
  endfacet
  facet normal 0.97388 0.227061 0
    outer loop
      vertex -3.18755 -0.634043 0
      vertex -3.13926 -0.841162 5
      vertex -3.13926 -0.841162 0
    endloop
  endfacet
  facet normal 0.81284 0.582487 0
    outer loop
      vertex -2.5784 -1.97847 5
      vertex -2.70228 -1.8056 0
      vertex -2.70228 -1.8056 5
    endloop
  endfacet
  facet normal 0.81284 0.582487 0
    outer loop
      vertex -2.70228 -1.8056 0
      vertex -2.5784 -1.97847 5
      vertex -2.5784 -1.97847 0
    endloop
  endfacet
  facet normal 0.849211 0.528053 0
    outer loop
      vertex -2.70228 -1.8056 5
      vertex -2.81458 -1.625 0
      vertex -2.81458 -1.625 5
    endloop
  endfacet
  facet normal 0.849211 0.528053 0
    outer loop
      vertex -2.81458 -1.625 0
      vertex -2.70228 -1.8056 5
      vertex -2.70228 -1.8056 0
    endloop
  endfacet
  facet normal 0.91087 0.412694 0
    outer loop
      vertex -2.91484 -1.43744 5
      vertex -3.00261 -1.24372 0
      vertex -3.00261 -1.24372 5
    endloop
  endfacet
  facet normal 0.91087 0.412694 0
    outer loop
      vertex -3.00261 -1.24372 0
      vertex -2.91484 -1.43744 5
      vertex -2.91484 -1.43744 0
    endloop
  endfacet
  facet normal -0.986638 -0.162925 0
    outer loop
      vertex 3.2222 0.42421 0
      vertex 3.18755 0.634043 5
      vertex 3.18755 0.634043 0
    endloop
  endfacet
  facet normal -0.986638 -0.162925 0
    outer loop
      vertex 3.18755 0.634043 5
      vertex 3.2222 0.42421 0
      vertex 3.2222 0.42421 5
    endloop
  endfacet
  facet normal -0.881907 -0.471423 0
    outer loop
      vertex 2.91484 1.43744 0
      vertex 2.81458 1.625 5
      vertex 2.81458 1.625 0
    endloop
  endfacet
  facet normal -0.881907 -0.471423 0
    outer loop
      vertex 2.81458 1.625 5
      vertex 2.91484 1.43744 0
      vertex 2.91484 1.43744 5
    endloop
  endfacet
  facet normal -0.77301 -0.634394 0
    outer loop
      vertex 2.5784 1.97847 0
      vertex 2.44348 2.14287 5
      vertex 2.44348 2.14287 0
    endloop
  endfacet
  facet normal -0.77301 -0.634394 0
    outer loop
      vertex 2.44348 2.14287 5
      vertex 2.5784 1.97847 0
      vertex 2.5784 1.97847 5
    endloop
  endfacet
  facet normal -0.729885 -0.68357 0
    outer loop
      vertex 2.44348 2.14287 0
      vertex 2.2981 2.2981 5
      vertex 2.2981 2.2981 0
    endloop
  endfacet
  facet normal -0.729885 -0.68357 0
    outer loop
      vertex 2.2981 2.2981 5
      vertex 2.44348 2.14287 0
      vertex 2.44348 2.14287 5
    endloop
  endfacet
  facet normal -0.634394 -0.77301 0
    outer loop
      vertex 1.97847 2.5784 0
      vertex 2.14287 2.44348 5
      vertex 1.97847 2.5784 5
    endloop
  endfacet
  facet normal -0.634394 -0.77301 -0
    outer loop
      vertex 2.14287 2.44348 5
      vertex 1.97847 2.5784 0
      vertex 2.14287 2.44348 0
    endloop
  endfacet
  facet normal -0.471423 -0.881907 0
    outer loop
      vertex 1.43744 2.91484 0
      vertex 1.625 2.81458 5
      vertex 1.43744 2.91484 5
    endloop
  endfacet
  facet normal -0.471423 -0.881907 -0
    outer loop
      vertex 1.625 2.81458 5
      vertex 1.43744 2.91484 0
      vertex 1.625 2.81458 0
    endloop
  endfacet
  facet normal -0.528053 -0.849211 0
    outer loop
      vertex 1.625 2.81458 0
      vertex 1.8056 2.70228 5
      vertex 1.625 2.81458 5
    endloop
  endfacet
  facet normal -0.528053 -0.849211 -0
    outer loop
      vertex 1.8056 2.70228 5
      vertex 1.625 2.81458 0
      vertex 1.8056 2.70228 0
    endloop
  endfacet
  facet normal -0.2903 -0.956936 0
    outer loop
      vertex 0.841162 3.13926 0
      vertex 1.04468 3.07752 5
      vertex 0.841162 3.13926 5
    endloop
  endfacet
  facet normal -0.2903 -0.956936 -0
    outer loop
      vertex 1.04468 3.07752 5
      vertex 0.841162 3.13926 0
      vertex 1.04468 3.07752 0
    endloop
  endfacet
  facet normal -0.352236 -0.935911 0
    outer loop
      vertex 1.04468 3.07752 0
      vertex 1.24372 3.00261 5
      vertex 1.04468 3.07752 5
    endloop
  endfacet
  facet normal -0.352236 -0.935911 -0
    outer loop
      vertex 1.24372 3.00261 5
      vertex 1.04468 3.07752 0
      vertex 1.24372 3.00261 0
    endloop
  endfacet
  facet normal -0.0979906 -0.995187 0
    outer loop
      vertex 0.21256 3.24304 0
      vertex 0.42421 3.2222 5
      vertex 0.21256 3.24304 5
    endloop
  endfacet
  facet normal -0.0979906 -0.995187 -0
    outer loop
      vertex 0.42421 3.2222 5
      vertex 0.21256 3.24304 0
      vertex 0.42421 3.2222 0
    endloop
  endfacet
  facet normal 0.956936 -0.2903 0
    outer loop
      vertex -3.13926 0.841162 5
      vertex -3.07752 1.04468 0
      vertex -3.07752 1.04468 5
    endloop
  endfacet
  facet normal 0.956936 -0.2903 0
    outer loop
      vertex -3.07752 1.04468 0
      vertex -3.13926 0.841162 5
      vertex -3.13926 0.841162 0
    endloop
  endfacet
  facet normal 0.935911 -0.352236 0
    outer loop
      vertex -3.07752 1.04468 5
      vertex -3.00261 1.24372 0
      vertex -3.00261 1.24372 5
    endloop
  endfacet
  facet normal 0.935911 -0.352236 0
    outer loop
      vertex -3.00261 1.24372 0
      vertex -3.07752 1.04468 5
      vertex -3.07752 1.04468 0
    endloop
  endfacet
  facet normal 0.995187 -0.0979906 0
    outer loop
      vertex -3.24304 0.21256 5
      vertex -3.2222 0.42421 0
      vertex -3.2222 0.42421 5
    endloop
  endfacet
  facet normal 0.995187 -0.0979906 0
    outer loop
      vertex -3.2222 0.42421 0
      vertex -3.24304 0.21256 5
      vertex -3.24304 0.21256 0
    endloop
  endfacet
  facet normal 0.849211 -0.528053 0
    outer loop
      vertex -2.81458 1.625 5
      vertex -2.70228 1.8056 0
      vertex -2.70228 1.8056 5
    endloop
  endfacet
  facet normal 0.849211 -0.528053 0
    outer loop
      vertex -2.70228 1.8056 0
      vertex -2.81458 1.625 5
      vertex -2.81458 1.625 0
    endloop
  endfacet
  facet normal 0.881907 -0.471423 0
    outer loop
      vertex -2.91484 1.43744 5
      vertex -2.81458 1.625 0
      vertex -2.81458 1.625 5
    endloop
  endfacet
  facet normal 0.881907 -0.471423 0
    outer loop
      vertex -2.81458 1.625 0
      vertex -2.91484 1.43744 5
      vertex -2.91484 1.43744 0
    endloop
  endfacet
  facet normal 0.77301 -0.634394 0
    outer loop
      vertex -2.5784 1.97847 5
      vertex -2.44348 2.14287 0
      vertex -2.44348 2.14287 5
    endloop
  endfacet
  facet normal 0.77301 -0.634394 0
    outer loop
      vertex -2.44348 2.14287 0
      vertex -2.5784 1.97847 5
      vertex -2.5784 1.97847 0
    endloop
  endfacet
  facet normal 0.2903 -0.956936 0
    outer loop
      vertex -1.04468 3.07752 0
      vertex -0.841162 3.13926 5
      vertex -1.04468 3.07752 5
    endloop
  endfacet
  facet normal 0.2903 -0.956936 0
    outer loop
      vertex -0.841162 3.13926 5
      vertex -1.04468 3.07752 0
      vertex -0.841162 3.13926 0
    endloop
  endfacet
  facet normal 0.0979906 -0.995187 0
    outer loop
      vertex -0.42421 3.2222 0
      vertex -0.21256 3.24304 5
      vertex -0.42421 3.2222 5
    endloop
  endfacet
  facet normal 0.0979906 -0.995187 0
    outer loop
      vertex -0.21256 3.24304 5
      vertex -0.42421 3.2222 0
      vertex -0.21256 3.24304 0
    endloop
  endfacet
  facet normal 0.471423 -0.881907 0
    outer loop
      vertex -1.625 2.81458 0
      vertex -1.43744 2.91484 5
      vertex -1.625 2.81458 5
    endloop
  endfacet
  facet normal 0.471423 -0.881907 0
    outer loop
      vertex -1.43744 2.91484 5
      vertex -1.625 2.81458 0
      vertex -1.43744 2.91484 0
    endloop
  endfacet
  facet normal 0.634394 -0.77301 0
    outer loop
      vertex -2.14287 2.44348 0
      vertex -1.97847 2.5784 5
      vertex -2.14287 2.44348 5
    endloop
  endfacet
  facet normal 0.634394 -0.77301 0
    outer loop
      vertex -1.97847 2.5784 5
      vertex -2.14287 2.44348 0
      vertex -1.97847 2.5784 0
    endloop
  endfacet
  facet normal 0.68357 -0.729885 0
    outer loop
      vertex -2.2981 2.2981 0
      vertex -2.14287 2.44348 5
      vertex -2.2981 2.2981 5
    endloop
  endfacet
  facet normal 0.68357 -0.729885 0
    outer loop
      vertex -2.14287 2.44348 5
      vertex -2.2981 2.2981 0
      vertex -2.14287 2.44348 0
    endloop
  endfacet
  facet normal -0.999464 0.0327262 0
    outer loop
      vertex 3.24304 -0.21256 0
      vertex 3.25 0 5
      vertex 3.25 0 0
    endloop
  endfacet
  facet normal -0.999464 0.0327262 0
    outer loop
      vertex 3.25 0 5
      vertex 3.24304 -0.21256 0
      vertex 3.24304 -0.21256 5
    endloop
  endfacet
  facet normal -0.995187 0.0979906 0
    outer loop
      vertex 3.2222 -0.42421 0
      vertex 3.24304 -0.21256 5
      vertex 3.24304 -0.21256 0
    endloop
  endfacet
  facet normal -0.995187 0.0979906 0
    outer loop
      vertex 3.24304 -0.21256 5
      vertex 3.2222 -0.42421 0
      vertex 3.2222 -0.42421 5
    endloop
  endfacet
  facet normal -0.162925 0.986638 0
    outer loop
      vertex 0.634043 -3.18755 0
      vertex 0.42421 -3.2222 5
      vertex 0.634043 -3.18755 5
    endloop
  endfacet
  facet normal -0.162925 0.986638 0
    outer loop
      vertex 0.42421 -3.2222 5
      vertex 0.634043 -3.18755 0
      vertex 0.42421 -3.2222 0
    endloop
  endfacet
  facet normal -0.0327262 0.999464 0
    outer loop
      vertex 0.21256 -3.24304 0
      vertex 0 -3.25 5
      vertex 0.21256 -3.24304 5
    endloop
  endfacet
  facet normal -0.0327262 0.999464 0
    outer loop
      vertex 0 -3.25 5
      vertex 0.21256 -3.24304 0
      vertex 0 -3.25 0
    endloop
  endfacet
  facet normal -0.935911 0.352236 0
    outer loop
      vertex 3.00261 -1.24372 0
      vertex 3.07752 -1.04468 5
      vertex 3.07752 -1.04468 0
    endloop
  endfacet
  facet normal -0.935911 0.352236 0
    outer loop
      vertex 3.07752 -1.04468 5
      vertex 3.00261 -1.24372 0
      vertex 3.00261 -1.24372 5
    endloop
  endfacet
  facet normal -0.97388 0.227061 0
    outer loop
      vertex 3.13926 -0.841162 0
      vertex 3.18755 -0.634043 5
      vertex 3.18755 -0.634043 0
    endloop
  endfacet
  facet normal -0.97388 0.227061 0
    outer loop
      vertex 3.18755 -0.634043 5
      vertex 3.13926 -0.841162 0
      vertex 3.13926 -0.841162 5
    endloop
  endfacet
  facet normal -0.0979906 0.995187 0
    outer loop
      vertex 0.42421 -3.2222 0
      vertex 0.21256 -3.24304 5
      vertex 0.42421 -3.2222 5
    endloop
  endfacet
  facet normal -0.0979906 0.995187 0
    outer loop
      vertex 0.21256 -3.24304 5
      vertex 0.42421 -3.2222 0
      vertex 0.21256 -3.24304 0
    endloop
  endfacet
  facet normal -0.2903 0.956936 0
    outer loop
      vertex 1.04468 -3.07752 0
      vertex 0.841162 -3.13926 5
      vertex 1.04468 -3.07752 5
    endloop
  endfacet
  facet normal -0.2903 0.956936 0
    outer loop
      vertex 0.841162 -3.13926 5
      vertex 1.04468 -3.07752 0
      vertex 0.841162 -3.13926 0
    endloop
  endfacet
  facet normal -0.634394 0.77301 0
    outer loop
      vertex 2.14287 -2.44348 0
      vertex 1.97847 -2.5784 5
      vertex 2.14287 -2.44348 5
    endloop
  endfacet
  facet normal -0.634394 0.77301 0
    outer loop
      vertex 1.97847 -2.5784 5
      vertex 2.14287 -2.44348 0
      vertex 1.97847 -2.5784 0
    endloop
  endfacet
  facet normal -0.471423 0.881907 0
    outer loop
      vertex 1.625 -2.81458 0
      vertex 1.43744 -2.91484 5
      vertex 1.625 -2.81458 5
    endloop
  endfacet
  facet normal -0.471423 0.881907 0
    outer loop
      vertex 1.43744 -2.91484 5
      vertex 1.625 -2.81458 0
      vertex 1.43744 -2.91484 0
    endloop
  endfacet
  facet normal -0.528053 0.849211 0
    outer loop
      vertex 1.8056 -2.70228 0
      vertex 1.625 -2.81458 5
      vertex 1.8056 -2.70228 5
    endloop
  endfacet
  facet normal -0.528053 0.849211 0
    outer loop
      vertex 1.625 -2.81458 5
      vertex 1.8056 -2.70228 0
      vertex 1.625 -2.81458 0
    endloop
  endfacet
  facet normal -0.881907 0.471423 0
    outer loop
      vertex 2.81458 -1.625 0
      vertex 2.91484 -1.43744 5
      vertex 2.91484 -1.43744 0
    endloop
  endfacet
  facet normal -0.881907 0.471423 0
    outer loop
      vertex 2.91484 -1.43744 5
      vertex 2.81458 -1.625 0
      vertex 2.81458 -1.625 5
    endloop
  endfacet
  facet normal -0.849211 0.528053 0
    outer loop
      vertex 2.70228 -1.8056 0
      vertex 2.81458 -1.625 5
      vertex 2.81458 -1.625 0
    endloop
  endfacet
  facet normal -0.849211 0.528053 0
    outer loop
      vertex 2.81458 -1.625 5
      vertex 2.70228 -1.8056 0
      vertex 2.70228 -1.8056 5
    endloop
  endfacet
  facet normal -0.91087 0.412694 0
    outer loop
      vertex 2.91484 -1.43744 0
      vertex 3.00261 -1.24372 5
      vertex 3.00261 -1.24372 0
    endloop
  endfacet
  facet normal -0.91087 0.412694 0
    outer loop
      vertex 3.00261 -1.24372 5
      vertex 2.91484 -1.43744 0
      vertex 2.91484 -1.43744 5
    endloop
  endfacet
  facet normal -0.81284 0.582487 0
    outer loop
      vertex 2.5784 -1.97847 0
      vertex 2.70228 -1.8056 5
      vertex 2.70228 -1.8056 0
    endloop
  endfacet
  facet normal -0.81284 0.582487 0
    outer loop
      vertex 2.70228 -1.8056 5
      vertex 2.5784 -1.97847 0
      vertex 2.5784 -1.97847 5
    endloop
  endfacet
  facet normal 0.227061 0.97388 -0
    outer loop
      vertex -0.634043 -3.18755 0
      vertex -0.841162 -3.13926 5
      vertex -0.634043 -3.18755 5
    endloop
  endfacet
  facet normal 0.227061 0.97388 0
    outer loop
      vertex -0.841162 -3.13926 5
      vertex -0.634043 -3.18755 0
      vertex -0.841162 -3.13926 0
    endloop
  endfacet
  facet normal 0.352236 0.935911 -0
    outer loop
      vertex -1.04468 -3.07752 0
      vertex -1.24372 -3.00261 5
      vertex -1.04468 -3.07752 5
    endloop
  endfacet
  facet normal 0.352236 0.935911 0
    outer loop
      vertex -1.24372 -3.00261 5
      vertex -1.04468 -3.07752 0
      vertex -1.24372 -3.00261 0
    endloop
  endfacet
  facet normal 0.0979906 0.995187 -0
    outer loop
      vertex -0.21256 -3.24304 0
      vertex -0.42421 -3.2222 5
      vertex -0.21256 -3.24304 5
    endloop
  endfacet
  facet normal 0.0979906 0.995187 0
    outer loop
      vertex -0.42421 -3.2222 5
      vertex -0.21256 -3.24304 0
      vertex -0.42421 -3.2222 0
    endloop
  endfacet
  facet normal 0.2903 0.956936 -0
    outer loop
      vertex -0.841162 -3.13926 0
      vertex -1.04468 -3.07752 5
      vertex -0.841162 -3.13926 5
    endloop
  endfacet
  facet normal 0.2903 0.956936 0
    outer loop
      vertex -1.04468 -3.07752 5
      vertex -0.841162 -3.13926 0
      vertex -1.04468 -3.07752 0
    endloop
  endfacet
  facet normal 0.412694 0.91087 -0
    outer loop
      vertex -1.24372 -3.00261 0
      vertex -1.43744 -2.91484 5
      vertex -1.24372 -3.00261 5
    endloop
  endfacet
  facet normal 0.412694 0.91087 0
    outer loop
      vertex -1.43744 -2.91484 5
      vertex -1.24372 -3.00261 0
      vertex -1.43744 -2.91484 0
    endloop
  endfacet
  facet normal 0.528053 0.849211 -0
    outer loop
      vertex -1.625 -2.81458 0
      vertex -1.8056 -2.70228 5
      vertex -1.625 -2.81458 5
    endloop
  endfacet
  facet normal 0.528053 0.849211 0
    outer loop
      vertex -1.8056 -2.70228 5
      vertex -1.625 -2.81458 0
      vertex -1.8056 -2.70228 0
    endloop
  endfacet
  facet normal 0.471423 0.881907 -0
    outer loop
      vertex -1.43744 -2.91484 0
      vertex -1.625 -2.81458 5
      vertex -1.43744 -2.91484 5
    endloop
  endfacet
  facet normal 0.471423 0.881907 0
    outer loop
      vertex -1.625 -2.81458 5
      vertex -1.43744 -2.91484 0
      vertex -1.625 -2.81458 0
    endloop
  endfacet
  facet normal 0.582487 0.81284 -0
    outer loop
      vertex -1.8056 -2.70228 0
      vertex -1.97847 -2.5784 5
      vertex -1.8056 -2.70228 5
    endloop
  endfacet
  facet normal 0.582487 0.81284 0
    outer loop
      vertex -1.97847 -2.5784 5
      vertex -1.8056 -2.70228 0
      vertex -1.97847 -2.5784 0
    endloop
  endfacet
  facet normal 0.956936 0.2903 0
    outer loop
      vertex -3.07752 -1.04468 5
      vertex -3.13926 -0.841162 0
      vertex -3.13926 -0.841162 5
    endloop
  endfacet
  facet normal 0.956936 0.2903 0
    outer loop
      vertex -3.13926 -0.841162 0
      vertex -3.07752 -1.04468 5
      vertex -3.07752 -1.04468 0
    endloop
  endfacet
  facet normal 0.999464 0.0327262 0
    outer loop
      vertex -3.24304 -0.21256 5
      vertex -3.25 0 0
      vertex -3.25 0 5
    endloop
  endfacet
  facet normal 0.999464 0.0327262 0
    outer loop
      vertex -3.25 0 0
      vertex -3.24304 -0.21256 5
      vertex -3.24304 -0.21256 0
    endloop
  endfacet
  facet normal 0.986638 0.162925 0
    outer loop
      vertex -3.18755 -0.634043 5
      vertex -3.2222 -0.42421 0
      vertex -3.2222 -0.42421 5
    endloop
  endfacet
  facet normal 0.986638 0.162925 0
    outer loop
      vertex -3.2222 -0.42421 0
      vertex -3.18755 -0.634043 5
      vertex -3.18755 -0.634043 0
    endloop
  endfacet
  facet normal 0.881907 0.471423 0
    outer loop
      vertex -2.81458 -1.625 5
      vertex -2.91484 -1.43744 0
      vertex -2.91484 -1.43744 5
    endloop
  endfacet
  facet normal 0.881907 0.471423 0
    outer loop
      vertex -2.91484 -1.43744 0
      vertex -2.81458 -1.625 5
      vertex -2.81458 -1.625 0
    endloop
  endfacet
  facet normal 0.77301 0.634394 0
    outer loop
      vertex -2.44348 -2.14287 5
      vertex -2.5784 -1.97847 0
      vertex -2.5784 -1.97847 5
    endloop
  endfacet
  facet normal 0.77301 0.634394 0
    outer loop
      vertex -2.5784 -1.97847 0
      vertex -2.44348 -2.14287 5
      vertex -2.44348 -2.14287 0
    endloop
  endfacet
  facet normal -0.956936 0.2903 0
    outer loop
      vertex 3.07752 -1.04468 0
      vertex 3.13926 -0.841162 5
      vertex 3.13926 -0.841162 0
    endloop
  endfacet
  facet normal -0.956936 0.2903 0
    outer loop
      vertex 3.13926 -0.841162 5
      vertex 3.07752 -1.04468 0
      vertex 3.07752 -1.04468 5
    endloop
  endfacet
  facet normal -0.986638 0.162925 0
    outer loop
      vertex 3.18755 -0.634043 0
      vertex 3.2222 -0.42421 5
      vertex 3.2222 -0.42421 0
    endloop
  endfacet
  facet normal -0.986638 0.162925 0
    outer loop
      vertex 3.2222 -0.42421 5
      vertex 3.18755 -0.634043 0
      vertex 3.18755 -0.634043 5
    endloop
  endfacet
  facet normal -0.352236 0.935911 0
    outer loop
      vertex 1.24372 -3.00261 0
      vertex 1.04468 -3.07752 5
      vertex 1.24372 -3.00261 5
    endloop
  endfacet
  facet normal -0.352236 0.935911 0
    outer loop
      vertex 1.04468 -3.07752 5
      vertex 1.24372 -3.00261 0
      vertex 1.04468 -3.07752 0
    endloop
  endfacet
  facet normal -0.68357 0.729885 0
    outer loop
      vertex 2.2981 -2.2981 0
      vertex 2.14287 -2.44348 5
      vertex 2.2981 -2.2981 5
    endloop
  endfacet
  facet normal -0.68357 0.729885 0
    outer loop
      vertex 2.14287 -2.44348 5
      vertex 2.2981 -2.2981 0
      vertex 2.14287 -2.44348 0
    endloop
  endfacet
  facet normal -0.77301 0.634394 0
    outer loop
      vertex 2.44348 -2.14287 0
      vertex 2.5784 -1.97847 5
      vertex 2.5784 -1.97847 0
    endloop
  endfacet
  facet normal -0.77301 0.634394 0
    outer loop
      vertex 2.5784 -1.97847 5
      vertex 2.44348 -2.14287 0
      vertex 2.44348 -2.14287 5
    endloop
  endfacet
  facet normal 0.634394 0.77301 -0
    outer loop
      vertex -1.97847 -2.5784 0
      vertex -2.14287 -2.44348 5
      vertex -1.97847 -2.5784 5
    endloop
  endfacet
  facet normal 0.634394 0.77301 0
    outer loop
      vertex -2.14287 -2.44348 5
      vertex -1.97847 -2.5784 0
      vertex -2.14287 -2.44348 0
    endloop
  endfacet
  facet normal 0.995187 0.0979906 0
    outer loop
      vertex -3.2222 -0.42421 5
      vertex -3.24304 -0.21256 0
      vertex -3.24304 -0.21256 5
    endloop
  endfacet
  facet normal 0.995187 0.0979906 0
    outer loop
      vertex -3.24304 -0.21256 0
      vertex -3.2222 -0.42421 5
      vertex -3.2222 -0.42421 0
    endloop
  endfacet
  facet normal 0.729885 0.68357 0
    outer loop
      vertex -2.2981 -2.2981 5
      vertex -2.44348 -2.14287 0
      vertex -2.44348 -2.14287 5
    endloop
  endfacet
  facet normal 0.729885 0.68357 0
    outer loop
      vertex -2.44348 -2.14287 0
      vertex -2.2981 -2.2981 5
      vertex -2.2981 -2.2981 0
    endloop
  endfacet
  facet normal -0.634509 -0.772915 0
    outer loop
      vertex 96.0349 -17.1513 0
      vertex 96.1209 -17.2219 27
      vertex 96.0349 -17.1513 27
    endloop
  endfacet
  facet normal -0.634509 -0.772915 -0
    outer loop
      vertex 96.1209 -17.2219 27
      vertex 96.0349 -17.1513 0
      vertex 96.1209 -17.2219 0
    endloop
  endfacet
  facet normal 0.352108 -0.93596 0
    outer loop
      vertex 94.3494 -16.9294 0
      vertex 94.4536 -16.8902 27
      vertex 94.3494 -16.9294 27
    endloop
  endfacet
  facet normal 0.352108 -0.93596 0
    outer loop
      vertex 94.4536 -16.8902 27
      vertex 94.3494 -16.9294 0
      vertex 94.4536 -16.8902 0
    endloop
  endfacet
  facet normal 0.910859 -0.412719 0
    outer loop
      vertex 93.4294 -17.8494 27
      vertex 93.4753 -17.7481 0
      vertex 93.4753 -17.7481 27
    endloop
  endfacet
  facet normal 0.910859 -0.412719 0
    outer loop
      vertex 93.4753 -17.7481 0
      vertex 93.4294 -17.8494 27
      vertex 93.4294 -17.8494 0
    endloop
  endfacet
  facet normal -0.999476 0.0323571 0
    outer loop
      vertex 96.6964 -18.6112 0
      vertex 96.7 -18.5 27
      vertex 96.7 -18.5 0
    endloop
  endfacet
  facet normal -0.999476 0.0323571 0
    outer loop
      vertex 96.7 -18.5 27
      vertex 96.6964 -18.6112 0
      vertex 96.6964 -18.6112 27
    endloop
  endfacet
  facet normal -0.910859 -0.412719 0
    outer loop
      vertex 96.5706 -17.8494 0
      vertex 96.5247 -17.7481 27
      vertex 96.5247 -17.7481 0
    endloop
  endfacet
  facet normal -0.910859 -0.412719 0
    outer loop
      vertex 96.5247 -17.7481 27
      vertex 96.5706 -17.8494 0
      vertex 96.5706 -17.8494 27
    endloop
  endfacet
  facet normal -0.88168 -0.471847 0
    outer loop
      vertex 96.5247 -17.7481 0
      vertex 96.4722 -17.65 27
      vertex 96.4722 -17.65 0
    endloop
  endfacet
  facet normal -0.88168 -0.471847 0
    outer loop
      vertex 96.4722 -17.65 27
      vertex 96.5247 -17.7481 0
      vertex 96.5247 -17.7481 27
    endloop
  endfacet
  facet normal -0.412719 -0.910859 0
    outer loop
      vertex 95.6506 -16.9294 0
      vertex 95.7519 -16.9753 27
      vertex 95.6506 -16.9294 27
    endloop
  endfacet
  facet normal -0.412719 -0.910859 -0
    outer loop
      vertex 95.7519 -16.9753 27
      vertex 95.6506 -16.9294 0
      vertex 95.7519 -16.9753 0
    endloop
  endfacet
  facet normal 0.730098 -0.683343 0
    outer loop
      vertex 93.7219 -17.3791 27
      vertex 93.7979 -17.2979 0
      vertex 93.7979 -17.2979 27
    endloop
  endfacet
  facet normal 0.730098 -0.683343 0
    outer loop
      vertex 93.7979 -17.2979 0
      vertex 93.7219 -17.3791 27
      vertex 93.7219 -17.3791 0
    endloop
  endfacet
  facet normal 0.16367 -0.986515 0
    outer loop
      vertex 94.6684 -16.8327 0
      vertex 94.7781 -16.8145 27
      vertex 94.6684 -16.8327 27
    endloop
  endfacet
  facet normal 0.16367 -0.986515 0
    outer loop
      vertex 94.7781 -16.8145 27
      vertex 94.6684 -16.8327 0
      vertex 94.7781 -16.8145 0
    endloop
  endfacet
  facet normal -0.352108 0.93596 0
    outer loop
      vertex 95.6506 -20.0706 0
      vertex 95.5464 -20.1098 27
      vertex 95.6506 -20.0706 27
    endloop
  endfacet
  facet normal -0.352108 0.93596 0
    outer loop
      vertex 95.5464 -20.1098 27
      vertex 95.6506 -20.0706 0
      vertex 95.5464 -20.1098 0
    endloop
  endfacet
  facet normal 0.683343 0.730098 -0
    outer loop
      vertex 93.8791 -19.7781 0
      vertex 93.7979 -19.7021 27
      vertex 93.8791 -19.7781 27
    endloop
  endfacet
  facet normal 0.683343 0.730098 0
    outer loop
      vertex 93.7979 -19.7021 27
      vertex 93.8791 -19.7781 0
      vertex 93.7979 -19.7021 0
    endloop
  endfacet
  facet normal 0.81276 0.582598 0
    outer loop
      vertex 93.6513 -19.5349 27
      vertex 93.5865 -19.4445 0
      vertex 93.5865 -19.4445 27
    endloop
  endfacet
  facet normal 0.81276 0.582598 0
    outer loop
      vertex 93.5865 -19.4445 0
      vertex 93.6513 -19.5349 27
      vertex 93.6513 -19.5349 0
    endloop
  endfacet
  facet normal -0.986539 -0.163525 0
    outer loop
      vertex 96.6855 -18.2781 0
      vertex 96.6673 -18.1683 27
      vertex 96.6673 -18.1683 0
    endloop
  endfacet
  facet normal -0.986539 -0.163525 0
    outer loop
      vertex 96.6673 -18.1683 27
      vertex 96.6855 -18.2781 0
      vertex 96.6855 -18.2781 27
    endloop
  endfacet
  facet normal -0.97398 -0.226633 0
    outer loop
      vertex 96.6673 -18.1683 0
      vertex 96.6421 -18.06 27
      vertex 96.6421 -18.06 0
    endloop
  endfacet
  facet normal -0.97398 -0.226633 0
    outer loop
      vertex 96.6421 -18.06 27
      vertex 96.6673 -18.1683 0
      vertex 96.6673 -18.1683 27
    endloop
  endfacet
  facet normal -0.772915 -0.634509 0
    outer loop
      vertex 96.3487 -17.4651 0
      vertex 96.2781 -17.3791 27
      vertex 96.2781 -17.3791 0
    endloop
  endfacet
  facet normal -0.772915 -0.634509 0
    outer loop
      vertex 96.2781 -17.3791 27
      vertex 96.3487 -17.4651 0
      vertex 96.3487 -17.4651 27
    endloop
  endfacet
  facet normal -0.81276 -0.582598 0
    outer loop
      vertex 96.4135 -17.5555 0
      vertex 96.3487 -17.4651 27
      vertex 96.3487 -17.4651 0
    endloop
  endfacet
  facet normal -0.81276 -0.582598 0
    outer loop
      vertex 96.3487 -17.4651 27
      vertex 96.4135 -17.5555 0
      vertex 96.4135 -17.5555 27
    endloop
  endfacet
  facet normal -0.84946 -0.527654 0
    outer loop
      vertex 96.4722 -17.65 0
      vertex 96.4135 -17.5555 27
      vertex 96.4135 -17.5555 0
    endloop
  endfacet
  facet normal -0.84946 -0.527654 0
    outer loop
      vertex 96.4135 -17.5555 27
      vertex 96.4722 -17.65 0
      vertex 96.4722 -17.65 27
    endloop
  endfacet
  facet normal -0.730098 -0.683343 0
    outer loop
      vertex 96.2781 -17.3791 0
      vertex 96.2021 -17.2979 27
      vertex 96.2021 -17.2979 0
    endloop
  endfacet
  facet normal -0.730098 -0.683343 0
    outer loop
      vertex 96.2021 -17.2979 27
      vertex 96.2781 -17.3791 0
      vertex 96.2781 -17.3791 27
    endloop
  endfacet
  facet normal -0.582598 -0.81276 0
    outer loop
      vertex 95.9445 -17.0865 0
      vertex 96.0349 -17.1513 27
      vertex 95.9445 -17.0865 27
    endloop
  endfacet
  facet normal -0.582598 -0.81276 -0
    outer loop
      vertex 96.0349 -17.1513 27
      vertex 95.9445 -17.0865 0
      vertex 96.0349 -17.1513 0
    endloop
  endfacet
  facet normal -0.0323571 -0.999476 0
    outer loop
      vertex 95 -16.8 0
      vertex 95.1112 -16.8036 27
      vertex 95 -16.8 27
    endloop
  endfacet
  facet normal -0.0323571 -0.999476 -0
    outer loop
      vertex 95.1112 -16.8036 27
      vertex 95 -16.8 0
      vertex 95.1112 -16.8036 0
    endloop
  endfacet
  facet normal -0.0979904 -0.995187 0
    outer loop
      vertex 95.1112 -16.8036 0
      vertex 95.2219 -16.8145 27
      vertex 95.1112 -16.8036 27
    endloop
  endfacet
  facet normal -0.0979904 -0.995187 -0
    outer loop
      vertex 95.2219 -16.8145 27
      vertex 95.1112 -16.8036 0
      vertex 95.2219 -16.8145 0
    endloop
  endfacet
  facet normal -0.290482 -0.956881 0
    outer loop
      vertex 95.44 -16.8579 0
      vertex 95.5464 -16.8902 27
      vertex 95.44 -16.8579 27
    endloop
  endfacet
  facet normal -0.290482 -0.956881 -0
    outer loop
      vertex 95.5464 -16.8902 27
      vertex 95.44 -16.8579 0
      vertex 95.5464 -16.8902 0
    endloop
  endfacet
  facet normal -0.226434 -0.974026 0
    outer loop
      vertex 95.3316 -16.8327 0
      vertex 95.44 -16.8579 27
      vertex 95.3316 -16.8327 27
    endloop
  endfacet
  facet normal -0.226434 -0.974026 -0
    outer loop
      vertex 95.44 -16.8579 27
      vertex 95.3316 -16.8327 0
      vertex 95.44 -16.8579 0
    endloop
  endfacet
  facet normal 0.999476 -0.0323571 0
    outer loop
      vertex 93.3 -18.5 27
      vertex 93.3036 -18.3888 0
      vertex 93.3036 -18.3888 27
    endloop
  endfacet
  facet normal 0.999476 -0.0323571 0
    outer loop
      vertex 93.3036 -18.3888 0
      vertex 93.3 -18.5 27
      vertex 93.3 -18.5 0
    endloop
  endfacet
  facet normal 0.995187 -0.0979904 0
    outer loop
      vertex 93.3036 -18.3888 27
      vertex 93.3145 -18.2781 0
      vertex 93.3145 -18.2781 27
    endloop
  endfacet
  facet normal 0.995187 -0.0979904 0
    outer loop
      vertex 93.3145 -18.2781 0
      vertex 93.3036 -18.3888 27
      vertex 93.3036 -18.3888 0
    endloop
  endfacet
  facet normal 0.956881 -0.290482 0
    outer loop
      vertex 93.3579 -18.06 27
      vertex 93.3902 -17.9536 0
      vertex 93.3902 -17.9536 27
    endloop
  endfacet
  facet normal 0.956881 -0.290482 0
    outer loop
      vertex 93.3902 -17.9536 0
      vertex 93.3579 -18.06 27
      vertex 93.3579 -18.06 0
    endloop
  endfacet
  facet normal 0.97398 -0.226633 0
    outer loop
      vertex 93.3327 -18.1683 27
      vertex 93.3579 -18.06 0
      vertex 93.3579 -18.06 27
    endloop
  endfacet
  facet normal 0.97398 -0.226633 0
    outer loop
      vertex 93.3579 -18.06 0
      vertex 93.3327 -18.1683 27
      vertex 93.3327 -18.1683 0
    endloop
  endfacet
  facet normal 0.88168 -0.471847 0
    outer loop
      vertex 93.4753 -17.7481 27
      vertex 93.5278 -17.65 0
      vertex 93.5278 -17.65 27
    endloop
  endfacet
  facet normal 0.88168 -0.471847 0
    outer loop
      vertex 93.5278 -17.65 0
      vertex 93.4753 -17.7481 27
      vertex 93.4753 -17.7481 0
    endloop
  endfacet
  facet normal 0.81276 -0.582598 0
    outer loop
      vertex 93.5865 -17.5555 27
      vertex 93.6513 -17.4651 0
      vertex 93.6513 -17.4651 27
    endloop
  endfacet
  facet normal 0.81276 -0.582598 0
    outer loop
      vertex 93.6513 -17.4651 0
      vertex 93.5865 -17.5555 27
      vertex 93.5865 -17.5555 0
    endloop
  endfacet
  facet normal 0.226434 -0.974026 0
    outer loop
      vertex 94.56 -16.8579 0
      vertex 94.6684 -16.8327 27
      vertex 94.56 -16.8579 27
    endloop
  endfacet
  facet normal 0.226434 -0.974026 0
    outer loop
      vertex 94.6684 -16.8327 27
      vertex 94.56 -16.8579 0
      vertex 94.6684 -16.8327 0
    endloop
  endfacet
  facet normal 0.0323571 -0.999476 0
    outer loop
      vertex 94.8888 -16.8036 0
      vertex 95 -16.8 27
      vertex 94.8888 -16.8036 27
    endloop
  endfacet
  facet normal 0.0323571 -0.999476 0
    outer loop
      vertex 95 -16.8 27
      vertex 94.8888 -16.8036 0
      vertex 95 -16.8 0
    endloop
  endfacet
  facet normal 0.527654 -0.84946 0
    outer loop
      vertex 94.0555 -17.0865 0
      vertex 94.15 -17.0278 27
      vertex 94.0555 -17.0865 27
    endloop
  endfacet
  facet normal 0.527654 -0.84946 0
    outer loop
      vertex 94.15 -17.0278 27
      vertex 94.0555 -17.0865 0
      vertex 94.15 -17.0278 0
    endloop
  endfacet
  facet normal 0.412719 -0.910859 0
    outer loop
      vertex 94.2481 -16.9753 0
      vertex 94.3494 -16.9294 27
      vertex 94.2481 -16.9753 27
    endloop
  endfacet
  facet normal 0.412719 -0.910859 0
    outer loop
      vertex 94.3494 -16.9294 27
      vertex 94.2481 -16.9753 0
      vertex 94.3494 -16.9294 0
    endloop
  endfacet
  facet normal 0.683343 -0.730098 0
    outer loop
      vertex 93.7979 -17.2979 0
      vertex 93.8791 -17.2219 27
      vertex 93.7979 -17.2979 27
    endloop
  endfacet
  facet normal 0.683343 -0.730098 0
    outer loop
      vertex 93.8791 -17.2219 27
      vertex 93.7979 -17.2979 0
      vertex 93.8791 -17.2219 0
    endloop
  endfacet
  facet normal -0.999476 -0.0323571 0
    outer loop
      vertex 96.7 -18.5 0
      vertex 96.6964 -18.3888 27
      vertex 96.6964 -18.3888 0
    endloop
  endfacet
  facet normal -0.999476 -0.0323571 0
    outer loop
      vertex 96.6964 -18.3888 27
      vertex 96.7 -18.5 0
      vertex 96.7 -18.5 27
    endloop
  endfacet
  facet normal -0.0323571 0.999476 0
    outer loop
      vertex 95.1112 -20.1964 0
      vertex 95 -20.2 27
      vertex 95.1112 -20.1964 27
    endloop
  endfacet
  facet normal -0.0323571 0.999476 0
    outer loop
      vertex 95 -20.2 27
      vertex 95.1112 -20.1964 0
      vertex 95 -20.2 0
    endloop
  endfacet
  facet normal -0.956881 0.290482 0
    outer loop
      vertex 96.6098 -19.0464 0
      vertex 96.6421 -18.94 27
      vertex 96.6421 -18.94 0
    endloop
  endfacet
  facet normal -0.956881 0.290482 0
    outer loop
      vertex 96.6421 -18.94 27
      vertex 96.6098 -19.0464 0
      vertex 96.6098 -19.0464 27
    endloop
  endfacet
  facet normal -0.772915 0.634509 0
    outer loop
      vertex 96.2781 -19.6209 0
      vertex 96.3487 -19.5349 27
      vertex 96.3487 -19.5349 0
    endloop
  endfacet
  facet normal -0.772915 0.634509 0
    outer loop
      vertex 96.3487 -19.5349 27
      vertex 96.2781 -19.6209 0
      vertex 96.2781 -19.6209 27
    endloop
  endfacet
  facet normal -0.910859 0.412719 0
    outer loop
      vertex 96.5247 -19.2519 0
      vertex 96.5706 -19.1506 27
      vertex 96.5706 -19.1506 0
    endloop
  endfacet
  facet normal -0.910859 0.412719 0
    outer loop
      vertex 96.5706 -19.1506 27
      vertex 96.5247 -19.2519 0
      vertex 96.5247 -19.2519 27
    endloop
  endfacet
  facet normal -0.0979904 0.995187 0
    outer loop
      vertex 95.2219 -20.1855 0
      vertex 95.1112 -20.1964 27
      vertex 95.2219 -20.1855 27
    endloop
  endfacet
  facet normal -0.0979904 0.995187 0
    outer loop
      vertex 95.1112 -20.1964 27
      vertex 95.2219 -20.1855 0
      vertex 95.1112 -20.1964 0
    endloop
  endfacet
  facet normal -0.226434 0.974026 0
    outer loop
      vertex 95.44 -20.1421 0
      vertex 95.3316 -20.1673 27
      vertex 95.44 -20.1421 27
    endloop
  endfacet
  facet normal -0.226434 0.974026 0
    outer loop
      vertex 95.3316 -20.1673 27
      vertex 95.44 -20.1421 0
      vertex 95.3316 -20.1673 0
    endloop
  endfacet
  facet normal -0.634509 0.772915 0
    outer loop
      vertex 96.1209 -19.7781 0
      vertex 96.0349 -19.8487 27
      vertex 96.1209 -19.7781 27
    endloop
  endfacet
  facet normal -0.634509 0.772915 0
    outer loop
      vertex 96.0349 -19.8487 27
      vertex 96.1209 -19.7781 0
      vertex 96.0349 -19.8487 0
    endloop
  endfacet
  facet normal -0.730098 0.683343 0
    outer loop
      vertex 96.2021 -19.7021 0
      vertex 96.2781 -19.6209 27
      vertex 96.2781 -19.6209 0
    endloop
  endfacet
  facet normal -0.730098 0.683343 0
    outer loop
      vertex 96.2781 -19.6209 27
      vertex 96.2021 -19.7021 0
      vertex 96.2021 -19.7021 27
    endloop
  endfacet
  facet normal -0.582598 0.81276 0
    outer loop
      vertex 96.0349 -19.8487 0
      vertex 95.9445 -19.9135 27
      vertex 96.0349 -19.8487 27
    endloop
  endfacet
  facet normal -0.582598 0.81276 0
    outer loop
      vertex 95.9445 -19.9135 27
      vertex 96.0349 -19.8487 0
      vertex 95.9445 -19.9135 0
    endloop
  endfacet
  facet normal 0.582598 0.81276 -0
    outer loop
      vertex 94.0555 -19.9135 0
      vertex 93.9651 -19.8487 27
      vertex 94.0555 -19.9135 27
    endloop
  endfacet
  facet normal 0.582598 0.81276 0
    outer loop
      vertex 93.9651 -19.8487 27
      vertex 94.0555 -19.9135 0
      vertex 93.9651 -19.8487 0
    endloop
  endfacet
  facet normal 0.97398 0.226633 0
    outer loop
      vertex 93.3579 -18.94 27
      vertex 93.3327 -18.8317 0
      vertex 93.3327 -18.8317 27
    endloop
  endfacet
  facet normal 0.97398 0.226633 0
    outer loop
      vertex 93.3327 -18.8317 0
      vertex 93.3579 -18.94 27
      vertex 93.3579 -18.94 0
    endloop
  endfacet
  facet normal 0.93596 0.352108 0
    outer loop
      vertex 93.4294 -19.1506 27
      vertex 93.3902 -19.0464 0
      vertex 93.3902 -19.0464 27
    endloop
  endfacet
  facet normal 0.93596 0.352108 0
    outer loop
      vertex 93.3902 -19.0464 0
      vertex 93.4294 -19.1506 27
      vertex 93.4294 -19.1506 0
    endloop
  endfacet
  facet normal 0.986539 0.163525 0
    outer loop
      vertex 93.3327 -18.8317 27
      vertex 93.3145 -18.7219 0
      vertex 93.3145 -18.7219 27
    endloop
  endfacet
  facet normal 0.986539 0.163525 0
    outer loop
      vertex 93.3145 -18.7219 0
      vertex 93.3327 -18.8317 27
      vertex 93.3327 -18.8317 0
    endloop
  endfacet
  facet normal 0.999476 0.0323571 0
    outer loop
      vertex 93.3036 -18.6112 27
      vertex 93.3 -18.5 0
      vertex 93.3 -18.5 27
    endloop
  endfacet
  facet normal 0.999476 0.0323571 0
    outer loop
      vertex 93.3 -18.5 0
      vertex 93.3036 -18.6112 27
      vertex 93.3036 -18.6112 0
    endloop
  endfacet
  facet normal 0.910859 0.412719 0
    outer loop
      vertex 93.4753 -19.2519 27
      vertex 93.4294 -19.1506 0
      vertex 93.4294 -19.1506 27
    endloop
  endfacet
  facet normal 0.910859 0.412719 0
    outer loop
      vertex 93.4294 -19.1506 0
      vertex 93.4753 -19.2519 27
      vertex 93.4753 -19.2519 0
    endloop
  endfacet
  facet normal -0.995187 -0.0979904 0
    outer loop
      vertex 96.6964 -18.3888 0
      vertex 96.6855 -18.2781 27
      vertex 96.6855 -18.2781 0
    endloop
  endfacet
  facet normal -0.995187 -0.0979904 0
    outer loop
      vertex 96.6855 -18.2781 27
      vertex 96.6964 -18.3888 0
      vertex 96.6964 -18.3888 27
    endloop
  endfacet
  facet normal -0.956881 -0.290482 0
    outer loop
      vertex 96.6421 -18.06 0
      vertex 96.6098 -17.9536 27
      vertex 96.6098 -17.9536 0
    endloop
  endfacet
  facet normal -0.956881 -0.290482 0
    outer loop
      vertex 96.6098 -17.9536 27
      vertex 96.6421 -18.06 0
      vertex 96.6421 -18.06 27
    endloop
  endfacet
  facet normal -0.93596 -0.352108 0
    outer loop
      vertex 96.6098 -17.9536 0
      vertex 96.5706 -17.8494 27
      vertex 96.5706 -17.8494 0
    endloop
  endfacet
  facet normal -0.93596 -0.352108 0
    outer loop
      vertex 96.5706 -17.8494 27
      vertex 96.6098 -17.9536 0
      vertex 96.6098 -17.9536 27
    endloop
  endfacet
  facet normal -0.683343 -0.730098 0
    outer loop
      vertex 96.1209 -17.2219 0
      vertex 96.2021 -17.2979 27
      vertex 96.1209 -17.2219 27
    endloop
  endfacet
  facet normal -0.683343 -0.730098 -0
    outer loop
      vertex 96.2021 -17.2979 27
      vertex 96.1209 -17.2219 0
      vertex 96.2021 -17.2979 0
    endloop
  endfacet
  facet normal -0.527654 -0.84946 0
    outer loop
      vertex 95.85 -17.0278 0
      vertex 95.9445 -17.0865 27
      vertex 95.85 -17.0278 27
    endloop
  endfacet
  facet normal -0.527654 -0.84946 -0
    outer loop
      vertex 95.9445 -17.0865 27
      vertex 95.85 -17.0278 0
      vertex 95.9445 -17.0865 0
    endloop
  endfacet
  facet normal -0.471847 -0.88168 0
    outer loop
      vertex 95.7519 -16.9753 0
      vertex 95.85 -17.0278 27
      vertex 95.7519 -16.9753 27
    endloop
  endfacet
  facet normal -0.471847 -0.88168 -0
    outer loop
      vertex 95.85 -17.0278 27
      vertex 95.7519 -16.9753 0
      vertex 95.85 -17.0278 0
    endloop
  endfacet
  facet normal -0.352108 -0.93596 0
    outer loop
      vertex 95.5464 -16.8902 0
      vertex 95.6506 -16.9294 27
      vertex 95.5464 -16.8902 27
    endloop
  endfacet
  facet normal -0.352108 -0.93596 -0
    outer loop
      vertex 95.6506 -16.9294 27
      vertex 95.5464 -16.8902 0
      vertex 95.6506 -16.9294 0
    endloop
  endfacet
  facet normal -0.16367 -0.986515 0
    outer loop
      vertex 95.2219 -16.8145 0
      vertex 95.3316 -16.8327 27
      vertex 95.2219 -16.8145 27
    endloop
  endfacet
  facet normal -0.16367 -0.986515 -0
    outer loop
      vertex 95.3316 -16.8327 27
      vertex 95.2219 -16.8145 0
      vertex 95.3316 -16.8327 0
    endloop
  endfacet
  facet normal 0.93596 -0.352108 0
    outer loop
      vertex 93.3902 -17.9536 27
      vertex 93.4294 -17.8494 0
      vertex 93.4294 -17.8494 27
    endloop
  endfacet
  facet normal 0.93596 -0.352108 0
    outer loop
      vertex 93.4294 -17.8494 0
      vertex 93.3902 -17.9536 27
      vertex 93.3902 -17.9536 0
    endloop
  endfacet
  facet normal 0.582598 -0.81276 0
    outer loop
      vertex 93.9651 -17.1513 0
      vertex 94.0555 -17.0865 27
      vertex 93.9651 -17.1513 27
    endloop
  endfacet
  facet normal 0.582598 -0.81276 0
    outer loop
      vertex 94.0555 -17.0865 27
      vertex 93.9651 -17.1513 0
      vertex 94.0555 -17.0865 0
    endloop
  endfacet
  facet normal 0.634509 -0.772915 0
    outer loop
      vertex 93.8791 -17.2219 0
      vertex 93.9651 -17.1513 27
      vertex 93.8791 -17.2219 27
    endloop
  endfacet
  facet normal 0.634509 -0.772915 0
    outer loop
      vertex 93.9651 -17.1513 27
      vertex 93.8791 -17.2219 0
      vertex 93.9651 -17.1513 0
    endloop
  endfacet
  facet normal -0.986539 0.163525 0
    outer loop
      vertex 96.6673 -18.8317 0
      vertex 96.6855 -18.7219 27
      vertex 96.6855 -18.7219 0
    endloop
  endfacet
  facet normal -0.986539 0.163525 0
    outer loop
      vertex 96.6855 -18.7219 27
      vertex 96.6673 -18.8317 0
      vertex 96.6673 -18.8317 27
    endloop
  endfacet
  facet normal -0.995187 0.0979904 0
    outer loop
      vertex 96.6855 -18.7219 0
      vertex 96.6964 -18.6112 27
      vertex 96.6964 -18.6112 0
    endloop
  endfacet
  facet normal -0.995187 0.0979904 0
    outer loop
      vertex 96.6964 -18.6112 27
      vertex 96.6855 -18.7219 0
      vertex 96.6855 -18.7219 27
    endloop
  endfacet
  facet normal -0.290482 0.956881 0
    outer loop
      vertex 95.5464 -20.1098 0
      vertex 95.44 -20.1421 27
      vertex 95.5464 -20.1098 27
    endloop
  endfacet
  facet normal -0.290482 0.956881 0
    outer loop
      vertex 95.44 -20.1421 27
      vertex 95.5464 -20.1098 0
      vertex 95.44 -20.1421 0
    endloop
  endfacet
  facet normal -0.683343 0.730098 0
    outer loop
      vertex 96.2021 -19.7021 0
      vertex 96.1209 -19.7781 27
      vertex 96.2021 -19.7021 27
    endloop
  endfacet
  facet normal -0.683343 0.730098 0
    outer loop
      vertex 96.1209 -19.7781 27
      vertex 96.2021 -19.7021 0
      vertex 96.1209 -19.7781 0
    endloop
  endfacet
  facet normal -0.412719 0.910859 0
    outer loop
      vertex 95.7519 -20.0247 0
      vertex 95.6506 -20.0706 27
      vertex 95.7519 -20.0247 27
    endloop
  endfacet
  facet normal -0.412719 0.910859 0
    outer loop
      vertex 95.6506 -20.0706 27
      vertex 95.7519 -20.0247 0
      vertex 95.6506 -20.0706 0
    endloop
  endfacet
  facet normal -0.527654 0.84946 0
    outer loop
      vertex 95.9445 -19.9135 0
      vertex 95.85 -19.9722 27
      vertex 95.9445 -19.9135 27
    endloop
  endfacet
  facet normal -0.527654 0.84946 0
    outer loop
      vertex 95.85 -19.9722 27
      vertex 95.9445 -19.9135 0
      vertex 95.85 -19.9722 0
    endloop
  endfacet
  facet normal -0.471847 0.88168 0
    outer loop
      vertex 95.85 -19.9722 0
      vertex 95.7519 -20.0247 27
      vertex 95.85 -19.9722 27
    endloop
  endfacet
  facet normal -0.471847 0.88168 0
    outer loop
      vertex 95.7519 -20.0247 27
      vertex 95.85 -19.9722 0
      vertex 95.7519 -20.0247 0
    endloop
  endfacet
  facet normal 0.226434 0.974026 -0
    outer loop
      vertex 94.6684 -20.1673 0
      vertex 94.56 -20.1421 27
      vertex 94.6684 -20.1673 27
    endloop
  endfacet
  facet normal 0.226434 0.974026 0
    outer loop
      vertex 94.56 -20.1421 27
      vertex 94.6684 -20.1673 0
      vertex 94.56 -20.1421 0
    endloop
  endfacet
  facet normal 0.352108 0.93596 -0
    outer loop
      vertex 94.4536 -20.1098 0
      vertex 94.3494 -20.0706 27
      vertex 94.4536 -20.1098 27
    endloop
  endfacet
  facet normal 0.352108 0.93596 0
    outer loop
      vertex 94.3494 -20.0706 27
      vertex 94.4536 -20.1098 0
      vertex 94.3494 -20.0706 0
    endloop
  endfacet
  facet normal 0.0323571 0.999476 -0
    outer loop
      vertex 95 -20.2 0
      vertex 94.8888 -20.1964 27
      vertex 95 -20.2 27
    endloop
  endfacet
  facet normal 0.0323571 0.999476 0
    outer loop
      vertex 94.8888 -20.1964 27
      vertex 95 -20.2 0
      vertex 94.8888 -20.1964 0
    endloop
  endfacet
  facet normal 0.16367 0.986515 -0
    outer loop
      vertex 94.7781 -20.1855 0
      vertex 94.6684 -20.1673 27
      vertex 94.7781 -20.1855 27
    endloop
  endfacet
  facet normal 0.16367 0.986515 0
    outer loop
      vertex 94.6684 -20.1673 27
      vertex 94.7781 -20.1855 0
      vertex 94.6684 -20.1673 0
    endloop
  endfacet
  facet normal 0.0979904 0.995187 -0
    outer loop
      vertex 94.8888 -20.1964 0
      vertex 94.7781 -20.1855 27
      vertex 94.8888 -20.1964 27
    endloop
  endfacet
  facet normal 0.0979904 0.995187 0
    outer loop
      vertex 94.7781 -20.1855 27
      vertex 94.8888 -20.1964 0
      vertex 94.7781 -20.1855 0
    endloop
  endfacet
  facet normal 0.290482 0.956881 -0
    outer loop
      vertex 94.56 -20.1421 0
      vertex 94.4536 -20.1098 27
      vertex 94.56 -20.1421 27
    endloop
  endfacet
  facet normal 0.290482 0.956881 0
    outer loop
      vertex 94.4536 -20.1098 27
      vertex 94.56 -20.1421 0
      vertex 94.4536 -20.1098 0
    endloop
  endfacet
  facet normal 0.412719 0.910859 -0
    outer loop
      vertex 94.3494 -20.0706 0
      vertex 94.2481 -20.0247 27
      vertex 94.3494 -20.0706 27
    endloop
  endfacet
  facet normal 0.412719 0.910859 0
    outer loop
      vertex 94.2481 -20.0247 27
      vertex 94.3494 -20.0706 0
      vertex 94.2481 -20.0247 0
    endloop
  endfacet
  facet normal 0.527654 0.84946 -0
    outer loop
      vertex 94.15 -19.9722 0
      vertex 94.0555 -19.9135 27
      vertex 94.15 -19.9722 27
    endloop
  endfacet
  facet normal 0.527654 0.84946 0
    outer loop
      vertex 94.0555 -19.9135 27
      vertex 94.15 -19.9722 0
      vertex 94.0555 -19.9135 0
    endloop
  endfacet
  facet normal 0.471847 0.88168 -0
    outer loop
      vertex 94.2481 -20.0247 0
      vertex 94.15 -19.9722 27
      vertex 94.2481 -20.0247 27
    endloop
  endfacet
  facet normal 0.471847 0.88168 0
    outer loop
      vertex 94.15 -19.9722 27
      vertex 94.2481 -20.0247 0
      vertex 94.15 -19.9722 0
    endloop
  endfacet
  facet normal 0.634509 0.772915 -0
    outer loop
      vertex 93.9651 -19.8487 0
      vertex 93.8791 -19.7781 27
      vertex 93.9651 -19.8487 27
    endloop
  endfacet
  facet normal 0.634509 0.772915 0
    outer loop
      vertex 93.8791 -19.7781 27
      vertex 93.9651 -19.8487 0
      vertex 93.8791 -19.7781 0
    endloop
  endfacet
  facet normal 0.956881 0.290482 0
    outer loop
      vertex 93.3902 -19.0464 27
      vertex 93.3579 -18.94 0
      vertex 93.3579 -18.94 27
    endloop
  endfacet
  facet normal 0.956881 0.290482 0
    outer loop
      vertex 93.3579 -18.94 0
      vertex 93.3902 -19.0464 27
      vertex 93.3902 -19.0464 0
    endloop
  endfacet
  facet normal 0.995187 0.0979904 0
    outer loop
      vertex 93.3145 -18.7219 27
      vertex 93.3036 -18.6112 0
      vertex 93.3036 -18.6112 27
    endloop
  endfacet
  facet normal 0.995187 0.0979904 0
    outer loop
      vertex 93.3036 -18.6112 0
      vertex 93.3145 -18.7219 27
      vertex 93.3145 -18.7219 0
    endloop
  endfacet
  facet normal 0.88168 0.471847 0
    outer loop
      vertex 93.5278 -19.35 27
      vertex 93.4753 -19.2519 0
      vertex 93.4753 -19.2519 27
    endloop
  endfacet
  facet normal 0.88168 0.471847 0
    outer loop
      vertex 93.4753 -19.2519 0
      vertex 93.5278 -19.35 27
      vertex 93.5278 -19.35 0
    endloop
  endfacet
  facet normal 0.730098 0.683343 0
    outer loop
      vertex 93.7979 -19.7021 27
      vertex 93.7219 -19.6209 0
      vertex 93.7219 -19.6209 27
    endloop
  endfacet
  facet normal 0.730098 0.683343 0
    outer loop
      vertex 93.7219 -19.6209 0
      vertex 93.7979 -19.7021 27
      vertex 93.7979 -19.7021 0
    endloop
  endfacet
  facet normal 0.986539 -0.163525 0
    outer loop
      vertex 93.3145 -18.2781 27
      vertex 93.3327 -18.1683 0
      vertex 93.3327 -18.1683 27
    endloop
  endfacet
  facet normal 0.986539 -0.163525 0
    outer loop
      vertex 93.3327 -18.1683 0
      vertex 93.3145 -18.2781 27
      vertex 93.3145 -18.2781 0
    endloop
  endfacet
  facet normal 0.84946 -0.527654 0
    outer loop
      vertex 93.5278 -17.65 27
      vertex 93.5865 -17.5555 0
      vertex 93.5865 -17.5555 27
    endloop
  endfacet
  facet normal 0.84946 -0.527654 0
    outer loop
      vertex 93.5865 -17.5555 0
      vertex 93.5278 -17.65 27
      vertex 93.5278 -17.65 0
    endloop
  endfacet
  facet normal 0.772915 -0.634509 0
    outer loop
      vertex 93.6513 -17.4651 27
      vertex 93.7219 -17.3791 0
      vertex 93.7219 -17.3791 27
    endloop
  endfacet
  facet normal 0.772915 -0.634509 0
    outer loop
      vertex 93.7219 -17.3791 0
      vertex 93.6513 -17.4651 27
      vertex 93.6513 -17.4651 0
    endloop
  endfacet
  facet normal 0.290482 -0.956881 0
    outer loop
      vertex 94.4536 -16.8902 0
      vertex 94.56 -16.8579 27
      vertex 94.4536 -16.8902 27
    endloop
  endfacet
  facet normal 0.290482 -0.956881 0
    outer loop
      vertex 94.56 -16.8579 27
      vertex 94.4536 -16.8902 0
      vertex 94.56 -16.8579 0
    endloop
  endfacet
  facet normal 0.0979904 -0.995187 0
    outer loop
      vertex 94.7781 -16.8145 0
      vertex 94.8888 -16.8036 27
      vertex 94.7781 -16.8145 27
    endloop
  endfacet
  facet normal 0.0979904 -0.995187 0
    outer loop
      vertex 94.8888 -16.8036 27
      vertex 94.7781 -16.8145 0
      vertex 94.8888 -16.8036 0
    endloop
  endfacet
  facet normal 0.471847 -0.88168 0
    outer loop
      vertex 94.15 -17.0278 0
      vertex 94.2481 -16.9753 27
      vertex 94.15 -17.0278 27
    endloop
  endfacet
  facet normal 0.471847 -0.88168 0
    outer loop
      vertex 94.2481 -16.9753 27
      vertex 94.15 -17.0278 0
      vertex 94.2481 -16.9753 0
    endloop
  endfacet
  facet normal -0.97398 0.226633 0
    outer loop
      vertex 96.6421 -18.94 0
      vertex 96.6673 -18.8317 27
      vertex 96.6673 -18.8317 0
    endloop
  endfacet
  facet normal -0.97398 0.226633 0
    outer loop
      vertex 96.6673 -18.8317 27
      vertex 96.6421 -18.94 0
      vertex 96.6421 -18.94 27
    endloop
  endfacet
  facet normal -0.93596 0.352108 0
    outer loop
      vertex 96.5706 -19.1506 0
      vertex 96.6098 -19.0464 27
      vertex 96.6098 -19.0464 0
    endloop
  endfacet
  facet normal -0.93596 0.352108 0
    outer loop
      vertex 96.6098 -19.0464 27
      vertex 96.5706 -19.1506 0
      vertex 96.5706 -19.1506 27
    endloop
  endfacet
  facet normal -0.16367 0.986515 0
    outer loop
      vertex 95.3316 -20.1673 0
      vertex 95.2219 -20.1855 27
      vertex 95.3316 -20.1673 27
    endloop
  endfacet
  facet normal -0.16367 0.986515 0
    outer loop
      vertex 95.2219 -20.1855 27
      vertex 95.3316 -20.1673 0
      vertex 95.2219 -20.1855 0
    endloop
  endfacet
  facet normal 0.84946 0.527654 0
    outer loop
      vertex 93.5865 -19.4445 27
      vertex 93.5278 -19.35 0
      vertex 93.5278 -19.35 27
    endloop
  endfacet
  facet normal 0.84946 0.527654 0
    outer loop
      vertex 93.5278 -19.35 0
      vertex 93.5865 -19.4445 27
      vertex 93.5865 -19.4445 0
    endloop
  endfacet
  facet normal 0.772915 0.634509 0
    outer loop
      vertex 93.7219 -19.6209 27
      vertex 93.6513 -19.5349 0
      vertex 93.6513 -19.5349 27
    endloop
  endfacet
  facet normal 0.772915 0.634509 0
    outer loop
      vertex 93.6513 -19.5349 0
      vertex 93.7219 -19.6209 27
      vertex 93.7219 -19.6209 0
    endloop
  endfacet
  facet normal -0.84946 0.527654 0
    outer loop
      vertex 96.4135 -19.4445 0
      vertex 96.4722 -19.35 27
      vertex 96.4722 -19.35 0
    endloop
  endfacet
  facet normal -0.84946 0.527654 0
    outer loop
      vertex 96.4722 -19.35 27
      vertex 96.4135 -19.4445 0
      vertex 96.4135 -19.4445 27
    endloop
  endfacet
  facet normal -0.88168 0.471847 0
    outer loop
      vertex 96.4722 -19.35 0
      vertex 96.5247 -19.2519 27
      vertex 96.5247 -19.2519 0
    endloop
  endfacet
  facet normal -0.88168 0.471847 0
    outer loop
      vertex 96.5247 -19.2519 27
      vertex 96.4722 -19.35 0
      vertex 96.4722 -19.35 27
    endloop
  endfacet
  facet normal -0.81276 0.582598 0
    outer loop
      vertex 96.3487 -19.5349 0
      vertex 96.4135 -19.4445 27
      vertex 96.4135 -19.4445 0
    endloop
  endfacet
  facet normal -0.81276 0.582598 0
    outer loop
      vertex 96.4135 -19.4445 27
      vertex 96.3487 -19.5349 0
      vertex 96.3487 -19.5349 27
    endloop
  endfacet
  facet normal -0.88168 -0.471847 0
    outer loop
      vertex 96.5247 19.2519 0
      vertex 96.4722 19.35 27
      vertex 96.4722 19.35 0
    endloop
  endfacet
  facet normal -0.88168 -0.471847 0
    outer loop
      vertex 96.4722 19.35 27
      vertex 96.5247 19.2519 0
      vertex 96.5247 19.2519 27
    endloop
  endfacet
  facet normal -0.352108 -0.93596 0
    outer loop
      vertex 95.5464 20.1098 0
      vertex 95.6506 20.0706 27
      vertex 95.5464 20.1098 27
    endloop
  endfacet
  facet normal -0.352108 -0.93596 -0
    outer loop
      vertex 95.6506 20.0706 27
      vertex 95.5464 20.1098 0
      vertex 95.6506 20.0706 0
    endloop
  endfacet
  facet normal 0.412719 -0.910859 0
    outer loop
      vertex 94.2481 20.0247 0
      vertex 94.3494 20.0706 27
      vertex 94.2481 20.0247 27
    endloop
  endfacet
  facet normal 0.412719 -0.910859 0
    outer loop
      vertex 94.3494 20.0706 27
      vertex 94.2481 20.0247 0
      vertex 94.3494 20.0706 0
    endloop
  endfacet
  facet normal 0.93596 -0.352108 0
    outer loop
      vertex 93.3902 19.0464 27
      vertex 93.4294 19.1506 0
      vertex 93.4294 19.1506 27
    endloop
  endfacet
  facet normal 0.93596 -0.352108 0
    outer loop
      vertex 93.4294 19.1506 0
      vertex 93.3902 19.0464 27
      vertex 93.3902 19.0464 0
    endloop
  endfacet
  facet normal -0.412719 0.910859 0
    outer loop
      vertex 95.7519 16.9753 0
      vertex 95.6506 16.9294 27
      vertex 95.7519 16.9753 27
    endloop
  endfacet
  facet normal -0.412719 0.910859 0
    outer loop
      vertex 95.6506 16.9294 27
      vertex 95.7519 16.9753 0
      vertex 95.6506 16.9294 0
    endloop
  endfacet
  facet normal -0.84946 -0.527654 0
    outer loop
      vertex 96.4722 19.35 0
      vertex 96.4135 19.4445 27
      vertex 96.4135 19.4445 0
    endloop
  endfacet
  facet normal -0.84946 -0.527654 0
    outer loop
      vertex 96.4135 19.4445 27
      vertex 96.4722 19.35 0
      vertex 96.4722 19.35 27
    endloop
  endfacet
  facet normal 0.999476 0.0323571 0
    outer loop
      vertex 93.3036 18.3888 27
      vertex 93.3 18.5 0
      vertex 93.3 18.5 27
    endloop
  endfacet
  facet normal 0.999476 0.0323571 0
    outer loop
      vertex 93.3 18.5 0
      vertex 93.3036 18.3888 27
      vertex 93.3036 18.3888 0
    endloop
  endfacet
  facet normal 0.634509 -0.772915 0
    outer loop
      vertex 93.8791 19.7781 0
      vertex 93.9651 19.8487 27
      vertex 93.8791 19.7781 27
    endloop
  endfacet
  facet normal 0.634509 -0.772915 0
    outer loop
      vertex 93.9651 19.8487 27
      vertex 93.8791 19.7781 0
      vertex 93.9651 19.8487 0
    endloop
  endfacet
  facet normal -0.93596 0.352108 0
    outer loop
      vertex 96.5706 17.8494 0
      vertex 96.6098 17.9536 27
      vertex 96.6098 17.9536 0
    endloop
  endfacet
  facet normal -0.93596 0.352108 0
    outer loop
      vertex 96.6098 17.9536 27
      vertex 96.5706 17.8494 0
      vertex 96.5706 17.8494 27
    endloop
  endfacet
  facet normal -0.81276 -0.582598 0
    outer loop
      vertex 96.4135 19.4445 0
      vertex 96.3487 19.5349 27
      vertex 96.3487 19.5349 0
    endloop
  endfacet
  facet normal -0.81276 -0.582598 0
    outer loop
      vertex 96.3487 19.5349 27
      vertex 96.4135 19.4445 0
      vertex 96.4135 19.4445 27
    endloop
  endfacet
  facet normal -0.772915 -0.634509 0
    outer loop
      vertex 96.3487 19.5349 0
      vertex 96.2781 19.6209 27
      vertex 96.2781 19.6209 0
    endloop
  endfacet
  facet normal -0.772915 -0.634509 0
    outer loop
      vertex 96.2781 19.6209 27
      vertex 96.3487 19.5349 0
      vertex 96.3487 19.5349 27
    endloop
  endfacet
  facet normal 0.0323571 -0.999476 0
    outer loop
      vertex 94.8888 20.1964 0
      vertex 95 20.2 27
      vertex 94.8888 20.1964 27
    endloop
  endfacet
  facet normal 0.0323571 -0.999476 0
    outer loop
      vertex 95 20.2 27
      vertex 94.8888 20.1964 0
      vertex 95 20.2 0
    endloop
  endfacet
  facet normal -0.16367 -0.986515 0
    outer loop
      vertex 95.2219 20.1855 0
      vertex 95.3316 20.1673 27
      vertex 95.2219 20.1855 27
    endloop
  endfacet
  facet normal -0.16367 -0.986515 -0
    outer loop
      vertex 95.3316 20.1673 27
      vertex 95.2219 20.1855 0
      vertex 95.3316 20.1673 0
    endloop
  endfacet
  facet normal -0.290482 -0.956881 0
    outer loop
      vertex 95.44 20.1421 0
      vertex 95.5464 20.1098 27
      vertex 95.44 20.1421 27
    endloop
  endfacet
  facet normal -0.290482 -0.956881 -0
    outer loop
      vertex 95.5464 20.1098 27
      vertex 95.44 20.1421 0
      vertex 95.5464 20.1098 0
    endloop
  endfacet
  facet normal -0.0323571 -0.999476 0
    outer loop
      vertex 95 20.2 0
      vertex 95.1112 20.1964 27
      vertex 95 20.2 27
    endloop
  endfacet
  facet normal -0.0323571 -0.999476 -0
    outer loop
      vertex 95.1112 20.1964 27
      vertex 95 20.2 0
      vertex 95.1112 20.1964 0
    endloop
  endfacet
  facet normal -0.634509 -0.772915 0
    outer loop
      vertex 96.0349 19.8487 0
      vertex 96.1209 19.7781 27
      vertex 96.0349 19.8487 27
    endloop
  endfacet
  facet normal -0.634509 -0.772915 -0
    outer loop
      vertex 96.1209 19.7781 27
      vertex 96.0349 19.8487 0
      vertex 96.1209 19.7781 0
    endloop
  endfacet
  facet normal -0.412719 -0.910859 0
    outer loop
      vertex 95.6506 20.0706 0
      vertex 95.7519 20.0247 27
      vertex 95.6506 20.0706 27
    endloop
  endfacet
  facet normal -0.412719 -0.910859 -0
    outer loop
      vertex 95.7519 20.0247 27
      vertex 95.6506 20.0706 0
      vertex 95.7519 20.0247 0
    endloop
  endfacet
  facet normal 0.986539 -0.163525 0
    outer loop
      vertex 93.3145 18.7219 27
      vertex 93.3327 18.8317 0
      vertex 93.3327 18.8317 27
    endloop
  endfacet
  facet normal 0.986539 -0.163525 0
    outer loop
      vertex 93.3327 18.8317 0
      vertex 93.3145 18.7219 27
      vertex 93.3145 18.7219 0
    endloop
  endfacet
  facet normal 0.956881 -0.290482 0
    outer loop
      vertex 93.3579 18.94 27
      vertex 93.3902 19.0464 0
      vertex 93.3902 19.0464 27
    endloop
  endfacet
  facet normal 0.956881 -0.290482 0
    outer loop
      vertex 93.3902 19.0464 0
      vertex 93.3579 18.94 27
      vertex 93.3579 18.94 0
    endloop
  endfacet
  facet normal 0.999476 -0.0323571 0
    outer loop
      vertex 93.3 18.5 27
      vertex 93.3036 18.6112 0
      vertex 93.3036 18.6112 27
    endloop
  endfacet
  facet normal 0.999476 -0.0323571 0
    outer loop
      vertex 93.3036 18.6112 0
      vertex 93.3 18.5 27
      vertex 93.3 18.5 0
    endloop
  endfacet
  facet normal 0.772915 -0.634509 0
    outer loop
      vertex 93.6513 19.5349 27
      vertex 93.7219 19.6209 0
      vertex 93.7219 19.6209 27
    endloop
  endfacet
  facet normal 0.772915 -0.634509 0
    outer loop
      vertex 93.7219 19.6209 0
      vertex 93.6513 19.5349 27
      vertex 93.6513 19.5349 0
    endloop
  endfacet
  facet normal 0.910859 -0.412719 0
    outer loop
      vertex 93.4294 19.1506 27
      vertex 93.4753 19.2519 0
      vertex 93.4753 19.2519 27
    endloop
  endfacet
  facet normal 0.910859 -0.412719 0
    outer loop
      vertex 93.4753 19.2519 0
      vertex 93.4294 19.1506 27
      vertex 93.4294 19.1506 0
    endloop
  endfacet
  facet normal 0.16367 -0.986515 0
    outer loop
      vertex 94.6684 20.1673 0
      vertex 94.7781 20.1855 27
      vertex 94.6684 20.1673 27
    endloop
  endfacet
  facet normal 0.16367 -0.986515 0
    outer loop
      vertex 94.7781 20.1855 27
      vertex 94.6684 20.1673 0
      vertex 94.7781 20.1855 0
    endloop
  endfacet
  facet normal 0.352108 -0.93596 0
    outer loop
      vertex 94.3494 20.0706 0
      vertex 94.4536 20.1098 27
      vertex 94.3494 20.0706 27
    endloop
  endfacet
  facet normal 0.352108 -0.93596 0
    outer loop
      vertex 94.4536 20.1098 27
      vertex 94.3494 20.0706 0
      vertex 94.4536 20.1098 0
    endloop
  endfacet
  facet normal 0.226434 -0.974026 0
    outer loop
      vertex 94.56 20.1421 0
      vertex 94.6684 20.1673 27
      vertex 94.56 20.1421 27
    endloop
  endfacet
  facet normal 0.226434 -0.974026 0
    outer loop
      vertex 94.6684 20.1673 27
      vertex 94.56 20.1421 0
      vertex 94.6684 20.1673 0
    endloop
  endfacet
  facet normal 0.527654 -0.84946 0
    outer loop
      vertex 94.0555 19.9135 0
      vertex 94.15 19.9722 27
      vertex 94.0555 19.9135 27
    endloop
  endfacet
  facet normal 0.527654 -0.84946 0
    outer loop
      vertex 94.15 19.9722 27
      vertex 94.0555 19.9135 0
      vertex 94.15 19.9722 0
    endloop
  endfacet
  facet normal 0.582598 -0.81276 0
    outer loop
      vertex 93.9651 19.8487 0
      vertex 94.0555 19.9135 27
      vertex 93.9651 19.8487 27
    endloop
  endfacet
  facet normal 0.582598 -0.81276 0
    outer loop
      vertex 94.0555 19.9135 27
      vertex 93.9651 19.8487 0
      vertex 94.0555 19.9135 0
    endloop
  endfacet
  facet normal -0.999476 -0.0323571 0
    outer loop
      vertex 96.7 18.5 0
      vertex 96.6964 18.6112 27
      vertex 96.6964 18.6112 0
    endloop
  endfacet
  facet normal -0.999476 -0.0323571 0
    outer loop
      vertex 96.6964 18.6112 27
      vertex 96.7 18.5 0
      vertex 96.7 18.5 27
    endloop
  endfacet
  facet normal 0.772915 0.634509 0
    outer loop
      vertex 93.7219 17.3791 27
      vertex 93.6513 17.4651 0
      vertex 93.6513 17.4651 27
    endloop
  endfacet
  facet normal 0.772915 0.634509 0
    outer loop
      vertex 93.6513 17.4651 0
      vertex 93.7219 17.3791 27
      vertex 93.7219 17.3791 0
    endloop
  endfacet
  facet normal 0.956881 0.290482 0
    outer loop
      vertex 93.3902 17.9536 27
      vertex 93.3579 18.06 0
      vertex 93.3579 18.06 27
    endloop
  endfacet
  facet normal 0.956881 0.290482 0
    outer loop
      vertex 93.3579 18.06 0
      vertex 93.3902 17.9536 27
      vertex 93.3902 17.9536 0
    endloop
  endfacet
  facet normal -0.995187 -0.0979904 0
    outer loop
      vertex 96.6964 18.6112 0
      vertex 96.6855 18.7219 27
      vertex 96.6855 18.7219 0
    endloop
  endfacet
  facet normal -0.995187 -0.0979904 0
    outer loop
      vertex 96.6855 18.7219 27
      vertex 96.6964 18.6112 0
      vertex 96.6964 18.6112 27
    endloop
  endfacet
  facet normal -0.910859 -0.412719 0
    outer loop
      vertex 96.5706 19.1506 0
      vertex 96.5247 19.2519 27
      vertex 96.5247 19.2519 0
    endloop
  endfacet
  facet normal -0.910859 -0.412719 0
    outer loop
      vertex 96.5247 19.2519 27
      vertex 96.5706 19.1506 0
      vertex 96.5706 19.1506 27
    endloop
  endfacet
  facet normal -0.93596 -0.352108 0
    outer loop
      vertex 96.6098 19.0464 0
      vertex 96.5706 19.1506 27
      vertex 96.5706 19.1506 0
    endloop
  endfacet
  facet normal -0.93596 -0.352108 0
    outer loop
      vertex 96.5706 19.1506 27
      vertex 96.6098 19.0464 0
      vertex 96.6098 19.0464 27
    endloop
  endfacet
  facet normal -0.986539 -0.163525 0
    outer loop
      vertex 96.6855 18.7219 0
      vertex 96.6673 18.8317 27
      vertex 96.6673 18.8317 0
    endloop
  endfacet
  facet normal -0.986539 -0.163525 0
    outer loop
      vertex 96.6673 18.8317 27
      vertex 96.6855 18.7219 0
      vertex 96.6855 18.7219 27
    endloop
  endfacet
  facet normal -0.97398 -0.226633 0
    outer loop
      vertex 96.6673 18.8317 0
      vertex 96.6421 18.94 27
      vertex 96.6421 18.94 0
    endloop
  endfacet
  facet normal -0.97398 -0.226633 0
    outer loop
      vertex 96.6421 18.94 27
      vertex 96.6673 18.8317 0
      vertex 96.6673 18.8317 27
    endloop
  endfacet
  facet normal -0.683343 -0.730098 0
    outer loop
      vertex 96.1209 19.7781 0
      vertex 96.2021 19.7021 27
      vertex 96.1209 19.7781 27
    endloop
  endfacet
  facet normal -0.683343 -0.730098 -0
    outer loop
      vertex 96.2021 19.7021 27
      vertex 96.1209 19.7781 0
      vertex 96.2021 19.7021 0
    endloop
  endfacet
  facet normal -0.226434 -0.974026 0
    outer loop
      vertex 95.3316 20.1673 0
      vertex 95.44 20.1421 27
      vertex 95.3316 20.1673 27
    endloop
  endfacet
  facet normal -0.226434 -0.974026 -0
    outer loop
      vertex 95.44 20.1421 27
      vertex 95.3316 20.1673 0
      vertex 95.44 20.1421 0
    endloop
  endfacet
  facet normal -0.0979904 -0.995187 0
    outer loop
      vertex 95.1112 20.1964 0
      vertex 95.2219 20.1855 27
      vertex 95.1112 20.1964 27
    endloop
  endfacet
  facet normal -0.0979904 -0.995187 -0
    outer loop
      vertex 95.2219 20.1855 27
      vertex 95.1112 20.1964 0
      vertex 95.2219 20.1855 0
    endloop
  endfacet
  facet normal -0.471847 -0.88168 0
    outer loop
      vertex 95.7519 20.0247 0
      vertex 95.85 19.9722 27
      vertex 95.7519 20.0247 27
    endloop
  endfacet
  facet normal -0.471847 -0.88168 -0
    outer loop
      vertex 95.85 19.9722 27
      vertex 95.7519 20.0247 0
      vertex 95.85 19.9722 0
    endloop
  endfacet
  facet normal -0.582598 -0.81276 0
    outer loop
      vertex 95.9445 19.9135 0
      vertex 96.0349 19.8487 27
      vertex 95.9445 19.9135 27
    endloop
  endfacet
  facet normal -0.582598 -0.81276 -0
    outer loop
      vertex 96.0349 19.8487 27
      vertex 95.9445 19.9135 0
      vertex 96.0349 19.8487 0
    endloop
  endfacet
  facet normal -0.527654 -0.84946 0
    outer loop
      vertex 95.85 19.9722 0
      vertex 95.9445 19.9135 27
      vertex 95.85 19.9722 27
    endloop
  endfacet
  facet normal -0.527654 -0.84946 -0
    outer loop
      vertex 95.9445 19.9135 27
      vertex 95.85 19.9722 0
      vertex 95.9445 19.9135 0
    endloop
  endfacet
  facet normal 0.97398 -0.226633 0
    outer loop
      vertex 93.3327 18.8317 27
      vertex 93.3579 18.94 0
      vertex 93.3579 18.94 27
    endloop
  endfacet
  facet normal 0.97398 -0.226633 0
    outer loop
      vertex 93.3579 18.94 0
      vertex 93.3327 18.8317 27
      vertex 93.3327 18.8317 0
    endloop
  endfacet
  facet normal 0.995187 -0.0979904 0
    outer loop
      vertex 93.3036 18.6112 27
      vertex 93.3145 18.7219 0
      vertex 93.3145 18.7219 27
    endloop
  endfacet
  facet normal 0.995187 -0.0979904 0
    outer loop
      vertex 93.3145 18.7219 0
      vertex 93.3036 18.6112 27
      vertex 93.3036 18.6112 0
    endloop
  endfacet
  facet normal 0.88168 -0.471847 0
    outer loop
      vertex 93.4753 19.2519 27
      vertex 93.5278 19.35 0
      vertex 93.5278 19.35 27
    endloop
  endfacet
  facet normal 0.88168 -0.471847 0
    outer loop
      vertex 93.5278 19.35 0
      vertex 93.4753 19.2519 27
      vertex 93.4753 19.2519 0
    endloop
  endfacet
  facet normal 0.81276 -0.582598 0
    outer loop
      vertex 93.5865 19.4445 27
      vertex 93.6513 19.5349 0
      vertex 93.6513 19.5349 27
    endloop
  endfacet
  facet normal 0.81276 -0.582598 0
    outer loop
      vertex 93.6513 19.5349 0
      vertex 93.5865 19.4445 27
      vertex 93.5865 19.4445 0
    endloop
  endfacet
  facet normal 0.84946 -0.527654 0
    outer loop
      vertex 93.5278 19.35 27
      vertex 93.5865 19.4445 0
      vertex 93.5865 19.4445 27
    endloop
  endfacet
  facet normal 0.84946 -0.527654 0
    outer loop
      vertex 93.5865 19.4445 0
      vertex 93.5278 19.35 27
      vertex 93.5278 19.35 0
    endloop
  endfacet
  facet normal 0.290482 -0.956881 0
    outer loop
      vertex 94.4536 20.1098 0
      vertex 94.56 20.1421 27
      vertex 94.4536 20.1098 27
    endloop
  endfacet
  facet normal 0.290482 -0.956881 0
    outer loop
      vertex 94.56 20.1421 27
      vertex 94.4536 20.1098 0
      vertex 94.56 20.1421 0
    endloop
  endfacet
  facet normal 0.0979904 -0.995187 0
    outer loop
      vertex 94.7781 20.1855 0
      vertex 94.8888 20.1964 27
      vertex 94.7781 20.1855 27
    endloop
  endfacet
  facet normal 0.0979904 -0.995187 0
    outer loop
      vertex 94.8888 20.1964 27
      vertex 94.7781 20.1855 0
      vertex 94.8888 20.1964 0
    endloop
  endfacet
  facet normal 0.471847 -0.88168 0
    outer loop
      vertex 94.15 19.9722 0
      vertex 94.2481 20.0247 27
      vertex 94.15 19.9722 27
    endloop
  endfacet
  facet normal 0.471847 -0.88168 0
    outer loop
      vertex 94.2481 20.0247 27
      vertex 94.15 19.9722 0
      vertex 94.2481 20.0247 0
    endloop
  endfacet
  facet normal 0.730098 -0.683343 0
    outer loop
      vertex 93.7219 19.6209 27
      vertex 93.7979 19.7021 0
      vertex 93.7979 19.7021 27
    endloop
  endfacet
  facet normal 0.730098 -0.683343 0
    outer loop
      vertex 93.7979 19.7021 0
      vertex 93.7219 19.6209 27
      vertex 93.7219 19.6209 0
    endloop
  endfacet
  facet normal 0.683343 -0.730098 0
    outer loop
      vertex 93.7979 19.7021 0
      vertex 93.8791 19.7781 27
      vertex 93.7979 19.7021 27
    endloop
  endfacet
  facet normal 0.683343 -0.730098 0
    outer loop
      vertex 93.8791 19.7781 27
      vertex 93.7979 19.7021 0
      vertex 93.8791 19.7781 0
    endloop
  endfacet
  facet normal -0.995187 0.0979904 0
    outer loop
      vertex 96.6855 18.2781 0
      vertex 96.6964 18.3888 27
      vertex 96.6964 18.3888 0
    endloop
  endfacet
  facet normal -0.995187 0.0979904 0
    outer loop
      vertex 96.6964 18.3888 27
      vertex 96.6855 18.2781 0
      vertex 96.6855 18.2781 27
    endloop
  endfacet
  facet normal -0.97398 0.226633 0
    outer loop
      vertex 96.6421 18.06 0
      vertex 96.6673 18.1683 27
      vertex 96.6673 18.1683 0
    endloop
  endfacet
  facet normal -0.97398 0.226633 0
    outer loop
      vertex 96.6673 18.1683 27
      vertex 96.6421 18.06 0
      vertex 96.6421 18.06 27
    endloop
  endfacet
  facet normal -0.683343 0.730098 0
    outer loop
      vertex 96.2021 17.2979 0
      vertex 96.1209 17.2219 27
      vertex 96.2021 17.2979 27
    endloop
  endfacet
  facet normal -0.683343 0.730098 0
    outer loop
      vertex 96.1209 17.2219 27
      vertex 96.2021 17.2979 0
      vertex 96.1209 17.2219 0
    endloop
  endfacet
  facet normal -0.772915 0.634509 0
    outer loop
      vertex 96.2781 17.3791 0
      vertex 96.3487 17.4651 27
      vertex 96.3487 17.4651 0
    endloop
  endfacet
  facet normal -0.772915 0.634509 0
    outer loop
      vertex 96.3487 17.4651 27
      vertex 96.2781 17.3791 0
      vertex 96.2781 17.3791 27
    endloop
  endfacet
  facet normal 0.634509 0.772915 -0
    outer loop
      vertex 93.9651 17.1513 0
      vertex 93.8791 17.2219 27
      vertex 93.9651 17.1513 27
    endloop
  endfacet
  facet normal 0.634509 0.772915 0
    outer loop
      vertex 93.8791 17.2219 27
      vertex 93.9651 17.1513 0
      vertex 93.8791 17.2219 0
    endloop
  endfacet
  facet normal -0.0323571 0.999476 0
    outer loop
      vertex 95.1112 16.8036 0
      vertex 95 16.8 27
      vertex 95.1112 16.8036 27
    endloop
  endfacet
  facet normal -0.0323571 0.999476 0
    outer loop
      vertex 95 16.8 27
      vertex 95.1112 16.8036 0
      vertex 95 16.8 0
    endloop
  endfacet
  facet normal 0.910859 0.412719 0
    outer loop
      vertex 93.4753 17.7481 27
      vertex 93.4294 17.8494 0
      vertex 93.4294 17.8494 27
    endloop
  endfacet
  facet normal 0.910859 0.412719 0
    outer loop
      vertex 93.4294 17.8494 0
      vertex 93.4753 17.7481 27
      vertex 93.4753 17.7481 0
    endloop
  endfacet
  facet normal 0.730098 0.683343 0
    outer loop
      vertex 93.7979 17.2979 27
      vertex 93.7219 17.3791 0
      vertex 93.7219 17.3791 27
    endloop
  endfacet
  facet normal 0.730098 0.683343 0
    outer loop
      vertex 93.7219 17.3791 0
      vertex 93.7979 17.2979 27
      vertex 93.7979 17.2979 0
    endloop
  endfacet
  facet normal -0.0979904 0.995187 0
    outer loop
      vertex 95.2219 16.8145 0
      vertex 95.1112 16.8036 27
      vertex 95.2219 16.8145 27
    endloop
  endfacet
  facet normal -0.0979904 0.995187 0
    outer loop
      vertex 95.1112 16.8036 27
      vertex 95.2219 16.8145 0
      vertex 95.1112 16.8036 0
    endloop
  endfacet
  facet normal -0.956881 -0.290482 0
    outer loop
      vertex 96.6421 18.94 0
      vertex 96.6098 19.0464 27
      vertex 96.6098 19.0464 0
    endloop
  endfacet
  facet normal -0.956881 -0.290482 0
    outer loop
      vertex 96.6098 19.0464 27
      vertex 96.6421 18.94 0
      vertex 96.6421 18.94 27
    endloop
  endfacet
  facet normal -0.730098 -0.683343 0
    outer loop
      vertex 96.2781 19.6209 0
      vertex 96.2021 19.7021 27
      vertex 96.2021 19.7021 0
    endloop
  endfacet
  facet normal -0.730098 -0.683343 0
    outer loop
      vertex 96.2021 19.7021 27
      vertex 96.2781 19.6209 0
      vertex 96.2781 19.6209 27
    endloop
  endfacet
  facet normal -0.999476 0.0323571 0
    outer loop
      vertex 96.6964 18.3888 0
      vertex 96.7 18.5 27
      vertex 96.7 18.5 0
    endloop
  endfacet
  facet normal -0.999476 0.0323571 0
    outer loop
      vertex 96.7 18.5 27
      vertex 96.6964 18.3888 0
      vertex 96.6964 18.3888 27
    endloop
  endfacet
  facet normal -0.956881 0.290482 0
    outer loop
      vertex 96.6098 17.9536 0
      vertex 96.6421 18.06 27
      vertex 96.6421 18.06 0
    endloop
  endfacet
  facet normal -0.956881 0.290482 0
    outer loop
      vertex 96.6421 18.06 27
      vertex 96.6098 17.9536 0
      vertex 96.6098 17.9536 27
    endloop
  endfacet
  facet normal -0.582598 0.81276 0
    outer loop
      vertex 96.0349 17.1513 0
      vertex 95.9445 17.0865 27
      vertex 96.0349 17.1513 27
    endloop
  endfacet
  facet normal -0.582598 0.81276 0
    outer loop
      vertex 95.9445 17.0865 27
      vertex 96.0349 17.1513 0
      vertex 95.9445 17.0865 0
    endloop
  endfacet
  facet normal -0.634509 0.772915 0
    outer loop
      vertex 96.1209 17.2219 0
      vertex 96.0349 17.1513 27
      vertex 96.1209 17.2219 27
    endloop
  endfacet
  facet normal -0.634509 0.772915 0
    outer loop
      vertex 96.0349 17.1513 27
      vertex 96.1209 17.2219 0
      vertex 96.0349 17.1513 0
    endloop
  endfacet
  facet normal -0.81276 0.582598 0
    outer loop
      vertex 96.3487 17.4651 0
      vertex 96.4135 17.5555 27
      vertex 96.4135 17.5555 0
    endloop
  endfacet
  facet normal -0.81276 0.582598 0
    outer loop
      vertex 96.4135 17.5555 27
      vertex 96.3487 17.4651 0
      vertex 96.3487 17.4651 27
    endloop
  endfacet
  facet normal 0.0979904 0.995187 -0
    outer loop
      vertex 94.8888 16.8036 0
      vertex 94.7781 16.8145 27
      vertex 94.8888 16.8036 27
    endloop
  endfacet
  facet normal 0.0979904 0.995187 0
    outer loop
      vertex 94.7781 16.8145 27
      vertex 94.8888 16.8036 0
      vertex 94.7781 16.8145 0
    endloop
  endfacet
  facet normal 0.290482 0.956881 -0
    outer loop
      vertex 94.56 16.8579 0
      vertex 94.4536 16.8902 27
      vertex 94.56 16.8579 27
    endloop
  endfacet
  facet normal 0.290482 0.956881 0
    outer loop
      vertex 94.4536 16.8902 27
      vertex 94.56 16.8579 0
      vertex 94.4536 16.8902 0
    endloop
  endfacet
  facet normal 0.226434 0.974026 -0
    outer loop
      vertex 94.6684 16.8327 0
      vertex 94.56 16.8579 27
      vertex 94.6684 16.8327 27
    endloop
  endfacet
  facet normal 0.226434 0.974026 0
    outer loop
      vertex 94.56 16.8579 27
      vertex 94.6684 16.8327 0
      vertex 94.56 16.8579 0
    endloop
  endfacet
  facet normal 0.471847 0.88168 -0
    outer loop
      vertex 94.2481 16.9753 0
      vertex 94.15 17.0278 27
      vertex 94.2481 16.9753 27
    endloop
  endfacet
  facet normal 0.471847 0.88168 0
    outer loop
      vertex 94.15 17.0278 27
      vertex 94.2481 16.9753 0
      vertex 94.15 17.0278 0
    endloop
  endfacet
  facet normal 0.995187 0.0979904 0
    outer loop
      vertex 93.3145 18.2781 27
      vertex 93.3036 18.3888 0
      vertex 93.3036 18.3888 27
    endloop
  endfacet
  facet normal 0.995187 0.0979904 0
    outer loop
      vertex 93.3036 18.3888 0
      vertex 93.3145 18.2781 27
      vertex 93.3145 18.2781 0
    endloop
  endfacet
  facet normal 0.97398 0.226633 0
    outer loop
      vertex 93.3579 18.06 27
      vertex 93.3327 18.1683 0
      vertex 93.3327 18.1683 27
    endloop
  endfacet
  facet normal 0.97398 0.226633 0
    outer loop
      vertex 93.3327 18.1683 0
      vertex 93.3579 18.06 27
      vertex 93.3579 18.06 0
    endloop
  endfacet
  facet normal 0.683343 0.730098 -0
    outer loop
      vertex 93.8791 17.2219 0
      vertex 93.7979 17.2979 27
      vertex 93.8791 17.2219 27
    endloop
  endfacet
  facet normal 0.683343 0.730098 0
    outer loop
      vertex 93.7979 17.2979 27
      vertex 93.8791 17.2219 0
      vertex 93.7979 17.2979 0
    endloop
  endfacet
  facet normal 0.81276 0.582598 0
    outer loop
      vertex 93.6513 17.4651 27
      vertex 93.5865 17.5555 0
      vertex 93.5865 17.5555 27
    endloop
  endfacet
  facet normal 0.81276 0.582598 0
    outer loop
      vertex 93.5865 17.5555 0
      vertex 93.6513 17.4651 27
      vertex 93.6513 17.4651 0
    endloop
  endfacet
  facet normal 0.88168 0.471847 0
    outer loop
      vertex 93.5278 17.65 27
      vertex 93.4753 17.7481 0
      vertex 93.4753 17.7481 27
    endloop
  endfacet
  facet normal 0.88168 0.471847 0
    outer loop
      vertex 93.4753 17.7481 0
      vertex 93.5278 17.65 27
      vertex 93.5278 17.65 0
    endloop
  endfacet
  facet normal -0.16367 0.986515 0
    outer loop
      vertex 95.3316 16.8327 0
      vertex 95.2219 16.8145 27
      vertex 95.3316 16.8327 27
    endloop
  endfacet
  facet normal -0.16367 0.986515 0
    outer loop
      vertex 95.2219 16.8145 27
      vertex 95.3316 16.8327 0
      vertex 95.2219 16.8145 0
    endloop
  endfacet
  facet normal -0.226434 0.974026 0
    outer loop
      vertex 95.44 16.8579 0
      vertex 95.3316 16.8327 27
      vertex 95.44 16.8579 27
    endloop
  endfacet
  facet normal -0.226434 0.974026 0
    outer loop
      vertex 95.3316 16.8327 27
      vertex 95.44 16.8579 0
      vertex 95.3316 16.8327 0
    endloop
  endfacet
  facet normal -0.290482 0.956881 0
    outer loop
      vertex 95.5464 16.8902 0
      vertex 95.44 16.8579 27
      vertex 95.5464 16.8902 27
    endloop
  endfacet
  facet normal -0.290482 0.956881 0
    outer loop
      vertex 95.44 16.8579 27
      vertex 95.5464 16.8902 0
      vertex 95.44 16.8579 0
    endloop
  endfacet
  facet normal -0.352108 0.93596 0
    outer loop
      vertex 95.6506 16.9294 0
      vertex 95.5464 16.8902 27
      vertex 95.6506 16.9294 27
    endloop
  endfacet
  facet normal -0.352108 0.93596 0
    outer loop
      vertex 95.5464 16.8902 27
      vertex 95.6506 16.9294 0
      vertex 95.5464 16.8902 0
    endloop
  endfacet
  facet normal -0.986539 0.163525 0
    outer loop
      vertex 96.6673 18.1683 0
      vertex 96.6855 18.2781 27
      vertex 96.6855 18.2781 0
    endloop
  endfacet
  facet normal -0.986539 0.163525 0
    outer loop
      vertex 96.6855 18.2781 27
      vertex 96.6673 18.1683 0
      vertex 96.6673 18.1683 27
    endloop
  endfacet
  facet normal -0.910859 0.412719 0
    outer loop
      vertex 96.5247 17.7481 0
      vertex 96.5706 17.8494 27
      vertex 96.5706 17.8494 0
    endloop
  endfacet
  facet normal -0.910859 0.412719 0
    outer loop
      vertex 96.5706 17.8494 27
      vertex 96.5247 17.7481 0
      vertex 96.5247 17.7481 27
    endloop
  endfacet
  facet normal -0.88168 0.471847 0
    outer loop
      vertex 96.4722 17.65 0
      vertex 96.5247 17.7481 27
      vertex 96.5247 17.7481 0
    endloop
  endfacet
  facet normal -0.88168 0.471847 0
    outer loop
      vertex 96.5247 17.7481 27
      vertex 96.4722 17.65 0
      vertex 96.4722 17.65 27
    endloop
  endfacet
  facet normal -0.527654 0.84946 0
    outer loop
      vertex 95.9445 17.0865 0
      vertex 95.85 17.0278 27
      vertex 95.9445 17.0865 27
    endloop
  endfacet
  facet normal -0.527654 0.84946 0
    outer loop
      vertex 95.85 17.0278 27
      vertex 95.9445 17.0865 0
      vertex 95.85 17.0278 0
    endloop
  endfacet
  facet normal -0.471847 0.88168 0
    outer loop
      vertex 95.85 17.0278 0
      vertex 95.7519 16.9753 27
      vertex 95.85 17.0278 27
    endloop
  endfacet
  facet normal -0.471847 0.88168 0
    outer loop
      vertex 95.7519 16.9753 27
      vertex 95.85 17.0278 0
      vertex 95.7519 16.9753 0
    endloop
  endfacet
  facet normal -0.730098 0.683343 0
    outer loop
      vertex 96.2021 17.2979 0
      vertex 96.2781 17.3791 27
      vertex 96.2781 17.3791 0
    endloop
  endfacet
  facet normal -0.730098 0.683343 0
    outer loop
      vertex 96.2781 17.3791 27
      vertex 96.2021 17.2979 0
      vertex 96.2021 17.2979 27
    endloop
  endfacet
  facet normal -0.84946 0.527654 0
    outer loop
      vertex 96.4135 17.5555 0
      vertex 96.4722 17.65 27
      vertex 96.4722 17.65 0
    endloop
  endfacet
  facet normal -0.84946 0.527654 0
    outer loop
      vertex 96.4722 17.65 27
      vertex 96.4135 17.5555 0
      vertex 96.4135 17.5555 27
    endloop
  endfacet
  facet normal 0.16367 0.986515 -0
    outer loop
      vertex 94.7781 16.8145 0
      vertex 94.6684 16.8327 27
      vertex 94.7781 16.8145 27
    endloop
  endfacet
  facet normal 0.16367 0.986515 0
    outer loop
      vertex 94.6684 16.8327 27
      vertex 94.7781 16.8145 0
      vertex 94.6684 16.8327 0
    endloop
  endfacet
  facet normal 0.582598 0.81276 -0
    outer loop
      vertex 94.0555 17.0865 0
      vertex 93.9651 17.1513 27
      vertex 94.0555 17.0865 27
    endloop
  endfacet
  facet normal 0.582598 0.81276 0
    outer loop
      vertex 93.9651 17.1513 27
      vertex 94.0555 17.0865 0
      vertex 93.9651 17.1513 0
    endloop
  endfacet
  facet normal 0.352108 0.93596 -0
    outer loop
      vertex 94.4536 16.8902 0
      vertex 94.3494 16.9294 27
      vertex 94.4536 16.8902 27
    endloop
  endfacet
  facet normal 0.352108 0.93596 0
    outer loop
      vertex 94.3494 16.9294 27
      vertex 94.4536 16.8902 0
      vertex 94.3494 16.9294 0
    endloop
  endfacet
  facet normal 0.986539 0.163525 0
    outer loop
      vertex 93.3327 18.1683 27
      vertex 93.3145 18.2781 0
      vertex 93.3145 18.2781 27
    endloop
  endfacet
  facet normal 0.986539 0.163525 0
    outer loop
      vertex 93.3145 18.2781 0
      vertex 93.3327 18.1683 27
      vertex 93.3327 18.1683 0
    endloop
  endfacet
  facet normal 0.93596 0.352108 0
    outer loop
      vertex 93.4294 17.8494 27
      vertex 93.3902 17.9536 0
      vertex 93.3902 17.9536 27
    endloop
  endfacet
  facet normal 0.93596 0.352108 0
    outer loop
      vertex 93.3902 17.9536 0
      vertex 93.4294 17.8494 27
      vertex 93.4294 17.8494 0
    endloop
  endfacet
  facet normal 0.84946 0.527654 0
    outer loop
      vertex 93.5865 17.5555 27
      vertex 93.5278 17.65 0
      vertex 93.5278 17.65 27
    endloop
  endfacet
  facet normal 0.84946 0.527654 0
    outer loop
      vertex 93.5278 17.65 0
      vertex 93.5865 17.5555 27
      vertex 93.5865 17.5555 0
    endloop
  endfacet
  facet normal 0.0323571 0.999476 -0
    outer loop
      vertex 95 16.8 0
      vertex 94.8888 16.8036 27
      vertex 95 16.8 27
    endloop
  endfacet
  facet normal 0.0323571 0.999476 0
    outer loop
      vertex 94.8888 16.8036 27
      vertex 95 16.8 0
      vertex 94.8888 16.8036 0
    endloop
  endfacet
  facet normal 0.527654 0.84946 -0
    outer loop
      vertex 94.15 17.0278 0
      vertex 94.0555 17.0865 27
      vertex 94.15 17.0278 27
    endloop
  endfacet
  facet normal 0.527654 0.84946 0
    outer loop
      vertex 94.0555 17.0865 27
      vertex 94.15 17.0278 0
      vertex 94.0555 17.0865 0
    endloop
  endfacet
  facet normal 0.412719 0.910859 -0
    outer loop
      vertex 94.3494 16.9294 0
      vertex 94.2481 16.9753 27
      vertex 94.3494 16.9294 27
    endloop
  endfacet
  facet normal 0.412719 0.910859 0
    outer loop
      vertex 94.2481 16.9753 27
      vertex 94.3494 16.9294 0
      vertex 94.2481 16.9753 0
    endloop
  endfacet
  facet normal -0.999476 -0.0323615 0
    outer loop
      vertex 36.7 0 0
      vertex 36.6964 0.111185 27
      vertex 36.6964 0.111185 0
    endloop
  endfacet
  facet normal -0.999476 -0.0323615 0
    outer loop
      vertex 36.6964 0.111185 27
      vertex 36.7 0 0
      vertex 36.7 0 27
    endloop
  endfacet
  facet normal 0.999476 -0.0323615 0
    outer loop
      vertex 33.3 0 27
      vertex 33.3036 0.111185 0
      vertex 33.3036 0.111185 27
    endloop
  endfacet
  facet normal 0.999476 -0.0323615 0
    outer loop
      vertex 33.3036 0.111185 0
      vertex 33.3 0 27
      vertex 33.3 0 0
    endloop
  endfacet
  facet normal -0.0327163 -0.999465 0
    outer loop
      vertex 35 1.7 0
      vertex 35.1112 1.69636 27
      vertex 35 1.7 27
    endloop
  endfacet
  facet normal -0.0327163 -0.999465 -0
    outer loop
      vertex 35.1112 1.69636 27
      vertex 35 1.7 0
      vertex 35.1112 1.69636 0
    endloop
  endfacet
  facet normal -0.683582 -0.729873 0
    outer loop
      vertex 36.1209 1.27813 0
      vertex 36.2021 1.20208 27
      vertex 36.1209 1.27813 27
    endloop
  endfacet
  facet normal -0.683582 -0.729873 -0
    outer loop
      vertex 36.2021 1.20208 27
      vertex 36.1209 1.27813 0
      vertex 36.2021 1.20208 0
    endloop
  endfacet
  facet normal 0.683582 -0.729873 0
    outer loop
      vertex 33.7979 1.20208 0
      vertex 33.8791 1.27813 27
      vertex 33.7979 1.20208 27
    endloop
  endfacet
  facet normal 0.683582 -0.729873 0
    outer loop
      vertex 33.8791 1.27813 27
      vertex 33.7979 1.20208 0
      vertex 33.8791 1.27813 0
    endloop
  endfacet
  facet normal 0.352029 -0.935989 0
    outer loop
      vertex 34.3494 1.57059 0
      vertex 34.4536 1.60978 27
      vertex 34.3494 1.57059 27
    endloop
  endfacet
  facet normal 0.352029 -0.935989 0
    outer loop
      vertex 34.4536 1.60978 27
      vertex 34.3494 1.57059 0
      vertex 34.4536 1.60978 0
    endloop
  endfacet
  facet normal -0.730056 0.683388 0
    outer loop
      vertex 36.2021 -1.20208 0
      vertex 36.2781 -1.12089 27
      vertex 36.2781 -1.12089 0
    endloop
  endfacet
  facet normal -0.730056 0.683388 0
    outer loop
      vertex 36.2781 -1.12089 27
      vertex 36.2021 -1.20208 0
      vertex 36.2021 -1.20208 27
    endloop
  endfacet
  facet normal -0.910903 -0.412621 0
    outer loop
      vertex 36.5706 0.650561 0
      vertex 36.5247 0.75189 27
      vertex 36.5247 0.75189 0
    endloop
  endfacet
  facet normal -0.910903 -0.412621 0
    outer loop
      vertex 36.5247 0.75189 27
      vertex 36.5706 0.650561 0
      vertex 36.5706 0.650561 27
    endloop
  endfacet
  facet normal -0.412793 -0.910825 0
    outer loop
      vertex 35.6506 1.57059 0
      vertex 35.7519 1.52468 27
      vertex 35.6506 1.57059 27
    endloop
  endfacet
  facet normal -0.412793 -0.910825 -0
    outer loop
      vertex 35.7519 1.52468 27
      vertex 35.6506 1.57059 0
      vertex 35.7519 1.52468 0
    endloop
  endfacet
  facet normal -0.582598 -0.81276 0
    outer loop
      vertex 35.9445 1.4135 0
      vertex 36.0349 1.3487 27
      vertex 35.9445 1.4135 27
    endloop
  endfacet
  facet normal -0.582598 -0.81276 -0
    outer loop
      vertex 36.0349 1.3487 27
      vertex 35.9445 1.4135 0
      vertex 36.0349 1.3487 0
    endloop
  endfacet
  facet normal 0.910903 -0.412621 0
    outer loop
      vertex 33.4294 0.650561 27
      vertex 33.4753 0.75189 0
      vertex 33.4753 0.75189 27
    endloop
  endfacet
  facet normal 0.910903 -0.412621 0
    outer loop
      vertex 33.4753 0.75189 0
      vertex 33.4294 0.650561 27
      vertex 33.4294 0.650561 0
    endloop
  endfacet
  facet normal 0.162913 -0.986641 0
    outer loop
      vertex 34.6683 1.66733 0
      vertex 34.7781 1.68546 27
      vertex 34.6683 1.66733 27
    endloop
  endfacet
  facet normal 0.162913 -0.986641 0
    outer loop
      vertex 34.7781 1.68546 27
      vertex 34.6683 1.66733 0
      vertex 34.7781 1.68546 0
    endloop
  endfacet
  facet normal -0.973998 -0.226555 0
    outer loop
      vertex 36.6673 0.331653 0
      vertex 36.6421 0.439992 27
      vertex 36.6421 0.439992 0
    endloop
  endfacet
  facet normal -0.973998 -0.226555 0
    outer loop
      vertex 36.6421 0.439992 27
      vertex 36.6673 0.331653 0
      vertex 36.6673 0.331653 27
    endloop
  endfacet
  facet normal -0.812827 -0.582504 0
    outer loop
      vertex 36.4135 0.944468 0
      vertex 36.3487 1.03489 27
      vertex 36.3487 1.03489 0
    endloop
  endfacet
  facet normal -0.812827 -0.582504 0
    outer loop
      vertex 36.3487 1.03489 27
      vertex 36.4135 0.944468 0
      vertex 36.4135 0.944468 27
    endloop
  endfacet
  facet normal -0.772915 -0.634509 0
    outer loop
      vertex 36.3487 1.03489 0
      vertex 36.2781 1.12089 27
      vertex 36.2781 1.12089 0
    endloop
  endfacet
  facet normal -0.772915 -0.634509 0
    outer loop
      vertex 36.2781 1.12089 27
      vertex 36.3487 1.03489 0
      vertex 36.3487 1.03489 27
    endloop
  endfacet
  facet normal -0.849382 -0.527779 0
    outer loop
      vertex 36.4722 0.849999 0
      vertex 36.4135 0.944468 27
      vertex 36.4135 0.944468 0
    endloop
  endfacet
  facet normal -0.849382 -0.527779 0
    outer loop
      vertex 36.4135 0.944468 27
      vertex 36.4722 0.849999 0
      vertex 36.4722 0.849999 27
    endloop
  endfacet
  facet normal -0.227144 -0.973861 0
    outer loop
      vertex 35.3317 1.66733 0
      vertex 35.44 1.64207 27
      vertex 35.3317 1.66733 27
    endloop
  endfacet
  facet normal -0.227144 -0.973861 -0
    outer loop
      vertex 35.44 1.64207 27
      vertex 35.3317 1.66733 0
      vertex 35.44 1.64207 0
    endloop
  endfacet
  facet normal -0.634348 -0.773047 0
    outer loop
      vertex 36.0349 1.3487 0
      vertex 36.1209 1.27813 27
      vertex 36.0349 1.3487 27
    endloop
  endfacet
  facet normal -0.634348 -0.773047 -0
    outer loop
      vertex 36.1209 1.27813 27
      vertex 36.0349 1.3487 0
      vertex 36.1209 1.27813 0
    endloop
  endfacet
  facet normal 0.973998 -0.226555 0
    outer loop
      vertex 33.3327 0.331653 27
      vertex 33.3579 0.439992 0
      vertex 33.3579 0.439992 27
    endloop
  endfacet
  facet normal 0.973998 -0.226555 0
    outer loop
      vertex 33.3579 0.439992 0
      vertex 33.3327 0.331653 27
      vertex 33.3327 0.331653 0
    endloop
  endfacet
  facet normal 0.812827 -0.582504 0
    outer loop
      vertex 33.5865 0.944468 27
      vertex 33.6513 1.03489 0
      vertex 33.6513 1.03489 27
    endloop
  endfacet
  facet normal 0.812827 -0.582504 0
    outer loop
      vertex 33.6513 1.03489 0
      vertex 33.5865 0.944468 27
      vertex 33.5865 0.944468 0
    endloop
  endfacet
  facet normal 0.730056 -0.683388 0
    outer loop
      vertex 33.7219 1.12089 27
      vertex 33.7979 1.20208 0
      vertex 33.7979 1.20208 27
    endloop
  endfacet
  facet normal 0.730056 -0.683388 0
    outer loop
      vertex 33.7979 1.20208 0
      vertex 33.7219 1.12089 27
      vertex 33.7219 1.12089 0
    endloop
  endfacet
  facet normal 0.527913 -0.849298 0
    outer loop
      vertex 34.0555 1.4135 0
      vertex 34.15 1.47224 27
      vertex 34.0555 1.4135 27
    endloop
  endfacet
  facet normal 0.527913 -0.849298 0
    outer loop
      vertex 34.15 1.47224 27
      vertex 34.0555 1.4135 0
      vertex 34.15 1.47224 0
    endloop
  endfacet
  facet normal 0.412793 -0.910825 0
    outer loop
      vertex 34.2481 1.52468 0
      vertex 34.3494 1.57059 27
      vertex 34.2481 1.52468 27
    endloop
  endfacet
  facet normal 0.412793 -0.910825 0
    outer loop
      vertex 34.3494 1.57059 27
      vertex 34.2481 1.52468 0
      vertex 34.3494 1.57059 0
    endloop
  endfacet
  facet normal 0.227144 -0.973861 0
    outer loop
      vertex 34.56 1.64207 0
      vertex 34.6683 1.66733 27
      vertex 34.56 1.64207 27
    endloop
  endfacet
  facet normal 0.227144 -0.973861 0
    outer loop
      vertex 34.6683 1.66733 27
      vertex 34.56 1.64207 0
      vertex 34.6683 1.66733 0
    endloop
  endfacet
  facet normal 0.0327163 -0.999465 0
    outer loop
      vertex 34.8888 1.69636 0
      vertex 35 1.7 27
      vertex 34.8888 1.69636 27
    endloop
  endfacet
  facet normal 0.0327163 -0.999465 0
    outer loop
      vertex 35 1.7 27
      vertex 34.8888 1.69636 0
      vertex 35 1.7 0
    endloop
  endfacet
  facet normal -0.0327163 0.999465 0
    outer loop
      vertex 35.1112 -1.69636 0
      vertex 35 -1.7 27
      vertex 35.1112 -1.69636 27
    endloop
  endfacet
  facet normal -0.0327163 0.999465 0
    outer loop
      vertex 35 -1.7 27
      vertex 35.1112 -1.69636 0
      vertex 35 -1.7 0
    endloop
  endfacet
  facet normal -0.227144 0.973861 0
    outer loop
      vertex 35.44 -1.64207 0
      vertex 35.3317 -1.66733 27
      vertex 35.44 -1.64207 27
    endloop
  endfacet
  facet normal -0.227144 0.973861 0
    outer loop
      vertex 35.3317 -1.66733 27
      vertex 35.44 -1.64207 0
      vertex 35.3317 -1.66733 0
    endloop
  endfacet
  facet normal -0.582598 0.81276 0
    outer loop
      vertex 36.0349 -1.3487 0
      vertex 35.9445 -1.4135 27
      vertex 36.0349 -1.3487 27
    endloop
  endfacet
  facet normal -0.582598 0.81276 0
    outer loop
      vertex 35.9445 -1.4135 27
      vertex 36.0349 -1.3487 0
      vertex 35.9445 -1.4135 0
    endloop
  endfacet
  facet normal -0.634348 0.773047 0
    outer loop
      vertex 36.1209 -1.27813 0
      vertex 36.0349 -1.3487 27
      vertex 36.1209 -1.27813 27
    endloop
  endfacet
  facet normal -0.634348 0.773047 0
    outer loop
      vertex 36.0349 -1.3487 27
      vertex 36.1209 -1.27813 0
      vertex 36.0349 -1.3487 0
    endloop
  endfacet
  facet normal -0.772915 0.634509 0
    outer loop
      vertex 36.2781 -1.12089 0
      vertex 36.3487 -1.03489 27
      vertex 36.3487 -1.03489 0
    endloop
  endfacet
  facet normal -0.772915 0.634509 0
    outer loop
      vertex 36.3487 -1.03489 27
      vertex 36.2781 -1.12089 0
      vertex 36.2781 -1.12089 27
    endloop
  endfacet
  facet normal -0.956922 0.290344 0
    outer loop
      vertex 36.6098 -0.546447 0
      vertex 36.6421 -0.439992 27
      vertex 36.6421 -0.439992 0
    endloop
  endfacet
  facet normal -0.956922 0.290344 0
    outer loop
      vertex 36.6421 -0.439992 27
      vertex 36.6098 -0.546447 0
      vertex 36.6098 -0.546447 27
    endloop
  endfacet
  facet normal -0.986529 0.163584 0
    outer loop
      vertex 36.6673 -0.331653 0
      vertex 36.6855 -0.221894 27
      vertex 36.6855 -0.221894 0
    endloop
  endfacet
  facet normal -0.986529 0.163584 0
    outer loop
      vertex 36.6855 -0.221894 27
      vertex 36.6673 -0.331653 0
      vertex 36.6673 -0.331653 27
    endloop
  endfacet
  facet normal -0.995188 0.0979826 0
    outer loop
      vertex 36.6855 -0.221894 0
      vertex 36.6964 -0.111185 27
      vertex 36.6964 -0.111185 0
    endloop
  endfacet
  facet normal -0.995188 0.0979826 0
    outer loop
      vertex 36.6964 -0.111185 27
      vertex 36.6855 -0.221894 0
      vertex 36.6855 -0.221894 27
    endloop
  endfacet
  facet normal 0.683582 0.729873 -0
    outer loop
      vertex 33.8791 -1.27813 0
      vertex 33.7979 -1.20208 27
      vertex 33.8791 -1.27813 27
    endloop
  endfacet
  facet normal 0.683582 0.729873 0
    outer loop
      vertex 33.7979 -1.20208 27
      vertex 33.8791 -1.27813 0
      vertex 33.7979 -1.20208 0
    endloop
  endfacet
  facet normal 0.881698 0.471814 0
    outer loop
      vertex 33.5278 -0.849999 27
      vertex 33.4753 -0.75189 0
      vertex 33.4753 -0.75189 27
    endloop
  endfacet
  facet normal 0.881698 0.471814 0
    outer loop
      vertex 33.4753 -0.75189 0
      vertex 33.5278 -0.849999 27
      vertex 33.5278 -0.849999 0
    endloop
  endfacet
  facet normal 0.910903 0.412621 0
    outer loop
      vertex 33.4753 -0.75189 27
      vertex 33.4294 -0.650561 0
      vertex 33.4294 -0.650561 27
    endloop
  endfacet
  facet normal 0.910903 0.412621 0
    outer loop
      vertex 33.4294 -0.650561 0
      vertex 33.4753 -0.75189 27
      vertex 33.4753 -0.75189 0
    endloop
  endfacet
  facet normal 0.973998 0.226555 0
    outer loop
      vertex 33.3579 -0.439992 27
      vertex 33.3327 -0.331653 0
      vertex 33.3327 -0.331653 27
    endloop
  endfacet
  facet normal 0.973998 0.226555 0
    outer loop
      vertex 33.3327 -0.331653 0
      vertex 33.3579 -0.439992 27
      vertex 33.3579 -0.439992 0
    endloop
  endfacet
  facet normal 0.935864 0.352362 0
    outer loop
      vertex 33.4294 -0.650561 27
      vertex 33.3902 -0.546447 0
      vertex 33.3902 -0.546447 27
    endloop
  endfacet
  facet normal 0.935864 0.352362 0
    outer loop
      vertex 33.3902 -0.546447 0
      vertex 33.4294 -0.650561 27
      vertex 33.4294 -0.650561 0
    endloop
  endfacet
  facet normal 0.999476 0.0323615 0
    outer loop
      vertex 33.3036 -0.111185 27
      vertex 33.3 0 0
      vertex 33.3 0 27
    endloop
  endfacet
  facet normal 0.999476 0.0323615 0
    outer loop
      vertex 33.3 0 0
      vertex 33.3036 -0.111185 27
      vertex 33.3036 -0.111185 0
    endloop
  endfacet
  facet normal -0.986529 -0.163584 0
    outer loop
      vertex 36.6855 0.221894 0
      vertex 36.6673 0.331653 27
      vertex 36.6673 0.331653 0
    endloop
  endfacet
  facet normal -0.986529 -0.163584 0
    outer loop
      vertex 36.6673 0.331653 27
      vertex 36.6855 0.221894 0
      vertex 36.6855 0.221894 27
    endloop
  endfacet
  facet normal -0.995188 -0.0979826 0
    outer loop
      vertex 36.6964 0.111185 0
      vertex 36.6855 0.221894 27
      vertex 36.6855 0.221894 0
    endloop
  endfacet
  facet normal -0.995188 -0.0979826 0
    outer loop
      vertex 36.6855 0.221894 27
      vertex 36.6964 0.111185 0
      vertex 36.6964 0.111185 27
    endloop
  endfacet
  facet normal -0.935864 -0.352362 0
    outer loop
      vertex 36.6098 0.546447 0
      vertex 36.5706 0.650561 27
      vertex 36.5706 0.650561 0
    endloop
  endfacet
  facet normal -0.935864 -0.352362 0
    outer loop
      vertex 36.5706 0.650561 27
      vertex 36.6098 0.546447 0
      vertex 36.6098 0.546447 27
    endloop
  endfacet
  facet normal -0.956922 -0.290344 0
    outer loop
      vertex 36.6421 0.439992 0
      vertex 36.6098 0.546447 27
      vertex 36.6098 0.546447 0
    endloop
  endfacet
  facet normal -0.956922 -0.290344 0
    outer loop
      vertex 36.6098 0.546447 27
      vertex 36.6421 0.439992 0
      vertex 36.6421 0.439992 27
    endloop
  endfacet
  facet normal -0.730056 -0.683388 0
    outer loop
      vertex 36.2781 1.12089 0
      vertex 36.2021 1.20208 27
      vertex 36.2021 1.20208 0
    endloop
  endfacet
  facet normal -0.730056 -0.683388 0
    outer loop
      vertex 36.2021 1.20208 27
      vertex 36.2781 1.12089 0
      vertex 36.2781 1.12089 27
    endloop
  endfacet
  facet normal -0.881698 -0.471814 0
    outer loop
      vertex 36.5247 0.75189 0
      vertex 36.4722 0.849999 27
      vertex 36.4722 0.849999 0
    endloop
  endfacet
  facet normal -0.881698 -0.471814 0
    outer loop
      vertex 36.4722 0.849999 27
      vertex 36.5247 0.75189 0
      vertex 36.5247 0.75189 27
    endloop
  endfacet
  facet normal -0.290399 -0.956906 0
    outer loop
      vertex 35.44 1.64207 0
      vertex 35.5464 1.60978 27
      vertex 35.44 1.64207 27
    endloop
  endfacet
  facet normal -0.290399 -0.956906 -0
    outer loop
      vertex 35.5464 1.60978 27
      vertex 35.44 1.64207 0
      vertex 35.5464 1.60978 0
    endloop
  endfacet
  facet normal -0.352029 -0.935989 0
    outer loop
      vertex 35.5464 1.60978 0
      vertex 35.6506 1.57059 27
      vertex 35.5464 1.60978 27
    endloop
  endfacet
  facet normal -0.352029 -0.935989 -0
    outer loop
      vertex 35.6506 1.57059 27
      vertex 35.5464 1.60978 0
      vertex 35.6506 1.57059 0
    endloop
  endfacet
  facet normal -0.162913 -0.986641 0
    outer loop
      vertex 35.2219 1.68546 0
      vertex 35.3317 1.66733 27
      vertex 35.2219 1.68546 27
    endloop
  endfacet
  facet normal -0.162913 -0.986641 -0
    outer loop
      vertex 35.3317 1.66733 27
      vertex 35.2219 1.68546 0
      vertex 35.3317 1.66733 0
    endloop
  endfacet
  facet normal -0.0979904 -0.995187 0
    outer loop
      vertex 35.1112 1.69636 0
      vertex 35.2219 1.68546 27
      vertex 35.1112 1.69636 27
    endloop
  endfacet
  facet normal -0.0979904 -0.995187 -0
    outer loop
      vertex 35.2219 1.68546 27
      vertex 35.1112 1.69636 0
      vertex 35.2219 1.68546 0
    endloop
  endfacet
  facet normal -0.527913 -0.849298 0
    outer loop
      vertex 35.85 1.47224 0
      vertex 35.9445 1.4135 27
      vertex 35.85 1.47224 27
    endloop
  endfacet
  facet normal -0.527913 -0.849298 -0
    outer loop
      vertex 35.9445 1.4135 27
      vertex 35.85 1.47224 0
      vertex 35.9445 1.4135 0
    endloop
  endfacet
  facet normal -0.471428 -0.881905 0
    outer loop
      vertex 35.7519 1.52468 0
      vertex 35.85 1.47224 27
      vertex 35.7519 1.52468 27
    endloop
  endfacet
  facet normal -0.471428 -0.881905 -0
    outer loop
      vertex 35.85 1.47224 27
      vertex 35.7519 1.52468 0
      vertex 35.85 1.47224 0
    endloop
  endfacet
  facet normal 0.772915 -0.634509 0
    outer loop
      vertex 33.6513 1.03489 27
      vertex 33.7219 1.12089 0
      vertex 33.7219 1.12089 27
    endloop
  endfacet
  facet normal 0.772915 -0.634509 0
    outer loop
      vertex 33.7219 1.12089 0
      vertex 33.6513 1.03489 27
      vertex 33.6513 1.03489 0
    endloop
  endfacet
  facet normal 0.881698 -0.471814 0
    outer loop
      vertex 33.4753 0.75189 27
      vertex 33.5278 0.849999 0
      vertex 33.5278 0.849999 27
    endloop
  endfacet
  facet normal 0.881698 -0.471814 0
    outer loop
      vertex 33.5278 0.849999 0
      vertex 33.4753 0.75189 27
      vertex 33.4753 0.75189 0
    endloop
  endfacet
  facet normal 0.849382 -0.527779 0
    outer loop
      vertex 33.5278 0.849999 27
      vertex 33.5865 0.944468 0
      vertex 33.5865 0.944468 27
    endloop
  endfacet
  facet normal 0.849382 -0.527779 0
    outer loop
      vertex 33.5865 0.944468 0
      vertex 33.5278 0.849999 27
      vertex 33.5278 0.849999 0
    endloop
  endfacet
  facet normal 0.956922 -0.290344 0
    outer loop
      vertex 33.3579 0.439992 27
      vertex 33.3902 0.546447 0
      vertex 33.3902 0.546447 27
    endloop
  endfacet
  facet normal 0.956922 -0.290344 0
    outer loop
      vertex 33.3902 0.546447 0
      vertex 33.3579 0.439992 27
      vertex 33.3579 0.439992 0
    endloop
  endfacet
  facet normal 0.935864 -0.352362 0
    outer loop
      vertex 33.3902 0.546447 27
      vertex 33.4294 0.650561 0
      vertex 33.4294 0.650561 27
    endloop
  endfacet
  facet normal 0.935864 -0.352362 0
    outer loop
      vertex 33.4294 0.650561 0
      vertex 33.3902 0.546447 27
      vertex 33.3902 0.546447 0
    endloop
  endfacet
  facet normal 0.986529 -0.163584 0
    outer loop
      vertex 33.3145 0.221894 27
      vertex 33.3327 0.331653 0
      vertex 33.3327 0.331653 27
    endloop
  endfacet
  facet normal 0.986529 -0.163584 0
    outer loop
      vertex 33.3327 0.331653 0
      vertex 33.3145 0.221894 27
      vertex 33.3145 0.221894 0
    endloop
  endfacet
  facet normal 0.995188 -0.0979826 0
    outer loop
      vertex 33.3036 0.111185 27
      vertex 33.3145 0.221894 0
      vertex 33.3145 0.221894 27
    endloop
  endfacet
  facet normal 0.995188 -0.0979826 0
    outer loop
      vertex 33.3145 0.221894 0
      vertex 33.3036 0.111185 27
      vertex 33.3036 0.111185 0
    endloop
  endfacet
  facet normal 0.471428 -0.881905 0
    outer loop
      vertex 34.15 1.47224 0
      vertex 34.2481 1.52468 27
      vertex 34.15 1.47224 27
    endloop
  endfacet
  facet normal 0.471428 -0.881905 0
    outer loop
      vertex 34.2481 1.52468 27
      vertex 34.15 1.47224 0
      vertex 34.2481 1.52468 0
    endloop
  endfacet
  facet normal 0.582598 -0.81276 0
    outer loop
      vertex 33.9651 1.3487 0
      vertex 34.0555 1.4135 27
      vertex 33.9651 1.3487 27
    endloop
  endfacet
  facet normal 0.582598 -0.81276 0
    outer loop
      vertex 34.0555 1.4135 27
      vertex 33.9651 1.3487 0
      vertex 34.0555 1.4135 0
    endloop
  endfacet
  facet normal 0.634348 -0.773047 0
    outer loop
      vertex 33.8791 1.27813 0
      vertex 33.9651 1.3487 27
      vertex 33.8791 1.27813 27
    endloop
  endfacet
  facet normal 0.634348 -0.773047 0
    outer loop
      vertex 33.9651 1.3487 27
      vertex 33.8791 1.27813 0
      vertex 33.9651 1.3487 0
    endloop
  endfacet
  facet normal 0.290399 -0.956906 0
    outer loop
      vertex 34.4536 1.60978 0
      vertex 34.56 1.64207 27
      vertex 34.4536 1.60978 27
    endloop
  endfacet
  facet normal 0.290399 -0.956906 0
    outer loop
      vertex 34.56 1.64207 27
      vertex 34.4536 1.60978 0
      vertex 34.56 1.64207 0
    endloop
  endfacet
  facet normal 0.0979904 -0.995187 0
    outer loop
      vertex 34.7781 1.68546 0
      vertex 34.8888 1.69636 27
      vertex 34.7781 1.68546 27
    endloop
  endfacet
  facet normal 0.0979904 -0.995187 0
    outer loop
      vertex 34.8888 1.69636 27
      vertex 34.7781 1.68546 0
      vertex 34.8888 1.69636 0
    endloop
  endfacet
  facet normal -0.999476 0.0323615 0
    outer loop
      vertex 36.6964 -0.111185 0
      vertex 36.7 0 27
      vertex 36.7 0 0
    endloop
  endfacet
  facet normal -0.999476 0.0323615 0
    outer loop
      vertex 36.7 0 27
      vertex 36.6964 -0.111185 0
      vertex 36.6964 -0.111185 27
    endloop
  endfacet
  facet normal -0.0979904 0.995187 0
    outer loop
      vertex 35.2219 -1.68546 0
      vertex 35.1112 -1.69636 27
      vertex 35.2219 -1.68546 27
    endloop
  endfacet
  facet normal -0.0979904 0.995187 0
    outer loop
      vertex 35.1112 -1.69636 27
      vertex 35.2219 -1.68546 0
      vertex 35.1112 -1.69636 0
    endloop
  endfacet
  facet normal -0.290399 0.956906 0
    outer loop
      vertex 35.5464 -1.60978 0
      vertex 35.44 -1.64207 27
      vertex 35.5464 -1.60978 27
    endloop
  endfacet
  facet normal -0.290399 0.956906 0
    outer loop
      vertex 35.44 -1.64207 27
      vertex 35.5464 -1.60978 0
      vertex 35.44 -1.64207 0
    endloop
  endfacet
  facet normal -0.683582 0.729873 0
    outer loop
      vertex 36.2021 -1.20208 0
      vertex 36.1209 -1.27813 27
      vertex 36.2021 -1.20208 27
    endloop
  endfacet
  facet normal -0.683582 0.729873 0
    outer loop
      vertex 36.1209 -1.27813 27
      vertex 36.2021 -1.20208 0
      vertex 36.1209 -1.27813 0
    endloop
  endfacet
  facet normal -0.527913 0.849298 0
    outer loop
      vertex 35.9445 -1.4135 0
      vertex 35.85 -1.47224 27
      vertex 35.9445 -1.4135 27
    endloop
  endfacet
  facet normal -0.527913 0.849298 0
    outer loop
      vertex 35.85 -1.47224 27
      vertex 35.9445 -1.4135 0
      vertex 35.85 -1.47224 0
    endloop
  endfacet
  facet normal -0.412793 0.910825 0
    outer loop
      vertex 35.7519 -1.52468 0
      vertex 35.6506 -1.57059 27
      vertex 35.7519 -1.52468 27
    endloop
  endfacet
  facet normal -0.412793 0.910825 0
    outer loop
      vertex 35.6506 -1.57059 27
      vertex 35.7519 -1.52468 0
      vertex 35.6506 -1.57059 0
    endloop
  endfacet
  facet normal -0.812827 0.582504 0
    outer loop
      vertex 36.3487 -1.03489 0
      vertex 36.4135 -0.944468 27
      vertex 36.4135 -0.944468 0
    endloop
  endfacet
  facet normal -0.812827 0.582504 0
    outer loop
      vertex 36.4135 -0.944468 27
      vertex 36.3487 -1.03489 0
      vertex 36.3487 -1.03489 27
    endloop
  endfacet
  facet normal -0.935864 0.352362 0
    outer loop
      vertex 36.5706 -0.650561 0
      vertex 36.6098 -0.546447 27
      vertex 36.6098 -0.546447 0
    endloop
  endfacet
  facet normal -0.935864 0.352362 0
    outer loop
      vertex 36.6098 -0.546447 27
      vertex 36.5706 -0.650561 0
      vertex 36.5706 -0.650561 27
    endloop
  endfacet
  facet normal -0.881698 0.471814 0
    outer loop
      vertex 36.4722 -0.849999 0
      vertex 36.5247 -0.75189 27
      vertex 36.5247 -0.75189 0
    endloop
  endfacet
  facet normal -0.881698 0.471814 0
    outer loop
      vertex 36.5247 -0.75189 27
      vertex 36.4722 -0.849999 0
      vertex 36.4722 -0.849999 27
    endloop
  endfacet
  facet normal -0.973998 0.226555 0
    outer loop
      vertex 36.6421 -0.439992 0
      vertex 36.6673 -0.331653 27
      vertex 36.6673 -0.331653 0
    endloop
  endfacet
  facet normal -0.973998 0.226555 0
    outer loop
      vertex 36.6673 -0.331653 27
      vertex 36.6421 -0.439992 0
      vertex 36.6421 -0.439992 27
    endloop
  endfacet
  facet normal 0.634348 0.773047 -0
    outer loop
      vertex 33.9651 -1.3487 0
      vertex 33.8791 -1.27813 27
      vertex 33.9651 -1.3487 27
    endloop
  endfacet
  facet normal 0.634348 0.773047 0
    outer loop
      vertex 33.8791 -1.27813 27
      vertex 33.9651 -1.3487 0
      vertex 33.8791 -1.27813 0
    endloop
  endfacet
  facet normal 0.412793 0.910825 -0
    outer loop
      vertex 34.3494 -1.57059 0
      vertex 34.2481 -1.52468 27
      vertex 34.3494 -1.57059 27
    endloop
  endfacet
  facet normal 0.412793 0.910825 0
    outer loop
      vertex 34.2481 -1.52468 27
      vertex 34.3494 -1.57059 0
      vertex 34.2481 -1.52468 0
    endloop
  endfacet
  facet normal 0.527913 0.849298 -0
    outer loop
      vertex 34.15 -1.47224 0
      vertex 34.0555 -1.4135 27
      vertex 34.15 -1.47224 27
    endloop
  endfacet
  facet normal 0.527913 0.849298 0
    outer loop
      vertex 34.0555 -1.4135 27
      vertex 34.15 -1.47224 0
      vertex 34.0555 -1.4135 0
    endloop
  endfacet
  facet normal 0.352029 0.935989 -0
    outer loop
      vertex 34.4536 -1.60978 0
      vertex 34.3494 -1.57059 27
      vertex 34.4536 -1.60978 27
    endloop
  endfacet
  facet normal 0.352029 0.935989 0
    outer loop
      vertex 34.3494 -1.57059 27
      vertex 34.4536 -1.60978 0
      vertex 34.3494 -1.57059 0
    endloop
  endfacet
  facet normal 0.227144 0.973861 -0
    outer loop
      vertex 34.6683 -1.66733 0
      vertex 34.56 -1.64207 27
      vertex 34.6683 -1.66733 27
    endloop
  endfacet
  facet normal 0.227144 0.973861 0
    outer loop
      vertex 34.56 -1.64207 27
      vertex 34.6683 -1.66733 0
      vertex 34.56 -1.64207 0
    endloop
  endfacet
  facet normal 0.162913 0.986641 -0
    outer loop
      vertex 34.7781 -1.68546 0
      vertex 34.6683 -1.66733 27
      vertex 34.7781 -1.68546 27
    endloop
  endfacet
  facet normal 0.162913 0.986641 0
    outer loop
      vertex 34.6683 -1.66733 27
      vertex 34.7781 -1.68546 0
      vertex 34.6683 -1.66733 0
    endloop
  endfacet
  facet normal 0.0327163 0.999465 -0
    outer loop
      vertex 35 -1.7 0
      vertex 34.8888 -1.69636 27
      vertex 35 -1.7 27
    endloop
  endfacet
  facet normal 0.0327163 0.999465 0
    outer loop
      vertex 34.8888 -1.69636 27
      vertex 35 -1.7 0
      vertex 34.8888 -1.69636 0
    endloop
  endfacet
  facet normal 0.772915 0.634509 0
    outer loop
      vertex 33.7219 -1.12089 27
      vertex 33.6513 -1.03489 0
      vertex 33.6513 -1.03489 27
    endloop
  endfacet
  facet normal 0.772915 0.634509 0
    outer loop
      vertex 33.6513 -1.03489 0
      vertex 33.7219 -1.12089 27
      vertex 33.7219 -1.12089 0
    endloop
  endfacet
  facet normal 0.812827 0.582504 0
    outer loop
      vertex 33.6513 -1.03489 27
      vertex 33.5865 -0.944468 0
      vertex 33.5865 -0.944468 27
    endloop
  endfacet
  facet normal 0.812827 0.582504 0
    outer loop
      vertex 33.5865 -0.944468 0
      vertex 33.6513 -1.03489 27
      vertex 33.6513 -1.03489 0
    endloop
  endfacet
  facet normal 0.730056 0.683388 0
    outer loop
      vertex 33.7979 -1.20208 27
      vertex 33.7219 -1.12089 0
      vertex 33.7219 -1.12089 27
    endloop
  endfacet
  facet normal 0.730056 0.683388 0
    outer loop
      vertex 33.7219 -1.12089 0
      vertex 33.7979 -1.20208 27
      vertex 33.7979 -1.20208 0
    endloop
  endfacet
  facet normal 0.956922 0.290344 0
    outer loop
      vertex 33.3902 -0.546447 27
      vertex 33.3579 -0.439992 0
      vertex 33.3579 -0.439992 27
    endloop
  endfacet
  facet normal 0.956922 0.290344 0
    outer loop
      vertex 33.3579 -0.439992 0
      vertex 33.3902 -0.546447 27
      vertex 33.3902 -0.546447 0
    endloop
  endfacet
  facet normal 0.995188 0.0979826 0
    outer loop
      vertex 33.3145 -0.221894 27
      vertex 33.3036 -0.111185 0
      vertex 33.3036 -0.111185 27
    endloop
  endfacet
  facet normal 0.995188 0.0979826 0
    outer loop
      vertex 33.3036 -0.111185 0
      vertex 33.3145 -0.221894 27
      vertex 33.3145 -0.221894 0
    endloop
  endfacet
  facet normal 0.986529 0.163584 0
    outer loop
      vertex 33.3327 -0.331653 27
      vertex 33.3145 -0.221894 0
      vertex 33.3145 -0.221894 27
    endloop
  endfacet
  facet normal 0.986529 0.163584 0
    outer loop
      vertex 33.3145 -0.221894 0
      vertex 33.3327 -0.331653 27
      vertex 33.3327 -0.331653 0
    endloop
  endfacet
  facet normal -0.162913 0.986641 0
    outer loop
      vertex 35.3317 -1.66733 0
      vertex 35.2219 -1.68546 27
      vertex 35.3317 -1.66733 27
    endloop
  endfacet
  facet normal -0.162913 0.986641 0
    outer loop
      vertex 35.2219 -1.68546 27
      vertex 35.3317 -1.66733 0
      vertex 35.2219 -1.68546 0
    endloop
  endfacet
  facet normal -0.352029 0.935989 0
    outer loop
      vertex 35.6506 -1.57059 0
      vertex 35.5464 -1.60978 27
      vertex 35.6506 -1.57059 27
    endloop
  endfacet
  facet normal -0.352029 0.935989 0
    outer loop
      vertex 35.5464 -1.60978 27
      vertex 35.6506 -1.57059 0
      vertex 35.5464 -1.60978 0
    endloop
  endfacet
  facet normal -0.471428 0.881905 0
    outer loop
      vertex 35.85 -1.47224 0
      vertex 35.7519 -1.52468 27
      vertex 35.85 -1.47224 27
    endloop
  endfacet
  facet normal -0.471428 0.881905 0
    outer loop
      vertex 35.7519 -1.52468 27
      vertex 35.85 -1.47224 0
      vertex 35.7519 -1.52468 0
    endloop
  endfacet
  facet normal -0.849382 0.527779 0
    outer loop
      vertex 36.4135 -0.944468 0
      vertex 36.4722 -0.849999 27
      vertex 36.4722 -0.849999 0
    endloop
  endfacet
  facet normal -0.849382 0.527779 0
    outer loop
      vertex 36.4722 -0.849999 27
      vertex 36.4135 -0.944468 0
      vertex 36.4135 -0.944468 27
    endloop
  endfacet
  facet normal -0.910903 0.412621 0
    outer loop
      vertex 36.5247 -0.75189 0
      vertex 36.5706 -0.650561 27
      vertex 36.5706 -0.650561 0
    endloop
  endfacet
  facet normal -0.910903 0.412621 0
    outer loop
      vertex 36.5706 -0.650561 27
      vertex 36.5247 -0.75189 0
      vertex 36.5247 -0.75189 27
    endloop
  endfacet
  facet normal 0.582598 0.81276 -0
    outer loop
      vertex 34.0555 -1.4135 0
      vertex 33.9651 -1.3487 27
      vertex 34.0555 -1.4135 27
    endloop
  endfacet
  facet normal 0.582598 0.81276 0
    outer loop
      vertex 33.9651 -1.3487 27
      vertex 34.0555 -1.4135 0
      vertex 33.9651 -1.3487 0
    endloop
  endfacet
  facet normal 0.471428 0.881905 -0
    outer loop
      vertex 34.2481 -1.52468 0
      vertex 34.15 -1.47224 27
      vertex 34.2481 -1.52468 27
    endloop
  endfacet
  facet normal 0.471428 0.881905 0
    outer loop
      vertex 34.15 -1.47224 27
      vertex 34.2481 -1.52468 0
      vertex 34.15 -1.47224 0
    endloop
  endfacet
  facet normal 0.290399 0.956906 -0
    outer loop
      vertex 34.56 -1.64207 0
      vertex 34.4536 -1.60978 27
      vertex 34.56 -1.64207 27
    endloop
  endfacet
  facet normal 0.290399 0.956906 0
    outer loop
      vertex 34.4536 -1.60978 27
      vertex 34.56 -1.64207 0
      vertex 34.4536 -1.60978 0
    endloop
  endfacet
  facet normal 0.0979904 0.995187 -0
    outer loop
      vertex 34.8888 -1.69636 0
      vertex 34.7781 -1.68546 27
      vertex 34.8888 -1.69636 27
    endloop
  endfacet
  facet normal 0.0979904 0.995187 0
    outer loop
      vertex 34.7781 -1.68546 27
      vertex 34.8888 -1.69636 0
      vertex 34.7781 -1.68546 0
    endloop
  endfacet
  facet normal 0.849382 0.527779 0
    outer loop
      vertex 33.5865 -0.944468 27
      vertex 33.5278 -0.849999 0
      vertex 33.5278 -0.849999 27
    endloop
  endfacet
  facet normal 0.849382 0.527779 0
    outer loop
      vertex 33.5278 -0.849999 0
      vertex 33.5865 -0.944468 27
      vertex 33.5865 -0.944468 0
    endloop
  endfacet
  facet normal 1 0 0
    outer loop
      vertex 84.5 -9 27
      vertex 84.5 -12.7 27
      vertex 84.5 -9 17
    endloop
  endfacet
  facet normal 1 0 0
    outer loop
      vertex 84.5 9 17
      vertex 84.5 12.7 27
      vertex 84.5 9 27
    endloop
  endfacet
  facet normal 1 0 0
    outer loop
      vertex 84.5 12.7 27
      vertex 84.5 9 17
      vertex 84.5 12.7 9.2
    endloop
  endfacet
  facet normal 1 -0 0
    outer loop
      vertex 84.5 -9 17
      vertex 84.5 12.7 9.2
      vertex 84.5 9 17
    endloop
  endfacet
  facet normal 1 0 0
    outer loop
      vertex 84.5 -9 17
      vertex 84.5 -12.7 9.2
      vertex 84.5 12.7 9.2
    endloop
  endfacet
  facet normal 1 0 0
    outer loop
      vertex 84.5 -12.7 9.2
      vertex 84.5 -9 17
      vertex 84.5 -12.7 27
    endloop
  endfacet
  facet normal 0 -1 0
    outer loop
      vertex 84.5 12.7 9.2
      vertex 102.5 12.7 27
      vertex 84.5 12.7 27
    endloop
  endfacet
  facet normal 0 -1 -0
    outer loop
      vertex 102.5 12.7 27
      vertex 84.5 12.7 9.2
      vertex 102.5 12.7 9.2
    endloop
  endfacet
  facet normal -0 0 1
    outer loop
      vertex 84.5 12.7 9.2
      vertex 102.5 -12.7 9.2
      vertex 102.5 12.7 9.2
    endloop
  endfacet
  facet normal 0 0 1
    outer loop
      vertex 102.5 -12.7 9.2
      vertex 84.5 12.7 9.2
      vertex 84.5 -12.7 9.2
    endloop
  endfacet
  facet normal 0 1 -0
    outer loop
      vertex 102.5 -12.7 9.2
      vertex 84.5 -12.7 27
      vertex 102.5 -12.7 27
    endloop
  endfacet
  facet normal 0 1 0
    outer loop
      vertex 84.5 -12.7 27
      vertex 102.5 -12.7 9.2
      vertex 84.5 -12.7 9.2
    endloop
  endfacet
  facet normal 0 -1 0
    outer loop
      vertex 78 9 17
      vertex 84.5 9 27
      vertex 78 9 27
    endloop
  endfacet
  facet normal 0 -1 -0
    outer loop
      vertex 84.5 9 27
      vertex 78 9 17
      vertex 84.5 9 17
    endloop
  endfacet
  facet normal -0 0 1
    outer loop
      vertex 78 9 17
      vertex 84.5 -9 17
      vertex 84.5 9 17
    endloop
  endfacet
  facet normal 0 0 1
    outer loop
      vertex 84.5 -9 17
      vertex 78 9 17
      vertex 78 -9 17
    endloop
  endfacet
  facet normal 0 1 -0
    outer loop
      vertex 84.5 -9 17
      vertex 78 -9 27
      vertex 84.5 -9 27
    endloop
  endfacet
  facet normal 0 1 0
    outer loop
      vertex 78 -9 27
      vertex 84.5 -9 17
      vertex 78 -9 17
    endloop
  endfacet
  facet normal -0.634254 0 0.773125
    outer loop
      vertex 75.7394 -22.4697 23.4299
      vertex 75.9671 -20.0804 23.6167
      vertex 75.7394 -20.0611 23.4299
    endloop
  endfacet
  facet normal -0.634254 0 0.773125
    outer loop
      vertex 75.9671 -20.0804 23.6167
      vertex 75.7394 -22.4697 23.4299
      vertex 75.9671 -22.489 23.6167
    endloop
  endfacet
  facet normal -0.163022 0 0.986622
    outer loop
      vertex 73.5874 -22.2874 22.5385
      vertex 73.8779 -19.9034 22.5865
      vertex 73.5874 -19.8788 22.5385
    endloop
  endfacet
  facet normal -0.163022 0 0.986622
    outer loop
      vertex 73.8779 -19.9034 22.5865
      vertex 73.5874 -22.2874 22.5385
      vertex 73.8779 -22.312 22.5865
    endloop
  endfacet
  facet normal -0.0326024 0 0.999468
    outer loop
      vertex 73 -22.2377 22.5
      vertex 73.2943 -19.854 22.5096
      vertex 73 -19.8291 22.5
    endloop
  endfacet
  facet normal -0.0326024 0 0.999468
    outer loop
      vertex 73.2943 -19.854 22.5096
      vertex 73 -22.2377 22.5
      vertex 73.2943 -22.2626 22.5096
    endloop
  endfacet
  facet normal 0.729823 -0 0.683636
    outer loop
      vertex 57.6167 -20.9347 24.0329
      vertex 57.818 -18.5431 23.818
      vertex 57.6167 -18.5261 24.0329
    endloop
  endfacet
  facet normal 0.729823 0 0.683636
    outer loop
      vertex 57.818 -18.5431 23.818
      vertex 57.6167 -20.9347 24.0329
      vertex 57.818 -20.9517 23.818
    endloop
  endfacet
  facet normal -0.0981253 0 0.995174
    outer loop
      vertex 73.2943 -22.2626 22.5096
      vertex 73.5874 -19.8788 22.5385
      vertex 73.2943 -19.854 22.5096
    endloop
  endfacet
  facet normal -0.0981253 0 0.995174
    outer loop
      vertex 73.5874 -19.8788 22.5385
      vertex 73.2943 -22.2626 22.5096
      vertex 73.5874 -22.2874 22.5385
    endloop
  endfacet
  facet normal -0.352165 0 0.935938
    outer loop
      vertex 74.4465 -22.3602 22.7388
      vertex 74.7221 -19.9749 22.8425
      vertex 74.4465 -19.9516 22.7388
    endloop
  endfacet
  facet normal -0.352165 0 0.935938
    outer loop
      vertex 74.7221 -19.9749 22.8425
      vertex 74.4465 -22.3602 22.7388
      vertex 74.7221 -22.3835 22.8425
    endloop
  endfacet
  facet normal -0.683636 0 0.729823
    outer loop
      vertex 75.9671 -22.489 23.6167
      vertex 76.182 -20.0986 23.818
      vertex 75.9671 -20.0804 23.6167
    endloop
  endfacet
  facet normal -0.683636 0 0.729823
    outer loop
      vertex 76.182 -20.0986 23.818
      vertex 75.9671 -22.489 23.6167
      vertex 76.182 -22.5072 23.818
    endloop
  endfacet
  facet normal -0.528014 0 0.849236
    outer loop
      vertex 75.25 -22.4283 23.1029
      vertex 75.5001 -20.0408 23.2584
      vertex 75.25 -20.0197 23.1029
    endloop
  endfacet
  facet normal -0.528014 0 0.849236
    outer loop
      vertex 75.5001 -20.0408 23.2584
      vertex 75.25 -22.4283 23.1029
      vertex 75.5001 -22.4494 23.2584
    endloop
  endfacet
  facet normal 0.999468 -0 0.0326024
    outer loop
      vertex 56.5 -20.8401 27
      vertex 56.5096 -18.4323 26.7057
      vertex 56.5 -18.4315 27
    endloop
  endfacet
  facet normal 0.999468 0 0.0326024
    outer loop
      vertex 56.5096 -18.4323 26.7057
      vertex 56.5 -20.8401 27
      vertex 56.5096 -20.8409 26.7057
    endloop
  endfacet
  facet normal 0.881939 -0 0.471364
    outer loop
      vertex 56.9641 -20.8794 25.0097
      vertex 57.1029 -18.4826 24.75
      vertex 56.9641 -18.4708 25.0097
    endloop
  endfacet
  facet normal 0.881939 0 0.471364
    outer loop
      vertex 57.1029 -18.4826 24.75
      vertex 56.9641 -20.8794 25.0097
      vertex 57.1029 -20.8911 24.75
    endloop
  endfacet
  facet normal 0.528014 -0 0.849236
    outer loop
      vertex 58.4999 -21.0095 23.2584
      vertex 58.75 -18.6221 23.1029
      vertex 58.4999 -18.6009 23.2584
    endloop
  endfacet
  facet normal 0.528014 0 0.849236
    outer loop
      vertex 58.75 -18.6221 23.1029
      vertex 58.4999 -21.0095 23.2584
      vertex 58.75 -21.0307 23.1029
    endloop
  endfacet
  facet normal 0.0981253 -0 0.995174
    outer loop
      vertex 60.4126 -21.1715 22.5385
      vertex 60.7057 -18.7877 22.5096
      vertex 60.4126 -18.7629 22.5385
    endloop
  endfacet
  facet normal 0.0981253 0 0.995174
    outer loop
      vertex 60.7057 -18.7877 22.5096
      vertex 60.4126 -21.1715 22.5385
      vertex 60.7057 -21.1963 22.5096
    endloop
  endfacet
  facet normal -0.999468 0 0.0326024
    outer loop
      vertex 77.4904 -22.618 26.7057
      vertex 77.5 -20.2102 27
      vertex 77.4904 -20.2094 26.7057
    endloop
  endfacet
  facet normal -0.999468 0 0.0326024
    outer loop
      vertex 77.5 -20.2102 27
      vertex 77.4904 -22.618 26.7057
      vertex 77.5 -22.6188 27
    endloop
  endfacet
  facet normal -0.412933 0 0.910761
    outer loop
      vertex 74.7221 -22.3835 22.8425
      vertex 74.9903 -19.9977 22.9641
      vertex 74.7221 -19.9749 22.8425
    endloop
  endfacet
  facet normal -0.412933 0 0.910761
    outer loop
      vertex 74.9903 -19.9977 22.9641
      vertex 74.7221 -22.3835 22.8425
      vertex 74.9903 -22.4063 22.9641
    endloop
  endfacet
  facet normal -0.226843 0 0.973931
    outer loop
      vertex 73.8779 -22.312 22.5865
      vertex 74.1647 -19.9277 22.6533
      vertex 73.8779 -19.9034 22.5865
    endloop
  endfacet
  facet normal -0.226843 0 0.973931
    outer loop
      vertex 74.1647 -19.9277 22.6533
      vertex 73.8779 -22.312 22.5865
      vertex 74.1647 -22.3363 22.6533
    endloop
  endfacet
  facet normal 0.910761 -0 0.412933
    outer loop
      vertex 56.8425 -20.8691 25.2779
      vertex 56.9641 -18.4708 25.0097
      vertex 56.8425 -18.4605 25.2779
    endloop
  endfacet
  facet normal 0.910761 0 0.412933
    outer loop
      vertex 56.9641 -18.4708 25.0097
      vertex 56.8425 -20.8691 25.2779
      vertex 56.9641 -20.8794 25.0097
    endloop
  endfacet
  facet normal 0.634254 -0 0.773125
    outer loop
      vertex 58.0329 -20.9699 23.6167
      vertex 58.2606 -18.5806 23.4299
      vertex 58.0329 -18.5613 23.6167
    endloop
  endfacet
  facet normal 0.634254 0 0.773125
    outer loop
      vertex 58.2606 -18.5806 23.4299
      vertex 58.0329 -20.9699 23.6167
      vertex 58.2606 -20.9892 23.4299
    endloop
  endfacet
  facet normal 0.582523 -0 0.812814
    outer loop
      vertex 58.2606 -20.9892 23.4299
      vertex 58.4999 -18.6009 23.2584
      vertex 58.2606 -18.5806 23.4299
    endloop
  endfacet
  facet normal 0.582523 0 0.812814
    outer loop
      vertex 58.4999 -18.6009 23.2584
      vertex 58.2606 -20.9892 23.4299
      vertex 58.4999 -21.0095 23.2584
    endloop
  endfacet
  facet normal 0.683636 -0 0.729823
    outer loop
      vertex 57.818 -20.9517 23.818
      vertex 58.0329 -18.5613 23.6167
      vertex 57.818 -18.5431 23.818
    endloop
  endfacet
  facet normal 0.683636 0 0.729823
    outer loop
      vertex 58.0329 -18.5613 23.6167
      vertex 57.818 -20.9517 23.818
      vertex 58.0329 -20.9699 23.6167
    endloop
  endfacet
  facet normal 0.773125 -0 0.634254
    outer loop
      vertex 57.4299 -20.9188 24.2606
      vertex 57.6167 -18.5261 24.0329
      vertex 57.4299 -18.5103 24.2606
    endloop
  endfacet
  facet normal 0.773125 0 0.634254
    outer loop
      vertex 57.6167 -18.5261 24.0329
      vertex 57.4299 -20.9188 24.2606
      vertex 57.6167 -20.9347 24.0329
    endloop
  endfacet
  facet normal 0.352165 -0 0.935938
    outer loop
      vertex 59.2779 -21.0754 22.8425
      vertex 59.5535 -18.6901 22.7388
      vertex 59.2779 -18.6668 22.8425
    endloop
  endfacet
  facet normal 0.352165 0 0.935938
    outer loop
      vertex 59.5535 -18.6901 22.7388
      vertex 59.2779 -21.0754 22.8425
      vertex 59.5535 -21.0987 22.7388
    endloop
  endfacet
  facet normal 0.0326024 -0 0.999468
    outer loop
      vertex 60.7057 -21.1963 22.5096
      vertex 61 -18.8126 22.5
      vertex 60.7057 -18.7877 22.5096
    endloop
  endfacet
  facet normal 0.0326024 0 0.999468
    outer loop
      vertex 61 -18.8126 22.5
      vertex 60.7057 -21.1963 22.5096
      vertex 61 -21.2212 22.5
    endloop
  endfacet
  facet normal 0 0 1
    outer loop
      vertex 61 -21.2212 22.5
      vertex 73 -19.8291 22.5
      vertex 61 -18.8126 22.5
    endloop
  endfacet
  facet normal 0 0 1
    outer loop
      vertex 73 -19.8291 22.5
      vertex 61 -21.2212 22.5
      vertex 73 -22.2377 22.5
    endloop
  endfacet
  facet normal 0.163022 -0 0.986622
    outer loop
      vertex 60.1221 -21.1469 22.5865
      vertex 60.4126 -18.7629 22.5385
      vertex 60.1221 -18.7383 22.5865
    endloop
  endfacet
  facet normal 0.163022 0 0.986622
    outer loop
      vertex 60.4126 -18.7629 22.5385
      vertex 60.1221 -21.1469 22.5865
      vertex 60.4126 -21.1715 22.5385
    endloop
  endfacet
  facet normal -0.956924 0 0.290337
    outer loop
      vertex 77.2612 -22.5986 25.5535
      vertex 77.3467 -20.1973 25.8353
      vertex 77.2612 -20.19 25.5535
    endloop
  endfacet
  facet normal -0.956924 0 0.290337
    outer loop
      vertex 77.3467 -20.1973 25.8353
      vertex 77.2612 -22.5986 25.5535
      vertex 77.3467 -22.6058 25.8353
    endloop
  endfacet
  facet normal -0.773125 0 0.634254
    outer loop
      vertex 76.3833 -22.5242 24.0329
      vertex 76.5701 -20.1315 24.2606
      vertex 76.3833 -20.1157 24.0329
    endloop
  endfacet
  facet normal -0.773125 0 0.634254
    outer loop
      vertex 76.5701 -20.1315 24.2606
      vertex 76.3833 -22.5242 24.0329
      vertex 76.5701 -22.5401 24.2606
    endloop
  endfacet
  facet normal -0.910761 0 0.412933
    outer loop
      vertex 77.0359 -22.5795 25.0097
      vertex 77.1575 -20.1812 25.2779
      vertex 77.0359 -20.1709 25.0097
    endloop
  endfacet
  facet normal -0.910761 0 0.412933
    outer loop
      vertex 77.1575 -20.1812 25.2779
      vertex 77.0359 -22.5795 25.0097
      vertex 77.1575 -22.5898 25.2779
    endloop
  endfacet
  facet normal -0.935938 0 0.352165
    outer loop
      vertex 77.1575 -22.5898 25.2779
      vertex 77.2612 -20.19 25.5535
      vertex 77.1575 -20.1812 25.2779
    endloop
  endfacet
  facet normal -0.935938 0 0.352165
    outer loop
      vertex 77.2612 -20.19 25.5535
      vertex 77.1575 -22.5898 25.2779
      vertex 77.2612 -22.5986 25.5535
    endloop
  endfacet
  facet normal -0.881939 0 0.471364
    outer loop
      vertex 76.8971 -22.5678 24.75
      vertex 77.0359 -20.1709 25.0097
      vertex 76.8971 -20.1592 24.75
    endloop
  endfacet
  facet normal -0.881939 0 0.471364
    outer loop
      vertex 77.0359 -20.1709 25.0097
      vertex 76.8971 -22.5678 24.75
      vertex 77.0359 -22.5795 25.0097
    endloop
  endfacet
  facet normal 0.935938 -0 0.352165
    outer loop
      vertex 56.7388 -20.8603 25.5535
      vertex 56.8425 -18.4605 25.2779
      vertex 56.7388 -18.4517 25.5535
    endloop
  endfacet
  facet normal 0.935938 0 0.352165
    outer loop
      vertex 56.8425 -18.4605 25.2779
      vertex 56.7388 -20.8603 25.5535
      vertex 56.8425 -20.8691 25.2779
    endloop
  endfacet
  facet normal 0.849236 -0 0.528014
    outer loop
      vertex 57.1029 -20.8911 24.75
      vertex 57.2584 -18.4957 24.4999
      vertex 57.1029 -18.4826 24.75
    endloop
  endfacet
  facet normal 0.849236 0 0.528014
    outer loop
      vertex 57.2584 -18.4957 24.4999
      vertex 57.1029 -20.8911 24.75
      vertex 57.2584 -20.9043 24.4999
    endloop
  endfacet
  facet normal 0.812814 -0 0.582523
    outer loop
      vertex 57.2584 -20.9043 24.4999
      vertex 57.4299 -18.5103 24.2606
      vertex 57.2584 -18.4957 24.4999
    endloop
  endfacet
  facet normal 0.812814 0 0.582523
    outer loop
      vertex 57.4299 -18.5103 24.2606
      vertex 57.2584 -20.9043 24.4999
      vertex 57.4299 -20.9188 24.2606
    endloop
  endfacet
  facet normal 0.226843 -0 0.973931
    outer loop
      vertex 59.8353 -21.1226 22.6533
      vertex 60.1221 -18.7383 22.5865
      vertex 59.8353 -18.714 22.6533
    endloop
  endfacet
  facet normal 0.226843 0 0.973931
    outer loop
      vertex 60.1221 -18.7383 22.5865
      vertex 59.8353 -21.1226 22.6533
      vertex 60.1221 -21.1469 22.5865
    endloop
  endfacet
  facet normal 0.412933 -0 0.910761
    outer loop
      vertex 59.0097 -21.0527 22.9641
      vertex 59.2779 -18.6668 22.8425
      vertex 59.0097 -18.6441 22.9641
    endloop
  endfacet
  facet normal 0.412933 0 0.910761
    outer loop
      vertex 59.2779 -18.6668 22.8425
      vertex 59.0097 -21.0527 22.9641
      vertex 59.2779 -21.0754 22.8425
    endloop
  endfacet
  facet normal -0.973931 0 0.226843
    outer loop
      vertex 77.3467 -22.6058 25.8353
      vertex 77.4135 -20.2029 26.1221
      vertex 77.3467 -20.1973 25.8353
    endloop
  endfacet
  facet normal -0.973931 0 0.226843
    outer loop
      vertex 77.4135 -20.2029 26.1221
      vertex 77.3467 -22.6058 25.8353
      vertex 77.4135 -22.6115 26.1221
    endloop
  endfacet
  facet normal -0.290337 0 0.956924
    outer loop
      vertex 74.1647 -22.3363 22.6533
      vertex 74.4465 -19.9516 22.7388
      vertex 74.1647 -19.9277 22.6533
    endloop
  endfacet
  facet normal -0.290337 0 0.956924
    outer loop
      vertex 74.4465 -19.9516 22.7388
      vertex 74.1647 -22.3363 22.6533
      vertex 74.4465 -22.3602 22.7388
    endloop
  endfacet
  facet normal -0.729823 0 0.683636
    outer loop
      vertex 76.182 -22.5072 23.818
      vertex 76.3833 -20.1157 24.0329
      vertex 76.182 -20.0986 23.818
    endloop
  endfacet
  facet normal -0.729823 0 0.683636
    outer loop
      vertex 76.3833 -20.1157 24.0329
      vertex 76.182 -22.5072 23.818
      vertex 76.3833 -22.5242 24.0329
    endloop
  endfacet
  facet normal -0.812814 0 0.582523
    outer loop
      vertex 76.5701 -22.5401 24.2606
      vertex 76.7416 -20.146 24.4999
      vertex 76.5701 -20.1315 24.2606
    endloop
  endfacet
  facet normal -0.812814 0 0.582523
    outer loop
      vertex 76.7416 -20.146 24.4999
      vertex 76.5701 -22.5401 24.2606
      vertex 76.7416 -22.5546 24.4999
    endloop
  endfacet
  facet normal -0.582523 0 0.812814
    outer loop
      vertex 75.5001 -22.4494 23.2584
      vertex 75.7394 -20.0611 23.4299
      vertex 75.5001 -20.0408 23.2584
    endloop
  endfacet
  facet normal -0.582523 0 0.812814
    outer loop
      vertex 75.7394 -20.0611 23.4299
      vertex 75.5001 -22.4494 23.2584
      vertex 75.7394 -22.4697 23.4299
    endloop
  endfacet
  facet normal -0.471364 0 0.881939
    outer loop
      vertex 74.9903 -22.4063 22.9641
      vertex 75.25 -20.0197 23.1029
      vertex 74.9903 -19.9977 22.9641
    endloop
  endfacet
  facet normal -0.471364 0 0.881939
    outer loop
      vertex 75.25 -20.0197 23.1029
      vertex 74.9903 -22.4063 22.9641
      vertex 75.25 -22.4283 23.1029
    endloop
  endfacet
  facet normal -0.849236 0 0.528014
    outer loop
      vertex 76.7416 -22.5546 24.4999
      vertex 76.8971 -20.1592 24.75
      vertex 76.7416 -20.146 24.4999
    endloop
  endfacet
  facet normal -0.849236 0 0.528014
    outer loop
      vertex 76.8971 -20.1592 24.75
      vertex 76.7416 -22.5546 24.4999
      vertex 76.8971 -22.5678 24.75
    endloop
  endfacet
  facet normal 0.973931 -0 0.226843
    outer loop
      vertex 56.5865 -20.8474 26.1221
      vertex 56.6533 -18.4445 25.8353
      vertex 56.5865 -18.4388 26.1221
    endloop
  endfacet
  facet normal 0.973931 0 0.226843
    outer loop
      vertex 56.6533 -18.4445 25.8353
      vertex 56.5865 -20.8474 26.1221
      vertex 56.6533 -20.8531 25.8353
    endloop
  endfacet
  facet normal 0.290337 -0 0.956924
    outer loop
      vertex 59.5535 -21.0987 22.7388
      vertex 59.8353 -18.714 22.6533
      vertex 59.5535 -18.6901 22.7388
    endloop
  endfacet
  facet normal 0.290337 0 0.956924
    outer loop
      vertex 59.8353 -18.714 22.6533
      vertex 59.5535 -21.0987 22.7388
      vertex 59.8353 -21.1226 22.6533
    endloop
  endfacet
  facet normal 0.471364 -0 0.881939
    outer loop
      vertex 58.75 -21.0307 23.1029
      vertex 59.0097 -18.6441 22.9641
      vertex 58.75 -18.6221 23.1029
    endloop
  endfacet
  facet normal 0.471364 0 0.881939
    outer loop
      vertex 59.0097 -18.6441 22.9641
      vertex 58.75 -21.0307 23.1029
      vertex 59.0097 -21.0527 22.9641
    endloop
  endfacet
  facet normal -0.986622 0 0.163022
    outer loop
      vertex 77.4135 -22.6115 26.1221
      vertex 77.4615 -20.207 26.4126
      vertex 77.4135 -20.2029 26.1221
    endloop
  endfacet
  facet normal -0.986622 0 0.163022
    outer loop
      vertex 77.4615 -20.207 26.4126
      vertex 77.4135 -22.6115 26.1221
      vertex 77.4615 -22.6156 26.4126
    endloop
  endfacet
  facet normal -0.995174 0 0.0981253
    outer loop
      vertex 77.4615 -22.6156 26.4126
      vertex 77.4904 -20.2094 26.7057
      vertex 77.4615 -20.207 26.4126
    endloop
  endfacet
  facet normal -0.995174 0 0.0981253
    outer loop
      vertex 77.4904 -20.2094 26.7057
      vertex 77.4615 -22.6156 26.4126
      vertex 77.4904 -22.618 26.7057
    endloop
  endfacet
  facet normal 0.956924 -0 0.290337
    outer loop
      vertex 56.6533 -20.8531 25.8353
      vertex 56.7388 -18.4517 25.5535
      vertex 56.6533 -18.4445 25.8353
    endloop
  endfacet
  facet normal 0.956924 0 0.290337
    outer loop
      vertex 56.7388 -18.4517 25.5535
      vertex 56.6533 -20.8531 25.8353
      vertex 56.7388 -20.8603 25.5535
    endloop
  endfacet
  facet normal 0.995174 -0 0.0981253
    outer loop
      vertex 56.5096 -20.8409 26.7057
      vertex 56.5385 -18.4347 26.4126
      vertex 56.5096 -18.4323 26.7057
    endloop
  endfacet
  facet normal 0.995174 0 0.0981253
    outer loop
      vertex 56.5385 -18.4347 26.4126
      vertex 56.5096 -20.8409 26.7057
      vertex 56.5385 -20.8433 26.4126
    endloop
  endfacet
  facet normal 0.986622 -0 0.163022
    outer loop
      vertex 56.5385 -20.8433 26.4126
      vertex 56.5865 -18.4388 26.1221
      vertex 56.5385 -18.4347 26.4126
    endloop
  endfacet
  facet normal 0.986622 0 0.163022
    outer loop
      vertex 56.5865 -18.4388 26.1221
      vertex 56.5385 -20.8433 26.4126
      vertex 56.5865 -20.8474 26.1221
    endloop
  endfacet
endsolid OpenSCAD_Model
