solid OpenSCAD_Model
  facet normal -0.999465 -0.0326934 0
    outer loop
      vertex 8.65 0 0
      vertex 8.64647 0.107915 3.3
      vertex 8.64647 0.107915 0
    endloop
  endfacet
  facet normal -0.999465 -0.0326934 0
    outer loop
      vertex 8.64647 0.107915 3.3
      vertex 8.65 0 0
      vertex 8.65 0 3.3
    endloop
  endfacet
  facet normal 0.999465 -0.0326934 0
    outer loop
      vertex 5.35 0 3.3
      vertex 5.35353 0.107915 0
      vertex 5.35353 0.107915 3.3
    endloop
  endfacet
  facet normal 0.999465 -0.0326934 0
    outer loop
      vertex 5.35353 0.107915 0
      vertex 5.35 0 3.3
      vertex 5.35 0 0
    endloop
  endfacet
  facet normal 0.0326919 -0.999465 0
    outer loop
      vertex 6.89208 1.64647 0
      vertex 7 1.65 3.3
      vertex 6.89208 1.64647 3.3
    endloop
  endfacet
  facet normal 0.0326919 -0.999465 0
    outer loop
      vertex 7 1.65 3.3
      vertex 6.89208 1.64647 0
      vertex 7 1.65 0
    endloop
  endfacet
  facet normal -0.032695 0.999465 0
    outer loop
      vertex 7.10791 -1.64647 0
      vertex 7 -1.65 3.3
      vertex 7.10791 -1.64647 3.3
    endloop
  endfacet
  facet normal -0.032695 0.999465 0
    outer loop
      vertex 7 -1.65 3.3
      vertex 7.10791 -1.64647 0
      vertex 7 -1.65 0
    endloop
  endfacet
  facet normal -0.683525 -0.729927 0
    outer loop
      vertex 8.08792 1.24053 0
      vertex 8.16673 1.16673 3.3
      vertex 8.08792 1.24053 3.3
    endloop
  endfacet
  facet normal -0.683525 -0.729927 -0
    outer loop
      vertex 8.16673 1.16673 3.3
      vertex 8.08792 1.24053 0
      vertex 8.16673 1.16673 0
    endloop
  endfacet
  facet normal 0.683525 -0.729927 0
    outer loop
      vertex 5.83327 1.16673 0
      vertex 5.91208 1.24053 3.3
      vertex 5.83327 1.16673 3.3
    endloop
  endfacet
  facet normal 0.683525 -0.729927 0
    outer loop
      vertex 5.91208 1.24053 3.3
      vertex 5.83327 1.16673 0
      vertex 5.91208 1.24053 0
    endloop
  endfacet
  facet normal 0.35223 -0.935914 0
    outer loop
      vertex 6.36857 1.5244 0
      vertex 6.46962 1.56243 3.3
      vertex 6.36857 1.5244 3.3
    endloop
  endfacet
  facet normal 0.35223 -0.935914 0
    outer loop
      vertex 6.46962 1.56243 3.3
      vertex 6.36857 1.5244 0
      vertex 6.46962 1.56243 0
    endloop
  endfacet
  facet normal -0.910867 -0.4127 0
    outer loop
      vertex 8.5244 0.631427 0
      vertex 8.47984 0.729775 3.3
      vertex 8.47984 0.729775 0
    endloop
  endfacet
  facet normal -0.910867 -0.4127 0
    outer loop
      vertex 8.47984 0.729775 3.3
      vertex 8.5244 0.631427 0
      vertex 8.5244 0.631427 3.3
    endloop
  endfacet
  facet normal -0.352199 -0.935925 0
    outer loop
      vertex 7.53037 1.56243 0
      vertex 7.63143 1.5244 3.3
      vertex 7.53037 1.56243 3.3
    endloop
  endfacet
  facet normal -0.352199 -0.935925 -0
    outer loop
      vertex 7.63143 1.5244 3.3
      vertex 7.53037 1.56243 0
      vertex 7.63143 1.5244 0
    endloop
  endfacet
  facet normal -0.528091 -0.849188 0
    outer loop
      vertex 7.825 1.42894 0
      vertex 7.91669 1.37192 3.3
      vertex 7.825 1.42894 3.3
    endloop
  endfacet
  facet normal -0.528091 -0.849188 -0
    outer loop
      vertex 7.91669 1.37192 3.3
      vertex 7.825 1.42894 0
      vertex 7.91669 1.37192 0
    endloop
  endfacet
  facet normal 0.910867 -0.4127 0
    outer loop
      vertex 5.4756 0.631427 3.3
      vertex 5.52016 0.729775 0
      vertex 5.52016 0.729775 3.3
    endloop
  endfacet
  facet normal 0.910867 -0.4127 0
    outer loop
      vertex 5.52016 0.729775 0
      vertex 5.4756 0.631427 3.3
      vertex 5.4756 0.631427 0
    endloop
  endfacet
  facet normal 0.162822 -0.986655 0
    outer loop
      vertex 6.6781 1.6183 0
      vertex 6.78463 1.63588 3.3
      vertex 6.6781 1.6183 3.3
    endloop
  endfacet
  facet normal 0.162822 -0.986655 0
    outer loop
      vertex 6.78463 1.63588 3.3
      vertex 6.6781 1.6183 0
      vertex 6.78463 1.63588 0
    endloop
  endfacet
  facet normal -0.290354 0.956919 0
    outer loop
      vertex 7.53037 -1.56243 0
      vertex 7.42705 -1.59378 3.3
      vertex 7.53037 -1.56243 3.3
    endloop
  endfacet
  facet normal -0.290354 0.956919 0
    outer loop
      vertex 7.42705 -1.59378 3.3
      vertex 7.53037 -1.56243 0
      vertex 7.42705 -1.59378 0
    endloop
  endfacet
  facet normal -0.227098 0.973872 0
    outer loop
      vertex 7.42705 -1.59378 0
      vertex 7.3219 -1.6183 3.3
      vertex 7.42705 -1.59378 3.3
    endloop
  endfacet
  facet normal -0.227098 0.973872 0
    outer loop
      vertex 7.3219 -1.6183 3.3
      vertex 7.42705 -1.59378 0
      vertex 7.3219 -1.6183 0
    endloop
  endfacet
  facet normal -0.973873 -0.227092 0
    outer loop
      vertex 8.6183 0.321898 0
      vertex 8.59378 0.427051 3.3
      vertex 8.59378 0.427051 0
    endloop
  endfacet
  facet normal -0.973873 -0.227092 0
    outer loop
      vertex 8.59378 0.427051 3.3
      vertex 8.6183 0.321898 0
      vertex 8.6183 0.321898 3.3
    endloop
  endfacet
  facet normal -0.956922 -0.290344 0
    outer loop
      vertex 8.59378 0.427051 0
      vertex 8.56243 0.530375 3.3
      vertex 8.56243 0.530375 0
    endloop
  endfacet
  facet normal -0.956922 -0.290344 0
    outer loop
      vertex 8.56243 0.530375 3.3
      vertex 8.59378 0.427051 0
      vertex 8.59378 0.427051 3.3
    endloop
  endfacet
  facet normal -0.812866 -0.582451 0
    outer loop
      vertex 8.37192 0.916691 0
      vertex 8.30903 1.00446 3.3
      vertex 8.30903 1.00446 0
    endloop
  endfacet
  facet normal -0.812866 -0.582451 0
    outer loop
      vertex 8.30903 1.00446 3.3
      vertex 8.37192 0.916691 0
      vertex 8.37192 0.916691 3.3
    endloop
  endfacet
  facet normal -0.881917 -0.471405 0
    outer loop
      vertex 8.47984 0.729775 0
      vertex 8.42894 0.825 3.3
      vertex 8.42894 0.825 0
    endloop
  endfacet
  facet normal -0.881917 -0.471405 0
    outer loop
      vertex 8.42894 0.825 3.3
      vertex 8.47984 0.729775 0
      vertex 8.47984 0.729775 3.3
    endloop
  endfacet
  facet normal -0.162822 -0.986655 0
    outer loop
      vertex 7.21537 1.63588 0
      vertex 7.3219 1.6183 3.3
      vertex 7.21537 1.63588 3.3
    endloop
  endfacet
  facet normal -0.162822 -0.986655 -0
    outer loop
      vertex 7.3219 1.6183 3.3
      vertex 7.21537 1.63588 0
      vertex 7.3219 1.6183 0
    endloop
  endfacet
  facet normal -0.0980732 -0.995179 0
    outer loop
      vertex 7.10791 1.64647 0
      vertex 7.21537 1.63588 3.3
      vertex 7.10791 1.64647 3.3
    endloop
  endfacet
  facet normal -0.0980732 -0.995179 -0
    outer loop
      vertex 7.21537 1.63588 3.3
      vertex 7.10791 1.64647 0
      vertex 7.21537 1.63588 0
    endloop
  endfacet
  facet normal -0.582447 -0.812869 0
    outer loop
      vertex 7.91669 1.37192 0
      vertex 8.00446 1.30903 3.3
      vertex 7.91669 1.37192 3.3
    endloop
  endfacet
  facet normal -0.582447 -0.812869 -0
    outer loop
      vertex 8.00446 1.30903 3.3
      vertex 7.91669 1.37192 0
      vertex 8.00446 1.30903 0
    endloop
  endfacet
  facet normal 0.973873 -0.227092 0
    outer loop
      vertex 5.3817 0.321898 3.3
      vertex 5.40622 0.427051 0
      vertex 5.40622 0.427051 3.3
    endloop
  endfacet
  facet normal 0.973873 -0.227092 0
    outer loop
      vertex 5.40622 0.427051 0
      vertex 5.3817 0.321898 3.3
      vertex 5.3817 0.321898 0
    endloop
  endfacet
  facet normal 0.812822 -0.582512 0
    outer loop
      vertex 5.62807 0.916691 3.3
      vertex 5.69097 1.00446 0
      vertex 5.69097 1.00446 3.3
    endloop
  endfacet
  facet normal 0.812822 -0.582512 0
    outer loop
      vertex 5.69097 1.00446 0
      vertex 5.62807 0.916691 3.3
      vertex 5.62807 0.916691 0
    endloop
  endfacet
  facet normal 0.849232 -0.52802 0
    outer loop
      vertex 5.57106 0.825 3.3
      vertex 5.62807 0.916691 0
      vertex 5.62807 0.916691 3.3
    endloop
  endfacet
  facet normal 0.849232 -0.52802 0
    outer loop
      vertex 5.62807 0.916691 0
      vertex 5.57106 0.825 3.3
      vertex 5.57106 0.825 0
    endloop
  endfacet
  facet normal 0.935885 -0.352305 0
    outer loop
      vertex 5.43756 0.530375 3.3
      vertex 5.4756 0.631427 0
      vertex 5.4756 0.631427 3.3
    endloop
  endfacet
  facet normal 0.935885 -0.352305 0
    outer loop
      vertex 5.4756 0.631427 0
      vertex 5.43756 0.530375 3.3
      vertex 5.43756 0.530375 0
    endloop
  endfacet
  facet normal 0.528091 -0.849188 0
    outer loop
      vertex 6.08331 1.37192 0
      vertex 6.175 1.42894 3.3
      vertex 6.08331 1.37192 3.3
    endloop
  endfacet
  facet normal 0.528091 -0.849188 0
    outer loop
      vertex 6.175 1.42894 3.3
      vertex 6.08331 1.37192 0
      vertex 6.175 1.42894 0
    endloop
  endfacet
  facet normal 0.582447 -0.812869 0
    outer loop
      vertex 5.99554 1.30903 0
      vertex 6.08331 1.37192 3.3
      vertex 5.99554 1.30903 3.3
    endloop
  endfacet
  facet normal 0.582447 -0.812869 0
    outer loop
      vertex 6.08331 1.37192 3.3
      vertex 5.99554 1.30903 0
      vertex 6.08331 1.37192 0
    endloop
  endfacet
  facet normal 0.0980823 -0.995178 0
    outer loop
      vertex 6.78463 1.63588 0
      vertex 6.89208 1.64647 3.3
      vertex 6.78463 1.63588 3.3
    endloop
  endfacet
  facet normal 0.0980823 -0.995178 0
    outer loop
      vertex 6.89208 1.64647 3.3
      vertex 6.78463 1.63588 0
      vertex 6.89208 1.64647 0
    endloop
  endfacet
  facet normal -0.729927 0.683525 0
    outer loop
      vertex 8.16673 -1.16673 0
      vertex 8.24053 -1.08792 3.3
      vertex 8.24053 -1.08792 0
    endloop
  endfacet
  facet normal -0.729927 0.683525 0
    outer loop
      vertex 8.24053 -1.08792 3.3
      vertex 8.16673 -1.16673 0
      vertex 8.16673 -1.16673 3.3
    endloop
  endfacet
  facet normal 0.910867 0.4127 0
    outer loop
      vertex 5.52016 -0.729775 3.3
      vertex 5.4756 -0.631427 0
      vertex 5.4756 -0.631427 3.3
    endloop
  endfacet
  facet normal 0.910867 0.4127 0
    outer loop
      vertex 5.4756 -0.631427 0
      vertex 5.52016 -0.729775 3.3
      vertex 5.52016 -0.729775 0
    endloop
  endfacet
  facet normal 0.812822 0.582512 0
    outer loop
      vertex 5.69097 -1.00446 3.3
      vertex 5.62807 -0.916691 0
      vertex 5.62807 -0.916691 3.3
    endloop
  endfacet
  facet normal 0.812822 0.582512 0
    outer loop
      vertex 5.62807 -0.916691 0
      vertex 5.69097 -1.00446 3.3
      vertex 5.69097 -1.00446 0
    endloop
  endfacet
  facet normal -0.986656 -0.16282 0
    outer loop
      vertex 8.63588 0.215367 0
      vertex 8.6183 0.321898 3.3
      vertex 8.6183 0.321898 0
    endloop
  endfacet
  facet normal -0.986656 -0.16282 0
    outer loop
      vertex 8.6183 0.321898 3.3
      vertex 8.63588 0.215367 0
      vertex 8.63588 0.215367 3.3
    endloop
  endfacet
  facet normal -0.995178 -0.0980804 0
    outer loop
      vertex 8.64647 0.107915 0
      vertex 8.63588 0.215367 3.3
      vertex 8.63588 0.215367 0
    endloop
  endfacet
  facet normal -0.995178 -0.0980804 0
    outer loop
      vertex 8.63588 0.215367 3.3
      vertex 8.64647 0.107915 0
      vertex 8.64647 0.107915 3.3
    endloop
  endfacet
  facet normal -0.935916 -0.352223 0
    outer loop
      vertex 8.56243 0.530375 0
      vertex 8.5244 0.631427 3.3
      vertex 8.5244 0.631427 0
    endloop
  endfacet
  facet normal -0.935916 -0.352223 0
    outer loop
      vertex 8.5244 0.631427 3.3
      vertex 8.56243 0.530375 0
      vertex 8.56243 0.530375 3.3
    endloop
  endfacet
  facet normal -0.772983 -0.634427 0
    outer loop
      vertex 8.30903 1.00446 0
      vertex 8.24053 1.08792 3.3
      vertex 8.24053 1.08792 0
    endloop
  endfacet
  facet normal -0.772983 -0.634427 0
    outer loop
      vertex 8.24053 1.08792 3.3
      vertex 8.30903 1.00446 0
      vertex 8.30903 1.00446 3.3
    endloop
  endfacet
  facet normal -0.729927 -0.683525 0
    outer loop
      vertex 8.24053 1.08792 0
      vertex 8.16673 1.16673 3.3
      vertex 8.16673 1.16673 0
    endloop
  endfacet
  facet normal -0.729927 -0.683525 0
    outer loop
      vertex 8.16673 1.16673 3.3
      vertex 8.24053 1.08792 0
      vertex 8.24053 1.08792 3.3
    endloop
  endfacet
  facet normal -0.84919 -0.528087 0
    outer loop
      vertex 8.42894 0.825 0
      vertex 8.37192 0.916691 3.3
      vertex 8.37192 0.916691 0
    endloop
  endfacet
  facet normal -0.84919 -0.528087 0
    outer loop
      vertex 8.37192 0.916691 3.3
      vertex 8.42894 0.825 0
      vertex 8.42894 0.825 3.3
    endloop
  endfacet
  facet normal -0.227098 -0.973872 0
    outer loop
      vertex 7.3219 1.6183 0
      vertex 7.42705 1.59378 3.3
      vertex 7.3219 1.6183 3.3
    endloop
  endfacet
  facet normal -0.227098 -0.973872 -0
    outer loop
      vertex 7.42705 1.59378 3.3
      vertex 7.3219 1.6183 0
      vertex 7.42705 1.59378 0
    endloop
  endfacet
  facet normal -0.290354 -0.956919 0
    outer loop
      vertex 7.42705 1.59378 0
      vertex 7.53037 1.56243 3.3
      vertex 7.42705 1.59378 3.3
    endloop
  endfacet
  facet normal -0.290354 -0.956919 -0
    outer loop
      vertex 7.53037 1.56243 3.3
      vertex 7.42705 1.59378 0
      vertex 7.53037 1.56243 0
    endloop
  endfacet
  facet normal -0.032695 -0.999465 0
    outer loop
      vertex 7 1.65 0
      vertex 7.10791 1.64647 3.3
      vertex 7 1.65 3.3
    endloop
  endfacet
  facet normal -0.032695 -0.999465 -0
    outer loop
      vertex 7.10791 1.64647 3.3
      vertex 7 1.65 0
      vertex 7.10791 1.64647 0
    endloop
  endfacet
  facet normal -0.471424 -0.881906 0
    outer loop
      vertex 7.72978 1.47984 0
      vertex 7.825 1.42894 3.3
      vertex 7.72978 1.47984 3.3
    endloop
  endfacet
  facet normal -0.471424 -0.881906 -0
    outer loop
      vertex 7.825 1.42894 3.3
      vertex 7.72978 1.47984 0
      vertex 7.825 1.42894 0
    endloop
  endfacet
  facet normal -0.412693 -0.91087 0
    outer loop
      vertex 7.63143 1.5244 0
      vertex 7.72978 1.47984 3.3
      vertex 7.63143 1.5244 3.3
    endloop
  endfacet
  facet normal -0.412693 -0.91087 -0
    outer loop
      vertex 7.72978 1.47984 3.3
      vertex 7.63143 1.5244 0
      vertex 7.72978 1.47984 0
    endloop
  endfacet
  facet normal -0.634427 -0.772983 0
    outer loop
      vertex 8.00446 1.30903 0
      vertex 8.08792 1.24053 3.3
      vertex 8.00446 1.30903 3.3
    endloop
  endfacet
  facet normal -0.634427 -0.772983 -0
    outer loop
      vertex 8.08792 1.24053 3.3
      vertex 8.00446 1.30903 0
      vertex 8.08792 1.24053 0
    endloop
  endfacet
  facet normal 0.773028 -0.634372 0
    outer loop
      vertex 5.69097 1.00446 3.3
      vertex 5.75946 1.08792 0
      vertex 5.75946 1.08792 3.3
    endloop
  endfacet
  facet normal 0.773028 -0.634372 0
    outer loop
      vertex 5.75946 1.08792 0
      vertex 5.69097 1.00446 3.3
      vertex 5.69097 1.00446 0
    endloop
  endfacet
  facet normal 0.729881 -0.683574 0
    outer loop
      vertex 5.75946 1.08792 3.3
      vertex 5.83327 1.16673 0
      vertex 5.83327 1.16673 3.3
    endloop
  endfacet
  facet normal 0.729881 -0.683574 0
    outer loop
      vertex 5.83327 1.16673 0
      vertex 5.75946 1.08792 3.3
      vertex 5.75946 1.08792 0
    endloop
  endfacet
  facet normal 0.881917 -0.471405 0
    outer loop
      vertex 5.52016 0.729775 3.3
      vertex 5.57106 0.825 0
      vertex 5.57106 0.825 3.3
    endloop
  endfacet
  facet normal 0.881917 -0.471405 0
    outer loop
      vertex 5.57106 0.825 0
      vertex 5.52016 0.729775 3.3
      vertex 5.52016 0.729775 0
    endloop
  endfacet
  facet normal 0.956948 -0.290259 0
    outer loop
      vertex 5.40622 0.427051 3.3
      vertex 5.43756 0.530375 0
      vertex 5.43756 0.530375 3.3
    endloop
  endfacet
  facet normal 0.956948 -0.290259 0
    outer loop
      vertex 5.43756 0.530375 0
      vertex 5.40622 0.427051 3.3
      vertex 5.40622 0.427051 0
    endloop
  endfacet
  facet normal 0.986656 -0.16282 0
    outer loop
      vertex 5.36412 0.215367 3.3
      vertex 5.3817 0.321898 0
      vertex 5.3817 0.321898 3.3
    endloop
  endfacet
  facet normal 0.986656 -0.16282 0
    outer loop
      vertex 5.3817 0.321898 0
      vertex 5.36412 0.215367 3.3
      vertex 5.36412 0.215367 0
    endloop
  endfacet
  facet normal 0.995178 -0.0980804 0
    outer loop
      vertex 5.35353 0.107915 3.3
      vertex 5.36412 0.215367 0
      vertex 5.36412 0.215367 3.3
    endloop
  endfacet
  facet normal 0.995178 -0.0980804 0
    outer loop
      vertex 5.36412 0.215367 0
      vertex 5.35353 0.107915 3.3
      vertex 5.35353 0.107915 0
    endloop
  endfacet
  facet normal 0.471424 -0.881906 0
    outer loop
      vertex 6.175 1.42894 0
      vertex 6.27022 1.47984 3.3
      vertex 6.175 1.42894 3.3
    endloop
  endfacet
  facet normal 0.471424 -0.881906 0
    outer loop
      vertex 6.27022 1.47984 3.3
      vertex 6.175 1.42894 0
      vertex 6.27022 1.47984 0
    endloop
  endfacet
  facet normal 0.412693 -0.91087 0
    outer loop
      vertex 6.27022 1.47984 0
      vertex 6.36857 1.5244 3.3
      vertex 6.27022 1.47984 3.3
    endloop
  endfacet
  facet normal 0.412693 -0.91087 0
    outer loop
      vertex 6.36857 1.5244 3.3
      vertex 6.27022 1.47984 0
      vertex 6.36857 1.5244 0
    endloop
  endfacet
  facet normal 0.634427 -0.772983 0
    outer loop
      vertex 5.91208 1.24053 0
      vertex 5.99554 1.30903 3.3
      vertex 5.91208 1.24053 3.3
    endloop
  endfacet
  facet normal 0.634427 -0.772983 0
    outer loop
      vertex 5.99554 1.30903 3.3
      vertex 5.91208 1.24053 0
      vertex 5.99554 1.30903 0
    endloop
  endfacet
  facet normal 0.227098 -0.973872 0
    outer loop
      vertex 6.57295 1.59378 0
      vertex 6.6781 1.6183 3.3
      vertex 6.57295 1.59378 3.3
    endloop
  endfacet
  facet normal 0.227098 -0.973872 0
    outer loop
      vertex 6.6781 1.6183 3.3
      vertex 6.57295 1.59378 0
      vertex 6.6781 1.6183 0
    endloop
  endfacet
  facet normal 0.290329 -0.956927 0
    outer loop
      vertex 6.46962 1.56243 0
      vertex 6.57295 1.59378 3.3
      vertex 6.46962 1.56243 3.3
    endloop
  endfacet
  facet normal 0.290329 -0.956927 0
    outer loop
      vertex 6.57295 1.59378 3.3
      vertex 6.46962 1.56243 0
      vertex 6.57295 1.59378 0
    endloop
  endfacet
  facet normal -0.999465 0.0326934 0
    outer loop
      vertex 8.64647 -0.107915 0
      vertex 8.65 0 3.3
      vertex 8.65 0 0
    endloop
  endfacet
  facet normal -0.999465 0.0326934 0
    outer loop
      vertex 8.65 0 3.3
      vertex 8.64647 -0.107915 0
      vertex 8.64647 -0.107915 3.3
    endloop
  endfacet
  facet normal -0.986656 0.16282 0
    outer loop
      vertex 8.6183 -0.321898 0
      vertex 8.63588 -0.215367 3.3
      vertex 8.63588 -0.215367 0
    endloop
  endfacet
  facet normal -0.986656 0.16282 0
    outer loop
      vertex 8.63588 -0.215367 3.3
      vertex 8.6183 -0.321898 0
      vertex 8.6183 -0.321898 3.3
    endloop
  endfacet
  facet normal -0.995178 0.0980804 0
    outer loop
      vertex 8.63588 -0.215367 0
      vertex 8.64647 -0.107915 3.3
      vertex 8.64647 -0.107915 0
    endloop
  endfacet
  facet normal -0.995178 0.0980804 0
    outer loop
      vertex 8.64647 -0.107915 3.3
      vertex 8.63588 -0.215367 0
      vertex 8.63588 -0.215367 3.3
    endloop
  endfacet
  facet normal -0.772983 0.634427 0
    outer loop
      vertex 8.24053 -1.08792 0
      vertex 8.30903 -1.00446 3.3
      vertex 8.30903 -1.00446 0
    endloop
  endfacet
  facet normal -0.772983 0.634427 0
    outer loop
      vertex 8.30903 -1.00446 3.3
      vertex 8.24053 -1.08792 0
      vertex 8.24053 -1.08792 3.3
    endloop
  endfacet
  facet normal -0.471424 0.881906 0
    outer loop
      vertex 7.825 -1.42894 0
      vertex 7.72978 -1.47984 3.3
      vertex 7.825 -1.42894 3.3
    endloop
  endfacet
  facet normal -0.471424 0.881906 0
    outer loop
      vertex 7.72978 -1.47984 3.3
      vertex 7.825 -1.42894 0
      vertex 7.72978 -1.47984 0
    endloop
  endfacet
  facet normal -0.881917 0.471405 0
    outer loop
      vertex 8.42894 -0.825 0
      vertex 8.47984 -0.729775 3.3
      vertex 8.47984 -0.729775 0
    endloop
  endfacet
  facet normal -0.881917 0.471405 0
    outer loop
      vertex 8.47984 -0.729775 3.3
      vertex 8.42894 -0.825 0
      vertex 8.42894 -0.825 3.3
    endloop
  endfacet
  facet normal 0.773028 0.634372 0
    outer loop
      vertex 5.75946 -1.08792 3.3
      vertex 5.69097 -1.00446 0
      vertex 5.69097 -1.00446 3.3
    endloop
  endfacet
  facet normal 0.773028 0.634372 0
    outer loop
      vertex 5.69097 -1.00446 0
      vertex 5.75946 -1.08792 3.3
      vertex 5.75946 -1.08792 0
    endloop
  endfacet
  facet normal 0.973873 0.227092 0
    outer loop
      vertex 5.40622 -0.427051 3.3
      vertex 5.3817 -0.321898 0
      vertex 5.3817 -0.321898 3.3
    endloop
  endfacet
  facet normal 0.973873 0.227092 0
    outer loop
      vertex 5.3817 -0.321898 0
      vertex 5.40622 -0.427051 3.3
      vertex 5.40622 -0.427051 0
    endloop
  endfacet
  facet normal 0.935885 0.352305 0
    outer loop
      vertex 5.4756 -0.631427 3.3
      vertex 5.43756 -0.530375 0
      vertex 5.43756 -0.530375 3.3
    endloop
  endfacet
  facet normal 0.935885 0.352305 0
    outer loop
      vertex 5.43756 -0.530375 0
      vertex 5.4756 -0.631427 3.3
      vertex 5.4756 -0.631427 0
    endloop
  endfacet
  facet normal 0.999465 0.0326934 0
    outer loop
      vertex 5.35353 -0.107915 3.3
      vertex 5.35 0 0
      vertex 5.35 0 3.3
    endloop
  endfacet
  facet normal 0.999465 0.0326934 0
    outer loop
      vertex 5.35 0 0
      vertex 5.35353 -0.107915 3.3
      vertex 5.35353 -0.107915 0
    endloop
  endfacet
  facet normal -0.0980732 0.995179 0
    outer loop
      vertex 7.21537 -1.63588 0
      vertex 7.10791 -1.64647 3.3
      vertex 7.21537 -1.63588 3.3
    endloop
  endfacet
  facet normal -0.0980732 0.995179 0
    outer loop
      vertex 7.10791 -1.64647 3.3
      vertex 7.21537 -1.63588 0
      vertex 7.10791 -1.64647 0
    endloop
  endfacet
  facet normal -0.412693 0.91087 0
    outer loop
      vertex 7.72978 -1.47984 0
      vertex 7.63143 -1.5244 3.3
      vertex 7.72978 -1.47984 3.3
    endloop
  endfacet
  facet normal -0.412693 0.91087 0
    outer loop
      vertex 7.63143 -1.5244 3.3
      vertex 7.72978 -1.47984 0
      vertex 7.63143 -1.5244 0
    endloop
  endfacet
  facet normal -0.352199 0.935925 0
    outer loop
      vertex 7.63143 -1.5244 0
      vertex 7.53037 -1.56243 3.3
      vertex 7.63143 -1.5244 3.3
    endloop
  endfacet
  facet normal -0.352199 0.935925 0
    outer loop
      vertex 7.53037 -1.56243 3.3
      vertex 7.63143 -1.5244 0
      vertex 7.53037 -1.56243 0
    endloop
  endfacet
  facet normal -0.935916 0.352223 0
    outer loop
      vertex 8.5244 -0.631427 0
      vertex 8.56243 -0.530375 3.3
      vertex 8.56243 -0.530375 0
    endloop
  endfacet
  facet normal -0.935916 0.352223 0
    outer loop
      vertex 8.56243 -0.530375 3.3
      vertex 8.5244 -0.631427 0
      vertex 8.5244 -0.631427 3.3
    endloop
  endfacet
  facet normal 0.35223 0.935914 -0
    outer loop
      vertex 6.46962 -1.56243 0
      vertex 6.36857 -1.5244 3.3
      vertex 6.46962 -1.56243 3.3
    endloop
  endfacet
  facet normal 0.35223 0.935914 0
    outer loop
      vertex 6.36857 -1.5244 3.3
      vertex 6.46962 -1.56243 0
      vertex 6.36857 -1.5244 0
    endloop
  endfacet
  facet normal 0.849232 0.52802 0
    outer loop
      vertex 5.62807 -0.916691 3.3
      vertex 5.57106 -0.825 0
      vertex 5.57106 -0.825 3.3
    endloop
  endfacet
  facet normal 0.849232 0.52802 0
    outer loop
      vertex 5.57106 -0.825 0
      vertex 5.62807 -0.916691 3.3
      vertex 5.62807 -0.916691 0
    endloop
  endfacet
  facet normal 0.729881 0.683574 0
    outer loop
      vertex 5.83327 -1.16673 3.3
      vertex 5.75946 -1.08792 0
      vertex 5.75946 -1.08792 3.3
    endloop
  endfacet
  facet normal 0.729881 0.683574 0
    outer loop
      vertex 5.75946 -1.08792 0
      vertex 5.83327 -1.16673 3.3
      vertex 5.83327 -1.16673 0
    endloop
  endfacet
  facet normal 0.995178 0.0980804 0
    outer loop
      vertex 5.36412 -0.215367 3.3
      vertex 5.35353 -0.107915 0
      vertex 5.35353 -0.107915 3.3
    endloop
  endfacet
  facet normal 0.995178 0.0980804 0
    outer loop
      vertex 5.35353 -0.107915 0
      vertex 5.36412 -0.215367 3.3
      vertex 5.36412 -0.215367 0
    endloop
  endfacet
  facet normal 0.986656 0.16282 0
    outer loop
      vertex 5.3817 -0.321898 3.3
      vertex 5.36412 -0.215367 0
      vertex 5.36412 -0.215367 3.3
    endloop
  endfacet
  facet normal 0.986656 0.16282 0
    outer loop
      vertex 5.36412 -0.215367 0
      vertex 5.3817 -0.321898 3.3
      vertex 5.3817 -0.321898 0
    endloop
  endfacet
  facet normal -0.162822 0.986655 0
    outer loop
      vertex 7.3219 -1.6183 0
      vertex 7.21537 -1.63588 3.3
      vertex 7.3219 -1.6183 3.3
    endloop
  endfacet
  facet normal -0.162822 0.986655 0
    outer loop
      vertex 7.21537 -1.63588 3.3
      vertex 7.3219 -1.6183 0
      vertex 7.21537 -1.63588 0
    endloop
  endfacet
  facet normal -0.973873 0.227092 0
    outer loop
      vertex 8.59378 -0.427051 0
      vertex 8.6183 -0.321898 3.3
      vertex 8.6183 -0.321898 0
    endloop
  endfacet
  facet normal -0.973873 0.227092 0
    outer loop
      vertex 8.6183 -0.321898 3.3
      vertex 8.59378 -0.427051 0
      vertex 8.59378 -0.427051 3.3
    endloop
  endfacet
  facet normal -0.956922 0.290344 0
    outer loop
      vertex 8.56243 -0.530375 0
      vertex 8.59378 -0.427051 3.3
      vertex 8.59378 -0.427051 0
    endloop
  endfacet
  facet normal -0.956922 0.290344 0
    outer loop
      vertex 8.59378 -0.427051 3.3
      vertex 8.56243 -0.530375 0
      vertex 8.56243 -0.530375 3.3
    endloop
  endfacet
  facet normal -0.84919 0.528087 0
    outer loop
      vertex 8.37192 -0.916691 0
      vertex 8.42894 -0.825 3.3
      vertex 8.42894 -0.825 0
    endloop
  endfacet
  facet normal -0.84919 0.528087 0
    outer loop
      vertex 8.42894 -0.825 3.3
      vertex 8.37192 -0.916691 0
      vertex 8.37192 -0.916691 3.3
    endloop
  endfacet
  facet normal -0.812866 0.582451 0
    outer loop
      vertex 8.30903 -1.00446 0
      vertex 8.37192 -0.916691 3.3
      vertex 8.37192 -0.916691 0
    endloop
  endfacet
  facet normal -0.812866 0.582451 0
    outer loop
      vertex 8.37192 -0.916691 3.3
      vertex 8.30903 -1.00446 0
      vertex 8.30903 -1.00446 3.3
    endloop
  endfacet
  facet normal -0.634427 0.772983 0
    outer loop
      vertex 8.08792 -1.24053 0
      vertex 8.00446 -1.30903 3.3
      vertex 8.08792 -1.24053 3.3
    endloop
  endfacet
  facet normal -0.634427 0.772983 0
    outer loop
      vertex 8.00446 -1.30903 3.3
      vertex 8.08792 -1.24053 0
      vertex 8.00446 -1.30903 0
    endloop
  endfacet
  facet normal -0.528091 0.849188 0
    outer loop
      vertex 7.91669 -1.37192 0
      vertex 7.825 -1.42894 3.3
      vertex 7.91669 -1.37192 3.3
    endloop
  endfacet
  facet normal -0.528091 0.849188 0
    outer loop
      vertex 7.825 -1.42894 3.3
      vertex 7.91669 -1.37192 0
      vertex 7.825 -1.42894 0
    endloop
  endfacet
  facet normal -0.910867 0.4127 0
    outer loop
      vertex 8.47984 -0.729775 0
      vertex 8.5244 -0.631427 3.3
      vertex 8.5244 -0.631427 0
    endloop
  endfacet
  facet normal -0.910867 0.4127 0
    outer loop
      vertex 8.5244 -0.631427 3.3
      vertex 8.47984 -0.729775 0
      vertex 8.47984 -0.729775 3.3
    endloop
  endfacet
  facet normal 0.0326919 0.999465 -0
    outer loop
      vertex 7 -1.65 0
      vertex 6.89208 -1.64647 3.3
      vertex 7 -1.65 3.3
    endloop
  endfacet
  facet normal 0.0326919 0.999465 0
    outer loop
      vertex 6.89208 -1.64647 3.3
      vertex 7 -1.65 0
      vertex 6.89208 -1.64647 0
    endloop
  endfacet
  facet normal 0.528091 0.849188 -0
    outer loop
      vertex 6.175 -1.42894 0
      vertex 6.08331 -1.37192 3.3
      vertex 6.175 -1.42894 3.3
    endloop
  endfacet
  facet normal 0.528091 0.849188 0
    outer loop
      vertex 6.08331 -1.37192 3.3
      vertex 6.175 -1.42894 0
      vertex 6.08331 -1.37192 0
    endloop
  endfacet
  facet normal 0.162822 0.986655 -0
    outer loop
      vertex 6.78463 -1.63588 0
      vertex 6.6781 -1.6183 3.3
      vertex 6.78463 -1.63588 3.3
    endloop
  endfacet
  facet normal 0.162822 0.986655 0
    outer loop
      vertex 6.6781 -1.6183 3.3
      vertex 6.78463 -1.63588 0
      vertex 6.6781 -1.6183 0
    endloop
  endfacet
  facet normal 0.0980823 0.995178 -0
    outer loop
      vertex 6.89208 -1.64647 0
      vertex 6.78463 -1.63588 3.3
      vertex 6.89208 -1.64647 3.3
    endloop
  endfacet
  facet normal 0.0980823 0.995178 0
    outer loop
      vertex 6.78463 -1.63588 3.3
      vertex 6.89208 -1.64647 0
      vertex 6.78463 -1.63588 0
    endloop
  endfacet
  facet normal 0.881917 0.471405 0
    outer loop
      vertex 5.57106 -0.825 3.3
      vertex 5.52016 -0.729775 0
      vertex 5.52016 -0.729775 3.3
    endloop
  endfacet
  facet normal 0.881917 0.471405 0
    outer loop
      vertex 5.52016 -0.729775 0
      vertex 5.57106 -0.825 3.3
      vertex 5.57106 -0.825 0
    endloop
  endfacet
  facet normal 0.956948 0.290259 0
    outer loop
      vertex 5.43756 -0.530375 3.3
      vertex 5.40622 -0.427051 0
      vertex 5.40622 -0.427051 3.3
    endloop
  endfacet
  facet normal 0.956948 0.290259 0
    outer loop
      vertex 5.40622 -0.427051 0
      vertex 5.43756 -0.530375 3.3
      vertex 5.43756 -0.530375 0
    endloop
  endfacet
  facet normal -0.582447 0.812869 0
    outer loop
      vertex 8.00446 -1.30903 0
      vertex 7.91669 -1.37192 3.3
      vertex 8.00446 -1.30903 3.3
    endloop
  endfacet
  facet normal -0.582447 0.812869 0
    outer loop
      vertex 7.91669 -1.37192 3.3
      vertex 8.00446 -1.30903 0
      vertex 7.91669 -1.37192 0
    endloop
  endfacet
  facet normal 0.471424 0.881906 -0
    outer loop
      vertex 6.27022 -1.47984 0
      vertex 6.175 -1.42894 3.3
      vertex 6.27022 -1.47984 3.3
    endloop
  endfacet
  facet normal 0.471424 0.881906 0
    outer loop
      vertex 6.175 -1.42894 3.3
      vertex 6.27022 -1.47984 0
      vertex 6.175 -1.42894 0
    endloop
  endfacet
  facet normal -0.683525 0.729927 0
    outer loop
      vertex 8.16673 -1.16673 0
      vertex 8.08792 -1.24053 3.3
      vertex 8.16673 -1.16673 3.3
    endloop
  endfacet
  facet normal -0.683525 0.729927 0
    outer loop
      vertex 8.08792 -1.24053 3.3
      vertex 8.16673 -1.16673 0
      vertex 8.08792 -1.24053 0
    endloop
  endfacet
  facet normal 0.634427 0.772983 -0
    outer loop
      vertex 5.99554 -1.30903 0
      vertex 5.91208 -1.24053 3.3
      vertex 5.99554 -1.30903 3.3
    endloop
  endfacet
  facet normal 0.634427 0.772983 0
    outer loop
      vertex 5.91208 -1.24053 3.3
      vertex 5.99554 -1.30903 0
      vertex 5.91208 -1.24053 0
    endloop
  endfacet
  facet normal 0.683525 0.729927 -0
    outer loop
      vertex 5.91208 -1.24053 0
      vertex 5.83327 -1.16673 3.3
      vertex 5.91208 -1.24053 3.3
    endloop
  endfacet
  facet normal 0.683525 0.729927 0
    outer loop
      vertex 5.83327 -1.16673 3.3
      vertex 5.91208 -1.24053 0
      vertex 5.83327 -1.16673 0
    endloop
  endfacet
  facet normal 0.412693 0.91087 -0
    outer loop
      vertex 6.36857 -1.5244 0
      vertex 6.27022 -1.47984 3.3
      vertex 6.36857 -1.5244 3.3
    endloop
  endfacet
  facet normal 0.412693 0.91087 0
    outer loop
      vertex 6.27022 -1.47984 3.3
      vertex 6.36857 -1.5244 0
      vertex 6.27022 -1.47984 0
    endloop
  endfacet
  facet normal 0.227098 0.973872 -0
    outer loop
      vertex 6.6781 -1.6183 0
      vertex 6.57295 -1.59378 3.3
      vertex 6.6781 -1.6183 3.3
    endloop
  endfacet
  facet normal 0.227098 0.973872 0
    outer loop
      vertex 6.57295 -1.59378 3.3
      vertex 6.6781 -1.6183 0
      vertex 6.57295 -1.59378 0
    endloop
  endfacet
  facet normal 0.290329 0.956927 -0
    outer loop
      vertex 6.57295 -1.59378 0
      vertex 6.46962 -1.56243 3.3
      vertex 6.57295 -1.59378 3.3
    endloop
  endfacet
  facet normal 0.290329 0.956927 0
    outer loop
      vertex 6.46962 -1.56243 3.3
      vertex 6.57295 -1.59378 0
      vertex 6.46962 -1.56243 0
    endloop
  endfacet
  facet normal 0.582447 0.812869 -0
    outer loop
      vertex 6.08331 -1.37192 0
      vertex 5.99554 -1.30903 3.3
      vertex 6.08331 -1.37192 3.3
    endloop
  endfacet
  facet normal 0.582447 0.812869 0
    outer loop
      vertex 5.99554 -1.30903 3.3
      vertex 6.08331 -1.37192 0
      vertex 5.99554 -1.30903 0
    endloop
  endfacet
  facet normal 0.0326934 -0.999465 0
    outer loop
      vertex -0.107915 8.64647 0
      vertex 0 8.65 3.3
      vertex -0.107915 8.64647 3.3
    endloop
  endfacet
  facet normal 0.0326934 -0.999465 0
    outer loop
      vertex 0 8.65 3.3
      vertex -0.107915 8.64647 0
      vertex 0 8.65 0
    endloop
  endfacet
  facet normal 0.999465 0.0326919 0
    outer loop
      vertex -1.64647 6.89208 3.3
      vertex -1.65 7 0
      vertex -1.65 7 3.3
    endloop
  endfacet
  facet normal 0.999465 0.0326919 0
    outer loop
      vertex -1.65 7 0
      vertex -1.64647 6.89208 3.3
      vertex -1.64647 6.89208 0
    endloop
  endfacet
  facet normal -0.999465 -0.032695 0
    outer loop
      vertex 1.65 7 0
      vertex 1.64647 7.10791 3.3
      vertex 1.64647 7.10791 0
    endloop
  endfacet
  facet normal -0.999465 -0.032695 0
    outer loop
      vertex 1.64647 7.10791 3.3
      vertex 1.65 7 0
      vertex 1.65 7 3.3
    endloop
  endfacet
  facet normal 0.729927 -0.683525 0
    outer loop
      vertex -1.24053 8.08792 3.3
      vertex -1.16673 8.16673 0
      vertex -1.16673 8.16673 3.3
    endloop
  endfacet
  facet normal 0.729927 -0.683525 0
    outer loop
      vertex -1.16673 8.16673 0
      vertex -1.24053 8.08792 3.3
      vertex -1.24053 8.08792 0
    endloop
  endfacet
  facet normal 0.4127 -0.910867 0
    outer loop
      vertex -0.729775 8.47984 0
      vertex -0.631427 8.5244 3.3
      vertex -0.729775 8.47984 3.3
    endloop
  endfacet
  facet normal 0.4127 -0.910867 0
    outer loop
      vertex -0.631427 8.5244 3.3
      vertex -0.729775 8.47984 0
      vertex -0.631427 8.5244 0
    endloop
  endfacet
  facet normal 0.935925 -0.352199 0
    outer loop
      vertex -1.56243 7.53037 3.3
      vertex -1.5244 7.63143 0
      vertex -1.5244 7.63143 3.3
    endloop
  endfacet
  facet normal 0.935925 -0.352199 0
    outer loop
      vertex -1.5244 7.63143 0
      vertex -1.56243 7.53037 3.3
      vertex -1.56243 7.53037 0
    endloop
  endfacet
  facet normal 0.849188 -0.528091 0
    outer loop
      vertex -1.42894 7.825 3.3
      vertex -1.37192 7.91669 0
      vertex -1.37192 7.91669 3.3
    endloop
  endfacet
  facet normal 0.849188 -0.528091 0
    outer loop
      vertex -1.37192 7.91669 0
      vertex -1.42894 7.825 3.3
      vertex -1.42894 7.825 0
    endloop
  endfacet
  facet normal 0.52802 0.849232 -0
    outer loop
      vertex -0.825 5.57106 0
      vertex -0.916691 5.62807 3.3
      vertex -0.825 5.57106 3.3
    endloop
  endfacet
  facet normal 0.52802 0.849232 0
    outer loop
      vertex -0.916691 5.62807 3.3
      vertex -0.825 5.57106 0
      vertex -0.916691 5.62807 0
    endloop
  endfacet
  facet normal 0.729927 0.683525 0
    outer loop
      vertex -1.16673 5.83327 3.3
      vertex -1.24053 5.91208 0
      vertex -1.24053 5.91208 3.3
    endloop
  endfacet
  facet normal 0.729927 0.683525 0
    outer loop
      vertex -1.24053 5.91208 0
      vertex -1.16673 5.83327 3.3
      vertex -1.16673 5.83327 0
    endloop
  endfacet
  facet normal -0.227092 -0.973873 0
    outer loop
      vertex 0.321898 8.6183 0
      vertex 0.427051 8.59378 3.3
      vertex 0.321898 8.6183 3.3
    endloop
  endfacet
  facet normal -0.227092 -0.973873 -0
    outer loop
      vertex 0.427051 8.59378 3.3
      vertex 0.321898 8.6183 0
      vertex 0.427051 8.59378 0
    endloop
  endfacet
  facet normal 0.227092 -0.973873 0
    outer loop
      vertex -0.427051 8.59378 0
      vertex -0.321898 8.6183 3.3
      vertex -0.427051 8.59378 3.3
    endloop
  endfacet
  facet normal 0.227092 -0.973873 0
    outer loop
      vertex -0.321898 8.6183 3.3
      vertex -0.427051 8.59378 0
      vertex -0.321898 8.6183 0
    endloop
  endfacet
  facet normal 0.290344 -0.956922 0
    outer loop
      vertex -0.530375 8.56243 0
      vertex -0.427051 8.59378 3.3
      vertex -0.530375 8.56243 3.3
    endloop
  endfacet
  facet normal 0.290344 -0.956922 0
    outer loop
      vertex -0.427051 8.59378 3.3
      vertex -0.530375 8.56243 0
      vertex -0.427051 8.59378 0
    endloop
  endfacet
  facet normal 0.471405 -0.881917 0
    outer loop
      vertex -0.825 8.42894 0
      vertex -0.729775 8.47984 3.3
      vertex -0.825 8.42894 3.3
    endloop
  endfacet
  facet normal 0.471405 -0.881917 0
    outer loop
      vertex -0.729775 8.47984 3.3
      vertex -0.825 8.42894 0
      vertex -0.729775 8.47984 0
    endloop
  endfacet
  facet normal 0.986655 -0.162822 0
    outer loop
      vertex -1.63588 7.21537 3.3
      vertex -1.6183 7.3219 0
      vertex -1.6183 7.3219 3.3
    endloop
  endfacet
  facet normal 0.986655 -0.162822 0
    outer loop
      vertex -1.6183 7.3219 0
      vertex -1.63588 7.21537 3.3
      vertex -1.63588 7.21537 0
    endloop
  endfacet
  facet normal 0.995179 -0.0980732 0
    outer loop
      vertex -1.64647 7.10791 3.3
      vertex -1.63588 7.21537 0
      vertex -1.63588 7.21537 3.3
    endloop
  endfacet
  facet normal 0.995179 -0.0980732 0
    outer loop
      vertex -1.63588 7.21537 0
      vertex -1.64647 7.10791 3.3
      vertex -1.64647 7.10791 0
    endloop
  endfacet
  facet normal 0.812869 -0.582447 0
    outer loop
      vertex -1.37192 7.91669 3.3
      vertex -1.30903 8.00446 0
      vertex -1.30903 8.00446 3.3
    endloop
  endfacet
  facet normal 0.812869 -0.582447 0
    outer loop
      vertex -1.30903 8.00446 0
      vertex -1.37192 7.91669 3.3
      vertex -1.37192 7.91669 0
    endloop
  endfacet
  facet normal 0.290259 0.956948 -0
    outer loop
      vertex -0.427051 5.40622 0
      vertex -0.530375 5.43756 3.3
      vertex -0.427051 5.40622 3.3
    endloop
  endfacet
  facet normal 0.290259 0.956948 0
    outer loop
      vertex -0.530375 5.43756 3.3
      vertex -0.427051 5.40622 0
      vertex -0.530375 5.43756 0
    endloop
  endfacet
  facet normal 0.582512 0.812822 -0
    outer loop
      vertex -0.916691 5.62807 0
      vertex -1.00446 5.69097 3.3
      vertex -0.916691 5.62807 3.3
    endloop
  endfacet
  facet normal 0.582512 0.812822 0
    outer loop
      vertex -1.00446 5.69097 3.3
      vertex -0.916691 5.62807 0
      vertex -1.00446 5.69097 0
    endloop
  endfacet
  facet normal 0.4127 0.910867 -0
    outer loop
      vertex -0.631427 5.4756 0
      vertex -0.729775 5.52016 3.3
      vertex -0.631427 5.4756 3.3
    endloop
  endfacet
  facet normal 0.4127 0.910867 0
    outer loop
      vertex -0.729775 5.52016 3.3
      vertex -0.631427 5.4756 0
      vertex -0.729775 5.52016 0
    endloop
  endfacet
  facet normal 0.352305 0.935885 -0
    outer loop
      vertex -0.530375 5.43756 0
      vertex -0.631427 5.4756 3.3
      vertex -0.530375 5.43756 3.3
    endloop
  endfacet
  facet normal 0.352305 0.935885 0
    outer loop
      vertex -0.631427 5.4756 3.3
      vertex -0.530375 5.43756 0
      vertex -0.631427 5.4756 0
    endloop
  endfacet
  facet normal 0.0980804 0.995178 -0
    outer loop
      vertex -0.107915 5.35353 0
      vertex -0.215367 5.36412 3.3
      vertex -0.107915 5.35353 3.3
    endloop
  endfacet
  facet normal 0.0980804 0.995178 0
    outer loop
      vertex -0.215367 5.36412 3.3
      vertex -0.107915 5.35353 0
      vertex -0.215367 5.36412 0
    endloop
  endfacet
  facet normal 0.849188 0.528091 0
    outer loop
      vertex -1.37192 6.08331 3.3
      vertex -1.42894 6.175 0
      vertex -1.42894 6.175 3.3
    endloop
  endfacet
  facet normal 0.849188 0.528091 0
    outer loop
      vertex -1.42894 6.175 0
      vertex -1.37192 6.08331 3.3
      vertex -1.37192 6.08331 0
    endloop
  endfacet
  facet normal 0.812869 0.582447 0
    outer loop
      vertex -1.30903 5.99554 3.3
      vertex -1.37192 6.08331 0
      vertex -1.37192 6.08331 3.3
    endloop
  endfacet
  facet normal 0.812869 0.582447 0
    outer loop
      vertex -1.37192 6.08331 0
      vertex -1.30903 5.99554 3.3
      vertex -1.30903 5.99554 0
    endloop
  endfacet
  facet normal 0.935914 0.35223 0
    outer loop
      vertex -1.5244 6.36857 3.3
      vertex -1.56243 6.46962 0
      vertex -1.56243 6.46962 3.3
    endloop
  endfacet
  facet normal 0.935914 0.35223 0
    outer loop
      vertex -1.56243 6.46962 0
      vertex -1.5244 6.36857 3.3
      vertex -1.5244 6.36857 0
    endloop
  endfacet
  facet normal 0.995178 0.0980823 0
    outer loop
      vertex -1.63588 6.78463 3.3
      vertex -1.64647 6.89208 0
      vertex -1.64647 6.89208 3.3
    endloop
  endfacet
  facet normal 0.995178 0.0980823 0
    outer loop
      vertex -1.64647 6.89208 0
      vertex -1.63588 6.78463 3.3
      vertex -1.63588 6.78463 0
    endloop
  endfacet
  facet normal -0.683525 -0.729927 0
    outer loop
      vertex 1.08792 8.24053 0
      vertex 1.16673 8.16673 3.3
      vertex 1.08792 8.24053 3.3
    endloop
  endfacet
  facet normal -0.683525 -0.729927 -0
    outer loop
      vertex 1.16673 8.16673 3.3
      vertex 1.08792 8.24053 0
      vertex 1.16673 8.16673 0
    endloop
  endfacet
  facet normal -0.528087 -0.84919 0
    outer loop
      vertex 0.825 8.42894 0
      vertex 0.916691 8.37192 3.3
      vertex 0.825 8.42894 3.3
    endloop
  endfacet
  facet normal -0.528087 -0.84919 -0
    outer loop
      vertex 0.916691 8.37192 3.3
      vertex 0.825 8.42894 0
      vertex 0.916691 8.37192 0
    endloop
  endfacet
  facet normal 0.16282 -0.986656 0
    outer loop
      vertex -0.321898 8.6183 0
      vertex -0.215367 8.63588 3.3
      vertex -0.321898 8.6183 3.3
    endloop
  endfacet
  facet normal 0.16282 -0.986656 0
    outer loop
      vertex -0.215367 8.63588 3.3
      vertex -0.321898 8.6183 0
      vertex -0.215367 8.63588 0
    endloop
  endfacet
  facet normal 0.0980804 -0.995178 0
    outer loop
      vertex -0.215367 8.63588 0
      vertex -0.107915 8.64647 3.3
      vertex -0.215367 8.63588 3.3
    endloop
  endfacet
  facet normal 0.0980804 -0.995178 0
    outer loop
      vertex -0.107915 8.64647 3.3
      vertex -0.215367 8.63588 0
      vertex -0.107915 8.64647 0
    endloop
  endfacet
  facet normal 0.352223 -0.935916 0
    outer loop
      vertex -0.631427 8.5244 0
      vertex -0.530375 8.56243 3.3
      vertex -0.631427 8.5244 3.3
    endloop
  endfacet
  facet normal 0.352223 -0.935916 0
    outer loop
      vertex -0.530375 8.56243 3.3
      vertex -0.631427 8.5244 0
      vertex -0.530375 8.56243 0
    endloop
  endfacet
  facet normal 0.683525 -0.729927 0
    outer loop
      vertex -1.16673 8.16673 0
      vertex -1.08792 8.24053 3.3
      vertex -1.16673 8.16673 3.3
    endloop
  endfacet
  facet normal 0.683525 -0.729927 0
    outer loop
      vertex -1.08792 8.24053 3.3
      vertex -1.16673 8.16673 0
      vertex -1.08792 8.24053 0
    endloop
  endfacet
  facet normal 0.582451 -0.812866 0
    outer loop
      vertex -1.00446 8.30903 0
      vertex -0.916691 8.37192 3.3
      vertex -1.00446 8.30903 3.3
    endloop
  endfacet
  facet normal 0.582451 -0.812866 0
    outer loop
      vertex -0.916691 8.37192 3.3
      vertex -1.00446 8.30903 0
      vertex -0.916691 8.37192 0
    endloop
  endfacet
  facet normal 0.973872 -0.227098 0
    outer loop
      vertex -1.6183 7.3219 3.3
      vertex -1.59378 7.42705 0
      vertex -1.59378 7.42705 3.3
    endloop
  endfacet
  facet normal 0.973872 -0.227098 0
    outer loop
      vertex -1.59378 7.42705 0
      vertex -1.6183 7.3219 3.3
      vertex -1.6183 7.3219 0
    endloop
  endfacet
  facet normal 0.999465 -0.032695 0
    outer loop
      vertex -1.65 7 3.3
      vertex -1.64647 7.10791 0
      vertex -1.64647 7.10791 3.3
    endloop
  endfacet
  facet normal 0.999465 -0.032695 0
    outer loop
      vertex -1.64647 7.10791 0
      vertex -1.65 7 3.3
      vertex -1.65 7 0
    endloop
  endfacet
  facet normal 0.881906 -0.471424 0
    outer loop
      vertex -1.47984 7.72978 3.3
      vertex -1.42894 7.825 0
      vertex -1.42894 7.825 3.3
    endloop
  endfacet
  facet normal 0.881906 -0.471424 0
    outer loop
      vertex -1.42894 7.825 0
      vertex -1.47984 7.72978 3.3
      vertex -1.47984 7.72978 0
    endloop
  endfacet
  facet normal 0.91087 -0.412693 0
    outer loop
      vertex -1.5244 7.63143 3.3
      vertex -1.47984 7.72978 0
      vertex -1.47984 7.72978 3.3
    endloop
  endfacet
  facet normal 0.91087 -0.412693 0
    outer loop
      vertex -1.47984 7.72978 0
      vertex -1.5244 7.63143 3.3
      vertex -1.5244 7.63143 0
    endloop
  endfacet
  facet normal 0.772983 -0.634427 0
    outer loop
      vertex -1.30903 8.00446 3.3
      vertex -1.24053 8.08792 0
      vertex -1.24053 8.08792 3.3
    endloop
  endfacet
  facet normal 0.772983 -0.634427 0
    outer loop
      vertex -1.24053 8.08792 0
      vertex -1.30903 8.00446 3.3
      vertex -1.30903 8.00446 0
    endloop
  endfacet
  facet normal 0.683574 0.729881 -0
    outer loop
      vertex -1.08792 5.75946 0
      vertex -1.16673 5.83327 3.3
      vertex -1.08792 5.75946 3.3
    endloop
  endfacet
  facet normal 0.683574 0.729881 0
    outer loop
      vertex -1.16673 5.83327 3.3
      vertex -1.08792 5.75946 0
      vertex -1.16673 5.83327 0
    endloop
  endfacet
  facet normal 0.634372 0.773028 -0
    outer loop
      vertex -1.00446 5.69097 0
      vertex -1.08792 5.75946 3.3
      vertex -1.00446 5.69097 3.3
    endloop
  endfacet
  facet normal 0.634372 0.773028 0
    outer loop
      vertex -1.08792 5.75946 3.3
      vertex -1.00446 5.69097 0
      vertex -1.08792 5.75946 0
    endloop
  endfacet
  facet normal 0.471405 0.881917 -0
    outer loop
      vertex -0.729775 5.52016 0
      vertex -0.825 5.57106 3.3
      vertex -0.729775 5.52016 3.3
    endloop
  endfacet
  facet normal 0.471405 0.881917 0
    outer loop
      vertex -0.825 5.57106 3.3
      vertex -0.729775 5.52016 0
      vertex -0.825 5.57106 0
    endloop
  endfacet
  facet normal 0.16282 0.986656 -0
    outer loop
      vertex -0.215367 5.36412 0
      vertex -0.321898 5.3817 3.3
      vertex -0.215367 5.36412 3.3
    endloop
  endfacet
  facet normal 0.16282 0.986656 0
    outer loop
      vertex -0.321898 5.3817 3.3
      vertex -0.215367 5.36412 0
      vertex -0.321898 5.3817 0
    endloop
  endfacet
  facet normal 0.0326934 0.999465 -0
    outer loop
      vertex 0 5.35 0
      vertex -0.107915 5.35353 3.3
      vertex 0 5.35 3.3
    endloop
  endfacet
  facet normal 0.0326934 0.999465 0
    outer loop
      vertex -0.107915 5.35353 3.3
      vertex 0 5.35 0
      vertex -0.107915 5.35353 0
    endloop
  endfacet
  facet normal 0.91087 0.412693 0
    outer loop
      vertex -1.47984 6.27022 3.3
      vertex -1.5244 6.36857 0
      vertex -1.5244 6.36857 3.3
    endloop
  endfacet
  facet normal 0.91087 0.412693 0
    outer loop
      vertex -1.5244 6.36857 0
      vertex -1.47984 6.27022 3.3
      vertex -1.47984 6.27022 0
    endloop
  endfacet
  facet normal 0.772983 0.634427 0
    outer loop
      vertex -1.24053 5.91208 3.3
      vertex -1.30903 5.99554 0
      vertex -1.30903 5.99554 3.3
    endloop
  endfacet
  facet normal 0.772983 0.634427 0
    outer loop
      vertex -1.30903 5.99554 0
      vertex -1.24053 5.91208 3.3
      vertex -1.24053 5.91208 0
    endloop
  endfacet
  facet normal 0.881906 0.471424 0
    outer loop
      vertex -1.42894 6.175 3.3
      vertex -1.47984 6.27022 0
      vertex -1.47984 6.27022 3.3
    endloop
  endfacet
  facet normal 0.881906 0.471424 0
    outer loop
      vertex -1.47984 6.27022 0
      vertex -1.42894 6.175 3.3
      vertex -1.42894 6.175 0
    endloop
  endfacet
  facet normal 0.973872 0.227098 0
    outer loop
      vertex -1.59378 6.57295 3.3
      vertex -1.6183 6.6781 0
      vertex -1.6183 6.6781 3.3
    endloop
  endfacet
  facet normal 0.973872 0.227098 0
    outer loop
      vertex -1.6183 6.6781 0
      vertex -1.59378 6.57295 3.3
      vertex -1.59378 6.57295 0
    endloop
  endfacet
  facet normal 0.956927 0.290329 0
    outer loop
      vertex -1.56243 6.46962 3.3
      vertex -1.59378 6.57295 0
      vertex -1.59378 6.57295 3.3
    endloop
  endfacet
  facet normal 0.956927 0.290329 0
    outer loop
      vertex -1.59378 6.57295 0
      vertex -1.56243 6.46962 3.3
      vertex -1.56243 6.46962 0
    endloop
  endfacet
  facet normal 0.986655 0.162822 0
    outer loop
      vertex -1.6183 6.6781 3.3
      vertex -1.63588 6.78463 0
      vertex -1.63588 6.78463 3.3
    endloop
  endfacet
  facet normal 0.986655 0.162822 0
    outer loop
      vertex -1.63588 6.78463 0
      vertex -1.6183 6.6781 3.3
      vertex -1.6183 6.6781 0
    endloop
  endfacet
  facet normal -0.0326934 -0.999465 0
    outer loop
      vertex 0 8.65 0
      vertex 0.107915 8.64647 3.3
      vertex 0 8.65 3.3
    endloop
  endfacet
  facet normal -0.0326934 -0.999465 -0
    outer loop
      vertex 0.107915 8.64647 3.3
      vertex 0 8.65 0
      vertex 0.107915 8.64647 0
    endloop
  endfacet
  facet normal -0.4127 -0.910867 0
    outer loop
      vertex 0.631427 8.5244 0
      vertex 0.729775 8.47984 3.3
      vertex 0.631427 8.5244 3.3
    endloop
  endfacet
  facet normal -0.4127 -0.910867 -0
    outer loop
      vertex 0.729775 8.47984 3.3
      vertex 0.631427 8.5244 0
      vertex 0.729775 8.47984 0
    endloop
  endfacet
  facet normal -0.16282 -0.986656 0
    outer loop
      vertex 0.215367 8.63588 0
      vertex 0.321898 8.6183 3.3
      vertex 0.215367 8.63588 3.3
    endloop
  endfacet
  facet normal -0.16282 -0.986656 -0
    outer loop
      vertex 0.321898 8.6183 3.3
      vertex 0.215367 8.63588 0
      vertex 0.321898 8.6183 0
    endloop
  endfacet
  facet normal -0.0980804 -0.995178 0
    outer loop
      vertex 0.107915 8.64647 0
      vertex 0.215367 8.63588 3.3
      vertex 0.107915 8.64647 3.3
    endloop
  endfacet
  facet normal -0.0980804 -0.995178 -0
    outer loop
      vertex 0.215367 8.63588 3.3
      vertex 0.107915 8.64647 0
      vertex 0.215367 8.63588 0
    endloop
  endfacet
  facet normal -0.352223 -0.935916 0
    outer loop
      vertex 0.530375 8.56243 0
      vertex 0.631427 8.5244 3.3
      vertex 0.530375 8.56243 3.3
    endloop
  endfacet
  facet normal -0.352223 -0.935916 -0
    outer loop
      vertex 0.631427 8.5244 3.3
      vertex 0.530375 8.56243 0
      vertex 0.631427 8.5244 0
    endloop
  endfacet
  facet normal -0.582512 0.812822 0
    outer loop
      vertex 1.00446 5.69097 0
      vertex 0.916691 5.62807 3.3
      vertex 1.00446 5.69097 3.3
    endloop
  endfacet
  facet normal -0.582512 0.812822 0
    outer loop
      vertex 0.916691 5.62807 3.3
      vertex 1.00446 5.69097 0
      vertex 0.916691 5.62807 0
    endloop
  endfacet
  facet normal -0.52802 0.849232 0
    outer loop
      vertex 0.916691 5.62807 0
      vertex 0.825 5.57106 3.3
      vertex 0.916691 5.62807 3.3
    endloop
  endfacet
  facet normal -0.52802 0.849232 0
    outer loop
      vertex 0.825 5.57106 3.3
      vertex 0.916691 5.62807 0
      vertex 0.825 5.57106 0
    endloop
  endfacet
  facet normal -0.91087 -0.412693 0
    outer loop
      vertex 1.5244 7.63143 0
      vertex 1.47984 7.72978 3.3
      vertex 1.47984 7.72978 0
    endloop
  endfacet
  facet normal -0.91087 -0.412693 0
    outer loop
      vertex 1.47984 7.72978 3.3
      vertex 1.5244 7.63143 0
      vertex 1.5244 7.63143 3.3
    endloop
  endfacet
  facet normal 0.634427 -0.772983 0
    outer loop
      vertex -1.08792 8.24053 0
      vertex -1.00446 8.30903 3.3
      vertex -1.08792 8.24053 3.3
    endloop
  endfacet
  facet normal 0.634427 -0.772983 0
    outer loop
      vertex -1.00446 8.30903 3.3
      vertex -1.08792 8.24053 0
      vertex -1.00446 8.30903 0
    endloop
  endfacet
  facet normal 0.528087 -0.84919 0
    outer loop
      vertex -0.916691 8.37192 0
      vertex -0.825 8.42894 3.3
      vertex -0.916691 8.37192 3.3
    endloop
  endfacet
  facet normal 0.528087 -0.84919 0
    outer loop
      vertex -0.825 8.42894 3.3
      vertex -0.916691 8.37192 0
      vertex -0.825 8.42894 0
    endloop
  endfacet
  facet normal 0.956919 -0.290354 0
    outer loop
      vertex -1.59378 7.42705 3.3
      vertex -1.56243 7.53037 0
      vertex -1.56243 7.53037 3.3
    endloop
  endfacet
  facet normal 0.956919 -0.290354 0
    outer loop
      vertex -1.56243 7.53037 0
      vertex -1.59378 7.42705 3.3
      vertex -1.59378 7.42705 0
    endloop
  endfacet
  facet normal 0.227092 0.973873 -0
    outer loop
      vertex -0.321898 5.3817 0
      vertex -0.427051 5.40622 3.3
      vertex -0.321898 5.3817 3.3
    endloop
  endfacet
  facet normal 0.227092 0.973873 0
    outer loop
      vertex -0.427051 5.40622 3.3
      vertex -0.321898 5.3817 0
      vertex -0.427051 5.40622 0
    endloop
  endfacet
  facet normal -0.881906 -0.471424 0
    outer loop
      vertex 1.47984 7.72978 0
      vertex 1.42894 7.825 3.3
      vertex 1.42894 7.825 0
    endloop
  endfacet
  facet normal -0.881906 -0.471424 0
    outer loop
      vertex 1.42894 7.825 3.3
      vertex 1.47984 7.72978 0
      vertex 1.47984 7.72978 3.3
    endloop
  endfacet
  facet normal -0.471405 -0.881917 0
    outer loop
      vertex 0.729775 8.47984 0
      vertex 0.825 8.42894 3.3
      vertex 0.729775 8.47984 3.3
    endloop
  endfacet
  facet normal -0.471405 -0.881917 -0
    outer loop
      vertex 0.825 8.42894 3.3
      vertex 0.729775 8.47984 0
      vertex 0.825 8.42894 0
    endloop
  endfacet
  facet normal -0.986655 0.162822 0
    outer loop
      vertex 1.6183 6.6781 0
      vertex 1.63588 6.78463 3.3
      vertex 1.63588 6.78463 0
    endloop
  endfacet
  facet normal -0.986655 0.162822 0
    outer loop
      vertex 1.63588 6.78463 3.3
      vertex 1.6183 6.6781 0
      vertex 1.6183 6.6781 3.3
    endloop
  endfacet
  facet normal -0.4127 0.910867 0
    outer loop
      vertex 0.729775 5.52016 0
      vertex 0.631427 5.4756 3.3
      vertex 0.729775 5.52016 3.3
    endloop
  endfacet
  facet normal -0.4127 0.910867 0
    outer loop
      vertex 0.631427 5.4756 3.3
      vertex 0.729775 5.52016 0
      vertex 0.631427 5.4756 0
    endloop
  endfacet
  facet normal -0.352305 0.935885 0
    outer loop
      vertex 0.631427 5.4756 0
      vertex 0.530375 5.43756 3.3
      vertex 0.631427 5.4756 3.3
    endloop
  endfacet
  facet normal -0.352305 0.935885 0
    outer loop
      vertex 0.530375 5.43756 3.3
      vertex 0.631427 5.4756 0
      vertex 0.530375 5.43756 0
    endloop
  endfacet
  facet normal -0.227092 0.973873 0
    outer loop
      vertex 0.427051 5.40622 0
      vertex 0.321898 5.3817 3.3
      vertex 0.427051 5.40622 3.3
    endloop
  endfacet
  facet normal -0.227092 0.973873 0
    outer loop
      vertex 0.321898 5.3817 3.3
      vertex 0.427051 5.40622 0
      vertex 0.321898 5.3817 0
    endloop
  endfacet
  facet normal -0.0326934 0.999465 0
    outer loop
      vertex 0.107915 5.35353 0
      vertex 0 5.35 3.3
      vertex 0.107915 5.35353 3.3
    endloop
  endfacet
  facet normal -0.0326934 0.999465 0
    outer loop
      vertex 0 5.35 3.3
      vertex 0.107915 5.35353 0
      vertex 0 5.35 0
    endloop
  endfacet
  facet normal -0.0980804 0.995178 0
    outer loop
      vertex 0.215367 5.36412 0
      vertex 0.107915 5.35353 3.3
      vertex 0.215367 5.36412 3.3
    endloop
  endfacet
  facet normal -0.0980804 0.995178 0
    outer loop
      vertex 0.107915 5.35353 3.3
      vertex 0.215367 5.36412 0
      vertex 0.107915 5.35353 0
    endloop
  endfacet
  facet normal -0.16282 0.986656 0
    outer loop
      vertex 0.321898 5.3817 0
      vertex 0.215367 5.36412 3.3
      vertex 0.321898 5.3817 3.3
    endloop
  endfacet
  facet normal -0.16282 0.986656 0
    outer loop
      vertex 0.215367 5.36412 3.3
      vertex 0.321898 5.3817 0
      vertex 0.215367 5.36412 0
    endloop
  endfacet
  facet normal -0.935925 -0.352199 0
    outer loop
      vertex 1.56243 7.53037 0
      vertex 1.5244 7.63143 3.3
      vertex 1.5244 7.63143 0
    endloop
  endfacet
  facet normal -0.935925 -0.352199 0
    outer loop
      vertex 1.5244 7.63143 3.3
      vertex 1.56243 7.53037 0
      vertex 1.56243 7.53037 3.3
    endloop
  endfacet
  facet normal -0.986655 -0.162822 0
    outer loop
      vertex 1.63588 7.21537 0
      vertex 1.6183 7.3219 3.3
      vertex 1.6183 7.3219 0
    endloop
  endfacet
  facet normal -0.986655 -0.162822 0
    outer loop
      vertex 1.6183 7.3219 3.3
      vertex 1.63588 7.21537 0
      vertex 1.63588 7.21537 3.3
    endloop
  endfacet
  facet normal -0.995179 -0.0980732 0
    outer loop
      vertex 1.64647 7.10791 0
      vertex 1.63588 7.21537 3.3
      vertex 1.63588 7.21537 0
    endloop
  endfacet
  facet normal -0.995179 -0.0980732 0
    outer loop
      vertex 1.63588 7.21537 3.3
      vertex 1.64647 7.10791 0
      vertex 1.64647 7.10791 3.3
    endloop
  endfacet
  facet normal -0.290344 -0.956922 0
    outer loop
      vertex 0.427051 8.59378 0
      vertex 0.530375 8.56243 3.3
      vertex 0.427051 8.59378 3.3
    endloop
  endfacet
  facet normal -0.290344 -0.956922 -0
    outer loop
      vertex 0.530375 8.56243 3.3
      vertex 0.427051 8.59378 0
      vertex 0.530375 8.56243 0
    endloop
  endfacet
  facet normal -0.582451 -0.812866 0
    outer loop
      vertex 0.916691 8.37192 0
      vertex 1.00446 8.30903 3.3
      vertex 0.916691 8.37192 3.3
    endloop
  endfacet
  facet normal -0.582451 -0.812866 -0
    outer loop
      vertex 1.00446 8.30903 3.3
      vertex 0.916691 8.37192 0
      vertex 1.00446 8.30903 0
    endloop
  endfacet
  facet normal -0.634427 -0.772983 0
    outer loop
      vertex 1.00446 8.30903 0
      vertex 1.08792 8.24053 3.3
      vertex 1.00446 8.30903 3.3
    endloop
  endfacet
  facet normal -0.634427 -0.772983 -0
    outer loop
      vertex 1.08792 8.24053 3.3
      vertex 1.00446 8.30903 0
      vertex 1.08792 8.24053 0
    endloop
  endfacet
  facet normal -0.729927 -0.683525 0
    outer loop
      vertex 1.24053 8.08792 0
      vertex 1.16673 8.16673 3.3
      vertex 1.16673 8.16673 0
    endloop
  endfacet
  facet normal -0.729927 -0.683525 0
    outer loop
      vertex 1.16673 8.16673 3.3
      vertex 1.24053 8.08792 0
      vertex 1.24053 8.08792 3.3
    endloop
  endfacet
  facet normal -0.849188 -0.528091 0
    outer loop
      vertex 1.42894 7.825 0
      vertex 1.37192 7.91669 3.3
      vertex 1.37192 7.91669 0
    endloop
  endfacet
  facet normal -0.849188 -0.528091 0
    outer loop
      vertex 1.37192 7.91669 3.3
      vertex 1.42894 7.825 0
      vertex 1.42894 7.825 3.3
    endloop
  endfacet
  facet normal -0.999465 0.0326919 0
    outer loop
      vertex 1.64647 6.89208 0
      vertex 1.65 7 3.3
      vertex 1.65 7 0
    endloop
  endfacet
  facet normal -0.999465 0.0326919 0
    outer loop
      vertex 1.65 7 3.3
      vertex 1.64647 6.89208 0
      vertex 1.64647 6.89208 3.3
    endloop
  endfacet
  facet normal -0.881906 0.471424 0
    outer loop
      vertex 1.42894 6.175 0
      vertex 1.47984 6.27022 3.3
      vertex 1.47984 6.27022 0
    endloop
  endfacet
  facet normal -0.881906 0.471424 0
    outer loop
      vertex 1.47984 6.27022 3.3
      vertex 1.42894 6.175 0
      vertex 1.42894 6.175 3.3
    endloop
  endfacet
  facet normal -0.956927 0.290329 0
    outer loop
      vertex 1.56243 6.46962 0
      vertex 1.59378 6.57295 3.3
      vertex 1.59378 6.57295 0
    endloop
  endfacet
  facet normal -0.956927 0.290329 0
    outer loop
      vertex 1.59378 6.57295 3.3
      vertex 1.56243 6.46962 0
      vertex 1.56243 6.46962 3.3
    endloop
  endfacet
  facet normal -0.995178 0.0980823 0
    outer loop
      vertex 1.63588 6.78463 0
      vertex 1.64647 6.89208 3.3
      vertex 1.64647 6.89208 0
    endloop
  endfacet
  facet normal -0.995178 0.0980823 0
    outer loop
      vertex 1.64647 6.89208 3.3
      vertex 1.63588 6.78463 0
      vertex 1.63588 6.78463 3.3
    endloop
  endfacet
  facet normal -0.683574 0.729881 0
    outer loop
      vertex 1.16673 5.83327 0
      vertex 1.08792 5.75946 3.3
      vertex 1.16673 5.83327 3.3
    endloop
  endfacet
  facet normal -0.683574 0.729881 0
    outer loop
      vertex 1.08792 5.75946 3.3
      vertex 1.16673 5.83327 0
      vertex 1.08792 5.75946 0
    endloop
  endfacet
  facet normal -0.634372 0.773028 0
    outer loop
      vertex 1.08792 5.75946 0
      vertex 1.00446 5.69097 3.3
      vertex 1.08792 5.75946 3.3
    endloop
  endfacet
  facet normal -0.634372 0.773028 0
    outer loop
      vertex 1.00446 5.69097 3.3
      vertex 1.08792 5.75946 0
      vertex 1.00446 5.69097 0
    endloop
  endfacet
  facet normal -0.471405 0.881917 0
    outer loop
      vertex 0.825 5.57106 0
      vertex 0.729775 5.52016 3.3
      vertex 0.825 5.57106 3.3
    endloop
  endfacet
  facet normal -0.471405 0.881917 0
    outer loop
      vertex 0.729775 5.52016 3.3
      vertex 0.825 5.57106 0
      vertex 0.729775 5.52016 0
    endloop
  endfacet
  facet normal -0.290259 0.956948 0
    outer loop
      vertex 0.530375 5.43756 0
      vertex 0.427051 5.40622 3.3
      vertex 0.530375 5.43756 3.3
    endloop
  endfacet
  facet normal -0.290259 0.956948 0
    outer loop
      vertex 0.427051 5.40622 3.3
      vertex 0.530375 5.43756 0
      vertex 0.427051 5.40622 0
    endloop
  endfacet
  facet normal -0.956919 -0.290354 0
    outer loop
      vertex 1.59378 7.42705 0
      vertex 1.56243 7.53037 3.3
      vertex 1.56243 7.53037 0
    endloop
  endfacet
  facet normal -0.956919 -0.290354 0
    outer loop
      vertex 1.56243 7.53037 3.3
      vertex 1.59378 7.42705 0
      vertex 1.59378 7.42705 3.3
    endloop
  endfacet
  facet normal -0.973872 -0.227098 0
    outer loop
      vertex 1.6183 7.3219 0
      vertex 1.59378 7.42705 3.3
      vertex 1.59378 7.42705 0
    endloop
  endfacet
  facet normal -0.973872 -0.227098 0
    outer loop
      vertex 1.59378 7.42705 3.3
      vertex 1.6183 7.3219 0
      vertex 1.6183 7.3219 3.3
    endloop
  endfacet
  facet normal -0.772983 -0.634427 0
    outer loop
      vertex 1.30903 8.00446 0
      vertex 1.24053 8.08792 3.3
      vertex 1.24053 8.08792 0
    endloop
  endfacet
  facet normal -0.772983 -0.634427 0
    outer loop
      vertex 1.24053 8.08792 3.3
      vertex 1.30903 8.00446 0
      vertex 1.30903 8.00446 3.3
    endloop
  endfacet
  facet normal -0.812869 -0.582447 0
    outer loop
      vertex 1.37192 7.91669 0
      vertex 1.30903 8.00446 3.3
      vertex 1.30903 8.00446 0
    endloop
  endfacet
  facet normal -0.812869 -0.582447 0
    outer loop
      vertex 1.30903 8.00446 3.3
      vertex 1.37192 7.91669 0
      vertex 1.37192 7.91669 3.3
    endloop
  endfacet
  facet normal -0.729927 0.683525 0
    outer loop
      vertex 1.16673 5.83327 0
      vertex 1.24053 5.91208 3.3
      vertex 1.24053 5.91208 0
    endloop
  endfacet
  facet normal -0.729927 0.683525 0
    outer loop
      vertex 1.24053 5.91208 3.3
      vertex 1.16673 5.83327 0
      vertex 1.16673 5.83327 3.3
    endloop
  endfacet
  facet normal -0.772983 0.634427 0
    outer loop
      vertex 1.24053 5.91208 0
      vertex 1.30903 5.99554 3.3
      vertex 1.30903 5.99554 0
    endloop
  endfacet
  facet normal -0.772983 0.634427 0
    outer loop
      vertex 1.30903 5.99554 3.3
      vertex 1.24053 5.91208 0
      vertex 1.24053 5.91208 3.3
    endloop
  endfacet
  facet normal -0.849188 0.528091 0
    outer loop
      vertex 1.37192 6.08331 0
      vertex 1.42894 6.175 3.3
      vertex 1.42894 6.175 0
    endloop
  endfacet
  facet normal -0.849188 0.528091 0
    outer loop
      vertex 1.42894 6.175 3.3
      vertex 1.37192 6.08331 0
      vertex 1.37192 6.08331 3.3
    endloop
  endfacet
  facet normal -0.935914 0.35223 0
    outer loop
      vertex 1.5244 6.36857 0
      vertex 1.56243 6.46962 3.3
      vertex 1.56243 6.46962 0
    endloop
  endfacet
  facet normal -0.935914 0.35223 0
    outer loop
      vertex 1.56243 6.46962 3.3
      vertex 1.5244 6.36857 0
      vertex 1.5244 6.36857 3.3
    endloop
  endfacet
  facet normal -0.973872 0.227098 0
    outer loop
      vertex 1.59378 6.57295 0
      vertex 1.6183 6.6781 3.3
      vertex 1.6183 6.6781 0
    endloop
  endfacet
  facet normal -0.973872 0.227098 0
    outer loop
      vertex 1.6183 6.6781 3.3
      vertex 1.59378 6.57295 0
      vertex 1.59378 6.57295 3.3
    endloop
  endfacet
  facet normal -0.812869 0.582447 0
    outer loop
      vertex 1.30903 5.99554 0
      vertex 1.37192 6.08331 3.3
      vertex 1.37192 6.08331 0
    endloop
  endfacet
  facet normal -0.812869 0.582447 0
    outer loop
      vertex 1.37192 6.08331 3.3
      vertex 1.30903 5.99554 0
      vertex 1.30903 5.99554 3.3
    endloop
  endfacet
  facet normal -0.91087 0.412693 0
    outer loop
      vertex 1.47984 6.27022 0
      vertex 1.5244 6.36857 3.3
      vertex 1.5244 6.36857 0
    endloop
  endfacet
  facet normal -0.91087 0.412693 0
    outer loop
      vertex 1.5244 6.36857 3.3
      vertex 1.47984 6.27022 0
      vertex 1.47984 6.27022 3.3
    endloop
  endfacet
  facet normal 0.881917 0.471405 0
    outer loop
      vertex -8.42894 -0.825 3.3
      vertex -8.47984 -0.729775 0
      vertex -8.47984 -0.729775 3.3
    endloop
  endfacet
  facet normal 0.881917 0.471405 0
    outer loop
      vertex -8.47984 -0.729775 0
      vertex -8.42894 -0.825 3.3
      vertex -8.42894 -0.825 0
    endloop
  endfacet
  facet normal 0.032695 0.999465 -0
    outer loop
      vertex -7 -1.65 0
      vertex -7.10791 -1.64647 3.3
      vertex -7 -1.65 3.3
    endloop
  endfacet
  facet normal 0.032695 0.999465 0
    outer loop
      vertex -7.10791 -1.64647 3.3
      vertex -7 -1.65 0
      vertex -7.10791 -1.64647 0
    endloop
  endfacet
  facet normal 0.352199 0.935925 -0
    outer loop
      vertex -7.53037 -1.56243 0
      vertex -7.63143 -1.5244 3.3
      vertex -7.53037 -1.56243 3.3
    endloop
  endfacet
  facet normal 0.352199 0.935925 0
    outer loop
      vertex -7.63143 -1.5244 3.3
      vertex -7.53037 -1.56243 0
      vertex -7.63143 -1.5244 0
    endloop
  endfacet
  facet normal -0.999465 0.0326934 0
    outer loop
      vertex -5.35353 -0.107915 0
      vertex -5.35 0 3.3
      vertex -5.35 0 0
    endloop
  endfacet
  facet normal -0.999465 0.0326934 0
    outer loop
      vertex -5.35 0 3.3
      vertex -5.35353 -0.107915 0
      vertex -5.35353 -0.107915 3.3
    endloop
  endfacet
  facet normal -0.910867 0.4127 0
    outer loop
      vertex -5.52016 -0.729775 0
      vertex -5.4756 -0.631427 3.3
      vertex -5.4756 -0.631427 0
    endloop
  endfacet
  facet normal -0.910867 0.4127 0
    outer loop
      vertex -5.4756 -0.631427 3.3
      vertex -5.52016 -0.729775 0
      vertex -5.52016 -0.729775 3.3
    endloop
  endfacet
  facet normal -0.35223 0.935914 0
    outer loop
      vertex -6.36857 -1.5244 0
      vertex -6.46962 -1.56243 3.3
      vertex -6.36857 -1.5244 3.3
    endloop
  endfacet
  facet normal -0.35223 0.935914 0
    outer loop
      vertex -6.46962 -1.56243 3.3
      vertex -6.36857 -1.5244 0
      vertex -6.46962 -1.56243 0
    endloop
  endfacet
  facet normal -0.582447 0.812869 0
    outer loop
      vertex -5.99554 -1.30903 0
      vertex -6.08331 -1.37192 3.3
      vertex -5.99554 -1.30903 3.3
    endloop
  endfacet
  facet normal -0.582447 0.812869 0
    outer loop
      vertex -6.08331 -1.37192 3.3
      vertex -5.99554 -1.30903 0
      vertex -6.08331 -1.37192 0
    endloop
  endfacet
  facet normal -0.999465 -0.0326934 0
    outer loop
      vertex -5.35 0 0
      vertex -5.35353 0.107915 3.3
      vertex -5.35353 0.107915 0
    endloop
  endfacet
  facet normal -0.999465 -0.0326934 0
    outer loop
      vertex -5.35353 0.107915 3.3
      vertex -5.35 0 0
      vertex -5.35 0 3.3
    endloop
  endfacet
  facet normal 0.0980732 -0.995179 0
    outer loop
      vertex -7.21537 1.63588 0
      vertex -7.10791 1.64647 3.3
      vertex -7.21537 1.63588 3.3
    endloop
  endfacet
  facet normal 0.0980732 -0.995179 0
    outer loop
      vertex -7.10791 1.64647 3.3
      vertex -7.21537 1.63588 0
      vertex -7.10791 1.64647 0
    endloop
  endfacet
  facet normal 0.973873 0.227092 0
    outer loop
      vertex -8.59378 -0.427051 3.3
      vertex -8.6183 -0.321898 0
      vertex -8.6183 -0.321898 3.3
    endloop
  endfacet
  facet normal 0.973873 0.227092 0
    outer loop
      vertex -8.6183 -0.321898 0
      vertex -8.59378 -0.427051 3.3
      vertex -8.59378 -0.427051 0
    endloop
  endfacet
  facet normal 0.84919 0.528087 0
    outer loop
      vertex -8.37192 -0.916691 3.3
      vertex -8.42894 -0.825 0
      vertex -8.42894 -0.825 3.3
    endloop
  endfacet
  facet normal 0.84919 0.528087 0
    outer loop
      vertex -8.42894 -0.825 0
      vertex -8.37192 -0.916691 3.3
      vertex -8.37192 -0.916691 0
    endloop
  endfacet
  facet normal 0.162822 0.986655 -0
    outer loop
      vertex -7.21537 -1.63588 0
      vertex -7.3219 -1.6183 3.3
      vertex -7.21537 -1.63588 3.3
    endloop
  endfacet
  facet normal 0.162822 0.986655 0
    outer loop
      vertex -7.3219 -1.6183 3.3
      vertex -7.21537 -1.63588 0
      vertex -7.3219 -1.6183 0
    endloop
  endfacet
  facet normal 0.0980732 0.995179 -0
    outer loop
      vertex -7.10791 -1.64647 0
      vertex -7.21537 -1.63588 3.3
      vertex -7.10791 -1.64647 3.3
    endloop
  endfacet
  facet normal 0.0980732 0.995179 0
    outer loop
      vertex -7.21537 -1.63588 3.3
      vertex -7.10791 -1.64647 0
      vertex -7.21537 -1.63588 0
    endloop
  endfacet
  facet normal -0.935885 0.352305 0
    outer loop
      vertex -5.4756 -0.631427 0
      vertex -5.43756 -0.530375 3.3
      vertex -5.43756 -0.530375 0
    endloop
  endfacet
  facet normal -0.935885 0.352305 0
    outer loop
      vertex -5.43756 -0.530375 3.3
      vertex -5.4756 -0.631427 0
      vertex -5.4756 -0.631427 3.3
    endloop
  endfacet
  facet normal -0.849232 0.52802 0
    outer loop
      vertex -5.62807 -0.916691 0
      vertex -5.57106 -0.825 3.3
      vertex -5.57106 -0.825 0
    endloop
  endfacet
  facet normal -0.849232 0.52802 0
    outer loop
      vertex -5.57106 -0.825 3.3
      vertex -5.62807 -0.916691 0
      vertex -5.62807 -0.916691 3.3
    endloop
  endfacet
  facet normal -0.0980823 0.995178 0
    outer loop
      vertex -6.78463 -1.63588 0
      vertex -6.89208 -1.64647 3.3
      vertex -6.78463 -1.63588 3.3
    endloop
  endfacet
  facet normal -0.0980823 0.995178 0
    outer loop
      vertex -6.89208 -1.64647 3.3
      vertex -6.78463 -1.63588 0
      vertex -6.89208 -1.64647 0
    endloop
  endfacet
  facet normal -0.683525 0.729927 0
    outer loop
      vertex -5.83327 -1.16673 0
      vertex -5.91208 -1.24053 3.3
      vertex -5.83327 -1.16673 3.3
    endloop
  endfacet
  facet normal -0.683525 0.729927 0
    outer loop
      vertex -5.91208 -1.24053 3.3
      vertex -5.83327 -1.16673 0
      vertex -5.91208 -1.24053 0
    endloop
  endfacet
  facet normal 0.973873 -0.227092 0
    outer loop
      vertex -8.6183 0.321898 3.3
      vertex -8.59378 0.427051 0
      vertex -8.59378 0.427051 3.3
    endloop
  endfacet
  facet normal 0.973873 -0.227092 0
    outer loop
      vertex -8.59378 0.427051 0
      vertex -8.6183 0.321898 3.3
      vertex -8.6183 0.321898 0
    endloop
  endfacet
  facet normal 0.772983 -0.634427 0
    outer loop
      vertex -8.30903 1.00446 3.3
      vertex -8.24053 1.08792 0
      vertex -8.24053 1.08792 3.3
    endloop
  endfacet
  facet normal 0.772983 -0.634427 0
    outer loop
      vertex -8.24053 1.08792 0
      vertex -8.30903 1.00446 3.3
      vertex -8.30903 1.00446 0
    endloop
  endfacet
  facet normal 0.352199 -0.935925 0
    outer loop
      vertex -7.63143 1.5244 0
      vertex -7.53037 1.56243 3.3
      vertex -7.63143 1.5244 3.3
    endloop
  endfacet
  facet normal 0.352199 -0.935925 0
    outer loop
      vertex -7.53037 1.56243 3.3
      vertex -7.63143 1.5244 0
      vertex -7.53037 1.56243 0
    endloop
  endfacet
  facet normal 0.995178 0.0980804 0
    outer loop
      vertex -8.63588 -0.215367 3.3
      vertex -8.64647 -0.107915 0
      vertex -8.64647 -0.107915 3.3
    endloop
  endfacet
  facet normal 0.995178 0.0980804 0
    outer loop
      vertex -8.64647 -0.107915 0
      vertex -8.63588 -0.215367 3.3
      vertex -8.63588 -0.215367 0
    endloop
  endfacet
  facet normal 0.935916 0.352223 0
    outer loop
      vertex -8.5244 -0.631427 3.3
      vertex -8.56243 -0.530375 0
      vertex -8.56243 -0.530375 3.3
    endloop
  endfacet
  facet normal 0.935916 0.352223 0
    outer loop
      vertex -8.56243 -0.530375 0
      vertex -8.5244 -0.631427 3.3
      vertex -8.5244 -0.631427 0
    endloop
  endfacet
  facet normal 0.986656 0.16282 0
    outer loop
      vertex -8.6183 -0.321898 3.3
      vertex -8.63588 -0.215367 0
      vertex -8.63588 -0.215367 3.3
    endloop
  endfacet
  facet normal 0.986656 0.16282 0
    outer loop
      vertex -8.63588 -0.215367 0
      vertex -8.6183 -0.321898 3.3
      vertex -8.6183 -0.321898 0
    endloop
  endfacet
  facet normal 0.683525 0.729927 -0
    outer loop
      vertex -8.08792 -1.24053 0
      vertex -8.16673 -1.16673 3.3
      vertex -8.08792 -1.24053 3.3
    endloop
  endfacet
  facet normal 0.683525 0.729927 0
    outer loop
      vertex -8.16673 -1.16673 3.3
      vertex -8.08792 -1.24053 0
      vertex -8.16673 -1.16673 0
    endloop
  endfacet
  facet normal 0.772983 0.634427 0
    outer loop
      vertex -8.24053 -1.08792 3.3
      vertex -8.30903 -1.00446 0
      vertex -8.30903 -1.00446 3.3
    endloop
  endfacet
  facet normal 0.772983 0.634427 0
    outer loop
      vertex -8.30903 -1.00446 0
      vertex -8.24053 -1.08792 3.3
      vertex -8.24053 -1.08792 0
    endloop
  endfacet
  facet normal 0.729927 0.683525 0
    outer loop
      vertex -8.16673 -1.16673 3.3
      vertex -8.24053 -1.08792 0
      vertex -8.24053 -1.08792 3.3
    endloop
  endfacet
  facet normal 0.729927 0.683525 0
    outer loop
      vertex -8.24053 -1.08792 0
      vertex -8.16673 -1.16673 3.3
      vertex -8.16673 -1.16673 0
    endloop
  endfacet
  facet normal -0.0326919 0.999465 0
    outer loop
      vertex -6.89208 -1.64647 0
      vertex -7 -1.65 3.3
      vertex -6.89208 -1.64647 3.3
    endloop
  endfacet
  facet normal -0.0326919 0.999465 0
    outer loop
      vertex -7 -1.65 3.3
      vertex -6.89208 -1.64647 0
      vertex -7 -1.65 0
    endloop
  endfacet
  facet normal 0.290354 0.956919 -0
    outer loop
      vertex -7.42705 -1.59378 0
      vertex -7.53037 -1.56243 3.3
      vertex -7.42705 -1.59378 3.3
    endloop
  endfacet
  facet normal 0.290354 0.956919 0
    outer loop
      vertex -7.53037 -1.56243 3.3
      vertex -7.42705 -1.59378 0
      vertex -7.53037 -1.56243 0
    endloop
  endfacet
  facet normal 0.227098 0.973872 -0
    outer loop
      vertex -7.3219 -1.6183 0
      vertex -7.42705 -1.59378 3.3
      vertex -7.3219 -1.6183 3.3
    endloop
  endfacet
  facet normal 0.227098 0.973872 0
    outer loop
      vertex -7.42705 -1.59378 3.3
      vertex -7.3219 -1.6183 0
      vertex -7.42705 -1.59378 0
    endloop
  endfacet
  facet normal 0.471424 0.881906 -0
    outer loop
      vertex -7.72978 -1.47984 0
      vertex -7.825 -1.42894 3.3
      vertex -7.72978 -1.47984 3.3
    endloop
  endfacet
  facet normal 0.471424 0.881906 0
    outer loop
      vertex -7.825 -1.42894 3.3
      vertex -7.72978 -1.47984 0
      vertex -7.825 -1.42894 0
    endloop
  endfacet
  facet normal 0.528091 0.849188 -0
    outer loop
      vertex -7.825 -1.42894 0
      vertex -7.91669 -1.37192 3.3
      vertex -7.825 -1.42894 3.3
    endloop
  endfacet
  facet normal 0.528091 0.849188 0
    outer loop
      vertex -7.91669 -1.37192 3.3
      vertex -7.825 -1.42894 0
      vertex -7.91669 -1.37192 0
    endloop
  endfacet
  facet normal 0.634427 0.772983 -0
    outer loop
      vertex -8.00446 -1.30903 0
      vertex -8.08792 -1.24053 3.3
      vertex -8.00446 -1.30903 3.3
    endloop
  endfacet
  facet normal 0.634427 0.772983 0
    outer loop
      vertex -8.08792 -1.24053 3.3
      vertex -8.00446 -1.30903 0
      vertex -8.08792 -1.24053 0
    endloop
  endfacet
  facet normal -0.995178 0.0980804 0
    outer loop
      vertex -5.36412 -0.215367 0
      vertex -5.35353 -0.107915 3.3
      vertex -5.35353 -0.107915 0
    endloop
  endfacet
  facet normal -0.995178 0.0980804 0
    outer loop
      vertex -5.35353 -0.107915 3.3
      vertex -5.36412 -0.215367 0
      vertex -5.36412 -0.215367 3.3
    endloop
  endfacet
  facet normal -0.973873 0.227092 0
    outer loop
      vertex -5.40622 -0.427051 0
      vertex -5.3817 -0.321898 3.3
      vertex -5.3817 -0.321898 0
    endloop
  endfacet
  facet normal -0.973873 0.227092 0
    outer loop
      vertex -5.3817 -0.321898 3.3
      vertex -5.40622 -0.427051 0
      vertex -5.40622 -0.427051 3.3
    endloop
  endfacet
  facet normal -0.956948 0.290259 0
    outer loop
      vertex -5.43756 -0.530375 0
      vertex -5.40622 -0.427051 3.3
      vertex -5.40622 -0.427051 0
    endloop
  endfacet
  facet normal -0.956948 0.290259 0
    outer loop
      vertex -5.40622 -0.427051 3.3
      vertex -5.43756 -0.530375 0
      vertex -5.43756 -0.530375 3.3
    endloop
  endfacet
  facet normal -0.986656 0.16282 0
    outer loop
      vertex -5.3817 -0.321898 0
      vertex -5.36412 -0.215367 3.3
      vertex -5.36412 -0.215367 0
    endloop
  endfacet
  facet normal -0.986656 0.16282 0
    outer loop
      vertex -5.36412 -0.215367 3.3
      vertex -5.3817 -0.321898 0
      vertex -5.3817 -0.321898 3.3
    endloop
  endfacet
  facet normal -0.881917 0.471405 0
    outer loop
      vertex -5.57106 -0.825 0
      vertex -5.52016 -0.729775 3.3
      vertex -5.52016 -0.729775 0
    endloop
  endfacet
  facet normal -0.881917 0.471405 0
    outer loop
      vertex -5.52016 -0.729775 3.3
      vertex -5.57106 -0.825 0
      vertex -5.57106 -0.825 3.3
    endloop
  endfacet
  facet normal -0.729881 0.683574 0
    outer loop
      vertex -5.83327 -1.16673 0
      vertex -5.75946 -1.08792 3.3
      vertex -5.75946 -1.08792 0
    endloop
  endfacet
  facet normal -0.729881 0.683574 0
    outer loop
      vertex -5.75946 -1.08792 3.3
      vertex -5.83327 -1.16673 0
      vertex -5.83327 -1.16673 3.3
    endloop
  endfacet
  facet normal -0.812822 0.582512 0
    outer loop
      vertex -5.69097 -1.00446 0
      vertex -5.62807 -0.916691 3.3
      vertex -5.62807 -0.916691 0
    endloop
  endfacet
  facet normal -0.812822 0.582512 0
    outer loop
      vertex -5.62807 -0.916691 3.3
      vertex -5.69097 -1.00446 0
      vertex -5.69097 -1.00446 3.3
    endloop
  endfacet
  facet normal -0.227098 0.973872 0
    outer loop
      vertex -6.57295 -1.59378 0
      vertex -6.6781 -1.6183 3.3
      vertex -6.57295 -1.59378 3.3
    endloop
  endfacet
  facet normal -0.227098 0.973872 0
    outer loop
      vertex -6.6781 -1.6183 3.3
      vertex -6.57295 -1.59378 0
      vertex -6.6781 -1.6183 0
    endloop
  endfacet
  facet normal -0.162822 0.986655 0
    outer loop
      vertex -6.6781 -1.6183 0
      vertex -6.78463 -1.63588 3.3
      vertex -6.6781 -1.6183 3.3
    endloop
  endfacet
  facet normal -0.162822 0.986655 0
    outer loop
      vertex -6.78463 -1.63588 3.3
      vertex -6.6781 -1.6183 0
      vertex -6.78463 -1.63588 0
    endloop
  endfacet
  facet normal -0.412693 0.91087 0
    outer loop
      vertex -6.27022 -1.47984 0
      vertex -6.36857 -1.5244 3.3
      vertex -6.27022 -1.47984 3.3
    endloop
  endfacet
  facet normal -0.412693 0.91087 0
    outer loop
      vertex -6.36857 -1.5244 3.3
      vertex -6.27022 -1.47984 0
      vertex -6.36857 -1.5244 0
    endloop
  endfacet
  facet normal -0.528091 0.849188 0
    outer loop
      vertex -6.08331 -1.37192 0
      vertex -6.175 -1.42894 3.3
      vertex -6.08331 -1.37192 3.3
    endloop
  endfacet
  facet normal -0.528091 0.849188 0
    outer loop
      vertex -6.175 -1.42894 3.3
      vertex -6.08331 -1.37192 0
      vertex -6.175 -1.42894 0
    endloop
  endfacet
  facet normal -0.634427 0.772983 0
    outer loop
      vertex -5.91208 -1.24053 0
      vertex -5.99554 -1.30903 3.3
      vertex -5.91208 -1.24053 3.3
    endloop
  endfacet
  facet normal -0.634427 0.772983 0
    outer loop
      vertex -5.99554 -1.30903 3.3
      vertex -5.91208 -1.24053 0
      vertex -5.99554 -1.30903 0
    endloop
  endfacet
  facet normal 0.999465 0.0326934 0
    outer loop
      vertex -8.64647 -0.107915 3.3
      vertex -8.65 0 0
      vertex -8.65 0 3.3
    endloop
  endfacet
  facet normal 0.999465 0.0326934 0
    outer loop
      vertex -8.65 0 0
      vertex -8.64647 -0.107915 3.3
      vertex -8.64647 -0.107915 0
    endloop
  endfacet
  facet normal 0.999465 -0.0326934 0
    outer loop
      vertex -8.65 0 3.3
      vertex -8.64647 0.107915 0
      vertex -8.64647 0.107915 3.3
    endloop
  endfacet
  facet normal 0.999465 -0.0326934 0
    outer loop
      vertex -8.64647 0.107915 0
      vertex -8.65 0 3.3
      vertex -8.65 0 0
    endloop
  endfacet
  facet normal 0.995178 -0.0980804 0
    outer loop
      vertex -8.64647 0.107915 3.3
      vertex -8.63588 0.215367 0
      vertex -8.63588 0.215367 3.3
    endloop
  endfacet
  facet normal 0.995178 -0.0980804 0
    outer loop
      vertex -8.63588 0.215367 0
      vertex -8.64647 0.107915 3.3
      vertex -8.64647 0.107915 0
    endloop
  endfacet
  facet normal 0.910867 -0.4127 0
    outer loop
      vertex -8.5244 0.631427 3.3
      vertex -8.47984 0.729775 0
      vertex -8.47984 0.729775 3.3
    endloop
  endfacet
  facet normal 0.910867 -0.4127 0
    outer loop
      vertex -8.47984 0.729775 0
      vertex -8.5244 0.631427 3.3
      vertex -8.5244 0.631427 0
    endloop
  endfacet
  facet normal 0.986656 -0.16282 0
    outer loop
      vertex -8.63588 0.215367 3.3
      vertex -8.6183 0.321898 0
      vertex -8.6183 0.321898 3.3
    endloop
  endfacet
  facet normal 0.986656 -0.16282 0
    outer loop
      vertex -8.6183 0.321898 0
      vertex -8.63588 0.215367 3.3
      vertex -8.63588 0.215367 0
    endloop
  endfacet
  facet normal 0.528091 -0.849188 0
    outer loop
      vertex -7.91669 1.37192 0
      vertex -7.825 1.42894 3.3
      vertex -7.91669 1.37192 3.3
    endloop
  endfacet
  facet normal 0.528091 -0.849188 0
    outer loop
      vertex -7.825 1.42894 3.3
      vertex -7.91669 1.37192 0
      vertex -7.825 1.42894 0
    endloop
  endfacet
  facet normal 0.935916 -0.352223 0
    outer loop
      vertex -8.56243 0.530375 3.3
      vertex -8.5244 0.631427 0
      vertex -8.5244 0.631427 3.3
    endloop
  endfacet
  facet normal 0.935916 -0.352223 0
    outer loop
      vertex -8.5244 0.631427 0
      vertex -8.56243 0.530375 3.3
      vertex -8.56243 0.530375 0
    endloop
  endfacet
  facet normal -0.910867 -0.4127 0
    outer loop
      vertex -5.4756 0.631427 0
      vertex -5.52016 0.729775 3.3
      vertex -5.52016 0.729775 0
    endloop
  endfacet
  facet normal -0.910867 -0.4127 0
    outer loop
      vertex -5.52016 0.729775 3.3
      vertex -5.4756 0.631427 0
      vertex -5.4756 0.631427 3.3
    endloop
  endfacet
  facet normal 0.162822 -0.986655 0
    outer loop
      vertex -7.3219 1.6183 0
      vertex -7.21537 1.63588 3.3
      vertex -7.3219 1.6183 3.3
    endloop
  endfacet
  facet normal 0.162822 -0.986655 0
    outer loop
      vertex -7.21537 1.63588 3.3
      vertex -7.3219 1.6183 0
      vertex -7.21537 1.63588 0
    endloop
  endfacet
  facet normal 0.412693 -0.91087 0
    outer loop
      vertex -7.72978 1.47984 0
      vertex -7.63143 1.5244 3.3
      vertex -7.72978 1.47984 3.3
    endloop
  endfacet
  facet normal 0.412693 -0.91087 0
    outer loop
      vertex -7.63143 1.5244 3.3
      vertex -7.72978 1.47984 0
      vertex -7.63143 1.5244 0
    endloop
  endfacet
  facet normal 0.910867 0.4127 0
    outer loop
      vertex -8.47984 -0.729775 3.3
      vertex -8.5244 -0.631427 0
      vertex -8.5244 -0.631427 3.3
    endloop
  endfacet
  facet normal 0.910867 0.4127 0
    outer loop
      vertex -8.5244 -0.631427 0
      vertex -8.47984 -0.729775 3.3
      vertex -8.47984 -0.729775 0
    endloop
  endfacet
  facet normal 0.956922 0.290344 0
    outer loop
      vertex -8.56243 -0.530375 3.3
      vertex -8.59378 -0.427051 0
      vertex -8.59378 -0.427051 3.3
    endloop
  endfacet
  facet normal 0.956922 0.290344 0
    outer loop
      vertex -8.59378 -0.427051 0
      vertex -8.56243 -0.530375 3.3
      vertex -8.56243 -0.530375 0
    endloop
  endfacet
  facet normal 0.812866 0.582451 0
    outer loop
      vertex -8.30903 -1.00446 3.3
      vertex -8.37192 -0.916691 0
      vertex -8.37192 -0.916691 3.3
    endloop
  endfacet
  facet normal 0.812866 0.582451 0
    outer loop
      vertex -8.37192 -0.916691 0
      vertex -8.30903 -1.00446 3.3
      vertex -8.30903 -1.00446 0
    endloop
  endfacet
  facet normal 0.412693 0.91087 -0
    outer loop
      vertex -7.63143 -1.5244 0
      vertex -7.72978 -1.47984 3.3
      vertex -7.63143 -1.5244 3.3
    endloop
  endfacet
  facet normal 0.412693 0.91087 0
    outer loop
      vertex -7.72978 -1.47984 3.3
      vertex -7.63143 -1.5244 0
      vertex -7.72978 -1.47984 0
    endloop
  endfacet
  facet normal 0.582447 0.812869 -0
    outer loop
      vertex -7.91669 -1.37192 0
      vertex -8.00446 -1.30903 3.3
      vertex -7.91669 -1.37192 3.3
    endloop
  endfacet
  facet normal 0.582447 0.812869 0
    outer loop
      vertex -8.00446 -1.30903 3.3
      vertex -7.91669 -1.37192 0
      vertex -8.00446 -1.30903 0
    endloop
  endfacet
  facet normal -0.773028 0.634372 0
    outer loop
      vertex -5.75946 -1.08792 0
      vertex -5.69097 -1.00446 3.3
      vertex -5.69097 -1.00446 0
    endloop
  endfacet
  facet normal -0.773028 0.634372 0
    outer loop
      vertex -5.69097 -1.00446 3.3
      vertex -5.75946 -1.08792 0
      vertex -5.75946 -1.08792 3.3
    endloop
  endfacet
  facet normal -0.290329 0.956927 0
    outer loop
      vertex -6.46962 -1.56243 0
      vertex -6.57295 -1.59378 3.3
      vertex -6.46962 -1.56243 3.3
    endloop
  endfacet
  facet normal -0.290329 0.956927 0
    outer loop
      vertex -6.57295 -1.59378 3.3
      vertex -6.46962 -1.56243 0
      vertex -6.57295 -1.59378 0
    endloop
  endfacet
  facet normal -0.471424 0.881906 0
    outer loop
      vertex -6.175 -1.42894 0
      vertex -6.27022 -1.47984 3.3
      vertex -6.175 -1.42894 3.3
    endloop
  endfacet
  facet normal -0.471424 0.881906 0
    outer loop
      vertex -6.27022 -1.47984 3.3
      vertex -6.175 -1.42894 0
      vertex -6.27022 -1.47984 0
    endloop
  endfacet
  facet normal 0.84919 -0.528087 0
    outer loop
      vertex -8.42894 0.825 3.3
      vertex -8.37192 0.916691 0
      vertex -8.37192 0.916691 3.3
    endloop
  endfacet
  facet normal 0.84919 -0.528087 0
    outer loop
      vertex -8.37192 0.916691 0
      vertex -8.42894 0.825 3.3
      vertex -8.42894 0.825 0
    endloop
  endfacet
  facet normal 0.881917 -0.471405 0
    outer loop
      vertex -8.47984 0.729775 3.3
      vertex -8.42894 0.825 0
      vertex -8.42894 0.825 3.3
    endloop
  endfacet
  facet normal 0.881917 -0.471405 0
    outer loop
      vertex -8.42894 0.825 0
      vertex -8.47984 0.729775 3.3
      vertex -8.47984 0.729775 0
    endloop
  endfacet
  facet normal -0.0980823 -0.995178 0
    outer loop
      vertex -6.89208 1.64647 0
      vertex -6.78463 1.63588 3.3
      vertex -6.89208 1.64647 3.3
    endloop
  endfacet
  facet normal -0.0980823 -0.995178 -0
    outer loop
      vertex -6.78463 1.63588 3.3
      vertex -6.89208 1.64647 0
      vertex -6.78463 1.63588 0
    endloop
  endfacet
  facet normal -0.35223 -0.935914 0
    outer loop
      vertex -6.46962 1.56243 0
      vertex -6.36857 1.5244 3.3
      vertex -6.46962 1.56243 3.3
    endloop
  endfacet
  facet normal -0.35223 -0.935914 -0
    outer loop
      vertex -6.36857 1.5244 3.3
      vertex -6.46962 1.56243 0
      vertex -6.36857 1.5244 0
    endloop
  endfacet
  facet normal -0.412693 -0.91087 0
    outer loop
      vertex -6.36857 1.5244 0
      vertex -6.27022 1.47984 3.3
      vertex -6.36857 1.5244 3.3
    endloop
  endfacet
  facet normal -0.412693 -0.91087 -0
    outer loop
      vertex -6.27022 1.47984 3.3
      vertex -6.36857 1.5244 0
      vertex -6.27022 1.47984 0
    endloop
  endfacet
  facet normal -0.290329 -0.956927 0
    outer loop
      vertex -6.57295 1.59378 0
      vertex -6.46962 1.56243 3.3
      vertex -6.57295 1.59378 3.3
    endloop
  endfacet
  facet normal -0.290329 -0.956927 -0
    outer loop
      vertex -6.46962 1.56243 3.3
      vertex -6.57295 1.59378 0
      vertex -6.46962 1.56243 0
    endloop
  endfacet
  facet normal -0.634427 -0.772983 0
    outer loop
      vertex -5.99554 1.30903 0
      vertex -5.91208 1.24053 3.3
      vertex -5.99554 1.30903 3.3
    endloop
  endfacet
  facet normal -0.634427 -0.772983 -0
    outer loop
      vertex -5.91208 1.24053 3.3
      vertex -5.99554 1.30903 0
      vertex -5.91208 1.24053 0
    endloop
  endfacet
  facet normal -0.582447 -0.812869 0
    outer loop
      vertex -6.08331 1.37192 0
      vertex -5.99554 1.30903 3.3
      vertex -6.08331 1.37192 3.3
    endloop
  endfacet
  facet normal -0.582447 -0.812869 -0
    outer loop
      vertex -5.99554 1.30903 3.3
      vertex -6.08331 1.37192 0
      vertex -5.99554 1.30903 0
    endloop
  endfacet
  facet normal -0.935885 -0.352305 0
    outer loop
      vertex -5.43756 0.530375 0
      vertex -5.4756 0.631427 3.3
      vertex -5.4756 0.631427 0
    endloop
  endfacet
  facet normal -0.935885 -0.352305 0
    outer loop
      vertex -5.4756 0.631427 3.3
      vertex -5.43756 0.530375 0
      vertex -5.43756 0.530375 3.3
    endloop
  endfacet
  facet normal -0.956948 -0.290259 0
    outer loop
      vertex -5.40622 0.427051 0
      vertex -5.43756 0.530375 3.3
      vertex -5.43756 0.530375 0
    endloop
  endfacet
  facet normal -0.956948 -0.290259 0
    outer loop
      vertex -5.43756 0.530375 3.3
      vertex -5.40622 0.427051 0
      vertex -5.40622 0.427051 3.3
    endloop
  endfacet
  facet normal -0.812822 -0.582512 0
    outer loop
      vertex -5.62807 0.916691 0
      vertex -5.69097 1.00446 3.3
      vertex -5.69097 1.00446 0
    endloop
  endfacet
  facet normal -0.812822 -0.582512 0
    outer loop
      vertex -5.69097 1.00446 3.3
      vertex -5.62807 0.916691 0
      vertex -5.62807 0.916691 3.3
    endloop
  endfacet
  facet normal -0.849232 -0.52802 0
    outer loop
      vertex -5.57106 0.825 0
      vertex -5.62807 0.916691 3.3
      vertex -5.62807 0.916691 0
    endloop
  endfacet
  facet normal -0.849232 -0.52802 0
    outer loop
      vertex -5.62807 0.916691 3.3
      vertex -5.57106 0.825 0
      vertex -5.57106 0.825 3.3
    endloop
  endfacet
  facet normal -0.881917 -0.471405 0
    outer loop
      vertex -5.52016 0.729775 0
      vertex -5.57106 0.825 3.3
      vertex -5.57106 0.825 0
    endloop
  endfacet
  facet normal -0.881917 -0.471405 0
    outer loop
      vertex -5.57106 0.825 3.3
      vertex -5.52016 0.729775 0
      vertex -5.52016 0.729775 3.3
    endloop
  endfacet
  facet normal 0.227098 -0.973872 0
    outer loop
      vertex -7.42705 1.59378 0
      vertex -7.3219 1.6183 3.3
      vertex -7.42705 1.59378 3.3
    endloop
  endfacet
  facet normal 0.227098 -0.973872 0
    outer loop
      vertex -7.3219 1.6183 3.3
      vertex -7.42705 1.59378 0
      vertex -7.3219 1.6183 0
    endloop
  endfacet
  facet normal 0.290354 -0.956919 0
    outer loop
      vertex -7.53037 1.56243 0
      vertex -7.42705 1.59378 3.3
      vertex -7.53037 1.56243 3.3
    endloop
  endfacet
  facet normal 0.290354 -0.956919 0
    outer loop
      vertex -7.42705 1.59378 3.3
      vertex -7.53037 1.56243 0
      vertex -7.42705 1.59378 0
    endloop
  endfacet
  facet normal 0.956922 -0.290344 0
    outer loop
      vertex -8.59378 0.427051 3.3
      vertex -8.56243 0.530375 0
      vertex -8.56243 0.530375 3.3
    endloop
  endfacet
  facet normal 0.956922 -0.290344 0
    outer loop
      vertex -8.56243 0.530375 0
      vertex -8.59378 0.427051 3.3
      vertex -8.59378 0.427051 0
    endloop
  endfacet
  facet normal 0.582447 -0.812869 0
    outer loop
      vertex -8.00446 1.30903 0
      vertex -7.91669 1.37192 3.3
      vertex -8.00446 1.30903 3.3
    endloop
  endfacet
  facet normal 0.582447 -0.812869 0
    outer loop
      vertex -7.91669 1.37192 3.3
      vertex -8.00446 1.30903 0
      vertex -7.91669 1.37192 0
    endloop
  endfacet
  facet normal 0.729927 -0.683525 0
    outer loop
      vertex -8.24053 1.08792 3.3
      vertex -8.16673 1.16673 0
      vertex -8.16673 1.16673 3.3
    endloop
  endfacet
  facet normal 0.729927 -0.683525 0
    outer loop
      vertex -8.16673 1.16673 0
      vertex -8.24053 1.08792 3.3
      vertex -8.24053 1.08792 0
    endloop
  endfacet
  facet normal 0.683525 -0.729927 0
    outer loop
      vertex -8.16673 1.16673 0
      vertex -8.08792 1.24053 3.3
      vertex -8.16673 1.16673 3.3
    endloop
  endfacet
  facet normal 0.683525 -0.729927 0
    outer loop
      vertex -8.08792 1.24053 3.3
      vertex -8.16673 1.16673 0
      vertex -8.08792 1.24053 0
    endloop
  endfacet
  facet normal 0.812866 -0.582451 0
    outer loop
      vertex -8.37192 0.916691 3.3
      vertex -8.30903 1.00446 0
      vertex -8.30903 1.00446 3.3
    endloop
  endfacet
  facet normal 0.812866 -0.582451 0
    outer loop
      vertex -8.30903 1.00446 0
      vertex -8.37192 0.916691 3.3
      vertex -8.37192 0.916691 0
    endloop
  endfacet
  facet normal -0.683525 -0.729927 0
    outer loop
      vertex -5.91208 1.24053 0
      vertex -5.83327 1.16673 3.3
      vertex -5.91208 1.24053 3.3
    endloop
  endfacet
  facet normal -0.683525 -0.729927 -0
    outer loop
      vertex -5.83327 1.16673 3.3
      vertex -5.91208 1.24053 0
      vertex -5.83327 1.16673 0
    endloop
  endfacet
  facet normal 0.032695 -0.999465 0
    outer loop
      vertex -7.10791 1.64647 0
      vertex -7 1.65 3.3
      vertex -7.10791 1.64647 3.3
    endloop
  endfacet
  facet normal 0.032695 -0.999465 0
    outer loop
      vertex -7 1.65 3.3
      vertex -7.10791 1.64647 0
      vertex -7 1.65 0
    endloop
  endfacet
  facet normal -0.0326919 -0.999465 0
    outer loop
      vertex -7 1.65 0
      vertex -6.89208 1.64647 3.3
      vertex -7 1.65 3.3
    endloop
  endfacet
  facet normal -0.0326919 -0.999465 -0
    outer loop
      vertex -6.89208 1.64647 3.3
      vertex -7 1.65 0
      vertex -6.89208 1.64647 0
    endloop
  endfacet
  facet normal -0.227098 -0.973872 0
    outer loop
      vertex -6.6781 1.6183 0
      vertex -6.57295 1.59378 3.3
      vertex -6.6781 1.6183 3.3
    endloop
  endfacet
  facet normal -0.227098 -0.973872 -0
    outer loop
      vertex -6.57295 1.59378 3.3
      vertex -6.6781 1.6183 0
      vertex -6.57295 1.59378 0
    endloop
  endfacet
  facet normal -0.528091 -0.849188 0
    outer loop
      vertex -6.175 1.42894 0
      vertex -6.08331 1.37192 3.3
      vertex -6.175 1.42894 3.3
    endloop
  endfacet
  facet normal -0.528091 -0.849188 -0
    outer loop
      vertex -6.08331 1.37192 3.3
      vertex -6.175 1.42894 0
      vertex -6.08331 1.37192 0
    endloop
  endfacet
  facet normal -0.986656 -0.16282 0
    outer loop
      vertex -5.36412 0.215367 0
      vertex -5.3817 0.321898 3.3
      vertex -5.3817 0.321898 0
    endloop
  endfacet
  facet normal -0.986656 -0.16282 0
    outer loop
      vertex -5.3817 0.321898 3.3
      vertex -5.36412 0.215367 0
      vertex -5.36412 0.215367 3.3
    endloop
  endfacet
  facet normal -0.995178 -0.0980804 0
    outer loop
      vertex -5.35353 0.107915 0
      vertex -5.36412 0.215367 3.3
      vertex -5.36412 0.215367 0
    endloop
  endfacet
  facet normal -0.995178 -0.0980804 0
    outer loop
      vertex -5.36412 0.215367 3.3
      vertex -5.35353 0.107915 0
      vertex -5.35353 0.107915 3.3
    endloop
  endfacet
  facet normal -0.973873 -0.227092 0
    outer loop
      vertex -5.3817 0.321898 0
      vertex -5.40622 0.427051 3.3
      vertex -5.40622 0.427051 0
    endloop
  endfacet
  facet normal -0.973873 -0.227092 0
    outer loop
      vertex -5.40622 0.427051 3.3
      vertex -5.3817 0.321898 0
      vertex -5.3817 0.321898 3.3
    endloop
  endfacet
  facet normal -0.729881 -0.683574 0
    outer loop
      vertex -5.75946 1.08792 0
      vertex -5.83327 1.16673 3.3
      vertex -5.83327 1.16673 0
    endloop
  endfacet
  facet normal -0.729881 -0.683574 0
    outer loop
      vertex -5.83327 1.16673 3.3
      vertex -5.75946 1.08792 0
      vertex -5.75946 1.08792 3.3
    endloop
  endfacet
  facet normal -0.773028 -0.634372 0
    outer loop
      vertex -5.69097 1.00446 0
      vertex -5.75946 1.08792 3.3
      vertex -5.75946 1.08792 0
    endloop
  endfacet
  facet normal -0.773028 -0.634372 0
    outer loop
      vertex -5.75946 1.08792 3.3
      vertex -5.69097 1.00446 0
      vertex -5.69097 1.00446 3.3
    endloop
  endfacet
  facet normal 0.471424 -0.881906 0
    outer loop
      vertex -7.825 1.42894 0
      vertex -7.72978 1.47984 3.3
      vertex -7.825 1.42894 3.3
    endloop
  endfacet
  facet normal 0.471424 -0.881906 0
    outer loop
      vertex -7.72978 1.47984 3.3
      vertex -7.825 1.42894 0
      vertex -7.72978 1.47984 0
    endloop
  endfacet
  facet normal 0.634427 -0.772983 0
    outer loop
      vertex -8.08792 1.24053 0
      vertex -8.00446 1.30903 3.3
      vertex -8.08792 1.24053 3.3
    endloop
  endfacet
  facet normal 0.634427 -0.772983 0
    outer loop
      vertex -8.00446 1.30903 3.3
      vertex -8.08792 1.24053 0
      vertex -8.00446 1.30903 0
    endloop
  endfacet
  facet normal -0.162822 -0.986655 0
    outer loop
      vertex -6.78463 1.63588 0
      vertex -6.6781 1.6183 3.3
      vertex -6.78463 1.63588 3.3
    endloop
  endfacet
  facet normal -0.162822 -0.986655 -0
    outer loop
      vertex -6.6781 1.6183 3.3
      vertex -6.78463 1.63588 0
      vertex -6.6781 1.6183 0
    endloop
  endfacet
  facet normal -0.471424 -0.881906 0
    outer loop
      vertex -6.27022 1.47984 0
      vertex -6.175 1.42894 3.3
      vertex -6.27022 1.47984 3.3
    endloop
  endfacet
  facet normal -0.471424 -0.881906 -0
    outer loop
      vertex -6.175 1.42894 3.3
      vertex -6.27022 1.47984 0
      vertex -6.175 1.42894 0
    endloop
  endfacet
  facet normal -0.0326934 0.999465 0
    outer loop
      vertex 0.107915 -8.64647 0
      vertex 0 -8.65 3.3
      vertex 0.107915 -8.64647 3.3
    endloop
  endfacet
  facet normal -0.0326934 0.999465 0
    outer loop
      vertex 0 -8.65 3.3
      vertex 0.107915 -8.64647 0
      vertex 0 -8.65 0
    endloop
  endfacet
  facet normal -0.0326934 -0.999465 0
    outer loop
      vertex 0 -5.35 0
      vertex 0.107915 -5.35353 3.3
      vertex 0 -5.35 3.3
    endloop
  endfacet
  facet normal -0.0326934 -0.999465 -0
    outer loop
      vertex 0.107915 -5.35353 3.3
      vertex 0 -5.35 0
      vertex 0.107915 -5.35353 0
    endloop
  endfacet
  facet normal -0.999465 -0.0326919 0
    outer loop
      vertex 1.65 -7 0
      vertex 1.64647 -6.89208 3.3
      vertex 1.64647 -6.89208 0
    endloop
  endfacet
  facet normal -0.999465 -0.0326919 0
    outer loop
      vertex 1.64647 -6.89208 3.3
      vertex 1.65 -7 0
      vertex 1.65 -7 3.3
    endloop
  endfacet
  facet normal 0.999465 0.032695 0
    outer loop
      vertex -1.64647 -7.10791 3.3
      vertex -1.65 -7 0
      vertex -1.65 -7 3.3
    endloop
  endfacet
  facet normal 0.999465 0.032695 0
    outer loop
      vertex -1.65 -7 0
      vertex -1.64647 -7.10791 3.3
      vertex -1.64647 -7.10791 0
    endloop
  endfacet
  facet normal -0.729927 -0.683525 0
    outer loop
      vertex 1.24053 -5.91208 0
      vertex 1.16673 -5.83327 3.3
      vertex 1.16673 -5.83327 0
    endloop
  endfacet
  facet normal -0.729927 -0.683525 0
    outer loop
      vertex 1.16673 -5.83327 3.3
      vertex 1.24053 -5.91208 0
      vertex 1.24053 -5.91208 3.3
    endloop
  endfacet
  facet normal -0.935914 -0.35223 0
    outer loop
      vertex 1.56243 -6.46962 0
      vertex 1.5244 -6.36857 3.3
      vertex 1.5244 -6.36857 0
    endloop
  endfacet
  facet normal -0.935914 -0.35223 0
    outer loop
      vertex 1.5244 -6.36857 3.3
      vertex 1.56243 -6.46962 0
      vertex 1.56243 -6.46962 3.3
    endloop
  endfacet
  facet normal -0.52802 -0.849232 0
    outer loop
      vertex 0.825 -5.57106 0
      vertex 0.916691 -5.62807 3.3
      vertex 0.825 -5.57106 3.3
    endloop
  endfacet
  facet normal -0.52802 -0.849232 -0
    outer loop
      vertex 0.916691 -5.62807 3.3
      vertex 0.825 -5.57106 0
      vertex 0.916691 -5.62807 0
    endloop
  endfacet
  facet normal -0.582512 -0.812822 0
    outer loop
      vertex 0.916691 -5.62807 0
      vertex 1.00446 -5.69097 3.3
      vertex 0.916691 -5.62807 3.3
    endloop
  endfacet
  facet normal -0.582512 -0.812822 -0
    outer loop
      vertex 1.00446 -5.69097 3.3
      vertex 0.916691 -5.62807 0
      vertex 1.00446 -5.69097 0
    endloop
  endfacet
  facet normal -0.986655 -0.162822 0
    outer loop
      vertex 1.63588 -6.78463 0
      vertex 1.6183 -6.6781 3.3
      vertex 1.6183 -6.6781 0
    endloop
  endfacet
  facet normal -0.986655 -0.162822 0
    outer loop
      vertex 1.6183 -6.6781 3.3
      vertex 1.63588 -6.78463 0
      vertex 1.63588 -6.78463 3.3
    endloop
  endfacet
  facet normal 0.227092 0.973873 -0
    outer loop
      vertex -0.321898 -8.6183 0
      vertex -0.427051 -8.59378 3.3
      vertex -0.321898 -8.6183 3.3
    endloop
  endfacet
  facet normal 0.227092 0.973873 0
    outer loop
      vertex -0.427051 -8.59378 3.3
      vertex -0.321898 -8.6183 0
      vertex -0.427051 -8.59378 0
    endloop
  endfacet
  facet normal 0.973872 0.227098 0
    outer loop
      vertex -1.59378 -7.42705 3.3
      vertex -1.6183 -7.3219 0
      vertex -1.6183 -7.3219 3.3
    endloop
  endfacet
  facet normal 0.973872 0.227098 0
    outer loop
      vertex -1.6183 -7.3219 0
      vertex -1.59378 -7.42705 3.3
      vertex -1.59378 -7.42705 0
    endloop
  endfacet
  facet normal -0.4127 0.910867 0
    outer loop
      vertex 0.729775 -8.47984 0
      vertex 0.631427 -8.5244 3.3
      vertex 0.729775 -8.47984 3.3
    endloop
  endfacet
  facet normal -0.4127 0.910867 0
    outer loop
      vertex 0.631427 -8.5244 3.3
      vertex 0.729775 -8.47984 0
      vertex 0.631427 -8.5244 0
    endloop
  endfacet
  facet normal -0.290344 0.956922 0
    outer loop
      vertex 0.530375 -8.56243 0
      vertex 0.427051 -8.59378 3.3
      vertex 0.530375 -8.56243 3.3
    endloop
  endfacet
  facet normal -0.290344 0.956922 0
    outer loop
      vertex 0.427051 -8.59378 3.3
      vertex 0.530375 -8.56243 0
      vertex 0.427051 -8.59378 0
    endloop
  endfacet
  facet normal -0.528087 0.84919 0
    outer loop
      vertex 0.916691 -8.37192 0
      vertex 0.825 -8.42894 3.3
      vertex 0.916691 -8.37192 3.3
    endloop
  endfacet
  facet normal -0.528087 0.84919 0
    outer loop
      vertex 0.825 -8.42894 3.3
      vertex 0.916691 -8.37192 0
      vertex 0.825 -8.42894 0
    endloop
  endfacet
  facet normal -0.471405 0.881917 0
    outer loop
      vertex 0.825 -8.42894 0
      vertex 0.729775 -8.47984 3.3
      vertex 0.825 -8.42894 3.3
    endloop
  endfacet
  facet normal -0.471405 0.881917 0
    outer loop
      vertex 0.729775 -8.47984 3.3
      vertex 0.825 -8.42894 0
      vertex 0.729775 -8.47984 0
    endloop
  endfacet
  facet normal -0.986655 0.162822 0
    outer loop
      vertex 1.6183 -7.3219 0
      vertex 1.63588 -7.21537 3.3
      vertex 1.63588 -7.21537 0
    endloop
  endfacet
  facet normal -0.986655 0.162822 0
    outer loop
      vertex 1.63588 -7.21537 3.3
      vertex 1.6183 -7.3219 0
      vertex 1.6183 -7.3219 3.3
    endloop
  endfacet
  facet normal -0.995179 0.0980732 0
    outer loop
      vertex 1.63588 -7.21537 0
      vertex 1.64647 -7.10791 3.3
      vertex 1.64647 -7.10791 0
    endloop
  endfacet
  facet normal -0.995179 0.0980732 0
    outer loop
      vertex 1.64647 -7.10791 3.3
      vertex 1.63588 -7.21537 0
      vertex 1.63588 -7.21537 3.3
    endloop
  endfacet
  facet normal -0.935925 0.352199 0
    outer loop
      vertex 1.5244 -7.63143 0
      vertex 1.56243 -7.53037 3.3
      vertex 1.56243 -7.53037 0
    endloop
  endfacet
  facet normal -0.935925 0.352199 0
    outer loop
      vertex 1.56243 -7.53037 3.3
      vertex 1.5244 -7.63143 0
      vertex 1.5244 -7.63143 3.3
    endloop
  endfacet
  facet normal -0.290259 -0.956948 0
    outer loop
      vertex 0.427051 -5.40622 0
      vertex 0.530375 -5.43756 3.3
      vertex 0.427051 -5.40622 3.3
    endloop
  endfacet
  facet normal -0.290259 -0.956948 -0
    outer loop
      vertex 0.530375 -5.43756 3.3
      vertex 0.427051 -5.40622 0
      vertex 0.530375 -5.43756 0
    endloop
  endfacet
  facet normal -0.352305 -0.935885 0
    outer loop
      vertex 0.530375 -5.43756 0
      vertex 0.631427 -5.4756 3.3
      vertex 0.530375 -5.43756 3.3
    endloop
  endfacet
  facet normal -0.352305 -0.935885 -0
    outer loop
      vertex 0.631427 -5.4756 3.3
      vertex 0.530375 -5.43756 0
      vertex 0.631427 -5.4756 0
    endloop
  endfacet
  facet normal -0.881906 -0.471424 0
    outer loop
      vertex 1.47984 -6.27022 0
      vertex 1.42894 -6.175 3.3
      vertex 1.42894 -6.175 0
    endloop
  endfacet
  facet normal -0.881906 -0.471424 0
    outer loop
      vertex 1.42894 -6.175 3.3
      vertex 1.47984 -6.27022 0
      vertex 1.47984 -6.27022 3.3
    endloop
  endfacet
  facet normal -0.849188 -0.528091 0
    outer loop
      vertex 1.42894 -6.175 0
      vertex 1.37192 -6.08331 3.3
      vertex 1.37192 -6.08331 0
    endloop
  endfacet
  facet normal -0.849188 -0.528091 0
    outer loop
      vertex 1.37192 -6.08331 3.3
      vertex 1.42894 -6.175 0
      vertex 1.42894 -6.175 3.3
    endloop
  endfacet
  facet normal -0.812869 -0.582447 0
    outer loop
      vertex 1.37192 -6.08331 0
      vertex 1.30903 -5.99554 3.3
      vertex 1.30903 -5.99554 0
    endloop
  endfacet
  facet normal -0.812869 -0.582447 0
    outer loop
      vertex 1.30903 -5.99554 3.3
      vertex 1.37192 -6.08331 0
      vertex 1.37192 -6.08331 3.3
    endloop
  endfacet
  facet normal -0.956927 -0.290329 0
    outer loop
      vertex 1.59378 -6.57295 0
      vertex 1.56243 -6.46962 3.3
      vertex 1.56243 -6.46962 0
    endloop
  endfacet
  facet normal -0.956927 -0.290329 0
    outer loop
      vertex 1.56243 -6.46962 3.3
      vertex 1.59378 -6.57295 0
      vertex 1.59378 -6.57295 3.3
    endloop
  endfacet
  facet normal -0.995178 -0.0980823 0
    outer loop
      vertex 1.64647 -6.89208 0
      vertex 1.63588 -6.78463 3.3
      vertex 1.63588 -6.78463 0
    endloop
  endfacet
  facet normal -0.995178 -0.0980823 0
    outer loop
      vertex 1.63588 -6.78463 3.3
      vertex 1.64647 -6.89208 0
      vertex 1.64647 -6.89208 3.3
    endloop
  endfacet
  facet normal 0.683525 0.729927 -0
    outer loop
      vertex -1.08792 -8.24053 0
      vertex -1.16673 -8.16673 3.3
      vertex -1.08792 -8.24053 3.3
    endloop
  endfacet
  facet normal 0.683525 0.729927 0
    outer loop
      vertex -1.16673 -8.16673 3.3
      vertex -1.08792 -8.24053 0
      vertex -1.16673 -8.16673 0
    endloop
  endfacet
  facet normal 0.91087 0.412693 0
    outer loop
      vertex -1.47984 -7.72978 3.3
      vertex -1.5244 -7.63143 0
      vertex -1.5244 -7.63143 3.3
    endloop
  endfacet
  facet normal 0.91087 0.412693 0
    outer loop
      vertex -1.5244 -7.63143 0
      vertex -1.47984 -7.72978 3.3
      vertex -1.47984 -7.72978 0
    endloop
  endfacet
  facet normal -0.0980804 0.995178 0
    outer loop
      vertex 0.215367 -8.63588 0
      vertex 0.107915 -8.64647 3.3
      vertex 0.215367 -8.63588 3.3
    endloop
  endfacet
  facet normal -0.0980804 0.995178 0
    outer loop
      vertex 0.107915 -8.64647 3.3
      vertex 0.215367 -8.63588 0
      vertex 0.107915 -8.64647 0
    endloop
  endfacet
  facet normal -0.227092 0.973873 0
    outer loop
      vertex 0.427051 -8.59378 0
      vertex 0.321898 -8.6183 3.3
      vertex 0.427051 -8.59378 3.3
    endloop
  endfacet
  facet normal -0.227092 0.973873 0
    outer loop
      vertex 0.321898 -8.6183 3.3
      vertex 0.427051 -8.59378 0
      vertex 0.321898 -8.6183 0
    endloop
  endfacet
  facet normal -0.352223 0.935916 0
    outer loop
      vertex 0.631427 -8.5244 0
      vertex 0.530375 -8.56243 3.3
      vertex 0.631427 -8.5244 3.3
    endloop
  endfacet
  facet normal -0.352223 0.935916 0
    outer loop
      vertex 0.530375 -8.56243 3.3
      vertex 0.631427 -8.5244 0
      vertex 0.530375 -8.56243 0
    endloop
  endfacet
  facet normal -0.683525 0.729927 0
    outer loop
      vertex 1.16673 -8.16673 0
      vertex 1.08792 -8.24053 3.3
      vertex 1.16673 -8.16673 3.3
    endloop
  endfacet
  facet normal -0.683525 0.729927 0
    outer loop
      vertex 1.08792 -8.24053 3.3
      vertex 1.16673 -8.16673 0
      vertex 1.08792 -8.24053 0
    endloop
  endfacet
  facet normal -0.634427 0.772983 0
    outer loop
      vertex 1.08792 -8.24053 0
      vertex 1.00446 -8.30903 3.3
      vertex 1.08792 -8.24053 3.3
    endloop
  endfacet
  facet normal -0.634427 0.772983 0
    outer loop
      vertex 1.00446 -8.30903 3.3
      vertex 1.08792 -8.24053 0
      vertex 1.00446 -8.30903 0
    endloop
  endfacet
  facet normal -0.729927 0.683525 0
    outer loop
      vertex 1.16673 -8.16673 0
      vertex 1.24053 -8.08792 3.3
      vertex 1.24053 -8.08792 0
    endloop
  endfacet
  facet normal -0.729927 0.683525 0
    outer loop
      vertex 1.24053 -8.08792 3.3
      vertex 1.16673 -8.16673 0
      vertex 1.16673 -8.16673 3.3
    endloop
  endfacet
  facet normal -0.582451 0.812866 0
    outer loop
      vertex 1.00446 -8.30903 0
      vertex 0.916691 -8.37192 3.3
      vertex 1.00446 -8.30903 3.3
    endloop
  endfacet
  facet normal -0.582451 0.812866 0
    outer loop
      vertex 0.916691 -8.37192 3.3
      vertex 1.00446 -8.30903 0
      vertex 0.916691 -8.37192 0
    endloop
  endfacet
  facet normal -0.956919 0.290354 0
    outer loop
      vertex 1.56243 -7.53037 0
      vertex 1.59378 -7.42705 3.3
      vertex 1.59378 -7.42705 0
    endloop
  endfacet
  facet normal -0.956919 0.290354 0
    outer loop
      vertex 1.59378 -7.42705 3.3
      vertex 1.56243 -7.53037 0
      vertex 1.56243 -7.53037 3.3
    endloop
  endfacet
  facet normal -0.973872 0.227098 0
    outer loop
      vertex 1.59378 -7.42705 0
      vertex 1.6183 -7.3219 3.3
      vertex 1.6183 -7.3219 0
    endloop
  endfacet
  facet normal -0.973872 0.227098 0
    outer loop
      vertex 1.6183 -7.3219 3.3
      vertex 1.59378 -7.42705 0
      vertex 1.59378 -7.42705 3.3
    endloop
  endfacet
  facet normal -0.999465 0.032695 0
    outer loop
      vertex 1.64647 -7.10791 0
      vertex 1.65 -7 3.3
      vertex 1.65 -7 0
    endloop
  endfacet
  facet normal -0.999465 0.032695 0
    outer loop
      vertex 1.65 -7 3.3
      vertex 1.64647 -7.10791 0
      vertex 1.64647 -7.10791 3.3
    endloop
  endfacet
  facet normal -0.881906 0.471424 0
    outer loop
      vertex 1.42894 -7.825 0
      vertex 1.47984 -7.72978 3.3
      vertex 1.47984 -7.72978 0
    endloop
  endfacet
  facet normal -0.881906 0.471424 0
    outer loop
      vertex 1.47984 -7.72978 3.3
      vertex 1.42894 -7.825 0
      vertex 1.42894 -7.825 3.3
    endloop
  endfacet
  facet normal -0.849188 0.528091 0
    outer loop
      vertex 1.37192 -7.91669 0
      vertex 1.42894 -7.825 3.3
      vertex 1.42894 -7.825 0
    endloop
  endfacet
  facet normal -0.849188 0.528091 0
    outer loop
      vertex 1.42894 -7.825 3.3
      vertex 1.37192 -7.91669 0
      vertex 1.37192 -7.91669 3.3
    endloop
  endfacet
  facet normal -0.772983 0.634427 0
    outer loop
      vertex 1.24053 -8.08792 0
      vertex 1.30903 -8.00446 3.3
      vertex 1.30903 -8.00446 0
    endloop
  endfacet
  facet normal -0.772983 0.634427 0
    outer loop
      vertex 1.30903 -8.00446 3.3
      vertex 1.24053 -8.08792 0
      vertex 1.24053 -8.08792 3.3
    endloop
  endfacet
  facet normal -0.683574 -0.729881 0
    outer loop
      vertex 1.08792 -5.75946 0
      vertex 1.16673 -5.83327 3.3
      vertex 1.08792 -5.75946 3.3
    endloop
  endfacet
  facet normal -0.683574 -0.729881 -0
    outer loop
      vertex 1.16673 -5.83327 3.3
      vertex 1.08792 -5.75946 0
      vertex 1.16673 -5.83327 0
    endloop
  endfacet
  facet normal -0.634372 -0.773028 0
    outer loop
      vertex 1.00446 -5.69097 0
      vertex 1.08792 -5.75946 3.3
      vertex 1.00446 -5.69097 3.3
    endloop
  endfacet
  facet normal -0.634372 -0.773028 -0
    outer loop
      vertex 1.08792 -5.75946 3.3
      vertex 1.00446 -5.69097 0
      vertex 1.08792 -5.75946 0
    endloop
  endfacet
  facet normal -0.4127 -0.910867 0
    outer loop
      vertex 0.631427 -5.4756 0
      vertex 0.729775 -5.52016 3.3
      vertex 0.631427 -5.4756 3.3
    endloop
  endfacet
  facet normal -0.4127 -0.910867 -0
    outer loop
      vertex 0.729775 -5.52016 3.3
      vertex 0.631427 -5.4756 0
      vertex 0.729775 -5.52016 0
    endloop
  endfacet
  facet normal -0.471405 -0.881917 0
    outer loop
      vertex 0.729775 -5.52016 0
      vertex 0.825 -5.57106 3.3
      vertex 0.729775 -5.52016 3.3
    endloop
  endfacet
  facet normal -0.471405 -0.881917 -0
    outer loop
      vertex 0.825 -5.57106 3.3
      vertex 0.729775 -5.52016 0
      vertex 0.825 -5.57106 0
    endloop
  endfacet
  facet normal -0.227092 -0.973873 0
    outer loop
      vertex 0.321898 -5.3817 0
      vertex 0.427051 -5.40622 3.3
      vertex 0.321898 -5.3817 3.3
    endloop
  endfacet
  facet normal -0.227092 -0.973873 -0
    outer loop
      vertex 0.427051 -5.40622 3.3
      vertex 0.321898 -5.3817 0
      vertex 0.427051 -5.40622 0
    endloop
  endfacet
  facet normal -0.16282 -0.986656 0
    outer loop
      vertex 0.215367 -5.36412 0
      vertex 0.321898 -5.3817 3.3
      vertex 0.215367 -5.36412 3.3
    endloop
  endfacet
  facet normal -0.16282 -0.986656 -0
    outer loop
      vertex 0.321898 -5.3817 3.3
      vertex 0.215367 -5.36412 0
      vertex 0.321898 -5.3817 0
    endloop
  endfacet
  facet normal -0.0980804 -0.995178 0
    outer loop
      vertex 0.107915 -5.35353 0
      vertex 0.215367 -5.36412 3.3
      vertex 0.107915 -5.35353 3.3
    endloop
  endfacet
  facet normal -0.0980804 -0.995178 -0
    outer loop
      vertex 0.215367 -5.36412 3.3
      vertex 0.107915 -5.35353 0
      vertex 0.215367 -5.36412 0
    endloop
  endfacet
  facet normal -0.91087 -0.412693 0
    outer loop
      vertex 1.5244 -6.36857 0
      vertex 1.47984 -6.27022 3.3
      vertex 1.47984 -6.27022 0
    endloop
  endfacet
  facet normal -0.91087 -0.412693 0
    outer loop
      vertex 1.47984 -6.27022 3.3
      vertex 1.5244 -6.36857 0
      vertex 1.5244 -6.36857 3.3
    endloop
  endfacet
  facet normal -0.772983 -0.634427 0
    outer loop
      vertex 1.30903 -5.99554 0
      vertex 1.24053 -5.91208 3.3
      vertex 1.24053 -5.91208 0
    endloop
  endfacet
  facet normal -0.772983 -0.634427 0
    outer loop
      vertex 1.24053 -5.91208 3.3
      vertex 1.30903 -5.99554 0
      vertex 1.30903 -5.99554 3.3
    endloop
  endfacet
  facet normal -0.973872 -0.227098 0
    outer loop
      vertex 1.6183 -6.6781 0
      vertex 1.59378 -6.57295 3.3
      vertex 1.59378 -6.57295 0
    endloop
  endfacet
  facet normal -0.973872 -0.227098 0
    outer loop
      vertex 1.59378 -6.57295 3.3
      vertex 1.6183 -6.6781 0
      vertex 1.6183 -6.6781 3.3
    endloop
  endfacet
  facet normal 0.4127 0.910867 -0
    outer loop
      vertex -0.631427 -8.5244 0
      vertex -0.729775 -8.47984 3.3
      vertex -0.631427 -8.5244 3.3
    endloop
  endfacet
  facet normal 0.4127 0.910867 0
    outer loop
      vertex -0.729775 -8.47984 3.3
      vertex -0.631427 -8.5244 0
      vertex -0.729775 -8.47984 0
    endloop
  endfacet
  facet normal 0.290344 0.956922 -0
    outer loop
      vertex -0.427051 -8.59378 0
      vertex -0.530375 -8.56243 3.3
      vertex -0.427051 -8.59378 3.3
    endloop
  endfacet
  facet normal 0.290344 0.956922 0
    outer loop
      vertex -0.530375 -8.56243 3.3
      vertex -0.427051 -8.59378 0
      vertex -0.530375 -8.56243 0
    endloop
  endfacet
  facet normal 0.16282 0.986656 -0
    outer loop
      vertex -0.215367 -8.63588 0
      vertex -0.321898 -8.6183 3.3
      vertex -0.215367 -8.63588 3.3
    endloop
  endfacet
  facet normal 0.16282 0.986656 0
    outer loop
      vertex -0.321898 -8.6183 3.3
      vertex -0.215367 -8.63588 0
      vertex -0.321898 -8.6183 0
    endloop
  endfacet
  facet normal 0.0980804 0.995178 -0
    outer loop
      vertex -0.107915 -8.64647 0
      vertex -0.215367 -8.63588 3.3
      vertex -0.107915 -8.64647 3.3
    endloop
  endfacet
  facet normal 0.0980804 0.995178 0
    outer loop
      vertex -0.215367 -8.63588 3.3
      vertex -0.107915 -8.64647 0
      vertex -0.215367 -8.63588 0
    endloop
  endfacet
  facet normal 0.634427 0.772983 -0
    outer loop
      vertex -1.00446 -8.30903 0
      vertex -1.08792 -8.24053 3.3
      vertex -1.00446 -8.30903 3.3
    endloop
  endfacet
  facet normal 0.634427 0.772983 0
    outer loop
      vertex -1.08792 -8.24053 3.3
      vertex -1.00446 -8.30903 0
      vertex -1.08792 -8.24053 0
    endloop
  endfacet
  facet normal 0.52802 -0.849232 0
    outer loop
      vertex -0.916691 -5.62807 0
      vertex -0.825 -5.57106 3.3
      vertex -0.916691 -5.62807 3.3
    endloop
  endfacet
  facet normal 0.52802 -0.849232 0
    outer loop
      vertex -0.825 -5.57106 3.3
      vertex -0.916691 -5.62807 0
      vertex -0.825 -5.57106 0
    endloop
  endfacet
  facet normal 0.995179 0.0980732 0
    outer loop
      vertex -1.63588 -7.21537 3.3
      vertex -1.64647 -7.10791 0
      vertex -1.64647 -7.10791 3.3
    endloop
  endfacet
  facet normal 0.995179 0.0980732 0
    outer loop
      vertex -1.64647 -7.10791 0
      vertex -1.63588 -7.21537 3.3
      vertex -1.63588 -7.21537 0
    endloop
  endfacet
  facet normal 0.935925 0.352199 0
    outer loop
      vertex -1.5244 -7.63143 3.3
      vertex -1.56243 -7.53037 0
      vertex -1.56243 -7.53037 3.3
    endloop
  endfacet
  facet normal 0.935925 0.352199 0
    outer loop
      vertex -1.56243 -7.53037 0
      vertex -1.5244 -7.63143 3.3
      vertex -1.5244 -7.63143 0
    endloop
  endfacet
  facet normal -0.16282 0.986656 0
    outer loop
      vertex 0.321898 -8.6183 0
      vertex 0.215367 -8.63588 3.3
      vertex 0.321898 -8.6183 3.3
    endloop
  endfacet
  facet normal -0.16282 0.986656 0
    outer loop
      vertex 0.215367 -8.63588 3.3
      vertex 0.321898 -8.6183 0
      vertex 0.215367 -8.63588 0
    endloop
  endfacet
  facet normal -0.91087 0.412693 0
    outer loop
      vertex 1.47984 -7.72978 0
      vertex 1.5244 -7.63143 3.3
      vertex 1.5244 -7.63143 0
    endloop
  endfacet
  facet normal -0.91087 0.412693 0
    outer loop
      vertex 1.5244 -7.63143 3.3
      vertex 1.47984 -7.72978 0
      vertex 1.47984 -7.72978 3.3
    endloop
  endfacet
  facet normal -0.812869 0.582447 0
    outer loop
      vertex 1.30903 -8.00446 0
      vertex 1.37192 -7.91669 3.3
      vertex 1.37192 -7.91669 0
    endloop
  endfacet
  facet normal -0.812869 0.582447 0
    outer loop
      vertex 1.37192 -7.91669 3.3
      vertex 1.30903 -8.00446 0
      vertex 1.30903 -8.00446 3.3
    endloop
  endfacet
  facet normal 0.0326934 0.999465 -0
    outer loop
      vertex 0 -8.65 0
      vertex -0.107915 -8.64647 3.3
      vertex 0 -8.65 3.3
    endloop
  endfacet
  facet normal 0.0326934 0.999465 0
    outer loop
      vertex -0.107915 -8.64647 3.3
      vertex 0 -8.65 0
      vertex -0.107915 -8.64647 0
    endloop
  endfacet
  facet normal 0.881906 0.471424 0
    outer loop
      vertex -1.42894 -7.825 3.3
      vertex -1.47984 -7.72978 0
      vertex -1.47984 -7.72978 3.3
    endloop
  endfacet
  facet normal 0.881906 0.471424 0
    outer loop
      vertex -1.47984 -7.72978 0
      vertex -1.42894 -7.825 3.3
      vertex -1.42894 -7.825 0
    endloop
  endfacet
  facet normal 0.849188 0.528091 0
    outer loop
      vertex -1.37192 -7.91669 3.3
      vertex -1.42894 -7.825 0
      vertex -1.42894 -7.825 3.3
    endloop
  endfacet
  facet normal 0.849188 0.528091 0
    outer loop
      vertex -1.42894 -7.825 0
      vertex -1.37192 -7.91669 3.3
      vertex -1.37192 -7.91669 0
    endloop
  endfacet
  facet normal 0.352223 0.935916 -0
    outer loop
      vertex -0.530375 -8.56243 0
      vertex -0.631427 -8.5244 3.3
      vertex -0.530375 -8.56243 3.3
    endloop
  endfacet
  facet normal 0.352223 0.935916 0
    outer loop
      vertex -0.631427 -8.5244 3.3
      vertex -0.530375 -8.56243 0
      vertex -0.631427 -8.5244 0
    endloop
  endfacet
  facet normal 0.471405 0.881917 -0
    outer loop
      vertex -0.729775 -8.47984 0
      vertex -0.825 -8.42894 3.3
      vertex -0.729775 -8.47984 3.3
    endloop
  endfacet
  facet normal 0.471405 0.881917 0
    outer loop
      vertex -0.825 -8.42894 3.3
      vertex -0.729775 -8.47984 0
      vertex -0.825 -8.42894 0
    endloop
  endfacet
  facet normal 0.986655 -0.162822 0
    outer loop
      vertex -1.63588 -6.78463 3.3
      vertex -1.6183 -6.6781 0
      vertex -1.6183 -6.6781 3.3
    endloop
  endfacet
  facet normal 0.986655 -0.162822 0
    outer loop
      vertex -1.6183 -6.6781 0
      vertex -1.63588 -6.78463 3.3
      vertex -1.63588 -6.78463 0
    endloop
  endfacet
  facet normal 0.582512 -0.812822 0
    outer loop
      vertex -1.00446 -5.69097 0
      vertex -0.916691 -5.62807 3.3
      vertex -1.00446 -5.69097 3.3
    endloop
  endfacet
  facet normal 0.582512 -0.812822 0
    outer loop
      vertex -0.916691 -5.62807 3.3
      vertex -1.00446 -5.69097 0
      vertex -0.916691 -5.62807 0
    endloop
  endfacet
  facet normal 0.471405 -0.881917 0
    outer loop
      vertex -0.825 -5.57106 0
      vertex -0.729775 -5.52016 3.3
      vertex -0.825 -5.57106 3.3
    endloop
  endfacet
  facet normal 0.471405 -0.881917 0
    outer loop
      vertex -0.729775 -5.52016 3.3
      vertex -0.825 -5.57106 0
      vertex -0.729775 -5.52016 0
    endloop
  endfacet
  facet normal 0.352305 -0.935885 0
    outer loop
      vertex -0.631427 -5.4756 0
      vertex -0.530375 -5.43756 3.3
      vertex -0.631427 -5.4756 3.3
    endloop
  endfacet
  facet normal 0.352305 -0.935885 0
    outer loop
      vertex -0.530375 -5.43756 3.3
      vertex -0.631427 -5.4756 0
      vertex -0.530375 -5.43756 0
    endloop
  endfacet
  facet normal 0.290259 -0.956948 0
    outer loop
      vertex -0.530375 -5.43756 0
      vertex -0.427051 -5.40622 3.3
      vertex -0.530375 -5.43756 3.3
    endloop
  endfacet
  facet normal 0.290259 -0.956948 0
    outer loop
      vertex -0.427051 -5.40622 3.3
      vertex -0.530375 -5.43756 0
      vertex -0.427051 -5.40622 0
    endloop
  endfacet
  facet normal 0.0326934 -0.999465 0
    outer loop
      vertex -0.107915 -5.35353 0
      vertex 0 -5.35 3.3
      vertex -0.107915 -5.35353 3.3
    endloop
  endfacet
  facet normal 0.0326934 -0.999465 0
    outer loop
      vertex 0 -5.35 3.3
      vertex -0.107915 -5.35353 0
      vertex 0 -5.35 0
    endloop
  endfacet
  facet normal 0.986655 0.162822 0
    outer loop
      vertex -1.6183 -7.3219 3.3
      vertex -1.63588 -7.21537 0
      vertex -1.63588 -7.21537 3.3
    endloop
  endfacet
  facet normal 0.986655 0.162822 0
    outer loop
      vertex -1.63588 -7.21537 0
      vertex -1.6183 -7.3219 3.3
      vertex -1.6183 -7.3219 0
    endloop
  endfacet
  facet normal 0.528087 0.84919 -0
    outer loop
      vertex -0.825 -8.42894 0
      vertex -0.916691 -8.37192 3.3
      vertex -0.825 -8.42894 3.3
    endloop
  endfacet
  facet normal 0.528087 0.84919 0
    outer loop
      vertex -0.916691 -8.37192 3.3
      vertex -0.825 -8.42894 0
      vertex -0.916691 -8.37192 0
    endloop
  endfacet
  facet normal 0.582451 0.812866 -0
    outer loop
      vertex -0.916691 -8.37192 0
      vertex -1.00446 -8.30903 3.3
      vertex -0.916691 -8.37192 3.3
    endloop
  endfacet
  facet normal 0.582451 0.812866 0
    outer loop
      vertex -1.00446 -8.30903 3.3
      vertex -0.916691 -8.37192 0
      vertex -1.00446 -8.30903 0
    endloop
  endfacet
  facet normal 0.999465 -0.0326919 0
    outer loop
      vertex -1.65 -7 3.3
      vertex -1.64647 -6.89208 0
      vertex -1.64647 -6.89208 3.3
    endloop
  endfacet
  facet normal 0.999465 -0.0326919 0
    outer loop
      vertex -1.64647 -6.89208 0
      vertex -1.65 -7 3.3
      vertex -1.65 -7 0
    endloop
  endfacet
  facet normal 0.91087 -0.412693 0
    outer loop
      vertex -1.5244 -6.36857 3.3
      vertex -1.47984 -6.27022 0
      vertex -1.47984 -6.27022 3.3
    endloop
  endfacet
  facet normal 0.91087 -0.412693 0
    outer loop
      vertex -1.47984 -6.27022 0
      vertex -1.5244 -6.36857 3.3
      vertex -1.5244 -6.36857 0
    endloop
  endfacet
  facet normal 0.729927 -0.683525 0
    outer loop
      vertex -1.24053 -5.91208 3.3
      vertex -1.16673 -5.83327 0
      vertex -1.16673 -5.83327 3.3
    endloop
  endfacet
  facet normal 0.729927 -0.683525 0
    outer loop
      vertex -1.16673 -5.83327 0
      vertex -1.24053 -5.91208 3.3
      vertex -1.24053 -5.91208 0
    endloop
  endfacet
  facet normal 0.973872 -0.227098 0
    outer loop
      vertex -1.6183 -6.6781 3.3
      vertex -1.59378 -6.57295 0
      vertex -1.59378 -6.57295 3.3
    endloop
  endfacet
  facet normal 0.973872 -0.227098 0
    outer loop
      vertex -1.59378 -6.57295 0
      vertex -1.6183 -6.6781 3.3
      vertex -1.6183 -6.6781 0
    endloop
  endfacet
  facet normal 0.995178 -0.0980823 0
    outer loop
      vertex -1.64647 -6.89208 3.3
      vertex -1.63588 -6.78463 0
      vertex -1.63588 -6.78463 3.3
    endloop
  endfacet
  facet normal 0.995178 -0.0980823 0
    outer loop
      vertex -1.63588 -6.78463 0
      vertex -1.64647 -6.89208 3.3
      vertex -1.64647 -6.89208 0
    endloop
  endfacet
  facet normal 0.683574 -0.729881 0
    outer loop
      vertex -1.16673 -5.83327 0
      vertex -1.08792 -5.75946 3.3
      vertex -1.16673 -5.83327 3.3
    endloop
  endfacet
  facet normal 0.683574 -0.729881 0
    outer loop
      vertex -1.08792 -5.75946 3.3
      vertex -1.16673 -5.83327 0
      vertex -1.08792 -5.75946 0
    endloop
  endfacet
  facet normal 0.634372 -0.773028 0
    outer loop
      vertex -1.08792 -5.75946 0
      vertex -1.00446 -5.69097 3.3
      vertex -1.08792 -5.75946 3.3
    endloop
  endfacet
  facet normal 0.634372 -0.773028 0
    outer loop
      vertex -1.00446 -5.69097 3.3
      vertex -1.08792 -5.75946 0
      vertex -1.00446 -5.69097 0
    endloop
  endfacet
  facet normal 0.4127 -0.910867 0
    outer loop
      vertex -0.729775 -5.52016 0
      vertex -0.631427 -5.4756 3.3
      vertex -0.729775 -5.52016 3.3
    endloop
  endfacet
  facet normal 0.4127 -0.910867 0
    outer loop
      vertex -0.631427 -5.4756 3.3
      vertex -0.729775 -5.52016 0
      vertex -0.631427 -5.4756 0
    endloop
  endfacet
  facet normal 0.227092 -0.973873 0
    outer loop
      vertex -0.427051 -5.40622 0
      vertex -0.321898 -5.3817 3.3
      vertex -0.427051 -5.40622 3.3
    endloop
  endfacet
  facet normal 0.227092 -0.973873 0
    outer loop
      vertex -0.321898 -5.3817 3.3
      vertex -0.427051 -5.40622 0
      vertex -0.321898 -5.3817 0
    endloop
  endfacet
  facet normal 0.16282 -0.986656 0
    outer loop
      vertex -0.321898 -5.3817 0
      vertex -0.215367 -5.36412 3.3
      vertex -0.321898 -5.3817 3.3
    endloop
  endfacet
  facet normal 0.16282 -0.986656 0
    outer loop
      vertex -0.215367 -5.36412 3.3
      vertex -0.321898 -5.3817 0
      vertex -0.215367 -5.36412 0
    endloop
  endfacet
  facet normal 0.0980804 -0.995178 0
    outer loop
      vertex -0.215367 -5.36412 0
      vertex -0.107915 -5.35353 3.3
      vertex -0.215367 -5.36412 3.3
    endloop
  endfacet
  facet normal 0.0980804 -0.995178 0
    outer loop
      vertex -0.107915 -5.35353 3.3
      vertex -0.215367 -5.36412 0
      vertex -0.107915 -5.35353 0
    endloop
  endfacet
  facet normal 0.956919 0.290354 0
    outer loop
      vertex -1.56243 -7.53037 3.3
      vertex -1.59378 -7.42705 0
      vertex -1.59378 -7.42705 3.3
    endloop
  endfacet
  facet normal 0.956919 0.290354 0
    outer loop
      vertex -1.59378 -7.42705 0
      vertex -1.56243 -7.53037 3.3
      vertex -1.56243 -7.53037 0
    endloop
  endfacet
  facet normal 0.772983 0.634427 0
    outer loop
      vertex -1.24053 -8.08792 3.3
      vertex -1.30903 -8.00446 0
      vertex -1.30903 -8.00446 3.3
    endloop
  endfacet
  facet normal 0.772983 0.634427 0
    outer loop
      vertex -1.30903 -8.00446 0
      vertex -1.24053 -8.08792 3.3
      vertex -1.24053 -8.08792 0
    endloop
  endfacet
  facet normal 0.812869 0.582447 0
    outer loop
      vertex -1.30903 -8.00446 3.3
      vertex -1.37192 -7.91669 0
      vertex -1.37192 -7.91669 3.3
    endloop
  endfacet
  facet normal 0.812869 0.582447 0
    outer loop
      vertex -1.37192 -7.91669 0
      vertex -1.30903 -8.00446 3.3
      vertex -1.30903 -8.00446 0
    endloop
  endfacet
  facet normal 0.849188 -0.528091 0
    outer loop
      vertex -1.42894 -6.175 3.3
      vertex -1.37192 -6.08331 0
      vertex -1.37192 -6.08331 3.3
    endloop
  endfacet
  facet normal 0.849188 -0.528091 0
    outer loop
      vertex -1.37192 -6.08331 0
      vertex -1.42894 -6.175 3.3
      vertex -1.42894 -6.175 0
    endloop
  endfacet
  facet normal 0.935914 -0.35223 0
    outer loop
      vertex -1.56243 -6.46962 3.3
      vertex -1.5244 -6.36857 0
      vertex -1.5244 -6.36857 3.3
    endloop
  endfacet
  facet normal 0.935914 -0.35223 0
    outer loop
      vertex -1.5244 -6.36857 0
      vertex -1.56243 -6.46962 3.3
      vertex -1.56243 -6.46962 0
    endloop
  endfacet
  facet normal 0.729927 0.683525 0
    outer loop
      vertex -1.16673 -8.16673 3.3
      vertex -1.24053 -8.08792 0
      vertex -1.24053 -8.08792 3.3
    endloop
  endfacet
  facet normal 0.729927 0.683525 0
    outer loop
      vertex -1.24053 -8.08792 0
      vertex -1.16673 -8.16673 3.3
      vertex -1.16673 -8.16673 0
    endloop
  endfacet
  facet normal 0.772983 -0.634427 0
    outer loop
      vertex -1.30903 -5.99554 3.3
      vertex -1.24053 -5.91208 0
      vertex -1.24053 -5.91208 3.3
    endloop
  endfacet
  facet normal 0.772983 -0.634427 0
    outer loop
      vertex -1.24053 -5.91208 0
      vertex -1.30903 -5.99554 3.3
      vertex -1.30903 -5.99554 0
    endloop
  endfacet
  facet normal 0.812869 -0.582447 0
    outer loop
      vertex -1.37192 -6.08331 3.3
      vertex -1.30903 -5.99554 0
      vertex -1.30903 -5.99554 3.3
    endloop
  endfacet
  facet normal 0.812869 -0.582447 0
    outer loop
      vertex -1.30903 -5.99554 0
      vertex -1.37192 -6.08331 3.3
      vertex -1.37192 -6.08331 0
    endloop
  endfacet
  facet normal 0.881906 -0.471424 0
    outer loop
      vertex -1.47984 -6.27022 3.3
      vertex -1.42894 -6.175 0
      vertex -1.42894 -6.175 3.3
    endloop
  endfacet
  facet normal 0.881906 -0.471424 0
    outer loop
      vertex -1.42894 -6.175 0
      vertex -1.47984 -6.27022 3.3
      vertex -1.47984 -6.27022 0
    endloop
  endfacet
  facet normal 0.956927 -0.290329 0
    outer loop
      vertex -1.59378 -6.57295 3.3
      vertex -1.56243 -6.46962 0
      vertex -1.56243 -6.46962 3.3
    endloop
  endfacet
  facet normal 0.956927 -0.290329 0
    outer loop
      vertex -1.56243 -6.46962 0
      vertex -1.59378 -6.57295 3.3
      vertex -1.59378 -6.57295 0
    endloop
  endfacet
  facet normal -0.999464 -0.0327262 0
    outer loop
      vertex 3.25 0 0
      vertex 3.24304 0.21256 3.3
      vertex 3.24304 0.21256 0
    endloop
  endfacet
  facet normal -0.999464 -0.0327262 0
    outer loop
      vertex 3.24304 0.21256 3.3
      vertex 3.25 0 0
      vertex 3.25 0 3.3
    endloop
  endfacet
  facet normal 0.81284 0.582487 0
    outer loop
      vertex -2.5784 -1.97847 3.3
      vertex -2.70228 -1.8056 0
      vertex -2.70228 -1.8056 3.3
    endloop
  endfacet
  facet normal 0.81284 0.582487 0
    outer loop
      vertex -2.70228 -1.8056 0
      vertex -2.5784 -1.97847 3.3
      vertex -2.5784 -1.97847 0
    endloop
  endfacet
  facet normal -0.956936 -0.2903 0
    outer loop
      vertex 3.13926 0.841162 0
      vertex 3.07752 1.04468 3.3
      vertex 3.07752 1.04468 0
    endloop
  endfacet
  facet normal -0.956936 -0.2903 0
    outer loop
      vertex 3.07752 1.04468 3.3
      vertex 3.13926 0.841162 0
      vertex 3.13926 0.841162 3.3
    endloop
  endfacet
  facet normal -0.412694 -0.91087 0
    outer loop
      vertex 1.24372 3.00261 0
      vertex 1.43744 2.91484 3.3
      vertex 1.24372 3.00261 3.3
    endloop
  endfacet
  facet normal -0.412694 -0.91087 -0
    outer loop
      vertex 1.43744 2.91484 3.3
      vertex 1.24372 3.00261 0
      vertex 1.43744 2.91484 0
    endloop
  endfacet
  facet normal 0.849211 -0.528053 0
    outer loop
      vertex -2.81458 1.625 3.3
      vertex -2.70228 1.8056 0
      vertex -2.70228 1.8056 3.3
    endloop
  endfacet
  facet normal 0.849211 -0.528053 0
    outer loop
      vertex -2.70228 1.8056 0
      vertex -2.81458 1.625 3.3
      vertex -2.81458 1.625 0
    endloop
  endfacet
  facet normal 0.81284 -0.582487 0
    outer loop
      vertex -2.70228 1.8056 3.3
      vertex -2.5784 1.97847 0
      vertex -2.5784 1.97847 3.3
    endloop
  endfacet
  facet normal 0.81284 -0.582487 0
    outer loop
      vertex -2.5784 1.97847 0
      vertex -2.70228 1.8056 3.3
      vertex -2.70228 1.8056 0
    endloop
  endfacet
  facet normal 0.995187 -0.0979906 0
    outer loop
      vertex -3.24304 0.21256 3.3
      vertex -3.2222 0.42421 0
      vertex -3.2222 0.42421 3.3
    endloop
  endfacet
  facet normal 0.995187 -0.0979906 0
    outer loop
      vertex -3.2222 0.42421 0
      vertex -3.24304 0.21256 3.3
      vertex -3.24304 0.21256 0
    endloop
  endfacet
  facet normal 0.634394 -0.77301 0
    outer loop
      vertex -2.14287 2.44348 0
      vertex -1.97847 2.5784 3.3
      vertex -2.14287 2.44348 3.3
    endloop
  endfacet
  facet normal 0.634394 -0.77301 0
    outer loop
      vertex -1.97847 2.5784 3.3
      vertex -2.14287 2.44348 0
      vertex -1.97847 2.5784 0
    endloop
  endfacet
  facet normal 0.2903 -0.956936 0
    outer loop
      vertex -1.04468 3.07752 0
      vertex -0.841162 3.13926 3.3
      vertex -1.04468 3.07752 3.3
    endloop
  endfacet
  facet normal 0.2903 -0.956936 0
    outer loop
      vertex -0.841162 3.13926 3.3
      vertex -1.04468 3.07752 0
      vertex -0.841162 3.13926 0
    endloop
  endfacet
  facet normal -0.849211 0.528053 0
    outer loop
      vertex 2.70228 -1.8056 0
      vertex 2.81458 -1.625 3.3
      vertex 2.81458 -1.625 0
    endloop
  endfacet
  facet normal -0.849211 0.528053 0
    outer loop
      vertex 2.81458 -1.625 3.3
      vertex 2.70228 -1.8056 0
      vertex 2.70228 -1.8056 3.3
    endloop
  endfacet
  facet normal -0.227061 0.97388 0
    outer loop
      vertex 0.841162 -3.13926 0
      vertex 0.634043 -3.18755 3.3
      vertex 0.841162 -3.13926 3.3
    endloop
  endfacet
  facet normal -0.227061 0.97388 0
    outer loop
      vertex 0.634043 -3.18755 3.3
      vertex 0.841162 -3.13926 0
      vertex 0.634043 -3.18755 0
    endloop
  endfacet
  facet normal -0.634394 0.77301 0
    outer loop
      vertex 2.14287 -2.44348 0
      vertex 1.97847 -2.5784 3.3
      vertex 2.14287 -2.44348 3.3
    endloop
  endfacet
  facet normal -0.634394 0.77301 0
    outer loop
      vertex 1.97847 -2.5784 3.3
      vertex 2.14287 -2.44348 0
      vertex 1.97847 -2.5784 0
    endloop
  endfacet
  facet normal 0.352236 0.935911 -0
    outer loop
      vertex -1.04468 -3.07752 0
      vertex -1.24372 -3.00261 3.3
      vertex -1.04468 -3.07752 3.3
    endloop
  endfacet
  facet normal 0.352236 0.935911 0
    outer loop
      vertex -1.24372 -3.00261 3.3
      vertex -1.04468 -3.07752 0
      vertex -1.24372 -3.00261 0
    endloop
  endfacet
  facet normal 0.849211 0.528053 0
    outer loop
      vertex -2.70228 -1.8056 3.3
      vertex -2.81458 -1.625 0
      vertex -2.81458 -1.625 3.3
    endloop
  endfacet
  facet normal 0.849211 0.528053 0
    outer loop
      vertex -2.81458 -1.625 0
      vertex -2.70228 -1.8056 3.3
      vertex -2.70228 -1.8056 0
    endloop
  endfacet
  facet normal -0.935911 -0.352236 0
    outer loop
      vertex 3.07752 1.04468 0
      vertex 3.00261 1.24372 3.3
      vertex 3.00261 1.24372 0
    endloop
  endfacet
  facet normal -0.935911 -0.352236 0
    outer loop
      vertex 3.00261 1.24372 3.3
      vertex 3.07752 1.04468 0
      vertex 3.07752 1.04468 3.3
    endloop
  endfacet
  facet normal -0.91087 -0.412694 0
    outer loop
      vertex 3.00261 1.24372 0
      vertex 2.91484 1.43744 3.3
      vertex 2.91484 1.43744 0
    endloop
  endfacet
  facet normal -0.91087 -0.412694 0
    outer loop
      vertex 2.91484 1.43744 3.3
      vertex 3.00261 1.24372 0
      vertex 3.00261 1.24372 3.3
    endloop
  endfacet
  facet normal -0.81284 -0.582487 0
    outer loop
      vertex 2.70228 1.8056 0
      vertex 2.5784 1.97847 3.3
      vertex 2.5784 1.97847 0
    endloop
  endfacet
  facet normal -0.81284 -0.582487 0
    outer loop
      vertex 2.5784 1.97847 3.3
      vertex 2.70228 1.8056 0
      vertex 2.70228 1.8056 3.3
    endloop
  endfacet
  facet normal -0.227061 -0.97388 0
    outer loop
      vertex 0.634043 3.18755 0
      vertex 0.841162 3.13926 3.3
      vertex 0.634043 3.18755 3.3
    endloop
  endfacet
  facet normal -0.227061 -0.97388 -0
    outer loop
      vertex 0.841162 3.13926 3.3
      vertex 0.634043 3.18755 0
      vertex 0.841162 3.13926 0
    endloop
  endfacet
  facet normal -0.162925 -0.986638 0
    outer loop
      vertex 0.42421 3.2222 0
      vertex 0.634043 3.18755 3.3
      vertex 0.42421 3.2222 3.3
    endloop
  endfacet
  facet normal -0.162925 -0.986638 -0
    outer loop
      vertex 0.634043 3.18755 3.3
      vertex 0.42421 3.2222 0
      vertex 0.634043 3.18755 0
    endloop
  endfacet
  facet normal -0.634394 -0.77301 0
    outer loop
      vertex 1.97847 2.5784 0
      vertex 2.14287 2.44348 3.3
      vertex 1.97847 2.5784 3.3
    endloop
  endfacet
  facet normal -0.634394 -0.77301 -0
    outer loop
      vertex 2.14287 2.44348 3.3
      vertex 1.97847 2.5784 0
      vertex 2.14287 2.44348 0
    endloop
  endfacet
  facet normal -0.471423 -0.881907 0
    outer loop
      vertex 1.43744 2.91484 0
      vertex 1.625 2.81458 3.3
      vertex 1.43744 2.91484 3.3
    endloop
  endfacet
  facet normal -0.471423 -0.881907 -0
    outer loop
      vertex 1.625 2.81458 3.3
      vertex 1.43744 2.91484 0
      vertex 1.625 2.81458 0
    endloop
  endfacet
  facet normal -0.582487 -0.81284 0
    outer loop
      vertex 1.8056 2.70228 0
      vertex 1.97847 2.5784 3.3
      vertex 1.8056 2.70228 3.3
    endloop
  endfacet
  facet normal -0.582487 -0.81284 -0
    outer loop
      vertex 1.97847 2.5784 3.3
      vertex 1.8056 2.70228 0
      vertex 1.97847 2.5784 0
    endloop
  endfacet
  facet normal 0.91087 -0.412694 0
    outer loop
      vertex -3.00261 1.24372 3.3
      vertex -2.91484 1.43744 0
      vertex -2.91484 1.43744 3.3
    endloop
  endfacet
  facet normal 0.91087 -0.412694 0
    outer loop
      vertex -2.91484 1.43744 0
      vertex -3.00261 1.24372 3.3
      vertex -3.00261 1.24372 0
    endloop
  endfacet
  facet normal 0.97388 -0.227061 0
    outer loop
      vertex -3.18755 0.634043 3.3
      vertex -3.13926 0.841162 0
      vertex -3.13926 0.841162 3.3
    endloop
  endfacet
  facet normal 0.97388 -0.227061 0
    outer loop
      vertex -3.13926 0.841162 0
      vertex -3.18755 0.634043 3.3
      vertex -3.18755 0.634043 0
    endloop
  endfacet
  facet normal 0.986638 -0.162925 0
    outer loop
      vertex -3.2222 0.42421 3.3
      vertex -3.18755 0.634043 0
      vertex -3.18755 0.634043 3.3
    endloop
  endfacet
  facet normal 0.986638 -0.162925 0
    outer loop
      vertex -3.18755 0.634043 0
      vertex -3.2222 0.42421 3.3
      vertex -3.2222 0.42421 0
    endloop
  endfacet
  facet normal 0.528053 -0.849211 0
    outer loop
      vertex -1.8056 2.70228 0
      vertex -1.625 2.81458 3.3
      vertex -1.8056 2.70228 3.3
    endloop
  endfacet
  facet normal 0.528053 -0.849211 0
    outer loop
      vertex -1.625 2.81458 3.3
      vertex -1.8056 2.70228 0
      vertex -1.625 2.81458 0
    endloop
  endfacet
  facet normal 0.412694 -0.91087 0
    outer loop
      vertex -1.43744 2.91484 0
      vertex -1.24372 3.00261 3.3
      vertex -1.43744 2.91484 3.3
    endloop
  endfacet
  facet normal 0.412694 -0.91087 0
    outer loop
      vertex -1.24372 3.00261 3.3
      vertex -1.43744 2.91484 0
      vertex -1.24372 3.00261 0
    endloop
  endfacet
  facet normal 0.582487 -0.81284 0
    outer loop
      vertex -1.97847 2.5784 0
      vertex -1.8056 2.70228 3.3
      vertex -1.97847 2.5784 3.3
    endloop
  endfacet
  facet normal 0.582487 -0.81284 0
    outer loop
      vertex -1.8056 2.70228 3.3
      vertex -1.97847 2.5784 0
      vertex -1.8056 2.70228 0
    endloop
  endfacet
  facet normal 0.0979906 -0.995187 0
    outer loop
      vertex -0.42421 3.2222 0
      vertex -0.21256 3.24304 3.3
      vertex -0.42421 3.2222 3.3
    endloop
  endfacet
  facet normal 0.0979906 -0.995187 0
    outer loop
      vertex -0.21256 3.24304 3.3
      vertex -0.42421 3.2222 0
      vertex -0.21256 3.24304 0
    endloop
  endfacet
  facet normal 0.227061 -0.97388 0
    outer loop
      vertex -0.841162 3.13926 0
      vertex -0.634043 3.18755 3.3
      vertex -0.841162 3.13926 3.3
    endloop
  endfacet
  facet normal 0.227061 -0.97388 0
    outer loop
      vertex -0.634043 3.18755 3.3
      vertex -0.841162 3.13926 0
      vertex -0.634043 3.18755 0
    endloop
  endfacet
  facet normal 0.162925 -0.986638 0
    outer loop
      vertex -0.634043 3.18755 0
      vertex -0.42421 3.2222 3.3
      vertex -0.634043 3.18755 3.3
    endloop
  endfacet
  facet normal 0.162925 -0.986638 0
    outer loop
      vertex -0.42421 3.2222 3.3
      vertex -0.634043 3.18755 0
      vertex -0.42421 3.2222 0
    endloop
  endfacet
  facet normal -0.162925 0.986638 0
    outer loop
      vertex 0.634043 -3.18755 0
      vertex 0.42421 -3.2222 3.3
      vertex 0.634043 -3.18755 3.3
    endloop
  endfacet
  facet normal -0.162925 0.986638 0
    outer loop
      vertex 0.42421 -3.2222 3.3
      vertex 0.634043 -3.18755 0
      vertex 0.42421 -3.2222 0
    endloop
  endfacet
  facet normal -0.412694 0.91087 0
    outer loop
      vertex 1.43744 -2.91484 0
      vertex 1.24372 -3.00261 3.3
      vertex 1.43744 -2.91484 3.3
    endloop
  endfacet
  facet normal -0.412694 0.91087 0
    outer loop
      vertex 1.24372 -3.00261 3.3
      vertex 1.43744 -2.91484 0
      vertex 1.24372 -3.00261 0
    endloop
  endfacet
  facet normal -0.582487 0.81284 0
    outer loop
      vertex 1.97847 -2.5784 0
      vertex 1.8056 -2.70228 3.3
      vertex 1.97847 -2.5784 3.3
    endloop
  endfacet
  facet normal -0.582487 0.81284 0
    outer loop
      vertex 1.8056 -2.70228 3.3
      vertex 1.97847 -2.5784 0
      vertex 1.8056 -2.70228 0
    endloop
  endfacet
  facet normal -0.81284 0.582487 0
    outer loop
      vertex 2.5784 -1.97847 0
      vertex 2.70228 -1.8056 3.3
      vertex 2.70228 -1.8056 0
    endloop
  endfacet
  facet normal -0.81284 0.582487 0
    outer loop
      vertex 2.70228 -1.8056 3.3
      vertex 2.5784 -1.97847 0
      vertex 2.5784 -1.97847 3.3
    endloop
  endfacet
  facet normal -0.97388 0.227061 0
    outer loop
      vertex 3.13926 -0.841162 0
      vertex 3.18755 -0.634043 3.3
      vertex 3.18755 -0.634043 0
    endloop
  endfacet
  facet normal -0.97388 0.227061 0
    outer loop
      vertex 3.18755 -0.634043 3.3
      vertex 3.13926 -0.841162 0
      vertex 3.13926 -0.841162 3.3
    endloop
  endfacet
  facet normal 0.162925 0.986638 -0
    outer loop
      vertex -0.42421 -3.2222 0
      vertex -0.634043 -3.18755 3.3
      vertex -0.42421 -3.2222 3.3
    endloop
  endfacet
  facet normal 0.162925 0.986638 0
    outer loop
      vertex -0.634043 -3.18755 3.3
      vertex -0.42421 -3.2222 0
      vertex -0.634043 -3.18755 0
    endloop
  endfacet
  facet normal 0.0979906 0.995187 -0
    outer loop
      vertex -0.21256 -3.24304 0
      vertex -0.42421 -3.2222 3.3
      vertex -0.21256 -3.24304 3.3
    endloop
  endfacet
  facet normal 0.0979906 0.995187 0
    outer loop
      vertex -0.42421 -3.2222 3.3
      vertex -0.21256 -3.24304 0
      vertex -0.42421 -3.2222 0
    endloop
  endfacet
  facet normal 0.582487 0.81284 -0
    outer loop
      vertex -1.8056 -2.70228 0
      vertex -1.97847 -2.5784 3.3
      vertex -1.8056 -2.70228 3.3
    endloop
  endfacet
  facet normal 0.582487 0.81284 0
    outer loop
      vertex -1.97847 -2.5784 3.3
      vertex -1.8056 -2.70228 0
      vertex -1.97847 -2.5784 0
    endloop
  endfacet
  facet normal 0.77301 0.634394 0
    outer loop
      vertex -2.44348 -2.14287 3.3
      vertex -2.5784 -1.97847 0
      vertex -2.5784 -1.97847 3.3
    endloop
  endfacet
  facet normal 0.77301 0.634394 0
    outer loop
      vertex -2.5784 -1.97847 0
      vertex -2.44348 -2.14287 3.3
      vertex -2.44348 -2.14287 0
    endloop
  endfacet
  facet normal 0.91087 0.412694 0
    outer loop
      vertex -2.91484 -1.43744 3.3
      vertex -3.00261 -1.24372 0
      vertex -3.00261 -1.24372 3.3
    endloop
  endfacet
  facet normal 0.91087 0.412694 0
    outer loop
      vertex -3.00261 -1.24372 0
      vertex -2.91484 -1.43744 3.3
      vertex -2.91484 -1.43744 0
    endloop
  endfacet
  facet normal 0.97388 0.227061 0
    outer loop
      vertex -3.13926 -0.841162 3.3
      vertex -3.18755 -0.634043 0
      vertex -3.18755 -0.634043 3.3
    endloop
  endfacet
  facet normal 0.97388 0.227061 0
    outer loop
      vertex -3.18755 -0.634043 0
      vertex -3.13926 -0.841162 3.3
      vertex -3.13926 -0.841162 0
    endloop
  endfacet
  facet normal -0.729885 -0.68357 0
    outer loop
      vertex 2.44348 2.14287 0
      vertex 2.2981 2.2981 3.3
      vertex 2.2981 2.2981 0
    endloop
  endfacet
  facet normal -0.729885 -0.68357 0
    outer loop
      vertex 2.2981 2.2981 3.3
      vertex 2.44348 2.14287 0
      vertex 2.44348 2.14287 3.3
    endloop
  endfacet
  facet normal -0.881907 -0.471423 0
    outer loop
      vertex 2.91484 1.43744 0
      vertex 2.81458 1.625 3.3
      vertex 2.81458 1.625 0
    endloop
  endfacet
  facet normal -0.881907 -0.471423 0
    outer loop
      vertex 2.81458 1.625 3.3
      vertex 2.91484 1.43744 0
      vertex 2.91484 1.43744 3.3
    endloop
  endfacet
  facet normal -0.849211 -0.528053 0
    outer loop
      vertex 2.81458 1.625 0
      vertex 2.70228 1.8056 3.3
      vertex 2.70228 1.8056 0
    endloop
  endfacet
  facet normal -0.849211 -0.528053 0
    outer loop
      vertex 2.70228 1.8056 3.3
      vertex 2.81458 1.625 0
      vertex 2.81458 1.625 3.3
    endloop
  endfacet
  facet normal -0.0327262 -0.999464 0
    outer loop
      vertex 0 3.25 0
      vertex 0.21256 3.24304 3.3
      vertex 0 3.25 3.3
    endloop
  endfacet
  facet normal -0.0327262 -0.999464 -0
    outer loop
      vertex 0.21256 3.24304 3.3
      vertex 0 3.25 0
      vertex 0.21256 3.24304 0
    endloop
  endfacet
  facet normal -0.2903 -0.956936 0
    outer loop
      vertex 0.841162 3.13926 0
      vertex 1.04468 3.07752 3.3
      vertex 0.841162 3.13926 3.3
    endloop
  endfacet
  facet normal -0.2903 -0.956936 -0
    outer loop
      vertex 1.04468 3.07752 3.3
      vertex 0.841162 3.13926 0
      vertex 1.04468 3.07752 0
    endloop
  endfacet
  facet normal -0.528053 -0.849211 0
    outer loop
      vertex 1.625 2.81458 0
      vertex 1.8056 2.70228 3.3
      vertex 1.625 2.81458 3.3
    endloop
  endfacet
  facet normal -0.528053 -0.849211 -0
    outer loop
      vertex 1.8056 2.70228 3.3
      vertex 1.625 2.81458 0
      vertex 1.8056 2.70228 0
    endloop
  endfacet
  facet normal -0.68357 -0.729885 0
    outer loop
      vertex 2.14287 2.44348 0
      vertex 2.2981 2.2981 3.3
      vertex 2.14287 2.44348 3.3
    endloop
  endfacet
  facet normal -0.68357 -0.729885 -0
    outer loop
      vertex 2.2981 2.2981 3.3
      vertex 2.14287 2.44348 0
      vertex 2.2981 2.2981 0
    endloop
  endfacet
  facet normal 0.999464 -0.0327262 0
    outer loop
      vertex -3.25 0 3.3
      vertex -3.24304 0.21256 0
      vertex -3.24304 0.21256 3.3
    endloop
  endfacet
  facet normal 0.999464 -0.0327262 0
    outer loop
      vertex -3.24304 0.21256 0
      vertex -3.25 0 3.3
      vertex -3.25 0 0
    endloop
  endfacet
  facet normal 0.729885 -0.68357 0
    outer loop
      vertex -2.44348 2.14287 3.3
      vertex -2.2981 2.2981 0
      vertex -2.2981 2.2981 3.3
    endloop
  endfacet
  facet normal 0.729885 -0.68357 0
    outer loop
      vertex -2.2981 2.2981 0
      vertex -2.44348 2.14287 3.3
      vertex -2.44348 2.14287 0
    endloop
  endfacet
  facet normal 0.77301 -0.634394 0
    outer loop
      vertex -2.5784 1.97847 3.3
      vertex -2.44348 2.14287 0
      vertex -2.44348 2.14287 3.3
    endloop
  endfacet
  facet normal 0.77301 -0.634394 0
    outer loop
      vertex -2.44348 2.14287 0
      vertex -2.5784 1.97847 3.3
      vertex -2.5784 1.97847 0
    endloop
  endfacet
  facet normal 0.881907 -0.471423 0
    outer loop
      vertex -2.91484 1.43744 3.3
      vertex -2.81458 1.625 0
      vertex -2.81458 1.625 3.3
    endloop
  endfacet
  facet normal 0.881907 -0.471423 0
    outer loop
      vertex -2.81458 1.625 0
      vertex -2.91484 1.43744 3.3
      vertex -2.91484 1.43744 0
    endloop
  endfacet
  facet normal 0.935911 -0.352236 0
    outer loop
      vertex -3.07752 1.04468 3.3
      vertex -3.00261 1.24372 0
      vertex -3.00261 1.24372 3.3
    endloop
  endfacet
  facet normal 0.935911 -0.352236 0
    outer loop
      vertex -3.00261 1.24372 0
      vertex -3.07752 1.04468 3.3
      vertex -3.07752 1.04468 0
    endloop
  endfacet
  facet normal 0.956936 -0.2903 0
    outer loop
      vertex -3.13926 0.841162 3.3
      vertex -3.07752 1.04468 0
      vertex -3.07752 1.04468 3.3
    endloop
  endfacet
  facet normal 0.956936 -0.2903 0
    outer loop
      vertex -3.07752 1.04468 0
      vertex -3.13926 0.841162 3.3
      vertex -3.13926 0.841162 0
    endloop
  endfacet
  facet normal 0.68357 -0.729885 0
    outer loop
      vertex -2.2981 2.2981 0
      vertex -2.14287 2.44348 3.3
      vertex -2.2981 2.2981 3.3
    endloop
  endfacet
  facet normal 0.68357 -0.729885 0
    outer loop
      vertex -2.14287 2.44348 3.3
      vertex -2.2981 2.2981 0
      vertex -2.14287 2.44348 0
    endloop
  endfacet
  facet normal 0.471423 -0.881907 0
    outer loop
      vertex -1.625 2.81458 0
      vertex -1.43744 2.91484 3.3
      vertex -1.625 2.81458 3.3
    endloop
  endfacet
  facet normal 0.471423 -0.881907 0
    outer loop
      vertex -1.43744 2.91484 3.3
      vertex -1.625 2.81458 0
      vertex -1.43744 2.91484 0
    endloop
  endfacet
  facet normal 0.352236 -0.935911 0
    outer loop
      vertex -1.24372 3.00261 0
      vertex -1.04468 3.07752 3.3
      vertex -1.24372 3.00261 3.3
    endloop
  endfacet
  facet normal 0.352236 -0.935911 0
    outer loop
      vertex -1.04468 3.07752 3.3
      vertex -1.24372 3.00261 0
      vertex -1.04468 3.07752 0
    endloop
  endfacet
  facet normal 0.0327262 -0.999464 0
    outer loop
      vertex -0.21256 3.24304 0
      vertex 0 3.25 3.3
      vertex -0.21256 3.24304 3.3
    endloop
  endfacet
  facet normal 0.0327262 -0.999464 0
    outer loop
      vertex 0 3.25 3.3
      vertex -0.21256 3.24304 0
      vertex 0 3.25 0
    endloop
  endfacet
  facet normal -0.995187 0.0979906 0
    outer loop
      vertex 3.2222 -0.42421 0
      vertex 3.24304 -0.21256 3.3
      vertex 3.24304 -0.21256 0
    endloop
  endfacet
  facet normal -0.995187 0.0979906 0
    outer loop
      vertex 3.24304 -0.21256 3.3
      vertex 3.2222 -0.42421 0
      vertex 3.2222 -0.42421 3.3
    endloop
  endfacet
  facet normal -0.0327262 0.999464 0
    outer loop
      vertex 0.21256 -3.24304 0
      vertex 0 -3.25 3.3
      vertex 0.21256 -3.24304 3.3
    endloop
  endfacet
  facet normal -0.0327262 0.999464 0
    outer loop
      vertex 0 -3.25 3.3
      vertex 0.21256 -3.24304 0
      vertex 0 -3.25 0
    endloop
  endfacet
  facet normal -0.0979906 0.995187 0
    outer loop
      vertex 0.42421 -3.2222 0
      vertex 0.21256 -3.24304 3.3
      vertex 0.42421 -3.2222 3.3
    endloop
  endfacet
  facet normal -0.0979906 0.995187 0
    outer loop
      vertex 0.21256 -3.24304 3.3
      vertex 0.42421 -3.2222 0
      vertex 0.21256 -3.24304 0
    endloop
  endfacet
  facet normal -0.2903 0.956936 0
    outer loop
      vertex 1.04468 -3.07752 0
      vertex 0.841162 -3.13926 3.3
      vertex 1.04468 -3.07752 3.3
    endloop
  endfacet
  facet normal -0.2903 0.956936 0
    outer loop
      vertex 0.841162 -3.13926 3.3
      vertex 1.04468 -3.07752 0
      vertex 0.841162 -3.13926 0
    endloop
  endfacet
  facet normal -0.352236 0.935911 0
    outer loop
      vertex 1.24372 -3.00261 0
      vertex 1.04468 -3.07752 3.3
      vertex 1.24372 -3.00261 3.3
    endloop
  endfacet
  facet normal -0.352236 0.935911 0
    outer loop
      vertex 1.04468 -3.07752 3.3
      vertex 1.24372 -3.00261 0
      vertex 1.04468 -3.07752 0
    endloop
  endfacet
  facet normal -0.68357 0.729885 0
    outer loop
      vertex 2.2981 -2.2981 0
      vertex 2.14287 -2.44348 3.3
      vertex 2.2981 -2.2981 3.3
    endloop
  endfacet
  facet normal -0.68357 0.729885 0
    outer loop
      vertex 2.14287 -2.44348 3.3
      vertex 2.2981 -2.2981 0
      vertex 2.14287 -2.44348 0
    endloop
  endfacet
  facet normal -0.471423 0.881907 0
    outer loop
      vertex 1.625 -2.81458 0
      vertex 1.43744 -2.91484 3.3
      vertex 1.625 -2.81458 3.3
    endloop
  endfacet
  facet normal -0.471423 0.881907 0
    outer loop
      vertex 1.43744 -2.91484 3.3
      vertex 1.625 -2.81458 0
      vertex 1.43744 -2.91484 0
    endloop
  endfacet
  facet normal -0.729885 0.68357 0
    outer loop
      vertex 2.2981 -2.2981 0
      vertex 2.44348 -2.14287 3.3
      vertex 2.44348 -2.14287 0
    endloop
  endfacet
  facet normal -0.729885 0.68357 0
    outer loop
      vertex 2.44348 -2.14287 3.3
      vertex 2.2981 -2.2981 0
      vertex 2.2981 -2.2981 3.3
    endloop
  endfacet
  facet normal -0.77301 0.634394 0
    outer loop
      vertex 2.44348 -2.14287 0
      vertex 2.5784 -1.97847 3.3
      vertex 2.5784 -1.97847 0
    endloop
  endfacet
  facet normal -0.77301 0.634394 0
    outer loop
      vertex 2.5784 -1.97847 3.3
      vertex 2.44348 -2.14287 0
      vertex 2.44348 -2.14287 3.3
    endloop
  endfacet
  facet normal -0.91087 0.412694 0
    outer loop
      vertex 2.91484 -1.43744 0
      vertex 3.00261 -1.24372 3.3
      vertex 3.00261 -1.24372 0
    endloop
  endfacet
  facet normal -0.91087 0.412694 0
    outer loop
      vertex 3.00261 -1.24372 3.3
      vertex 2.91484 -1.43744 0
      vertex 2.91484 -1.43744 3.3
    endloop
  endfacet
  facet normal -0.935911 0.352236 0
    outer loop
      vertex 3.00261 -1.24372 0
      vertex 3.07752 -1.04468 3.3
      vertex 3.07752 -1.04468 0
    endloop
  endfacet
  facet normal -0.935911 0.352236 0
    outer loop
      vertex 3.07752 -1.04468 3.3
      vertex 3.00261 -1.24372 0
      vertex 3.00261 -1.24372 3.3
    endloop
  endfacet
  facet normal -0.956936 0.2903 0
    outer loop
      vertex 3.07752 -1.04468 0
      vertex 3.13926 -0.841162 3.3
      vertex 3.13926 -0.841162 0
    endloop
  endfacet
  facet normal -0.956936 0.2903 0
    outer loop
      vertex 3.13926 -0.841162 3.3
      vertex 3.07752 -1.04468 0
      vertex 3.07752 -1.04468 3.3
    endloop
  endfacet
  facet normal 0.0327262 0.999464 -0
    outer loop
      vertex 0 -3.25 0
      vertex -0.21256 -3.24304 3.3
      vertex 0 -3.25 3.3
    endloop
  endfacet
  facet normal 0.0327262 0.999464 0
    outer loop
      vertex -0.21256 -3.24304 3.3
      vertex 0 -3.25 0
      vertex -0.21256 -3.24304 0
    endloop
  endfacet
  facet normal 0.68357 0.729885 -0
    outer loop
      vertex -2.14287 -2.44348 0
      vertex -2.2981 -2.2981 3.3
      vertex -2.14287 -2.44348 3.3
    endloop
  endfacet
  facet normal 0.68357 0.729885 0
    outer loop
      vertex -2.2981 -2.2981 3.3
      vertex -2.14287 -2.44348 0
      vertex -2.2981 -2.2981 0
    endloop
  endfacet
  facet normal 0.227061 0.97388 -0
    outer loop
      vertex -0.634043 -3.18755 0
      vertex -0.841162 -3.13926 3.3
      vertex -0.634043 -3.18755 3.3
    endloop
  endfacet
  facet normal 0.227061 0.97388 0
    outer loop
      vertex -0.841162 -3.13926 3.3
      vertex -0.634043 -3.18755 0
      vertex -0.841162 -3.13926 0
    endloop
  endfacet
  facet normal 0.528053 0.849211 -0
    outer loop
      vertex -1.625 -2.81458 0
      vertex -1.8056 -2.70228 3.3
      vertex -1.625 -2.81458 3.3
    endloop
  endfacet
  facet normal 0.528053 0.849211 0
    outer loop
      vertex -1.8056 -2.70228 3.3
      vertex -1.625 -2.81458 0
      vertex -1.8056 -2.70228 0
    endloop
  endfacet
  facet normal 0.412694 0.91087 -0
    outer loop
      vertex -1.24372 -3.00261 0
      vertex -1.43744 -2.91484 3.3
      vertex -1.24372 -3.00261 3.3
    endloop
  endfacet
  facet normal 0.412694 0.91087 0
    outer loop
      vertex -1.43744 -2.91484 3.3
      vertex -1.24372 -3.00261 0
      vertex -1.43744 -2.91484 0
    endloop
  endfacet
  facet normal 0.634394 0.77301 -0
    outer loop
      vertex -1.97847 -2.5784 0
      vertex -2.14287 -2.44348 3.3
      vertex -1.97847 -2.5784 3.3
    endloop
  endfacet
  facet normal 0.634394 0.77301 0
    outer loop
      vertex -2.14287 -2.44348 3.3
      vertex -1.97847 -2.5784 0
      vertex -2.14287 -2.44348 0
    endloop
  endfacet
  facet normal 0.729885 0.68357 0
    outer loop
      vertex -2.2981 -2.2981 3.3
      vertex -2.44348 -2.14287 0
      vertex -2.44348 -2.14287 3.3
    endloop
  endfacet
  facet normal 0.729885 0.68357 0
    outer loop
      vertex -2.44348 -2.14287 0
      vertex -2.2981 -2.2981 3.3
      vertex -2.2981 -2.2981 0
    endloop
  endfacet
  facet normal 0.881907 0.471423 0
    outer loop
      vertex -2.81458 -1.625 3.3
      vertex -2.91484 -1.43744 0
      vertex -2.91484 -1.43744 3.3
    endloop
  endfacet
  facet normal 0.881907 0.471423 0
    outer loop
      vertex -2.91484 -1.43744 0
      vertex -2.81458 -1.625 3.3
      vertex -2.81458 -1.625 0
    endloop
  endfacet
  facet normal 0.986638 0.162925 0
    outer loop
      vertex -3.18755 -0.634043 3.3
      vertex -3.2222 -0.42421 0
      vertex -3.2222 -0.42421 3.3
    endloop
  endfacet
  facet normal 0.986638 0.162925 0
    outer loop
      vertex -3.2222 -0.42421 0
      vertex -3.18755 -0.634043 3.3
      vertex -3.18755 -0.634043 0
    endloop
  endfacet
  facet normal 0.999464 0.0327262 0
    outer loop
      vertex -3.24304 -0.21256 3.3
      vertex -3.25 0 0
      vertex -3.25 0 3.3
    endloop
  endfacet
  facet normal 0.999464 0.0327262 0
    outer loop
      vertex -3.25 0 0
      vertex -3.24304 -0.21256 3.3
      vertex -3.24304 -0.21256 0
    endloop
  endfacet
  facet normal 0.956936 0.2903 0
    outer loop
      vertex -3.07752 -1.04468 3.3
      vertex -3.13926 -0.841162 0
      vertex -3.13926 -0.841162 3.3
    endloop
  endfacet
  facet normal 0.956936 0.2903 0
    outer loop
      vertex -3.13926 -0.841162 0
      vertex -3.07752 -1.04468 3.3
      vertex -3.07752 -1.04468 0
    endloop
  endfacet
  facet normal -0.97388 -0.227061 0
    outer loop
      vertex 3.18755 0.634043 0
      vertex 3.13926 0.841162 3.3
      vertex 3.13926 0.841162 0
    endloop
  endfacet
  facet normal -0.97388 -0.227061 0
    outer loop
      vertex 3.13926 0.841162 3.3
      vertex 3.18755 0.634043 0
      vertex 3.18755 0.634043 3.3
    endloop
  endfacet
  facet normal -0.986638 -0.162925 0
    outer loop
      vertex 3.2222 0.42421 0
      vertex 3.18755 0.634043 3.3
      vertex 3.18755 0.634043 0
    endloop
  endfacet
  facet normal -0.986638 -0.162925 0
    outer loop
      vertex 3.18755 0.634043 3.3
      vertex 3.2222 0.42421 0
      vertex 3.2222 0.42421 3.3
    endloop
  endfacet
  facet normal -0.995187 -0.0979906 0
    outer loop
      vertex 3.24304 0.21256 0
      vertex 3.2222 0.42421 3.3
      vertex 3.2222 0.42421 0
    endloop
  endfacet
  facet normal -0.995187 -0.0979906 0
    outer loop
      vertex 3.2222 0.42421 3.3
      vertex 3.24304 0.21256 0
      vertex 3.24304 0.21256 3.3
    endloop
  endfacet
  facet normal -0.77301 -0.634394 0
    outer loop
      vertex 2.5784 1.97847 0
      vertex 2.44348 2.14287 3.3
      vertex 2.44348 2.14287 0
    endloop
  endfacet
  facet normal -0.77301 -0.634394 0
    outer loop
      vertex 2.44348 2.14287 3.3
      vertex 2.5784 1.97847 0
      vertex 2.5784 1.97847 3.3
    endloop
  endfacet
  facet normal -0.0979906 -0.995187 0
    outer loop
      vertex 0.21256 3.24304 0
      vertex 0.42421 3.2222 3.3
      vertex 0.21256 3.24304 3.3
    endloop
  endfacet
  facet normal -0.0979906 -0.995187 -0
    outer loop
      vertex 0.42421 3.2222 3.3
      vertex 0.21256 3.24304 0
      vertex 0.42421 3.2222 0
    endloop
  endfacet
  facet normal -0.352236 -0.935911 0
    outer loop
      vertex 1.04468 3.07752 0
      vertex 1.24372 3.00261 3.3
      vertex 1.04468 3.07752 3.3
    endloop
  endfacet
  facet normal -0.352236 -0.935911 -0
    outer loop
      vertex 1.24372 3.00261 3.3
      vertex 1.04468 3.07752 0
      vertex 1.24372 3.00261 0
    endloop
  endfacet
  facet normal -0.999464 0.0327262 0
    outer loop
      vertex 3.24304 -0.21256 0
      vertex 3.25 0 3.3
      vertex 3.25 0 0
    endloop
  endfacet
  facet normal -0.999464 0.0327262 0
    outer loop
      vertex 3.25 0 3.3
      vertex 3.24304 -0.21256 0
      vertex 3.24304 -0.21256 3.3
    endloop
  endfacet
  facet normal -0.528053 0.849211 0
    outer loop
      vertex 1.8056 -2.70228 0
      vertex 1.625 -2.81458 3.3
      vertex 1.8056 -2.70228 3.3
    endloop
  endfacet
  facet normal -0.528053 0.849211 0
    outer loop
      vertex 1.625 -2.81458 3.3
      vertex 1.8056 -2.70228 0
      vertex 1.625 -2.81458 0
    endloop
  endfacet
  facet normal -0.881907 0.471423 0
    outer loop
      vertex 2.81458 -1.625 0
      vertex 2.91484 -1.43744 3.3
      vertex 2.91484 -1.43744 0
    endloop
  endfacet
  facet normal -0.881907 0.471423 0
    outer loop
      vertex 2.91484 -1.43744 3.3
      vertex 2.81458 -1.625 0
      vertex 2.81458 -1.625 3.3
    endloop
  endfacet
  facet normal -0.986638 0.162925 0
    outer loop
      vertex 3.18755 -0.634043 0
      vertex 3.2222 -0.42421 3.3
      vertex 3.2222 -0.42421 0
    endloop
  endfacet
  facet normal -0.986638 0.162925 0
    outer loop
      vertex 3.2222 -0.42421 3.3
      vertex 3.18755 -0.634043 0
      vertex 3.18755 -0.634043 3.3
    endloop
  endfacet
  facet normal 0.2903 0.956936 -0
    outer loop
      vertex -0.841162 -3.13926 0
      vertex -1.04468 -3.07752 3.3
      vertex -0.841162 -3.13926 3.3
    endloop
  endfacet
  facet normal 0.2903 0.956936 0
    outer loop
      vertex -1.04468 -3.07752 3.3
      vertex -0.841162 -3.13926 0
      vertex -1.04468 -3.07752 0
    endloop
  endfacet
  facet normal 0.471423 0.881907 -0
    outer loop
      vertex -1.43744 -2.91484 0
      vertex -1.625 -2.81458 3.3
      vertex -1.43744 -2.91484 3.3
    endloop
  endfacet
  facet normal 0.471423 0.881907 0
    outer loop
      vertex -1.625 -2.81458 3.3
      vertex -1.43744 -2.91484 0
      vertex -1.625 -2.81458 0
    endloop
  endfacet
  facet normal 0.995187 0.0979906 0
    outer loop
      vertex -3.2222 -0.42421 3.3
      vertex -3.24304 -0.21256 0
      vertex -3.24304 -0.21256 3.3
    endloop
  endfacet
  facet normal 0.995187 0.0979906 0
    outer loop
      vertex -3.24304 -0.21256 0
      vertex -3.2222 -0.42421 3.3
      vertex -3.2222 -0.42421 0
    endloop
  endfacet
  facet normal 0.935911 0.352236 0
    outer loop
      vertex -3.00261 -1.24372 3.3
      vertex -3.07752 -1.04468 0
      vertex -3.07752 -1.04468 3.3
    endloop
  endfacet
  facet normal 0.935911 0.352236 0
    outer loop
      vertex -3.07752 -1.04468 0
      vertex -3.00261 -1.24372 3.3
      vertex -3.00261 -1.24372 0
    endloop
  endfacet
  facet normal 0.683592 0.729865 -0
    outer loop
      vertex 7.07107 7.07107 0
      vertex 6.59346 7.5184 3.3
      vertex 7.07107 7.07107 3.3
    endloop
  endfacet
  facet normal 0.683592 0.729865 0
    outer loop
      vertex 6.59346 7.5184 3.3
      vertex 7.07107 7.07107 0
      vertex 6.59346 7.5184 0
    endloop
  endfacet
  facet normal -0.352242 0.935909 0
    outer loop
      vertex -3.21439 9.4693 0
      vertex -3.82683 9.2388 3.3
      vertex -3.21439 9.4693 3.3
    endloop
  endfacet
  facet normal -0.352242 0.935909 0
    outer loop
      vertex -3.82683 9.2388 3.3
      vertex -3.21439 9.4693 0
      vertex -3.82683 9.2388 0
    endloop
  endfacet
  facet normal -0.910865 0.412705 0
    outer loop
      vertex -9.2388 3.82683 0
      vertex -8.96873 4.42289 3.3
      vertex -8.96873 4.42289 0
    endloop
  endfacet
  facet normal -0.910865 0.412705 0
    outer loop
      vertex -8.96873 4.42289 3.3
      vertex -9.2388 3.82683 0
      vertex -9.2388 3.82683 3.3
    endloop
  endfacet
  facet normal 0.995185 -0.0980164 0
    outer loop
      vertex 9.91445 -1.30526 3.3
      vertex 9.97859 -0.654031 0
      vertex 9.97859 -0.654031 3.3
    endloop
  endfacet
  facet normal 0.995185 -0.0980164 0
    outer loop
      vertex 9.97859 -0.654031 0
      vertex 9.91445 -1.30526 3.3
      vertex 9.91445 -1.30526 0
    endloop
  endfacet
  facet normal 0.935909 0.352242 0
    outer loop
      vertex 9.4693 3.21439 3.3
      vertex 9.2388 3.82683 0
      vertex 9.2388 3.82683 3.3
    endloop
  endfacet
  facet normal 0.935909 0.352242 0
    outer loop
      vertex 9.2388 3.82683 0
      vertex 9.4693 3.21439 3.3
      vertex 9.4693 3.21439 0
    endloop
  endfacet
  facet normal 0.910865 0.412705 0
    outer loop
      vertex 9.2388 3.82683 3.3
      vertex 8.96873 4.42289 0
      vertex 8.96873 4.42289 3.3
    endloop
  endfacet
  facet normal 0.910865 0.412705 0
    outer loop
      vertex 8.96873 4.42289 0
      vertex 9.2388 3.82683 3.3
      vertex 9.2388 3.82683 0
    endloop
  endfacet
  facet normal 0.412705 0.910865 -0
    outer loop
      vertex 4.42289 8.96873 0
      vertex 3.82683 9.2388 3.3
      vertex 4.42289 8.96873 3.3
    endloop
  endfacet
  facet normal 0.412705 0.910865 0
    outer loop
      vertex 3.82683 9.2388 3.3
      vertex 4.42289 8.96873 0
      vertex 3.82683 9.2388 0
    endloop
  endfacet
  facet normal -0.729865 0.683592 0
    outer loop
      vertex -7.5184 6.59346 0
      vertex -7.07107 7.07107 3.3
      vertex -7.07107 7.07107 0
    endloop
  endfacet
  facet normal -0.729865 0.683592 0
    outer loop
      vertex -7.07107 7.07107 3.3
      vertex -7.5184 6.59346 0
      vertex -7.5184 6.59346 3.3
    endloop
  endfacet
  facet normal -0.162902 0.986642 0
    outer loop
      vertex -1.30526 9.91445 0
      vertex -1.9509 9.80785 3.3
      vertex -1.30526 9.91445 3.3
    endloop
  endfacet
  facet normal -0.162902 0.986642 0
    outer loop
      vertex -1.9509 9.80785 3.3
      vertex -1.30526 9.91445 0
      vertex -1.9509 9.80785 0
    endloop
  endfacet
  facet normal 0.935909 -0.352242 0
    outer loop
      vertex 9.2388 -3.82683 3.3
      vertex 9.4693 -3.21439 0
      vertex 9.4693 -3.21439 3.3
    endloop
  endfacet
  facet normal 0.935909 -0.352242 0
    outer loop
      vertex 9.4693 -3.21439 0
      vertex 9.2388 -3.82683 3.3
      vertex 9.2388 -3.82683 0
    endloop
  endfacet
  facet normal -0.683592 -0.729865 0
    outer loop
      vertex -7.07107 -7.07107 0
      vertex -6.59346 -7.5184 3.3
      vertex -7.07107 -7.07107 3.3
    endloop
  endfacet
  facet normal -0.683592 -0.729865 -0
    outer loop
      vertex -6.59346 -7.5184 3.3
      vertex -7.07107 -7.07107 0
      vertex -6.59346 -7.5184 0
    endloop
  endfacet
  facet normal 0 0 -1
    outer loop
      vertex -5.52016 0.729775 0
      vertex -3.13926 0.841162 0
      vertex -5.4756 0.631427 0
    endloop
  endfacet
  facet normal -0 0 -1
    outer loop
      vertex -3.13926 0.841162 0
      vertex -5.52016 0.729775 0
      vertex -3.07752 1.04468 0
    endloop
  endfacet
  facet normal 0 0 -1
    outer loop
      vertex -5.57106 0.825 0
      vertex -3.07752 1.04468 0
      vertex -5.52016 0.729775 0
    endloop
  endfacet
  facet normal 0 0 -1
    outer loop
      vertex -5.62807 0.916691 0
      vertex -3.07752 1.04468 0
      vertex -5.57106 0.825 0
    endloop
  endfacet
  facet normal -0 0 -1
    outer loop
      vertex -3.07752 1.04468 0
      vertex -5.62807 0.916691 0
      vertex -3.00261 1.24372 0
    endloop
  endfacet
  facet normal 0 0 -1
    outer loop
      vertex -5.69097 1.00446 0
      vertex -3.00261 1.24372 0
      vertex -5.62807 0.916691 0
    endloop
  endfacet
  facet normal -0 0 -1
    outer loop
      vertex -3.00261 1.24372 0
      vertex -5.69097 1.00446 0
      vertex -2.91484 1.43744 0
    endloop
  endfacet
  facet normal 0 0 -1
    outer loop
      vertex -5.75946 1.08792 0
      vertex -2.91484 1.43744 0
      vertex -5.69097 1.00446 0
    endloop
  endfacet
  facet normal 0 0 -1
    outer loop
      vertex -5.83327 1.16673 0
      vertex -2.91484 1.43744 0
      vertex -5.75946 1.08792 0
    endloop
  endfacet
  facet normal -0 0 -1
    outer loop
      vertex -2.91484 1.43744 0
      vertex -5.83327 1.16673 0
      vertex -2.81458 1.625 0
    endloop
  endfacet
  facet normal 0 0 -1
    outer loop
      vertex -5.91208 1.24053 0
      vertex -2.81458 1.625 0
      vertex -5.83327 1.16673 0
    endloop
  endfacet
  facet normal -0 0 -1
    outer loop
      vertex -2.81458 1.625 0
      vertex -5.91208 1.24053 0
      vertex -2.70228 1.8056 0
    endloop
  endfacet
  facet normal 0 0 -1
    outer loop
      vertex -5.99554 1.30903 0
      vertex -2.70228 1.8056 0
      vertex -5.91208 1.24053 0
    endloop
  endfacet
  facet normal 0 0 -1
    outer loop
      vertex -2.70228 1.8056 0
      vertex -5.5557 8.3147 0
      vertex -5 8.66025 0
    endloop
  endfacet
  facet normal 0 0 -1
    outer loop
      vertex -6.08331 1.37192 0
      vertex -2.70228 1.8056 0
      vertex -5.99554 1.30903 0
    endloop
  endfacet
  facet normal 0 0 -1
    outer loop
      vertex -6.175 1.42894 0
      vertex -2.70228 1.8056 0
      vertex -6.08331 1.37192 0
    endloop
  endfacet
  facet normal 0 0 -1
    outer loop
      vertex -2.70228 1.8056 0
      vertex -6.08761 7.93353 0
      vertex -5.5557 8.3147 0
    endloop
  endfacet
  facet normal 0 0 -1
    outer loop
      vertex -6.27022 1.47984 0
      vertex -2.70228 1.8056 0
      vertex -6.175 1.42894 0
    endloop
  endfacet
  facet normal -0 0 -1
    outer loop
      vertex -2.70228 1.8056 0
      vertex -6.27022 1.47984 0
      vertex -7.07107 7.07107 0
    endloop
  endfacet
  facet normal 0 0 -1
    outer loop
      vertex -7.5184 6.59346 0
      vertex -6.27022 1.47984 0
      vertex -6.36857 1.5244 0
    endloop
  endfacet
  facet normal 0 0 -1
    outer loop
      vertex -7.5184 6.59346 0
      vertex -6.36857 1.5244 0
      vertex -6.46962 1.56243 0
    endloop
  endfacet
  facet normal 0 0 -1
    outer loop
      vertex -7.93353 6.08761 0
      vertex -6.46962 1.56243 0
      vertex -6.57295 1.59378 0
    endloop
  endfacet
  facet normal 0 0 -1
    outer loop
      vertex -2.70228 1.8056 0
      vertex -6.59346 7.5184 0
      vertex -6.08761 7.93353 0
    endloop
  endfacet
  facet normal 0 0 -1
    outer loop
      vertex -8.3147 5.5557 0
      vertex -6.57295 1.59378 0
      vertex -6.6781 1.6183 0
    endloop
  endfacet
  facet normal 0 0 -1
    outer loop
      vertex -8.3147 5.5557 0
      vertex -6.6781 1.6183 0
      vertex -6.78463 1.63588 0
    endloop
  endfacet
  facet normal 0 0 -1
    outer loop
      vertex -8.66025 5 0
      vertex -6.78463 1.63588 0
      vertex -6.89208 1.64647 0
    endloop
  endfacet
  facet normal 0 0 -1
    outer loop
      vertex -8.66025 5 0
      vertex -6.89208 1.64647 0
      vertex -7 1.65 0
    endloop
  endfacet
  facet normal 0 0 -1
    outer loop
      vertex -2.70228 1.8056 0
      vertex -7.07107 7.07107 0
      vertex -6.59346 7.5184 0
    endloop
  endfacet
  facet normal 0 0 -1
    outer loop
      vertex -8.96873 4.42289 0
      vertex -7 1.65 0
      vertex -7.10791 1.64647 0
    endloop
  endfacet
  facet normal 0 0 -1
    outer loop
      vertex -8.96873 4.42289 0
      vertex -7.10791 1.64647 0
      vertex -7.21537 1.63588 0
    endloop
  endfacet
  facet normal 0 0 -1
    outer loop
      vertex -9.2388 3.82683 0
      vertex -7.21537 1.63588 0
      vertex -7.3219 1.6183 0
    endloop
  endfacet
  facet normal 0 0 -1
    outer loop
      vertex -9.2388 3.82683 0
      vertex -7.3219 1.6183 0
      vertex -7.42705 1.59378 0
    endloop
  endfacet
  facet normal 0 0 -1
    outer loop
      vertex -6.27022 1.47984 0
      vertex -7.5184 6.59346 0
      vertex -7.07107 7.07107 0
    endloop
  endfacet
  facet normal 0 0 -1
    outer loop
      vertex -9.2388 3.82683 0
      vertex -7.42705 1.59378 0
      vertex -7.53037 1.56243 0
    endloop
  endfacet
  facet normal 0 0 -1
    outer loop
      vertex -9.4693 3.21439 0
      vertex -7.53037 1.56243 0
      vertex -7.63143 1.5244 0
    endloop
  endfacet
  facet normal 0 0 -1
    outer loop
      vertex -9.4693 3.21439 0
      vertex -7.63143 1.5244 0
      vertex -7.72978 1.47984 0
    endloop
  endfacet
  facet normal 0 0 -1
    outer loop
      vertex -9.4693 3.21439 0
      vertex -7.72978 1.47984 0
      vertex -7.825 1.42894 0
    endloop
  endfacet
  facet normal 0 0 -1
    outer loop
      vertex -9.65926 2.58819 0
      vertex -7.825 1.42894 0
      vertex -7.91669 1.37192 0
    endloop
  endfacet
  facet normal 0 0 -1
    outer loop
      vertex -6.46962 1.56243 0
      vertex -7.93353 6.08761 0
      vertex -7.5184 6.59346 0
    endloop
  endfacet
  facet normal 0 0 -1
    outer loop
      vertex -9.65926 2.58819 0
      vertex -7.91669 1.37192 0
      vertex -8.00446 1.30903 0
    endloop
  endfacet
  facet normal 0 0 -1
    outer loop
      vertex -9.65926 2.58819 0
      vertex -8.00446 1.30903 0
      vertex -8.08792 1.24053 0
    endloop
  endfacet
  facet normal 0 0 -1
    outer loop
      vertex -9.80785 1.9509 0
      vertex -8.08792 1.24053 0
      vertex -8.16673 1.16673 0
    endloop
  endfacet
  facet normal 0 0 -1
    outer loop
      vertex -9.80785 1.9509 0
      vertex -8.16673 1.16673 0
      vertex -8.24053 1.08792 0
    endloop
  endfacet
  facet normal 0 0 -1
    outer loop
      vertex -9.80785 1.9509 0
      vertex -8.24053 1.08792 0
      vertex -8.30903 1.00446 0
    endloop
  endfacet
  facet normal 0 0 -1
    outer loop
      vertex -6.57295 1.59378 0
      vertex -8.3147 5.5557 0
      vertex -7.93353 6.08761 0
    endloop
  endfacet
  facet normal 0 0 -1
    outer loop
      vertex -9.91445 1.30526 0
      vertex -8.30903 1.00446 0
      vertex -8.37192 0.916691 0
    endloop
  endfacet
  facet normal 0 0 -1
    outer loop
      vertex -9.91445 1.30526 0
      vertex -8.37192 0.916691 0
      vertex -8.42894 0.825 0
    endloop
  endfacet
  facet normal 0 0 -1
    outer loop
      vertex -9.91445 1.30526 0
      vertex -8.42894 0.825 0
      vertex -8.47984 0.729775 0
    endloop
  endfacet
  facet normal 0 0 -1
    outer loop
      vertex -9.91445 1.30526 0
      vertex -8.47984 0.729775 0
      vertex -8.5244 0.631427 0
    endloop
  endfacet
  facet normal 0 0 -1
    outer loop
      vertex -9.97859 0.654031 0
      vertex -8.5244 0.631427 0
      vertex -8.56243 0.530375 0
    endloop
  endfacet
  facet normal 0 0 -1
    outer loop
      vertex -9.97859 0.654031 0
      vertex -8.56243 0.530375 0
      vertex -8.59378 0.427051 0
    endloop
  endfacet
  facet normal 0 0 -1
    outer loop
      vertex -9.97859 0.654031 0
      vertex -8.59378 0.427051 0
      vertex -8.6183 0.321898 0
    endloop
  endfacet
  facet normal 0 0 -1
    outer loop
      vertex -9.97859 0.654031 0
      vertex -8.6183 0.321898 0
      vertex -8.63588 0.215367 0
    endloop
  endfacet
  facet normal 0 0 -1
    outer loop
      vertex -10 0 0
      vertex -8.63588 0.215367 0
      vertex -8.64647 0.107915 0
    endloop
  endfacet
  facet normal 0 0 -1
    outer loop
      vertex -6.78463 1.63588 0
      vertex -8.66025 5 0
      vertex -8.3147 5.5557 0
    endloop
  endfacet
  facet normal 0 0 -1
    outer loop
      vertex -10 0 0
      vertex -8.64647 0.107915 0
      vertex -8.65 0 0
    endloop
  endfacet
  facet normal 0 0 -1
    outer loop
      vertex -9.97859 -0.654031 0
      vertex -8.5244 -0.631427 0
      vertex -9.91445 -1.30526 0
    endloop
  endfacet
  facet normal -0 0 -1
    outer loop
      vertex -8.5244 -0.631427 0
      vertex -9.97859 -0.654031 0
      vertex -8.56243 -0.530375 0
    endloop
  endfacet
  facet normal 0 0 -1
    outer loop
      vertex -7 1.65 0
      vertex -8.96873 4.42289 0
      vertex -8.66025 5 0
    endloop
  endfacet
  facet normal -0 0 -1
    outer loop
      vertex -8.56243 -0.530375 0
      vertex -9.97859 -0.654031 0
      vertex -8.59378 -0.427051 0
    endloop
  endfacet
  facet normal 0 0 -1
    outer loop
      vertex -7.21537 1.63588 0
      vertex -9.2388 3.82683 0
      vertex -8.96873 4.42289 0
    endloop
  endfacet
  facet normal -0 0 -1
    outer loop
      vertex -8.59378 -0.427051 0
      vertex -9.97859 -0.654031 0
      vertex -8.6183 -0.321898 0
    endloop
  endfacet
  facet normal 0 0 -1
    outer loop
      vertex -7.53037 1.56243 0
      vertex -9.4693 3.21439 0
      vertex -9.2388 3.82683 0
    endloop
  endfacet
  facet normal -0 0 -1
    outer loop
      vertex -8.6183 -0.321898 0
      vertex -9.97859 -0.654031 0
      vertex -8.63588 -0.215367 0
    endloop
  endfacet
  facet normal 0 0 -1
    outer loop
      vertex -7.825 1.42894 0
      vertex -9.65926 2.58819 0
      vertex -9.4693 3.21439 0
    endloop
  endfacet
  facet normal 0 0 -1
    outer loop
      vertex -10 0 0
      vertex -8.63588 -0.215367 0
      vertex -9.97859 -0.654031 0
    endloop
  endfacet
  facet normal 0 0 -1
    outer loop
      vertex -8.08792 1.24053 0
      vertex -9.80785 1.9509 0
      vertex -9.65926 2.58819 0
    endloop
  endfacet
  facet normal 0 0 -1
    outer loop
      vertex -8.63588 -0.215367 0
      vertex -10 0 0
      vertex -8.64647 -0.107915 0
    endloop
  endfacet
  facet normal 0 0 -1
    outer loop
      vertex -8.30903 1.00446 0
      vertex -9.91445 1.30526 0
      vertex -9.80785 1.9509 0
    endloop
  endfacet
  facet normal 0 0 -1
    outer loop
      vertex -8.64647 -0.107915 0
      vertex -10 0 0
      vertex -8.65 0 0
    endloop
  endfacet
  facet normal 0 0 -1
    outer loop
      vertex -8.5244 0.631427 0
      vertex -9.97859 0.654031 0
      vertex -9.91445 1.30526 0
    endloop
  endfacet
  facet normal -0 0 -1
    outer loop
      vertex -8.63588 0.215367 0
      vertex -10 0 0
      vertex -9.97859 0.654031 0
    endloop
  endfacet
  facet normal 0 0 -1
    outer loop
      vertex 5 8.66025 0
      vertex 1.64647 6.89208 0
      vertex 1.65 7 0
    endloop
  endfacet
  facet normal 0 0 -1
    outer loop
      vertex 1.97847 2.5784 0
      vertex 1.63588 6.78463 0
      vertex 1.64647 6.89208 0
    endloop
  endfacet
  facet normal 0 0 -1
    outer loop
      vertex 1.24053 5.91208 0
      vertex 1.8056 2.70228 0
      vertex 1.625 2.81458 0
    endloop
  endfacet
  facet normal 0 0 -1
    outer loop
      vertex 1.97847 2.5784 0
      vertex 1.6183 6.6781 0
      vertex 1.63588 6.78463 0
    endloop
  endfacet
  facet normal 0 0 -1
    outer loop
      vertex 1.97847 2.5784 0
      vertex 1.59378 6.57295 0
      vertex 1.6183 6.6781 0
    endloop
  endfacet
  facet normal 0 0 -1
    outer loop
      vertex 1.97847 2.5784 0
      vertex 1.56243 6.46962 0
      vertex 1.59378 6.57295 0
    endloop
  endfacet
  facet normal 0 0 -1
    outer loop
      vertex 1.97847 2.5784 0
      vertex 1.5244 6.36857 0
      vertex 1.56243 6.46962 0
    endloop
  endfacet
  facet normal 0 0 -1
    outer loop
      vertex 1.97847 2.5784 0
      vertex 1.47984 6.27022 0
      vertex 1.5244 6.36857 0
    endloop
  endfacet
  facet normal 0 0 -1
    outer loop
      vertex 1.16673 5.83327 0
      vertex 1.625 2.81458 0
      vertex 1.43744 2.91484 0
    endloop
  endfacet
  facet normal 0 0 -1
    outer loop
      vertex 1.97847 2.5784 0
      vertex 1.42894 6.175 0
      vertex 1.47984 6.27022 0
    endloop
  endfacet
  facet normal 0 0 -1
    outer loop
      vertex 1.97847 2.5784 0
      vertex 1.37192 6.08331 0
      vertex 1.42894 6.175 0
    endloop
  endfacet
  facet normal 0 0 -1
    outer loop
      vertex 1.8056 2.70228 0
      vertex 1.30903 5.99554 0
      vertex 1.37192 6.08331 0
    endloop
  endfacet
  facet normal 0 0 -1
    outer loop
      vertex 1.00446 5.69097 0
      vertex 1.43744 2.91484 0
      vertex 1.24372 3.00261 0
    endloop
  endfacet
  facet normal 0 0 -1
    outer loop
      vertex 1.8056 2.70228 0
      vertex 1.24053 5.91208 0
      vertex 1.30903 5.99554 0
    endloop
  endfacet
  facet normal 0 0 -1
    outer loop
      vertex 1.625 2.81458 0
      vertex 1.16673 5.83327 0
      vertex 1.24053 5.91208 0
    endloop
  endfacet
  facet normal 0 0 -1
    outer loop
      vertex 1.43744 2.91484 0
      vertex 1.08792 5.75946 0
      vertex 1.16673 5.83327 0
    endloop
  endfacet
  facet normal 0 0 -1
    outer loop
      vertex 0.916691 5.62807 0
      vertex 1.24372 3.00261 0
      vertex 1.04468 3.07752 0
    endloop
  endfacet
  facet normal 0 0 -1
    outer loop
      vertex 1.43744 2.91484 0
      vertex 1.00446 5.69097 0
      vertex 1.08792 5.75946 0
    endloop
  endfacet
  facet normal 0 0 -1
    outer loop
      vertex 1.24372 3.00261 0
      vertex 0.916691 5.62807 0
      vertex 1.00446 5.69097 0
    endloop
  endfacet
  facet normal 0 0 -1
    outer loop
      vertex 0.729775 5.52016 0
      vertex 1.04468 3.07752 0
      vertex 0.841162 3.13926 0
    endloop
  endfacet
  facet normal 0 0 -1
    outer loop
      vertex 1.04468 3.07752 0
      vertex 0.825 5.57106 0
      vertex 0.916691 5.62807 0
    endloop
  endfacet
  facet normal 0 0 -1
    outer loop
      vertex 1.04468 3.07752 0
      vertex 0.729775 5.52016 0
      vertex 0.825 5.57106 0
    endloop
  endfacet
  facet normal 0 0 -1
    outer loop
      vertex 0.631427 5.4756 0
      vertex 0.841162 3.13926 0
      vertex 0.634043 3.18755 0
    endloop
  endfacet
  facet normal 0 0 -1
    outer loop
      vertex 0.841162 3.13926 0
      vertex 0.631427 5.4756 0
      vertex 0.729775 5.52016 0
    endloop
  endfacet
  facet normal 0 0 -1
    outer loop
      vertex 0.634043 3.18755 0
      vertex 0.530375 5.43756 0
      vertex 0.631427 5.4756 0
    endloop
  endfacet
  facet normal 0 0 -1
    outer loop
      vertex 0.634043 3.18755 0
      vertex 0.427051 5.40622 0
      vertex 0.530375 5.43756 0
    endloop
  endfacet
  facet normal 0 0 -1
    outer loop
      vertex 0.42421 3.2222 0
      vertex 0.427051 5.40622 0
      vertex 0.634043 3.18755 0
    endloop
  endfacet
  facet normal 0 0 -1
    outer loop
      vertex 0.42421 3.2222 0
      vertex 0.321898 5.3817 0
      vertex 0.427051 5.40622 0
    endloop
  endfacet
  facet normal 0 0 -1
    outer loop
      vertex 0.42421 3.2222 0
      vertex 0.215367 5.36412 0
      vertex 0.321898 5.3817 0
    endloop
  endfacet
  facet normal 0 0 -1
    outer loop
      vertex 0.21256 3.24304 0
      vertex 0.215367 5.36412 0
      vertex 0.42421 3.2222 0
    endloop
  endfacet
  facet normal 0 0 -1
    outer loop
      vertex 0.21256 3.24304 0
      vertex 0.107915 5.35353 0
      vertex 0.215367 5.36412 0
    endloop
  endfacet
  facet normal 0 0 -1
    outer loop
      vertex 0 3.25 0
      vertex 0.107915 5.35353 0
      vertex 0.21256 3.24304 0
    endloop
  endfacet
  facet normal 0 0 -1
    outer loop
      vertex 0 3.25 0
      vertex 0 5.35 0
      vertex 0.107915 5.35353 0
    endloop
  endfacet
  facet normal 0 0 -1
    outer loop
      vertex 0 3.25 0
      vertex -0.107915 5.35353 0
      vertex 0 5.35 0
    endloop
  endfacet
  facet normal 0 0 -1
    outer loop
      vertex -0.21256 3.24304 0
      vertex -0.107915 5.35353 0
      vertex 0 3.25 0
    endloop
  endfacet
  facet normal 0 0 -1
    outer loop
      vertex -0.21256 3.24304 0
      vertex -0.215367 5.36412 0
      vertex -0.107915 5.35353 0
    endloop
  endfacet
  facet normal 0 0 -1
    outer loop
      vertex -0.42421 3.2222 0
      vertex -0.215367 5.36412 0
      vertex -0.21256 3.24304 0
    endloop
  endfacet
  facet normal -0 0 -1
    outer loop
      vertex -0.215367 5.36412 0
      vertex -0.42421 3.2222 0
      vertex -0.321898 5.3817 0
    endloop
  endfacet
  facet normal 0 0 -1
    outer loop
      vertex -0.42421 3.2222 0
      vertex -0.427051 5.40622 0
      vertex -0.321898 5.3817 0
    endloop
  endfacet
  facet normal 0 0 -1
    outer loop
      vertex -0.634043 3.18755 0
      vertex -0.427051 5.40622 0
      vertex -0.42421 3.2222 0
    endloop
  endfacet
  facet normal -0 0 -1
    outer loop
      vertex -0.427051 5.40622 0
      vertex -0.634043 3.18755 0
      vertex -0.530375 5.43756 0
    endloop
  endfacet
  facet normal -0 0 -1
    outer loop
      vertex -0.530375 5.43756 0
      vertex -0.634043 3.18755 0
      vertex -0.631427 5.4756 0
    endloop
  endfacet
  facet normal 0 0 -1
    outer loop
      vertex -0.841162 3.13926 0
      vertex -0.631427 5.4756 0
      vertex -0.634043 3.18755 0
    endloop
  endfacet
  facet normal -0 0 -1
    outer loop
      vertex -0.631427 5.4756 0
      vertex -0.841162 3.13926 0
      vertex -0.729775 5.52016 0
    endloop
  endfacet
  facet normal 0 0 -1
    outer loop
      vertex -1.04468 3.07752 0
      vertex -0.729775 5.52016 0
      vertex -0.841162 3.13926 0
    endloop
  endfacet
  facet normal -0 0 -1
    outer loop
      vertex -0.729775 5.52016 0
      vertex -1.04468 3.07752 0
      vertex -0.825 5.57106 0
    endloop
  endfacet
  facet normal -0 0 -1
    outer loop
      vertex -0.825 5.57106 0
      vertex -1.04468 3.07752 0
      vertex -0.916691 5.62807 0
    endloop
  endfacet
  facet normal 0 0 -1
    outer loop
      vertex -1.24372 3.00261 0
      vertex -0.916691 5.62807 0
      vertex -1.04468 3.07752 0
    endloop
  endfacet
  facet normal -0 0 -1
    outer loop
      vertex -0.916691 5.62807 0
      vertex -1.24372 3.00261 0
      vertex -1.00446 5.69097 0
    endloop
  endfacet
  facet normal 0 0 -1
    outer loop
      vertex -1.43744 2.91484 0
      vertex -1.00446 5.69097 0
      vertex -1.24372 3.00261 0
    endloop
  endfacet
  facet normal -0 0 -1
    outer loop
      vertex -1.00446 5.69097 0
      vertex -1.43744 2.91484 0
      vertex -1.08792 5.75946 0
    endloop
  endfacet
  facet normal -0 0 -1
    outer loop
      vertex -1.08792 5.75946 0
      vertex -1.43744 2.91484 0
      vertex -1.16673 5.83327 0
    endloop
  endfacet
  facet normal 0 0 -1
    outer loop
      vertex -1.625 2.81458 0
      vertex -1.16673 5.83327 0
      vertex -1.43744 2.91484 0
    endloop
  endfacet
  facet normal -0 0 -1
    outer loop
      vertex -1.16673 5.83327 0
      vertex -1.625 2.81458 0
      vertex -1.24053 5.91208 0
    endloop
  endfacet
  facet normal 0 0 -1
    outer loop
      vertex -1.8056 2.70228 0
      vertex -1.24053 5.91208 0
      vertex -1.625 2.81458 0
    endloop
  endfacet
  facet normal -0 0 -1
    outer loop
      vertex -1.24053 5.91208 0
      vertex -1.8056 2.70228 0
      vertex -1.30903 5.99554 0
    endloop
  endfacet
  facet normal -0 0 -1
    outer loop
      vertex -1.30903 5.99554 0
      vertex -1.8056 2.70228 0
      vertex -1.37192 6.08331 0
    endloop
  endfacet
  facet normal 0 0 -1
    outer loop
      vertex -1.97847 2.5784 0
      vertex -1.37192 6.08331 0
      vertex -1.8056 2.70228 0
    endloop
  endfacet
  facet normal -0 0 -1
    outer loop
      vertex -1.37192 6.08331 0
      vertex -1.97847 2.5784 0
      vertex -1.42894 6.175 0
    endloop
  endfacet
  facet normal 0 0 -1
    outer loop
      vertex -2.14287 2.44348 0
      vertex -1.42894 6.175 0
      vertex -1.97847 2.5784 0
    endloop
  endfacet
  facet normal -0 0 -1
    outer loop
      vertex -1.42894 6.175 0
      vertex -2.14287 2.44348 0
      vertex -1.47984 6.27022 0
    endloop
  endfacet
  facet normal 0 0 -1
    outer loop
      vertex -2.2981 2.2981 0
      vertex -1.47984 6.27022 0
      vertex -2.14287 2.44348 0
    endloop
  endfacet
  facet normal -0 0 -1
    outer loop
      vertex -1.47984 6.27022 0
      vertex -2.2981 2.2981 0
      vertex -1.5244 6.36857 0
    endloop
  endfacet
  facet normal 0 0 -1
    outer loop
      vertex -5 8.66025 0
      vertex -1.5244 6.36857 0
      vertex -2.2981 2.2981 0
    endloop
  endfacet
  facet normal 0 0 -1
    outer loop
      vertex -1.5244 6.36857 0
      vertex -5 8.66025 0
      vertex -1.56243 6.46962 0
    endloop
  endfacet
  facet normal 0 0 -1
    outer loop
      vertex -1.56243 6.46962 0
      vertex -5 8.66025 0
      vertex -1.59378 6.57295 0
    endloop
  endfacet
  facet normal 0 0 -1
    outer loop
      vertex 5.99554 1.30903 0
      vertex 2.70228 1.8056 0
      vertex 6.08331 1.37192 0
    endloop
  endfacet
  facet normal 0 0 -1
    outer loop
      vertex 2.5784 1.97847 0
      vertex 6.08331 1.37192 0
      vertex 2.70228 1.8056 0
    endloop
  endfacet
  facet normal 0 0 -1
    outer loop
      vertex 6.08331 1.37192 0
      vertex 2.5784 1.97847 0
      vertex 6.175 1.42894 0
    endloop
  endfacet
  facet normal 0 0 -1
    outer loop
      vertex 2.44348 2.14287 0
      vertex 6.175 1.42894 0
      vertex 2.5784 1.97847 0
    endloop
  endfacet
  facet normal 0 0 -1
    outer loop
      vertex 6.175 1.42894 0
      vertex 2.44348 2.14287 0
      vertex 7.07107 7.07107 0
    endloop
  endfacet
  facet normal 0 0 -1
    outer loop
      vertex 2.2981 2.2981 0
      vertex 7.07107 7.07107 0
      vertex 2.44348 2.14287 0
    endloop
  endfacet
  facet normal -0 0 -1
    outer loop
      vertex 7.07107 7.07107 0
      vertex 2.2981 2.2981 0
      vertex 6.59346 7.5184 0
    endloop
  endfacet
  facet normal 0 0 -1
    outer loop
      vertex 2.14287 2.44348 0
      vertex 6.59346 7.5184 0
      vertex 2.2981 2.2981 0
    endloop
  endfacet
  facet normal 0 0 -1
    outer loop
      vertex 1.64647 6.89208 0
      vertex 6.59346 7.5184 0
      vertex 2.14287 2.44348 0
    endloop
  endfacet
  facet normal 0 0 -1
    outer loop
      vertex 1.64647 6.89208 0
      vertex 6.08761 7.93353 0
      vertex 6.59346 7.5184 0
    endloop
  endfacet
  facet normal 0 0 -1
    outer loop
      vertex 1.64647 6.89208 0
      vertex 5 8.66025 0
      vertex 5.5557 8.3147 0
    endloop
  endfacet
  facet normal 0 0 -1
    outer loop
      vertex 1.63588 7.21537 0
      vertex 4.42289 8.96873 0
      vertex 1.64647 7.10791 0
    endloop
  endfacet
  facet normal 0 0 -1
    outer loop
      vertex 1.64647 7.10791 0
      vertex 4.42289 8.96873 0
      vertex 1.65 7 0
    endloop
  endfacet
  facet normal -0 0 -1
    outer loop
      vertex 5 8.66025 0
      vertex 1.65 7 0
      vertex 4.42289 8.96873 0
    endloop
  endfacet
  facet normal 0 0 -1
    outer loop
      vertex 1.64647 6.89208 0
      vertex 5.5557 8.3147 0
      vertex 6.08761 7.93353 0
    endloop
  endfacet
  facet normal 0 0 -1
    outer loop
      vertex 1.64647 6.89208 0
      vertex 2.14287 2.44348 0
      vertex 1.97847 2.5784 0
    endloop
  endfacet
  facet normal -0 0 -1
    outer loop
      vertex 4.42289 8.96873 0
      vertex 1.63588 7.21537 0
      vertex 3.82683 9.2388 0
    endloop
  endfacet
  facet normal 0 0 -1
    outer loop
      vertex 1.37192 6.08331 0
      vertex 1.97847 2.5784 0
      vertex 1.8056 2.70228 0
    endloop
  endfacet
  facet normal 0 0 -1
    outer loop
      vertex 1.6183 7.3219 0
      vertex 3.82683 9.2388 0
      vertex 1.63588 7.21537 0
    endloop
  endfacet
  facet normal 0 0 -1
    outer loop
      vertex 1.59378 7.42705 0
      vertex 3.82683 9.2388 0
      vertex 1.6183 7.3219 0
    endloop
  endfacet
  facet normal 0 0 -1
    outer loop
      vertex 1.56243 7.53037 0
      vertex 3.82683 9.2388 0
      vertex 1.59378 7.42705 0
    endloop
  endfacet
  facet normal -0 0 -1
    outer loop
      vertex 3.82683 9.2388 0
      vertex 1.56243 7.53037 0
      vertex 3.21439 9.4693 0
    endloop
  endfacet
  facet normal 0 0 -1
    outer loop
      vertex 1.5244 7.63143 0
      vertex 3.21439 9.4693 0
      vertex 1.56243 7.53037 0
    endloop
  endfacet
  facet normal 0 0 -1
    outer loop
      vertex 1.47984 7.72978 0
      vertex 3.21439 9.4693 0
      vertex 1.5244 7.63143 0
    endloop
  endfacet
  facet normal 0 0 -1
    outer loop
      vertex 1.42894 7.825 0
      vertex 3.21439 9.4693 0
      vertex 1.47984 7.72978 0
    endloop
  endfacet
  facet normal -0 0 -1
    outer loop
      vertex 3.21439 9.4693 0
      vertex 1.42894 7.825 0
      vertex 2.58819 9.65926 0
    endloop
  endfacet
  facet normal 0 0 -1
    outer loop
      vertex 1.37192 7.91669 0
      vertex 2.58819 9.65926 0
      vertex 1.42894 7.825 0
    endloop
  endfacet
  facet normal 0 0 -1
    outer loop
      vertex 1.30903 8.00446 0
      vertex 2.58819 9.65926 0
      vertex 1.37192 7.91669 0
    endloop
  endfacet
  facet normal 0 0 -1
    outer loop
      vertex 1.24053 8.08792 0
      vertex 2.58819 9.65926 0
      vertex 1.30903 8.00446 0
    endloop
  endfacet
  facet normal -0 0 -1
    outer loop
      vertex 2.58819 9.65926 0
      vertex 1.24053 8.08792 0
      vertex 1.9509 9.80785 0
    endloop
  endfacet
  facet normal 0 0 -1
    outer loop
      vertex 1.16673 8.16673 0
      vertex 1.9509 9.80785 0
      vertex 1.24053 8.08792 0
    endloop
  endfacet
  facet normal 0 0 -1
    outer loop
      vertex 1.08792 8.24053 0
      vertex 1.9509 9.80785 0
      vertex 1.16673 8.16673 0
    endloop
  endfacet
  facet normal 0 0 -1
    outer loop
      vertex 1.00446 8.30903 0
      vertex 1.9509 9.80785 0
      vertex 1.08792 8.24053 0
    endloop
  endfacet
  facet normal -0 0 -1
    outer loop
      vertex 1.9509 9.80785 0
      vertex 1.00446 8.30903 0
      vertex 1.30526 9.91445 0
    endloop
  endfacet
  facet normal 0 0 -1
    outer loop
      vertex 0.916691 8.37192 0
      vertex 1.30526 9.91445 0
      vertex 1.00446 8.30903 0
    endloop
  endfacet
  facet normal 0 0 -1
    outer loop
      vertex 0.825 8.42894 0
      vertex 1.30526 9.91445 0
      vertex 0.916691 8.37192 0
    endloop
  endfacet
  facet normal 0 0 -1
    outer loop
      vertex 0.729775 8.47984 0
      vertex 1.30526 9.91445 0
      vertex 0.825 8.42894 0
    endloop
  endfacet
  facet normal 0 0 -1
    outer loop
      vertex 0.631427 8.5244 0
      vertex 1.30526 9.91445 0
      vertex 0.729775 8.47984 0
    endloop
  endfacet
  facet normal -0 0 -1
    outer loop
      vertex 1.30526 9.91445 0
      vertex 0.631427 8.5244 0
      vertex 0.654031 9.97859 0
    endloop
  endfacet
  facet normal 0 0 -1
    outer loop
      vertex 0.530375 8.56243 0
      vertex 0.654031 9.97859 0
      vertex 0.631427 8.5244 0
    endloop
  endfacet
  facet normal 0 0 -1
    outer loop
      vertex 0.427051 8.59378 0
      vertex 0.654031 9.97859 0
      vertex 0.530375 8.56243 0
    endloop
  endfacet
  facet normal 0 0 -1
    outer loop
      vertex 0.321898 8.6183 0
      vertex 0.654031 9.97859 0
      vertex 0.427051 8.59378 0
    endloop
  endfacet
  facet normal 0 0 -1
    outer loop
      vertex 0.215367 8.63588 0
      vertex 0.654031 9.97859 0
      vertex 0.321898 8.6183 0
    endloop
  endfacet
  facet normal 0 0 -1
    outer loop
      vertex 0 10 0
      vertex 0.215367 8.63588 0
      vertex 0.107915 8.64647 0
    endloop
  endfacet
  facet normal 0 0 -1
    outer loop
      vertex 0 10 0
      vertex 0.107915 8.64647 0
      vertex 0 8.65 0
    endloop
  endfacet
  facet normal 0 0 -1
    outer loop
      vertex 0.215367 8.63588 0
      vertex 0 10 0
      vertex 0.654031 9.97859 0
    endloop
  endfacet
  facet normal 0 0 -1
    outer loop
      vertex -0.107915 8.64647 0
      vertex 0 10 0
      vertex 0 8.65 0
    endloop
  endfacet
  facet normal 0 0 -1
    outer loop
      vertex -0.215367 8.63588 0
      vertex 0 10 0
      vertex -0.107915 8.64647 0
    endloop
  endfacet
  facet normal 0 0 -1
    outer loop
      vertex -0.654031 9.97859 0
      vertex -0.215367 8.63588 0
      vertex -0.321898 8.6183 0
    endloop
  endfacet
  facet normal 0 0 -1
    outer loop
      vertex -0.654031 9.97859 0
      vertex -0.321898 8.6183 0
      vertex -0.427051 8.59378 0
    endloop
  endfacet
  facet normal 0 0 -1
    outer loop
      vertex -0.654031 9.97859 0
      vertex -0.427051 8.59378 0
      vertex -0.530375 8.56243 0
    endloop
  endfacet
  facet normal 0 0 -1
    outer loop
      vertex -0.654031 9.97859 0
      vertex -0.530375 8.56243 0
      vertex -0.631427 8.5244 0
    endloop
  endfacet
  facet normal 0 0 -1
    outer loop
      vertex -0.215367 8.63588 0
      vertex -0.654031 9.97859 0
      vertex 0 10 0
    endloop
  endfacet
  facet normal 0 0 -1
    outer loop
      vertex -1.30526 9.91445 0
      vertex -0.631427 8.5244 0
      vertex -0.729775 8.47984 0
    endloop
  endfacet
  facet normal 0 0 -1
    outer loop
      vertex -1.30526 9.91445 0
      vertex -0.729775 8.47984 0
      vertex -0.825 8.42894 0
    endloop
  endfacet
  facet normal 0 0 -1
    outer loop
      vertex -1.30526 9.91445 0
      vertex -0.825 8.42894 0
      vertex -0.916691 8.37192 0
    endloop
  endfacet
  facet normal 0 0 -1
    outer loop
      vertex -1.30526 9.91445 0
      vertex -0.916691 8.37192 0
      vertex -1.00446 8.30903 0
    endloop
  endfacet
  facet normal 0 0 -1
    outer loop
      vertex -1.9509 9.80785 0
      vertex -1.00446 8.30903 0
      vertex -1.08792 8.24053 0
    endloop
  endfacet
  facet normal 0 0 -1
    outer loop
      vertex -1.9509 9.80785 0
      vertex -1.08792 8.24053 0
      vertex -1.16673 8.16673 0
    endloop
  endfacet
  facet normal 0 0 -1
    outer loop
      vertex -1.9509 9.80785 0
      vertex -1.16673 8.16673 0
      vertex -1.24053 8.08792 0
    endloop
  endfacet
  facet normal 0 0 -1
    outer loop
      vertex -0.631427 8.5244 0
      vertex -1.30526 9.91445 0
      vertex -0.654031 9.97859 0
    endloop
  endfacet
  facet normal 0 0 -1
    outer loop
      vertex -2.58819 9.65926 0
      vertex -1.24053 8.08792 0
      vertex -1.30903 8.00446 0
    endloop
  endfacet
  facet normal 0 0 -1
    outer loop
      vertex -2.58819 9.65926 0
      vertex -1.30903 8.00446 0
      vertex -1.37192 7.91669 0
    endloop
  endfacet
  facet normal 0 0 -1
    outer loop
      vertex -2.58819 9.65926 0
      vertex -1.37192 7.91669 0
      vertex -1.42894 7.825 0
    endloop
  endfacet
  facet normal 0 0 -1
    outer loop
      vertex -3.21439 9.4693 0
      vertex -1.42894 7.825 0
      vertex -1.47984 7.72978 0
    endloop
  endfacet
  facet normal 0 0 -1
    outer loop
      vertex -3.21439 9.4693 0
      vertex -1.47984 7.72978 0
      vertex -1.5244 7.63143 0
    endloop
  endfacet
  facet normal 0 0 -1
    outer loop
      vertex -3.21439 9.4693 0
      vertex -1.5244 7.63143 0
      vertex -1.56243 7.53037 0
    endloop
  endfacet
  facet normal 0 0 -1
    outer loop
      vertex -3.82683 9.2388 0
      vertex -1.56243 7.53037 0
      vertex -1.59378 7.42705 0
    endloop
  endfacet
  facet normal 0 0 -1
    outer loop
      vertex -3.82683 9.2388 0
      vertex -1.59378 7.42705 0
      vertex -1.6183 7.3219 0
    endloop
  endfacet
  facet normal 0 0 -1
    outer loop
      vertex -3.82683 9.2388 0
      vertex -1.6183 7.3219 0
      vertex -1.63588 7.21537 0
    endloop
  endfacet
  facet normal 0 0 -1
    outer loop
      vertex -1.59378 6.57295 0
      vertex -5 8.66025 0
      vertex -1.6183 6.6781 0
    endloop
  endfacet
  facet normal 0 0 -1
    outer loop
      vertex -1.00446 8.30903 0
      vertex -1.9509 9.80785 0
      vertex -1.30526 9.91445 0
    endloop
  endfacet
  facet normal 0 0 -1
    outer loop
      vertex -4.42289 8.96873 0
      vertex -1.63588 7.21537 0
      vertex -1.64647 7.10791 0
    endloop
  endfacet
  facet normal 0 0 -1
    outer loop
      vertex -1.6183 6.6781 0
      vertex -5 8.66025 0
      vertex -1.63588 6.78463 0
    endloop
  endfacet
  facet normal 0 0 -1
    outer loop
      vertex -1.64647 6.89208 0
      vertex -5 8.66025 0
      vertex -1.65 7 0
    endloop
  endfacet
  facet normal 0 -0 -1
    outer loop
      vertex -4.42289 8.96873 0
      vertex -1.65 7 0
      vertex -5 8.66025 0
    endloop
  endfacet
  facet normal 0 0 -1
    outer loop
      vertex -1.63588 6.78463 0
      vertex -5 8.66025 0
      vertex -1.64647 6.89208 0
    endloop
  endfacet
  facet normal 0 0 -1
    outer loop
      vertex -5 8.66025 0
      vertex -2.2981 2.2981 0
      vertex -2.44348 2.14287 0
    endloop
  endfacet
  facet normal 0 0 -1
    outer loop
      vertex -5 8.66025 0
      vertex -2.44348 2.14287 0
      vertex -2.5784 1.97847 0
    endloop
  endfacet
  facet normal 0 0 -1
    outer loop
      vertex -1.24053 8.08792 0
      vertex -2.58819 9.65926 0
      vertex -1.9509 9.80785 0
    endloop
  endfacet
  facet normal 0 0 -1
    outer loop
      vertex -5 8.66025 0
      vertex -2.5784 1.97847 0
      vertex -2.70228 1.8056 0
    endloop
  endfacet
  facet normal -0 0 -1
    outer loop
      vertex -3.18755 0.634043 0
      vertex -5.43756 0.530375 0
      vertex -3.13926 0.841162 0
    endloop
  endfacet
  facet normal 0 0 -1
    outer loop
      vertex -5.43756 0.530375 0
      vertex -3.18755 0.634043 0
      vertex -5.40622 0.427051 0
    endloop
  endfacet
  facet normal 0 0 -1
    outer loop
      vertex -3.2222 0.42421 0
      vertex -5.40622 0.427051 0
      vertex -3.18755 0.634043 0
    endloop
  endfacet
  facet normal 0 0 -1
    outer loop
      vertex -5.40622 0.427051 0
      vertex -3.2222 0.42421 0
      vertex -5.3817 0.321898 0
    endloop
  endfacet
  facet normal 0 0 -1
    outer loop
      vertex -5.3817 0.321898 0
      vertex -3.2222 0.42421 0
      vertex -5.36412 0.215367 0
    endloop
  endfacet
  facet normal 0 0 -1
    outer loop
      vertex -3.24304 0.21256 0
      vertex -5.36412 0.215367 0
      vertex -3.2222 0.42421 0
    endloop
  endfacet
  facet normal 0 0 -1
    outer loop
      vertex -1.42894 7.825 0
      vertex -3.21439 9.4693 0
      vertex -2.58819 9.65926 0
    endloop
  endfacet
  facet normal 0 0 -1
    outer loop
      vertex -5.36412 0.215367 0
      vertex -3.24304 0.21256 0
      vertex -5.35353 0.107915 0
    endloop
  endfacet
  facet normal 0 0 -1
    outer loop
      vertex -3.25 0 0
      vertex -5.35353 0.107915 0
      vertex -3.24304 0.21256 0
    endloop
  endfacet
  facet normal 0 0 -1
    outer loop
      vertex -5.35353 0.107915 0
      vertex -3.25 0 0
      vertex -5.35 0 0
    endloop
  endfacet
  facet normal 0 0 -1
    outer loop
      vertex -2.70228 -1.8056 0
      vertex -5.91208 -1.24053 0
      vertex -2.81458 -1.625 0
    endloop
  endfacet
  facet normal 0 0 -1
    outer loop
      vertex -5.4756 0.631427 0
      vertex -3.13926 0.841162 0
      vertex -5.43756 0.530375 0
    endloop
  endfacet
  facet normal 0 -0 -1
    outer loop
      vertex -5.69097 -1.00446 0
      vertex -2.91484 -1.43744 0
      vertex -5.75946 -1.08792 0
    endloop
  endfacet
  facet normal 0 0 -1
    outer loop
      vertex -1.56243 7.53037 0
      vertex -3.82683 9.2388 0
      vertex -3.21439 9.4693 0
    endloop
  endfacet
  facet normal 0 -0 -1
    outer loop
      vertex -5.52016 -0.729775 0
      vertex -3.07752 -1.04468 0
      vertex -5.57106 -0.825 0
    endloop
  endfacet
  facet normal 0 0 -1
    outer loop
      vertex -1.63588 7.21537 0
      vertex -4.42289 8.96873 0
      vertex -3.82683 9.2388 0
    endloop
  endfacet
  facet normal 0 0 -1
    outer loop
      vertex -1.65 7 0
      vertex -4.42289 8.96873 0
      vertex -1.64647 7.10791 0
    endloop
  endfacet
  facet normal -0 0 -1
    outer loop
      vertex -3.25 0 0
      vertex -5.35353 -0.107915 0
      vertex -5.35 0 0
    endloop
  endfacet
  facet normal 0 0 -1
    outer loop
      vertex -3.24304 -0.21256 0
      vertex -5.35353 -0.107915 0
      vertex -3.25 0 0
    endloop
  endfacet
  facet normal 0 -0 -1
    outer loop
      vertex -5.35353 -0.107915 0
      vertex -3.24304 -0.21256 0
      vertex -5.36412 -0.215367 0
    endloop
  endfacet
  facet normal 0 0 -1
    outer loop
      vertex -3.2222 -0.42421 0
      vertex -5.36412 -0.215367 0
      vertex -3.24304 -0.21256 0
    endloop
  endfacet
  facet normal 0 -0 -1
    outer loop
      vertex -5.36412 -0.215367 0
      vertex -3.2222 -0.42421 0
      vertex -5.3817 -0.321898 0
    endloop
  endfacet
  facet normal 0 -0 -1
    outer loop
      vertex -5.3817 -0.321898 0
      vertex -3.2222 -0.42421 0
      vertex -5.40622 -0.427051 0
    endloop
  endfacet
  facet normal 0 0 -1
    outer loop
      vertex -3.18755 -0.634043 0
      vertex -5.40622 -0.427051 0
      vertex -3.2222 -0.42421 0
    endloop
  endfacet
  facet normal 0 0 -1
    outer loop
      vertex -3.00261 -1.24372 0
      vertex -5.62807 -0.916691 0
      vertex -3.07752 -1.04468 0
    endloop
  endfacet
  facet normal 0 -0 -1
    outer loop
      vertex -5.40622 -0.427051 0
      vertex -3.18755 -0.634043 0
      vertex -5.43756 -0.530375 0
    endloop
  endfacet
  facet normal 0 -0 -1
    outer loop
      vertex -5.43756 -0.530375 0
      vertex -3.18755 -0.634043 0
      vertex -5.4756 -0.631427 0
    endloop
  endfacet
  facet normal 0 0 -1
    outer loop
      vertex -3.13926 -0.841162 0
      vertex -5.4756 -0.631427 0
      vertex -3.18755 -0.634043 0
    endloop
  endfacet
  facet normal 0 -0 -1
    outer loop
      vertex -5.4756 -0.631427 0
      vertex -3.13926 -0.841162 0
      vertex -5.52016 -0.729775 0
    endloop
  endfacet
  facet normal 0 0 -1
    outer loop
      vertex -3.07752 -1.04468 0
      vertex -5.52016 -0.729775 0
      vertex -3.13926 -0.841162 0
    endloop
  endfacet
  facet normal 0 -0 -1
    outer loop
      vertex -5.57106 -0.825 0
      vertex -3.07752 -1.04468 0
      vertex -5.62807 -0.916691 0
    endloop
  endfacet
  facet normal 0 -0 -1
    outer loop
      vertex -5.62807 -0.916691 0
      vertex -3.00261 -1.24372 0
      vertex -5.69097 -1.00446 0
    endloop
  endfacet
  facet normal 0 0 -1
    outer loop
      vertex -2.91484 -1.43744 0
      vertex -5.69097 -1.00446 0
      vertex -3.00261 -1.24372 0
    endloop
  endfacet
  facet normal 0 -0 -1
    outer loop
      vertex -5.75946 -1.08792 0
      vertex -2.91484 -1.43744 0
      vertex -5.83327 -1.16673 0
    endloop
  endfacet
  facet normal 0 0 -1
    outer loop
      vertex -2.81458 -1.625 0
      vertex -5.83327 -1.16673 0
      vertex -2.91484 -1.43744 0
    endloop
  endfacet
  facet normal 0 -0 -1
    outer loop
      vertex -5.83327 -1.16673 0
      vertex -2.81458 -1.625 0
      vertex -5.91208 -1.24053 0
    endloop
  endfacet
  facet normal 0 0 -1
    outer loop
      vertex -7.07107 -7.07107 0
      vertex -6.175 -1.42894 0
      vertex -6.59346 -7.5184 0
    endloop
  endfacet
  facet normal 0 0 -1
    outer loop
      vertex -6.175 -1.42894 0
      vertex -7.07107 -7.07107 0
      vertex -6.27022 -1.47984 0
    endloop
  endfacet
  facet normal 0 0 -1
    outer loop
      vertex -7.5184 -6.59346 0
      vertex -6.27022 -1.47984 0
      vertex -7.07107 -7.07107 0
    endloop
  endfacet
  facet normal 0 0 -1
    outer loop
      vertex -6.27022 -1.47984 0
      vertex -7.5184 -6.59346 0
      vertex -6.36857 -1.5244 0
    endloop
  endfacet
  facet normal 0 0 -1
    outer loop
      vertex -6.36857 -1.5244 0
      vertex -7.5184 -6.59346 0
      vertex -6.46962 -1.56243 0
    endloop
  endfacet
  facet normal 0 0 -1
    outer loop
      vertex -7.93353 -6.08761 0
      vertex -6.46962 -1.56243 0
      vertex -7.5184 -6.59346 0
    endloop
  endfacet
  facet normal 0 0 -1
    outer loop
      vertex -6.46962 -1.56243 0
      vertex -7.93353 -6.08761 0
      vertex -6.57295 -1.59378 0
    endloop
  endfacet
  facet normal 0 0 -1
    outer loop
      vertex -8.3147 -5.5557 0
      vertex -6.57295 -1.59378 0
      vertex -7.93353 -6.08761 0
    endloop
  endfacet
  facet normal 0 0 -1
    outer loop
      vertex -6.57295 -1.59378 0
      vertex -8.3147 -5.5557 0
      vertex -6.6781 -1.6183 0
    endloop
  endfacet
  facet normal 0 0 -1
    outer loop
      vertex -6.6781 -1.6183 0
      vertex -8.3147 -5.5557 0
      vertex -6.78463 -1.63588 0
    endloop
  endfacet
  facet normal 0 0 -1
    outer loop
      vertex -8.66025 -5 0
      vertex -6.78463 -1.63588 0
      vertex -8.3147 -5.5557 0
    endloop
  endfacet
  facet normal 0 0 -1
    outer loop
      vertex -6.78463 -1.63588 0
      vertex -8.66025 -5 0
      vertex -6.89208 -1.64647 0
    endloop
  endfacet
  facet normal 0 0 -1
    outer loop
      vertex -6.89208 -1.64647 0
      vertex -8.66025 -5 0
      vertex -7 -1.65 0
    endloop
  endfacet
  facet normal 0 0 -1
    outer loop
      vertex -8.96873 -4.42289 0
      vertex -7 -1.65 0
      vertex -8.66025 -5 0
    endloop
  endfacet
  facet normal -0 0 -1
    outer loop
      vertex -7 -1.65 0
      vertex -8.96873 -4.42289 0
      vertex -7.10791 -1.64647 0
    endloop
  endfacet
  facet normal -0 0 -1
    outer loop
      vertex -7.10791 -1.64647 0
      vertex -8.96873 -4.42289 0
      vertex -7.21537 -1.63588 0
    endloop
  endfacet
  facet normal 0 0 -1
    outer loop
      vertex -9.2388 -3.82683 0
      vertex -7.21537 -1.63588 0
      vertex -8.96873 -4.42289 0
    endloop
  endfacet
  facet normal -0 0 -1
    outer loop
      vertex -7.21537 -1.63588 0
      vertex -9.2388 -3.82683 0
      vertex -7.3219 -1.6183 0
    endloop
  endfacet
  facet normal -0 0 -1
    outer loop
      vertex -7.3219 -1.6183 0
      vertex -9.2388 -3.82683 0
      vertex -7.42705 -1.59378 0
    endloop
  endfacet
  facet normal -0 0 -1
    outer loop
      vertex -7.42705 -1.59378 0
      vertex -9.2388 -3.82683 0
      vertex -7.53037 -1.56243 0
    endloop
  endfacet
  facet normal 0 0 -1
    outer loop
      vertex -9.4693 -3.21439 0
      vertex -7.53037 -1.56243 0
      vertex -9.2388 -3.82683 0
    endloop
  endfacet
  facet normal -0 0 -1
    outer loop
      vertex -7.53037 -1.56243 0
      vertex -9.4693 -3.21439 0
      vertex -7.63143 -1.5244 0
    endloop
  endfacet
  facet normal -0 0 -1
    outer loop
      vertex -7.63143 -1.5244 0
      vertex -9.4693 -3.21439 0
      vertex -7.72978 -1.47984 0
    endloop
  endfacet
  facet normal -0 0 -1
    outer loop
      vertex -7.72978 -1.47984 0
      vertex -9.4693 -3.21439 0
      vertex -7.825 -1.42894 0
    endloop
  endfacet
  facet normal 0 0 -1
    outer loop
      vertex -9.65926 -2.58819 0
      vertex -7.825 -1.42894 0
      vertex -9.4693 -3.21439 0
    endloop
  endfacet
  facet normal -0 0 -1
    outer loop
      vertex -7.825 -1.42894 0
      vertex -9.65926 -2.58819 0
      vertex -7.91669 -1.37192 0
    endloop
  endfacet
  facet normal -0 0 -1
    outer loop
      vertex -7.91669 -1.37192 0
      vertex -9.65926 -2.58819 0
      vertex -8.00446 -1.30903 0
    endloop
  endfacet
  facet normal -0 0 -1
    outer loop
      vertex -8.00446 -1.30903 0
      vertex -9.65926 -2.58819 0
      vertex -8.08792 -1.24053 0
    endloop
  endfacet
  facet normal 0 0 -1
    outer loop
      vertex -9.80785 -1.9509 0
      vertex -8.08792 -1.24053 0
      vertex -9.65926 -2.58819 0
    endloop
  endfacet
  facet normal -0 0 -1
    outer loop
      vertex -8.08792 -1.24053 0
      vertex -9.80785 -1.9509 0
      vertex -8.16673 -1.16673 0
    endloop
  endfacet
  facet normal -0 0 -1
    outer loop
      vertex -8.16673 -1.16673 0
      vertex -9.80785 -1.9509 0
      vertex -8.24053 -1.08792 0
    endloop
  endfacet
  facet normal -0 0 -1
    outer loop
      vertex -8.24053 -1.08792 0
      vertex -9.80785 -1.9509 0
      vertex -8.30903 -1.00446 0
    endloop
  endfacet
  facet normal 0 0 -1
    outer loop
      vertex -9.91445 -1.30526 0
      vertex -8.30903 -1.00446 0
      vertex -9.80785 -1.9509 0
    endloop
  endfacet
  facet normal -0 0 -1
    outer loop
      vertex -8.30903 -1.00446 0
      vertex -9.91445 -1.30526 0
      vertex -8.37192 -0.916691 0
    endloop
  endfacet
  facet normal -0 0 -1
    outer loop
      vertex -8.37192 -0.916691 0
      vertex -9.91445 -1.30526 0
      vertex -8.42894 -0.825 0
    endloop
  endfacet
  facet normal -0 0 -1
    outer loop
      vertex -8.47984 -0.729775 0
      vertex -9.91445 -1.30526 0
      vertex -8.5244 -0.631427 0
    endloop
  endfacet
  facet normal -0 0 -1
    outer loop
      vertex -8.42894 -0.825 0
      vertex -9.91445 -1.30526 0
      vertex -8.47984 -0.729775 0
    endloop
  endfacet
  facet normal 0 0 -1
    outer loop
      vertex 1.56243 -6.46962 0
      vertex 6.08761 -7.93353 0
      vertex 1.59378 -6.57295 0
    endloop
  endfacet
  facet normal 0 0 -1
    outer loop
      vertex 6.08761 -7.93353 0
      vertex 1.56243 -6.46962 0
      vertex 6.59346 -7.5184 0
    endloop
  endfacet
  facet normal 0 0 -1
    outer loop
      vertex 1.5244 -6.36857 0
      vertex 6.59346 -7.5184 0
      vertex 1.56243 -6.46962 0
    endloop
  endfacet
  facet normal 0 0 -1
    outer loop
      vertex 1.47984 -6.27022 0
      vertex 6.59346 -7.5184 0
      vertex 1.5244 -6.36857 0
    endloop
  endfacet
  facet normal 0 0 -1
    outer loop
      vertex 6.59346 -7.5184 0
      vertex 1.47984 -6.27022 0
      vertex 2.14287 -2.44348 0
    endloop
  endfacet
  facet normal 0 0 -1
    outer loop
      vertex 1.42894 -6.175 0
      vertex 2.14287 -2.44348 0
      vertex 1.47984 -6.27022 0
    endloop
  endfacet
  facet normal 0 0 -1
    outer loop
      vertex 2.14287 -2.44348 0
      vertex 1.42894 -6.175 0
      vertex 1.97847 -2.5784 0
    endloop
  endfacet
  facet normal 0 0 -1
    outer loop
      vertex 1.37192 -6.08331 0
      vertex 1.97847 -2.5784 0
      vertex 1.42894 -6.175 0
    endloop
  endfacet
  facet normal 0 0 -1
    outer loop
      vertex 1.97847 -2.5784 0
      vertex 1.37192 -6.08331 0
      vertex 1.8056 -2.70228 0
    endloop
  endfacet
  facet normal 0 0 -1
    outer loop
      vertex 1.30903 -5.99554 0
      vertex 1.8056 -2.70228 0
      vertex 1.37192 -6.08331 0
    endloop
  endfacet
  facet normal 0 0 -1
    outer loop
      vertex 1.24053 -5.91208 0
      vertex 1.8056 -2.70228 0
      vertex 1.30903 -5.99554 0
    endloop
  endfacet
  facet normal 0 0 -1
    outer loop
      vertex 1.8056 -2.70228 0
      vertex 1.24053 -5.91208 0
      vertex 1.625 -2.81458 0
    endloop
  endfacet
  facet normal 0 0 -1
    outer loop
      vertex 1.16673 -5.83327 0
      vertex 1.625 -2.81458 0
      vertex 1.24053 -5.91208 0
    endloop
  endfacet
  facet normal 0 0 -1
    outer loop
      vertex 1.625 -2.81458 0
      vertex 1.16673 -5.83327 0
      vertex 1.43744 -2.91484 0
    endloop
  endfacet
  facet normal 0 0 -1
    outer loop
      vertex 1.08792 -5.75946 0
      vertex 1.43744 -2.91484 0
      vertex 1.16673 -5.83327 0
    endloop
  endfacet
  facet normal 0 0 -1
    outer loop
      vertex 1.00446 -5.69097 0
      vertex 1.43744 -2.91484 0
      vertex 1.08792 -5.75946 0
    endloop
  endfacet
  facet normal 0 0 -1
    outer loop
      vertex 1.43744 -2.91484 0
      vertex 1.00446 -5.69097 0
      vertex 1.24372 -3.00261 0
    endloop
  endfacet
  facet normal 0 0 -1
    outer loop
      vertex 0.916691 -5.62807 0
      vertex 1.24372 -3.00261 0
      vertex 1.00446 -5.69097 0
    endloop
  endfacet
  facet normal 0 0 -1
    outer loop
      vertex 1.24372 -3.00261 0
      vertex 0.916691 -5.62807 0
      vertex 1.04468 -3.07752 0
    endloop
  endfacet
  facet normal 0 0 -1
    outer loop
      vertex 0.825 -5.57106 0
      vertex 1.04468 -3.07752 0
      vertex 0.916691 -5.62807 0
    endloop
  endfacet
  facet normal 0 0 -1
    outer loop
      vertex 0.729775 -5.52016 0
      vertex 1.04468 -3.07752 0
      vertex 0.825 -5.57106 0
    endloop
  endfacet
  facet normal 0 0 -1
    outer loop
      vertex 1.04468 -3.07752 0
      vertex 0.729775 -5.52016 0
      vertex 0.841162 -3.13926 0
    endloop
  endfacet
  facet normal 0 0 -1
    outer loop
      vertex 0.631427 -5.4756 0
      vertex 0.841162 -3.13926 0
      vertex 0.729775 -5.52016 0
    endloop
  endfacet
  facet normal 0 0 -1
    outer loop
      vertex 0.841162 -3.13926 0
      vertex 0.631427 -5.4756 0
      vertex 0.634043 -3.18755 0
    endloop
  endfacet
  facet normal 0 0 -1
    outer loop
      vertex 0.530375 -5.43756 0
      vertex 0.634043 -3.18755 0
      vertex 0.631427 -5.4756 0
    endloop
  endfacet
  facet normal 0 0 -1
    outer loop
      vertex 0.427051 -5.40622 0
      vertex 0.634043 -3.18755 0
      vertex 0.530375 -5.43756 0
    endloop
  endfacet
  facet normal 0 0 -1
    outer loop
      vertex 0.427051 -5.40622 0
      vertex 0.42421 -3.2222 0
      vertex 0.634043 -3.18755 0
    endloop
  endfacet
  facet normal 0 0 -1
    outer loop
      vertex 0.321898 -5.3817 0
      vertex 0.42421 -3.2222 0
      vertex 0.427051 -5.40622 0
    endloop
  endfacet
  facet normal 0 0 -1
    outer loop
      vertex 0.215367 -5.36412 0
      vertex 0.42421 -3.2222 0
      vertex 0.321898 -5.3817 0
    endloop
  endfacet
  facet normal 0 0 -1
    outer loop
      vertex 0.215367 -5.36412 0
      vertex 0.21256 -3.24304 0
      vertex 0.42421 -3.2222 0
    endloop
  endfacet
  facet normal 0 0 -1
    outer loop
      vertex 0.107915 -5.35353 0
      vertex 0.21256 -3.24304 0
      vertex 0.215367 -5.36412 0
    endloop
  endfacet
  facet normal 0 0 -1
    outer loop
      vertex 0 -3.25 0
      vertex 0.107915 -5.35353 0
      vertex 0 -5.35 0
    endloop
  endfacet
  facet normal 0 0 -1
    outer loop
      vertex 0.107915 -5.35353 0
      vertex 0 -3.25 0
      vertex 0.21256 -3.24304 0
    endloop
  endfacet
  facet normal 0 0 -1
    outer loop
      vertex -0.107915 -5.35353 0
      vertex 0 -3.25 0
      vertex 0 -5.35 0
    endloop
  endfacet
  facet normal 0 0 -1
    outer loop
      vertex -0.107915 -5.35353 0
      vertex -0.21256 -3.24304 0
      vertex 0 -3.25 0
    endloop
  endfacet
  facet normal 0 0 -1
    outer loop
      vertex -0.215367 -5.36412 0
      vertex -0.21256 -3.24304 0
      vertex -0.107915 -5.35353 0
    endloop
  endfacet
  facet normal 0 0 -1
    outer loop
      vertex -0.42421 -3.2222 0
      vertex -0.215367 -5.36412 0
      vertex -0.321898 -5.3817 0
    endloop
  endfacet
  facet normal 0 0 -1
    outer loop
      vertex -0.215367 -5.36412 0
      vertex -0.42421 -3.2222 0
      vertex -0.21256 -3.24304 0
    endloop
  endfacet
  facet normal 0 0 -1
    outer loop
      vertex -0.427051 -5.40622 0
      vertex -0.42421 -3.2222 0
      vertex -0.321898 -5.3817 0
    endloop
  endfacet
  facet normal 0 0 -1
    outer loop
      vertex -0.634043 -3.18755 0
      vertex -0.427051 -5.40622 0
      vertex -0.530375 -5.43756 0
    endloop
  endfacet
  facet normal 0 0 -1
    outer loop
      vertex -0.634043 -3.18755 0
      vertex -0.530375 -5.43756 0
      vertex -0.631427 -5.4756 0
    endloop
  endfacet
  facet normal 0 0 -1
    outer loop
      vertex -0.427051 -5.40622 0
      vertex -0.634043 -3.18755 0
      vertex -0.42421 -3.2222 0
    endloop
  endfacet
  facet normal 0 0 -1
    outer loop
      vertex -0.841162 -3.13926 0
      vertex -0.631427 -5.4756 0
      vertex -0.729775 -5.52016 0
    endloop
  endfacet
  facet normal 0 0 -1
    outer loop
      vertex -1.04468 -3.07752 0
      vertex -0.729775 -5.52016 0
      vertex -0.825 -5.57106 0
    endloop
  endfacet
  facet normal 0 0 -1
    outer loop
      vertex -0.631427 -5.4756 0
      vertex -0.841162 -3.13926 0
      vertex -0.634043 -3.18755 0
    endloop
  endfacet
  facet normal 0 0 -1
    outer loop
      vertex -1.04468 -3.07752 0
      vertex -0.825 -5.57106 0
      vertex -0.916691 -5.62807 0
    endloop
  endfacet
  facet normal 0 0 -1
    outer loop
      vertex -1.24372 -3.00261 0
      vertex -0.916691 -5.62807 0
      vertex -1.00446 -5.69097 0
    endloop
  endfacet
  facet normal 0 0 -1
    outer loop
      vertex -0.729775 -5.52016 0
      vertex -1.04468 -3.07752 0
      vertex -0.841162 -3.13926 0
    endloop
  endfacet
  facet normal 0 0 -1
    outer loop
      vertex -1.43744 -2.91484 0
      vertex -1.00446 -5.69097 0
      vertex -1.08792 -5.75946 0
    endloop
  endfacet
  facet normal 0 0 -1
    outer loop
      vertex -1.43744 -2.91484 0
      vertex -1.08792 -5.75946 0
      vertex -1.16673 -5.83327 0
    endloop
  endfacet
  facet normal 0 0 -1
    outer loop
      vertex -1.625 -2.81458 0
      vertex -1.16673 -5.83327 0
      vertex -1.24053 -5.91208 0
    endloop
  endfacet
  facet normal 0 0 -1
    outer loop
      vertex -0.916691 -5.62807 0
      vertex -1.24372 -3.00261 0
      vertex -1.04468 -3.07752 0
    endloop
  endfacet
  facet normal 0 0 -1
    outer loop
      vertex -1.8056 -2.70228 0
      vertex -1.24053 -5.91208 0
      vertex -1.30903 -5.99554 0
    endloop
  endfacet
  facet normal 0 0 -1
    outer loop
      vertex -1.8056 -2.70228 0
      vertex -1.30903 -5.99554 0
      vertex -1.37192 -6.08331 0
    endloop
  endfacet
  facet normal 0 0 -1
    outer loop
      vertex -1.97847 -2.5784 0
      vertex -1.37192 -6.08331 0
      vertex -1.42894 -6.175 0
    endloop
  endfacet
  facet normal 0 0 -1
    outer loop
      vertex -1.00446 -5.69097 0
      vertex -1.43744 -2.91484 0
      vertex -1.24372 -3.00261 0
    endloop
  endfacet
  facet normal 0 0 -1
    outer loop
      vertex -2.14287 -2.44348 0
      vertex -1.42894 -6.175 0
      vertex -1.47984 -6.27022 0
    endloop
  endfacet
  facet normal -0 0 -1
    outer loop
      vertex -1.56243 -6.46962 0
      vertex -6.59346 -7.5184 0
      vertex -1.5244 -6.36857 0
    endloop
  endfacet
  facet normal 0 0 -1
    outer loop
      vertex -6.08761 -7.93353 0
      vertex -1.59378 -6.57295 0
      vertex -5.5557 -8.3147 0
    endloop
  endfacet
  facet normal -0 0 -1
    outer loop
      vertex -1.63588 -6.78463 0
      vertex -5.5557 -8.3147 0
      vertex -1.6183 -6.6781 0
    endloop
  endfacet
  facet normal -0 0 -1
    outer loop
      vertex -1.64647 -6.89208 0
      vertex -5 -8.66025 0
      vertex -1.63588 -6.78463 0
    endloop
  endfacet
  facet normal 0 0 -1
    outer loop
      vertex -1.16673 -5.83327 0
      vertex -1.625 -2.81458 0
      vertex -1.43744 -2.91484 0
    endloop
  endfacet
  facet normal -0 0 -1
    outer loop
      vertex -1.65 -7 0
      vertex -5 -8.66025 0
      vertex -1.64647 -6.89208 0
    endloop
  endfacet
  facet normal 0 0 -1
    outer loop
      vertex -5 -8.66025 0
      vertex -1.65 -7 0
      vertex -4.42289 -8.96873 0
    endloop
  endfacet
  facet normal -0 0 -1
    outer loop
      vertex -1.64647 -7.10791 0
      vertex -4.42289 -8.96873 0
      vertex -1.65 -7 0
    endloop
  endfacet
  facet normal 0 0 -1
    outer loop
      vertex -1.24053 -5.91208 0
      vertex -1.8056 -2.70228 0
      vertex -1.625 -2.81458 0
    endloop
  endfacet
  facet normal 0 0 -1
    outer loop
      vertex 8.63588 -0.215367 0
      vertex 10 0 0
      vertex 9.97859 -0.654031 0
    endloop
  endfacet
  facet normal 0 0 -1
    outer loop
      vertex 8.5244 -0.631427 0
      vertex 9.97859 -0.654031 0
      vertex 9.91445 -1.30526 0
    endloop
  endfacet
  facet normal 0 0 -1
    outer loop
      vertex 10 0 0
      vertex 8.63588 -0.215367 0
      vertex 8.64647 -0.107915 0
    endloop
  endfacet
  facet normal 0 0 -1
    outer loop
      vertex 8.30903 -1.00446 0
      vertex 9.91445 -1.30526 0
      vertex 9.80785 -1.9509 0
    endloop
  endfacet
  facet normal 0 0 -1
    outer loop
      vertex 8.64647 0.107915 0
      vertex 10 0 0
      vertex 8.65 0 0
    endloop
  endfacet
  facet normal 0 0 -1
    outer loop
      vertex 8.08792 -1.24053 0
      vertex 9.80785 -1.9509 0
      vertex 9.65926 -2.58819 0
    endloop
  endfacet
  facet normal 0 0 -1
    outer loop
      vertex 8.63588 0.215367 0
      vertex 10 0 0
      vertex 8.64647 0.107915 0
    endloop
  endfacet
  facet normal 0 0 -1
    outer loop
      vertex 7.825 -1.42894 0
      vertex 9.65926 -2.58819 0
      vertex 9.4693 -3.21439 0
    endloop
  endfacet
  facet normal 0 0 -1
    outer loop
      vertex 10 0 0
      vertex 8.63588 0.215367 0
      vertex 9.97859 0.654031 0
    endloop
  endfacet
  facet normal 0 0 -1
    outer loop
      vertex 7.53037 -1.56243 0
      vertex 9.4693 -3.21439 0
      vertex 9.2388 -3.82683 0
    endloop
  endfacet
  facet normal 0 0 -1
    outer loop
      vertex 8.6183 0.321898 0
      vertex 9.97859 0.654031 0
      vertex 8.63588 0.215367 0
    endloop
  endfacet
  facet normal 0 0 -1
    outer loop
      vertex 7.21537 -1.63588 0
      vertex 9.2388 -3.82683 0
      vertex 8.96873 -4.42289 0
    endloop
  endfacet
  facet normal 0 0 -1
    outer loop
      vertex 8.59378 0.427051 0
      vertex 9.97859 0.654031 0
      vertex 8.6183 0.321898 0
    endloop
  endfacet
  facet normal 0 0 -1
    outer loop
      vertex 7 -1.65 0
      vertex 8.96873 -4.42289 0
      vertex 8.66025 -5 0
    endloop
  endfacet
  facet normal 0 0 -1
    outer loop
      vertex 8.5244 0.631427 0
      vertex 9.97859 0.654031 0
      vertex 8.56243 0.530375 0
    endloop
  endfacet
  facet normal -0 0 -1
    outer loop
      vertex 9.97859 0.654031 0
      vertex 8.5244 0.631427 0
      vertex 9.91445 1.30526 0
    endloop
  endfacet
  facet normal 0 0 -1
    outer loop
      vertex 8.56243 0.530375 0
      vertex 9.97859 0.654031 0
      vertex 8.59378 0.427051 0
    endloop
  endfacet
  facet normal -0 0 -1
    outer loop
      vertex 10 0 0
      vertex 8.64647 -0.107915 0
      vertex 8.65 0 0
    endloop
  endfacet
  facet normal 0 0 -1
    outer loop
      vertex 9.97859 -0.654031 0
      vertex 8.6183 -0.321898 0
      vertex 8.63588 -0.215367 0
    endloop
  endfacet
  facet normal 0 0 -1
    outer loop
      vertex 9.97859 -0.654031 0
      vertex 8.59378 -0.427051 0
      vertex 8.6183 -0.321898 0
    endloop
  endfacet
  facet normal 0 0 -1
    outer loop
      vertex 9.97859 -0.654031 0
      vertex 8.56243 -0.530375 0
      vertex 8.59378 -0.427051 0
    endloop
  endfacet
  facet normal 0 0 -1
    outer loop
      vertex 9.97859 -0.654031 0
      vertex 8.5244 -0.631427 0
      vertex 8.56243 -0.530375 0
    endloop
  endfacet
  facet normal 0 0 -1
    outer loop
      vertex 9.91445 -1.30526 0
      vertex 8.47984 -0.729775 0
      vertex 8.5244 -0.631427 0
    endloop
  endfacet
  facet normal 0 0 -1
    outer loop
      vertex 9.91445 -1.30526 0
      vertex 8.42894 -0.825 0
      vertex 8.47984 -0.729775 0
    endloop
  endfacet
  facet normal 0 0 -1
    outer loop
      vertex 9.91445 -1.30526 0
      vertex 8.37192 -0.916691 0
      vertex 8.42894 -0.825 0
    endloop
  endfacet
  facet normal 0 0 -1
    outer loop
      vertex 6.78463 -1.63588 0
      vertex 8.66025 -5 0
      vertex 8.3147 -5.5557 0
    endloop
  endfacet
  facet normal 0 0 -1
    outer loop
      vertex 9.91445 -1.30526 0
      vertex 8.30903 -1.00446 0
      vertex 8.37192 -0.916691 0
    endloop
  endfacet
  facet normal 0 0 -1
    outer loop
      vertex 9.80785 -1.9509 0
      vertex 8.24053 -1.08792 0
      vertex 8.30903 -1.00446 0
    endloop
  endfacet
  facet normal 0 0 -1
    outer loop
      vertex 9.80785 -1.9509 0
      vertex 8.16673 -1.16673 0
      vertex 8.24053 -1.08792 0
    endloop
  endfacet
  facet normal 0 0 -1
    outer loop
      vertex 9.80785 -1.9509 0
      vertex 8.08792 -1.24053 0
      vertex 8.16673 -1.16673 0
    endloop
  endfacet
  facet normal 0 0 -1
    outer loop
      vertex 9.65926 -2.58819 0
      vertex 8.00446 -1.30903 0
      vertex 8.08792 -1.24053 0
    endloop
  endfacet
  facet normal 0 0 -1
    outer loop
      vertex 6.57295 -1.59378 0
      vertex 8.3147 -5.5557 0
      vertex 7.93353 -6.08761 0
    endloop
  endfacet
  facet normal 0 0 -1
    outer loop
      vertex 9.65926 -2.58819 0
      vertex 7.91669 -1.37192 0
      vertex 8.00446 -1.30903 0
    endloop
  endfacet
  facet normal 0 0 -1
    outer loop
      vertex 9.65926 -2.58819 0
      vertex 7.825 -1.42894 0
      vertex 7.91669 -1.37192 0
    endloop
  endfacet
  facet normal 0 0 -1
    outer loop
      vertex 9.4693 -3.21439 0
      vertex 7.72978 -1.47984 0
      vertex 7.825 -1.42894 0
    endloop
  endfacet
  facet normal 0 0 -1
    outer loop
      vertex 9.4693 -3.21439 0
      vertex 7.63143 -1.5244 0
      vertex 7.72978 -1.47984 0
    endloop
  endfacet
  facet normal 0 0 -1
    outer loop
      vertex 9.4693 -3.21439 0
      vertex 7.53037 -1.56243 0
      vertex 7.63143 -1.5244 0
    endloop
  endfacet
  facet normal 0 0 -1
    outer loop
      vertex 6.46962 -1.56243 0
      vertex 7.93353 -6.08761 0
      vertex 7.5184 -6.59346 0
    endloop
  endfacet
  facet normal 0 0 -1
    outer loop
      vertex 9.2388 -3.82683 0
      vertex 7.42705 -1.59378 0
      vertex 7.53037 -1.56243 0
    endloop
  endfacet
  facet normal 0 0 -1
    outer loop
      vertex 9.2388 -3.82683 0
      vertex 7.3219 -1.6183 0
      vertex 7.42705 -1.59378 0
    endloop
  endfacet
  facet normal 0 0 -1
    outer loop
      vertex 9.2388 -3.82683 0
      vertex 7.21537 -1.63588 0
      vertex 7.3219 -1.6183 0
    endloop
  endfacet
  facet normal 0 0 -1
    outer loop
      vertex 8.96873 -4.42289 0
      vertex 7.10791 -1.64647 0
      vertex 7.21537 -1.63588 0
    endloop
  endfacet
  facet normal 0 0 -1
    outer loop
      vertex 6.27022 -1.47984 0
      vertex 7.5184 -6.59346 0
      vertex 7.07107 -7.07107 0
    endloop
  endfacet
  facet normal 0 0 -1
    outer loop
      vertex 8.96873 -4.42289 0
      vertex 7 -1.65 0
      vertex 7.10791 -1.64647 0
    endloop
  endfacet
  facet normal 0 0 -1
    outer loop
      vertex 8.66025 -5 0
      vertex 6.89208 -1.64647 0
      vertex 7 -1.65 0
    endloop
  endfacet
  facet normal 0 0 -1
    outer loop
      vertex 8.66025 -5 0
      vertex 6.78463 -1.63588 0
      vertex 6.89208 -1.64647 0
    endloop
  endfacet
  facet normal 0 0 -1
    outer loop
      vertex 8.3147 -5.5557 0
      vertex 6.6781 -1.6183 0
      vertex 6.78463 -1.63588 0
    endloop
  endfacet
  facet normal 0 0 -1
    outer loop
      vertex 2.2981 -2.2981 0
      vertex 7.07107 -7.07107 0
      vertex 6.59346 -7.5184 0
    endloop
  endfacet
  facet normal 0 0 -1
    outer loop
      vertex 8.3147 -5.5557 0
      vertex 6.57295 -1.59378 0
      vertex 6.6781 -1.6183 0
    endloop
  endfacet
  facet normal 0 0 -1
    outer loop
      vertex 7.93353 -6.08761 0
      vertex 6.46962 -1.56243 0
      vertex 6.57295 -1.59378 0
    endloop
  endfacet
  facet normal 0 0 -1
    outer loop
      vertex 7.5184 -6.59346 0
      vertex 6.36857 -1.5244 0
      vertex 6.46962 -1.56243 0
    endloop
  endfacet
  facet normal 0 0 -1
    outer loop
      vertex 7.5184 -6.59346 0
      vertex 6.27022 -1.47984 0
      vertex 6.36857 -1.5244 0
    endloop
  endfacet
  facet normal 0 0 -1
    outer loop
      vertex 7.07107 -7.07107 0
      vertex 2.2981 -2.2981 0
      vertex 6.27022 -1.47984 0
    endloop
  endfacet
  facet normal 0 0 -1
    outer loop
      vertex 5 -8.66025 0
      vertex 1.63588 -6.78463 0
      vertex 5.5557 -8.3147 0
    endloop
  endfacet
  facet normal 0 -0 -1
    outer loop
      vertex 2.44348 -2.14287 0
      vertex 6.27022 -1.47984 0
      vertex 2.2981 -2.2981 0
    endloop
  endfacet
  facet normal -0 0 -1
    outer loop
      vertex 6.27022 -1.47984 0
      vertex 2.44348 -2.14287 0
      vertex 6.175 -1.42894 0
    endloop
  endfacet
  facet normal -0 0 -1
    outer loop
      vertex 6.175 -1.42894 0
      vertex 2.5784 -1.97847 0
      vertex 6.08331 -1.37192 0
    endloop
  endfacet
  facet normal -0 0 -1
    outer loop
      vertex 6.08331 -1.37192 0
      vertex 2.5784 -1.97847 0
      vertex 5.99554 -1.30903 0
    endloop
  endfacet
  facet normal 0 -0 -1
    outer loop
      vertex 2.70228 -1.8056 0
      vertex 5.99554 -1.30903 0
      vertex 2.5784 -1.97847 0
    endloop
  endfacet
  facet normal -0 0 -1
    outer loop
      vertex 5.99554 -1.30903 0
      vertex 2.70228 -1.8056 0
      vertex 5.91208 -1.24053 0
    endloop
  endfacet
  facet normal 0 -0 -1
    outer loop
      vertex 2.81458 -1.625 0
      vertex 5.91208 -1.24053 0
      vertex 2.70228 -1.8056 0
    endloop
  endfacet
  facet normal -0 0 -1
    outer loop
      vertex 5.91208 -1.24053 0
      vertex 2.81458 -1.625 0
      vertex 5.83327 -1.16673 0
    endloop
  endfacet
  facet normal 0 0 -1
    outer loop
      vertex 1.63588 -6.78463 0
      vertex 5 -8.66025 0
      vertex 1.64647 -6.89208 0
    endloop
  endfacet
  facet normal 0 -0 -1
    outer loop
      vertex 2.91484 -1.43744 0
      vertex 5.83327 -1.16673 0
      vertex 2.81458 -1.625 0
    endloop
  endfacet
  facet normal -0 0 -1
    outer loop
      vertex 5.83327 -1.16673 0
      vertex 2.91484 -1.43744 0
      vertex 5.75946 -1.08792 0
    endloop
  endfacet
  facet normal 0 -0 -1
    outer loop
      vertex 3.00261 -1.24372 0
      vertex 5.69097 -1.00446 0
      vertex 2.91484 -1.43744 0
    endloop
  endfacet
  facet normal -0 0 -1
    outer loop
      vertex 5.69097 -1.00446 0
      vertex 3.00261 -1.24372 0
      vertex 5.62807 -0.916691 0
    endloop
  endfacet
  facet normal 0 -0 -1
    outer loop
      vertex 3.07752 -1.04468 0
      vertex 5.62807 -0.916691 0
      vertex 3.00261 -1.24372 0
    endloop
  endfacet
  facet normal -0 0 -1
    outer loop
      vertex 5.62807 -0.916691 0
      vertex 3.07752 -1.04468 0
      vertex 5.57106 -0.825 0
    endloop
  endfacet
  facet normal 0 -0 -1
    outer loop
      vertex 3.13926 -0.841162 0
      vertex 5.52016 -0.729775 0
      vertex 3.07752 -1.04468 0
    endloop
  endfacet
  facet normal -0 0 -1
    outer loop
      vertex 5.52016 -0.729775 0
      vertex 3.13926 -0.841162 0
      vertex 5.4756 -0.631427 0
    endloop
  endfacet
  facet normal 0 0 -1
    outer loop
      vertex 1.64647 -6.89208 0
      vertex 5 -8.66025 0
      vertex 1.65 -7 0
    endloop
  endfacet
  facet normal 0 0 -1
    outer loop
      vertex 8.47984 0.729775 0
      vertex 9.91445 1.30526 0
      vertex 8.5244 0.631427 0
    endloop
  endfacet
  facet normal 0 0 -1
    outer loop
      vertex 8.42894 0.825 0
      vertex 9.91445 1.30526 0
      vertex 8.47984 0.729775 0
    endloop
  endfacet
  facet normal 0 0 -1
    outer loop
      vertex 8.37192 0.916691 0
      vertex 9.91445 1.30526 0
      vertex 8.42894 0.825 0
    endloop
  endfacet
  facet normal 0 0 -1
    outer loop
      vertex 8.30903 1.00446 0
      vertex 9.91445 1.30526 0
      vertex 8.37192 0.916691 0
    endloop
  endfacet
  facet normal -0 0 -1
    outer loop
      vertex 9.91445 1.30526 0
      vertex 8.30903 1.00446 0
      vertex 9.80785 1.9509 0
    endloop
  endfacet
  facet normal 0 0 -1
    outer loop
      vertex 8.24053 1.08792 0
      vertex 9.80785 1.9509 0
      vertex 8.30903 1.00446 0
    endloop
  endfacet
  facet normal 0 0 -1
    outer loop
      vertex 8.16673 1.16673 0
      vertex 9.80785 1.9509 0
      vertex 8.24053 1.08792 0
    endloop
  endfacet
  facet normal 0 0 -1
    outer loop
      vertex 8.08792 1.24053 0
      vertex 9.80785 1.9509 0
      vertex 8.16673 1.16673 0
    endloop
  endfacet
  facet normal -0 0 -1
    outer loop
      vertex 9.80785 1.9509 0
      vertex 8.08792 1.24053 0
      vertex 9.65926 2.58819 0
    endloop
  endfacet
  facet normal 0 0 -1
    outer loop
      vertex 8.00446 1.30903 0
      vertex 9.65926 2.58819 0
      vertex 8.08792 1.24053 0
    endloop
  endfacet
  facet normal 0 0 -1
    outer loop
      vertex 7.91669 1.37192 0
      vertex 9.65926 2.58819 0
      vertex 8.00446 1.30903 0
    endloop
  endfacet
  facet normal 0 0 -1
    outer loop
      vertex 7.825 1.42894 0
      vertex 9.65926 2.58819 0
      vertex 7.91669 1.37192 0
    endloop
  endfacet
  facet normal -0 0 -1
    outer loop
      vertex 9.65926 2.58819 0
      vertex 7.825 1.42894 0
      vertex 9.4693 3.21439 0
    endloop
  endfacet
  facet normal 0 0 -1
    outer loop
      vertex 7.72978 1.47984 0
      vertex 9.4693 3.21439 0
      vertex 7.825 1.42894 0
    endloop
  endfacet
  facet normal 0 0 -1
    outer loop
      vertex 7.63143 1.5244 0
      vertex 9.4693 3.21439 0
      vertex 7.72978 1.47984 0
    endloop
  endfacet
  facet normal 0 0 -1
    outer loop
      vertex 7.53037 1.56243 0
      vertex 9.4693 3.21439 0
      vertex 7.63143 1.5244 0
    endloop
  endfacet
  facet normal -0 0 -1
    outer loop
      vertex 9.4693 3.21439 0
      vertex 7.53037 1.56243 0
      vertex 9.2388 3.82683 0
    endloop
  endfacet
  facet normal 0 0 -1
    outer loop
      vertex 7.42705 1.59378 0
      vertex 9.2388 3.82683 0
      vertex 7.53037 1.56243 0
    endloop
  endfacet
  facet normal 0 0 -1
    outer loop
      vertex 7.3219 1.6183 0
      vertex 9.2388 3.82683 0
      vertex 7.42705 1.59378 0
    endloop
  endfacet
  facet normal 0 0 -1
    outer loop
      vertex 7.21537 1.63588 0
      vertex 9.2388 3.82683 0
      vertex 7.3219 1.6183 0
    endloop
  endfacet
  facet normal -0 0 -1
    outer loop
      vertex 9.2388 3.82683 0
      vertex 7.21537 1.63588 0
      vertex 8.96873 4.42289 0
    endloop
  endfacet
  facet normal 0 0 -1
    outer loop
      vertex 7.10791 1.64647 0
      vertex 8.96873 4.42289 0
      vertex 7.21537 1.63588 0
    endloop
  endfacet
  facet normal 0 0 -1
    outer loop
      vertex 7 1.65 0
      vertex 8.96873 4.42289 0
      vertex 7.10791 1.64647 0
    endloop
  endfacet
  facet normal -0 0 -1
    outer loop
      vertex 8.96873 4.42289 0
      vertex 7 1.65 0
      vertex 8.66025 5 0
    endloop
  endfacet
  facet normal 0 0 -1
    outer loop
      vertex 6.89208 1.64647 0
      vertex 8.66025 5 0
      vertex 7 1.65 0
    endloop
  endfacet
  facet normal 0 0 -1
    outer loop
      vertex 6.78463 1.63588 0
      vertex 8.66025 5 0
      vertex 6.89208 1.64647 0
    endloop
  endfacet
  facet normal -0 0 -1
    outer loop
      vertex 8.66025 5 0
      vertex 6.78463 1.63588 0
      vertex 8.3147 5.5557 0
    endloop
  endfacet
  facet normal 0 0 -1
    outer loop
      vertex 6.6781 1.6183 0
      vertex 8.3147 5.5557 0
      vertex 6.78463 1.63588 0
    endloop
  endfacet
  facet normal 0 0 -1
    outer loop
      vertex 6.57295 1.59378 0
      vertex 8.3147 5.5557 0
      vertex 6.6781 1.6183 0
    endloop
  endfacet
  facet normal -0 0 -1
    outer loop
      vertex 8.3147 5.5557 0
      vertex 6.57295 1.59378 0
      vertex 7.93353 6.08761 0
    endloop
  endfacet
  facet normal 0 0 -1
    outer loop
      vertex 6.46962 1.56243 0
      vertex 7.93353 6.08761 0
      vertex 6.57295 1.59378 0
    endloop
  endfacet
  facet normal -0 0 -1
    outer loop
      vertex 7.93353 6.08761 0
      vertex 6.46962 1.56243 0
      vertex 7.5184 6.59346 0
    endloop
  endfacet
  facet normal 0 0 -1
    outer loop
      vertex 6.36857 1.5244 0
      vertex 7.5184 6.59346 0
      vertex 6.46962 1.56243 0
    endloop
  endfacet
  facet normal 0 0 -1
    outer loop
      vertex 6.27022 1.47984 0
      vertex 7.5184 6.59346 0
      vertex 6.36857 1.5244 0
    endloop
  endfacet
  facet normal -0 0 -1
    outer loop
      vertex 7.5184 6.59346 0
      vertex 6.27022 1.47984 0
      vertex 7.07107 7.07107 0
    endloop
  endfacet
  facet normal 0 0 -1
    outer loop
      vertex 6.175 1.42894 0
      vertex 7.07107 7.07107 0
      vertex 6.27022 1.47984 0
    endloop
  endfacet
  facet normal 0 0 -1
    outer loop
      vertex 5.91208 1.24053 0
      vertex 2.70228 1.8056 0
      vertex 5.99554 1.30903 0
    endloop
  endfacet
  facet normal 0 0 -1
    outer loop
      vertex 5.83327 1.16673 0
      vertex 2.81458 1.625 0
      vertex 5.91208 1.24053 0
    endloop
  endfacet
  facet normal 0 0 -1
    outer loop
      vertex 2.81458 1.625 0
      vertex 5.83327 1.16673 0
      vertex 2.91484 1.43744 0
    endloop
  endfacet
  facet normal 0 0 -1
    outer loop
      vertex 5.75946 1.08792 0
      vertex 2.91484 1.43744 0
      vertex 5.83327 1.16673 0
    endloop
  endfacet
  facet normal 0 0 -1
    outer loop
      vertex 5.62807 0.916691 0
      vertex 3.00261 1.24372 0
      vertex 5.69097 1.00446 0
    endloop
  endfacet
  facet normal 0 0 -1
    outer loop
      vertex 5.57106 0.825 0
      vertex 3.07752 1.04468 0
      vertex 5.62807 0.916691 0
    endloop
  endfacet
  facet normal 0 0 -1
    outer loop
      vertex 3.07752 1.04468 0
      vertex 5.52016 0.729775 0
      vertex 3.13926 0.841162 0
    endloop
  endfacet
  facet normal 0 0 -1
    outer loop
      vertex 5.4756 0.631427 0
      vertex 3.13926 0.841162 0
      vertex 5.52016 0.729775 0
    endloop
  endfacet
  facet normal 0 0 -1
    outer loop
      vertex 3.13926 0.841162 0
      vertex 5.4756 0.631427 0
      vertex 3.18755 0.634043 0
    endloop
  endfacet
  facet normal 0 0 -1
    outer loop
      vertex 5.43756 0.530375 0
      vertex 3.18755 0.634043 0
      vertex 5.4756 0.631427 0
    endloop
  endfacet
  facet normal 0 0 -1
    outer loop
      vertex 2.91484 1.43744 0
      vertex 5.69097 1.00446 0
      vertex 3.00261 1.24372 0
    endloop
  endfacet
  facet normal 0 0 -1
    outer loop
      vertex 5.40622 0.427051 0
      vertex 3.18755 0.634043 0
      vertex 5.43756 0.530375 0
    endloop
  endfacet
  facet normal 0 0 -1
    outer loop
      vertex 3.18755 0.634043 0
      vertex 5.40622 0.427051 0
      vertex 3.2222 0.42421 0
    endloop
  endfacet
  facet normal 0 0 -1
    outer loop
      vertex 5.3817 0.321898 0
      vertex 3.2222 0.42421 0
      vertex 5.40622 0.427051 0
    endloop
  endfacet
  facet normal 0 0 -1
    outer loop
      vertex 5.36412 0.215367 0
      vertex 3.2222 0.42421 0
      vertex 5.3817 0.321898 0
    endloop
  endfacet
  facet normal 0 0 -1
    outer loop
      vertex 3.2222 0.42421 0
      vertex 5.36412 0.215367 0
      vertex 3.24304 0.21256 0
    endloop
  endfacet
  facet normal 0 0 -1
    outer loop
      vertex 5.35353 0.107915 0
      vertex 3.24304 0.21256 0
      vertex 5.36412 0.215367 0
    endloop
  endfacet
  facet normal 0 0 -1
    outer loop
      vertex 3.24304 0.21256 0
      vertex 5.35353 0.107915 0
      vertex 3.25 0 0
    endloop
  endfacet
  facet normal 0 0 -1
    outer loop
      vertex 3.25 0 0
      vertex 5.35353 0.107915 0
      vertex 5.35 0 0
    endloop
  endfacet
  facet normal -0 0 -1
    outer loop
      vertex 5.4756 -0.631427 0
      vertex 3.13926 -0.841162 0
      vertex 5.43756 -0.530375 0
    endloop
  endfacet
  facet normal 0 0 -1
    outer loop
      vertex 5.52016 0.729775 0
      vertex 3.07752 1.04468 0
      vertex 5.57106 0.825 0
    endloop
  endfacet
  facet normal 0 0 -1
    outer loop
      vertex 1.65 -7 0
      vertex 5 -8.66025 0
      vertex 4.42289 -8.96873 0
    endloop
  endfacet
  facet normal 0 0 -1
    outer loop
      vertex 3.00261 1.24372 0
      vertex 5.62807 0.916691 0
      vertex 3.07752 1.04468 0
    endloop
  endfacet
  facet normal 0 0 -1
    outer loop
      vertex 1.63588 -7.21537 0
      vertex 4.42289 -8.96873 0
      vertex 3.82683 -9.2388 0
    endloop
  endfacet
  facet normal 0 0 -1
    outer loop
      vertex 5.69097 1.00446 0
      vertex 2.91484 1.43744 0
      vertex 5.75946 1.08792 0
    endloop
  endfacet
  facet normal 0 0 -1
    outer loop
      vertex 2.70228 1.8056 0
      vertex 5.91208 1.24053 0
      vertex 2.81458 1.625 0
    endloop
  endfacet
  facet normal 0 0 -1
    outer loop
      vertex 5.35353 -0.107915 0
      vertex 3.25 0 0
      vertex 5.35 0 0
    endloop
  endfacet
  facet normal 0 -0 -1
    outer loop
      vertex 3.25 0 0
      vertex 5.35353 -0.107915 0
      vertex 3.24304 -0.21256 0
    endloop
  endfacet
  facet normal 0 0 -1
    outer loop
      vertex 1.56243 -7.53037 0
      vertex 3.82683 -9.2388 0
      vertex 3.21439 -9.4693 0
    endloop
  endfacet
  facet normal 0 0 -1
    outer loop
      vertex 5.36412 -0.215367 0
      vertex 3.24304 -0.21256 0
      vertex 5.35353 -0.107915 0
    endloop
  endfacet
  facet normal 0 -0 -1
    outer loop
      vertex 3.24304 -0.21256 0
      vertex 5.36412 -0.215367 0
      vertex 3.2222 -0.42421 0
    endloop
  endfacet
  facet normal -0 0 -1
    outer loop
      vertex 5.3817 -0.321898 0
      vertex 3.2222 -0.42421 0
      vertex 5.36412 -0.215367 0
    endloop
  endfacet
  facet normal 0 0 -1
    outer loop
      vertex 5.40622 -0.427051 0
      vertex 3.2222 -0.42421 0
      vertex 5.3817 -0.321898 0
    endloop
  endfacet
  facet normal 0 -0 -1
    outer loop
      vertex 3.2222 -0.42421 0
      vertex 5.40622 -0.427051 0
      vertex 3.18755 -0.634043 0
    endloop
  endfacet
  facet normal -0 0 -1
    outer loop
      vertex 5.43756 -0.530375 0
      vertex 3.18755 -0.634043 0
      vertex 5.40622 -0.427051 0
    endloop
  endfacet
  facet normal 0 -0 -1
    outer loop
      vertex 3.18755 -0.634043 0
      vertex 5.43756 -0.530375 0
      vertex 3.13926 -0.841162 0
    endloop
  endfacet
  facet normal 0 0 -1
    outer loop
      vertex 1.42894 -7.825 0
      vertex 3.21439 -9.4693 0
      vertex 2.58819 -9.65926 0
    endloop
  endfacet
  facet normal 0 0 -1
    outer loop
      vertex 1.6183 -6.6781 0
      vertex 5.5557 -8.3147 0
      vertex 1.63588 -6.78463 0
    endloop
  endfacet
  facet normal -0 0 -1
    outer loop
      vertex 5.57106 -0.825 0
      vertex 3.07752 -1.04468 0
      vertex 5.52016 -0.729775 0
    endloop
  endfacet
  facet normal -0 0 -1
    outer loop
      vertex 5.75946 -1.08792 0
      vertex 2.91484 -1.43744 0
      vertex 5.69097 -1.00446 0
    endloop
  endfacet
  facet normal 0 -0 -1
    outer loop
      vertex 2.5784 -1.97847 0
      vertex 6.175 -1.42894 0
      vertex 2.44348 -2.14287 0
    endloop
  endfacet
  facet normal 0 0 -1
    outer loop
      vertex 6.59346 -7.5184 0
      vertex 2.14287 -2.44348 0
      vertex 2.2981 -2.2981 0
    endloop
  endfacet
  facet normal 0 0 -1
    outer loop
      vertex 1.24053 -8.08792 0
      vertex 2.58819 -9.65926 0
      vertex 1.9509 -9.80785 0
    endloop
  endfacet
  facet normal 0 0 -1
    outer loop
      vertex 1.59378 -6.57295 0
      vertex 5.5557 -8.3147 0
      vertex 1.6183 -6.6781 0
    endloop
  endfacet
  facet normal 0 0 -1
    outer loop
      vertex 5.5557 -8.3147 0
      vertex 1.59378 -6.57295 0
      vertex 6.08761 -7.93353 0
    endloop
  endfacet
  facet normal 0 0 -1
    outer loop
      vertex 4.42289 -8.96873 0
      vertex 1.64647 -7.10791 0
      vertex 1.65 -7 0
    endloop
  endfacet
  facet normal 0 0 -1
    outer loop
      vertex 4.42289 -8.96873 0
      vertex 1.63588 -7.21537 0
      vertex 1.64647 -7.10791 0
    endloop
  endfacet
  facet normal 0 0 -1
    outer loop
      vertex 3.82683 -9.2388 0
      vertex 1.6183 -7.3219 0
      vertex 1.63588 -7.21537 0
    endloop
  endfacet
  facet normal 0 0 -1
    outer loop
      vertex 3.82683 -9.2388 0
      vertex 1.59378 -7.42705 0
      vertex 1.6183 -7.3219 0
    endloop
  endfacet
  facet normal 0 0 -1
    outer loop
      vertex 3.82683 -9.2388 0
      vertex 1.56243 -7.53037 0
      vertex 1.59378 -7.42705 0
    endloop
  endfacet
  facet normal 0 0 -1
    outer loop
      vertex 3.21439 -9.4693 0
      vertex 1.5244 -7.63143 0
      vertex 1.56243 -7.53037 0
    endloop
  endfacet
  facet normal 0 0 -1
    outer loop
      vertex 3.21439 -9.4693 0
      vertex 1.47984 -7.72978 0
      vertex 1.5244 -7.63143 0
    endloop
  endfacet
  facet normal 0 0 -1
    outer loop
      vertex 3.21439 -9.4693 0
      vertex 1.42894 -7.825 0
      vertex 1.47984 -7.72978 0
    endloop
  endfacet
  facet normal 0 0 -1
    outer loop
      vertex 2.58819 -9.65926 0
      vertex 1.37192 -7.91669 0
      vertex 1.42894 -7.825 0
    endloop
  endfacet
  facet normal 0 0 -1
    outer loop
      vertex 2.58819 -9.65926 0
      vertex 1.30903 -8.00446 0
      vertex 1.37192 -7.91669 0
    endloop
  endfacet
  facet normal 0 0 -1
    outer loop
      vertex 1.00446 -8.30903 0
      vertex 1.9509 -9.80785 0
      vertex 1.30526 -9.91445 0
    endloop
  endfacet
  facet normal 0 0 -1
    outer loop
      vertex 2.58819 -9.65926 0
      vertex 1.24053 -8.08792 0
      vertex 1.30903 -8.00446 0
    endloop
  endfacet
  facet normal 0 0 -1
    outer loop
      vertex 1.9509 -9.80785 0
      vertex 1.16673 -8.16673 0
      vertex 1.24053 -8.08792 0
    endloop
  endfacet
  facet normal 0 0 -1
    outer loop
      vertex 1.9509 -9.80785 0
      vertex 1.08792 -8.24053 0
      vertex 1.16673 -8.16673 0
    endloop
  endfacet
  facet normal 0 0 -1
    outer loop
      vertex 1.9509 -9.80785 0
      vertex 1.00446 -8.30903 0
      vertex 1.08792 -8.24053 0
    endloop
  endfacet
  facet normal 0 0 -1
    outer loop
      vertex 1.30526 -9.91445 0
      vertex 0.916691 -8.37192 0
      vertex 1.00446 -8.30903 0
    endloop
  endfacet
  facet normal 0 0 -1
    outer loop
      vertex 1.30526 -9.91445 0
      vertex 0.825 -8.42894 0
      vertex 0.916691 -8.37192 0
    endloop
  endfacet
  facet normal 0 0 -1
    outer loop
      vertex 1.30526 -9.91445 0
      vertex 0.729775 -8.47984 0
      vertex 0.825 -8.42894 0
    endloop
  endfacet
  facet normal 0 0 -1
    outer loop
      vertex 0.631427 -8.5244 0
      vertex 1.30526 -9.91445 0
      vertex 0.654031 -9.97859 0
    endloop
  endfacet
  facet normal 0 0 -1
    outer loop
      vertex 1.30526 -9.91445 0
      vertex 0.631427 -8.5244 0
      vertex 0.729775 -8.47984 0
    endloop
  endfacet
  facet normal 0 0 -1
    outer loop
      vertex 0.654031 -9.97859 0
      vertex 0.530375 -8.56243 0
      vertex 0.631427 -8.5244 0
    endloop
  endfacet
  facet normal 0 0 -1
    outer loop
      vertex 0.654031 -9.97859 0
      vertex 0.427051 -8.59378 0
      vertex 0.530375 -8.56243 0
    endloop
  endfacet
  facet normal 0 0 -1
    outer loop
      vertex 0.654031 -9.97859 0
      vertex 0.321898 -8.6183 0
      vertex 0.427051 -8.59378 0
    endloop
  endfacet
  facet normal 0 0 -1
    outer loop
      vertex 0.654031 -9.97859 0
      vertex 0.215367 -8.63588 0
      vertex 0.321898 -8.6183 0
    endloop
  endfacet
  facet normal 0 0 -1
    outer loop
      vertex 0 -10 0
      vertex 0.215367 -8.63588 0
      vertex 0.654031 -9.97859 0
    endloop
  endfacet
  facet normal 0 0 -1
    outer loop
      vertex 0.215367 -8.63588 0
      vertex 0 -10 0
      vertex 0.107915 -8.64647 0
    endloop
  endfacet
  facet normal 0 0 -1
    outer loop
      vertex 0 -10 0
      vertex 0 -8.65 0
      vertex 0.107915 -8.64647 0
    endloop
  endfacet
  facet normal 0 0 -1
    outer loop
      vertex 0 -10 0
      vertex -0.107915 -8.64647 0
      vertex 0 -8.65 0
    endloop
  endfacet
  facet normal 0 0 -1
    outer loop
      vertex 0 -10 0
      vertex -0.215367 -8.63588 0
      vertex -0.107915 -8.64647 0
    endloop
  endfacet
  facet normal 0 0 -1
    outer loop
      vertex -0.654031 -9.97859 0
      vertex -0.215367 -8.63588 0
      vertex 0 -10 0
    endloop
  endfacet
  facet normal -0 0 -1
    outer loop
      vertex -0.215367 -8.63588 0
      vertex -0.654031 -9.97859 0
      vertex -0.321898 -8.6183 0
    endloop
  endfacet
  facet normal -0 0 -1
    outer loop
      vertex -0.321898 -8.6183 0
      vertex -0.654031 -9.97859 0
      vertex -0.427051 -8.59378 0
    endloop
  endfacet
  facet normal -0 0 -1
    outer loop
      vertex -0.427051 -8.59378 0
      vertex -0.654031 -9.97859 0
      vertex -0.530375 -8.56243 0
    endloop
  endfacet
  facet normal -0 0 -1
    outer loop
      vertex -0.530375 -8.56243 0
      vertex -0.654031 -9.97859 0
      vertex -0.631427 -8.5244 0
    endloop
  endfacet
  facet normal 0 0 -1
    outer loop
      vertex -1.30526 -9.91445 0
      vertex -0.631427 -8.5244 0
      vertex -0.654031 -9.97859 0
    endloop
  endfacet
  facet normal -0 0 -1
    outer loop
      vertex -0.631427 -8.5244 0
      vertex -1.30526 -9.91445 0
      vertex -0.729775 -8.47984 0
    endloop
  endfacet
  facet normal -0 0 -1
    outer loop
      vertex -0.729775 -8.47984 0
      vertex -1.30526 -9.91445 0
      vertex -0.825 -8.42894 0
    endloop
  endfacet
  facet normal -0 0 -1
    outer loop
      vertex -0.825 -8.42894 0
      vertex -1.30526 -9.91445 0
      vertex -0.916691 -8.37192 0
    endloop
  endfacet
  facet normal -0 0 -1
    outer loop
      vertex -0.916691 -8.37192 0
      vertex -1.30526 -9.91445 0
      vertex -1.00446 -8.30903 0
    endloop
  endfacet
  facet normal 0 0 -1
    outer loop
      vertex -1.9509 -9.80785 0
      vertex -1.00446 -8.30903 0
      vertex -1.30526 -9.91445 0
    endloop
  endfacet
  facet normal -0 0 -1
    outer loop
      vertex -1.00446 -8.30903 0
      vertex -1.9509 -9.80785 0
      vertex -1.08792 -8.24053 0
    endloop
  endfacet
  facet normal -0 0 -1
    outer loop
      vertex -1.08792 -8.24053 0
      vertex -1.9509 -9.80785 0
      vertex -1.16673 -8.16673 0
    endloop
  endfacet
  facet normal -0 0 -1
    outer loop
      vertex -1.16673 -8.16673 0
      vertex -1.9509 -9.80785 0
      vertex -1.24053 -8.08792 0
    endloop
  endfacet
  facet normal 0 0 -1
    outer loop
      vertex -2.58819 -9.65926 0
      vertex -1.24053 -8.08792 0
      vertex -1.9509 -9.80785 0
    endloop
  endfacet
  facet normal -0 0 -1
    outer loop
      vertex -1.24053 -8.08792 0
      vertex -2.58819 -9.65926 0
      vertex -1.30903 -8.00446 0
    endloop
  endfacet
  facet normal -0 0 -1
    outer loop
      vertex -1.30903 -8.00446 0
      vertex -2.58819 -9.65926 0
      vertex -1.37192 -7.91669 0
    endloop
  endfacet
  facet normal -0 0 -1
    outer loop
      vertex -1.37192 -7.91669 0
      vertex -2.58819 -9.65926 0
      vertex -1.42894 -7.825 0
    endloop
  endfacet
  facet normal 0 0 -1
    outer loop
      vertex -3.21439 -9.4693 0
      vertex -1.42894 -7.825 0
      vertex -2.58819 -9.65926 0
    endloop
  endfacet
  facet normal -0 0 -1
    outer loop
      vertex -1.42894 -7.825 0
      vertex -3.21439 -9.4693 0
      vertex -1.47984 -7.72978 0
    endloop
  endfacet
  facet normal -0 0 -1
    outer loop
      vertex -1.47984 -7.72978 0
      vertex -3.21439 -9.4693 0
      vertex -1.5244 -7.63143 0
    endloop
  endfacet
  facet normal -0 0 -1
    outer loop
      vertex -1.5244 -7.63143 0
      vertex -3.21439 -9.4693 0
      vertex -1.56243 -7.53037 0
    endloop
  endfacet
  facet normal -0 0 -1
    outer loop
      vertex -1.63588 -7.21537 0
      vertex -4.42289 -8.96873 0
      vertex -1.64647 -7.10791 0
    endloop
  endfacet
  facet normal 0 0 -1
    outer loop
      vertex -3.82683 -9.2388 0
      vertex -1.56243 -7.53037 0
      vertex -3.21439 -9.4693 0
    endloop
  endfacet
  facet normal -0 0 -1
    outer loop
      vertex -1.56243 -7.53037 0
      vertex -3.82683 -9.2388 0
      vertex -1.59378 -7.42705 0
    endloop
  endfacet
  facet normal -0 0 -1
    outer loop
      vertex -1.59378 -7.42705 0
      vertex -3.82683 -9.2388 0
      vertex -1.6183 -7.3219 0
    endloop
  endfacet
  facet normal -0 0 -1
    outer loop
      vertex -1.6183 -7.3219 0
      vertex -3.82683 -9.2388 0
      vertex -1.63588 -7.21537 0
    endloop
  endfacet
  facet normal 0 0 -1
    outer loop
      vertex -4.42289 -8.96873 0
      vertex -1.63588 -7.21537 0
      vertex -3.82683 -9.2388 0
    endloop
  endfacet
  facet normal 0 0 -1
    outer loop
      vertex -5.5557 -8.3147 0
      vertex -1.63588 -6.78463 0
      vertex -5 -8.66025 0
    endloop
  endfacet
  facet normal 0 0 -1
    outer loop
      vertex -1.37192 -6.08331 0
      vertex -1.97847 -2.5784 0
      vertex -1.8056 -2.70228 0
    endloop
  endfacet
  facet normal 0 0 -1
    outer loop
      vertex -1.42894 -6.175 0
      vertex -2.14287 -2.44348 0
      vertex -1.97847 -2.5784 0
    endloop
  endfacet
  facet normal 0 0 -1
    outer loop
      vertex -1.47984 -6.27022 0
      vertex -2.2981 -2.2981 0
      vertex -2.14287 -2.44348 0
    endloop
  endfacet
  facet normal -0 0 -1
    outer loop
      vertex -1.59378 -6.57295 0
      vertex -6.08761 -7.93353 0
      vertex -1.56243 -6.46962 0
    endloop
  endfacet
  facet normal -0 0 -1
    outer loop
      vertex -1.6183 -6.6781 0
      vertex -5.5557 -8.3147 0
      vertex -1.59378 -6.57295 0
    endloop
  endfacet
  facet normal 0 0 -1
    outer loop
      vertex -6.59346 -7.5184 0
      vertex -1.56243 -6.46962 0
      vertex -6.08761 -7.93353 0
    endloop
  endfacet
  facet normal -0 0 -1
    outer loop
      vertex -1.5244 -6.36857 0
      vertex -6.59346 -7.5184 0
      vertex -1.47984 -6.27022 0
    endloop
  endfacet
  facet normal -0 0 -1
    outer loop
      vertex -1.47984 -6.27022 0
      vertex -6.59346 -7.5184 0
      vertex -2.2981 -2.2981 0
    endloop
  endfacet
  facet normal -0 0 -1
    outer loop
      vertex -2.2981 -2.2981 0
      vertex -6.59346 -7.5184 0
      vertex -2.44348 -2.14287 0
    endloop
  endfacet
  facet normal 0 -0 -1
    outer loop
      vertex -6.175 -1.42894 0
      vertex -2.44348 -2.14287 0
      vertex -6.59346 -7.5184 0
    endloop
  endfacet
  facet normal 0 0 -1
    outer loop
      vertex -2.44348 -2.14287 0
      vertex -6.175 -1.42894 0
      vertex -2.5784 -1.97847 0
    endloop
  endfacet
  facet normal 0 -0 -1
    outer loop
      vertex -6.08331 -1.37192 0
      vertex -2.5784 -1.97847 0
      vertex -6.175 -1.42894 0
    endloop
  endfacet
  facet normal 0 0 -1
    outer loop
      vertex -2.5784 -1.97847 0
      vertex -6.08331 -1.37192 0
      vertex -2.70228 -1.8056 0
    endloop
  endfacet
  facet normal 0 -0 -1
    outer loop
      vertex -5.99554 -1.30903 0
      vertex -2.70228 -1.8056 0
      vertex -6.08331 -1.37192 0
    endloop
  endfacet
  facet normal 0 -0 -1
    outer loop
      vertex -5.91208 -1.24053 0
      vertex -2.70228 -1.8056 0
      vertex -5.99554 -1.30903 0
    endloop
  endfacet
  facet normal 0.995185 0.0980164 0
    outer loop
      vertex 9.97859 0.654031 3.3
      vertex 9.91445 1.30526 0
      vertex 9.91445 1.30526 3.3
    endloop
  endfacet
  facet normal 0.995185 0.0980164 0
    outer loop
      vertex 9.91445 1.30526 0
      vertex 9.97859 0.654031 3.3
      vertex 9.97859 0.654031 0
    endloop
  endfacet
  facet normal 0.986642 0.162902 0
    outer loop
      vertex 9.91445 1.30526 3.3
      vertex 9.80785 1.9509 0
      vertex 9.80785 1.9509 3.3
    endloop
  endfacet
  facet normal 0.986642 0.162902 0
    outer loop
      vertex 9.80785 1.9509 0
      vertex 9.91445 1.30526 3.3
      vertex 9.91445 1.30526 0
    endloop
  endfacet
  facet normal 0.81284 0.582486 0
    outer loop
      vertex 8.3147 5.5557 3.3
      vertex 7.93353 6.08761 0
      vertex 7.93353 6.08761 3.3
    endloop
  endfacet
  facet normal 0.81284 0.582486 0
    outer loop
      vertex 7.93353 6.08761 0
      vertex 8.3147 5.5557 3.3
      vertex 8.3147 5.5557 0
    endloop
  endfacet
  facet normal 0.849207 0.528061 0
    outer loop
      vertex 8.66025 5 3.3
      vertex 8.3147 5.5557 0
      vertex 8.3147 5.5557 3.3
    endloop
  endfacet
  facet normal 0.849207 0.528061 0
    outer loop
      vertex 8.3147 5.5557 0
      vertex 8.66025 5 3.3
      vertex 8.66025 5 0
    endloop
  endfacet
  facet normal 0.582486 0.81284 -0
    outer loop
      vertex 6.08761 7.93353 0
      vertex 5.5557 8.3147 3.3
      vertex 6.08761 7.93353 3.3
    endloop
  endfacet
  facet normal 0.582486 0.81284 0
    outer loop
      vertex 5.5557 8.3147 3.3
      vertex 6.08761 7.93353 0
      vertex 5.5557 8.3147 0
    endloop
  endfacet
  facet normal 0.0327179 0.999465 -0
    outer loop
      vertex 0.654031 9.97859 0
      vertex 0 10 3.3
      vertex 0.654031 9.97859 3.3
    endloop
  endfacet
  facet normal 0.0327179 0.999465 0
    outer loop
      vertex 0 10 3.3
      vertex 0.654031 9.97859 0
      vertex 0 10 0
    endloop
  endfacet
  facet normal 0.352242 0.935909 -0
    outer loop
      vertex 3.82683 9.2388 0
      vertex 3.21439 9.4693 3.3
      vertex 3.82683 9.2388 3.3
    endloop
  endfacet
  facet normal 0.352242 0.935909 0
    outer loop
      vertex 3.21439 9.4693 3.3
      vertex 3.82683 9.2388 0
      vertex 3.21439 9.4693 0
    endloop
  endfacet
  facet normal 0.227069 0.973879 -0
    outer loop
      vertex 2.58819 9.65926 0
      vertex 1.9509 9.80785 3.3
      vertex 2.58819 9.65926 3.3
    endloop
  endfacet
  facet normal 0.227069 0.973879 0
    outer loop
      vertex 1.9509 9.80785 3.3
      vertex 2.58819 9.65926 0
      vertex 1.9509 9.80785 0
    endloop
  endfacet
  facet normal -0.999465 0.0327179 0
    outer loop
      vertex -10 0 0
      vertex -9.97859 0.654031 3.3
      vertex -9.97859 0.654031 0
    endloop
  endfacet
  facet normal -0.999465 0.0327179 0
    outer loop
      vertex -9.97859 0.654031 3.3
      vertex -10 0 0
      vertex -10 0 3.3
    endloop
  endfacet
  facet normal -0 0 1
    outer loop
      vertex -5.52016 -0.729775 3.3
      vertex -3.13926 -0.841162 3.3
      vertex -5.4756 -0.631427 3.3
    endloop
  endfacet
  facet normal 0 0 1
    outer loop
      vertex -3.13926 -0.841162 3.3
      vertex -5.52016 -0.729775 3.3
      vertex -3.07752 -1.04468 3.3
    endloop
  endfacet
  facet normal -0 0 1
    outer loop
      vertex -5.57106 -0.825 3.3
      vertex -3.07752 -1.04468 3.3
      vertex -5.52016 -0.729775 3.3
    endloop
  endfacet
  facet normal -0 0 1
    outer loop
      vertex -5.62807 -0.916691 3.3
      vertex -3.07752 -1.04468 3.3
      vertex -5.57106 -0.825 3.3
    endloop
  endfacet
  facet normal 0 0 1
    outer loop
      vertex -3.07752 -1.04468 3.3
      vertex -5.62807 -0.916691 3.3
      vertex -3.00261 -1.24372 3.3
    endloop
  endfacet
  facet normal -0 0 1
    outer loop
      vertex -5.69097 -1.00446 3.3
      vertex -3.00261 -1.24372 3.3
      vertex -5.62807 -0.916691 3.3
    endloop
  endfacet
  facet normal 0 0 1
    outer loop
      vertex -3.00261 -1.24372 3.3
      vertex -5.69097 -1.00446 3.3
      vertex -2.91484 -1.43744 3.3
    endloop
  endfacet
  facet normal -0 0 1
    outer loop
      vertex -5.75946 -1.08792 3.3
      vertex -2.91484 -1.43744 3.3
      vertex -5.69097 -1.00446 3.3
    endloop
  endfacet
  facet normal -0 0 1
    outer loop
      vertex -5.83327 -1.16673 3.3
      vertex -2.91484 -1.43744 3.3
      vertex -5.75946 -1.08792 3.3
    endloop
  endfacet
  facet normal 0 0 1
    outer loop
      vertex -2.91484 -1.43744 3.3
      vertex -5.83327 -1.16673 3.3
      vertex -2.81458 -1.625 3.3
    endloop
  endfacet
  facet normal -0 0 1
    outer loop
      vertex -5.91208 -1.24053 3.3
      vertex -2.81458 -1.625 3.3
      vertex -5.83327 -1.16673 3.3
    endloop
  endfacet
  facet normal 0 0 1
    outer loop
      vertex -2.81458 -1.625 3.3
      vertex -5.91208 -1.24053 3.3
      vertex -2.70228 -1.8056 3.3
    endloop
  endfacet
  facet normal -0 0 1
    outer loop
      vertex -5.99554 -1.30903 3.3
      vertex -2.70228 -1.8056 3.3
      vertex -5.91208 -1.24053 3.3
    endloop
  endfacet
  facet normal 0 0 1
    outer loop
      vertex -2.70228 -1.8056 3.3
      vertex -5.5557 -8.3147 3.3
      vertex -5 -8.66025 3.3
    endloop
  endfacet
  facet normal -0 0 1
    outer loop
      vertex -6.08331 -1.37192 3.3
      vertex -2.70228 -1.8056 3.3
      vertex -5.99554 -1.30903 3.3
    endloop
  endfacet
  facet normal -0 0 1
    outer loop
      vertex -6.175 -1.42894 3.3
      vertex -2.70228 -1.8056 3.3
      vertex -6.08331 -1.37192 3.3
    endloop
  endfacet
  facet normal 0 0 1
    outer loop
      vertex -2.70228 -1.8056 3.3
      vertex -6.08761 -7.93353 3.3
      vertex -5.5557 -8.3147 3.3
    endloop
  endfacet
  facet normal -0 0 1
    outer loop
      vertex -6.27022 -1.47984 3.3
      vertex -2.70228 -1.8056 3.3
      vertex -6.175 -1.42894 3.3
    endloop
  endfacet
  facet normal 0 0 1
    outer loop
      vertex -2.70228 -1.8056 3.3
      vertex -6.27022 -1.47984 3.3
      vertex -7.07107 -7.07107 3.3
    endloop
  endfacet
  facet normal 0 0 1
    outer loop
      vertex -7.5184 -6.59346 3.3
      vertex -6.27022 -1.47984 3.3
      vertex -6.36857 -1.5244 3.3
    endloop
  endfacet
  facet normal 0 0 1
    outer loop
      vertex -7.5184 -6.59346 3.3
      vertex -6.36857 -1.5244 3.3
      vertex -6.46962 -1.56243 3.3
    endloop
  endfacet
  facet normal 0 0 1
    outer loop
      vertex -7.93353 -6.08761 3.3
      vertex -6.46962 -1.56243 3.3
      vertex -6.57295 -1.59378 3.3
    endloop
  endfacet
  facet normal 0 0 1
    outer loop
      vertex -2.70228 -1.8056 3.3
      vertex -6.59346 -7.5184 3.3
      vertex -6.08761 -7.93353 3.3
    endloop
  endfacet
  facet normal 0 0 1
    outer loop
      vertex -8.3147 -5.5557 3.3
      vertex -6.57295 -1.59378 3.3
      vertex -6.6781 -1.6183 3.3
    endloop
  endfacet
  facet normal 0 0 1
    outer loop
      vertex -8.3147 -5.5557 3.3
      vertex -6.6781 -1.6183 3.3
      vertex -6.78463 -1.63588 3.3
    endloop
  endfacet
  facet normal 0 0 1
    outer loop
      vertex -8.66025 -5 3.3
      vertex -6.78463 -1.63588 3.3
      vertex -6.89208 -1.64647 3.3
    endloop
  endfacet
  facet normal 0 0 1
    outer loop
      vertex -8.66025 -5 3.3
      vertex -6.89208 -1.64647 3.3
      vertex -7 -1.65 3.3
    endloop
  endfacet
  facet normal 0 0 1
    outer loop
      vertex -2.70228 -1.8056 3.3
      vertex -7.07107 -7.07107 3.3
      vertex -6.59346 -7.5184 3.3
    endloop
  endfacet
  facet normal 0 0 1
    outer loop
      vertex -8.96873 -4.42289 3.3
      vertex -7 -1.65 3.3
      vertex -7.10791 -1.64647 3.3
    endloop
  endfacet
  facet normal 0 0 1
    outer loop
      vertex -8.96873 -4.42289 3.3
      vertex -7.10791 -1.64647 3.3
      vertex -7.21537 -1.63588 3.3
    endloop
  endfacet
  facet normal 0 0 1
    outer loop
      vertex -9.2388 -3.82683 3.3
      vertex -7.21537 -1.63588 3.3
      vertex -7.3219 -1.6183 3.3
    endloop
  endfacet
  facet normal 0 0 1
    outer loop
      vertex -9.2388 -3.82683 3.3
      vertex -7.3219 -1.6183 3.3
      vertex -7.42705 -1.59378 3.3
    endloop
  endfacet
  facet normal 0 0 1
    outer loop
      vertex -6.27022 -1.47984 3.3
      vertex -7.5184 -6.59346 3.3
      vertex -7.07107 -7.07107 3.3
    endloop
  endfacet
  facet normal 0 0 1
    outer loop
      vertex -9.2388 -3.82683 3.3
      vertex -7.42705 -1.59378 3.3
      vertex -7.53037 -1.56243 3.3
    endloop
  endfacet
  facet normal 0 0 1
    outer loop
      vertex -9.4693 -3.21439 3.3
      vertex -7.53037 -1.56243 3.3
      vertex -7.63143 -1.5244 3.3
    endloop
  endfacet
  facet normal 0 0 1
    outer loop
      vertex -9.4693 -3.21439 3.3
      vertex -7.63143 -1.5244 3.3
      vertex -7.72978 -1.47984 3.3
    endloop
  endfacet
  facet normal 0 0 1
    outer loop
      vertex -9.4693 -3.21439 3.3
      vertex -7.72978 -1.47984 3.3
      vertex -7.825 -1.42894 3.3
    endloop
  endfacet
  facet normal 0 0 1
    outer loop
      vertex -9.65926 -2.58819 3.3
      vertex -7.825 -1.42894 3.3
      vertex -7.91669 -1.37192 3.3
    endloop
  endfacet
  facet normal 0 0 1
    outer loop
      vertex -6.46962 -1.56243 3.3
      vertex -7.93353 -6.08761 3.3
      vertex -7.5184 -6.59346 3.3
    endloop
  endfacet
  facet normal 0 0 1
    outer loop
      vertex -9.65926 -2.58819 3.3
      vertex -7.91669 -1.37192 3.3
      vertex -8.00446 -1.30903 3.3
    endloop
  endfacet
  facet normal 0 0 1
    outer loop
      vertex -9.65926 -2.58819 3.3
      vertex -8.00446 -1.30903 3.3
      vertex -8.08792 -1.24053 3.3
    endloop
  endfacet
  facet normal 0 0 1
    outer loop
      vertex -9.80785 -1.9509 3.3
      vertex -8.08792 -1.24053 3.3
      vertex -8.16673 -1.16673 3.3
    endloop
  endfacet
  facet normal 0 0 1
    outer loop
      vertex -9.80785 -1.9509 3.3
      vertex -8.16673 -1.16673 3.3
      vertex -8.24053 -1.08792 3.3
    endloop
  endfacet
  facet normal 0 0 1
    outer loop
      vertex -9.80785 -1.9509 3.3
      vertex -8.24053 -1.08792 3.3
      vertex -8.30903 -1.00446 3.3
    endloop
  endfacet
  facet normal 0 0 1
    outer loop
      vertex -6.57295 -1.59378 3.3
      vertex -8.3147 -5.5557 3.3
      vertex -7.93353 -6.08761 3.3
    endloop
  endfacet
  facet normal 0 0 1
    outer loop
      vertex -9.91445 -1.30526 3.3
      vertex -8.30903 -1.00446 3.3
      vertex -8.37192 -0.916691 3.3
    endloop
  endfacet
  facet normal 0 0 1
    outer loop
      vertex -9.91445 -1.30526 3.3
      vertex -8.37192 -0.916691 3.3
      vertex -8.42894 -0.825 3.3
    endloop
  endfacet
  facet normal 0 0 1
    outer loop
      vertex -9.91445 -1.30526 3.3
      vertex -8.42894 -0.825 3.3
      vertex -8.47984 -0.729775 3.3
    endloop
  endfacet
  facet normal 0 0 1
    outer loop
      vertex -9.91445 -1.30526 3.3
      vertex -8.47984 -0.729775 3.3
      vertex -8.5244 -0.631427 3.3
    endloop
  endfacet
  facet normal 0 0 1
    outer loop
      vertex -9.97859 -0.654031 3.3
      vertex -8.5244 -0.631427 3.3
      vertex -8.56243 -0.530375 3.3
    endloop
  endfacet
  facet normal 0 0 1
    outer loop
      vertex -9.97859 -0.654031 3.3
      vertex -8.56243 -0.530375 3.3
      vertex -8.59378 -0.427051 3.3
    endloop
  endfacet
  facet normal 0 0 1
    outer loop
      vertex -9.97859 -0.654031 3.3
      vertex -8.59378 -0.427051 3.3
      vertex -8.6183 -0.321898 3.3
    endloop
  endfacet
  facet normal 0 0 1
    outer loop
      vertex -9.97859 -0.654031 3.3
      vertex -8.6183 -0.321898 3.3
      vertex -8.63588 -0.215367 3.3
    endloop
  endfacet
  facet normal 0 0 1
    outer loop
      vertex -10 0 3.3
      vertex -8.63588 -0.215367 3.3
      vertex -8.64647 -0.107915 3.3
    endloop
  endfacet
  facet normal 0 0 1
    outer loop
      vertex -6.78463 -1.63588 3.3
      vertex -8.66025 -5 3.3
      vertex -8.3147 -5.5557 3.3
    endloop
  endfacet
  facet normal -0 0 1
    outer loop
      vertex -10 0 3.3
      vertex -8.64647 -0.107915 3.3
      vertex -8.65 0 3.3
    endloop
  endfacet
  facet normal -0 0 1
    outer loop
      vertex -9.97859 0.654031 3.3
      vertex -8.5244 0.631427 3.3
      vertex -9.91445 1.30526 3.3
    endloop
  endfacet
  facet normal 0 0 1
    outer loop
      vertex -8.5244 0.631427 3.3
      vertex -9.97859 0.654031 3.3
      vertex -8.56243 0.530375 3.3
    endloop
  endfacet
  facet normal 0 0 1
    outer loop
      vertex -7 -1.65 3.3
      vertex -8.96873 -4.42289 3.3
      vertex -8.66025 -5 3.3
    endloop
  endfacet
  facet normal 0 0 1
    outer loop
      vertex -8.56243 0.530375 3.3
      vertex -9.97859 0.654031 3.3
      vertex -8.59378 0.427051 3.3
    endloop
  endfacet
  facet normal 0 0 1
    outer loop
      vertex -7.21537 -1.63588 3.3
      vertex -9.2388 -3.82683 3.3
      vertex -8.96873 -4.42289 3.3
    endloop
  endfacet
  facet normal 0 0 1
    outer loop
      vertex -8.59378 0.427051 3.3
      vertex -9.97859 0.654031 3.3
      vertex -8.6183 0.321898 3.3
    endloop
  endfacet
  facet normal 0 0 1
    outer loop
      vertex -7.53037 -1.56243 3.3
      vertex -9.4693 -3.21439 3.3
      vertex -9.2388 -3.82683 3.3
    endloop
  endfacet
  facet normal 0 0 1
    outer loop
      vertex -8.6183 0.321898 3.3
      vertex -9.97859 0.654031 3.3
      vertex -8.63588 0.215367 3.3
    endloop
  endfacet
  facet normal 0 0 1
    outer loop
      vertex -7.825 -1.42894 3.3
      vertex -9.65926 -2.58819 3.3
      vertex -9.4693 -3.21439 3.3
    endloop
  endfacet
  facet normal 0 0 1
    outer loop
      vertex -10 0 3.3
      vertex -8.63588 0.215367 3.3
      vertex -9.97859 0.654031 3.3
    endloop
  endfacet
  facet normal 0 0 1
    outer loop
      vertex -8.08792 -1.24053 3.3
      vertex -9.80785 -1.9509 3.3
      vertex -9.65926 -2.58819 3.3
    endloop
  endfacet
  facet normal 0 0 1
    outer loop
      vertex -8.63588 0.215367 3.3
      vertex -10 0 3.3
      vertex -8.64647 0.107915 3.3
    endloop
  endfacet
  facet normal 0 0 1
    outer loop
      vertex -8.30903 -1.00446 3.3
      vertex -9.91445 -1.30526 3.3
      vertex -9.80785 -1.9509 3.3
    endloop
  endfacet
  facet normal 0 0 1
    outer loop
      vertex -8.64647 0.107915 3.3
      vertex -10 0 3.3
      vertex -8.65 0 3.3
    endloop
  endfacet
  facet normal 0 0 1
    outer loop
      vertex -8.5244 -0.631427 3.3
      vertex -9.97859 -0.654031 3.3
      vertex -9.91445 -1.30526 3.3
    endloop
  endfacet
  facet normal 0 0 1
    outer loop
      vertex -8.63588 -0.215367 3.3
      vertex -10 0 3.3
      vertex -9.97859 -0.654031 3.3
    endloop
  endfacet
  facet normal 0 0 1
    outer loop
      vertex 5 -8.66025 3.3
      vertex 1.64647 -6.89208 3.3
      vertex 1.65 -7 3.3
    endloop
  endfacet
  facet normal 0 0 1
    outer loop
      vertex 1.97847 -2.5784 3.3
      vertex 1.63588 -6.78463 3.3
      vertex 1.64647 -6.89208 3.3
    endloop
  endfacet
  facet normal 0 0 1
    outer loop
      vertex 1.24053 -5.91208 3.3
      vertex 1.8056 -2.70228 3.3
      vertex 1.625 -2.81458 3.3
    endloop
  endfacet
  facet normal 0 0 1
    outer loop
      vertex 1.97847 -2.5784 3.3
      vertex 1.6183 -6.6781 3.3
      vertex 1.63588 -6.78463 3.3
    endloop
  endfacet
  facet normal 0 0 1
    outer loop
      vertex 1.97847 -2.5784 3.3
      vertex 1.59378 -6.57295 3.3
      vertex 1.6183 -6.6781 3.3
    endloop
  endfacet
  facet normal 0 0 1
    outer loop
      vertex 1.97847 -2.5784 3.3
      vertex 1.56243 -6.46962 3.3
      vertex 1.59378 -6.57295 3.3
    endloop
  endfacet
  facet normal 0 0 1
    outer loop
      vertex 1.97847 -2.5784 3.3
      vertex 1.5244 -6.36857 3.3
      vertex 1.56243 -6.46962 3.3
    endloop
  endfacet
  facet normal 0 0 1
    outer loop
      vertex 1.97847 -2.5784 3.3
      vertex 1.47984 -6.27022 3.3
      vertex 1.5244 -6.36857 3.3
    endloop
  endfacet
  facet normal 0 0 1
    outer loop
      vertex 1.16673 -5.83327 3.3
      vertex 1.625 -2.81458 3.3
      vertex 1.43744 -2.91484 3.3
    endloop
  endfacet
  facet normal 0 0 1
    outer loop
      vertex 1.97847 -2.5784 3.3
      vertex 1.42894 -6.175 3.3
      vertex 1.47984 -6.27022 3.3
    endloop
  endfacet
  facet normal 0 0 1
    outer loop
      vertex 1.97847 -2.5784 3.3
      vertex 1.37192 -6.08331 3.3
      vertex 1.42894 -6.175 3.3
    endloop
  endfacet
  facet normal 0 0 1
    outer loop
      vertex 1.8056 -2.70228 3.3
      vertex 1.30903 -5.99554 3.3
      vertex 1.37192 -6.08331 3.3
    endloop
  endfacet
  facet normal 0 0 1
    outer loop
      vertex 1.00446 -5.69097 3.3
      vertex 1.43744 -2.91484 3.3
      vertex 1.24372 -3.00261 3.3
    endloop
  endfacet
  facet normal 0 0 1
    outer loop
      vertex 1.8056 -2.70228 3.3
      vertex 1.24053 -5.91208 3.3
      vertex 1.30903 -5.99554 3.3
    endloop
  endfacet
  facet normal 0 0 1
    outer loop
      vertex 1.625 -2.81458 3.3
      vertex 1.16673 -5.83327 3.3
      vertex 1.24053 -5.91208 3.3
    endloop
  endfacet
  facet normal 0 0 1
    outer loop
      vertex 1.43744 -2.91484 3.3
      vertex 1.08792 -5.75946 3.3
      vertex 1.16673 -5.83327 3.3
    endloop
  endfacet
  facet normal 0 0 1
    outer loop
      vertex 0.916691 -5.62807 3.3
      vertex 1.24372 -3.00261 3.3
      vertex 1.04468 -3.07752 3.3
    endloop
  endfacet
  facet normal 0 0 1
    outer loop
      vertex 1.43744 -2.91484 3.3
      vertex 1.00446 -5.69097 3.3
      vertex 1.08792 -5.75946 3.3
    endloop
  endfacet
  facet normal 0 0 1
    outer loop
      vertex 1.24372 -3.00261 3.3
      vertex 0.916691 -5.62807 3.3
      vertex 1.00446 -5.69097 3.3
    endloop
  endfacet
  facet normal 0 0 1
    outer loop
      vertex 0.729775 -5.52016 3.3
      vertex 1.04468 -3.07752 3.3
      vertex 0.841162 -3.13926 3.3
    endloop
  endfacet
  facet normal 0 0 1
    outer loop
      vertex 1.04468 -3.07752 3.3
      vertex 0.825 -5.57106 3.3
      vertex 0.916691 -5.62807 3.3
    endloop
  endfacet
  facet normal 0 0 1
    outer loop
      vertex 1.04468 -3.07752 3.3
      vertex 0.729775 -5.52016 3.3
      vertex 0.825 -5.57106 3.3
    endloop
  endfacet
  facet normal 0 0 1
    outer loop
      vertex 0.631427 -5.4756 3.3
      vertex 0.841162 -3.13926 3.3
      vertex 0.634043 -3.18755 3.3
    endloop
  endfacet
  facet normal 0 0 1
    outer loop
      vertex 0.841162 -3.13926 3.3
      vertex 0.631427 -5.4756 3.3
      vertex 0.729775 -5.52016 3.3
    endloop
  endfacet
  facet normal 0 0 1
    outer loop
      vertex 0.634043 -3.18755 3.3
      vertex 0.530375 -5.43756 3.3
      vertex 0.631427 -5.4756 3.3
    endloop
  endfacet
  facet normal 0 0 1
    outer loop
      vertex 0.634043 -3.18755 3.3
      vertex 0.427051 -5.40622 3.3
      vertex 0.530375 -5.43756 3.3
    endloop
  endfacet
  facet normal -0 0 1
    outer loop
      vertex 0.42421 -3.2222 3.3
      vertex 0.427051 -5.40622 3.3
      vertex 0.634043 -3.18755 3.3
    endloop
  endfacet
  facet normal 0 0 1
    outer loop
      vertex 0.42421 -3.2222 3.3
      vertex 0.321898 -5.3817 3.3
      vertex 0.427051 -5.40622 3.3
    endloop
  endfacet
  facet normal 0 0 1
    outer loop
      vertex 0.42421 -3.2222 3.3
      vertex 0.215367 -5.36412 3.3
      vertex 0.321898 -5.3817 3.3
    endloop
  endfacet
  facet normal -0 0 1
    outer loop
      vertex 0.21256 -3.24304 3.3
      vertex 0.215367 -5.36412 3.3
      vertex 0.42421 -3.2222 3.3
    endloop
  endfacet
  facet normal 0 0 1
    outer loop
      vertex 0.21256 -3.24304 3.3
      vertex 0.107915 -5.35353 3.3
      vertex 0.215367 -5.36412 3.3
    endloop
  endfacet
  facet normal -0 0 1
    outer loop
      vertex 0 -3.25 3.3
      vertex 0.107915 -5.35353 3.3
      vertex 0.21256 -3.24304 3.3
    endloop
  endfacet
  facet normal 0 0 1
    outer loop
      vertex 0 -3.25 3.3
      vertex 0 -5.35 3.3
      vertex 0.107915 -5.35353 3.3
    endloop
  endfacet
  facet normal 0 0 1
    outer loop
      vertex 0 -3.25 3.3
      vertex -0.107915 -5.35353 3.3
      vertex 0 -5.35 3.3
    endloop
  endfacet
  facet normal 0 0 1
    outer loop
      vertex -0.21256 -3.24304 3.3
      vertex -0.107915 -5.35353 3.3
      vertex 0 -3.25 3.3
    endloop
  endfacet
  facet normal 0 0 1
    outer loop
      vertex -0.21256 -3.24304 3.3
      vertex -0.215367 -5.36412 3.3
      vertex -0.107915 -5.35353 3.3
    endloop
  endfacet
  facet normal 0 0 1
    outer loop
      vertex -0.42421 -3.2222 3.3
      vertex -0.215367 -5.36412 3.3
      vertex -0.21256 -3.24304 3.3
    endloop
  endfacet
  facet normal 0 0 1
    outer loop
      vertex -0.215367 -5.36412 3.3
      vertex -0.42421 -3.2222 3.3
      vertex -0.321898 -5.3817 3.3
    endloop
  endfacet
  facet normal 0 0 1
    outer loop
      vertex -0.42421 -3.2222 3.3
      vertex -0.427051 -5.40622 3.3
      vertex -0.321898 -5.3817 3.3
    endloop
  endfacet
  facet normal 0 0 1
    outer loop
      vertex -0.634043 -3.18755 3.3
      vertex -0.427051 -5.40622 3.3
      vertex -0.42421 -3.2222 3.3
    endloop
  endfacet
  facet normal 0 0 1
    outer loop
      vertex -0.427051 -5.40622 3.3
      vertex -0.634043 -3.18755 3.3
      vertex -0.530375 -5.43756 3.3
    endloop
  endfacet
  facet normal 0 0 1
    outer loop
      vertex -0.530375 -5.43756 3.3
      vertex -0.634043 -3.18755 3.3
      vertex -0.631427 -5.4756 3.3
    endloop
  endfacet
  facet normal 0 0 1
    outer loop
      vertex -0.841162 -3.13926 3.3
      vertex -0.631427 -5.4756 3.3
      vertex -0.634043 -3.18755 3.3
    endloop
  endfacet
  facet normal 0 0 1
    outer loop
      vertex -0.631427 -5.4756 3.3
      vertex -0.841162 -3.13926 3.3
      vertex -0.729775 -5.52016 3.3
    endloop
  endfacet
  facet normal 0 0 1
    outer loop
      vertex -1.04468 -3.07752 3.3
      vertex -0.729775 -5.52016 3.3
      vertex -0.841162 -3.13926 3.3
    endloop
  endfacet
  facet normal 0 0 1
    outer loop
      vertex -0.729775 -5.52016 3.3
      vertex -1.04468 -3.07752 3.3
      vertex -0.825 -5.57106 3.3
    endloop
  endfacet
  facet normal 0 0 1
    outer loop
      vertex -0.825 -5.57106 3.3
      vertex -1.04468 -3.07752 3.3
      vertex -0.916691 -5.62807 3.3
    endloop
  endfacet
  facet normal 0 0 1
    outer loop
      vertex -1.24372 -3.00261 3.3
      vertex -0.916691 -5.62807 3.3
      vertex -1.04468 -3.07752 3.3
    endloop
  endfacet
  facet normal 0 0 1
    outer loop
      vertex -0.916691 -5.62807 3.3
      vertex -1.24372 -3.00261 3.3
      vertex -1.00446 -5.69097 3.3
    endloop
  endfacet
  facet normal 0 0 1
    outer loop
      vertex -1.43744 -2.91484 3.3
      vertex -1.00446 -5.69097 3.3
      vertex -1.24372 -3.00261 3.3
    endloop
  endfacet
  facet normal 0 0 1
    outer loop
      vertex -1.00446 -5.69097 3.3
      vertex -1.43744 -2.91484 3.3
      vertex -1.08792 -5.75946 3.3
    endloop
  endfacet
  facet normal 0 0 1
    outer loop
      vertex -1.08792 -5.75946 3.3
      vertex -1.43744 -2.91484 3.3
      vertex -1.16673 -5.83327 3.3
    endloop
  endfacet
  facet normal 0 0 1
    outer loop
      vertex -1.625 -2.81458 3.3
      vertex -1.16673 -5.83327 3.3
      vertex -1.43744 -2.91484 3.3
    endloop
  endfacet
  facet normal 0 0 1
    outer loop
      vertex -1.16673 -5.83327 3.3
      vertex -1.625 -2.81458 3.3
      vertex -1.24053 -5.91208 3.3
    endloop
  endfacet
  facet normal 0 0 1
    outer loop
      vertex -1.8056 -2.70228 3.3
      vertex -1.24053 -5.91208 3.3
      vertex -1.625 -2.81458 3.3
    endloop
  endfacet
  facet normal 0 0 1
    outer loop
      vertex -1.24053 -5.91208 3.3
      vertex -1.8056 -2.70228 3.3
      vertex -1.30903 -5.99554 3.3
    endloop
  endfacet
  facet normal 0 0 1
    outer loop
      vertex -1.30903 -5.99554 3.3
      vertex -1.8056 -2.70228 3.3
      vertex -1.37192 -6.08331 3.3
    endloop
  endfacet
  facet normal 0 0 1
    outer loop
      vertex -1.97847 -2.5784 3.3
      vertex -1.37192 -6.08331 3.3
      vertex -1.8056 -2.70228 3.3
    endloop
  endfacet
  facet normal 0 0 1
    outer loop
      vertex -1.37192 -6.08331 3.3
      vertex -1.97847 -2.5784 3.3
      vertex -1.42894 -6.175 3.3
    endloop
  endfacet
  facet normal 0 0 1
    outer loop
      vertex -2.14287 -2.44348 3.3
      vertex -1.42894 -6.175 3.3
      vertex -1.97847 -2.5784 3.3
    endloop
  endfacet
  facet normal 0 0 1
    outer loop
      vertex -1.42894 -6.175 3.3
      vertex -2.14287 -2.44348 3.3
      vertex -1.47984 -6.27022 3.3
    endloop
  endfacet
  facet normal 0 0 1
    outer loop
      vertex -2.2981 -2.2981 3.3
      vertex -1.47984 -6.27022 3.3
      vertex -2.14287 -2.44348 3.3
    endloop
  endfacet
  facet normal 0 0 1
    outer loop
      vertex -1.47984 -6.27022 3.3
      vertex -2.2981 -2.2981 3.3
      vertex -1.5244 -6.36857 3.3
    endloop
  endfacet
  facet normal 0 0 1
    outer loop
      vertex -5 -8.66025 3.3
      vertex -1.5244 -6.36857 3.3
      vertex -2.2981 -2.2981 3.3
    endloop
  endfacet
  facet normal 0 0 1
    outer loop
      vertex -1.5244 -6.36857 3.3
      vertex -5 -8.66025 3.3
      vertex -1.56243 -6.46962 3.3
    endloop
  endfacet
  facet normal 0 0 1
    outer loop
      vertex -1.56243 -6.46962 3.3
      vertex -5 -8.66025 3.3
      vertex -1.59378 -6.57295 3.3
    endloop
  endfacet
  facet normal 0 0 1
    outer loop
      vertex 5.99554 -1.30903 3.3
      vertex 2.70228 -1.8056 3.3
      vertex 6.08331 -1.37192 3.3
    endloop
  endfacet
  facet normal 0 0 1
    outer loop
      vertex 2.5784 -1.97847 3.3
      vertex 6.08331 -1.37192 3.3
      vertex 2.70228 -1.8056 3.3
    endloop
  endfacet
  facet normal 0 0 1
    outer loop
      vertex 6.08331 -1.37192 3.3
      vertex 2.5784 -1.97847 3.3
      vertex 6.175 -1.42894 3.3
    endloop
  endfacet
  facet normal 0 0 1
    outer loop
      vertex 2.44348 -2.14287 3.3
      vertex 6.175 -1.42894 3.3
      vertex 2.5784 -1.97847 3.3
    endloop
  endfacet
  facet normal 0 0 1
    outer loop
      vertex 6.175 -1.42894 3.3
      vertex 2.44348 -2.14287 3.3
      vertex 7.07107 -7.07107 3.3
    endloop
  endfacet
  facet normal -0 0 1
    outer loop
      vertex 2.2981 -2.2981 3.3
      vertex 7.07107 -7.07107 3.3
      vertex 2.44348 -2.14287 3.3
    endloop
  endfacet
  facet normal 0 0 1
    outer loop
      vertex 7.07107 -7.07107 3.3
      vertex 2.2981 -2.2981 3.3
      vertex 6.59346 -7.5184 3.3
    endloop
  endfacet
  facet normal -0 0 1
    outer loop
      vertex 2.14287 -2.44348 3.3
      vertex 6.59346 -7.5184 3.3
      vertex 2.2981 -2.2981 3.3
    endloop
  endfacet
  facet normal -0 0 1
    outer loop
      vertex 1.64647 -6.89208 3.3
      vertex 6.59346 -7.5184 3.3
      vertex 2.14287 -2.44348 3.3
    endloop
  endfacet
  facet normal 0 0 1
    outer loop
      vertex 1.64647 -6.89208 3.3
      vertex 6.08761 -7.93353 3.3
      vertex 6.59346 -7.5184 3.3
    endloop
  endfacet
  facet normal 0 0 1
    outer loop
      vertex 1.64647 -6.89208 3.3
      vertex 5 -8.66025 3.3
      vertex 5.5557 -8.3147 3.3
    endloop
  endfacet
  facet normal -0 0 1
    outer loop
      vertex 1.63588 -7.21537 3.3
      vertex 4.42289 -8.96873 3.3
      vertex 1.64647 -7.10791 3.3
    endloop
  endfacet
  facet normal -0 0 1
    outer loop
      vertex 1.64647 -7.10791 3.3
      vertex 4.42289 -8.96873 3.3
      vertex 1.65 -7 3.3
    endloop
  endfacet
  facet normal 0 0 1
    outer loop
      vertex 5 -8.66025 3.3
      vertex 1.65 -7 3.3
      vertex 4.42289 -8.96873 3.3
    endloop
  endfacet
  facet normal 0 0 1
    outer loop
      vertex 1.64647 -6.89208 3.3
      vertex 5.5557 -8.3147 3.3
      vertex 6.08761 -7.93353 3.3
    endloop
  endfacet
  facet normal 0 0 1
    outer loop
      vertex 1.64647 -6.89208 3.3
      vertex 2.14287 -2.44348 3.3
      vertex 1.97847 -2.5784 3.3
    endloop
  endfacet
  facet normal 0 0 1
    outer loop
      vertex 4.42289 -8.96873 3.3
      vertex 1.63588 -7.21537 3.3
      vertex 3.82683 -9.2388 3.3
    endloop
  endfacet
  facet normal 0 0 1
    outer loop
      vertex 1.37192 -6.08331 3.3
      vertex 1.97847 -2.5784 3.3
      vertex 1.8056 -2.70228 3.3
    endloop
  endfacet
  facet normal -0 0 1
    outer loop
      vertex 1.6183 -7.3219 3.3
      vertex 3.82683 -9.2388 3.3
      vertex 1.63588 -7.21537 3.3
    endloop
  endfacet
  facet normal -0 0 1
    outer loop
      vertex 1.59378 -7.42705 3.3
      vertex 3.82683 -9.2388 3.3
      vertex 1.6183 -7.3219 3.3
    endloop
  endfacet
  facet normal -0 0 1
    outer loop
      vertex 1.56243 -7.53037 3.3
      vertex 3.82683 -9.2388 3.3
      vertex 1.59378 -7.42705 3.3
    endloop
  endfacet
  facet normal 0 0 1
    outer loop
      vertex 3.82683 -9.2388 3.3
      vertex 1.56243 -7.53037 3.3
      vertex 3.21439 -9.4693 3.3
    endloop
  endfacet
  facet normal -0 0 1
    outer loop
      vertex 1.5244 -7.63143 3.3
      vertex 3.21439 -9.4693 3.3
      vertex 1.56243 -7.53037 3.3
    endloop
  endfacet
  facet normal -0 0 1
    outer loop
      vertex 1.47984 -7.72978 3.3
      vertex 3.21439 -9.4693 3.3
      vertex 1.5244 -7.63143 3.3
    endloop
  endfacet
  facet normal -0 0 1
    outer loop
      vertex 1.42894 -7.825 3.3
      vertex 3.21439 -9.4693 3.3
      vertex 1.47984 -7.72978 3.3
    endloop
  endfacet
  facet normal 0 0 1
    outer loop
      vertex 3.21439 -9.4693 3.3
      vertex 1.42894 -7.825 3.3
      vertex 2.58819 -9.65926 3.3
    endloop
  endfacet
  facet normal -0 0 1
    outer loop
      vertex 1.37192 -7.91669 3.3
      vertex 2.58819 -9.65926 3.3
      vertex 1.42894 -7.825 3.3
    endloop
  endfacet
  facet normal -0 0 1
    outer loop
      vertex 1.30903 -8.00446 3.3
      vertex 2.58819 -9.65926 3.3
      vertex 1.37192 -7.91669 3.3
    endloop
  endfacet
  facet normal -0 0 1
    outer loop
      vertex 1.24053 -8.08792 3.3
      vertex 2.58819 -9.65926 3.3
      vertex 1.30903 -8.00446 3.3
    endloop
  endfacet
  facet normal 0 0 1
    outer loop
      vertex 2.58819 -9.65926 3.3
      vertex 1.24053 -8.08792 3.3
      vertex 1.9509 -9.80785 3.3
    endloop
  endfacet
  facet normal -0 0 1
    outer loop
      vertex 1.16673 -8.16673 3.3
      vertex 1.9509 -9.80785 3.3
      vertex 1.24053 -8.08792 3.3
    endloop
  endfacet
  facet normal -0 0 1
    outer loop
      vertex 1.08792 -8.24053 3.3
      vertex 1.9509 -9.80785 3.3
      vertex 1.16673 -8.16673 3.3
    endloop
  endfacet
  facet normal -0 0 1
    outer loop
      vertex 1.00446 -8.30903 3.3
      vertex 1.9509 -9.80785 3.3
      vertex 1.08792 -8.24053 3.3
    endloop
  endfacet
  facet normal 0 0 1
    outer loop
      vertex 1.9509 -9.80785 3.3
      vertex 1.00446 -8.30903 3.3
      vertex 1.30526 -9.91445 3.3
    endloop
  endfacet
  facet normal -0 0 1
    outer loop
      vertex 0.916691 -8.37192 3.3
      vertex 1.30526 -9.91445 3.3
      vertex 1.00446 -8.30903 3.3
    endloop
  endfacet
  facet normal -0 0 1
    outer loop
      vertex 0.825 -8.42894 3.3
      vertex 1.30526 -9.91445 3.3
      vertex 0.916691 -8.37192 3.3
    endloop
  endfacet
  facet normal -0 0 1
    outer loop
      vertex 0.729775 -8.47984 3.3
      vertex 1.30526 -9.91445 3.3
      vertex 0.825 -8.42894 3.3
    endloop
  endfacet
  facet normal -0 0 1
    outer loop
      vertex 0.631427 -8.5244 3.3
      vertex 1.30526 -9.91445 3.3
      vertex 0.729775 -8.47984 3.3
    endloop
  endfacet
  facet normal 0 0 1
    outer loop
      vertex 1.30526 -9.91445 3.3
      vertex 0.631427 -8.5244 3.3
      vertex 0.654031 -9.97859 3.3
    endloop
  endfacet
  facet normal -0 0 1
    outer loop
      vertex 0.530375 -8.56243 3.3
      vertex 0.654031 -9.97859 3.3
      vertex 0.631427 -8.5244 3.3
    endloop
  endfacet
  facet normal -0 0 1
    outer loop
      vertex 0.427051 -8.59378 3.3
      vertex 0.654031 -9.97859 3.3
      vertex 0.530375 -8.56243 3.3
    endloop
  endfacet
  facet normal -0 0 1
    outer loop
      vertex 0.321898 -8.6183 3.3
      vertex 0.654031 -9.97859 3.3
      vertex 0.427051 -8.59378 3.3
    endloop
  endfacet
  facet normal -0 0 1
    outer loop
      vertex 0.215367 -8.63588 3.3
      vertex 0.654031 -9.97859 3.3
      vertex 0.321898 -8.6183 3.3
    endloop
  endfacet
  facet normal 0 0 1
    outer loop
      vertex 0 -10 3.3
      vertex 0.215367 -8.63588 3.3
      vertex 0.107915 -8.64647 3.3
    endloop
  endfacet
  facet normal 0 0 1
    outer loop
      vertex 0 -10 3.3
      vertex 0.107915 -8.64647 3.3
      vertex 0 -8.65 3.3
    endloop
  endfacet
  facet normal 0 0 1
    outer loop
      vertex 0.215367 -8.63588 3.3
      vertex 0 -10 3.3
      vertex 0.654031 -9.97859 3.3
    endloop
  endfacet
  facet normal 0 0 1
    outer loop
      vertex -0.107915 -8.64647 3.3
      vertex 0 -10 3.3
      vertex 0 -8.65 3.3
    endloop
  endfacet
  facet normal 0 0 1
    outer loop
      vertex -0.215367 -8.63588 3.3
      vertex 0 -10 3.3
      vertex -0.107915 -8.64647 3.3
    endloop
  endfacet
  facet normal 0 0 1
    outer loop
      vertex -0.654031 -9.97859 3.3
      vertex -0.215367 -8.63588 3.3
      vertex -0.321898 -8.6183 3.3
    endloop
  endfacet
  facet normal 0 0 1
    outer loop
      vertex -0.654031 -9.97859 3.3
      vertex -0.321898 -8.6183 3.3
      vertex -0.427051 -8.59378 3.3
    endloop
  endfacet
  facet normal 0 0 1
    outer loop
      vertex -0.654031 -9.97859 3.3
      vertex -0.427051 -8.59378 3.3
      vertex -0.530375 -8.56243 3.3
    endloop
  endfacet
  facet normal 0 0 1
    outer loop
      vertex -0.654031 -9.97859 3.3
      vertex -0.530375 -8.56243 3.3
      vertex -0.631427 -8.5244 3.3
    endloop
  endfacet
  facet normal 0 0 1
    outer loop
      vertex -0.215367 -8.63588 3.3
      vertex -0.654031 -9.97859 3.3
      vertex 0 -10 3.3
    endloop
  endfacet
  facet normal 0 0 1
    outer loop
      vertex -1.30526 -9.91445 3.3
      vertex -0.631427 -8.5244 3.3
      vertex -0.729775 -8.47984 3.3
    endloop
  endfacet
  facet normal 0 0 1
    outer loop
      vertex -1.30526 -9.91445 3.3
      vertex -0.729775 -8.47984 3.3
      vertex -0.825 -8.42894 3.3
    endloop
  endfacet
  facet normal 0 0 1
    outer loop
      vertex -1.30526 -9.91445 3.3
      vertex -0.825 -8.42894 3.3
      vertex -0.916691 -8.37192 3.3
    endloop
  endfacet
  facet normal 0 0 1
    outer loop
      vertex -1.30526 -9.91445 3.3
      vertex -0.916691 -8.37192 3.3
      vertex -1.00446 -8.30903 3.3
    endloop
  endfacet
  facet normal 0 0 1
    outer loop
      vertex -1.9509 -9.80785 3.3
      vertex -1.00446 -8.30903 3.3
      vertex -1.08792 -8.24053 3.3
    endloop
  endfacet
  facet normal 0 0 1
    outer loop
      vertex -1.9509 -9.80785 3.3
      vertex -1.08792 -8.24053 3.3
      vertex -1.16673 -8.16673 3.3
    endloop
  endfacet
  facet normal 0 0 1
    outer loop
      vertex -1.9509 -9.80785 3.3
      vertex -1.16673 -8.16673 3.3
      vertex -1.24053 -8.08792 3.3
    endloop
  endfacet
  facet normal 0 0 1
    outer loop
      vertex -0.631427 -8.5244 3.3
      vertex -1.30526 -9.91445 3.3
      vertex -0.654031 -9.97859 3.3
    endloop
  endfacet
  facet normal 0 0 1
    outer loop
      vertex -2.58819 -9.65926 3.3
      vertex -1.24053 -8.08792 3.3
      vertex -1.30903 -8.00446 3.3
    endloop
  endfacet
  facet normal 0 0 1
    outer loop
      vertex -2.58819 -9.65926 3.3
      vertex -1.30903 -8.00446 3.3
      vertex -1.37192 -7.91669 3.3
    endloop
  endfacet
  facet normal 0 0 1
    outer loop
      vertex -2.58819 -9.65926 3.3
      vertex -1.37192 -7.91669 3.3
      vertex -1.42894 -7.825 3.3
    endloop
  endfacet
  facet normal 0 0 1
    outer loop
      vertex -3.21439 -9.4693 3.3
      vertex -1.42894 -7.825 3.3
      vertex -1.47984 -7.72978 3.3
    endloop
  endfacet
  facet normal 0 0 1
    outer loop
      vertex -3.21439 -9.4693 3.3
      vertex -1.47984 -7.72978 3.3
      vertex -1.5244 -7.63143 3.3
    endloop
  endfacet
  facet normal 0 0 1
    outer loop
      vertex -3.21439 -9.4693 3.3
      vertex -1.5244 -7.63143 3.3
      vertex -1.56243 -7.53037 3.3
    endloop
  endfacet
  facet normal 0 0 1
    outer loop
      vertex -3.82683 -9.2388 3.3
      vertex -1.56243 -7.53037 3.3
      vertex -1.59378 -7.42705 3.3
    endloop
  endfacet
  facet normal 0 0 1
    outer loop
      vertex -3.82683 -9.2388 3.3
      vertex -1.59378 -7.42705 3.3
      vertex -1.6183 -7.3219 3.3
    endloop
  endfacet
  facet normal 0 0 1
    outer loop
      vertex -3.82683 -9.2388 3.3
      vertex -1.6183 -7.3219 3.3
      vertex -1.63588 -7.21537 3.3
    endloop
  endfacet
  facet normal 0 0 1
    outer loop
      vertex -1.59378 -6.57295 3.3
      vertex -5 -8.66025 3.3
      vertex -1.6183 -6.6781 3.3
    endloop
  endfacet
  facet normal 0 0 1
    outer loop
      vertex -1.00446 -8.30903 3.3
      vertex -1.9509 -9.80785 3.3
      vertex -1.30526 -9.91445 3.3
    endloop
  endfacet
  facet normal 0 0 1
    outer loop
      vertex -4.42289 -8.96873 3.3
      vertex -1.63588 -7.21537 3.3
      vertex -1.64647 -7.10791 3.3
    endloop
  endfacet
  facet normal 0 0 1
    outer loop
      vertex -1.6183 -6.6781 3.3
      vertex -5 -8.66025 3.3
      vertex -1.63588 -6.78463 3.3
    endloop
  endfacet
  facet normal 0 0 1
    outer loop
      vertex -1.64647 -6.89208 3.3
      vertex -5 -8.66025 3.3
      vertex -1.65 -7 3.3
    endloop
  endfacet
  facet normal 0 -0 1
    outer loop
      vertex -4.42289 -8.96873 3.3
      vertex -1.65 -7 3.3
      vertex -5 -8.66025 3.3
    endloop
  endfacet
  facet normal 0 0 1
    outer loop
      vertex -1.63588 -6.78463 3.3
      vertex -5 -8.66025 3.3
      vertex -1.64647 -6.89208 3.3
    endloop
  endfacet
  facet normal 0 0 1
    outer loop
      vertex -5 -8.66025 3.3
      vertex -2.2981 -2.2981 3.3
      vertex -2.44348 -2.14287 3.3
    endloop
  endfacet
  facet normal 0 0 1
    outer loop
      vertex -5 -8.66025 3.3
      vertex -2.44348 -2.14287 3.3
      vertex -2.5784 -1.97847 3.3
    endloop
  endfacet
  facet normal 0 0 1
    outer loop
      vertex -1.24053 -8.08792 3.3
      vertex -2.58819 -9.65926 3.3
      vertex -1.9509 -9.80785 3.3
    endloop
  endfacet
  facet normal 0 0 1
    outer loop
      vertex -5 -8.66025 3.3
      vertex -2.5784 -1.97847 3.3
      vertex -2.70228 -1.8056 3.3
    endloop
  endfacet
  facet normal 0 0 1
    outer loop
      vertex -3.18755 -0.634043 3.3
      vertex -5.43756 -0.530375 3.3
      vertex -3.13926 -0.841162 3.3
    endloop
  endfacet
  facet normal -0 0 1
    outer loop
      vertex -5.43756 -0.530375 3.3
      vertex -3.18755 -0.634043 3.3
      vertex -5.40622 -0.427051 3.3
    endloop
  endfacet
  facet normal 0 0 1
    outer loop
      vertex -3.2222 -0.42421 3.3
      vertex -5.40622 -0.427051 3.3
      vertex -3.18755 -0.634043 3.3
    endloop
  endfacet
  facet normal 0 0 1
    outer loop
      vertex -5.40622 -0.427051 3.3
      vertex -3.2222 -0.42421 3.3
      vertex -5.3817 -0.321898 3.3
    endloop
  endfacet
  facet normal -0 0 1
    outer loop
      vertex -5.3817 -0.321898 3.3
      vertex -3.2222 -0.42421 3.3
      vertex -5.36412 -0.215367 3.3
    endloop
  endfacet
  facet normal 0 0 1
    outer loop
      vertex -3.24304 -0.21256 3.3
      vertex -5.36412 -0.215367 3.3
      vertex -3.2222 -0.42421 3.3
    endloop
  endfacet
  facet normal 0 0 1
    outer loop
      vertex -1.42894 -7.825 3.3
      vertex -3.21439 -9.4693 3.3
      vertex -2.58819 -9.65926 3.3
    endloop
  endfacet
  facet normal 0 0 1
    outer loop
      vertex -5.36412 -0.215367 3.3
      vertex -3.24304 -0.21256 3.3
      vertex -5.35353 -0.107915 3.3
    endloop
  endfacet
  facet normal 0 0 1
    outer loop
      vertex -3.25 0 3.3
      vertex -5.35353 -0.107915 3.3
      vertex -3.24304 -0.21256 3.3
    endloop
  endfacet
  facet normal 0 0 1
    outer loop
      vertex -5.35353 -0.107915 3.3
      vertex -3.25 0 3.3
      vertex -5.35 0 3.3
    endloop
  endfacet
  facet normal 0 0 1
    outer loop
      vertex -2.70228 1.8056 3.3
      vertex -5.91208 1.24053 3.3
      vertex -2.81458 1.625 3.3
    endloop
  endfacet
  facet normal -0 0 1
    outer loop
      vertex -5.4756 -0.631427 3.3
      vertex -3.13926 -0.841162 3.3
      vertex -5.43756 -0.530375 3.3
    endloop
  endfacet
  facet normal 0 -0 1
    outer loop
      vertex -5.69097 1.00446 3.3
      vertex -2.91484 1.43744 3.3
      vertex -5.75946 1.08792 3.3
    endloop
  endfacet
  facet normal 0 0 1
    outer loop
      vertex -1.56243 -7.53037 3.3
      vertex -3.82683 -9.2388 3.3
      vertex -3.21439 -9.4693 3.3
    endloop
  endfacet
  facet normal 0 -0 1
    outer loop
      vertex -5.52016 0.729775 3.3
      vertex -3.07752 1.04468 3.3
      vertex -5.57106 0.825 3.3
    endloop
  endfacet
  facet normal 0 0 1
    outer loop
      vertex -1.63588 -7.21537 3.3
      vertex -4.42289 -8.96873 3.3
      vertex -3.82683 -9.2388 3.3
    endloop
  endfacet
  facet normal 0 0 1
    outer loop
      vertex -1.65 -7 3.3
      vertex -4.42289 -8.96873 3.3
      vertex -1.64647 -7.10791 3.3
    endloop
  endfacet
  facet normal 0 0 1
    outer loop
      vertex -3.25 0 3.3
      vertex -5.35353 0.107915 3.3
      vertex -5.35 0 3.3
    endloop
  endfacet
  facet normal 0 0 1
    outer loop
      vertex -3.24304 0.21256 3.3
      vertex -5.35353 0.107915 3.3
      vertex -3.25 0 3.3
    endloop
  endfacet
  facet normal 0 -0 1
    outer loop
      vertex -5.35353 0.107915 3.3
      vertex -3.24304 0.21256 3.3
      vertex -5.36412 0.215367 3.3
    endloop
  endfacet
  facet normal 0 0 1
    outer loop
      vertex -3.2222 0.42421 3.3
      vertex -5.36412 0.215367 3.3
      vertex -3.24304 0.21256 3.3
    endloop
  endfacet
  facet normal 0 -0 1
    outer loop
      vertex -5.36412 0.215367 3.3
      vertex -3.2222 0.42421 3.3
      vertex -5.3817 0.321898 3.3
    endloop
  endfacet
  facet normal 0 -0 1
    outer loop
      vertex -5.3817 0.321898 3.3
      vertex -3.2222 0.42421 3.3
      vertex -5.40622 0.427051 3.3
    endloop
  endfacet
  facet normal 0 0 1
    outer loop
      vertex -3.18755 0.634043 3.3
      vertex -5.40622 0.427051 3.3
      vertex -3.2222 0.42421 3.3
    endloop
  endfacet
  facet normal 0 0 1
    outer loop
      vertex -3.00261 1.24372 3.3
      vertex -5.62807 0.916691 3.3
      vertex -3.07752 1.04468 3.3
    endloop
  endfacet
  facet normal 0 -0 1
    outer loop
      vertex -5.40622 0.427051 3.3
      vertex -3.18755 0.634043 3.3
      vertex -5.43756 0.530375 3.3
    endloop
  endfacet
  facet normal 0 -0 1
    outer loop
      vertex -5.43756 0.530375 3.3
      vertex -3.18755 0.634043 3.3
      vertex -5.4756 0.631427 3.3
    endloop
  endfacet
  facet normal 0 0 1
    outer loop
      vertex -3.13926 0.841162 3.3
      vertex -5.4756 0.631427 3.3
      vertex -3.18755 0.634043 3.3
    endloop
  endfacet
  facet normal 0 -0 1
    outer loop
      vertex -5.4756 0.631427 3.3
      vertex -3.13926 0.841162 3.3
      vertex -5.52016 0.729775 3.3
    endloop
  endfacet
  facet normal 0 0 1
    outer loop
      vertex -3.07752 1.04468 3.3
      vertex -5.52016 0.729775 3.3
      vertex -3.13926 0.841162 3.3
    endloop
  endfacet
  facet normal 0 -0 1
    outer loop
      vertex -5.57106 0.825 3.3
      vertex -3.07752 1.04468 3.3
      vertex -5.62807 0.916691 3.3
    endloop
  endfacet
  facet normal 0 -0 1
    outer loop
      vertex -5.62807 0.916691 3.3
      vertex -3.00261 1.24372 3.3
      vertex -5.69097 1.00446 3.3
    endloop
  endfacet
  facet normal 0 0 1
    outer loop
      vertex -2.91484 1.43744 3.3
      vertex -5.69097 1.00446 3.3
      vertex -3.00261 1.24372 3.3
    endloop
  endfacet
  facet normal 0 -0 1
    outer loop
      vertex -5.75946 1.08792 3.3
      vertex -2.91484 1.43744 3.3
      vertex -5.83327 1.16673 3.3
    endloop
  endfacet
  facet normal 0 0 1
    outer loop
      vertex -2.81458 1.625 3.3
      vertex -5.83327 1.16673 3.3
      vertex -2.91484 1.43744 3.3
    endloop
  endfacet
  facet normal 0 -0 1
    outer loop
      vertex -5.83327 1.16673 3.3
      vertex -2.81458 1.625 3.3
      vertex -5.91208 1.24053 3.3
    endloop
  endfacet
  facet normal -0 0 1
    outer loop
      vertex -7.07107 7.07107 3.3
      vertex -6.175 1.42894 3.3
      vertex -6.59346 7.5184 3.3
    endloop
  endfacet
  facet normal 0 0 1
    outer loop
      vertex -6.175 1.42894 3.3
      vertex -7.07107 7.07107 3.3
      vertex -6.27022 1.47984 3.3
    endloop
  endfacet
  facet normal -0 0 1
    outer loop
      vertex -7.5184 6.59346 3.3
      vertex -6.27022 1.47984 3.3
      vertex -7.07107 7.07107 3.3
    endloop
  endfacet
  facet normal 0 0 1
    outer loop
      vertex -6.27022 1.47984 3.3
      vertex -7.5184 6.59346 3.3
      vertex -6.36857 1.5244 3.3
    endloop
  endfacet
  facet normal 0 0 1
    outer loop
      vertex -6.36857 1.5244 3.3
      vertex -7.5184 6.59346 3.3
      vertex -6.46962 1.56243 3.3
    endloop
  endfacet
  facet normal -0 0 1
    outer loop
      vertex -7.93353 6.08761 3.3
      vertex -6.46962 1.56243 3.3
      vertex -7.5184 6.59346 3.3
    endloop
  endfacet
  facet normal 0 0 1
    outer loop
      vertex -6.46962 1.56243 3.3
      vertex -7.93353 6.08761 3.3
      vertex -6.57295 1.59378 3.3
    endloop
  endfacet
  facet normal -0 0 1
    outer loop
      vertex -8.3147 5.5557 3.3
      vertex -6.57295 1.59378 3.3
      vertex -7.93353 6.08761 3.3
    endloop
  endfacet
  facet normal 0 0 1
    outer loop
      vertex -6.57295 1.59378 3.3
      vertex -8.3147 5.5557 3.3
      vertex -6.6781 1.6183 3.3
    endloop
  endfacet
  facet normal 0 0 1
    outer loop
      vertex -6.6781 1.6183 3.3
      vertex -8.3147 5.5557 3.3
      vertex -6.78463 1.63588 3.3
    endloop
  endfacet
  facet normal -0 0 1
    outer loop
      vertex -8.66025 5 3.3
      vertex -6.78463 1.63588 3.3
      vertex -8.3147 5.5557 3.3
    endloop
  endfacet
  facet normal 0 0 1
    outer loop
      vertex -6.78463 1.63588 3.3
      vertex -8.66025 5 3.3
      vertex -6.89208 1.64647 3.3
    endloop
  endfacet
  facet normal 0 0 1
    outer loop
      vertex -6.89208 1.64647 3.3
      vertex -8.66025 5 3.3
      vertex -7 1.65 3.3
    endloop
  endfacet
  facet normal -0 0 1
    outer loop
      vertex -8.96873 4.42289 3.3
      vertex -7 1.65 3.3
      vertex -8.66025 5 3.3
    endloop
  endfacet
  facet normal 0 0 1
    outer loop
      vertex -7 1.65 3.3
      vertex -8.96873 4.42289 3.3
      vertex -7.10791 1.64647 3.3
    endloop
  endfacet
  facet normal 0 0 1
    outer loop
      vertex -7.10791 1.64647 3.3
      vertex -8.96873 4.42289 3.3
      vertex -7.21537 1.63588 3.3
    endloop
  endfacet
  facet normal -0 0 1
    outer loop
      vertex -9.2388 3.82683 3.3
      vertex -7.21537 1.63588 3.3
      vertex -8.96873 4.42289 3.3
    endloop
  endfacet
  facet normal 0 0 1
    outer loop
      vertex -7.21537 1.63588 3.3
      vertex -9.2388 3.82683 3.3
      vertex -7.3219 1.6183 3.3
    endloop
  endfacet
  facet normal 0 0 1
    outer loop
      vertex -7.3219 1.6183 3.3
      vertex -9.2388 3.82683 3.3
      vertex -7.42705 1.59378 3.3
    endloop
  endfacet
  facet normal 0 0 1
    outer loop
      vertex -7.42705 1.59378 3.3
      vertex -9.2388 3.82683 3.3
      vertex -7.53037 1.56243 3.3
    endloop
  endfacet
  facet normal -0 0 1
    outer loop
      vertex -9.4693 3.21439 3.3
      vertex -7.53037 1.56243 3.3
      vertex -9.2388 3.82683 3.3
    endloop
  endfacet
  facet normal 0 0 1
    outer loop
      vertex -7.53037 1.56243 3.3
      vertex -9.4693 3.21439 3.3
      vertex -7.63143 1.5244 3.3
    endloop
  endfacet
  facet normal 0 0 1
    outer loop
      vertex -7.63143 1.5244 3.3
      vertex -9.4693 3.21439 3.3
      vertex -7.72978 1.47984 3.3
    endloop
  endfacet
  facet normal 0 0 1
    outer loop
      vertex -7.72978 1.47984 3.3
      vertex -9.4693 3.21439 3.3
      vertex -7.825 1.42894 3.3
    endloop
  endfacet
  facet normal -0 0 1
    outer loop
      vertex -9.65926 2.58819 3.3
      vertex -7.825 1.42894 3.3
      vertex -9.4693 3.21439 3.3
    endloop
  endfacet
  facet normal 0 0 1
    outer loop
      vertex -7.825 1.42894 3.3
      vertex -9.65926 2.58819 3.3
      vertex -7.91669 1.37192 3.3
    endloop
  endfacet
  facet normal 0 0 1
    outer loop
      vertex -7.91669 1.37192 3.3
      vertex -9.65926 2.58819 3.3
      vertex -8.00446 1.30903 3.3
    endloop
  endfacet
  facet normal 0 0 1
    outer loop
      vertex -8.00446 1.30903 3.3
      vertex -9.65926 2.58819 3.3
      vertex -8.08792 1.24053 3.3
    endloop
  endfacet
  facet normal -0 0 1
    outer loop
      vertex -9.80785 1.9509 3.3
      vertex -8.08792 1.24053 3.3
      vertex -9.65926 2.58819 3.3
    endloop
  endfacet
  facet normal 0 0 1
    outer loop
      vertex -8.08792 1.24053 3.3
      vertex -9.80785 1.9509 3.3
      vertex -8.16673 1.16673 3.3
    endloop
  endfacet
  facet normal 0 0 1
    outer loop
      vertex -8.16673 1.16673 3.3
      vertex -9.80785 1.9509 3.3
      vertex -8.24053 1.08792 3.3
    endloop
  endfacet
  facet normal 0 0 1
    outer loop
      vertex -8.24053 1.08792 3.3
      vertex -9.80785 1.9509 3.3
      vertex -8.30903 1.00446 3.3
    endloop
  endfacet
  facet normal -0 0 1
    outer loop
      vertex -9.91445 1.30526 3.3
      vertex -8.30903 1.00446 3.3
      vertex -9.80785 1.9509 3.3
    endloop
  endfacet
  facet normal 0 0 1
    outer loop
      vertex -8.30903 1.00446 3.3
      vertex -9.91445 1.30526 3.3
      vertex -8.37192 0.916691 3.3
    endloop
  endfacet
  facet normal 0 0 1
    outer loop
      vertex -8.37192 0.916691 3.3
      vertex -9.91445 1.30526 3.3
      vertex -8.42894 0.825 3.3
    endloop
  endfacet
  facet normal 0 0 1
    outer loop
      vertex -8.47984 0.729775 3.3
      vertex -9.91445 1.30526 3.3
      vertex -8.5244 0.631427 3.3
    endloop
  endfacet
  facet normal 0 0 1
    outer loop
      vertex -8.42894 0.825 3.3
      vertex -9.91445 1.30526 3.3
      vertex -8.47984 0.729775 3.3
    endloop
  endfacet
  facet normal 0 0 1
    outer loop
      vertex 1.56243 6.46962 3.3
      vertex 6.08761 7.93353 3.3
      vertex 1.59378 6.57295 3.3
    endloop
  endfacet
  facet normal 0 0 1
    outer loop
      vertex 6.08761 7.93353 3.3
      vertex 1.56243 6.46962 3.3
      vertex 6.59346 7.5184 3.3
    endloop
  endfacet
  facet normal 0 0 1
    outer loop
      vertex 1.5244 6.36857 3.3
      vertex 6.59346 7.5184 3.3
      vertex 1.56243 6.46962 3.3
    endloop
  endfacet
  facet normal 0 0 1
    outer loop
      vertex 1.47984 6.27022 3.3
      vertex 6.59346 7.5184 3.3
      vertex 1.5244 6.36857 3.3
    endloop
  endfacet
  facet normal 0 0 1
    outer loop
      vertex 6.59346 7.5184 3.3
      vertex 1.47984 6.27022 3.3
      vertex 2.14287 2.44348 3.3
    endloop
  endfacet
  facet normal -0 0 1
    outer loop
      vertex 1.42894 6.175 3.3
      vertex 2.14287 2.44348 3.3
      vertex 1.47984 6.27022 3.3
    endloop
  endfacet
  facet normal 0 0 1
    outer loop
      vertex 2.14287 2.44348 3.3
      vertex 1.42894 6.175 3.3
      vertex 1.97847 2.5784 3.3
    endloop
  endfacet
  facet normal -0 0 1
    outer loop
      vertex 1.37192 6.08331 3.3
      vertex 1.97847 2.5784 3.3
      vertex 1.42894 6.175 3.3
    endloop
  endfacet
  facet normal 0 0 1
    outer loop
      vertex 1.97847 2.5784 3.3
      vertex 1.37192 6.08331 3.3
      vertex 1.8056 2.70228 3.3
    endloop
  endfacet
  facet normal -0 0 1
    outer loop
      vertex 1.30903 5.99554 3.3
      vertex 1.8056 2.70228 3.3
      vertex 1.37192 6.08331 3.3
    endloop
  endfacet
  facet normal -0 0 1
    outer loop
      vertex 1.24053 5.91208 3.3
      vertex 1.8056 2.70228 3.3
      vertex 1.30903 5.99554 3.3
    endloop
  endfacet
  facet normal 0 0 1
    outer loop
      vertex 1.8056 2.70228 3.3
      vertex 1.24053 5.91208 3.3
      vertex 1.625 2.81458 3.3
    endloop
  endfacet
  facet normal -0 0 1
    outer loop
      vertex 1.16673 5.83327 3.3
      vertex 1.625 2.81458 3.3
      vertex 1.24053 5.91208 3.3
    endloop
  endfacet
  facet normal 0 0 1
    outer loop
      vertex 1.625 2.81458 3.3
      vertex 1.16673 5.83327 3.3
      vertex 1.43744 2.91484 3.3
    endloop
  endfacet
  facet normal -0 0 1
    outer loop
      vertex 1.08792 5.75946 3.3
      vertex 1.43744 2.91484 3.3
      vertex 1.16673 5.83327 3.3
    endloop
  endfacet
  facet normal -0 0 1
    outer loop
      vertex 1.00446 5.69097 3.3
      vertex 1.43744 2.91484 3.3
      vertex 1.08792 5.75946 3.3
    endloop
  endfacet
  facet normal 0 0 1
    outer loop
      vertex 1.43744 2.91484 3.3
      vertex 1.00446 5.69097 3.3
      vertex 1.24372 3.00261 3.3
    endloop
  endfacet
  facet normal -0 0 1
    outer loop
      vertex 0.916691 5.62807 3.3
      vertex 1.24372 3.00261 3.3
      vertex 1.00446 5.69097 3.3
    endloop
  endfacet
  facet normal 0 0 1
    outer loop
      vertex 1.24372 3.00261 3.3
      vertex 0.916691 5.62807 3.3
      vertex 1.04468 3.07752 3.3
    endloop
  endfacet
  facet normal -0 0 1
    outer loop
      vertex 0.825 5.57106 3.3
      vertex 1.04468 3.07752 3.3
      vertex 0.916691 5.62807 3.3
    endloop
  endfacet
  facet normal -0 0 1
    outer loop
      vertex 0.729775 5.52016 3.3
      vertex 1.04468 3.07752 3.3
      vertex 0.825 5.57106 3.3
    endloop
  endfacet
  facet normal 0 0 1
    outer loop
      vertex 1.04468 3.07752 3.3
      vertex 0.729775 5.52016 3.3
      vertex 0.841162 3.13926 3.3
    endloop
  endfacet
  facet normal -0 0 1
    outer loop
      vertex 0.631427 5.4756 3.3
      vertex 0.841162 3.13926 3.3
      vertex 0.729775 5.52016 3.3
    endloop
  endfacet
  facet normal 0 0 1
    outer loop
      vertex 0.841162 3.13926 3.3
      vertex 0.631427 5.4756 3.3
      vertex 0.634043 3.18755 3.3
    endloop
  endfacet
  facet normal -0 0 1
    outer loop
      vertex 0.530375 5.43756 3.3
      vertex 0.634043 3.18755 3.3
      vertex 0.631427 5.4756 3.3
    endloop
  endfacet
  facet normal -0 0 1
    outer loop
      vertex 0.427051 5.40622 3.3
      vertex 0.634043 3.18755 3.3
      vertex 0.530375 5.43756 3.3
    endloop
  endfacet
  facet normal 0 0 1
    outer loop
      vertex 0.427051 5.40622 3.3
      vertex 0.42421 3.2222 3.3
      vertex 0.634043 3.18755 3.3
    endloop
  endfacet
  facet normal -0 0 1
    outer loop
      vertex 0.321898 5.3817 3.3
      vertex 0.42421 3.2222 3.3
      vertex 0.427051 5.40622 3.3
    endloop
  endfacet
  facet normal -0 0 1
    outer loop
      vertex 0.215367 5.36412 3.3
      vertex 0.42421 3.2222 3.3
      vertex 0.321898 5.3817 3.3
    endloop
  endfacet
  facet normal 0 0 1
    outer loop
      vertex 0.215367 5.36412 3.3
      vertex 0.21256 3.24304 3.3
      vertex 0.42421 3.2222 3.3
    endloop
  endfacet
  facet normal -0 0 1
    outer loop
      vertex 0.107915 5.35353 3.3
      vertex 0.21256 3.24304 3.3
      vertex 0.215367 5.36412 3.3
    endloop
  endfacet
  facet normal 0 0 1
    outer loop
      vertex 0 3.25 3.3
      vertex 0.107915 5.35353 3.3
      vertex 0 5.35 3.3
    endloop
  endfacet
  facet normal 0 0 1
    outer loop
      vertex 0.107915 5.35353 3.3
      vertex 0 3.25 3.3
      vertex 0.21256 3.24304 3.3
    endloop
  endfacet
  facet normal 0 0 1
    outer loop
      vertex -0.107915 5.35353 3.3
      vertex 0 3.25 3.3
      vertex 0 5.35 3.3
    endloop
  endfacet
  facet normal 0 0 1
    outer loop
      vertex -0.107915 5.35353 3.3
      vertex -0.21256 3.24304 3.3
      vertex 0 3.25 3.3
    endloop
  endfacet
  facet normal 0 0 1
    outer loop
      vertex -0.215367 5.36412 3.3
      vertex -0.21256 3.24304 3.3
      vertex -0.107915 5.35353 3.3
    endloop
  endfacet
  facet normal 0 0 1
    outer loop
      vertex -0.42421 3.2222 3.3
      vertex -0.215367 5.36412 3.3
      vertex -0.321898 5.3817 3.3
    endloop
  endfacet
  facet normal 0 0 1
    outer loop
      vertex -0.215367 5.36412 3.3
      vertex -0.42421 3.2222 3.3
      vertex -0.21256 3.24304 3.3
    endloop
  endfacet
  facet normal 0 0 1
    outer loop
      vertex -0.427051 5.40622 3.3
      vertex -0.42421 3.2222 3.3
      vertex -0.321898 5.3817 3.3
    endloop
  endfacet
  facet normal 0 0 1
    outer loop
      vertex -0.634043 3.18755 3.3
      vertex -0.427051 5.40622 3.3
      vertex -0.530375 5.43756 3.3
    endloop
  endfacet
  facet normal 0 0 1
    outer loop
      vertex -0.634043 3.18755 3.3
      vertex -0.530375 5.43756 3.3
      vertex -0.631427 5.4756 3.3
    endloop
  endfacet
  facet normal 0 0 1
    outer loop
      vertex -0.427051 5.40622 3.3
      vertex -0.634043 3.18755 3.3
      vertex -0.42421 3.2222 3.3
    endloop
  endfacet
  facet normal 0 0 1
    outer loop
      vertex -0.841162 3.13926 3.3
      vertex -0.631427 5.4756 3.3
      vertex -0.729775 5.52016 3.3
    endloop
  endfacet
  facet normal 0 0 1
    outer loop
      vertex -1.04468 3.07752 3.3
      vertex -0.729775 5.52016 3.3
      vertex -0.825 5.57106 3.3
    endloop
  endfacet
  facet normal 0 0 1
    outer loop
      vertex -0.631427 5.4756 3.3
      vertex -0.841162 3.13926 3.3
      vertex -0.634043 3.18755 3.3
    endloop
  endfacet
  facet normal 0 0 1
    outer loop
      vertex -1.04468 3.07752 3.3
      vertex -0.825 5.57106 3.3
      vertex -0.916691 5.62807 3.3
    endloop
  endfacet
  facet normal 0 0 1
    outer loop
      vertex -1.24372 3.00261 3.3
      vertex -0.916691 5.62807 3.3
      vertex -1.00446 5.69097 3.3
    endloop
  endfacet
  facet normal 0 0 1
    outer loop
      vertex -0.729775 5.52016 3.3
      vertex -1.04468 3.07752 3.3
      vertex -0.841162 3.13926 3.3
    endloop
  endfacet
  facet normal 0 0 1
    outer loop
      vertex -1.43744 2.91484 3.3
      vertex -1.00446 5.69097 3.3
      vertex -1.08792 5.75946 3.3
    endloop
  endfacet
  facet normal 0 0 1
    outer loop
      vertex -1.43744 2.91484 3.3
      vertex -1.08792 5.75946 3.3
      vertex -1.16673 5.83327 3.3
    endloop
  endfacet
  facet normal 0 0 1
    outer loop
      vertex -1.625 2.81458 3.3
      vertex -1.16673 5.83327 3.3
      vertex -1.24053 5.91208 3.3
    endloop
  endfacet
  facet normal 0 0 1
    outer loop
      vertex -0.916691 5.62807 3.3
      vertex -1.24372 3.00261 3.3
      vertex -1.04468 3.07752 3.3
    endloop
  endfacet
  facet normal 0 0 1
    outer loop
      vertex -1.8056 2.70228 3.3
      vertex -1.24053 5.91208 3.3
      vertex -1.30903 5.99554 3.3
    endloop
  endfacet
  facet normal 0 0 1
    outer loop
      vertex -1.8056 2.70228 3.3
      vertex -1.30903 5.99554 3.3
      vertex -1.37192 6.08331 3.3
    endloop
  endfacet
  facet normal 0 0 1
    outer loop
      vertex -1.97847 2.5784 3.3
      vertex -1.37192 6.08331 3.3
      vertex -1.42894 6.175 3.3
    endloop
  endfacet
  facet normal 0 0 1
    outer loop
      vertex -1.00446 5.69097 3.3
      vertex -1.43744 2.91484 3.3
      vertex -1.24372 3.00261 3.3
    endloop
  endfacet
  facet normal 0 0 1
    outer loop
      vertex -2.14287 2.44348 3.3
      vertex -1.42894 6.175 3.3
      vertex -1.47984 6.27022 3.3
    endloop
  endfacet
  facet normal 0 0 1
    outer loop
      vertex -1.56243 6.46962 3.3
      vertex -6.59346 7.5184 3.3
      vertex -1.5244 6.36857 3.3
    endloop
  endfacet
  facet normal -0 0 1
    outer loop
      vertex -6.08761 7.93353 3.3
      vertex -1.59378 6.57295 3.3
      vertex -5.5557 8.3147 3.3
    endloop
  endfacet
  facet normal 0 0 1
    outer loop
      vertex -1.63588 6.78463 3.3
      vertex -5.5557 8.3147 3.3
      vertex -1.6183 6.6781 3.3
    endloop
  endfacet
  facet normal 0 0 1
    outer loop
      vertex -1.64647 6.89208 3.3
      vertex -5 8.66025 3.3
      vertex -1.63588 6.78463 3.3
    endloop
  endfacet
  facet normal 0 0 1
    outer loop
      vertex -1.16673 5.83327 3.3
      vertex -1.625 2.81458 3.3
      vertex -1.43744 2.91484 3.3
    endloop
  endfacet
  facet normal 0 0 1
    outer loop
      vertex -1.65 7 3.3
      vertex -5 8.66025 3.3
      vertex -1.64647 6.89208 3.3
    endloop
  endfacet
  facet normal -0 0 1
    outer loop
      vertex -5 8.66025 3.3
      vertex -1.65 7 3.3
      vertex -4.42289 8.96873 3.3
    endloop
  endfacet
  facet normal 0 0 1
    outer loop
      vertex -1.64647 7.10791 3.3
      vertex -4.42289 8.96873 3.3
      vertex -1.65 7 3.3
    endloop
  endfacet
  facet normal 0 0 1
    outer loop
      vertex -1.24053 5.91208 3.3
      vertex -1.8056 2.70228 3.3
      vertex -1.625 2.81458 3.3
    endloop
  endfacet
  facet normal -0 0 1
    outer loop
      vertex 8.63588 0.215367 3.3
      vertex 10 0 3.3
      vertex 9.97859 0.654031 3.3
    endloop
  endfacet
  facet normal 0 0 1
    outer loop
      vertex 8.5244 0.631427 3.3
      vertex 9.97859 0.654031 3.3
      vertex 9.91445 1.30526 3.3
    endloop
  endfacet
  facet normal 0 0 1
    outer loop
      vertex 10 0 3.3
      vertex 8.63588 0.215367 3.3
      vertex 8.64647 0.107915 3.3
    endloop
  endfacet
  facet normal 0 0 1
    outer loop
      vertex 8.30903 1.00446 3.3
      vertex 9.91445 1.30526 3.3
      vertex 9.80785 1.9509 3.3
    endloop
  endfacet
  facet normal 0 0 1
    outer loop
      vertex 8.64647 -0.107915 3.3
      vertex 10 0 3.3
      vertex 8.65 0 3.3
    endloop
  endfacet
  facet normal 0 0 1
    outer loop
      vertex 8.08792 1.24053 3.3
      vertex 9.80785 1.9509 3.3
      vertex 9.65926 2.58819 3.3
    endloop
  endfacet
  facet normal 0 0 1
    outer loop
      vertex 8.63588 -0.215367 3.3
      vertex 10 0 3.3
      vertex 8.64647 -0.107915 3.3
    endloop
  endfacet
  facet normal 0 0 1
    outer loop
      vertex 7.825 1.42894 3.3
      vertex 9.65926 2.58819 3.3
      vertex 9.4693 3.21439 3.3
    endloop
  endfacet
  facet normal 0 0 1
    outer loop
      vertex 10 0 3.3
      vertex 8.63588 -0.215367 3.3
      vertex 9.97859 -0.654031 3.3
    endloop
  endfacet
  facet normal 0 0 1
    outer loop
      vertex 7.53037 1.56243 3.3
      vertex 9.4693 3.21439 3.3
      vertex 9.2388 3.82683 3.3
    endloop
  endfacet
  facet normal -0 0 1
    outer loop
      vertex 8.6183 -0.321898 3.3
      vertex 9.97859 -0.654031 3.3
      vertex 8.63588 -0.215367 3.3
    endloop
  endfacet
  facet normal 0 0 1
    outer loop
      vertex 7.21537 1.63588 3.3
      vertex 9.2388 3.82683 3.3
      vertex 8.96873 4.42289 3.3
    endloop
  endfacet
  facet normal -0 0 1
    outer loop
      vertex 8.59378 -0.427051 3.3
      vertex 9.97859 -0.654031 3.3
      vertex 8.6183 -0.321898 3.3
    endloop
  endfacet
  facet normal 0 0 1
    outer loop
      vertex 7 1.65 3.3
      vertex 8.96873 4.42289 3.3
      vertex 8.66025 5 3.3
    endloop
  endfacet
  facet normal -0 0 1
    outer loop
      vertex 8.5244 -0.631427 3.3
      vertex 9.97859 -0.654031 3.3
      vertex 8.56243 -0.530375 3.3
    endloop
  endfacet
  facet normal 0 0 1
    outer loop
      vertex 9.97859 -0.654031 3.3
      vertex 8.5244 -0.631427 3.3
      vertex 9.91445 -1.30526 3.3
    endloop
  endfacet
  facet normal -0 0 1
    outer loop
      vertex 8.56243 -0.530375 3.3
      vertex 9.97859 -0.654031 3.3
      vertex 8.59378 -0.427051 3.3
    endloop
  endfacet
  facet normal 0 0 1
    outer loop
      vertex 10 0 3.3
      vertex 8.64647 0.107915 3.3
      vertex 8.65 0 3.3
    endloop
  endfacet
  facet normal 0 0 1
    outer loop
      vertex 9.97859 0.654031 3.3
      vertex 8.6183 0.321898 3.3
      vertex 8.63588 0.215367 3.3
    endloop
  endfacet
  facet normal 0 0 1
    outer loop
      vertex 9.97859 0.654031 3.3
      vertex 8.59378 0.427051 3.3
      vertex 8.6183 0.321898 3.3
    endloop
  endfacet
  facet normal 0 0 1
    outer loop
      vertex 9.97859 0.654031 3.3
      vertex 8.56243 0.530375 3.3
      vertex 8.59378 0.427051 3.3
    endloop
  endfacet
  facet normal 0 0 1
    outer loop
      vertex 9.97859 0.654031 3.3
      vertex 8.5244 0.631427 3.3
      vertex 8.56243 0.530375 3.3
    endloop
  endfacet
  facet normal 0 0 1
    outer loop
      vertex 9.91445 1.30526 3.3
      vertex 8.47984 0.729775 3.3
      vertex 8.5244 0.631427 3.3
    endloop
  endfacet
  facet normal 0 0 1
    outer loop
      vertex 9.91445 1.30526 3.3
      vertex 8.42894 0.825 3.3
      vertex 8.47984 0.729775 3.3
    endloop
  endfacet
  facet normal 0 0 1
    outer loop
      vertex 9.91445 1.30526 3.3
      vertex 8.37192 0.916691 3.3
      vertex 8.42894 0.825 3.3
    endloop
  endfacet
  facet normal 0 0 1
    outer loop
      vertex 6.78463 1.63588 3.3
      vertex 8.66025 5 3.3
      vertex 8.3147 5.5557 3.3
    endloop
  endfacet
  facet normal 0 0 1
    outer loop
      vertex 9.91445 1.30526 3.3
      vertex 8.30903 1.00446 3.3
      vertex 8.37192 0.916691 3.3
    endloop
  endfacet
  facet normal 0 0 1
    outer loop
      vertex 9.80785 1.9509 3.3
      vertex 8.24053 1.08792 3.3
      vertex 8.30903 1.00446 3.3
    endloop
  endfacet
  facet normal 0 0 1
    outer loop
      vertex 9.80785 1.9509 3.3
      vertex 8.16673 1.16673 3.3
      vertex 8.24053 1.08792 3.3
    endloop
  endfacet
  facet normal 0 0 1
    outer loop
      vertex 9.80785 1.9509 3.3
      vertex 8.08792 1.24053 3.3
      vertex 8.16673 1.16673 3.3
    endloop
  endfacet
  facet normal 0 0 1
    outer loop
      vertex 9.65926 2.58819 3.3
      vertex 8.00446 1.30903 3.3
      vertex 8.08792 1.24053 3.3
    endloop
  endfacet
  facet normal 0 0 1
    outer loop
      vertex 6.57295 1.59378 3.3
      vertex 8.3147 5.5557 3.3
      vertex 7.93353 6.08761 3.3
    endloop
  endfacet
  facet normal 0 0 1
    outer loop
      vertex 9.65926 2.58819 3.3
      vertex 7.91669 1.37192 3.3
      vertex 8.00446 1.30903 3.3
    endloop
  endfacet
  facet normal 0 0 1
    outer loop
      vertex 9.65926 2.58819 3.3
      vertex 7.825 1.42894 3.3
      vertex 7.91669 1.37192 3.3
    endloop
  endfacet
  facet normal 0 0 1
    outer loop
      vertex 9.4693 3.21439 3.3
      vertex 7.72978 1.47984 3.3
      vertex 7.825 1.42894 3.3
    endloop
  endfacet
  facet normal 0 0 1
    outer loop
      vertex 9.4693 3.21439 3.3
      vertex 7.63143 1.5244 3.3
      vertex 7.72978 1.47984 3.3
    endloop
  endfacet
  facet normal 0 0 1
    outer loop
      vertex 9.4693 3.21439 3.3
      vertex 7.53037 1.56243 3.3
      vertex 7.63143 1.5244 3.3
    endloop
  endfacet
  facet normal 0 0 1
    outer loop
      vertex 6.46962 1.56243 3.3
      vertex 7.93353 6.08761 3.3
      vertex 7.5184 6.59346 3.3
    endloop
  endfacet
  facet normal 0 0 1
    outer loop
      vertex 9.2388 3.82683 3.3
      vertex 7.42705 1.59378 3.3
      vertex 7.53037 1.56243 3.3
    endloop
  endfacet
  facet normal 0 0 1
    outer loop
      vertex 9.2388 3.82683 3.3
      vertex 7.3219 1.6183 3.3
      vertex 7.42705 1.59378 3.3
    endloop
  endfacet
  facet normal 0 0 1
    outer loop
      vertex 9.2388 3.82683 3.3
      vertex 7.21537 1.63588 3.3
      vertex 7.3219 1.6183 3.3
    endloop
  endfacet
  facet normal 0 0 1
    outer loop
      vertex 8.96873 4.42289 3.3
      vertex 7.10791 1.64647 3.3
      vertex 7.21537 1.63588 3.3
    endloop
  endfacet
  facet normal 0 0 1
    outer loop
      vertex 6.27022 1.47984 3.3
      vertex 7.5184 6.59346 3.3
      vertex 7.07107 7.07107 3.3
    endloop
  endfacet
  facet normal 0 0 1
    outer loop
      vertex 8.96873 4.42289 3.3
      vertex 7 1.65 3.3
      vertex 7.10791 1.64647 3.3
    endloop
  endfacet
  facet normal 0 0 1
    outer loop
      vertex 8.66025 5 3.3
      vertex 6.89208 1.64647 3.3
      vertex 7 1.65 3.3
    endloop
  endfacet
  facet normal 0 0 1
    outer loop
      vertex 8.66025 5 3.3
      vertex 6.78463 1.63588 3.3
      vertex 6.89208 1.64647 3.3
    endloop
  endfacet
  facet normal 0 0 1
    outer loop
      vertex 8.3147 5.5557 3.3
      vertex 6.6781 1.6183 3.3
      vertex 6.78463 1.63588 3.3
    endloop
  endfacet
  facet normal 0 0 1
    outer loop
      vertex 2.2981 2.2981 3.3
      vertex 7.07107 7.07107 3.3
      vertex 6.59346 7.5184 3.3
    endloop
  endfacet
  facet normal 0 0 1
    outer loop
      vertex 8.3147 5.5557 3.3
      vertex 6.57295 1.59378 3.3
      vertex 6.6781 1.6183 3.3
    endloop
  endfacet
  facet normal 0 0 1
    outer loop
      vertex 7.93353 6.08761 3.3
      vertex 6.46962 1.56243 3.3
      vertex 6.57295 1.59378 3.3
    endloop
  endfacet
  facet normal 0 0 1
    outer loop
      vertex 7.5184 6.59346 3.3
      vertex 6.36857 1.5244 3.3
      vertex 6.46962 1.56243 3.3
    endloop
  endfacet
  facet normal 0 0 1
    outer loop
      vertex 7.5184 6.59346 3.3
      vertex 6.27022 1.47984 3.3
      vertex 6.36857 1.5244 3.3
    endloop
  endfacet
  facet normal 0 0 1
    outer loop
      vertex 7.07107 7.07107 3.3
      vertex 2.2981 2.2981 3.3
      vertex 6.27022 1.47984 3.3
    endloop
  endfacet
  facet normal 0 0 1
    outer loop
      vertex 5 8.66025 3.3
      vertex 1.63588 6.78463 3.3
      vertex 5.5557 8.3147 3.3
    endloop
  endfacet
  facet normal -0 -0 1
    outer loop
      vertex 2.44348 2.14287 3.3
      vertex 6.27022 1.47984 3.3
      vertex 2.2981 2.2981 3.3
    endloop
  endfacet
  facet normal 0 0 1
    outer loop
      vertex 6.27022 1.47984 3.3
      vertex 2.44348 2.14287 3.3
      vertex 6.175 1.42894 3.3
    endloop
  endfacet
  facet normal 0 0 1
    outer loop
      vertex 6.175 1.42894 3.3
      vertex 2.5784 1.97847 3.3
      vertex 6.08331 1.37192 3.3
    endloop
  endfacet
  facet normal 0 0 1
    outer loop
      vertex 6.08331 1.37192 3.3
      vertex 2.5784 1.97847 3.3
      vertex 5.99554 1.30903 3.3
    endloop
  endfacet
  facet normal -0 -0 1
    outer loop
      vertex 2.70228 1.8056 3.3
      vertex 5.99554 1.30903 3.3
      vertex 2.5784 1.97847 3.3
    endloop
  endfacet
  facet normal 0 0 1
    outer loop
      vertex 5.99554 1.30903 3.3
      vertex 2.70228 1.8056 3.3
      vertex 5.91208 1.24053 3.3
    endloop
  endfacet
  facet normal -0 -0 1
    outer loop
      vertex 2.81458 1.625 3.3
      vertex 5.91208 1.24053 3.3
      vertex 2.70228 1.8056 3.3
    endloop
  endfacet
  facet normal 0 0 1
    outer loop
      vertex 5.91208 1.24053 3.3
      vertex 2.81458 1.625 3.3
      vertex 5.83327 1.16673 3.3
    endloop
  endfacet
  facet normal 0 0 1
    outer loop
      vertex 1.63588 6.78463 3.3
      vertex 5 8.66025 3.3
      vertex 1.64647 6.89208 3.3
    endloop
  endfacet
  facet normal -0 -0 1
    outer loop
      vertex 2.91484 1.43744 3.3
      vertex 5.83327 1.16673 3.3
      vertex 2.81458 1.625 3.3
    endloop
  endfacet
  facet normal 0 0 1
    outer loop
      vertex 5.83327 1.16673 3.3
      vertex 2.91484 1.43744 3.3
      vertex 5.75946 1.08792 3.3
    endloop
  endfacet
  facet normal -0 -0 1
    outer loop
      vertex 3.00261 1.24372 3.3
      vertex 5.69097 1.00446 3.3
      vertex 2.91484 1.43744 3.3
    endloop
  endfacet
  facet normal 0 0 1
    outer loop
      vertex 5.69097 1.00446 3.3
      vertex 3.00261 1.24372 3.3
      vertex 5.62807 0.916691 3.3
    endloop
  endfacet
  facet normal -0 -0 1
    outer loop
      vertex 3.07752 1.04468 3.3
      vertex 5.62807 0.916691 3.3
      vertex 3.00261 1.24372 3.3
    endloop
  endfacet
  facet normal 0 0 1
    outer loop
      vertex 5.62807 0.916691 3.3
      vertex 3.07752 1.04468 3.3
      vertex 5.57106 0.825 3.3
    endloop
  endfacet
  facet normal -0 -0 1
    outer loop
      vertex 3.13926 0.841162 3.3
      vertex 5.52016 0.729775 3.3
      vertex 3.07752 1.04468 3.3
    endloop
  endfacet
  facet normal 0 0 1
    outer loop
      vertex 5.52016 0.729775 3.3
      vertex 3.13926 0.841162 3.3
      vertex 5.4756 0.631427 3.3
    endloop
  endfacet
  facet normal 0 0 1
    outer loop
      vertex 1.64647 6.89208 3.3
      vertex 5 8.66025 3.3
      vertex 1.65 7 3.3
    endloop
  endfacet
  facet normal -0 0 1
    outer loop
      vertex 8.47984 -0.729775 3.3
      vertex 9.91445 -1.30526 3.3
      vertex 8.5244 -0.631427 3.3
    endloop
  endfacet
  facet normal -0 0 1
    outer loop
      vertex 8.42894 -0.825 3.3
      vertex 9.91445 -1.30526 3.3
      vertex 8.47984 -0.729775 3.3
    endloop
  endfacet
  facet normal -0 0 1
    outer loop
      vertex 8.37192 -0.916691 3.3
      vertex 9.91445 -1.30526 3.3
      vertex 8.42894 -0.825 3.3
    endloop
  endfacet
  facet normal -0 0 1
    outer loop
      vertex 8.30903 -1.00446 3.3
      vertex 9.91445 -1.30526 3.3
      vertex 8.37192 -0.916691 3.3
    endloop
  endfacet
  facet normal 0 0 1
    outer loop
      vertex 9.91445 -1.30526 3.3
      vertex 8.30903 -1.00446 3.3
      vertex 9.80785 -1.9509 3.3
    endloop
  endfacet
  facet normal -0 0 1
    outer loop
      vertex 8.24053 -1.08792 3.3
      vertex 9.80785 -1.9509 3.3
      vertex 8.30903 -1.00446 3.3
    endloop
  endfacet
  facet normal -0 0 1
    outer loop
      vertex 8.16673 -1.16673 3.3
      vertex 9.80785 -1.9509 3.3
      vertex 8.24053 -1.08792 3.3
    endloop
  endfacet
  facet normal -0 0 1
    outer loop
      vertex 8.08792 -1.24053 3.3
      vertex 9.80785 -1.9509 3.3
      vertex 8.16673 -1.16673 3.3
    endloop
  endfacet
  facet normal 0 0 1
    outer loop
      vertex 9.80785 -1.9509 3.3
      vertex 8.08792 -1.24053 3.3
      vertex 9.65926 -2.58819 3.3
    endloop
  endfacet
  facet normal -0 0 1
    outer loop
      vertex 8.00446 -1.30903 3.3
      vertex 9.65926 -2.58819 3.3
      vertex 8.08792 -1.24053 3.3
    endloop
  endfacet
  facet normal -0 0 1
    outer loop
      vertex 7.91669 -1.37192 3.3
      vertex 9.65926 -2.58819 3.3
      vertex 8.00446 -1.30903 3.3
    endloop
  endfacet
  facet normal -0 0 1
    outer loop
      vertex 7.825 -1.42894 3.3
      vertex 9.65926 -2.58819 3.3
      vertex 7.91669 -1.37192 3.3
    endloop
  endfacet
  facet normal 0 0 1
    outer loop
      vertex 9.65926 -2.58819 3.3
      vertex 7.825 -1.42894 3.3
      vertex 9.4693 -3.21439 3.3
    endloop
  endfacet
  facet normal -0 0 1
    outer loop
      vertex 7.72978 -1.47984 3.3
      vertex 9.4693 -3.21439 3.3
      vertex 7.825 -1.42894 3.3
    endloop
  endfacet
  facet normal -0 0 1
    outer loop
      vertex 7.63143 -1.5244 3.3
      vertex 9.4693 -3.21439 3.3
      vertex 7.72978 -1.47984 3.3
    endloop
  endfacet
  facet normal -0 0 1
    outer loop
      vertex 7.53037 -1.56243 3.3
      vertex 9.4693 -3.21439 3.3
      vertex 7.63143 -1.5244 3.3
    endloop
  endfacet
  facet normal 0 0 1
    outer loop
      vertex 9.4693 -3.21439 3.3
      vertex 7.53037 -1.56243 3.3
      vertex 9.2388 -3.82683 3.3
    endloop
  endfacet
  facet normal -0 0 1
    outer loop
      vertex 7.42705 -1.59378 3.3
      vertex 9.2388 -3.82683 3.3
      vertex 7.53037 -1.56243 3.3
    endloop
  endfacet
  facet normal -0 0 1
    outer loop
      vertex 7.3219 -1.6183 3.3
      vertex 9.2388 -3.82683 3.3
      vertex 7.42705 -1.59378 3.3
    endloop
  endfacet
  facet normal -0 0 1
    outer loop
      vertex 7.21537 -1.63588 3.3
      vertex 9.2388 -3.82683 3.3
      vertex 7.3219 -1.6183 3.3
    endloop
  endfacet
  facet normal 0 0 1
    outer loop
      vertex 9.2388 -3.82683 3.3
      vertex 7.21537 -1.63588 3.3
      vertex 8.96873 -4.42289 3.3
    endloop
  endfacet
  facet normal -0 0 1
    outer loop
      vertex 7.10791 -1.64647 3.3
      vertex 8.96873 -4.42289 3.3
      vertex 7.21537 -1.63588 3.3
    endloop
  endfacet
  facet normal -0 0 1
    outer loop
      vertex 7 -1.65 3.3
      vertex 8.96873 -4.42289 3.3
      vertex 7.10791 -1.64647 3.3
    endloop
  endfacet
  facet normal 0 0 1
    outer loop
      vertex 8.96873 -4.42289 3.3
      vertex 7 -1.65 3.3
      vertex 8.66025 -5 3.3
    endloop
  endfacet
  facet normal 0 0 1
    outer loop
      vertex 6.89208 -1.64647 3.3
      vertex 8.66025 -5 3.3
      vertex 7 -1.65 3.3
    endloop
  endfacet
  facet normal 0 0 1
    outer loop
      vertex 6.78463 -1.63588 3.3
      vertex 8.66025 -5 3.3
      vertex 6.89208 -1.64647 3.3
    endloop
  endfacet
  facet normal 0 0 1
    outer loop
      vertex 8.66025 -5 3.3
      vertex 6.78463 -1.63588 3.3
      vertex 8.3147 -5.5557 3.3
    endloop
  endfacet
  facet normal 0 0 1
    outer loop
      vertex 6.6781 -1.6183 3.3
      vertex 8.3147 -5.5557 3.3
      vertex 6.78463 -1.63588 3.3
    endloop
  endfacet
  facet normal 0 0 1
    outer loop
      vertex 6.57295 -1.59378 3.3
      vertex 8.3147 -5.5557 3.3
      vertex 6.6781 -1.6183 3.3
    endloop
  endfacet
  facet normal 0 0 1
    outer loop
      vertex 8.3147 -5.5557 3.3
      vertex 6.57295 -1.59378 3.3
      vertex 7.93353 -6.08761 3.3
    endloop
  endfacet
  facet normal 0 0 1
    outer loop
      vertex 6.46962 -1.56243 3.3
      vertex 7.93353 -6.08761 3.3
      vertex 6.57295 -1.59378 3.3
    endloop
  endfacet
  facet normal 0 0 1
    outer loop
      vertex 7.93353 -6.08761 3.3
      vertex 6.46962 -1.56243 3.3
      vertex 7.5184 -6.59346 3.3
    endloop
  endfacet
  facet normal 0 0 1
    outer loop
      vertex 6.36857 -1.5244 3.3
      vertex 7.5184 -6.59346 3.3
      vertex 6.46962 -1.56243 3.3
    endloop
  endfacet
  facet normal 0 0 1
    outer loop
      vertex 6.27022 -1.47984 3.3
      vertex 7.5184 -6.59346 3.3
      vertex 6.36857 -1.5244 3.3
    endloop
  endfacet
  facet normal 0 0 1
    outer loop
      vertex 7.5184 -6.59346 3.3
      vertex 6.27022 -1.47984 3.3
      vertex 7.07107 -7.07107 3.3
    endloop
  endfacet
  facet normal 0 0 1
    outer loop
      vertex 6.175 -1.42894 3.3
      vertex 7.07107 -7.07107 3.3
      vertex 6.27022 -1.47984 3.3
    endloop
  endfacet
  facet normal 0 0 1
    outer loop
      vertex 5.91208 -1.24053 3.3
      vertex 2.70228 -1.8056 3.3
      vertex 5.99554 -1.30903 3.3
    endloop
  endfacet
  facet normal 0 0 1
    outer loop
      vertex 5.83327 -1.16673 3.3
      vertex 2.81458 -1.625 3.3
      vertex 5.91208 -1.24053 3.3
    endloop
  endfacet
  facet normal 0 0 1
    outer loop
      vertex 2.81458 -1.625 3.3
      vertex 5.83327 -1.16673 3.3
      vertex 2.91484 -1.43744 3.3
    endloop
  endfacet
  facet normal 0 0 1
    outer loop
      vertex 5.75946 -1.08792 3.3
      vertex 2.91484 -1.43744 3.3
      vertex 5.83327 -1.16673 3.3
    endloop
  endfacet
  facet normal 0 0 1
    outer loop
      vertex 5.62807 -0.916691 3.3
      vertex 3.00261 -1.24372 3.3
      vertex 5.69097 -1.00446 3.3
    endloop
  endfacet
  facet normal 0 0 1
    outer loop
      vertex 5.57106 -0.825 3.3
      vertex 3.07752 -1.04468 3.3
      vertex 5.62807 -0.916691 3.3
    endloop
  endfacet
  facet normal 0 0 1
    outer loop
      vertex 3.07752 -1.04468 3.3
      vertex 5.52016 -0.729775 3.3
      vertex 3.13926 -0.841162 3.3
    endloop
  endfacet
  facet normal 0 0 1
    outer loop
      vertex 5.4756 -0.631427 3.3
      vertex 3.13926 -0.841162 3.3
      vertex 5.52016 -0.729775 3.3
    endloop
  endfacet
  facet normal 0 0 1
    outer loop
      vertex 3.13926 -0.841162 3.3
      vertex 5.4756 -0.631427 3.3
      vertex 3.18755 -0.634043 3.3
    endloop
  endfacet
  facet normal 0 0 1
    outer loop
      vertex 5.43756 -0.530375 3.3
      vertex 3.18755 -0.634043 3.3
      vertex 5.4756 -0.631427 3.3
    endloop
  endfacet
  facet normal 0 0 1
    outer loop
      vertex 2.91484 -1.43744 3.3
      vertex 5.69097 -1.00446 3.3
      vertex 3.00261 -1.24372 3.3
    endloop
  endfacet
  facet normal 0 0 1
    outer loop
      vertex 5.40622 -0.427051 3.3
      vertex 3.18755 -0.634043 3.3
      vertex 5.43756 -0.530375 3.3
    endloop
  endfacet
  facet normal 0 0 1
    outer loop
      vertex 3.18755 -0.634043 3.3
      vertex 5.40622 -0.427051 3.3
      vertex 3.2222 -0.42421 3.3
    endloop
  endfacet
  facet normal 0 0 1
    outer loop
      vertex 5.3817 -0.321898 3.3
      vertex 3.2222 -0.42421 3.3
      vertex 5.40622 -0.427051 3.3
    endloop
  endfacet
  facet normal 0 0 1
    outer loop
      vertex 5.36412 -0.215367 3.3
      vertex 3.2222 -0.42421 3.3
      vertex 5.3817 -0.321898 3.3
    endloop
  endfacet
  facet normal 0 0 1
    outer loop
      vertex 3.2222 -0.42421 3.3
      vertex 5.36412 -0.215367 3.3
      vertex 3.24304 -0.21256 3.3
    endloop
  endfacet
  facet normal 0 0 1
    outer loop
      vertex 5.35353 -0.107915 3.3
      vertex 3.24304 -0.21256 3.3
      vertex 5.36412 -0.215367 3.3
    endloop
  endfacet
  facet normal 0 0 1
    outer loop
      vertex 3.24304 -0.21256 3.3
      vertex 5.35353 -0.107915 3.3
      vertex 3.25 0 3.3
    endloop
  endfacet
  facet normal -0 0 1
    outer loop
      vertex 3.25 0 3.3
      vertex 5.35353 -0.107915 3.3
      vertex 5.35 0 3.3
    endloop
  endfacet
  facet normal 0 0 1
    outer loop
      vertex 5.4756 0.631427 3.3
      vertex 3.13926 0.841162 3.3
      vertex 5.43756 0.530375 3.3
    endloop
  endfacet
  facet normal 0 0 1
    outer loop
      vertex 5.52016 -0.729775 3.3
      vertex 3.07752 -1.04468 3.3
      vertex 5.57106 -0.825 3.3
    endloop
  endfacet
  facet normal 0 0 1
    outer loop
      vertex 1.65 7 3.3
      vertex 5 8.66025 3.3
      vertex 4.42289 8.96873 3.3
    endloop
  endfacet
  facet normal 0 0 1
    outer loop
      vertex 3.00261 -1.24372 3.3
      vertex 5.62807 -0.916691 3.3
      vertex 3.07752 -1.04468 3.3
    endloop
  endfacet
  facet normal 0 0 1
    outer loop
      vertex 1.63588 7.21537 3.3
      vertex 4.42289 8.96873 3.3
      vertex 3.82683 9.2388 3.3
    endloop
  endfacet
  facet normal 0 0 1
    outer loop
      vertex 5.69097 -1.00446 3.3
      vertex 2.91484 -1.43744 3.3
      vertex 5.75946 -1.08792 3.3
    endloop
  endfacet
  facet normal 0 0 1
    outer loop
      vertex 2.70228 -1.8056 3.3
      vertex 5.91208 -1.24053 3.3
      vertex 2.81458 -1.625 3.3
    endloop
  endfacet
  facet normal 0 0 1
    outer loop
      vertex 5.35353 0.107915 3.3
      vertex 3.25 0 3.3
      vertex 5.35 0 3.3
    endloop
  endfacet
  facet normal 0 -0 1
    outer loop
      vertex 3.25 0 3.3
      vertex 5.35353 0.107915 3.3
      vertex 3.24304 0.21256 3.3
    endloop
  endfacet
  facet normal 0 0 1
    outer loop
      vertex 1.56243 7.53037 3.3
      vertex 3.82683 9.2388 3.3
      vertex 3.21439 9.4693 3.3
    endloop
  endfacet
  facet normal 0 0 1
    outer loop
      vertex 5.36412 0.215367 3.3
      vertex 3.24304 0.21256 3.3
      vertex 5.35353 0.107915 3.3
    endloop
  endfacet
  facet normal 0 -0 1
    outer loop
      vertex 3.24304 0.21256 3.3
      vertex 5.36412 0.215367 3.3
      vertex 3.2222 0.42421 3.3
    endloop
  endfacet
  facet normal 0 0 1
    outer loop
      vertex 5.3817 0.321898 3.3
      vertex 3.2222 0.42421 3.3
      vertex 5.36412 0.215367 3.3
    endloop
  endfacet
  facet normal 0 0 1
    outer loop
      vertex 5.40622 0.427051 3.3
      vertex 3.2222 0.42421 3.3
      vertex 5.3817 0.321898 3.3
    endloop
  endfacet
  facet normal 0 -0 1
    outer loop
      vertex 3.2222 0.42421 3.3
      vertex 5.40622 0.427051 3.3
      vertex 3.18755 0.634043 3.3
    endloop
  endfacet
  facet normal 0 0 1
    outer loop
      vertex 5.43756 0.530375 3.3
      vertex 3.18755 0.634043 3.3
      vertex 5.40622 0.427051 3.3
    endloop
  endfacet
  facet normal -0 -0 1
    outer loop
      vertex 3.18755 0.634043 3.3
      vertex 5.43756 0.530375 3.3
      vertex 3.13926 0.841162 3.3
    endloop
  endfacet
  facet normal 0 0 1
    outer loop
      vertex 1.42894 7.825 3.3
      vertex 3.21439 9.4693 3.3
      vertex 2.58819 9.65926 3.3
    endloop
  endfacet
  facet normal 0 0 1
    outer loop
      vertex 1.6183 6.6781 3.3
      vertex 5.5557 8.3147 3.3
      vertex 1.63588 6.78463 3.3
    endloop
  endfacet
  facet normal 0 0 1
    outer loop
      vertex 5.57106 0.825 3.3
      vertex 3.07752 1.04468 3.3
      vertex 5.52016 0.729775 3.3
    endloop
  endfacet
  facet normal 0 0 1
    outer loop
      vertex 5.75946 1.08792 3.3
      vertex 2.91484 1.43744 3.3
      vertex 5.69097 1.00446 3.3
    endloop
  endfacet
  facet normal -0 -0 1
    outer loop
      vertex 2.5784 1.97847 3.3
      vertex 6.175 1.42894 3.3
      vertex 2.44348 2.14287 3.3
    endloop
  endfacet
  facet normal 0 0 1
    outer loop
      vertex 6.59346 7.5184 3.3
      vertex 2.14287 2.44348 3.3
      vertex 2.2981 2.2981 3.3
    endloop
  endfacet
  facet normal 0 0 1
    outer loop
      vertex 1.24053 8.08792 3.3
      vertex 2.58819 9.65926 3.3
      vertex 1.9509 9.80785 3.3
    endloop
  endfacet
  facet normal 0 0 1
    outer loop
      vertex 1.59378 6.57295 3.3
      vertex 5.5557 8.3147 3.3
      vertex 1.6183 6.6781 3.3
    endloop
  endfacet
  facet normal 0 0 1
    outer loop
      vertex 5.5557 8.3147 3.3
      vertex 1.59378 6.57295 3.3
      vertex 6.08761 7.93353 3.3
    endloop
  endfacet
  facet normal 0 0 1
    outer loop
      vertex 4.42289 8.96873 3.3
      vertex 1.64647 7.10791 3.3
      vertex 1.65 7 3.3
    endloop
  endfacet
  facet normal 0 0 1
    outer loop
      vertex 4.42289 8.96873 3.3
      vertex 1.63588 7.21537 3.3
      vertex 1.64647 7.10791 3.3
    endloop
  endfacet
  facet normal 0 0 1
    outer loop
      vertex 3.82683 9.2388 3.3
      vertex 1.6183 7.3219 3.3
      vertex 1.63588 7.21537 3.3
    endloop
  endfacet
  facet normal 0 0 1
    outer loop
      vertex 3.82683 9.2388 3.3
      vertex 1.59378 7.42705 3.3
      vertex 1.6183 7.3219 3.3
    endloop
  endfacet
  facet normal 0 0 1
    outer loop
      vertex 3.82683 9.2388 3.3
      vertex 1.56243 7.53037 3.3
      vertex 1.59378 7.42705 3.3
    endloop
  endfacet
  facet normal 0 0 1
    outer loop
      vertex 3.21439 9.4693 3.3
      vertex 1.5244 7.63143 3.3
      vertex 1.56243 7.53037 3.3
    endloop
  endfacet
  facet normal 0 0 1
    outer loop
      vertex 3.21439 9.4693 3.3
      vertex 1.47984 7.72978 3.3
      vertex 1.5244 7.63143 3.3
    endloop
  endfacet
  facet normal 0 0 1
    outer loop
      vertex 3.21439 9.4693 3.3
      vertex 1.42894 7.825 3.3
      vertex 1.47984 7.72978 3.3
    endloop
  endfacet
  facet normal 0 0 1
    outer loop
      vertex 2.58819 9.65926 3.3
      vertex 1.37192 7.91669 3.3
      vertex 1.42894 7.825 3.3
    endloop
  endfacet
  facet normal 0 0 1
    outer loop
      vertex 2.58819 9.65926 3.3
      vertex 1.30903 8.00446 3.3
      vertex 1.37192 7.91669 3.3
    endloop
  endfacet
  facet normal 0 0 1
    outer loop
      vertex 1.00446 8.30903 3.3
      vertex 1.9509 9.80785 3.3
      vertex 1.30526 9.91445 3.3
    endloop
  endfacet
  facet normal 0 0 1
    outer loop
      vertex 2.58819 9.65926 3.3
      vertex 1.24053 8.08792 3.3
      vertex 1.30903 8.00446 3.3
    endloop
  endfacet
  facet normal 0 0 1
    outer loop
      vertex 1.9509 9.80785 3.3
      vertex 1.16673 8.16673 3.3
      vertex 1.24053 8.08792 3.3
    endloop
  endfacet
  facet normal 0 0 1
    outer loop
      vertex 1.9509 9.80785 3.3
      vertex 1.08792 8.24053 3.3
      vertex 1.16673 8.16673 3.3
    endloop
  endfacet
  facet normal 0 0 1
    outer loop
      vertex 1.9509 9.80785 3.3
      vertex 1.00446 8.30903 3.3
      vertex 1.08792 8.24053 3.3
    endloop
  endfacet
  facet normal 0 0 1
    outer loop
      vertex 1.30526 9.91445 3.3
      vertex 0.916691 8.37192 3.3
      vertex 1.00446 8.30903 3.3
    endloop
  endfacet
  facet normal 0 0 1
    outer loop
      vertex 1.30526 9.91445 3.3
      vertex 0.825 8.42894 3.3
      vertex 0.916691 8.37192 3.3
    endloop
  endfacet
  facet normal 0 0 1
    outer loop
      vertex 1.30526 9.91445 3.3
      vertex 0.729775 8.47984 3.3
      vertex 0.825 8.42894 3.3
    endloop
  endfacet
  facet normal 0 0 1
    outer loop
      vertex 0.631427 8.5244 3.3
      vertex 1.30526 9.91445 3.3
      vertex 0.654031 9.97859 3.3
    endloop
  endfacet
  facet normal 0 0 1
    outer loop
      vertex 1.30526 9.91445 3.3
      vertex 0.631427 8.5244 3.3
      vertex 0.729775 8.47984 3.3
    endloop
  endfacet
  facet normal 0 0 1
    outer loop
      vertex 0.654031 9.97859 3.3
      vertex 0.530375 8.56243 3.3
      vertex 0.631427 8.5244 3.3
    endloop
  endfacet
  facet normal 0 0 1
    outer loop
      vertex 0.654031 9.97859 3.3
      vertex 0.427051 8.59378 3.3
      vertex 0.530375 8.56243 3.3
    endloop
  endfacet
  facet normal 0 0 1
    outer loop
      vertex 0.654031 9.97859 3.3
      vertex 0.321898 8.6183 3.3
      vertex 0.427051 8.59378 3.3
    endloop
  endfacet
  facet normal 0 0 1
    outer loop
      vertex 0.654031 9.97859 3.3
      vertex 0.215367 8.63588 3.3
      vertex 0.321898 8.6183 3.3
    endloop
  endfacet
  facet normal 0 0 1
    outer loop
      vertex 0 10 3.3
      vertex 0.215367 8.63588 3.3
      vertex 0.654031 9.97859 3.3
    endloop
  endfacet
  facet normal 0 0 1
    outer loop
      vertex 0.215367 8.63588 3.3
      vertex 0 10 3.3
      vertex 0.107915 8.64647 3.3
    endloop
  endfacet
  facet normal 0 0 1
    outer loop
      vertex 0 10 3.3
      vertex 0 8.65 3.3
      vertex 0.107915 8.64647 3.3
    endloop
  endfacet
  facet normal 0 0 1
    outer loop
      vertex 0 10 3.3
      vertex -0.107915 8.64647 3.3
      vertex 0 8.65 3.3
    endloop
  endfacet
  facet normal 0 0 1
    outer loop
      vertex 0 10 3.3
      vertex -0.215367 8.63588 3.3
      vertex -0.107915 8.64647 3.3
    endloop
  endfacet
  facet normal -0 0 1
    outer loop
      vertex -0.654031 9.97859 3.3
      vertex -0.215367 8.63588 3.3
      vertex 0 10 3.3
    endloop
  endfacet
  facet normal 0 0 1
    outer loop
      vertex -0.215367 8.63588 3.3
      vertex -0.654031 9.97859 3.3
      vertex -0.321898 8.6183 3.3
    endloop
  endfacet
  facet normal 0 0 1
    outer loop
      vertex -0.321898 8.6183 3.3
      vertex -0.654031 9.97859 3.3
      vertex -0.427051 8.59378 3.3
    endloop
  endfacet
  facet normal 0 0 1
    outer loop
      vertex -0.427051 8.59378 3.3
      vertex -0.654031 9.97859 3.3
      vertex -0.530375 8.56243 3.3
    endloop
  endfacet
  facet normal 0 0 1
    outer loop
      vertex -0.530375 8.56243 3.3
      vertex -0.654031 9.97859 3.3
      vertex -0.631427 8.5244 3.3
    endloop
  endfacet
  facet normal -0 0 1
    outer loop
      vertex -1.30526 9.91445 3.3
      vertex -0.631427 8.5244 3.3
      vertex -0.654031 9.97859 3.3
    endloop
  endfacet
  facet normal 0 0 1
    outer loop
      vertex -0.631427 8.5244 3.3
      vertex -1.30526 9.91445 3.3
      vertex -0.729775 8.47984 3.3
    endloop
  endfacet
  facet normal 0 0 1
    outer loop
      vertex -0.729775 8.47984 3.3
      vertex -1.30526 9.91445 3.3
      vertex -0.825 8.42894 3.3
    endloop
  endfacet
  facet normal 0 0 1
    outer loop
      vertex -0.825 8.42894 3.3
      vertex -1.30526 9.91445 3.3
      vertex -0.916691 8.37192 3.3
    endloop
  endfacet
  facet normal 0 0 1
    outer loop
      vertex -0.916691 8.37192 3.3
      vertex -1.30526 9.91445 3.3
      vertex -1.00446 8.30903 3.3
    endloop
  endfacet
  facet normal -0 0 1
    outer loop
      vertex -1.9509 9.80785 3.3
      vertex -1.00446 8.30903 3.3
      vertex -1.30526 9.91445 3.3
    endloop
  endfacet
  facet normal 0 0 1
    outer loop
      vertex -1.00446 8.30903 3.3
      vertex -1.9509 9.80785 3.3
      vertex -1.08792 8.24053 3.3
    endloop
  endfacet
  facet normal 0 0 1
    outer loop
      vertex -1.08792 8.24053 3.3
      vertex -1.9509 9.80785 3.3
      vertex -1.16673 8.16673 3.3
    endloop
  endfacet
  facet normal 0 0 1
    outer loop
      vertex -1.16673 8.16673 3.3
      vertex -1.9509 9.80785 3.3
      vertex -1.24053 8.08792 3.3
    endloop
  endfacet
  facet normal -0 0 1
    outer loop
      vertex -2.58819 9.65926 3.3
      vertex -1.24053 8.08792 3.3
      vertex -1.9509 9.80785 3.3
    endloop
  endfacet
  facet normal 0 0 1
    outer loop
      vertex -1.24053 8.08792 3.3
      vertex -2.58819 9.65926 3.3
      vertex -1.30903 8.00446 3.3
    endloop
  endfacet
  facet normal 0 0 1
    outer loop
      vertex -1.30903 8.00446 3.3
      vertex -2.58819 9.65926 3.3
      vertex -1.37192 7.91669 3.3
    endloop
  endfacet
  facet normal 0 0 1
    outer loop
      vertex -1.37192 7.91669 3.3
      vertex -2.58819 9.65926 3.3
      vertex -1.42894 7.825 3.3
    endloop
  endfacet
  facet normal -0 0 1
    outer loop
      vertex -3.21439 9.4693 3.3
      vertex -1.42894 7.825 3.3
      vertex -2.58819 9.65926 3.3
    endloop
  endfacet
  facet normal 0 0 1
    outer loop
      vertex -1.42894 7.825 3.3
      vertex -3.21439 9.4693 3.3
      vertex -1.47984 7.72978 3.3
    endloop
  endfacet
  facet normal 0 0 1
    outer loop
      vertex -1.47984 7.72978 3.3
      vertex -3.21439 9.4693 3.3
      vertex -1.5244 7.63143 3.3
    endloop
  endfacet
  facet normal 0 0 1
    outer loop
      vertex -1.5244 7.63143 3.3
      vertex -3.21439 9.4693 3.3
      vertex -1.56243 7.53037 3.3
    endloop
  endfacet
  facet normal 0 0 1
    outer loop
      vertex -1.63588 7.21537 3.3
      vertex -4.42289 8.96873 3.3
      vertex -1.64647 7.10791 3.3
    endloop
  endfacet
  facet normal -0 0 1
    outer loop
      vertex -3.82683 9.2388 3.3
      vertex -1.56243 7.53037 3.3
      vertex -3.21439 9.4693 3.3
    endloop
  endfacet
  facet normal 0 0 1
    outer loop
      vertex -1.56243 7.53037 3.3
      vertex -3.82683 9.2388 3.3
      vertex -1.59378 7.42705 3.3
    endloop
  endfacet
  facet normal 0 0 1
    outer loop
      vertex -1.59378 7.42705 3.3
      vertex -3.82683 9.2388 3.3
      vertex -1.6183 7.3219 3.3
    endloop
  endfacet
  facet normal 0 0 1
    outer loop
      vertex -1.6183 7.3219 3.3
      vertex -3.82683 9.2388 3.3
      vertex -1.63588 7.21537 3.3
    endloop
  endfacet
  facet normal -0 0 1
    outer loop
      vertex -4.42289 8.96873 3.3
      vertex -1.63588 7.21537 3.3
      vertex -3.82683 9.2388 3.3
    endloop
  endfacet
  facet normal -0 0 1
    outer loop
      vertex -5.5557 8.3147 3.3
      vertex -1.63588 6.78463 3.3
      vertex -5 8.66025 3.3
    endloop
  endfacet
  facet normal 0 0 1
    outer loop
      vertex -1.37192 6.08331 3.3
      vertex -1.97847 2.5784 3.3
      vertex -1.8056 2.70228 3.3
    endloop
  endfacet
  facet normal 0 0 1
    outer loop
      vertex -1.42894 6.175 3.3
      vertex -2.14287 2.44348 3.3
      vertex -1.97847 2.5784 3.3
    endloop
  endfacet
  facet normal 0 0 1
    outer loop
      vertex -1.47984 6.27022 3.3
      vertex -2.2981 2.2981 3.3
      vertex -2.14287 2.44348 3.3
    endloop
  endfacet
  facet normal 0 0 1
    outer loop
      vertex -1.59378 6.57295 3.3
      vertex -6.08761 7.93353 3.3
      vertex -1.56243 6.46962 3.3
    endloop
  endfacet
  facet normal 0 0 1
    outer loop
      vertex -1.6183 6.6781 3.3
      vertex -5.5557 8.3147 3.3
      vertex -1.59378 6.57295 3.3
    endloop
  endfacet
  facet normal -0 0 1
    outer loop
      vertex -6.59346 7.5184 3.3
      vertex -1.56243 6.46962 3.3
      vertex -6.08761 7.93353 3.3
    endloop
  endfacet
  facet normal 0 0 1
    outer loop
      vertex -1.5244 6.36857 3.3
      vertex -6.59346 7.5184 3.3
      vertex -1.47984 6.27022 3.3
    endloop
  endfacet
  facet normal 0 0 1
    outer loop
      vertex -1.47984 6.27022 3.3
      vertex -6.59346 7.5184 3.3
      vertex -2.2981 2.2981 3.3
    endloop
  endfacet
  facet normal 0 0 1
    outer loop
      vertex -2.2981 2.2981 3.3
      vertex -6.59346 7.5184 3.3
      vertex -2.44348 2.14287 3.3
    endloop
  endfacet
  facet normal 0 -0 1
    outer loop
      vertex -6.175 1.42894 3.3
      vertex -2.44348 2.14287 3.3
      vertex -6.59346 7.5184 3.3
    endloop
  endfacet
  facet normal 0 0 1
    outer loop
      vertex -2.44348 2.14287 3.3
      vertex -6.175 1.42894 3.3
      vertex -2.5784 1.97847 3.3
    endloop
  endfacet
  facet normal 0 -0 1
    outer loop
      vertex -6.08331 1.37192 3.3
      vertex -2.5784 1.97847 3.3
      vertex -6.175 1.42894 3.3
    endloop
  endfacet
  facet normal 0 0 1
    outer loop
      vertex -2.5784 1.97847 3.3
      vertex -6.08331 1.37192 3.3
      vertex -2.70228 1.8056 3.3
    endloop
  endfacet
  facet normal 0 -0 1
    outer loop
      vertex -5.99554 1.30903 3.3
      vertex -2.70228 1.8056 3.3
      vertex -6.08331 1.37192 3.3
    endloop
  endfacet
  facet normal 0 -0 1
    outer loop
      vertex -5.91208 1.24053 3.3
      vertex -2.70228 1.8056 3.3
      vertex -5.99554 1.30903 3.3
    endloop
  endfacet
  facet normal -0.935909 0.352242 0
    outer loop
      vertex -9.4693 3.21439 0
      vertex -9.2388 3.82683 3.3
      vertex -9.2388 3.82683 0
    endloop
  endfacet
  facet normal -0.935909 0.352242 0
    outer loop
      vertex -9.2388 3.82683 3.3
      vertex -9.4693 3.21439 0
      vertex -9.4693 3.21439 3.3
    endloop
  endfacet
  facet normal -0.973879 0.227069 0
    outer loop
      vertex -9.80785 1.9509 0
      vertex -9.65926 2.58819 3.3
      vertex -9.65926 2.58819 0
    endloop
  endfacet
  facet normal -0.973879 0.227069 0
    outer loop
      vertex -9.65926 2.58819 3.3
      vertex -9.80785 1.9509 0
      vertex -9.80785 1.9509 3.3
    endloop
  endfacet
  facet normal -0.81284 0.582486 0
    outer loop
      vertex -8.3147 5.5557 0
      vertex -7.93353 6.08761 3.3
      vertex -7.93353 6.08761 0
    endloop
  endfacet
  facet normal -0.81284 0.582486 0
    outer loop
      vertex -7.93353 6.08761 3.3
      vertex -8.3147 5.5557 0
      vertex -8.3147 5.5557 3.3
    endloop
  endfacet
  facet normal -0.0327179 0.999465 0
    outer loop
      vertex 0 10 0
      vertex -0.654031 9.97859 3.3
      vertex 0 10 3.3
    endloop
  endfacet
  facet normal -0.0327179 0.999465 0
    outer loop
      vertex -0.654031 9.97859 3.3
      vertex 0 10 0
      vertex -0.654031 9.97859 0
    endloop
  endfacet
  facet normal -0.528061 0.849207 0
    outer loop
      vertex -5 8.66025 0
      vertex -5.5557 8.3147 3.3
      vertex -5 8.66025 3.3
    endloop
  endfacet
  facet normal -0.528061 0.849207 0
    outer loop
      vertex -5.5557 8.3147 3.3
      vertex -5 8.66025 0
      vertex -5.5557 8.3147 0
    endloop
  endfacet
  facet normal -0.582486 0.81284 0
    outer loop
      vertex -5.5557 8.3147 0
      vertex -6.08761 7.93353 3.3
      vertex -5.5557 8.3147 3.3
    endloop
  endfacet
  facet normal -0.582486 0.81284 0
    outer loop
      vertex -6.08761 7.93353 3.3
      vertex -5.5557 8.3147 0
      vertex -6.08761 7.93353 0
    endloop
  endfacet
  facet normal -0.412705 0.910865 0
    outer loop
      vertex -3.82683 9.2388 0
      vertex -4.42289 8.96873 3.3
      vertex -3.82683 9.2388 3.3
    endloop
  endfacet
  facet normal -0.412705 0.910865 0
    outer loop
      vertex -4.42289 8.96873 3.3
      vertex -3.82683 9.2388 0
      vertex -4.42289 8.96873 0
    endloop
  endfacet
  facet normal 0.999465 0.0327179 0
    outer loop
      vertex 10 0 3.3
      vertex 9.97859 0.654031 0
      vertex 9.97859 0.654031 3.3
    endloop
  endfacet
  facet normal 0.999465 0.0327179 0
    outer loop
      vertex 9.97859 0.654031 0
      vertex 10 0 3.3
      vertex 10 0 0
    endloop
  endfacet
  facet normal 0.0327179 -0.999465 0
    outer loop
      vertex 0 -10 0
      vertex 0.654031 -9.97859 3.3
      vertex 0 -10 3.3
    endloop
  endfacet
  facet normal 0.0327179 -0.999465 0
    outer loop
      vertex 0.654031 -9.97859 3.3
      vertex 0 -10 0
      vertex 0.654031 -9.97859 0
    endloop
  endfacet
  facet normal 0.582486 -0.81284 0
    outer loop
      vertex 5.5557 -8.3147 0
      vertex 6.08761 -7.93353 3.3
      vertex 5.5557 -8.3147 3.3
    endloop
  endfacet
  facet normal 0.582486 -0.81284 0
    outer loop
      vertex 6.08761 -7.93353 3.3
      vertex 5.5557 -8.3147 0
      vertex 6.08761 -7.93353 0
    endloop
  endfacet
  facet normal 0.412705 -0.910865 0
    outer loop
      vertex 3.82683 -9.2388 0
      vertex 4.42289 -8.96873 3.3
      vertex 3.82683 -9.2388 3.3
    endloop
  endfacet
  facet normal 0.412705 -0.910865 0
    outer loop
      vertex 4.42289 -8.96873 3.3
      vertex 3.82683 -9.2388 0
      vertex 4.42289 -8.96873 0
    endloop
  endfacet
  facet normal -0.352242 -0.935909 0
    outer loop
      vertex -3.82683 -9.2388 0
      vertex -3.21439 -9.4693 3.3
      vertex -3.82683 -9.2388 3.3
    endloop
  endfacet
  facet normal -0.352242 -0.935909 -0
    outer loop
      vertex -3.21439 -9.4693 3.3
      vertex -3.82683 -9.2388 0
      vertex -3.21439 -9.4693 0
    endloop
  endfacet
  facet normal -0.999465 -0.0327179 0
    outer loop
      vertex -9.97859 -0.654031 0
      vertex -10 0 3.3
      vertex -10 0 0
    endloop
  endfacet
  facet normal -0.999465 -0.0327179 0
    outer loop
      vertex -10 0 3.3
      vertex -9.97859 -0.654031 0
      vertex -9.97859 -0.654031 3.3
    endloop
  endfacet
  facet normal -0.81284 -0.582486 0
    outer loop
      vertex -7.93353 -6.08761 0
      vertex -8.3147 -5.5557 3.3
      vertex -8.3147 -5.5557 0
    endloop
  endfacet
  facet normal -0.81284 -0.582486 0
    outer loop
      vertex -8.3147 -5.5557 3.3
      vertex -7.93353 -6.08761 0
      vertex -7.93353 -6.08761 3.3
    endloop
  endfacet
  facet normal -0.910865 -0.412705 0
    outer loop
      vertex -8.96873 -4.42289 0
      vertex -9.2388 -3.82683 3.3
      vertex -9.2388 -3.82683 0
    endloop
  endfacet
  facet normal -0.910865 -0.412705 0
    outer loop
      vertex -9.2388 -3.82683 3.3
      vertex -8.96873 -4.42289 0
      vertex -8.96873 -4.42289 3.3
    endloop
  endfacet
  facet normal 0.956939 0.290291 0
    outer loop
      vertex 9.65926 2.58819 3.3
      vertex 9.4693 3.21439 0
      vertex 9.4693 3.21439 3.3
    endloop
  endfacet
  facet normal 0.956939 0.290291 0
    outer loop
      vertex 9.4693 3.21439 0
      vertex 9.65926 2.58819 3.3
      vertex 9.65926 2.58819 0
    endloop
  endfacet
  facet normal 0.973879 0.227069 0
    outer loop
      vertex 9.80785 1.9509 3.3
      vertex 9.65926 2.58819 0
      vertex 9.65926 2.58819 3.3
    endloop
  endfacet
  facet normal 0.973879 0.227069 0
    outer loop
      vertex 9.65926 2.58819 0
      vertex 9.80785 1.9509 3.3
      vertex 9.80785 1.9509 0
    endloop
  endfacet
  facet normal 0.773018 0.634384 0
    outer loop
      vertex 7.93353 6.08761 3.3
      vertex 7.5184 6.59346 0
      vertex 7.5184 6.59346 3.3
    endloop
  endfacet
  facet normal 0.773018 0.634384 0
    outer loop
      vertex 7.5184 6.59346 0
      vertex 7.93353 6.08761 3.3
      vertex 7.93353 6.08761 0
    endloop
  endfacet
  facet normal 0.729865 0.683592 0
    outer loop
      vertex 7.5184 6.59346 3.3
      vertex 7.07107 7.07107 0
      vertex 7.07107 7.07107 3.3
    endloop
  endfacet
  facet normal 0.729865 0.683592 0
    outer loop
      vertex 7.07107 7.07107 0
      vertex 7.5184 6.59346 3.3
      vertex 7.5184 6.59346 0
    endloop
  endfacet
  facet normal 0.634384 0.773018 -0
    outer loop
      vertex 6.59346 7.5184 0
      vertex 6.08761 7.93353 3.3
      vertex 6.59346 7.5184 3.3
    endloop
  endfacet
  facet normal 0.634384 0.773018 0
    outer loop
      vertex 6.08761 7.93353 3.3
      vertex 6.59346 7.5184 0
      vertex 6.08761 7.93353 0
    endloop
  endfacet
  facet normal 0.471407 0.881916 -0
    outer loop
      vertex 5 8.66025 0
      vertex 4.42289 8.96873 3.3
      vertex 5 8.66025 3.3
    endloop
  endfacet
  facet normal 0.471407 0.881916 0
    outer loop
      vertex 4.42289 8.96873 3.3
      vertex 5 8.66025 0
      vertex 4.42289 8.96873 0
    endloop
  endfacet
  facet normal 0.528061 0.849207 -0
    outer loop
      vertex 5.5557 8.3147 0
      vertex 5 8.66025 3.3
      vertex 5.5557 8.3147 3.3
    endloop
  endfacet
  facet normal 0.528061 0.849207 0
    outer loop
      vertex 5 8.66025 3.3
      vertex 5.5557 8.3147 0
      vertex 5 8.66025 0
    endloop
  endfacet
  facet normal 0.0980164 0.995185 -0
    outer loop
      vertex 1.30526 9.91445 0
      vertex 0.654031 9.97859 3.3
      vertex 1.30526 9.91445 3.3
    endloop
  endfacet
  facet normal 0.0980164 0.995185 0
    outer loop
      vertex 0.654031 9.97859 3.3
      vertex 1.30526 9.91445 0
      vertex 0.654031 9.97859 0
    endloop
  endfacet
  facet normal 0.290291 0.956939 -0
    outer loop
      vertex 3.21439 9.4693 0
      vertex 2.58819 9.65926 3.3
      vertex 3.21439 9.4693 3.3
    endloop
  endfacet
  facet normal 0.290291 0.956939 0
    outer loop
      vertex 2.58819 9.65926 3.3
      vertex 3.21439 9.4693 0
      vertex 2.58819 9.65926 0
    endloop
  endfacet
  facet normal -0.995185 0.0980164 0
    outer loop
      vertex -9.97859 0.654031 0
      vertex -9.91445 1.30526 3.3
      vertex -9.91445 1.30526 0
    endloop
  endfacet
  facet normal -0.995185 0.0980164 0
    outer loop
      vertex -9.91445 1.30526 3.3
      vertex -9.97859 0.654031 0
      vertex -9.97859 0.654031 3.3
    endloop
  endfacet
  facet normal -0.956939 0.290291 0
    outer loop
      vertex -9.65926 2.58819 0
      vertex -9.4693 3.21439 3.3
      vertex -9.4693 3.21439 0
    endloop
  endfacet
  facet normal -0.956939 0.290291 0
    outer loop
      vertex -9.4693 3.21439 3.3
      vertex -9.65926 2.58819 0
      vertex -9.65926 2.58819 3.3
    endloop
  endfacet
  facet normal -0.881916 0.471407 0
    outer loop
      vertex -8.96873 4.42289 0
      vertex -8.66025 5 3.3
      vertex -8.66025 5 0
    endloop
  endfacet
  facet normal -0.881916 0.471407 0
    outer loop
      vertex -8.66025 5 3.3
      vertex -8.96873 4.42289 0
      vertex -8.96873 4.42289 3.3
    endloop
  endfacet
  facet normal -0.773018 0.634384 0
    outer loop
      vertex -7.93353 6.08761 0
      vertex -7.5184 6.59346 3.3
      vertex -7.5184 6.59346 0
    endloop
  endfacet
  facet normal -0.773018 0.634384 0
    outer loop
      vertex -7.5184 6.59346 3.3
      vertex -7.93353 6.08761 0
      vertex -7.93353 6.08761 3.3
    endloop
  endfacet
  facet normal -0.290291 0.956939 0
    outer loop
      vertex -2.58819 9.65926 0
      vertex -3.21439 9.4693 3.3
      vertex -2.58819 9.65926 3.3
    endloop
  endfacet
  facet normal -0.290291 0.956939 0
    outer loop
      vertex -3.21439 9.4693 3.3
      vertex -2.58819 9.65926 0
      vertex -3.21439 9.4693 0
    endloop
  endfacet
  facet normal -0.634384 0.773018 0
    outer loop
      vertex -6.08761 7.93353 0
      vertex -6.59346 7.5184 3.3
      vertex -6.08761 7.93353 3.3
    endloop
  endfacet
  facet normal -0.634384 0.773018 0
    outer loop
      vertex -6.59346 7.5184 3.3
      vertex -6.08761 7.93353 0
      vertex -6.59346 7.5184 0
    endloop
  endfacet
  facet normal -0.683592 0.729865 0
    outer loop
      vertex -6.59346 7.5184 0
      vertex -7.07107 7.07107 3.3
      vertex -6.59346 7.5184 3.3
    endloop
  endfacet
  facet normal -0.683592 0.729865 0
    outer loop
      vertex -7.07107 7.07107 3.3
      vertex -6.59346 7.5184 0
      vertex -7.07107 7.07107 0
    endloop
  endfacet
  facet normal 0.999465 -0.0327179 0
    outer loop
      vertex 9.97859 -0.654031 3.3
      vertex 10 0 0
      vertex 10 0 3.3
    endloop
  endfacet
  facet normal 0.999465 -0.0327179 0
    outer loop
      vertex 10 0 0
      vertex 9.97859 -0.654031 3.3
      vertex 9.97859 -0.654031 0
    endloop
  endfacet
  facet normal 0.986642 -0.162902 0
    outer loop
      vertex 9.80785 -1.9509 3.3
      vertex 9.91445 -1.30526 0
      vertex 9.91445 -1.30526 3.3
    endloop
  endfacet
  facet normal 0.986642 -0.162902 0
    outer loop
      vertex 9.91445 -1.30526 0
      vertex 9.80785 -1.9509 3.3
      vertex 9.80785 -1.9509 0
    endloop
  endfacet
  facet normal 0.0980164 -0.995185 0
    outer loop
      vertex 0.654031 -9.97859 0
      vertex 1.30526 -9.91445 3.3
      vertex 0.654031 -9.97859 3.3
    endloop
  endfacet
  facet normal 0.0980164 -0.995185 0
    outer loop
      vertex 1.30526 -9.91445 3.3
      vertex 0.654031 -9.97859 0
      vertex 1.30526 -9.91445 0
    endloop
  endfacet
  facet normal 0.352242 -0.935909 0
    outer loop
      vertex 3.21439 -9.4693 0
      vertex 3.82683 -9.2388 3.3
      vertex 3.21439 -9.4693 3.3
    endloop
  endfacet
  facet normal 0.352242 -0.935909 0
    outer loop
      vertex 3.82683 -9.2388 3.3
      vertex 3.21439 -9.4693 0
      vertex 3.82683 -9.2388 0
    endloop
  endfacet
  facet normal 0.227069 -0.973879 0
    outer loop
      vertex 1.9509 -9.80785 0
      vertex 2.58819 -9.65926 3.3
      vertex 1.9509 -9.80785 3.3
    endloop
  endfacet
  facet normal 0.227069 -0.973879 0
    outer loop
      vertex 2.58819 -9.65926 3.3
      vertex 1.9509 -9.80785 0
      vertex 2.58819 -9.65926 0
    endloop
  endfacet
  facet normal 0.634384 -0.773018 0
    outer loop
      vertex 6.08761 -7.93353 0
      vertex 6.59346 -7.5184 3.3
      vertex 6.08761 -7.93353 3.3
    endloop
  endfacet
  facet normal 0.634384 -0.773018 0
    outer loop
      vertex 6.59346 -7.5184 3.3
      vertex 6.08761 -7.93353 0
      vertex 6.59346 -7.5184 0
    endloop
  endfacet
  facet normal 0.471407 -0.881916 0
    outer loop
      vertex 4.42289 -8.96873 0
      vertex 5 -8.66025 3.3
      vertex 4.42289 -8.96873 3.3
    endloop
  endfacet
  facet normal 0.471407 -0.881916 0
    outer loop
      vertex 5 -8.66025 3.3
      vertex 4.42289 -8.96873 0
      vertex 5 -8.66025 0
    endloop
  endfacet
  facet normal 0.528061 -0.849207 0
    outer loop
      vertex 5 -8.66025 0
      vertex 5.5557 -8.3147 3.3
      vertex 5 -8.66025 3.3
    endloop
  endfacet
  facet normal 0.528061 -0.849207 0
    outer loop
      vertex 5.5557 -8.3147 3.3
      vertex 5 -8.66025 0
      vertex 5.5557 -8.3147 0
    endloop
  endfacet
  facet normal -0.0980164 -0.995185 0
    outer loop
      vertex -1.30526 -9.91445 0
      vertex -0.654031 -9.97859 3.3
      vertex -1.30526 -9.91445 3.3
    endloop
  endfacet
  facet normal -0.0980164 -0.995185 -0
    outer loop
      vertex -0.654031 -9.97859 3.3
      vertex -1.30526 -9.91445 0
      vertex -0.654031 -9.97859 0
    endloop
  endfacet
  facet normal -0.162902 -0.986642 0
    outer loop
      vertex -1.9509 -9.80785 0
      vertex -1.30526 -9.91445 3.3
      vertex -1.9509 -9.80785 3.3
    endloop
  endfacet
  facet normal -0.162902 -0.986642 -0
    outer loop
      vertex -1.30526 -9.91445 3.3
      vertex -1.9509 -9.80785 0
      vertex -1.30526 -9.91445 0
    endloop
  endfacet
  facet normal -0.0327179 -0.999465 0
    outer loop
      vertex -0.654031 -9.97859 0
      vertex 0 -10 3.3
      vertex -0.654031 -9.97859 3.3
    endloop
  endfacet
  facet normal -0.0327179 -0.999465 -0
    outer loop
      vertex 0 -10 3.3
      vertex -0.654031 -9.97859 0
      vertex 0 -10 0
    endloop
  endfacet
  facet normal -0.290291 -0.956939 0
    outer loop
      vertex -3.21439 -9.4693 0
      vertex -2.58819 -9.65926 3.3
      vertex -3.21439 -9.4693 3.3
    endloop
  endfacet
  facet normal -0.290291 -0.956939 -0
    outer loop
      vertex -2.58819 -9.65926 3.3
      vertex -3.21439 -9.4693 0
      vertex -2.58819 -9.65926 0
    endloop
  endfacet
  facet normal -0.471407 -0.881916 0
    outer loop
      vertex -5 -8.66025 0
      vertex -4.42289 -8.96873 3.3
      vertex -5 -8.66025 3.3
    endloop
  endfacet
  facet normal -0.471407 -0.881916 -0
    outer loop
      vertex -4.42289 -8.96873 3.3
      vertex -5 -8.66025 0
      vertex -4.42289 -8.96873 0
    endloop
  endfacet
  facet normal -0.528061 -0.849207 0
    outer loop
      vertex -5.5557 -8.3147 0
      vertex -5 -8.66025 3.3
      vertex -5.5557 -8.3147 3.3
    endloop
  endfacet
  facet normal -0.528061 -0.849207 -0
    outer loop
      vertex -5 -8.66025 3.3
      vertex -5.5557 -8.3147 0
      vertex -5 -8.66025 0
    endloop
  endfacet
  facet normal -0.412705 -0.910865 0
    outer loop
      vertex -4.42289 -8.96873 0
      vertex -3.82683 -9.2388 3.3
      vertex -4.42289 -8.96873 3.3
    endloop
  endfacet
  facet normal -0.412705 -0.910865 -0
    outer loop
      vertex -3.82683 -9.2388 3.3
      vertex -4.42289 -8.96873 0
      vertex -3.82683 -9.2388 0
    endloop
  endfacet
  facet normal -0.582486 -0.81284 0
    outer loop
      vertex -6.08761 -7.93353 0
      vertex -5.5557 -8.3147 3.3
      vertex -6.08761 -7.93353 3.3
    endloop
  endfacet
  facet normal -0.582486 -0.81284 -0
    outer loop
      vertex -5.5557 -8.3147 3.3
      vertex -6.08761 -7.93353 0
      vertex -5.5557 -8.3147 0
    endloop
  endfacet
  facet normal -0.935909 -0.352242 0
    outer loop
      vertex -9.2388 -3.82683 0
      vertex -9.4693 -3.21439 3.3
      vertex -9.4693 -3.21439 0
    endloop
  endfacet
  facet normal -0.935909 -0.352242 0
    outer loop
      vertex -9.4693 -3.21439 3.3
      vertex -9.2388 -3.82683 0
      vertex -9.2388 -3.82683 3.3
    endloop
  endfacet
  facet normal -0.973879 -0.227069 0
    outer loop
      vertex -9.65926 -2.58819 0
      vertex -9.80785 -1.9509 3.3
      vertex -9.80785 -1.9509 0
    endloop
  endfacet
  facet normal -0.973879 -0.227069 0
    outer loop
      vertex -9.80785 -1.9509 3.3
      vertex -9.65926 -2.58819 0
      vertex -9.65926 -2.58819 3.3
    endloop
  endfacet
  facet normal -0.956939 -0.290291 0
    outer loop
      vertex -9.4693 -3.21439 0
      vertex -9.65926 -2.58819 3.3
      vertex -9.65926 -2.58819 0
    endloop
  endfacet
  facet normal -0.956939 -0.290291 0
    outer loop
      vertex -9.65926 -2.58819 3.3
      vertex -9.4693 -3.21439 0
      vertex -9.4693 -3.21439 3.3
    endloop
  endfacet
  facet normal -0.995185 -0.0980164 0
    outer loop
      vertex -9.91445 -1.30526 0
      vertex -9.97859 -0.654031 3.3
      vertex -9.97859 -0.654031 0
    endloop
  endfacet
  facet normal -0.995185 -0.0980164 0
    outer loop
      vertex -9.97859 -0.654031 3.3
      vertex -9.91445 -1.30526 0
      vertex -9.91445 -1.30526 3.3
    endloop
  endfacet
  facet normal -0.986642 -0.162902 0
    outer loop
      vertex -9.80785 -1.9509 0
      vertex -9.91445 -1.30526 3.3
      vertex -9.91445 -1.30526 0
    endloop
  endfacet
  facet normal -0.986642 -0.162902 0
    outer loop
      vertex -9.91445 -1.30526 3.3
      vertex -9.80785 -1.9509 0
      vertex -9.80785 -1.9509 3.3
    endloop
  endfacet
  facet normal -0.849207 -0.528061 0
    outer loop
      vertex -8.3147 -5.5557 0
      vertex -8.66025 -5 3.3
      vertex -8.66025 -5 0
    endloop
  endfacet
  facet normal -0.849207 -0.528061 0
    outer loop
      vertex -8.66025 -5 3.3
      vertex -8.3147 -5.5557 0
      vertex -8.3147 -5.5557 3.3
    endloop
  endfacet
  facet normal -0.881916 -0.471407 0
    outer loop
      vertex -8.66025 -5 0
      vertex -8.96873 -4.42289 3.3
      vertex -8.96873 -4.42289 0
    endloop
  endfacet
  facet normal -0.881916 -0.471407 0
    outer loop
      vertex -8.96873 -4.42289 3.3
      vertex -8.66025 -5 0
      vertex -8.66025 -5 3.3
    endloop
  endfacet
  facet normal -0.773018 -0.634384 0
    outer loop
      vertex -7.5184 -6.59346 0
      vertex -7.93353 -6.08761 3.3
      vertex -7.93353 -6.08761 0
    endloop
  endfacet
  facet normal -0.773018 -0.634384 0
    outer loop
      vertex -7.93353 -6.08761 3.3
      vertex -7.5184 -6.59346 0
      vertex -7.5184 -6.59346 3.3
    endloop
  endfacet
  facet normal -0.729865 -0.683592 0
    outer loop
      vertex -7.07107 -7.07107 0
      vertex -7.5184 -6.59346 3.3
      vertex -7.5184 -6.59346 0
    endloop
  endfacet
  facet normal -0.729865 -0.683592 0
    outer loop
      vertex -7.5184 -6.59346 3.3
      vertex -7.07107 -7.07107 0
      vertex -7.07107 -7.07107 3.3
    endloop
  endfacet
  facet normal 0.881916 0.471407 0
    outer loop
      vertex 8.96873 4.42289 3.3
      vertex 8.66025 5 0
      vertex 8.66025 5 3.3
    endloop
  endfacet
  facet normal 0.881916 0.471407 0
    outer loop
      vertex 8.66025 5 0
      vertex 8.96873 4.42289 3.3
      vertex 8.96873 4.42289 0
    endloop
  endfacet
  facet normal 0.162902 0.986642 -0
    outer loop
      vertex 1.9509 9.80785 0
      vertex 1.30526 9.91445 3.3
      vertex 1.9509 9.80785 3.3
    endloop
  endfacet
  facet normal 0.162902 0.986642 0
    outer loop
      vertex 1.30526 9.91445 3.3
      vertex 1.9509 9.80785 0
      vertex 1.30526 9.91445 0
    endloop
  endfacet
  facet normal -0.986642 0.162902 0
    outer loop
      vertex -9.91445 1.30526 0
      vertex -9.80785 1.9509 3.3
      vertex -9.80785 1.9509 0
    endloop
  endfacet
  facet normal -0.986642 0.162902 0
    outer loop
      vertex -9.80785 1.9509 3.3
      vertex -9.91445 1.30526 0
      vertex -9.91445 1.30526 3.3
    endloop
  endfacet
  facet normal -0.849207 0.528061 0
    outer loop
      vertex -8.66025 5 0
      vertex -8.3147 5.5557 3.3
      vertex -8.3147 5.5557 0
    endloop
  endfacet
  facet normal -0.849207 0.528061 0
    outer loop
      vertex -8.3147 5.5557 3.3
      vertex -8.66025 5 0
      vertex -8.66025 5 3.3
    endloop
  endfacet
  facet normal -0.227069 0.973879 0
    outer loop
      vertex -1.9509 9.80785 0
      vertex -2.58819 9.65926 3.3
      vertex -1.9509 9.80785 3.3
    endloop
  endfacet
  facet normal -0.227069 0.973879 0
    outer loop
      vertex -2.58819 9.65926 3.3
      vertex -1.9509 9.80785 0
      vertex -2.58819 9.65926 0
    endloop
  endfacet
  facet normal -0.0980164 0.995185 0
    outer loop
      vertex -0.654031 9.97859 0
      vertex -1.30526 9.91445 3.3
      vertex -0.654031 9.97859 3.3
    endloop
  endfacet
  facet normal -0.0980164 0.995185 0
    outer loop
      vertex -1.30526 9.91445 3.3
      vertex -0.654031 9.97859 0
      vertex -1.30526 9.91445 0
    endloop
  endfacet
  facet normal -0.471407 0.881916 0
    outer loop
      vertex -4.42289 8.96873 0
      vertex -5 8.66025 3.3
      vertex -4.42289 8.96873 3.3
    endloop
  endfacet
  facet normal -0.471407 0.881916 0
    outer loop
      vertex -5 8.66025 3.3
      vertex -4.42289 8.96873 0
      vertex -5 8.66025 0
    endloop
  endfacet
  facet normal 0.973879 -0.227069 0
    outer loop
      vertex 9.65926 -2.58819 3.3
      vertex 9.80785 -1.9509 0
      vertex 9.80785 -1.9509 3.3
    endloop
  endfacet
  facet normal 0.973879 -0.227069 0
    outer loop
      vertex 9.80785 -1.9509 0
      vertex 9.65926 -2.58819 3.3
      vertex 9.65926 -2.58819 0
    endloop
  endfacet
  facet normal 0.956939 -0.290291 0
    outer loop
      vertex 9.4693 -3.21439 3.3
      vertex 9.65926 -2.58819 0
      vertex 9.65926 -2.58819 3.3
    endloop
  endfacet
  facet normal 0.956939 -0.290291 0
    outer loop
      vertex 9.65926 -2.58819 0
      vertex 9.4693 -3.21439 3.3
      vertex 9.4693 -3.21439 0
    endloop
  endfacet
  facet normal 0.910865 -0.412705 0
    outer loop
      vertex 8.96873 -4.42289 3.3
      vertex 9.2388 -3.82683 0
      vertex 9.2388 -3.82683 3.3
    endloop
  endfacet
  facet normal 0.910865 -0.412705 0
    outer loop
      vertex 9.2388 -3.82683 0
      vertex 8.96873 -4.42289 3.3
      vertex 8.96873 -4.42289 0
    endloop
  endfacet
  facet normal 0.81284 -0.582486 0
    outer loop
      vertex 7.93353 -6.08761 3.3
      vertex 8.3147 -5.5557 0
      vertex 8.3147 -5.5557 3.3
    endloop
  endfacet
  facet normal 0.81284 -0.582486 0
    outer loop
      vertex 8.3147 -5.5557 0
      vertex 7.93353 -6.08761 3.3
      vertex 7.93353 -6.08761 0
    endloop
  endfacet
  facet normal 0.162902 -0.986642 0
    outer loop
      vertex 1.30526 -9.91445 0
      vertex 1.9509 -9.80785 3.3
      vertex 1.30526 -9.91445 3.3
    endloop
  endfacet
  facet normal 0.162902 -0.986642 0
    outer loop
      vertex 1.9509 -9.80785 3.3
      vertex 1.30526 -9.91445 0
      vertex 1.9509 -9.80785 0
    endloop
  endfacet
  facet normal 0.290291 -0.956939 0
    outer loop
      vertex 2.58819 -9.65926 0
      vertex 3.21439 -9.4693 3.3
      vertex 2.58819 -9.65926 3.3
    endloop
  endfacet
  facet normal 0.290291 -0.956939 0
    outer loop
      vertex 3.21439 -9.4693 3.3
      vertex 2.58819 -9.65926 0
      vertex 3.21439 -9.4693 0
    endloop
  endfacet
  facet normal 0.683592 -0.729865 0
    outer loop
      vertex 6.59346 -7.5184 0
      vertex 7.07107 -7.07107 3.3
      vertex 6.59346 -7.5184 3.3
    endloop
  endfacet
  facet normal 0.683592 -0.729865 0
    outer loop
      vertex 7.07107 -7.07107 3.3
      vertex 6.59346 -7.5184 0
      vertex 7.07107 -7.07107 0
    endloop
  endfacet
  facet normal -0.227069 -0.973879 0
    outer loop
      vertex -2.58819 -9.65926 0
      vertex -1.9509 -9.80785 3.3
      vertex -2.58819 -9.65926 3.3
    endloop
  endfacet
  facet normal -0.227069 -0.973879 -0
    outer loop
      vertex -1.9509 -9.80785 3.3
      vertex -2.58819 -9.65926 0
      vertex -1.9509 -9.80785 0
    endloop
  endfacet
  facet normal -0.634384 -0.773018 0
    outer loop
      vertex -6.59346 -7.5184 0
      vertex -6.08761 -7.93353 3.3
      vertex -6.59346 -7.5184 3.3
    endloop
  endfacet
  facet normal -0.634384 -0.773018 -0
    outer loop
      vertex -6.08761 -7.93353 3.3
      vertex -6.59346 -7.5184 0
      vertex -6.08761 -7.93353 0
    endloop
  endfacet
  facet normal 0.881916 -0.471407 0
    outer loop
      vertex 8.66025 -5 3.3
      vertex 8.96873 -4.42289 0
      vertex 8.96873 -4.42289 3.3
    endloop
  endfacet
  facet normal 0.881916 -0.471407 0
    outer loop
      vertex 8.96873 -4.42289 0
      vertex 8.66025 -5 3.3
      vertex 8.66025 -5 0
    endloop
  endfacet
  facet normal 0.849207 -0.528061 0
    outer loop
      vertex 8.3147 -5.5557 3.3
      vertex 8.66025 -5 0
      vertex 8.66025 -5 3.3
    endloop
  endfacet
  facet normal 0.849207 -0.528061 0
    outer loop
      vertex 8.66025 -5 0
      vertex 8.3147 -5.5557 3.3
      vertex 8.3147 -5.5557 0
    endloop
  endfacet
  facet normal 0.773018 -0.634384 0
    outer loop
      vertex 7.5184 -6.59346 3.3
      vertex 7.93353 -6.08761 0
      vertex 7.93353 -6.08761 3.3
    endloop
  endfacet
  facet normal 0.773018 -0.634384 0
    outer loop
      vertex 7.93353 -6.08761 0
      vertex 7.5184 -6.59346 3.3
      vertex 7.5184 -6.59346 0
    endloop
  endfacet
  facet normal 0.729865 -0.683592 0
    outer loop
      vertex 7.07107 -7.07107 3.3
      vertex 7.5184 -6.59346 0
      vertex 7.5184 -6.59346 3.3
    endloop
  endfacet
  facet normal 0.729865 -0.683592 0
    outer loop
      vertex 7.5184 -6.59346 0
      vertex 7.07107 -7.07107 3.3
      vertex 7.07107 -7.07107 0
    endloop
  endfacet
endsolid OpenSCAD_Model
