solid OpenSCAD_Model
  facet normal 0.683581 0.729874 -0
    outer loop
      vertex 28.9914 28.9914 14.2
      vertex 27.0332 30.8254 20.2
      vertex 28.9914 28.9914 20.2
    endloop
  endfacet
  facet normal 0.683581 0.729874 0
    outer loop
      vertex 27.0332 30.8254 20.2
      vertex 28.9914 28.9914 14.2
      vertex 27.0332 30.8254 14.2
    endloop
  endfacet
  facet normal -0.352226 0.935915 0
    outer loop
      vertex -13.179 38.8241 14.2
      vertex -15.69 37.8791 20.2
      vertex -13.179 38.8241 20.2
    endloop
  endfacet
  facet normal -0.352226 0.935915 0
    outer loop
      vertex -15.69 37.8791 20.2
      vertex -13.179 38.8241 14.2
      vertex -15.69 37.8791 14.2
    endloop
  endfacet
  facet normal -0.91086 0.412716 0
    outer loop
      vertex -37.8791 15.69 14.2
      vertex -36.7718 18.1338 20.2
      vertex -36.7718 18.1338 14.2
    endloop
  endfacet
  facet normal -0.91086 0.412716 0
    outer loop
      vertex -36.7718 18.1338 20.2
      vertex -37.8791 15.69 14.2
      vertex -37.8791 15.69 20.2
    endloop
  endfacet
  facet normal 0.91086 0.412716 0
    outer loop
      vertex 37.8791 15.69 20.2
      vertex 36.7718 18.1338 14.2
      vertex 36.7718 18.1338 20.2
    endloop
  endfacet
  facet normal 0.91086 0.412716 0
    outer loop
      vertex 36.7718 18.1338 14.2
      vertex 37.8791 15.69 20.2
      vertex 37.8791 15.69 14.2
    endloop
  endfacet
  facet normal 0.412716 0.91086 -0
    outer loop
      vertex 18.1338 36.7718 14.2
      vertex 15.69 37.8791 20.2
      vertex 18.1338 36.7718 20.2
    endloop
  endfacet
  facet normal 0.412716 0.91086 0
    outer loop
      vertex 15.69 37.8791 20.2
      vertex 18.1338 36.7718 14.2
      vertex 15.69 37.8791 14.2
    endloop
  endfacet
  facet normal -0.729874 0.683581 0
    outer loop
      vertex -30.8254 27.0332 14.2
      vertex -28.9914 28.9914 20.2
      vertex -28.9914 28.9914 14.2
    endloop
  endfacet
  facet normal -0.729874 0.683581 0
    outer loop
      vertex -28.9914 28.9914 20.2
      vertex -30.8254 27.0332 14.2
      vertex -30.8254 27.0332 20.2
    endloop
  endfacet
  facet normal -0.16288 0.986646 0
    outer loop
      vertex -5.35157 40.6492 14.2
      vertex -7.9987 40.2122 20.2
      vertex -5.35157 40.6492 20.2
    endloop
  endfacet
  facet normal -0.16288 0.986646 0
    outer loop
      vertex -7.9987 40.2122 20.2
      vertex -5.35157 40.6492 14.2
      vertex -7.9987 40.2122 14.2
    endloop
  endfacet
  facet normal 0.935915 -0.352226 0
    outer loop
      vertex 37.8791 -15.69 20.2
      vertex 38.8241 -13.179 14.2
      vertex 38.8241 -13.179 20.2
    endloop
  endfacet
  facet normal 0.935915 -0.352226 0
    outer loop
      vertex 38.8241 -13.179 14.2
      vertex 37.8791 -15.69 20.2
      vertex 37.8791 -15.69 14.2
    endloop
  endfacet
  facet normal -0.683581 -0.729874 0
    outer loop
      vertex -28.9914 -28.9914 14.2
      vertex -27.0332 -30.8254 20.2
      vertex -28.9914 -28.9914 20.2
    endloop
  endfacet
  facet normal -0.683581 -0.729874 -0
    outer loop
      vertex -27.0332 -30.8254 20.2
      vertex -28.9914 -28.9914 14.2
      vertex -27.0332 -30.8254 14.2
    endloop
  endfacet
  facet normal 0.995184 0.098026 0
    outer loop
      vertex 40.9122 2.68153 20.2
      vertex 40.6492 5.35157 14.2
      vertex 40.6492 5.35157 20.2
    endloop
  endfacet
  facet normal 0.995184 0.098026 0
    outer loop
      vertex 40.6492 5.35157 14.2
      vertex 40.9122 2.68153 20.2
      vertex 40.9122 2.68153 14.2
    endloop
  endfacet
  facet normal 0.986646 0.16288 0
    outer loop
      vertex 40.6492 5.35157 20.2
      vertex 40.2122 7.9987 14.2
      vertex 40.2122 7.9987 20.2
    endloop
  endfacet
  facet normal 0.986646 0.16288 0
    outer loop
      vertex 40.2122 7.9987 14.2
      vertex 40.6492 5.35157 20.2
      vertex 40.6492 5.35157 14.2
    endloop
  endfacet
  facet normal 0.973881 0.227061 0
    outer loop
      vertex 40.2122 7.9987 20.2
      vertex 39.603 10.6116 14.2
      vertex 39.603 10.6116 20.2
    endloop
  endfacet
  facet normal 0.973881 0.227061 0
    outer loop
      vertex 39.603 10.6116 14.2
      vertex 40.2122 7.9987 20.2
      vertex 40.2122 7.9987 14.2
    endloop
  endfacet
  facet normal 0.849219 0.528041 0
    outer loop
      vertex 35.507 20.5 20.2
      vertex 34.0903 22.7784 14.2
      vertex 34.0903 22.7784 20.2
    endloop
  endfacet
  facet normal 0.849219 0.528041 0
    outer loop
      vertex 34.0903 22.7784 14.2
      vertex 35.507 20.5 20.2
      vertex 35.507 20.5 14.2
    endloop
  endfacet
  facet normal 0.729874 0.683581 0
    outer loop
      vertex 30.8254 27.0332 20.2
      vertex 28.9914 28.9914 14.2
      vertex 28.9914 28.9914 20.2
    endloop
  endfacet
  facet normal 0.729874 0.683581 0
    outer loop
      vertex 28.9914 28.9914 14.2
      vertex 30.8254 27.0332 20.2
      vertex 30.8254 27.0332 14.2
    endloop
  endfacet
  facet normal 0.582493 0.812836 -0
    outer loop
      vertex 24.9592 32.5275 14.2
      vertex 22.7784 34.0903 20.2
      vertex 24.9592 32.5275 20.2
    endloop
  endfacet
  facet normal 0.582493 0.812836 0
    outer loop
      vertex 22.7784 34.0903 20.2
      vertex 24.9592 32.5275 14.2
      vertex 22.7784 34.0903 14.2
    endloop
  endfacet
  facet normal 0.032725 0.999464 -0
    outer loop
      vertex 2.68153 40.9122 14.2
      vertex 0 41 20.2
      vertex 2.68153 40.9122 20.2
    endloop
  endfacet
  facet normal 0.032725 0.999464 0
    outer loop
      vertex 0 41 20.2
      vertex 2.68153 40.9122 14.2
      vertex 0 41 14.2
    endloop
  endfacet
  facet normal 0.528041 0.849219 -0
    outer loop
      vertex 22.7784 34.0903 14.2
      vertex 20.5 35.507 20.2
      vertex 22.7784 34.0903 20.2
    endloop
  endfacet
  facet normal 0.528041 0.849219 0
    outer loop
      vertex 20.5 35.507 20.2
      vertex 22.7784 34.0903 14.2
      vertex 20.5 35.507 14.2
    endloop
  endfacet
  facet normal 0.227061 0.973881 -0
    outer loop
      vertex 10.6116 39.603 14.2
      vertex 7.9987 40.2122 20.2
      vertex 10.6116 39.603 20.2
    endloop
  endfacet
  facet normal 0.227061 0.973881 0
    outer loop
      vertex 7.9987 40.2122 20.2
      vertex 10.6116 39.603 14.2
      vertex 7.9987 40.2122 14.2
    endloop
  endfacet
  facet normal -0.999464 0.032725 0
    outer loop
      vertex -41 0 14.2
      vertex -40.9122 2.68153 20.2
      vertex -40.9122 2.68153 14.2
    endloop
  endfacet
  facet normal -0.999464 0.032725 0
    outer loop
      vertex -40.9122 2.68153 20.2
      vertex -41 0 14.2
      vertex -41 0 20.2
    endloop
  endfacet
  facet normal -0.973881 0.227061 0
    outer loop
      vertex -40.2122 7.9987 14.2
      vertex -39.603 10.6116 20.2
      vertex -39.603 10.6116 14.2
    endloop
  endfacet
  facet normal -0.973881 0.227061 0
    outer loop
      vertex -39.603 10.6116 20.2
      vertex -40.2122 7.9987 14.2
      vertex -40.2122 7.9987 20.2
    endloop
  endfacet
  facet normal -0.849219 0.528041 0
    outer loop
      vertex -35.507 20.5 14.2
      vertex -34.0903 22.7784 20.2
      vertex -34.0903 22.7784 14.2
    endloop
  endfacet
  facet normal -0.849219 0.528041 0
    outer loop
      vertex -34.0903 22.7784 20.2
      vertex -35.507 20.5 14.2
      vertex -35.507 20.5 20.2
    endloop
  endfacet
  facet normal -0.812836 0.582493 0
    outer loop
      vertex -34.0903 22.7784 14.2
      vertex -32.5275 24.9592 20.2
      vertex -32.5275 24.9592 14.2
    endloop
  endfacet
  facet normal -0.812836 0.582493 0
    outer loop
      vertex -32.5275 24.9592 20.2
      vertex -34.0903 22.7784 14.2
      vertex -34.0903 22.7784 20.2
    endloop
  endfacet
  facet normal -0.227061 0.973881 0
    outer loop
      vertex -7.9987 40.2122 14.2
      vertex -10.6116 39.603 20.2
      vertex -7.9987 40.2122 20.2
    endloop
  endfacet
  facet normal -0.227061 0.973881 0
    outer loop
      vertex -10.6116 39.603 20.2
      vertex -7.9987 40.2122 14.2
      vertex -10.6116 39.603 14.2
    endloop
  endfacet
  facet normal -0.032725 0.999464 0
    outer loop
      vertex 0 41 14.2
      vertex -2.68153 40.9122 20.2
      vertex 0 41 20.2
    endloop
  endfacet
  facet normal -0.032725 0.999464 0
    outer loop
      vertex -2.68153 40.9122 20.2
      vertex 0 41 14.2
      vertex -2.68153 40.9122 14.2
    endloop
  endfacet
  facet normal -0.528041 0.849219 0
    outer loop
      vertex -20.5 35.507 14.2
      vertex -22.7784 34.0903 20.2
      vertex -20.5 35.507 20.2
    endloop
  endfacet
  facet normal -0.528041 0.849219 0
    outer loop
      vertex -22.7784 34.0903 20.2
      vertex -20.5 35.507 14.2
      vertex -22.7784 34.0903 14.2
    endloop
  endfacet
  facet normal -0.471408 0.881915 0
    outer loop
      vertex -18.1338 36.7718 14.2
      vertex -20.5 35.507 20.2
      vertex -18.1338 36.7718 20.2
    endloop
  endfacet
  facet normal -0.471408 0.881915 0
    outer loop
      vertex -20.5 35.507 20.2
      vertex -18.1338 36.7718 14.2
      vertex -20.5 35.507 14.2
    endloop
  endfacet
  facet normal -0.683581 0.729874 0
    outer loop
      vertex -27.0332 30.8254 14.2
      vertex -28.9914 28.9914 20.2
      vertex -27.0332 30.8254 20.2
    endloop
  endfacet
  facet normal -0.683581 0.729874 0
    outer loop
      vertex -28.9914 28.9914 20.2
      vertex -27.0332 30.8254 14.2
      vertex -28.9914 28.9914 14.2
    endloop
  endfacet
  facet normal 0.999464 0.032725 0
    outer loop
      vertex 41 0 20.2
      vertex 40.9122 2.68153 14.2
      vertex 40.9122 2.68153 20.2
    endloop
  endfacet
  facet normal 0.999464 0.032725 0
    outer loop
      vertex 40.9122 2.68153 14.2
      vertex 41 0 20.2
      vertex 41 0 14.2
    endloop
  endfacet
  facet normal 0.032725 -0.999464 0
    outer loop
      vertex 0 -41 14.2
      vertex 2.68153 -40.9122 20.2
      vertex 0 -41 20.2
    endloop
  endfacet
  facet normal 0.032725 -0.999464 0
    outer loop
      vertex 2.68153 -40.9122 20.2
      vertex 0 -41 14.2
      vertex 2.68153 -40.9122 14.2
    endloop
  endfacet
  facet normal 0.773008 -0.634396 0
    outer loop
      vertex 30.8254 -27.0332 20.2
      vertex 32.5275 -24.9592 14.2
      vertex 32.5275 -24.9592 20.2
    endloop
  endfacet
  facet normal 0.773008 -0.634396 0
    outer loop
      vertex 32.5275 -24.9592 14.2
      vertex 30.8254 -27.0332 20.2
      vertex 30.8254 -27.0332 14.2
    endloop
  endfacet
  facet normal 0.16288 -0.986646 0
    outer loop
      vertex 5.35157 -40.6492 14.2
      vertex 7.9987 -40.2122 20.2
      vertex 5.35157 -40.6492 20.2
    endloop
  endfacet
  facet normal 0.16288 -0.986646 0
    outer loop
      vertex 7.9987 -40.2122 20.2
      vertex 5.35157 -40.6492 14.2
      vertex 7.9987 -40.2122 14.2
    endloop
  endfacet
  facet normal 0.227061 -0.973881 0
    outer loop
      vertex 7.9987 -40.2122 14.2
      vertex 10.6116 -39.603 20.2
      vertex 7.9987 -40.2122 20.2
    endloop
  endfacet
  facet normal 0.227061 -0.973881 0
    outer loop
      vertex 10.6116 -39.603 20.2
      vertex 7.9987 -40.2122 14.2
      vertex 10.6116 -39.603 14.2
    endloop
  endfacet
  facet normal -0.032725 -0.999464 0
    outer loop
      vertex -2.68153 -40.9122 14.2
      vertex 0 -41 20.2
      vertex -2.68153 -40.9122 20.2
    endloop
  endfacet
  facet normal -0.032725 -0.999464 -0
    outer loop
      vertex 0 -41 20.2
      vertex -2.68153 -40.9122 14.2
      vertex 0 -41 14.2
    endloop
  endfacet
  facet normal -0.528041 -0.849219 0
    outer loop
      vertex -22.7784 -34.0903 14.2
      vertex -20.5 -35.507 20.2
      vertex -22.7784 -34.0903 20.2
    endloop
  endfacet
  facet normal -0.528041 -0.849219 -0
    outer loop
      vertex -20.5 -35.507 20.2
      vertex -22.7784 -34.0903 14.2
      vertex -20.5 -35.507 14.2
    endloop
  endfacet
  facet normal -0.582493 -0.812836 0
    outer loop
      vertex -24.9592 -32.5275 14.2
      vertex -22.7784 -34.0903 20.2
      vertex -24.9592 -32.5275 20.2
    endloop
  endfacet
  facet normal -0.582493 -0.812836 -0
    outer loop
      vertex -22.7784 -34.0903 20.2
      vertex -24.9592 -32.5275 14.2
      vertex -22.7784 -34.0903 14.2
    endloop
  endfacet
  facet normal -0.973881 -0.227061 0
    outer loop
      vertex -39.603 -10.6116 14.2
      vertex -40.2122 -7.9987 20.2
      vertex -40.2122 -7.9987 14.2
    endloop
  endfacet
  facet normal -0.973881 -0.227061 0
    outer loop
      vertex -40.2122 -7.9987 20.2
      vertex -39.603 -10.6116 14.2
      vertex -39.603 -10.6116 20.2
    endloop
  endfacet
  facet normal -0.999464 -0.032725 0
    outer loop
      vertex -40.9122 -2.68153 14.2
      vertex -41 0 20.2
      vertex -41 0 14.2
    endloop
  endfacet
  facet normal -0.999464 -0.032725 0
    outer loop
      vertex -41 0 20.2
      vertex -40.9122 -2.68153 14.2
      vertex -40.9122 -2.68153 20.2
    endloop
  endfacet
  facet normal 0 0 -1
    outer loop
      vertex -24.7219 -16.8791 14.2
      vertex -16.5255 -11.042 14.2
      vertex -24.6513 -16.9651 14.2
    endloop
  endfacet
  facet normal 0 0 -1
    outer loop
      vertex -19.875 0 14.2
      vertex -24.3036 17.8888 14.2
      vertex -24.3 18 14.2
    endloop
  endfacet
  facet normal 0 0 -1
    outer loop
      vertex -24.7979 -16.7979 14.2
      vertex -16.5255 -11.042 14.2
      vertex -24.7219 -16.8791 14.2
    endloop
  endfacet
  facet normal 0 0 -1
    outer loop
      vertex -19.875 0 14.2
      vertex -24.3145 17.7781 14.2
      vertex -24.3036 17.8888 14.2
    endloop
  endfacet
  facet normal -0 0 -1
    outer loop
      vertex -16.5255 -11.042 14.2
      vertex -24.7979 -16.7979 14.2
      vertex -17.2123 -9.9375 14.2
    endloop
  endfacet
  facet normal 0 0 -1
    outer loop
      vertex -19.875 0 14.2
      vertex -24.3327 17.6683 14.2
      vertex -24.3145 17.7781 14.2
    endloop
  endfacet
  facet normal 0 0 -1
    outer loop
      vertex -24.8791 -16.7219 14.2
      vertex -17.2123 -9.9375 14.2
      vertex -24.7979 -16.7979 14.2
    endloop
  endfacet
  facet normal 0 0 -1
    outer loop
      vertex -19.875 0 14.2
      vertex -24.3579 17.56 14.2
      vertex -24.3327 17.6683 14.2
    endloop
  endfacet
  facet normal 0 0 -1
    outer loop
      vertex -24.9651 -16.6513 14.2
      vertex -17.2123 -9.9375 14.2
      vertex -24.8791 -16.7219 14.2
    endloop
  endfacet
  facet normal 0 0 -1
    outer loop
      vertex -19.875 0 14.2
      vertex -24.3902 17.4536 14.2
      vertex -24.3579 17.56 14.2
    endloop
  endfacet
  facet normal 0 0 -1
    outer loop
      vertex -25.0555 -16.5865 14.2
      vertex -17.2123 -9.9375 14.2
      vertex -24.9651 -16.6513 14.2
    endloop
  endfacet
  facet normal 0 0 -1
    outer loop
      vertex -19.875 0 14.2
      vertex -24.4294 17.3494 14.2
      vertex -24.3902 17.4536 14.2
    endloop
  endfacet
  facet normal 0 0 -1
    outer loop
      vertex -25.15 -16.5278 14.2
      vertex -17.2123 -9.9375 14.2
      vertex -25.0555 -16.5865 14.2
    endloop
  endfacet
  facet normal 0 0 -1
    outer loop
      vertex -19.875 0 14.2
      vertex -24.4753 17.2481 14.2
      vertex -24.4294 17.3494 14.2
    endloop
  endfacet
  facet normal -0 0 -1
    outer loop
      vertex -17.2123 -9.9375 14.2
      vertex -25.15 -16.5278 14.2
      vertex -17.8253 -8.79049 14.2
    endloop
  endfacet
  facet normal 0 0 -1
    outer loop
      vertex -19.875 0 14.2
      vertex -24.5278 17.15 14.2
      vertex -24.4753 17.2481 14.2
    endloop
  endfacet
  facet normal 0 0 -1
    outer loop
      vertex -25.2481 -16.4753 14.2
      vertex -17.8253 -8.79049 14.2
      vertex -25.15 -16.5278 14.2
    endloop
  endfacet
  facet normal 0 0 -1
    outer loop
      vertex -19.875 0 14.2
      vertex -24.5865 17.0555 14.2
      vertex -24.5278 17.15 14.2
    endloop
  endfacet
  facet normal 0 0 -1
    outer loop
      vertex -25.3494 -16.4294 14.2
      vertex -17.8253 -8.79049 14.2
      vertex -25.2481 -16.4753 14.2
    endloop
  endfacet
  facet normal 0 0 -1
    outer loop
      vertex -19.875 0 14.2
      vertex -24.6513 16.9651 14.2
      vertex -24.5865 17.0555 14.2
    endloop
  endfacet
  facet normal 0 0 -1
    outer loop
      vertex -25.4536 -16.3902 14.2
      vertex -17.8253 -8.79049 14.2
      vertex -25.3494 -16.4294 14.2
    endloop
  endfacet
  facet normal 0 0 -1
    outer loop
      vertex -19.875 0 14.2
      vertex -24.7219 16.8791 14.2
      vertex -24.6513 16.9651 14.2
    endloop
  endfacet
  facet normal -0 0 -1
    outer loop
      vertex -17.8253 -8.79049 14.2
      vertex -25.4536 -16.3902 14.2
      vertex -18.3621 -7.60583 14.2
    endloop
  endfacet
  facet normal 0 0 -1
    outer loop
      vertex -19.875 0 14.2
      vertex -24.7979 16.7979 14.2
      vertex -24.7219 16.8791 14.2
    endloop
  endfacet
  facet normal 0 0 -1
    outer loop
      vertex -25.56 -16.3579 14.2
      vertex -18.3621 -7.60583 14.2
      vertex -25.4536 -16.3902 14.2
    endloop
  endfacet
  facet normal 0 0 -1
    outer loop
      vertex -19.875 0 14.2
      vertex -24.8791 16.7219 14.2
      vertex -24.7979 16.7979 14.2
    endloop
  endfacet
  facet normal 0 0 -1
    outer loop
      vertex -25.6683 -16.3327 14.2
      vertex -18.3621 -7.60583 14.2
      vertex -25.56 -16.3579 14.2
    endloop
  endfacet
  facet normal 0 0 -1
    outer loop
      vertex -19.875 0 14.2
      vertex -24.9651 16.6513 14.2
      vertex -24.8791 16.7219 14.2
    endloop
  endfacet
  facet normal 0 0 -1
    outer loop
      vertex -25.7781 -16.3145 14.2
      vertex -18.3621 -7.60583 14.2
      vertex -25.6683 -16.3327 14.2
    endloop
  endfacet
  facet normal 0 0 -1
    outer loop
      vertex -19.875 0 14.2
      vertex -25.0555 16.5865 14.2
      vertex -24.9651 16.6513 14.2
    endloop
  endfacet
  facet normal -0 0 -1
    outer loop
      vertex -18.3621 -7.60583 14.2
      vertex -25.7781 -16.3145 14.2
      vertex -18.8202 -6.38861 14.2
    endloop
  endfacet
  facet normal 0 0 -1
    outer loop
      vertex -19.875 0 14.2
      vertex -25.15 16.5278 14.2
      vertex -25.0555 16.5865 14.2
    endloop
  endfacet
  facet normal 0 0 -1
    outer loop
      vertex -25.8888 -16.3036 14.2
      vertex -18.8202 -6.38861 14.2
      vertex -25.7781 -16.3145 14.2
    endloop
  endfacet
  facet normal 0 0 -1
    outer loop
      vertex -19.875 0 14.2
      vertex -25.2481 16.4753 14.2
      vertex -25.15 16.5278 14.2
    endloop
  endfacet
  facet normal 0 0 -1
    outer loop
      vertex -26 -16.3 14.2
      vertex -18.8202 -6.38861 14.2
      vertex -25.8888 -16.3036 14.2
    endloop
  endfacet
  facet normal 0 0 -1
    outer loop
      vertex -19.875 0 14.2
      vertex -25.3494 16.4294 14.2
      vertex -25.2481 16.4753 14.2
    endloop
  endfacet
  facet normal 0 0 -1
    outer loop
      vertex -26.1112 -16.3036 14.2
      vertex -18.8202 -6.38861 14.2
      vertex -26 -16.3 14.2
    endloop
  endfacet
  facet normal 0 0 -1
    outer loop
      vertex -19.875 0 14.2
      vertex -25.4536 16.3902 14.2
      vertex -25.3494 16.4294 14.2
    endloop
  endfacet
  facet normal -0 0 -1
    outer loop
      vertex -18.8202 -6.38861 14.2
      vertex -26.1112 -16.3036 14.2
      vertex -19.1978 -5.14403 14.2
    endloop
  endfacet
  facet normal 0 0 -1
    outer loop
      vertex -19.875 0 14.2
      vertex -25.56 16.3579 14.2
      vertex -25.4536 16.3902 14.2
    endloop
  endfacet
  facet normal 0 0 -1
    outer loop
      vertex -26.2219 -16.3145 14.2
      vertex -19.1978 -5.14403 14.2
      vertex -26.1112 -16.3036 14.2
    endloop
  endfacet
  facet normal 0 0 -1
    outer loop
      vertex -19.875 0 14.2
      vertex -25.6683 16.3327 14.2
      vertex -25.56 16.3579 14.2
    endloop
  endfacet
  facet normal 0 0 -1
    outer loop
      vertex -26.3317 -16.3327 14.2
      vertex -19.1978 -5.14403 14.2
      vertex -26.2219 -16.3145 14.2
    endloop
  endfacet
  facet normal 0 0 -1
    outer loop
      vertex -19.875 0 14.2
      vertex -25.7781 16.3145 14.2
      vertex -25.6683 16.3327 14.2
    endloop
  endfacet
  facet normal 0 0 -1
    outer loop
      vertex -26.44 -16.3579 14.2
      vertex -19.1978 -5.14403 14.2
      vertex -26.3317 -16.3327 14.2
    endloop
  endfacet
  facet normal 0 0 -1
    outer loop
      vertex -19.875 0 14.2
      vertex -25.8888 16.3036 14.2
      vertex -25.7781 16.3145 14.2
    endloop
  endfacet
  facet normal -0 0 -1
    outer loop
      vertex -19.1978 -5.14403 14.2
      vertex -26.44 -16.3579 14.2
      vertex -19.4931 -3.87742 14.2
    endloop
  endfacet
  facet normal 0 -0 -1
    outer loop
      vertex -40.9122 2.68153 14.2
      vertex -19.875 0 14.2
      vertex -41 0 14.2
    endloop
  endfacet
  facet normal 0 0 -1
    outer loop
      vertex -26.5464 -16.3902 14.2
      vertex -19.4931 -3.87742 14.2
      vertex -26.44 -16.3579 14.2
    endloop
  endfacet
  facet normal 0 0 -1
    outer loop
      vertex -19.875 0 14.2
      vertex -26 16.3 14.2
      vertex -25.8888 16.3036 14.2
    endloop
  endfacet
  facet normal 0 0 -1
    outer loop
      vertex -40.2122 -7.9987 14.2
      vertex -19.4931 -3.87742 14.2
      vertex -26.5464 -16.3902 14.2
    endloop
  endfacet
  facet normal 0 -0 -1
    outer loop
      vertex -40.6492 5.35157 14.2
      vertex -19.875 0 14.2
      vertex -40.9122 2.68153 14.2
    endloop
  endfacet
  facet normal 0 0 -1
    outer loop
      vertex -40.6492 -5.35157 14.2
      vertex -19.705 -2.59421 14.2
      vertex -40.2122 -7.9987 14.2
    endloop
  endfacet
  facet normal 0 0 -1
    outer loop
      vertex -19.875 0 14.2
      vertex -26.1112 16.3036 14.2
      vertex -26 16.3 14.2
    endloop
  endfacet
  facet normal -0 0 -1
    outer loop
      vertex -19.705 -2.59421 14.2
      vertex -40.6492 -5.35157 14.2
      vertex -19.8324 -1.29989 14.2
    endloop
  endfacet
  facet normal 0 -0 -1
    outer loop
      vertex -40.2122 7.9987 14.2
      vertex -19.875 0 14.2
      vertex -40.6492 5.35157 14.2
    endloop
  endfacet
  facet normal -0 0 -1
    outer loop
      vertex -19.4931 -3.87742 14.2
      vertex -40.2122 -7.9987 14.2
      vertex -19.705 -2.59421 14.2
    endloop
  endfacet
  facet normal 0 0 -1
    outer loop
      vertex -19.875 0 14.2
      vertex -26.2219 16.3145 14.2
      vertex -26.1112 16.3036 14.2
    endloop
  endfacet
  facet normal 0 0 -1
    outer loop
      vertex -40.2122 -7.9987 14.2
      vertex -26.5464 -16.3902 14.2
      vertex -26.6506 -16.4294 14.2
    endloop
  endfacet
  facet normal 0 0 -1
    outer loop
      vertex -19.875 0 14.2
      vertex -26.3317 16.3327 14.2
      vertex -26.2219 16.3145 14.2
    endloop
  endfacet
  facet normal 0 0 -1
    outer loop
      vertex -39.603 -10.6116 14.2
      vertex -26.6506 -16.4294 14.2
      vertex -26.7519 -16.4753 14.2
    endloop
  endfacet
  facet normal 0 -0 -1
    outer loop
      vertex -26.44 16.3579 14.2
      vertex -19.875 0 14.2
      vertex -40.2122 7.9987 14.2
    endloop
  endfacet
  facet normal 0 0 -1
    outer loop
      vertex -39.603 -10.6116 14.2
      vertex -26.7519 -16.4753 14.2
      vertex -26.85 -16.5278 14.2
    endloop
  endfacet
  facet normal 0 0 -1
    outer loop
      vertex -19.875 0 14.2
      vertex -26.44 16.3579 14.2
      vertex -26.3317 16.3327 14.2
    endloop
  endfacet
  facet normal 0 0 -1
    outer loop
      vertex -39.603 -10.6116 14.2
      vertex -26.85 -16.5278 14.2
      vertex -26.9445 -16.5865 14.2
    endloop
  endfacet
  facet normal -0 0 -1
    outer loop
      vertex -26.44 16.3579 14.2
      vertex -40.2122 7.9987 14.2
      vertex -26.5464 16.3902 14.2
    endloop
  endfacet
  facet normal 0 0 -1
    outer loop
      vertex -38.8241 -13.179 14.2
      vertex -26.9445 -16.5865 14.2
      vertex -27.0349 -16.6513 14.2
    endloop
  endfacet
  facet normal -0 0 -1
    outer loop
      vertex -26.5464 16.3902 14.2
      vertex -40.2122 7.9987 14.2
      vertex -26.6506 16.4294 14.2
    endloop
  endfacet
  facet normal 0 0 -1
    outer loop
      vertex -38.8241 -13.179 14.2
      vertex -27.0349 -16.6513 14.2
      vertex -27.1209 -16.7219 14.2
    endloop
  endfacet
  facet normal 0 -0 -1
    outer loop
      vertex -39.603 10.6116 14.2
      vertex -26.6506 16.4294 14.2
      vertex -40.2122 7.9987 14.2
    endloop
  endfacet
  facet normal 0 0 -1
    outer loop
      vertex -38.8241 -13.179 14.2
      vertex -27.1209 -16.7219 14.2
      vertex -27.2021 -16.7979 14.2
    endloop
  endfacet
  facet normal -0 0 -1
    outer loop
      vertex -26.6506 16.4294 14.2
      vertex -39.603 10.6116 14.2
      vertex -26.7519 16.4753 14.2
    endloop
  endfacet
  facet normal 0 0 -1
    outer loop
      vertex -37.8791 -15.69 14.2
      vertex -27.2021 -16.7979 14.2
      vertex -27.2781 -16.8791 14.2
    endloop
  endfacet
  facet normal -0 0 -1
    outer loop
      vertex -26.7519 16.4753 14.2
      vertex -39.603 10.6116 14.2
      vertex -26.85 16.5278 14.2
    endloop
  endfacet
  facet normal 0 0 -1
    outer loop
      vertex -37.8791 -15.69 14.2
      vertex -27.2781 -16.8791 14.2
      vertex -27.3487 -16.9651 14.2
    endloop
  endfacet
  facet normal -0 0 -1
    outer loop
      vertex -26.85 16.5278 14.2
      vertex -39.603 10.6116 14.2
      vertex -26.9445 16.5865 14.2
    endloop
  endfacet
  facet normal 0 0 -1
    outer loop
      vertex -37.8791 -15.69 14.2
      vertex -27.3487 -16.9651 14.2
      vertex -27.4135 -17.0555 14.2
    endloop
  endfacet
  facet normal 0 -0 -1
    outer loop
      vertex -38.8241 13.179 14.2
      vertex -26.9445 16.5865 14.2
      vertex -39.603 10.6116 14.2
    endloop
  endfacet
  facet normal 0 0 -1
    outer loop
      vertex -37.8791 -15.69 14.2
      vertex -27.4135 -17.0555 14.2
      vertex -27.4722 -17.15 14.2
    endloop
  endfacet
  facet normal -0 0 -1
    outer loop
      vertex -26.9445 16.5865 14.2
      vertex -38.8241 13.179 14.2
      vertex -27.0349 16.6513 14.2
    endloop
  endfacet
  facet normal 0 0 -1
    outer loop
      vertex -37.8791 -15.69 14.2
      vertex -27.4722 -17.15 14.2
      vertex -27.5247 -17.2481 14.2
    endloop
  endfacet
  facet normal -0 0 -1
    outer loop
      vertex -27.0349 16.6513 14.2
      vertex -38.8241 13.179 14.2
      vertex -27.1209 16.7219 14.2
    endloop
  endfacet
  facet normal 0 0 -1
    outer loop
      vertex -36.7718 -18.1338 14.2
      vertex -27.5247 -17.2481 14.2
      vertex -27.5706 -17.3494 14.2
    endloop
  endfacet
  facet normal -0 0 -1
    outer loop
      vertex -27.1209 16.7219 14.2
      vertex -38.8241 13.179 14.2
      vertex -27.2021 16.7979 14.2
    endloop
  endfacet
  facet normal 0 0 -1
    outer loop
      vertex -36.7718 -18.1338 14.2
      vertex -27.5706 -17.3494 14.2
      vertex -27.6098 -17.4536 14.2
    endloop
  endfacet
  facet normal 0 -0 -1
    outer loop
      vertex -37.8791 15.69 14.2
      vertex -27.2021 16.7979 14.2
      vertex -38.8241 13.179 14.2
    endloop
  endfacet
  facet normal 0 0 -1
    outer loop
      vertex -36.7718 -18.1338 14.2
      vertex -27.6098 -17.4536 14.2
      vertex -27.6421 -17.56 14.2
    endloop
  endfacet
  facet normal -0 0 -1
    outer loop
      vertex -27.2021 16.7979 14.2
      vertex -37.8791 15.69 14.2
      vertex -27.2781 16.8791 14.2
    endloop
  endfacet
  facet normal 0 0 -1
    outer loop
      vertex -36.7718 -18.1338 14.2
      vertex -27.6421 -17.56 14.2
      vertex -27.6673 -17.6683 14.2
    endloop
  endfacet
  facet normal -0 0 -1
    outer loop
      vertex -27.2781 16.8791 14.2
      vertex -37.8791 15.69 14.2
      vertex -27.3487 16.9651 14.2
    endloop
  endfacet
  facet normal 0 0 -1
    outer loop
      vertex -36.7718 -18.1338 14.2
      vertex -27.6673 -17.6683 14.2
      vertex -27.6855 -17.7781 14.2
    endloop
  endfacet
  facet normal -0 0 -1
    outer loop
      vertex -27.3487 16.9651 14.2
      vertex -37.8791 15.69 14.2
      vertex -27.4135 17.0555 14.2
    endloop
  endfacet
  facet normal 0 0 -1
    outer loop
      vertex -35.507 -20.5 14.2
      vertex -27.6855 -17.7781 14.2
      vertex -27.6964 -17.8888 14.2
    endloop
  endfacet
  facet normal -0 0 -1
    outer loop
      vertex -27.4135 17.0555 14.2
      vertex -37.8791 15.69 14.2
      vertex -27.4722 17.15 14.2
    endloop
  endfacet
  facet normal 0 0 -1
    outer loop
      vertex -35.507 -20.5 14.2
      vertex -27.6964 -17.8888 14.2
      vertex -27.7 -18 14.2
    endloop
  endfacet
  facet normal -0 0 -1
    outer loop
      vertex -27.4722 17.15 14.2
      vertex -37.8791 15.69 14.2
      vertex -27.5247 17.2481 14.2
    endloop
  endfacet
  facet normal 0 0 -1
    outer loop
      vertex -24.3327 18.3317 14.2
      vertex -13.1045 14.9428 14.2
      vertex -24.3145 18.2219 14.2
    endloop
  endfacet
  facet normal 0 0 -1
    outer loop
      vertex -24.3579 18.44 14.2
      vertex -13.1045 14.9428 14.2
      vertex -24.3327 18.3317 14.2
    endloop
  endfacet
  facet normal 0 0 -1
    outer loop
      vertex -24.3902 18.5464 14.2
      vertex -13.1045 14.9428 14.2
      vertex -24.3579 18.44 14.2
    endloop
  endfacet
  facet normal 0 0 -1
    outer loop
      vertex -13.1045 14.9428 14.2
      vertex -24.3902 18.5464 14.2
      vertex -12.0991 15.7679 14.2
    endloop
  endfacet
  facet normal 0 0 -1
    outer loop
      vertex -24.4294 18.6506 14.2
      vertex -12.0991 15.7679 14.2
      vertex -24.3902 18.5464 14.2
    endloop
  endfacet
  facet normal 0 0 -1
    outer loop
      vertex -24.4753 18.7519 14.2
      vertex -12.0991 15.7679 14.2
      vertex -24.4294 18.6506 14.2
    endloop
  endfacet
  facet normal 0 0 -1
    outer loop
      vertex -24.5278 18.85 14.2
      vertex -12.0991 15.7679 14.2
      vertex -24.4753 18.7519 14.2
    endloop
  endfacet
  facet normal 0 0 -1
    outer loop
      vertex -12.0991 15.7679 14.2
      vertex -24.5278 18.85 14.2
      vertex -11.042 16.5255 14.2
    endloop
  endfacet
  facet normal 0 0 -1
    outer loop
      vertex -24.5865 18.9445 14.2
      vertex -11.042 16.5255 14.2
      vertex -24.5278 18.85 14.2
    endloop
  endfacet
  facet normal 0 0 -1
    outer loop
      vertex -24.6513 19.0349 14.2
      vertex -11.042 16.5255 14.2
      vertex -24.5865 18.9445 14.2
    endloop
  endfacet
  facet normal 0 0 -1
    outer loop
      vertex -11.042 16.5255 14.2
      vertex -24.6513 19.0349 14.2
      vertex -22.7784 34.0903 14.2
    endloop
  endfacet
  facet normal 0 0 -1
    outer loop
      vertex -24.7219 19.1209 14.2
      vertex -22.7784 34.0903 14.2
      vertex -24.6513 19.0349 14.2
    endloop
  endfacet
  facet normal 0 0 -1
    outer loop
      vertex -24.7979 19.2021 14.2
      vertex -22.7784 34.0903 14.2
      vertex -24.7219 19.1209 14.2
    endloop
  endfacet
  facet normal 0 0 -1
    outer loop
      vertex -24.8791 19.2781 14.2
      vertex -22.7784 34.0903 14.2
      vertex -24.7979 19.2021 14.2
    endloop
  endfacet
  facet normal 0 0 -1
    outer loop
      vertex -24.8791 19.2781 14.2
      vertex -24.9592 32.5275 14.2
      vertex -22.7784 34.0903 14.2
    endloop
  endfacet
  facet normal 0 0 -1
    outer loop
      vertex -24.9651 19.3487 14.2
      vertex -24.9592 32.5275 14.2
      vertex -24.8791 19.2781 14.2
    endloop
  endfacet
  facet normal 0 0 -1
    outer loop
      vertex -25.0555 19.4135 14.2
      vertex -24.9592 32.5275 14.2
      vertex -24.9651 19.3487 14.2
    endloop
  endfacet
  facet normal 0 0 -1
    outer loop
      vertex -25.15 19.4722 14.2
      vertex -24.9592 32.5275 14.2
      vertex -25.0555 19.4135 14.2
    endloop
  endfacet
  facet normal 0 0 -1
    outer loop
      vertex -27.0332 30.8254 14.2
      vertex -25.15 19.4722 14.2
      vertex -25.2481 19.5247 14.2
    endloop
  endfacet
  facet normal 0 0 -1
    outer loop
      vertex -27.0332 30.8254 14.2
      vertex -25.2481 19.5247 14.2
      vertex -25.3494 19.5706 14.2
    endloop
  endfacet
  facet normal 0 0 -1
    outer loop
      vertex -27.0332 30.8254 14.2
      vertex -25.3494 19.5706 14.2
      vertex -25.4536 19.6098 14.2
    endloop
  endfacet
  facet normal 0 0 -1
    outer loop
      vertex -27.0332 30.8254 14.2
      vertex -25.4536 19.6098 14.2
      vertex -25.56 19.6421 14.2
    endloop
  endfacet
  facet normal 0 0 -1
    outer loop
      vertex -28.9914 28.9914 14.2
      vertex -25.56 19.6421 14.2
      vertex -25.6683 19.6673 14.2
    endloop
  endfacet
  facet normal 0 0 -1
    outer loop
      vertex -28.9914 28.9914 14.2
      vertex -25.6683 19.6673 14.2
      vertex -25.7781 19.6855 14.2
    endloop
  endfacet
  facet normal 0 0 -1
    outer loop
      vertex -28.9914 28.9914 14.2
      vertex -25.7781 19.6855 14.2
      vertex -25.8888 19.6964 14.2
    endloop
  endfacet
  facet normal 0 0 -1
    outer loop
      vertex -28.9914 28.9914 14.2
      vertex -25.8888 19.6964 14.2
      vertex -26 19.7 14.2
    endloop
  endfacet
  facet normal 0 0 -1
    outer loop
      vertex -28.9914 28.9914 14.2
      vertex -26 19.7 14.2
      vertex -26.1112 19.6964 14.2
    endloop
  endfacet
  facet normal 0 0 -1
    outer loop
      vertex -30.8254 27.0332 14.2
      vertex -26.1112 19.6964 14.2
      vertex -26.2219 19.6855 14.2
    endloop
  endfacet
  facet normal 0 0 -1
    outer loop
      vertex -30.8254 27.0332 14.2
      vertex -26.2219 19.6855 14.2
      vertex -26.3317 19.6673 14.2
    endloop
  endfacet
  facet normal 0 0 -1
    outer loop
      vertex -30.8254 27.0332 14.2
      vertex -26.3317 19.6673 14.2
      vertex -26.44 19.6421 14.2
    endloop
  endfacet
  facet normal 0 0 -1
    outer loop
      vertex -30.8254 27.0332 14.2
      vertex -26.44 19.6421 14.2
      vertex -26.5464 19.6098 14.2
    endloop
  endfacet
  facet normal 0 0 -1
    outer loop
      vertex -30.8254 27.0332 14.2
      vertex -26.5464 19.6098 14.2
      vertex -26.6506 19.5706 14.2
    endloop
  endfacet
  facet normal 0 0 -1
    outer loop
      vertex -30.8254 27.0332 14.2
      vertex -26.6506 19.5706 14.2
      vertex -26.7519 19.5247 14.2
    endloop
  endfacet
  facet normal 0 0 -1
    outer loop
      vertex -32.5275 24.9592 14.2
      vertex -26.7519 19.5247 14.2
      vertex -26.85 19.4722 14.2
    endloop
  endfacet
  facet normal 0 0 -1
    outer loop
      vertex -32.5275 24.9592 14.2
      vertex -26.85 19.4722 14.2
      vertex -26.9445 19.4135 14.2
    endloop
  endfacet
  facet normal 0 0 -1
    outer loop
      vertex -25.15 19.4722 14.2
      vertex -27.0332 30.8254 14.2
      vertex -24.9592 32.5275 14.2
    endloop
  endfacet
  facet normal 0 0 -1
    outer loop
      vertex -32.5275 24.9592 14.2
      vertex -26.9445 19.4135 14.2
      vertex -27.0349 19.3487 14.2
    endloop
  endfacet
  facet normal 0 0 -1
    outer loop
      vertex -32.5275 24.9592 14.2
      vertex -27.0349 19.3487 14.2
      vertex -27.1209 19.2781 14.2
    endloop
  endfacet
  facet normal 0 0 -1
    outer loop
      vertex -32.5275 24.9592 14.2
      vertex -27.1209 19.2781 14.2
      vertex -27.2021 19.2021 14.2
    endloop
  endfacet
  facet normal 0 0 -1
    outer loop
      vertex -32.5275 24.9592 14.2
      vertex -27.2021 19.2021 14.2
      vertex -27.2781 19.1209 14.2
    endloop
  endfacet
  facet normal 0 0 -1
    outer loop
      vertex -34.0903 22.7784 14.2
      vertex -27.2781 19.1209 14.2
      vertex -27.3487 19.0349 14.2
    endloop
  endfacet
  facet normal 0 0 -1
    outer loop
      vertex -34.0903 22.7784 14.2
      vertex -27.3487 19.0349 14.2
      vertex -27.4135 18.9445 14.2
    endloop
  endfacet
  facet normal 0 0 -1
    outer loop
      vertex -34.0903 22.7784 14.2
      vertex -27.4135 18.9445 14.2
      vertex -27.4722 18.85 14.2
    endloop
  endfacet
  facet normal 0 0 -1
    outer loop
      vertex -34.0903 22.7784 14.2
      vertex -27.4722 18.85 14.2
      vertex -27.5247 18.7519 14.2
    endloop
  endfacet
  facet normal 0 0 -1
    outer loop
      vertex -34.0903 22.7784 14.2
      vertex -27.5247 18.7519 14.2
      vertex -27.5706 18.6506 14.2
    endloop
  endfacet
  facet normal 0 0 -1
    outer loop
      vertex -34.0903 22.7784 14.2
      vertex -27.5706 18.6506 14.2
      vertex -27.6098 18.5464 14.2
    endloop
  endfacet
  facet normal 0 0 -1
    outer loop
      vertex -34.0903 22.7784 14.2
      vertex -27.6098 18.5464 14.2
      vertex -27.6421 18.44 14.2
    endloop
  endfacet
  facet normal 0 0 -1
    outer loop
      vertex -35.507 20.5 14.2
      vertex -27.6421 18.44 14.2
      vertex -27.6673 18.3317 14.2
    endloop
  endfacet
  facet normal 0 0 -1
    outer loop
      vertex -35.507 20.5 14.2
      vertex -27.6673 18.3317 14.2
      vertex -27.6855 18.2219 14.2
    endloop
  endfacet
  facet normal 0 0 -1
    outer loop
      vertex -35.507 20.5 14.2
      vertex -27.6855 18.2219 14.2
      vertex -27.6964 18.1112 14.2
    endloop
  endfacet
  facet normal 0 0 -1
    outer loop
      vertex -25.56 19.6421 14.2
      vertex -28.9914 28.9914 14.2
      vertex -27.0332 30.8254 14.2
    endloop
  endfacet
  facet normal 0 0 -1
    outer loop
      vertex -35.507 20.5 14.2
      vertex -27.6964 18.1112 14.2
      vertex -27.7 18 14.2
    endloop
  endfacet
  facet normal -0 0 -1
    outer loop
      vertex -27.6673 -18.3317 14.2
      vertex -35.507 -20.5 14.2
      vertex -27.6855 -18.2219 14.2
    endloop
  endfacet
  facet normal -0 0 -1
    outer loop
      vertex -27.6855 -18.2219 14.2
      vertex -35.507 -20.5 14.2
      vertex -27.6964 -18.1112 14.2
    endloop
  endfacet
  facet normal 0 0 -1
    outer loop
      vertex -26.1112 19.6964 14.2
      vertex -30.8254 27.0332 14.2
      vertex -28.9914 28.9914 14.2
    endloop
  endfacet
  facet normal -0 0 -1
    outer loop
      vertex -27.6964 -18.1112 14.2
      vertex -35.507 -20.5 14.2
      vertex -27.7 -18 14.2
    endloop
  endfacet
  facet normal 0 0 -1
    outer loop
      vertex -26.7519 19.5247 14.2
      vertex -32.5275 24.9592 14.2
      vertex -30.8254 27.0332 14.2
    endloop
  endfacet
  facet normal 0 0 -1
    outer loop
      vertex -27.6855 -17.7781 14.2
      vertex -35.507 -20.5 14.2
      vertex -36.7718 -18.1338 14.2
    endloop
  endfacet
  facet normal 0 0 -1
    outer loop
      vertex -27.2781 19.1209 14.2
      vertex -34.0903 22.7784 14.2
      vertex -32.5275 24.9592 14.2
    endloop
  endfacet
  facet normal -0 0 -1
    outer loop
      vertex -27.5247 -17.2481 14.2
      vertex -36.7718 -18.1338 14.2
      vertex -37.8791 -15.69 14.2
    endloop
  endfacet
  facet normal 0 0 -1
    outer loop
      vertex -27.6421 18.44 14.2
      vertex -35.507 20.5 14.2
      vertex -34.0903 22.7784 14.2
    endloop
  endfacet
  facet normal 0 0 -1
    outer loop
      vertex -27.2021 -16.7979 14.2
      vertex -37.8791 -15.69 14.2
      vertex -38.8241 -13.179 14.2
    endloop
  endfacet
  facet normal 0 0 -1
    outer loop
      vertex -27.6964 17.8888 14.2
      vertex -35.507 20.5 14.2
      vertex -27.7 18 14.2
    endloop
  endfacet
  facet normal 0 0 -1
    outer loop
      vertex -26.9445 -16.5865 14.2
      vertex -38.8241 -13.179 14.2
      vertex -39.603 -10.6116 14.2
    endloop
  endfacet
  facet normal 0 0 -1
    outer loop
      vertex -27.6855 17.7781 14.2
      vertex -35.507 20.5 14.2
      vertex -27.6964 17.8888 14.2
    endloop
  endfacet
  facet normal 0 0 -1
    outer loop
      vertex -26.6506 -16.4294 14.2
      vertex -39.603 -10.6116 14.2
      vertex -40.2122 -7.9987 14.2
    endloop
  endfacet
  facet normal 0 -0 -1
    outer loop
      vertex -35.507 20.5 14.2
      vertex -27.6855 17.7781 14.2
      vertex -36.7718 18.1338 14.2
    endloop
  endfacet
  facet normal 0 0 -1
    outer loop
      vertex -40.9122 -2.68153 14.2
      vertex -19.8324 -1.29989 14.2
      vertex -40.6492 -5.35157 14.2
    endloop
  endfacet
  facet normal 0 0 -1
    outer loop
      vertex -27.6673 17.6683 14.2
      vertex -36.7718 18.1338 14.2
      vertex -27.6855 17.7781 14.2
    endloop
  endfacet
  facet normal -0 0 -1
    outer loop
      vertex -19.8324 -1.29989 14.2
      vertex -40.9122 -2.68153 14.2
      vertex -19.875 0 14.2
    endloop
  endfacet
  facet normal 0 0 -1
    outer loop
      vertex -27.6421 17.56 14.2
      vertex -36.7718 18.1338 14.2
      vertex -27.6673 17.6683 14.2
    endloop
  endfacet
  facet normal -0 0 -1
    outer loop
      vertex -19.875 0 14.2
      vertex -40.9122 -2.68153 14.2
      vertex -41 0 14.2
    endloop
  endfacet
  facet normal 0 0 -1
    outer loop
      vertex -27.6098 17.4536 14.2
      vertex -36.7718 18.1338 14.2
      vertex -27.6421 17.56 14.2
    endloop
  endfacet
  facet normal 0 -0 -1
    outer loop
      vertex -36.7718 18.1338 14.2
      vertex -27.5247 17.2481 14.2
      vertex -37.8791 15.69 14.2
    endloop
  endfacet
  facet normal 0 0 -1
    outer loop
      vertex -27.5706 17.3494 14.2
      vertex -36.7718 18.1338 14.2
      vertex -27.6098 17.4536 14.2
    endloop
  endfacet
  facet normal 0 0 -1
    outer loop
      vertex -27.5247 17.2481 14.2
      vertex -36.7718 18.1338 14.2
      vertex -27.5706 17.3494 14.2
    endloop
  endfacet
  facet normal 0 0 -1
    outer loop
      vertex 15.7679 12.0991 14.2
      vertex 24.5278 17.15 14.2
      vertex 16.5255 11.042 14.2
    endloop
  endfacet
  facet normal -0 0 -1
    outer loop
      vertex 24.5278 17.15 14.2
      vertex 15.7679 12.0991 14.2
      vertex 24.4753 17.2481 14.2
    endloop
  endfacet
  facet normal -0 0 -1
    outer loop
      vertex 24.4753 17.2481 14.2
      vertex 15.7679 12.0991 14.2
      vertex 24.4294 17.3494 14.2
    endloop
  endfacet
  facet normal -0 0 -1
    outer loop
      vertex 24.4294 17.3494 14.2
      vertex 15.7679 12.0991 14.2
      vertex 24.3902 17.4536 14.2
    endloop
  endfacet
  facet normal 0 0 -1
    outer loop
      vertex 14.9428 13.1045 14.2
      vertex 24.3902 17.4536 14.2
      vertex 15.7679 12.0991 14.2
    endloop
  endfacet
  facet normal -0 0 -1
    outer loop
      vertex 24.3902 17.4536 14.2
      vertex 14.9428 13.1045 14.2
      vertex 24.3579 17.56 14.2
    endloop
  endfacet
  facet normal -0 0 -1
    outer loop
      vertex 24.3579 17.56 14.2
      vertex 14.9428 13.1045 14.2
      vertex 24.3327 17.6683 14.2
    endloop
  endfacet
  facet normal -0 0 -1
    outer loop
      vertex 24.3327 17.6683 14.2
      vertex 14.9428 13.1045 14.2
      vertex 24.3145 17.7781 14.2
    endloop
  endfacet
  facet normal -0 0 -1
    outer loop
      vertex 24.3145 17.7781 14.2
      vertex 14.9428 13.1045 14.2
      vertex 24.3036 17.8888 14.2
    endloop
  endfacet
  facet normal 0 0 -1
    outer loop
      vertex 14.0537 14.0537 14.2
      vertex 24.3036 17.8888 14.2
      vertex 14.9428 13.1045 14.2
    endloop
  endfacet
  facet normal -0 0 -1
    outer loop
      vertex 24.3036 17.8888 14.2
      vertex 14.0537 14.0537 14.2
      vertex 24.3 18 14.2
    endloop
  endfacet
  facet normal 0 0 -1
    outer loop
      vertex 13.1045 14.9428 14.2
      vertex 24.3 18 14.2
      vertex 14.0537 14.0537 14.2
    endloop
  endfacet
  facet normal 0 0 -1
    outer loop
      vertex 12.0991 15.7679 14.2
      vertex 24.3 18 14.2
      vertex 13.1045 14.9428 14.2
    endloop
  endfacet
  facet normal 0 0 -1
    outer loop
      vertex 11.042 16.5255 14.2
      vertex 24.3 18 14.2
      vertex 12.0991 15.7679 14.2
    endloop
  endfacet
  facet normal -0 0 -1
    outer loop
      vertex 24.3 18 14.2
      vertex 11.042 16.5255 14.2
      vertex 20.5 35.507 14.2
    endloop
  endfacet
  facet normal 0 0 -1
    outer loop
      vertex 9.9375 17.2123 14.2
      vertex 20.5 35.507 14.2
      vertex 11.042 16.5255 14.2
    endloop
  endfacet
  facet normal -0 0 -1
    outer loop
      vertex 20.5 35.507 14.2
      vertex 9.9375 17.2123 14.2
      vertex 18.1338 36.7718 14.2
    endloop
  endfacet
  facet normal 0 0 -1
    outer loop
      vertex 8.79049 17.8253 14.2
      vertex 18.1338 36.7718 14.2
      vertex 9.9375 17.2123 14.2
    endloop
  endfacet
  facet normal -0 0 -1
    outer loop
      vertex 18.1338 36.7718 14.2
      vertex 8.79049 17.8253 14.2
      vertex 15.69 37.8791 14.2
    endloop
  endfacet
  facet normal 0 0 -1
    outer loop
      vertex 7.60583 18.3621 14.2
      vertex 15.69 37.8791 14.2
      vertex 8.79049 17.8253 14.2
    endloop
  endfacet
  facet normal -0 0 -1
    outer loop
      vertex 15.69 37.8791 14.2
      vertex 7.60583 18.3621 14.2
      vertex 13.179 38.8241 14.2
    endloop
  endfacet
  facet normal 0 0 -1
    outer loop
      vertex 6.38861 18.8202 14.2
      vertex 13.179 38.8241 14.2
      vertex 7.60583 18.3621 14.2
    endloop
  endfacet
  facet normal -0 0 -1
    outer loop
      vertex 13.179 38.8241 14.2
      vertex 6.38861 18.8202 14.2
      vertex 10.6116 39.603 14.2
    endloop
  endfacet
  facet normal 0 0 -1
    outer loop
      vertex 5.14403 19.1978 14.2
      vertex 10.6116 39.603 14.2
      vertex 6.38861 18.8202 14.2
    endloop
  endfacet
  facet normal -0 0 -1
    outer loop
      vertex 10.6116 39.603 14.2
      vertex 5.14403 19.1978 14.2
      vertex 7.9987 40.2122 14.2
    endloop
  endfacet
  facet normal 0 0 -1
    outer loop
      vertex 3.87742 19.4931 14.2
      vertex 7.9987 40.2122 14.2
      vertex 5.14403 19.1978 14.2
    endloop
  endfacet
  facet normal -0 0 -1
    outer loop
      vertex 7.9987 40.2122 14.2
      vertex 3.87742 19.4931 14.2
      vertex 5.35157 40.6492 14.2
    endloop
  endfacet
  facet normal 0 0 -1
    outer loop
      vertex 2.59421 19.705 14.2
      vertex 5.35157 40.6492 14.2
      vertex 3.87742 19.4931 14.2
    endloop
  endfacet
  facet normal -0 0 -1
    outer loop
      vertex 5.35157 40.6492 14.2
      vertex 2.59421 19.705 14.2
      vertex 2.68153 40.9122 14.2
    endloop
  endfacet
  facet normal 0 0 -1
    outer loop
      vertex 1.29989 19.8324 14.2
      vertex 2.68153 40.9122 14.2
      vertex 2.59421 19.705 14.2
    endloop
  endfacet
  facet normal 0 0 -1
    outer loop
      vertex 0 19.875 14.2
      vertex 2.68153 40.9122 14.2
      vertex 1.29989 19.8324 14.2
    endloop
  endfacet
  facet normal 0 0 -1
    outer loop
      vertex 0 19.875 14.2
      vertex 0 41 14.2
      vertex 2.68153 40.9122 14.2
    endloop
  endfacet
  facet normal 0 0 -1
    outer loop
      vertex -1.29989 19.8324 14.2
      vertex 0 41 14.2
      vertex 0 19.875 14.2
    endloop
  endfacet
  facet normal 0 0 -1
    outer loop
      vertex -2.68153 40.9122 14.2
      vertex -1.29989 19.8324 14.2
      vertex -2.59421 19.705 14.2
    endloop
  endfacet
  facet normal 0 0 -1
    outer loop
      vertex -1.29989 19.8324 14.2
      vertex -2.68153 40.9122 14.2
      vertex 0 41 14.2
    endloop
  endfacet
  facet normal 0 0 -1
    outer loop
      vertex -5.35157 40.6492 14.2
      vertex -2.59421 19.705 14.2
      vertex -3.87742 19.4931 14.2
    endloop
  endfacet
  facet normal 0 0 -1
    outer loop
      vertex -7.9987 40.2122 14.2
      vertex -3.87742 19.4931 14.2
      vertex -5.14403 19.1978 14.2
    endloop
  endfacet
  facet normal 0 0 -1
    outer loop
      vertex -2.59421 19.705 14.2
      vertex -5.35157 40.6492 14.2
      vertex -2.68153 40.9122 14.2
    endloop
  endfacet
  facet normal 0 0 -1
    outer loop
      vertex -10.6116 39.603 14.2
      vertex -5.14403 19.1978 14.2
      vertex -6.38861 18.8202 14.2
    endloop
  endfacet
  facet normal 0 0 -1
    outer loop
      vertex -13.179 38.8241 14.2
      vertex -6.38861 18.8202 14.2
      vertex -7.60583 18.3621 14.2
    endloop
  endfacet
  facet normal 0 0 -1
    outer loop
      vertex -3.87742 19.4931 14.2
      vertex -7.9987 40.2122 14.2
      vertex -5.35157 40.6492 14.2
    endloop
  endfacet
  facet normal 0 0 -1
    outer loop
      vertex -15.69 37.8791 14.2
      vertex -7.60583 18.3621 14.2
      vertex -8.79049 17.8253 14.2
    endloop
  endfacet
  facet normal 0 0 -1
    outer loop
      vertex -18.1338 36.7718 14.2
      vertex -8.79049 17.8253 14.2
      vertex -9.9375 17.2123 14.2
    endloop
  endfacet
  facet normal 0 0 -1
    outer loop
      vertex -5.14403 19.1978 14.2
      vertex -10.6116 39.603 14.2
      vertex -7.9987 40.2122 14.2
    endloop
  endfacet
  facet normal 0 0 -1
    outer loop
      vertex -20.5 35.507 14.2
      vertex -9.9375 17.2123 14.2
      vertex -11.042 16.5255 14.2
    endloop
  endfacet
  facet normal 0 0 -1
    outer loop
      vertex -14.0537 14.0537 14.2
      vertex -24.3145 18.2219 14.2
      vertex -13.1045 14.9428 14.2
    endloop
  endfacet
  facet normal 0 0 -1
    outer loop
      vertex -24.3145 18.2219 14.2
      vertex -14.0537 14.0537 14.2
      vertex -24.3036 18.1112 14.2
    endloop
  endfacet
  facet normal 0 0 -1
    outer loop
      vertex -6.38861 18.8202 14.2
      vertex -13.179 38.8241 14.2
      vertex -10.6116 39.603 14.2
    endloop
  endfacet
  facet normal 0 0 -1
    outer loop
      vertex -24.3036 18.1112 14.2
      vertex -14.0537 14.0537 14.2
      vertex -24.3 18 14.2
    endloop
  endfacet
  facet normal 0 0 -1
    outer loop
      vertex -24.3 18 14.2
      vertex -14.0537 14.0537 14.2
      vertex -14.9428 13.1045 14.2
    endloop
  endfacet
  facet normal 0 0 -1
    outer loop
      vertex -7.60583 18.3621 14.2
      vertex -15.69 37.8791 14.2
      vertex -13.179 38.8241 14.2
    endloop
  endfacet
  facet normal 0 0 -1
    outer loop
      vertex -24.3 18 14.2
      vertex -14.9428 13.1045 14.2
      vertex -15.7679 12.0991 14.2
    endloop
  endfacet
  facet normal 0 0 -1
    outer loop
      vertex -24.3 18 14.2
      vertex -15.7679 12.0991 14.2
      vertex -16.5255 11.042 14.2
    endloop
  endfacet
  facet normal 0 0 -1
    outer loop
      vertex -24.3 18 14.2
      vertex -16.5255 11.042 14.2
      vertex -17.2123 9.9375 14.2
    endloop
  endfacet
  facet normal 0 0 -1
    outer loop
      vertex -24.3 18 14.2
      vertex -17.2123 9.9375 14.2
      vertex -17.8253 8.79049 14.2
    endloop
  endfacet
  facet normal 0 0 -1
    outer loop
      vertex -8.79049 17.8253 14.2
      vertex -18.1338 36.7718 14.2
      vertex -15.69 37.8791 14.2
    endloop
  endfacet
  facet normal 0 0 -1
    outer loop
      vertex -24.3 18 14.2
      vertex -17.8253 8.79049 14.2
      vertex -18.3621 7.60583 14.2
    endloop
  endfacet
  facet normal 0 0 -1
    outer loop
      vertex -24.3 18 14.2
      vertex -18.3621 7.60583 14.2
      vertex -18.8202 6.38861 14.2
    endloop
  endfacet
  facet normal 0 0 -1
    outer loop
      vertex -24.3 18 14.2
      vertex -18.8202 6.38861 14.2
      vertex -19.1978 5.14403 14.2
    endloop
  endfacet
  facet normal 0 0 -1
    outer loop
      vertex -24.3 18 14.2
      vertex -19.1978 5.14403 14.2
      vertex -19.4931 3.87742 14.2
    endloop
  endfacet
  facet normal 0 0 -1
    outer loop
      vertex -24.3 18 14.2
      vertex -19.4931 3.87742 14.2
      vertex -19.705 2.59421 14.2
    endloop
  endfacet
  facet normal 0 0 -1
    outer loop
      vertex -24.3 18 14.2
      vertex -19.705 2.59421 14.2
      vertex -19.8324 1.29989 14.2
    endloop
  endfacet
  facet normal 0 0 -1
    outer loop
      vertex -9.9375 17.2123 14.2
      vertex -20.5 35.507 14.2
      vertex -18.1338 36.7718 14.2
    endloop
  endfacet
  facet normal 0 0 -1
    outer loop
      vertex -24.6513 -16.9651 14.2
      vertex -16.5255 -11.042 14.2
      vertex -24.5865 -17.0555 14.2
    endloop
  endfacet
  facet normal 0 0 -1
    outer loop
      vertex -24.5865 -17.0555 14.2
      vertex -16.5255 -11.042 14.2
      vertex -24.5278 -17.15 14.2
    endloop
  endfacet
  facet normal 0 0 -1
    outer loop
      vertex -24.6513 -19.0349 14.2
      vertex -20.5 -35.507 14.2
      vertex -22.7784 -34.0903 14.2
    endloop
  endfacet
  facet normal 0 0 -1
    outer loop
      vertex -19.875 0 14.2
      vertex -24.3 18 14.2
      vertex -19.8324 1.29989 14.2
    endloop
  endfacet
  facet normal 0 0 -1
    outer loop
      vertex -11.042 16.5255 14.2
      vertex -22.7784 34.0903 14.2
      vertex -20.5 35.507 14.2
    endloop
  endfacet
  facet normal 0 0 -1
    outer loop
      vertex -20.5 -35.507 14.2
      vertex -24.3036 -18.1112 14.2
      vertex -24.3 -18 14.2
    endloop
  endfacet
  facet normal 0 0 -1
    outer loop
      vertex -20.5 -35.507 14.2
      vertex -24.3145 -18.2219 14.2
      vertex -24.3036 -18.1112 14.2
    endloop
  endfacet
  facet normal 0 0 -1
    outer loop
      vertex -20.5 -35.507 14.2
      vertex -24.3327 -18.3317 14.2
      vertex -24.3145 -18.2219 14.2
    endloop
  endfacet
  facet normal 0 0 -1
    outer loop
      vertex -20.5 -35.507 14.2
      vertex -24.3579 -18.44 14.2
      vertex -24.3327 -18.3317 14.2
    endloop
  endfacet
  facet normal 0 0 -1
    outer loop
      vertex -20.5 -35.507 14.2
      vertex -24.3902 -18.5464 14.2
      vertex -24.3579 -18.44 14.2
    endloop
  endfacet
  facet normal 0 0 -1
    outer loop
      vertex -20.5 -35.507 14.2
      vertex -24.4294 -18.6506 14.2
      vertex -24.3902 -18.5464 14.2
    endloop
  endfacet
  facet normal 0 0 -1
    outer loop
      vertex -20.5 -35.507 14.2
      vertex -24.4753 -18.7519 14.2
      vertex -24.4294 -18.6506 14.2
    endloop
  endfacet
  facet normal 0 0 -1
    outer loop
      vertex -20.5 -35.507 14.2
      vertex -24.5278 -18.85 14.2
      vertex -24.4753 -18.7519 14.2
    endloop
  endfacet
  facet normal 0 0 -1
    outer loop
      vertex -20.5 -35.507 14.2
      vertex -24.5865 -18.9445 14.2
      vertex -24.5278 -18.85 14.2
    endloop
  endfacet
  facet normal 0 0 -1
    outer loop
      vertex -20.5 -35.507 14.2
      vertex -24.6513 -19.0349 14.2
      vertex -24.5865 -18.9445 14.2
    endloop
  endfacet
  facet normal 0 0 -1
    outer loop
      vertex -22.7784 -34.0903 14.2
      vertex -24.7219 -19.1209 14.2
      vertex -24.6513 -19.0349 14.2
    endloop
  endfacet
  facet normal 0 0 -1
    outer loop
      vertex -22.7784 -34.0903 14.2
      vertex -24.7979 -19.2021 14.2
      vertex -24.7219 -19.1209 14.2
    endloop
  endfacet
  facet normal 0 0 -1
    outer loop
      vertex -22.7784 -34.0903 14.2
      vertex -24.8791 -19.2781 14.2
      vertex -24.7979 -19.2021 14.2
    endloop
  endfacet
  facet normal 0 0 -1
    outer loop
      vertex -24.9592 -32.5275 14.2
      vertex -24.8791 -19.2781 14.2
      vertex -22.7784 -34.0903 14.2
    endloop
  endfacet
  facet normal 0 0 -1
    outer loop
      vertex -24.9592 -32.5275 14.2
      vertex -24.9651 -19.3487 14.2
      vertex -24.8791 -19.2781 14.2
    endloop
  endfacet
  facet normal 0 0 -1
    outer loop
      vertex -24.9592 -32.5275 14.2
      vertex -25.0555 -19.4135 14.2
      vertex -24.9651 -19.3487 14.2
    endloop
  endfacet
  facet normal 0 0 -1
    outer loop
      vertex -24.9592 -32.5275 14.2
      vertex -25.15 -19.4722 14.2
      vertex -25.0555 -19.4135 14.2
    endloop
  endfacet
  facet normal 0 0 -1
    outer loop
      vertex -27.0332 -30.8254 14.2
      vertex -25.15 -19.4722 14.2
      vertex -24.9592 -32.5275 14.2
    endloop
  endfacet
  facet normal 0 0 -1
    outer loop
      vertex -25.15 -19.4722 14.2
      vertex -27.0332 -30.8254 14.2
      vertex -25.2481 -19.5247 14.2
    endloop
  endfacet
  facet normal 0 0 -1
    outer loop
      vertex -25.2481 -19.5247 14.2
      vertex -27.0332 -30.8254 14.2
      vertex -25.3494 -19.5706 14.2
    endloop
  endfacet
  facet normal 0 0 -1
    outer loop
      vertex -25.3494 -19.5706 14.2
      vertex -27.0332 -30.8254 14.2
      vertex -25.4536 -19.6098 14.2
    endloop
  endfacet
  facet normal 0 0 -1
    outer loop
      vertex -25.4536 -19.6098 14.2
      vertex -27.0332 -30.8254 14.2
      vertex -25.56 -19.6421 14.2
    endloop
  endfacet
  facet normal 0 0 -1
    outer loop
      vertex -28.9914 -28.9914 14.2
      vertex -25.56 -19.6421 14.2
      vertex -27.0332 -30.8254 14.2
    endloop
  endfacet
  facet normal 0 0 -1
    outer loop
      vertex -25.56 -19.6421 14.2
      vertex -28.9914 -28.9914 14.2
      vertex -25.6683 -19.6673 14.2
    endloop
  endfacet
  facet normal 0 0 -1
    outer loop
      vertex -25.6683 -19.6673 14.2
      vertex -28.9914 -28.9914 14.2
      vertex -25.7781 -19.6855 14.2
    endloop
  endfacet
  facet normal 0 0 -1
    outer loop
      vertex -25.7781 -19.6855 14.2
      vertex -28.9914 -28.9914 14.2
      vertex -25.8888 -19.6964 14.2
    endloop
  endfacet
  facet normal 0 0 -1
    outer loop
      vertex -25.8888 -19.6964 14.2
      vertex -28.9914 -28.9914 14.2
      vertex -26 -19.7 14.2
    endloop
  endfacet
  facet normal -0 0 -1
    outer loop
      vertex -26 -19.7 14.2
      vertex -28.9914 -28.9914 14.2
      vertex -26.1112 -19.6964 14.2
    endloop
  endfacet
  facet normal 0 0 -1
    outer loop
      vertex -30.8254 -27.0332 14.2
      vertex -26.1112 -19.6964 14.2
      vertex -28.9914 -28.9914 14.2
    endloop
  endfacet
  facet normal -0 0 -1
    outer loop
      vertex -26.1112 -19.6964 14.2
      vertex -30.8254 -27.0332 14.2
      vertex -26.2219 -19.6855 14.2
    endloop
  endfacet
  facet normal -0 0 -1
    outer loop
      vertex -26.2219 -19.6855 14.2
      vertex -30.8254 -27.0332 14.2
      vertex -26.3317 -19.6673 14.2
    endloop
  endfacet
  facet normal -0 0 -1
    outer loop
      vertex -26.3317 -19.6673 14.2
      vertex -30.8254 -27.0332 14.2
      vertex -26.44 -19.6421 14.2
    endloop
  endfacet
  facet normal -0 0 -1
    outer loop
      vertex -26.44 -19.6421 14.2
      vertex -30.8254 -27.0332 14.2
      vertex -26.5464 -19.6098 14.2
    endloop
  endfacet
  facet normal -0 0 -1
    outer loop
      vertex -26.5464 -19.6098 14.2
      vertex -30.8254 -27.0332 14.2
      vertex -26.6506 -19.5706 14.2
    endloop
  endfacet
  facet normal -0 0 -1
    outer loop
      vertex -26.6506 -19.5706 14.2
      vertex -30.8254 -27.0332 14.2
      vertex -26.7519 -19.5247 14.2
    endloop
  endfacet
  facet normal 0 0 -1
    outer loop
      vertex -32.5275 -24.9592 14.2
      vertex -26.7519 -19.5247 14.2
      vertex -30.8254 -27.0332 14.2
    endloop
  endfacet
  facet normal -0 0 -1
    outer loop
      vertex -26.7519 -19.5247 14.2
      vertex -32.5275 -24.9592 14.2
      vertex -26.85 -19.4722 14.2
    endloop
  endfacet
  facet normal -0 0 -1
    outer loop
      vertex -26.85 -19.4722 14.2
      vertex -32.5275 -24.9592 14.2
      vertex -26.9445 -19.4135 14.2
    endloop
  endfacet
  facet normal -0 0 -1
    outer loop
      vertex -26.9445 -19.4135 14.2
      vertex -32.5275 -24.9592 14.2
      vertex -27.0349 -19.3487 14.2
    endloop
  endfacet
  facet normal -0 0 -1
    outer loop
      vertex -27.0349 -19.3487 14.2
      vertex -32.5275 -24.9592 14.2
      vertex -27.1209 -19.2781 14.2
    endloop
  endfacet
  facet normal -0 0 -1
    outer loop
      vertex -27.1209 -19.2781 14.2
      vertex -32.5275 -24.9592 14.2
      vertex -27.2021 -19.2021 14.2
    endloop
  endfacet
  facet normal -0 0 -1
    outer loop
      vertex -27.2021 -19.2021 14.2
      vertex -32.5275 -24.9592 14.2
      vertex -27.2781 -19.1209 14.2
    endloop
  endfacet
  facet normal 0 0 -1
    outer loop
      vertex -34.0903 -22.7784 14.2
      vertex -27.2781 -19.1209 14.2
      vertex -32.5275 -24.9592 14.2
    endloop
  endfacet
  facet normal -0 0 -1
    outer loop
      vertex -27.2781 -19.1209 14.2
      vertex -34.0903 -22.7784 14.2
      vertex -27.3487 -19.0349 14.2
    endloop
  endfacet
  facet normal -0 0 -1
    outer loop
      vertex -27.3487 -19.0349 14.2
      vertex -34.0903 -22.7784 14.2
      vertex -27.4135 -18.9445 14.2
    endloop
  endfacet
  facet normal -0 0 -1
    outer loop
      vertex -27.4135 -18.9445 14.2
      vertex -34.0903 -22.7784 14.2
      vertex -27.4722 -18.85 14.2
    endloop
  endfacet
  facet normal -0 0 -1
    outer loop
      vertex -27.4722 -18.85 14.2
      vertex -34.0903 -22.7784 14.2
      vertex -27.5247 -18.7519 14.2
    endloop
  endfacet
  facet normal -0 0 -1
    outer loop
      vertex -27.5247 -18.7519 14.2
      vertex -34.0903 -22.7784 14.2
      vertex -27.5706 -18.6506 14.2
    endloop
  endfacet
  facet normal -0 0 -1
    outer loop
      vertex -27.5706 -18.6506 14.2
      vertex -34.0903 -22.7784 14.2
      vertex -27.6098 -18.5464 14.2
    endloop
  endfacet
  facet normal -0 0 -1
    outer loop
      vertex -27.6421 -18.44 14.2
      vertex -35.507 -20.5 14.2
      vertex -27.6673 -18.3317 14.2
    endloop
  endfacet
  facet normal 0 0 -1
    outer loop
      vertex -35.507 -20.5 14.2
      vertex -27.6421 -18.44 14.2
      vertex -34.0903 -22.7784 14.2
    endloop
  endfacet
  facet normal -0 0 -1
    outer loop
      vertex -27.6098 -18.5464 14.2
      vertex -34.0903 -22.7784 14.2
      vertex -27.6421 -18.44 14.2
    endloop
  endfacet
  facet normal 0 0 -1
    outer loop
      vertex 27.4722 -17.15 14.2
      vertex 37.8791 -15.69 14.2
      vertex 27.5247 -17.2481 14.2
    endloop
  endfacet
  facet normal 0 0 -1
    outer loop
      vertex 41 0 14.2
      vertex 27.6964 17.8888 14.2
      vertex 27.7 18 14.2
    endloop
  endfacet
  facet normal 0 0 -1
    outer loop
      vertex 27.4135 -17.0555 14.2
      vertex 37.8791 -15.69 14.2
      vertex 27.4722 -17.15 14.2
    endloop
  endfacet
  facet normal 0 0 -1
    outer loop
      vertex 41 0 14.2
      vertex 27.6855 17.7781 14.2
      vertex 27.6964 17.8888 14.2
    endloop
  endfacet
  facet normal 0 0 -1
    outer loop
      vertex 27.3487 -16.9651 14.2
      vertex 37.8791 -15.69 14.2
      vertex 27.4135 -17.0555 14.2
    endloop
  endfacet
  facet normal 0 0 -1
    outer loop
      vertex 41 0 14.2
      vertex 27.6673 17.6683 14.2
      vertex 27.6855 17.7781 14.2
    endloop
  endfacet
  facet normal 0 0 -1
    outer loop
      vertex 27.2781 -16.8791 14.2
      vertex 37.8791 -15.69 14.2
      vertex 27.3487 -16.9651 14.2
    endloop
  endfacet
  facet normal 0 0 -1
    outer loop
      vertex 41 0 14.2
      vertex 27.6421 17.56 14.2
      vertex 27.6673 17.6683 14.2
    endloop
  endfacet
  facet normal 0 0 -1
    outer loop
      vertex 27.2021 -16.7979 14.2
      vertex 37.8791 -15.69 14.2
      vertex 27.2781 -16.8791 14.2
    endloop
  endfacet
  facet normal 0 0 -1
    outer loop
      vertex 41 0 14.2
      vertex 27.6098 17.4536 14.2
      vertex 27.6421 17.56 14.2
    endloop
  endfacet
  facet normal -0 0 -1
    outer loop
      vertex 37.8791 -15.69 14.2
      vertex 27.2021 -16.7979 14.2
      vertex 38.8241 -13.179 14.2
    endloop
  endfacet
  facet normal 0 0 -1
    outer loop
      vertex 41 0 14.2
      vertex 27.5706 17.3494 14.2
      vertex 27.6098 17.4536 14.2
    endloop
  endfacet
  facet normal 0 0 -1
    outer loop
      vertex 27.1209 -16.7219 14.2
      vertex 38.8241 -13.179 14.2
      vertex 27.2021 -16.7979 14.2
    endloop
  endfacet
  facet normal 0 0 -1
    outer loop
      vertex 41 0 14.2
      vertex 27.5247 17.2481 14.2
      vertex 27.5706 17.3494 14.2
    endloop
  endfacet
  facet normal 0 0 -1
    outer loop
      vertex 27.0349 -16.6513 14.2
      vertex 38.8241 -13.179 14.2
      vertex 27.1209 -16.7219 14.2
    endloop
  endfacet
  facet normal 0 0 -1
    outer loop
      vertex 41 0 14.2
      vertex 27.4722 17.15 14.2
      vertex 27.5247 17.2481 14.2
    endloop
  endfacet
  facet normal 0 0 -1
    outer loop
      vertex 26.9445 -16.5865 14.2
      vertex 38.8241 -13.179 14.2
      vertex 27.0349 -16.6513 14.2
    endloop
  endfacet
  facet normal 0 0 -1
    outer loop
      vertex 41 0 14.2
      vertex 27.4135 17.0555 14.2
      vertex 27.4722 17.15 14.2
    endloop
  endfacet
  facet normal -0 0 -1
    outer loop
      vertex 38.8241 -13.179 14.2
      vertex 26.9445 -16.5865 14.2
      vertex 39.603 -10.6116 14.2
    endloop
  endfacet
  facet normal 0 0 -1
    outer loop
      vertex 41 0 14.2
      vertex 27.3487 16.9651 14.2
      vertex 27.4135 17.0555 14.2
    endloop
  endfacet
  facet normal 0 0 -1
    outer loop
      vertex 26.85 -16.5278 14.2
      vertex 39.603 -10.6116 14.2
      vertex 26.9445 -16.5865 14.2
    endloop
  endfacet
  facet normal 0 0 -1
    outer loop
      vertex 41 0 14.2
      vertex 27.2781 16.8791 14.2
      vertex 27.3487 16.9651 14.2
    endloop
  endfacet
  facet normal 0 0 -1
    outer loop
      vertex 26.7519 -16.4753 14.2
      vertex 39.603 -10.6116 14.2
      vertex 26.85 -16.5278 14.2
    endloop
  endfacet
  facet normal 0 0 -1
    outer loop
      vertex 41 0 14.2
      vertex 27.2021 16.7979 14.2
      vertex 27.2781 16.8791 14.2
    endloop
  endfacet
  facet normal 0 0 -1
    outer loop
      vertex 26.6506 -16.4294 14.2
      vertex 39.603 -10.6116 14.2
      vertex 26.7519 -16.4753 14.2
    endloop
  endfacet
  facet normal 0 0 -1
    outer loop
      vertex 41 0 14.2
      vertex 27.1209 16.7219 14.2
      vertex 27.2021 16.7979 14.2
    endloop
  endfacet
  facet normal -0 0 -1
    outer loop
      vertex 39.603 -10.6116 14.2
      vertex 26.6506 -16.4294 14.2
      vertex 40.2122 -7.9987 14.2
    endloop
  endfacet
  facet normal 0 0 -1
    outer loop
      vertex 19.8324 1.29989 14.2
      vertex 41 0 14.2
      vertex 19.875 0 14.2
    endloop
  endfacet
  facet normal 0 0 -1
    outer loop
      vertex 26.5464 -16.3902 14.2
      vertex 40.2122 -7.9987 14.2
      vertex 26.6506 -16.4294 14.2
    endloop
  endfacet
  facet normal 0 0 -1
    outer loop
      vertex 41 0 14.2
      vertex 27.0349 16.6513 14.2
      vertex 27.1209 16.7219 14.2
    endloop
  endfacet
  facet normal 0 0 -1
    outer loop
      vertex 19.4931 -3.87742 14.2
      vertex 40.2122 -7.9987 14.2
      vertex 26.5464 -16.3902 14.2
    endloop
  endfacet
  facet normal 0 0 -1
    outer loop
      vertex 41 0 14.2
      vertex 26.9445 16.5865 14.2
      vertex 27.0349 16.6513 14.2
    endloop
  endfacet
  facet normal 0 0 -1
    outer loop
      vertex 40.2122 -7.9987 14.2
      vertex 19.4931 -3.87742 14.2
      vertex 40.6492 -5.35157 14.2
    endloop
  endfacet
  facet normal 0 0 -1
    outer loop
      vertex 41 0 14.2
      vertex 26.85 16.5278 14.2
      vertex 26.9445 16.5865 14.2
    endloop
  endfacet
  facet normal 0 0 -1
    outer loop
      vertex 40.6492 -5.35157 14.2
      vertex 19.705 -2.59421 14.2
      vertex 40.9122 -2.68153 14.2
    endloop
  endfacet
  facet normal 0 0 -1
    outer loop
      vertex 41 0 14.2
      vertex 26.7519 16.4753 14.2
      vertex 26.85 16.5278 14.2
    endloop
  endfacet
  facet normal 0 -0 -1
    outer loop
      vertex 19.705 -2.59421 14.2
      vertex 40.6492 -5.35157 14.2
      vertex 19.4931 -3.87742 14.2
    endloop
  endfacet
  facet normal 0 0 -1
    outer loop
      vertex 41 0 14.2
      vertex 26.6506 16.4294 14.2
      vertex 26.7519 16.4753 14.2
    endloop
  endfacet
  facet normal 0 0 -1
    outer loop
      vertex 19.4931 -3.87742 14.2
      vertex 26.5464 -16.3902 14.2
      vertex 26.44 -16.3579 14.2
    endloop
  endfacet
  facet normal 0 0 -1
    outer loop
      vertex 19.4931 3.87742 14.2
      vertex 41 0 14.2
      vertex 19.705 2.59421 14.2
    endloop
  endfacet
  facet normal 0 0 -1
    outer loop
      vertex 19.1978 -5.14403 14.2
      vertex 26.44 -16.3579 14.2
      vertex 26.3317 -16.3327 14.2
    endloop
  endfacet
  facet normal 0 0 -1
    outer loop
      vertex 19.705 2.59421 14.2
      vertex 41 0 14.2
      vertex 19.8324 1.29989 14.2
    endloop
  endfacet
  facet normal 0 0 -1
    outer loop
      vertex 19.1978 -5.14403 14.2
      vertex 26.3317 -16.3327 14.2
      vertex 26.2219 -16.3145 14.2
    endloop
  endfacet
  facet normal 0 0 -1
    outer loop
      vertex 41 0 14.2
      vertex 19.4931 3.87742 14.2
      vertex 26.6506 16.4294 14.2
    endloop
  endfacet
  facet normal 0 0 -1
    outer loop
      vertex 19.1978 -5.14403 14.2
      vertex 26.2219 -16.3145 14.2
      vertex 26.1112 -16.3036 14.2
    endloop
  endfacet
  facet normal 0 0 -1
    outer loop
      vertex 26.6506 16.4294 14.2
      vertex 19.4931 3.87742 14.2
      vertex 26.5464 16.3902 14.2
    endloop
  endfacet
  facet normal 0 0 -1
    outer loop
      vertex 18.8202 -6.38861 14.2
      vertex 26.1112 -16.3036 14.2
      vertex 26 -16.3 14.2
    endloop
  endfacet
  facet normal 0 0 -1
    outer loop
      vertex 26.5464 16.3902 14.2
      vertex 19.4931 3.87742 14.2
      vertex 26.44 16.3579 14.2
    endloop
  endfacet
  facet normal 0 0 -1
    outer loop
      vertex 18.8202 -6.38861 14.2
      vertex 26 -16.3 14.2
      vertex 25.8888 -16.3036 14.2
    endloop
  endfacet
  facet normal 0 0 -1
    outer loop
      vertex 19.1978 5.14403 14.2
      vertex 26.44 16.3579 14.2
      vertex 19.4931 3.87742 14.2
    endloop
  endfacet
  facet normal 0 0 -1
    outer loop
      vertex 18.8202 -6.38861 14.2
      vertex 25.8888 -16.3036 14.2
      vertex 25.7781 -16.3145 14.2
    endloop
  endfacet
  facet normal 0 0 -1
    outer loop
      vertex 26.44 16.3579 14.2
      vertex 19.1978 5.14403 14.2
      vertex 26.3317 16.3327 14.2
    endloop
  endfacet
  facet normal 0 0 -1
    outer loop
      vertex 18.3621 -7.60583 14.2
      vertex 25.7781 -16.3145 14.2
      vertex 25.6683 -16.3327 14.2
    endloop
  endfacet
  facet normal 0 0 -1
    outer loop
      vertex 26.3317 16.3327 14.2
      vertex 19.1978 5.14403 14.2
      vertex 26.2219 16.3145 14.2
    endloop
  endfacet
  facet normal 0 0 -1
    outer loop
      vertex 18.3621 -7.60583 14.2
      vertex 25.6683 -16.3327 14.2
      vertex 25.56 -16.3579 14.2
    endloop
  endfacet
  facet normal 0 0 -1
    outer loop
      vertex 26.2219 16.3145 14.2
      vertex 19.1978 5.14403 14.2
      vertex 26.1112 16.3036 14.2
    endloop
  endfacet
  facet normal 0 0 -1
    outer loop
      vertex 18.3621 -7.60583 14.2
      vertex 25.56 -16.3579 14.2
      vertex 25.4536 -16.3902 14.2
    endloop
  endfacet
  facet normal 0 0 -1
    outer loop
      vertex 18.8202 6.38861 14.2
      vertex 26.1112 16.3036 14.2
      vertex 19.1978 5.14403 14.2
    endloop
  endfacet
  facet normal 0 0 -1
    outer loop
      vertex 17.8253 -8.79049 14.2
      vertex 25.4536 -16.3902 14.2
      vertex 25.3494 -16.4294 14.2
    endloop
  endfacet
  facet normal 0 0 -1
    outer loop
      vertex 26.1112 16.3036 14.2
      vertex 18.8202 6.38861 14.2
      vertex 26 16.3 14.2
    endloop
  endfacet
  facet normal 0 0 -1
    outer loop
      vertex 17.8253 -8.79049 14.2
      vertex 25.3494 -16.4294 14.2
      vertex 25.2481 -16.4753 14.2
    endloop
  endfacet
  facet normal -0 0 -1
    outer loop
      vertex 26 16.3 14.2
      vertex 18.8202 6.38861 14.2
      vertex 25.8888 16.3036 14.2
    endloop
  endfacet
  facet normal 0 0 -1
    outer loop
      vertex 17.8253 -8.79049 14.2
      vertex 25.2481 -16.4753 14.2
      vertex 25.15 -16.5278 14.2
    endloop
  endfacet
  facet normal -0 0 -1
    outer loop
      vertex 25.8888 16.3036 14.2
      vertex 18.8202 6.38861 14.2
      vertex 25.7781 16.3145 14.2
    endloop
  endfacet
  facet normal 0 0 -1
    outer loop
      vertex 17.2123 -9.9375 14.2
      vertex 25.15 -16.5278 14.2
      vertex 25.0555 -16.5865 14.2
    endloop
  endfacet
  facet normal 0 0 -1
    outer loop
      vertex 18.3621 7.60583 14.2
      vertex 25.7781 16.3145 14.2
      vertex 18.8202 6.38861 14.2
    endloop
  endfacet
  facet normal 0 0 -1
    outer loop
      vertex 17.2123 -9.9375 14.2
      vertex 25.0555 -16.5865 14.2
      vertex 24.9651 -16.6513 14.2
    endloop
  endfacet
  facet normal -0 0 -1
    outer loop
      vertex 25.7781 16.3145 14.2
      vertex 18.3621 7.60583 14.2
      vertex 25.6683 16.3327 14.2
    endloop
  endfacet
  facet normal 0 0 -1
    outer loop
      vertex 17.2123 -9.9375 14.2
      vertex 24.9651 -16.6513 14.2
      vertex 24.8791 -16.7219 14.2
    endloop
  endfacet
  facet normal -0 0 -1
    outer loop
      vertex 25.6683 16.3327 14.2
      vertex 18.3621 7.60583 14.2
      vertex 25.56 16.3579 14.2
    endloop
  endfacet
  facet normal 0 0 -1
    outer loop
      vertex 17.2123 -9.9375 14.2
      vertex 24.8791 -16.7219 14.2
      vertex 24.7979 -16.7979 14.2
    endloop
  endfacet
  facet normal -0 0 -1
    outer loop
      vertex 25.56 16.3579 14.2
      vertex 18.3621 7.60583 14.2
      vertex 25.4536 16.3902 14.2
    endloop
  endfacet
  facet normal 0 0 -1
    outer loop
      vertex 16.5255 -11.042 14.2
      vertex 24.7979 -16.7979 14.2
      vertex 24.7219 -16.8791 14.2
    endloop
  endfacet
  facet normal 0 0 -1
    outer loop
      vertex 17.8253 8.79049 14.2
      vertex 25.4536 16.3902 14.2
      vertex 18.3621 7.60583 14.2
    endloop
  endfacet
  facet normal 0 0 -1
    outer loop
      vertex 16.5255 -11.042 14.2
      vertex 24.7219 -16.8791 14.2
      vertex 24.6513 -16.9651 14.2
    endloop
  endfacet
  facet normal -0 0 -1
    outer loop
      vertex 25.4536 16.3902 14.2
      vertex 17.8253 8.79049 14.2
      vertex 25.3494 16.4294 14.2
    endloop
  endfacet
  facet normal 0 0 -1
    outer loop
      vertex 16.5255 -11.042 14.2
      vertex 24.6513 -16.9651 14.2
      vertex 24.5865 -17.0555 14.2
    endloop
  endfacet
  facet normal -0 0 -1
    outer loop
      vertex 25.3494 16.4294 14.2
      vertex 17.8253 8.79049 14.2
      vertex 25.2481 16.4753 14.2
    endloop
  endfacet
  facet normal 0 0 -1
    outer loop
      vertex 16.5255 -11.042 14.2
      vertex 24.5865 -17.0555 14.2
      vertex 24.5278 -17.15 14.2
    endloop
  endfacet
  facet normal -0 0 -1
    outer loop
      vertex 25.2481 16.4753 14.2
      vertex 17.8253 8.79049 14.2
      vertex 25.15 16.5278 14.2
    endloop
  endfacet
  facet normal 0 0 -1
    outer loop
      vertex 15.7679 -12.0991 14.2
      vertex 24.5278 -17.15 14.2
      vertex 24.4753 -17.2481 14.2
    endloop
  endfacet
  facet normal 0 0 -1
    outer loop
      vertex 17.2123 9.9375 14.2
      vertex 25.15 16.5278 14.2
      vertex 17.8253 8.79049 14.2
    endloop
  endfacet
  facet normal 0 0 -1
    outer loop
      vertex 15.7679 -12.0991 14.2
      vertex 24.4753 -17.2481 14.2
      vertex 24.4294 -17.3494 14.2
    endloop
  endfacet
  facet normal -0 0 -1
    outer loop
      vertex 25.15 16.5278 14.2
      vertex 17.2123 9.9375 14.2
      vertex 25.0555 16.5865 14.2
    endloop
  endfacet
  facet normal 0 0 -1
    outer loop
      vertex 15.7679 -12.0991 14.2
      vertex 24.4294 -17.3494 14.2
      vertex 24.3902 -17.4536 14.2
    endloop
  endfacet
  facet normal -0 0 -1
    outer loop
      vertex 25.0555 16.5865 14.2
      vertex 17.2123 9.9375 14.2
      vertex 24.9651 16.6513 14.2
    endloop
  endfacet
  facet normal 0 0 -1
    outer loop
      vertex 14.9428 -13.1045 14.2
      vertex 24.3902 -17.4536 14.2
      vertex 24.3579 -17.56 14.2
    endloop
  endfacet
  facet normal -0 0 -1
    outer loop
      vertex 24.9651 16.6513 14.2
      vertex 17.2123 9.9375 14.2
      vertex 24.8791 16.7219 14.2
    endloop
  endfacet
  facet normal 0 0 -1
    outer loop
      vertex 14.9428 -13.1045 14.2
      vertex 24.3579 -17.56 14.2
      vertex 24.3327 -17.6683 14.2
    endloop
  endfacet
  facet normal -0 0 -1
    outer loop
      vertex 24.8791 16.7219 14.2
      vertex 17.2123 9.9375 14.2
      vertex 24.7979 16.7979 14.2
    endloop
  endfacet
  facet normal 0 0 -1
    outer loop
      vertex 14.9428 -13.1045 14.2
      vertex 24.3327 -17.6683 14.2
      vertex 24.3145 -17.7781 14.2
    endloop
  endfacet
  facet normal 0 0 -1
    outer loop
      vertex 16.5255 11.042 14.2
      vertex 24.7979 16.7979 14.2
      vertex 17.2123 9.9375 14.2
    endloop
  endfacet
  facet normal 0 0 -1
    outer loop
      vertex 14.9428 -13.1045 14.2
      vertex 24.3145 -17.7781 14.2
      vertex 24.3036 -17.8888 14.2
    endloop
  endfacet
  facet normal -0 0 -1
    outer loop
      vertex 24.7979 16.7979 14.2
      vertex 16.5255 11.042 14.2
      vertex 24.7219 16.8791 14.2
    endloop
  endfacet
  facet normal 0 0 -1
    outer loop
      vertex 14.0537 -14.0537 14.2
      vertex 24.3036 -17.8888 14.2
      vertex 24.3 -18 14.2
    endloop
  endfacet
  facet normal -0 0 -1
    outer loop
      vertex 24.7219 16.8791 14.2
      vertex 16.5255 11.042 14.2
      vertex 24.6513 16.9651 14.2
    endloop
  endfacet
  facet normal 0 0 -1
    outer loop
      vertex 27.5247 -17.2481 14.2
      vertex 36.7718 -18.1338 14.2
      vertex 27.5706 -17.3494 14.2
    endloop
  endfacet
  facet normal 0 0 -1
    outer loop
      vertex 27.5706 -17.3494 14.2
      vertex 36.7718 -18.1338 14.2
      vertex 27.6098 -17.4536 14.2
    endloop
  endfacet
  facet normal 0 0 -1
    outer loop
      vertex 36.7718 -18.1338 14.2
      vertex 27.5247 -17.2481 14.2
      vertex 37.8791 -15.69 14.2
    endloop
  endfacet
  facet normal 0 0 -1
    outer loop
      vertex 27.6098 -17.4536 14.2
      vertex 36.7718 -18.1338 14.2
      vertex 27.6421 -17.56 14.2
    endloop
  endfacet
  facet normal 0 0 -1
    outer loop
      vertex 41 0 14.2
      vertex 27.7 18 14.2
      vertex 40.9122 2.68153 14.2
    endloop
  endfacet
  facet normal 0 0 -1
    outer loop
      vertex 27.6421 -17.56 14.2
      vertex 36.7718 -18.1338 14.2
      vertex 27.6673 -17.6683 14.2
    endloop
  endfacet
  facet normal 0 0 -1
    outer loop
      vertex 40.9122 2.68153 14.2
      vertex 27.7 18 14.2
      vertex 40.6492 5.35157 14.2
    endloop
  endfacet
  facet normal 0 0 -1
    outer loop
      vertex 27.6673 -17.6683 14.2
      vertex 36.7718 -18.1338 14.2
      vertex 27.6855 -17.7781 14.2
    endloop
  endfacet
  facet normal 0 0 -1
    outer loop
      vertex 40.6492 5.35157 14.2
      vertex 27.7 18 14.2
      vertex 40.2122 7.9987 14.2
    endloop
  endfacet
  facet normal 0 0 -1
    outer loop
      vertex 35.507 -20.5 14.2
      vertex 27.6855 -17.7781 14.2
      vertex 36.7718 -18.1338 14.2
    endloop
  endfacet
  facet normal 0 0 -1
    outer loop
      vertex 40.2122 7.9987 14.2
      vertex 27.7 18 14.2
      vertex 39.603 10.6116 14.2
    endloop
  endfacet
  facet normal 0 0 -1
    outer loop
      vertex 27.6855 -17.7781 14.2
      vertex 35.507 -20.5 14.2
      vertex 27.6964 -17.8888 14.2
    endloop
  endfacet
  facet normal 0 0 -1
    outer loop
      vertex 39.603 10.6116 14.2
      vertex 27.7 18 14.2
      vertex 38.8241 13.179 14.2
    endloop
  endfacet
  facet normal 0 0 -1
    outer loop
      vertex 27.6964 -17.8888 14.2
      vertex 35.507 -20.5 14.2
      vertex 27.7 -18 14.2
    endloop
  endfacet
  facet normal 0 0 -1
    outer loop
      vertex 38.8241 13.179 14.2
      vertex 27.7 18 14.2
      vertex 37.8791 15.69 14.2
    endloop
  endfacet
  facet normal 0 0 -1
    outer loop
      vertex 27.6421 -18.44 14.2
      vertex 35.507 -20.5 14.2
      vertex 34.0903 -22.7784 14.2
    endloop
  endfacet
  facet normal 0 0 -1
    outer loop
      vertex 37.8791 15.69 14.2
      vertex 27.7 18 14.2
      vertex 36.7718 18.1338 14.2
    endloop
  endfacet
  facet normal 0 0 -1
    outer loop
      vertex 27.2781 -19.1209 14.2
      vertex 34.0903 -22.7784 14.2
      vertex 32.5275 -24.9592 14.2
    endloop
  endfacet
  facet normal -0 0 -1
    outer loop
      vertex 36.7718 18.1338 14.2
      vertex 27.7 18 14.2
      vertex 35.507 20.5 14.2
    endloop
  endfacet
  facet normal 0 0 -1
    outer loop
      vertex 26.7519 -19.5247 14.2
      vertex 32.5275 -24.9592 14.2
      vertex 30.8254 -27.0332 14.2
    endloop
  endfacet
  facet normal 0 0 -1
    outer loop
      vertex 27.6964 18.1112 14.2
      vertex 35.507 20.5 14.2
      vertex 27.7 18 14.2
    endloop
  endfacet
  facet normal 0 0 -1
    outer loop
      vertex 26.1112 -19.6964 14.2
      vertex 30.8254 -27.0332 14.2
      vertex 28.9914 -28.9914 14.2
    endloop
  endfacet
  facet normal 0 0 -1
    outer loop
      vertex 27.6855 18.2219 14.2
      vertex 35.507 20.5 14.2
      vertex 27.6964 18.1112 14.2
    endloop
  endfacet
  facet normal 0 0 -1
    outer loop
      vertex 27.6673 18.3317 14.2
      vertex 35.507 20.5 14.2
      vertex 27.6855 18.2219 14.2
    endloop
  endfacet
  facet normal 0 0 -1
    outer loop
      vertex 35.507 -20.5 14.2
      vertex 27.6964 -18.1112 14.2
      vertex 27.7 -18 14.2
    endloop
  endfacet
  facet normal 0 0 -1
    outer loop
      vertex 35.507 -20.5 14.2
      vertex 27.6855 -18.2219 14.2
      vertex 27.6964 -18.1112 14.2
    endloop
  endfacet
  facet normal 0 0 -1
    outer loop
      vertex 35.507 -20.5 14.2
      vertex 27.6673 -18.3317 14.2
      vertex 27.6855 -18.2219 14.2
    endloop
  endfacet
  facet normal 0 0 -1
    outer loop
      vertex 35.507 -20.5 14.2
      vertex 27.6421 -18.44 14.2
      vertex 27.6673 -18.3317 14.2
    endloop
  endfacet
  facet normal 0 0 -1
    outer loop
      vertex 34.0903 -22.7784 14.2
      vertex 27.6098 -18.5464 14.2
      vertex 27.6421 -18.44 14.2
    endloop
  endfacet
  facet normal 0 0 -1
    outer loop
      vertex 34.0903 -22.7784 14.2
      vertex 27.5706 -18.6506 14.2
      vertex 27.6098 -18.5464 14.2
    endloop
  endfacet
  facet normal 0 0 -1
    outer loop
      vertex 34.0903 -22.7784 14.2
      vertex 27.5247 -18.7519 14.2
      vertex 27.5706 -18.6506 14.2
    endloop
  endfacet
  facet normal 0 0 -1
    outer loop
      vertex 34.0903 -22.7784 14.2
      vertex 27.4722 -18.85 14.2
      vertex 27.5247 -18.7519 14.2
    endloop
  endfacet
  facet normal 0 0 -1
    outer loop
      vertex 34.0903 -22.7784 14.2
      vertex 27.4135 -18.9445 14.2
      vertex 27.4722 -18.85 14.2
    endloop
  endfacet
  facet normal 0 0 -1
    outer loop
      vertex 34.0903 -22.7784 14.2
      vertex 27.3487 -19.0349 14.2
      vertex 27.4135 -18.9445 14.2
    endloop
  endfacet
  facet normal 0 0 -1
    outer loop
      vertex 34.0903 -22.7784 14.2
      vertex 27.2781 -19.1209 14.2
      vertex 27.3487 -19.0349 14.2
    endloop
  endfacet
  facet normal 0 0 -1
    outer loop
      vertex 32.5275 -24.9592 14.2
      vertex 27.2021 -19.2021 14.2
      vertex 27.2781 -19.1209 14.2
    endloop
  endfacet
  facet normal 0 0 -1
    outer loop
      vertex 32.5275 -24.9592 14.2
      vertex 27.1209 -19.2781 14.2
      vertex 27.2021 -19.2021 14.2
    endloop
  endfacet
  facet normal 0 0 -1
    outer loop
      vertex 32.5275 -24.9592 14.2
      vertex 27.0349 -19.3487 14.2
      vertex 27.1209 -19.2781 14.2
    endloop
  endfacet
  facet normal 0 0 -1
    outer loop
      vertex 25.56 -19.6421 14.2
      vertex 28.9914 -28.9914 14.2
      vertex 27.0332 -30.8254 14.2
    endloop
  endfacet
  facet normal 0 0 -1
    outer loop
      vertex 32.5275 -24.9592 14.2
      vertex 26.9445 -19.4135 14.2
      vertex 27.0349 -19.3487 14.2
    endloop
  endfacet
  facet normal 0 0 -1
    outer loop
      vertex 32.5275 -24.9592 14.2
      vertex 26.85 -19.4722 14.2
      vertex 26.9445 -19.4135 14.2
    endloop
  endfacet
  facet normal 0 0 -1
    outer loop
      vertex 32.5275 -24.9592 14.2
      vertex 26.7519 -19.5247 14.2
      vertex 26.85 -19.4722 14.2
    endloop
  endfacet
  facet normal 0 0 -1
    outer loop
      vertex 30.8254 -27.0332 14.2
      vertex 26.6506 -19.5706 14.2
      vertex 26.7519 -19.5247 14.2
    endloop
  endfacet
  facet normal 0 0 -1
    outer loop
      vertex 30.8254 -27.0332 14.2
      vertex 26.5464 -19.6098 14.2
      vertex 26.6506 -19.5706 14.2
    endloop
  endfacet
  facet normal 0 0 -1
    outer loop
      vertex 30.8254 -27.0332 14.2
      vertex 26.44 -19.6421 14.2
      vertex 26.5464 -19.6098 14.2
    endloop
  endfacet
  facet normal 0 0 -1
    outer loop
      vertex 30.8254 -27.0332 14.2
      vertex 26.3317 -19.6673 14.2
      vertex 26.44 -19.6421 14.2
    endloop
  endfacet
  facet normal 0 0 -1
    outer loop
      vertex 30.8254 -27.0332 14.2
      vertex 26.2219 -19.6855 14.2
      vertex 26.3317 -19.6673 14.2
    endloop
  endfacet
  facet normal 0 0 -1
    outer loop
      vertex 30.8254 -27.0332 14.2
      vertex 26.1112 -19.6964 14.2
      vertex 26.2219 -19.6855 14.2
    endloop
  endfacet
  facet normal 0 0 -1
    outer loop
      vertex 28.9914 -28.9914 14.2
      vertex 26 -19.7 14.2
      vertex 26.1112 -19.6964 14.2
    endloop
  endfacet
  facet normal 0 0 -1
    outer loop
      vertex 28.9914 -28.9914 14.2
      vertex 25.8888 -19.6964 14.2
      vertex 26 -19.7 14.2
    endloop
  endfacet
  facet normal 0 0 -1
    outer loop
      vertex 28.9914 -28.9914 14.2
      vertex 25.7781 -19.6855 14.2
      vertex 25.8888 -19.6964 14.2
    endloop
  endfacet
  facet normal 0 0 -1
    outer loop
      vertex 28.9914 -28.9914 14.2
      vertex 25.6683 -19.6673 14.2
      vertex 25.7781 -19.6855 14.2
    endloop
  endfacet
  facet normal 0 0 -1
    outer loop
      vertex 28.9914 -28.9914 14.2
      vertex 25.56 -19.6421 14.2
      vertex 25.6683 -19.6673 14.2
    endloop
  endfacet
  facet normal 0 0 -1
    outer loop
      vertex 27.0332 -30.8254 14.2
      vertex 25.4536 -19.6098 14.2
      vertex 25.56 -19.6421 14.2
    endloop
  endfacet
  facet normal 0 0 -1
    outer loop
      vertex 27.0332 -30.8254 14.2
      vertex 25.3494 -19.5706 14.2
      vertex 25.4536 -19.6098 14.2
    endloop
  endfacet
  facet normal 0 0 -1
    outer loop
      vertex 27.0332 -30.8254 14.2
      vertex 25.2481 -19.5247 14.2
      vertex 25.3494 -19.5706 14.2
    endloop
  endfacet
  facet normal 0 0 -1
    outer loop
      vertex 27.0332 -30.8254 14.2
      vertex 25.15 -19.4722 14.2
      vertex 25.2481 -19.5247 14.2
    endloop
  endfacet
  facet normal 0 0 -1
    outer loop
      vertex 24.9592 -32.5275 14.2
      vertex 25.15 -19.4722 14.2
      vertex 27.0332 -30.8254 14.2
    endloop
  endfacet
  facet normal -0 0 -1
    outer loop
      vertex 25.15 -19.4722 14.2
      vertex 24.9592 -32.5275 14.2
      vertex 25.0555 -19.4135 14.2
    endloop
  endfacet
  facet normal -0 0 -1
    outer loop
      vertex 25.0555 -19.4135 14.2
      vertex 24.9592 -32.5275 14.2
      vertex 24.9651 -19.3487 14.2
    endloop
  endfacet
  facet normal 0 0 -1
    outer loop
      vertex 24.9592 -32.5275 14.2
      vertex 24.8791 -19.2781 14.2
      vertex 24.9651 -19.3487 14.2
    endloop
  endfacet
  facet normal 0 0 -1
    outer loop
      vertex 24.9592 -32.5275 14.2
      vertex 24.7979 -19.2021 14.2
      vertex 24.8791 -19.2781 14.2
    endloop
  endfacet
  facet normal 0 0 -1
    outer loop
      vertex 22.7784 -34.0903 14.2
      vertex 24.7979 -19.2021 14.2
      vertex 24.9592 -32.5275 14.2
    endloop
  endfacet
  facet normal -0 0 -1
    outer loop
      vertex 24.7979 -19.2021 14.2
      vertex 22.7784 -34.0903 14.2
      vertex 24.7219 -19.1209 14.2
    endloop
  endfacet
  facet normal -0 0 -1
    outer loop
      vertex 24.7219 -19.1209 14.2
      vertex 22.7784 -34.0903 14.2
      vertex 24.6513 -19.0349 14.2
    endloop
  endfacet
  facet normal 0 0 -1
    outer loop
      vertex 11.042 -16.5255 14.2
      vertex 24.6513 -19.0349 14.2
      vertex 22.7784 -34.0903 14.2
    endloop
  endfacet
  facet normal 0 0 -1
    outer loop
      vertex 24.6513 -19.0349 14.2
      vertex 11.042 -16.5255 14.2
      vertex 24.5865 -18.9445 14.2
    endloop
  endfacet
  facet normal 0 0 -1
    outer loop
      vertex 24.5865 -18.9445 14.2
      vertex 11.042 -16.5255 14.2
      vertex 24.5278 -18.85 14.2
    endloop
  endfacet
  facet normal 0 -0 -1
    outer loop
      vertex 12.0991 -15.7679 14.2
      vertex 24.5278 -18.85 14.2
      vertex 11.042 -16.5255 14.2
    endloop
  endfacet
  facet normal 0 0 -1
    outer loop
      vertex 24.5278 -18.85 14.2
      vertex 12.0991 -15.7679 14.2
      vertex 24.4753 -18.7519 14.2
    endloop
  endfacet
  facet normal 0 0 -1
    outer loop
      vertex 24.4753 -18.7519 14.2
      vertex 12.0991 -15.7679 14.2
      vertex 24.4294 -18.6506 14.2
    endloop
  endfacet
  facet normal 0 0 -1
    outer loop
      vertex 24.4294 -18.6506 14.2
      vertex 12.0991 -15.7679 14.2
      vertex 24.3902 -18.5464 14.2
    endloop
  endfacet
  facet normal 0 -0 -1
    outer loop
      vertex 13.1045 -14.9428 14.2
      vertex 24.3902 -18.5464 14.2
      vertex 12.0991 -15.7679 14.2
    endloop
  endfacet
  facet normal 0 0 -1
    outer loop
      vertex 24.3327 -18.3317 14.2
      vertex 13.1045 -14.9428 14.2
      vertex 24.3145 -18.2219 14.2
    endloop
  endfacet
  facet normal 0 0 -1
    outer loop
      vertex 24.3579 -18.44 14.2
      vertex 13.1045 -14.9428 14.2
      vertex 24.3327 -18.3317 14.2
    endloop
  endfacet
  facet normal 0 0 -1
    outer loop
      vertex 24.3902 -18.5464 14.2
      vertex 13.1045 -14.9428 14.2
      vertex 24.3579 -18.44 14.2
    endloop
  endfacet
  facet normal 0 0 -1
    outer loop
      vertex 27.6421 18.44 14.2
      vertex 35.507 20.5 14.2
      vertex 27.6673 18.3317 14.2
    endloop
  endfacet
  facet normal -0 0 -1
    outer loop
      vertex 35.507 20.5 14.2
      vertex 27.6421 18.44 14.2
      vertex 34.0903 22.7784 14.2
    endloop
  endfacet
  facet normal 0 0 -1
    outer loop
      vertex 27.6098 18.5464 14.2
      vertex 34.0903 22.7784 14.2
      vertex 27.6421 18.44 14.2
    endloop
  endfacet
  facet normal 0 0 -1
    outer loop
      vertex 27.5706 18.6506 14.2
      vertex 34.0903 22.7784 14.2
      vertex 27.6098 18.5464 14.2
    endloop
  endfacet
  facet normal 0 0 -1
    outer loop
      vertex 27.5247 18.7519 14.2
      vertex 34.0903 22.7784 14.2
      vertex 27.5706 18.6506 14.2
    endloop
  endfacet
  facet normal 0 0 -1
    outer loop
      vertex 27.4722 18.85 14.2
      vertex 34.0903 22.7784 14.2
      vertex 27.5247 18.7519 14.2
    endloop
  endfacet
  facet normal 0 0 -1
    outer loop
      vertex 27.4135 18.9445 14.2
      vertex 34.0903 22.7784 14.2
      vertex 27.4722 18.85 14.2
    endloop
  endfacet
  facet normal 0 0 -1
    outer loop
      vertex 27.3487 19.0349 14.2
      vertex 34.0903 22.7784 14.2
      vertex 27.4135 18.9445 14.2
    endloop
  endfacet
  facet normal 0 0 -1
    outer loop
      vertex 27.2781 19.1209 14.2
      vertex 34.0903 22.7784 14.2
      vertex 27.3487 19.0349 14.2
    endloop
  endfacet
  facet normal -0 0 -1
    outer loop
      vertex 34.0903 22.7784 14.2
      vertex 27.2781 19.1209 14.2
      vertex 32.5275 24.9592 14.2
    endloop
  endfacet
  facet normal 0 0 -1
    outer loop
      vertex 27.2021 19.2021 14.2
      vertex 32.5275 24.9592 14.2
      vertex 27.2781 19.1209 14.2
    endloop
  endfacet
  facet normal 0 0 -1
    outer loop
      vertex 27.1209 19.2781 14.2
      vertex 32.5275 24.9592 14.2
      vertex 27.2021 19.2021 14.2
    endloop
  endfacet
  facet normal 0 0 -1
    outer loop
      vertex 27.0349 19.3487 14.2
      vertex 32.5275 24.9592 14.2
      vertex 27.1209 19.2781 14.2
    endloop
  endfacet
  facet normal 0 0 -1
    outer loop
      vertex 26.9445 19.4135 14.2
      vertex 32.5275 24.9592 14.2
      vertex 27.0349 19.3487 14.2
    endloop
  endfacet
  facet normal 0 0 -1
    outer loop
      vertex 26.85 19.4722 14.2
      vertex 32.5275 24.9592 14.2
      vertex 26.9445 19.4135 14.2
    endloop
  endfacet
  facet normal 0 0 -1
    outer loop
      vertex 26.7519 19.5247 14.2
      vertex 32.5275 24.9592 14.2
      vertex 26.85 19.4722 14.2
    endloop
  endfacet
  facet normal -0 0 -1
    outer loop
      vertex 32.5275 24.9592 14.2
      vertex 26.7519 19.5247 14.2
      vertex 30.8254 27.0332 14.2
    endloop
  endfacet
  facet normal 0 0 -1
    outer loop
      vertex 26.6506 19.5706 14.2
      vertex 30.8254 27.0332 14.2
      vertex 26.7519 19.5247 14.2
    endloop
  endfacet
  facet normal 0 0 -1
    outer loop
      vertex 26.5464 19.6098 14.2
      vertex 30.8254 27.0332 14.2
      vertex 26.6506 19.5706 14.2
    endloop
  endfacet
  facet normal 0 0 -1
    outer loop
      vertex 26.44 19.6421 14.2
      vertex 30.8254 27.0332 14.2
      vertex 26.5464 19.6098 14.2
    endloop
  endfacet
  facet normal 0 0 -1
    outer loop
      vertex 26.3317 19.6673 14.2
      vertex 30.8254 27.0332 14.2
      vertex 26.44 19.6421 14.2
    endloop
  endfacet
  facet normal 0 0 -1
    outer loop
      vertex 26.2219 19.6855 14.2
      vertex 30.8254 27.0332 14.2
      vertex 26.3317 19.6673 14.2
    endloop
  endfacet
  facet normal 0 0 -1
    outer loop
      vertex 26.1112 19.6964 14.2
      vertex 30.8254 27.0332 14.2
      vertex 26.2219 19.6855 14.2
    endloop
  endfacet
  facet normal -0 0 -1
    outer loop
      vertex 30.8254 27.0332 14.2
      vertex 26.1112 19.6964 14.2
      vertex 28.9914 28.9914 14.2
    endloop
  endfacet
  facet normal 0 0 -1
    outer loop
      vertex 26 19.7 14.2
      vertex 28.9914 28.9914 14.2
      vertex 26.1112 19.6964 14.2
    endloop
  endfacet
  facet normal 0 0 -1
    outer loop
      vertex 25.8888 19.6964 14.2
      vertex 28.9914 28.9914 14.2
      vertex 26 19.7 14.2
    endloop
  endfacet
  facet normal 0 0 -1
    outer loop
      vertex 25.7781 19.6855 14.2
      vertex 28.9914 28.9914 14.2
      vertex 25.8888 19.6964 14.2
    endloop
  endfacet
  facet normal 0 0 -1
    outer loop
      vertex 25.6683 19.6673 14.2
      vertex 28.9914 28.9914 14.2
      vertex 25.7781 19.6855 14.2
    endloop
  endfacet
  facet normal 0 0 -1
    outer loop
      vertex 25.56 19.6421 14.2
      vertex 28.9914 28.9914 14.2
      vertex 25.6683 19.6673 14.2
    endloop
  endfacet
  facet normal -0 0 -1
    outer loop
      vertex 28.9914 28.9914 14.2
      vertex 25.56 19.6421 14.2
      vertex 27.0332 30.8254 14.2
    endloop
  endfacet
  facet normal 0 0 -1
    outer loop
      vertex 25.4536 19.6098 14.2
      vertex 27.0332 30.8254 14.2
      vertex 25.56 19.6421 14.2
    endloop
  endfacet
  facet normal 0 0 -1
    outer loop
      vertex 25.3494 19.5706 14.2
      vertex 27.0332 30.8254 14.2
      vertex 25.4536 19.6098 14.2
    endloop
  endfacet
  facet normal 0 0 -1
    outer loop
      vertex 25.2481 19.5247 14.2
      vertex 27.0332 30.8254 14.2
      vertex 25.3494 19.5706 14.2
    endloop
  endfacet
  facet normal 0 0 -1
    outer loop
      vertex 25.15 19.4722 14.2
      vertex 27.0332 30.8254 14.2
      vertex 25.2481 19.5247 14.2
    endloop
  endfacet
  facet normal 0 0 -1
    outer loop
      vertex 24.9592 32.5275 14.2
      vertex 25.15 19.4722 14.2
      vertex 25.0555 19.4135 14.2
    endloop
  endfacet
  facet normal 0 0 -1
    outer loop
      vertex 24.9592 32.5275 14.2
      vertex 25.0555 19.4135 14.2
      vertex 24.9651 19.3487 14.2
    endloop
  endfacet
  facet normal 0 0 -1
    outer loop
      vertex 25.15 19.4722 14.2
      vertex 24.9592 32.5275 14.2
      vertex 27.0332 30.8254 14.2
    endloop
  endfacet
  facet normal 0 0 -1
    outer loop
      vertex 24.8791 19.2781 14.2
      vertex 24.9592 32.5275 14.2
      vertex 24.9651 19.3487 14.2
    endloop
  endfacet
  facet normal 0 0 -1
    outer loop
      vertex 24.7979 19.2021 14.2
      vertex 24.9592 32.5275 14.2
      vertex 24.8791 19.2781 14.2
    endloop
  endfacet
  facet normal 0 0 -1
    outer loop
      vertex 22.7784 34.0903 14.2
      vertex 24.7979 19.2021 14.2
      vertex 24.7219 19.1209 14.2
    endloop
  endfacet
  facet normal 0 0 -1
    outer loop
      vertex 22.7784 34.0903 14.2
      vertex 24.7219 19.1209 14.2
      vertex 24.6513 19.0349 14.2
    endloop
  endfacet
  facet normal 0 0 -1
    outer loop
      vertex 20.5 35.507 14.2
      vertex 24.6513 19.0349 14.2
      vertex 24.5865 18.9445 14.2
    endloop
  endfacet
  facet normal 0 0 -1
    outer loop
      vertex 20.5 35.507 14.2
      vertex 24.5865 18.9445 14.2
      vertex 24.5278 18.85 14.2
    endloop
  endfacet
  facet normal 0 0 -1
    outer loop
      vertex 20.5 35.507 14.2
      vertex 24.5278 18.85 14.2
      vertex 24.4753 18.7519 14.2
    endloop
  endfacet
  facet normal 0 0 -1
    outer loop
      vertex 20.5 35.507 14.2
      vertex 24.4753 18.7519 14.2
      vertex 24.4294 18.6506 14.2
    endloop
  endfacet
  facet normal 0 0 -1
    outer loop
      vertex 20.5 35.507 14.2
      vertex 24.4294 18.6506 14.2
      vertex 24.3902 18.5464 14.2
    endloop
  endfacet
  facet normal 0 0 -1
    outer loop
      vertex 20.5 35.507 14.2
      vertex 24.3902 18.5464 14.2
      vertex 24.3579 18.44 14.2
    endloop
  endfacet
  facet normal 0 0 -1
    outer loop
      vertex 20.5 35.507 14.2
      vertex 24.3579 18.44 14.2
      vertex 24.3327 18.3317 14.2
    endloop
  endfacet
  facet normal 0 0 -1
    outer loop
      vertex 20.5 35.507 14.2
      vertex 24.3327 18.3317 14.2
      vertex 24.3145 18.2219 14.2
    endloop
  endfacet
  facet normal 0 0 -1
    outer loop
      vertex 20.5 35.507 14.2
      vertex 24.3145 18.2219 14.2
      vertex 24.3036 18.1112 14.2
    endloop
  endfacet
  facet normal 0 0 -1
    outer loop
      vertex 24.7979 19.2021 14.2
      vertex 22.7784 34.0903 14.2
      vertex 24.9592 32.5275 14.2
    endloop
  endfacet
  facet normal 0 0 -1
    outer loop
      vertex 20.5 35.507 14.2
      vertex 24.3036 18.1112 14.2
      vertex 24.3 18 14.2
    endloop
  endfacet
  facet normal -0 0 -1
    outer loop
      vertex 41 0 14.2
      vertex 19.8324 -1.29989 14.2
      vertex 19.875 0 14.2
    endloop
  endfacet
  facet normal 0 0 -1
    outer loop
      vertex 11.042 -16.5255 14.2
      vertex 22.7784 -34.0903 14.2
      vertex 20.5 -35.507 14.2
    endloop
  endfacet
  facet normal -0 0 -1
    outer loop
      vertex 24.5865 17.0555 14.2
      vertex 16.5255 11.042 14.2
      vertex 24.5278 17.15 14.2
    endloop
  endfacet
  facet normal 0 0 -1
    outer loop
      vertex 24.6513 19.0349 14.2
      vertex 20.5 35.507 14.2
      vertex 22.7784 34.0903 14.2
    endloop
  endfacet
  facet normal -0 0 -1
    outer loop
      vertex 24.6513 16.9651 14.2
      vertex 16.5255 11.042 14.2
      vertex 24.5865 17.0555 14.2
    endloop
  endfacet
  facet normal 0 0 -1
    outer loop
      vertex 40.9122 -2.68153 14.2
      vertex 19.8324 -1.29989 14.2
      vertex 41 0 14.2
    endloop
  endfacet
  facet normal 0 -0 -1
    outer loop
      vertex 19.8324 -1.29989 14.2
      vertex 40.9122 -2.68153 14.2
      vertex 19.705 -2.59421 14.2
    endloop
  endfacet
  facet normal 0 0 -1
    outer loop
      vertex 26.44 -16.3579 14.2
      vertex 19.1978 -5.14403 14.2
      vertex 19.4931 -3.87742 14.2
    endloop
  endfacet
  facet normal 0 0 -1
    outer loop
      vertex 26.1112 -16.3036 14.2
      vertex 18.8202 -6.38861 14.2
      vertex 19.1978 -5.14403 14.2
    endloop
  endfacet
  facet normal 0 0 -1
    outer loop
      vertex 25.7781 -16.3145 14.2
      vertex 18.3621 -7.60583 14.2
      vertex 18.8202 -6.38861 14.2
    endloop
  endfacet
  facet normal 0 0 -1
    outer loop
      vertex 9.9375 -17.2123 14.2
      vertex 20.5 -35.507 14.2
      vertex 18.1338 -36.7718 14.2
    endloop
  endfacet
  facet normal 0 0 -1
    outer loop
      vertex 25.4536 -16.3902 14.2
      vertex 17.8253 -8.79049 14.2
      vertex 18.3621 -7.60583 14.2
    endloop
  endfacet
  facet normal 0 0 -1
    outer loop
      vertex 25.15 -16.5278 14.2
      vertex 17.2123 -9.9375 14.2
      vertex 17.8253 -8.79049 14.2
    endloop
  endfacet
  facet normal 0 0 -1
    outer loop
      vertex 24.7979 -16.7979 14.2
      vertex 16.5255 -11.042 14.2
      vertex 17.2123 -9.9375 14.2
    endloop
  endfacet
  facet normal 0 0 -1
    outer loop
      vertex 24.5278 -17.15 14.2
      vertex 15.7679 -12.0991 14.2
      vertex 16.5255 -11.042 14.2
    endloop
  endfacet
  facet normal 0 0 -1
    outer loop
      vertex 8.79049 -17.8253 14.2
      vertex 18.1338 -36.7718 14.2
      vertex 15.69 -37.8791 14.2
    endloop
  endfacet
  facet normal 0 0 -1
    outer loop
      vertex 24.3902 -17.4536 14.2
      vertex 14.9428 -13.1045 14.2
      vertex 15.7679 -12.0991 14.2
    endloop
  endfacet
  facet normal 0 0 -1
    outer loop
      vertex 24.3036 -17.8888 14.2
      vertex 14.0537 -14.0537 14.2
      vertex 14.9428 -13.1045 14.2
    endloop
  endfacet
  facet normal 0 0 -1
    outer loop
      vertex 7.60583 -18.3621 14.2
      vertex 15.69 -37.8791 14.2
      vertex 13.179 -38.8241 14.2
    endloop
  endfacet
  facet normal 0 0 -1
    outer loop
      vertex 24.3036 -18.1112 14.2
      vertex 14.0537 -14.0537 14.2
      vertex 24.3 -18 14.2
    endloop
  endfacet
  facet normal 0 0 -1
    outer loop
      vertex 24.3145 -18.2219 14.2
      vertex 14.0537 -14.0537 14.2
      vertex 24.3036 -18.1112 14.2
    endloop
  endfacet
  facet normal 0 -0 -1
    outer loop
      vertex 14.0537 -14.0537 14.2
      vertex 24.3145 -18.2219 14.2
      vertex 13.1045 -14.9428 14.2
    endloop
  endfacet
  facet normal 0 0 -1
    outer loop
      vertex 6.38861 -18.8202 14.2
      vertex 13.179 -38.8241 14.2
      vertex 10.6116 -39.603 14.2
    endloop
  endfacet
  facet normal 0 0 -1
    outer loop
      vertex 20.5 -35.507 14.2
      vertex 9.9375 -17.2123 14.2
      vertex 11.042 -16.5255 14.2
    endloop
  endfacet
  facet normal 0 0 -1
    outer loop
      vertex 18.1338 -36.7718 14.2
      vertex 8.79049 -17.8253 14.2
      vertex 9.9375 -17.2123 14.2
    endloop
  endfacet
  facet normal 0 0 -1
    outer loop
      vertex 5.14403 -19.1978 14.2
      vertex 10.6116 -39.603 14.2
      vertex 7.9987 -40.2122 14.2
    endloop
  endfacet
  facet normal 0 0 -1
    outer loop
      vertex 15.69 -37.8791 14.2
      vertex 7.60583 -18.3621 14.2
      vertex 8.79049 -17.8253 14.2
    endloop
  endfacet
  facet normal 0 0 -1
    outer loop
      vertex 13.179 -38.8241 14.2
      vertex 6.38861 -18.8202 14.2
      vertex 7.60583 -18.3621 14.2
    endloop
  endfacet
  facet normal 0 0 -1
    outer loop
      vertex 3.87742 -19.4931 14.2
      vertex 7.9987 -40.2122 14.2
      vertex 5.35157 -40.6492 14.2
    endloop
  endfacet
  facet normal 0 0 -1
    outer loop
      vertex 10.6116 -39.603 14.2
      vertex 5.14403 -19.1978 14.2
      vertex 6.38861 -18.8202 14.2
    endloop
  endfacet
  facet normal 0 0 -1
    outer loop
      vertex 7.9987 -40.2122 14.2
      vertex 3.87742 -19.4931 14.2
      vertex 5.14403 -19.1978 14.2
    endloop
  endfacet
  facet normal 0 0 -1
    outer loop
      vertex 2.59421 -19.705 14.2
      vertex 5.35157 -40.6492 14.2
      vertex 2.68153 -40.9122 14.2
    endloop
  endfacet
  facet normal 0 0 -1
    outer loop
      vertex 5.35157 -40.6492 14.2
      vertex 2.59421 -19.705 14.2
      vertex 3.87742 -19.4931 14.2
    endloop
  endfacet
  facet normal 0 0 -1
    outer loop
      vertex 2.68153 -40.9122 14.2
      vertex 1.29989 -19.8324 14.2
      vertex 2.59421 -19.705 14.2
    endloop
  endfacet
  facet normal 0 0 -1
    outer loop
      vertex 0 -41 14.2
      vertex 1.29989 -19.8324 14.2
      vertex 2.68153 -40.9122 14.2
    endloop
  endfacet
  facet normal 0 0 -1
    outer loop
      vertex 0 -41 14.2
      vertex 0 -19.875 14.2
      vertex 1.29989 -19.8324 14.2
    endloop
  endfacet
  facet normal 0 0 -1
    outer loop
      vertex 0 -41 14.2
      vertex -1.29989 -19.8324 14.2
      vertex 0 -19.875 14.2
    endloop
  endfacet
  facet normal 0 0 -1
    outer loop
      vertex -2.68153 -40.9122 14.2
      vertex -1.29989 -19.8324 14.2
      vertex 0 -41 14.2
    endloop
  endfacet
  facet normal -0 0 -1
    outer loop
      vertex -1.29989 -19.8324 14.2
      vertex -2.68153 -40.9122 14.2
      vertex -2.59421 -19.705 14.2
    endloop
  endfacet
  facet normal 0 0 -1
    outer loop
      vertex -5.35157 -40.6492 14.2
      vertex -2.59421 -19.705 14.2
      vertex -2.68153 -40.9122 14.2
    endloop
  endfacet
  facet normal -0 0 -1
    outer loop
      vertex -2.59421 -19.705 14.2
      vertex -5.35157 -40.6492 14.2
      vertex -3.87742 -19.4931 14.2
    endloop
  endfacet
  facet normal 0 0 -1
    outer loop
      vertex -7.9987 -40.2122 14.2
      vertex -3.87742 -19.4931 14.2
      vertex -5.35157 -40.6492 14.2
    endloop
  endfacet
  facet normal -0 0 -1
    outer loop
      vertex -3.87742 -19.4931 14.2
      vertex -7.9987 -40.2122 14.2
      vertex -5.14403 -19.1978 14.2
    endloop
  endfacet
  facet normal 0 0 -1
    outer loop
      vertex -10.6116 -39.603 14.2
      vertex -5.14403 -19.1978 14.2
      vertex -7.9987 -40.2122 14.2
    endloop
  endfacet
  facet normal -0 0 -1
    outer loop
      vertex -5.14403 -19.1978 14.2
      vertex -10.6116 -39.603 14.2
      vertex -6.38861 -18.8202 14.2
    endloop
  endfacet
  facet normal 0 0 -1
    outer loop
      vertex -13.179 -38.8241 14.2
      vertex -6.38861 -18.8202 14.2
      vertex -10.6116 -39.603 14.2
    endloop
  endfacet
  facet normal -0 0 -1
    outer loop
      vertex -6.38861 -18.8202 14.2
      vertex -13.179 -38.8241 14.2
      vertex -7.60583 -18.3621 14.2
    endloop
  endfacet
  facet normal 0 0 -1
    outer loop
      vertex -15.69 -37.8791 14.2
      vertex -7.60583 -18.3621 14.2
      vertex -13.179 -38.8241 14.2
    endloop
  endfacet
  facet normal -0 0 -1
    outer loop
      vertex -7.60583 -18.3621 14.2
      vertex -15.69 -37.8791 14.2
      vertex -8.79049 -17.8253 14.2
    endloop
  endfacet
  facet normal 0 0 -1
    outer loop
      vertex -18.1338 -36.7718 14.2
      vertex -8.79049 -17.8253 14.2
      vertex -15.69 -37.8791 14.2
    endloop
  endfacet
  facet normal -0 0 -1
    outer loop
      vertex -8.79049 -17.8253 14.2
      vertex -18.1338 -36.7718 14.2
      vertex -9.9375 -17.2123 14.2
    endloop
  endfacet
  facet normal 0 0 -1
    outer loop
      vertex -20.5 -35.507 14.2
      vertex -9.9375 -17.2123 14.2
      vertex -18.1338 -36.7718 14.2
    endloop
  endfacet
  facet normal -0 0 -1
    outer loop
      vertex -9.9375 -17.2123 14.2
      vertex -20.5 -35.507 14.2
      vertex -11.042 -16.5255 14.2
    endloop
  endfacet
  facet normal 0 0 -1
    outer loop
      vertex -24.3 -18 14.2
      vertex -11.042 -16.5255 14.2
      vertex -20.5 -35.507 14.2
    endloop
  endfacet
  facet normal -0 0 -1
    outer loop
      vertex -11.042 -16.5255 14.2
      vertex -24.3 -18 14.2
      vertex -12.0991 -15.7679 14.2
    endloop
  endfacet
  facet normal -0 0 -1
    outer loop
      vertex -12.0991 -15.7679 14.2
      vertex -24.3 -18 14.2
      vertex -13.1045 -14.9428 14.2
    endloop
  endfacet
  facet normal -0 0 -1
    outer loop
      vertex -13.1045 -14.9428 14.2
      vertex -24.3 -18 14.2
      vertex -14.0537 -14.0537 14.2
    endloop
  endfacet
  facet normal 0 0 -1
    outer loop
      vertex -24.3036 -17.8888 14.2
      vertex -14.0537 -14.0537 14.2
      vertex -24.3 -18 14.2
    endloop
  endfacet
  facet normal -0 0 -1
    outer loop
      vertex -14.0537 -14.0537 14.2
      vertex -24.3036 -17.8888 14.2
      vertex -14.9428 -13.1045 14.2
    endloop
  endfacet
  facet normal 0 0 -1
    outer loop
      vertex -24.3145 -17.7781 14.2
      vertex -14.9428 -13.1045 14.2
      vertex -24.3036 -17.8888 14.2
    endloop
  endfacet
  facet normal 0 0 -1
    outer loop
      vertex -24.3327 -17.6683 14.2
      vertex -14.9428 -13.1045 14.2
      vertex -24.3145 -17.7781 14.2
    endloop
  endfacet
  facet normal 0 0 -1
    outer loop
      vertex -24.3579 -17.56 14.2
      vertex -14.9428 -13.1045 14.2
      vertex -24.3327 -17.6683 14.2
    endloop
  endfacet
  facet normal 0 0 -1
    outer loop
      vertex -24.3902 -17.4536 14.2
      vertex -14.9428 -13.1045 14.2
      vertex -24.3579 -17.56 14.2
    endloop
  endfacet
  facet normal -0 0 -1
    outer loop
      vertex -14.9428 -13.1045 14.2
      vertex -24.3902 -17.4536 14.2
      vertex -15.7679 -12.0991 14.2
    endloop
  endfacet
  facet normal 0 0 -1
    outer loop
      vertex -24.4294 -17.3494 14.2
      vertex -15.7679 -12.0991 14.2
      vertex -24.3902 -17.4536 14.2
    endloop
  endfacet
  facet normal 0 0 -1
    outer loop
      vertex -24.4753 -17.2481 14.2
      vertex -15.7679 -12.0991 14.2
      vertex -24.4294 -17.3494 14.2
    endloop
  endfacet
  facet normal -0 0 -1
    outer loop
      vertex -15.7679 -12.0991 14.2
      vertex -24.5278 -17.15 14.2
      vertex -16.5255 -11.042 14.2
    endloop
  endfacet
  facet normal 0 0 -1
    outer loop
      vertex -24.5278 -17.15 14.2
      vertex -15.7679 -12.0991 14.2
      vertex -24.4753 -17.2481 14.2
    endloop
  endfacet
  facet normal 0.935915 0.352226 0
    outer loop
      vertex 38.8241 13.179 20.2
      vertex 37.8791 15.69 14.2
      vertex 37.8791 15.69 20.2
    endloop
  endfacet
  facet normal 0.935915 0.352226 0
    outer loop
      vertex 37.8791 15.69 14.2
      vertex 38.8241 13.179 20.2
      vertex 38.8241 13.179 14.2
    endloop
  endfacet
  facet normal 0.956931 0.290315 0
    outer loop
      vertex 39.603 10.6116 20.2
      vertex 38.8241 13.179 14.2
      vertex 38.8241 13.179 20.2
    endloop
  endfacet
  facet normal 0.956931 0.290315 0
    outer loop
      vertex 38.8241 13.179 14.2
      vertex 39.603 10.6116 20.2
      vertex 39.603 10.6116 14.2
    endloop
  endfacet
  facet normal 0.881915 0.471408 0
    outer loop
      vertex 36.7718 18.1338 20.2
      vertex 35.507 20.5 14.2
      vertex 35.507 20.5 20.2
    endloop
  endfacet
  facet normal 0.881915 0.471408 0
    outer loop
      vertex 35.507 20.5 14.2
      vertex 36.7718 18.1338 20.2
      vertex 36.7718 18.1338 14.2
    endloop
  endfacet
  facet normal 0.773008 0.634396 0
    outer loop
      vertex 32.5275 24.9592 20.2
      vertex 30.8254 27.0332 14.2
      vertex 30.8254 27.0332 20.2
    endloop
  endfacet
  facet normal 0.773008 0.634396 0
    outer loop
      vertex 30.8254 27.0332 14.2
      vertex 32.5275 24.9592 20.2
      vertex 32.5275 24.9592 14.2
    endloop
  endfacet
  facet normal 0.812836 0.582493 0
    outer loop
      vertex 34.0903 22.7784 20.2
      vertex 32.5275 24.9592 14.2
      vertex 32.5275 24.9592 20.2
    endloop
  endfacet
  facet normal 0.812836 0.582493 0
    outer loop
      vertex 32.5275 24.9592 14.2
      vertex 34.0903 22.7784 20.2
      vertex 34.0903 22.7784 14.2
    endloop
  endfacet
  facet normal 0.634396 0.773008 -0
    outer loop
      vertex 27.0332 30.8254 14.2
      vertex 24.9592 32.5275 20.2
      vertex 27.0332 30.8254 20.2
    endloop
  endfacet
  facet normal 0.634396 0.773008 0
    outer loop
      vertex 24.9592 32.5275 20.2
      vertex 27.0332 30.8254 14.2
      vertex 24.9592 32.5275 14.2
    endloop
  endfacet
  facet normal 0.471408 0.881915 -0
    outer loop
      vertex 20.5 35.507 14.2
      vertex 18.1338 36.7718 20.2
      vertex 20.5 35.507 20.2
    endloop
  endfacet
  facet normal 0.471408 0.881915 0
    outer loop
      vertex 18.1338 36.7718 20.2
      vertex 20.5 35.507 14.2
      vertex 18.1338 36.7718 14.2
    endloop
  endfacet
  facet normal 0.290315 0.956931 -0
    outer loop
      vertex 13.179 38.8241 14.2
      vertex 10.6116 39.603 20.2
      vertex 13.179 38.8241 20.2
    endloop
  endfacet
  facet normal 0.290315 0.956931 0
    outer loop
      vertex 10.6116 39.603 20.2
      vertex 13.179 38.8241 14.2
      vertex 10.6116 39.603 14.2
    endloop
  endfacet
  facet normal 0.352226 0.935915 -0
    outer loop
      vertex 15.69 37.8791 14.2
      vertex 13.179 38.8241 20.2
      vertex 15.69 37.8791 20.2
    endloop
  endfacet
  facet normal 0.352226 0.935915 0
    outer loop
      vertex 13.179 38.8241 20.2
      vertex 15.69 37.8791 14.2
      vertex 13.179 38.8241 14.2
    endloop
  endfacet
  facet normal 0.16288 0.986646 -0
    outer loop
      vertex 7.9987 40.2122 14.2
      vertex 5.35157 40.6492 20.2
      vertex 7.9987 40.2122 20.2
    endloop
  endfacet
  facet normal 0.16288 0.986646 0
    outer loop
      vertex 5.35157 40.6492 20.2
      vertex 7.9987 40.2122 14.2
      vertex 5.35157 40.6492 14.2
    endloop
  endfacet
  facet normal 0.098026 0.995184 -0
    outer loop
      vertex 5.35157 40.6492 14.2
      vertex 2.68153 40.9122 20.2
      vertex 5.35157 40.6492 20.2
    endloop
  endfacet
  facet normal 0.098026 0.995184 0
    outer loop
      vertex 2.68153 40.9122 20.2
      vertex 5.35157 40.6492 14.2
      vertex 2.68153 40.9122 14.2
    endloop
  endfacet
  facet normal -0.956931 0.290315 0
    outer loop
      vertex -39.603 10.6116 14.2
      vertex -38.8241 13.179 20.2
      vertex -38.8241 13.179 14.2
    endloop
  endfacet
  facet normal -0.956931 0.290315 0
    outer loop
      vertex -38.8241 13.179 20.2
      vertex -39.603 10.6116 14.2
      vertex -39.603 10.6116 20.2
    endloop
  endfacet
  facet normal -0.935915 0.352226 0
    outer loop
      vertex -38.8241 13.179 14.2
      vertex -37.8791 15.69 20.2
      vertex -37.8791 15.69 14.2
    endloop
  endfacet
  facet normal -0.935915 0.352226 0
    outer loop
      vertex -37.8791 15.69 20.2
      vertex -38.8241 13.179 14.2
      vertex -38.8241 13.179 20.2
    endloop
  endfacet
  facet normal 0 0 1
    outer loop
      vertex -9.14616 6.11127 20.2
      vertex -24.6513 16.9651 20.2
      vertex -9.52628 5.5 20.2
    endloop
  endfacet
  facet normal 0 0 1
    outer loop
      vertex -11 0 20.2
      vertex -24.3036 -17.8888 20.2
      vertex -24.3 -18 20.2
    endloop
  endfacet
  facet normal -0 0 1
    outer loop
      vertex -24.7219 16.8791 20.2
      vertex -9.52628 5.5 20.2
      vertex -24.6513 16.9651 20.2
    endloop
  endfacet
  facet normal 0 0 1
    outer loop
      vertex -11 0 20.2
      vertex -24.3145 -17.7781 20.2
      vertex -24.3036 -17.8888 20.2
    endloop
  endfacet
  facet normal -0 0 1
    outer loop
      vertex -24.7979 16.7979 20.2
      vertex -9.52628 5.5 20.2
      vertex -24.7219 16.8791 20.2
    endloop
  endfacet
  facet normal 0 0 1
    outer loop
      vertex -11 0 20.2
      vertex -24.3327 -17.6683 20.2
      vertex -24.3145 -17.7781 20.2
    endloop
  endfacet
  facet normal 0 0 1
    outer loop
      vertex -9.52628 5.5 20.2
      vertex -24.7979 16.7979 20.2
      vertex -9.8656 4.86518 20.2
    endloop
  endfacet
  facet normal 0 0 1
    outer loop
      vertex -11 0 20.2
      vertex -24.3579 -17.56 20.2
      vertex -24.3327 -17.6683 20.2
    endloop
  endfacet
  facet normal -0 0 1
    outer loop
      vertex -24.8791 16.7219 20.2
      vertex -9.8656 4.86518 20.2
      vertex -24.7979 16.7979 20.2
    endloop
  endfacet
  facet normal 0 0 1
    outer loop
      vertex -11 0 20.2
      vertex -24.3902 -17.4536 20.2
      vertex -24.3579 -17.56 20.2
    endloop
  endfacet
  facet normal -0 0 1
    outer loop
      vertex -24.9651 16.6513 20.2
      vertex -9.8656 4.86518 20.2
      vertex -24.8791 16.7219 20.2
    endloop
  endfacet
  facet normal 0 0 1
    outer loop
      vertex -11 0 20.2
      vertex -24.4294 -17.3494 20.2
      vertex -24.3902 -17.4536 20.2
    endloop
  endfacet
  facet normal 0 0 1
    outer loop
      vertex -9.8656 4.86518 20.2
      vertex -24.9651 16.6513 20.2
      vertex -10.1627 4.20952 20.2
    endloop
  endfacet
  facet normal 0 0 1
    outer loop
      vertex -11 0 20.2
      vertex -24.4753 -17.2481 20.2
      vertex -24.4294 -17.3494 20.2
    endloop
  endfacet
  facet normal -0 0 1
    outer loop
      vertex -25.0555 16.5865 20.2
      vertex -10.1627 4.20952 20.2
      vertex -24.9651 16.6513 20.2
    endloop
  endfacet
  facet normal 0 0 1
    outer loop
      vertex -11 0 20.2
      vertex -24.5278 -17.15 20.2
      vertex -24.4753 -17.2481 20.2
    endloop
  endfacet
  facet normal -0 0 1
    outer loop
      vertex -25.15 16.5278 20.2
      vertex -10.1627 4.20952 20.2
      vertex -25.0555 16.5865 20.2
    endloop
  endfacet
  facet normal 0 0 1
    outer loop
      vertex -11 0 20.2
      vertex -24.5865 -17.0555 20.2
      vertex -24.5278 -17.15 20.2
    endloop
  endfacet
  facet normal 0 0 1
    outer loop
      vertex -10.1627 4.20952 20.2
      vertex -25.15 16.5278 20.2
      vertex -10.4162 3.53583 20.2
    endloop
  endfacet
  facet normal 0 0 1
    outer loop
      vertex -11 0 20.2
      vertex -24.6513 -16.9651 20.2
      vertex -24.5865 -17.0555 20.2
    endloop
  endfacet
  facet normal -0 0 1
    outer loop
      vertex -25.2481 16.4753 20.2
      vertex -10.4162 3.53583 20.2
      vertex -25.15 16.5278 20.2
    endloop
  endfacet
  facet normal 0 0 1
    outer loop
      vertex -11 0 20.2
      vertex -24.7219 -16.8791 20.2
      vertex -24.6513 -16.9651 20.2
    endloop
  endfacet
  facet normal -0 0 1
    outer loop
      vertex -25.3494 16.4294 20.2
      vertex -10.4162 3.53583 20.2
      vertex -25.2481 16.4753 20.2
    endloop
  endfacet
  facet normal 0 0 1
    outer loop
      vertex -11 0 20.2
      vertex -24.7979 -16.7979 20.2
      vertex -24.7219 -16.8791 20.2
    endloop
  endfacet
  facet normal 0 0 1
    outer loop
      vertex -10.4162 3.53583 20.2
      vertex -25.3494 16.4294 20.2
      vertex -10.6252 2.84701 20.2
    endloop
  endfacet
  facet normal 0 0 1
    outer loop
      vertex -11 0 20.2
      vertex -24.8791 -16.7219 20.2
      vertex -24.7979 -16.7979 20.2
    endloop
  endfacet
  facet normal -0 0 1
    outer loop
      vertex -25.4536 16.3902 20.2
      vertex -10.6252 2.84701 20.2
      vertex -25.3494 16.4294 20.2
    endloop
  endfacet
  facet normal 0 0 1
    outer loop
      vertex -11 0 20.2
      vertex -24.9651 -16.6513 20.2
      vertex -24.8791 -16.7219 20.2
    endloop
  endfacet
  facet normal 0 0 1
    outer loop
      vertex -10.6252 2.84701 20.2
      vertex -25.4536 16.3902 20.2
      vertex -10.7886 2.14599 20.2
    endloop
  endfacet
  facet normal 0 0 1
    outer loop
      vertex -11 0 20.2
      vertex -25.0555 -16.5865 20.2
      vertex -24.9651 -16.6513 20.2
    endloop
  endfacet
  facet normal -0 0 1
    outer loop
      vertex -25.56 16.3579 20.2
      vertex -10.7886 2.14599 20.2
      vertex -25.4536 16.3902 20.2
    endloop
  endfacet
  facet normal 0 0 1
    outer loop
      vertex -11 0 20.2
      vertex -25.15 -16.5278 20.2
      vertex -25.0555 -16.5865 20.2
    endloop
  endfacet
  facet normal -0 0 1
    outer loop
      vertex -25.6683 16.3327 20.2
      vertex -10.7886 2.14599 20.2
      vertex -25.56 16.3579 20.2
    endloop
  endfacet
  facet normal 0 0 1
    outer loop
      vertex -11 0 20.2
      vertex -25.2481 -16.4753 20.2
      vertex -25.15 -16.5278 20.2
    endloop
  endfacet
  facet normal 0 0 1
    outer loop
      vertex -10.7886 2.14599 20.2
      vertex -25.6683 16.3327 20.2
      vertex -10.9059 1.43579 20.2
    endloop
  endfacet
  facet normal 0 0 1
    outer loop
      vertex -11 0 20.2
      vertex -25.3494 -16.4294 20.2
      vertex -25.2481 -16.4753 20.2
    endloop
  endfacet
  facet normal -0 0 1
    outer loop
      vertex -25.7781 16.3145 20.2
      vertex -10.9059 1.43579 20.2
      vertex -25.6683 16.3327 20.2
    endloop
  endfacet
  facet normal 0 0 1
    outer loop
      vertex -11 0 20.2
      vertex -25.4536 -16.3902 20.2
      vertex -25.3494 -16.4294 20.2
    endloop
  endfacet
  facet normal -0 0 1
    outer loop
      vertex -25.8888 16.3036 20.2
      vertex -10.9059 1.43579 20.2
      vertex -25.7781 16.3145 20.2
    endloop
  endfacet
  facet normal 0 0 1
    outer loop
      vertex -11 0 20.2
      vertex -25.56 -16.3579 20.2
      vertex -25.4536 -16.3902 20.2
    endloop
  endfacet
  facet normal 0 0 1
    outer loop
      vertex -10.9059 1.43579 20.2
      vertex -25.8888 16.3036 20.2
      vertex -10.9764 0.719434 20.2
    endloop
  endfacet
  facet normal 0 0 1
    outer loop
      vertex -11 0 20.2
      vertex -25.6683 -16.3327 20.2
      vertex -25.56 -16.3579 20.2
    endloop
  endfacet
  facet normal -0 0 1
    outer loop
      vertex -26 16.3 20.2
      vertex -10.9764 0.719434 20.2
      vertex -25.8888 16.3036 20.2
    endloop
  endfacet
  facet normal 0 0 1
    outer loop
      vertex -11 0 20.2
      vertex -25.7781 -16.3145 20.2
      vertex -25.6683 -16.3327 20.2
    endloop
  endfacet
  facet normal -0 0 1
    outer loop
      vertex -40.9122 2.68153 20.2
      vertex -10.9764 0.719434 20.2
      vertex -26 16.3 20.2
    endloop
  endfacet
  facet normal 0 0 1
    outer loop
      vertex -11 0 20.2
      vertex -25.8888 -16.3036 20.2
      vertex -25.7781 -16.3145 20.2
    endloop
  endfacet
  facet normal 0 0 1
    outer loop
      vertex -10.9764 0.719434 20.2
      vertex -40.9122 2.68153 20.2
      vertex -11 0 20.2
    endloop
  endfacet
  facet normal 0 -0 1
    outer loop
      vertex -40.9122 -2.68153 20.2
      vertex -11 0 20.2
      vertex -41 0 20.2
    endloop
  endfacet
  facet normal 0 0 1
    outer loop
      vertex -40.9122 2.68153 20.2
      vertex -26 16.3 20.2
      vertex -26.1112 16.3036 20.2
    endloop
  endfacet
  facet normal 0 0 1
    outer loop
      vertex -11 0 20.2
      vertex -26 -16.3 20.2
      vertex -25.8888 -16.3036 20.2
    endloop
  endfacet
  facet normal 0 0 1
    outer loop
      vertex -40.6492 5.35157 20.2
      vertex -26.1112 16.3036 20.2
      vertex -26.2219 16.3145 20.2
    endloop
  endfacet
  facet normal 0 0 1
    outer loop
      vertex -11 0 20.2
      vertex -40.9122 -2.68153 20.2
      vertex -26 -16.3 20.2
    endloop
  endfacet
  facet normal 0 0 1
    outer loop
      vertex -40.6492 5.35157 20.2
      vertex -26.2219 16.3145 20.2
      vertex -26.3317 16.3327 20.2
    endloop
  endfacet
  facet normal 0 0 1
    outer loop
      vertex -26 -16.3 20.2
      vertex -40.9122 -2.68153 20.2
      vertex -26.1112 -16.3036 20.2
    endloop
  endfacet
  facet normal 0 0 1
    outer loop
      vertex -40.2122 7.9987 20.2
      vertex -26.3317 16.3327 20.2
      vertex -26.44 16.3579 20.2
    endloop
  endfacet
  facet normal -0 -0 1
    outer loop
      vertex -40.6492 -5.35157 20.2
      vertex -26.1112 -16.3036 20.2
      vertex -40.9122 -2.68153 20.2
    endloop
  endfacet
  facet normal 0 0 1
    outer loop
      vertex -40.2122 7.9987 20.2
      vertex -26.44 16.3579 20.2
      vertex -26.5464 16.3902 20.2
    endloop
  endfacet
  facet normal 0 0 1
    outer loop
      vertex -26.1112 -16.3036 20.2
      vertex -40.6492 -5.35157 20.2
      vertex -26.2219 -16.3145 20.2
    endloop
  endfacet
  facet normal 0 0 1
    outer loop
      vertex -40.2122 7.9987 20.2
      vertex -26.5464 16.3902 20.2
      vertex -26.6506 16.4294 20.2
    endloop
  endfacet
  facet normal 0 0 1
    outer loop
      vertex -26.2219 -16.3145 20.2
      vertex -40.6492 -5.35157 20.2
      vertex -26.3317 -16.3327 20.2
    endloop
  endfacet
  facet normal 0 0 1
    outer loop
      vertex -39.603 10.6116 20.2
      vertex -26.6506 16.4294 20.2
      vertex -26.7519 16.4753 20.2
    endloop
  endfacet
  facet normal -0 -0 1
    outer loop
      vertex -40.2122 -7.9987 20.2
      vertex -26.3317 -16.3327 20.2
      vertex -40.6492 -5.35157 20.2
    endloop
  endfacet
  facet normal 0 0 1
    outer loop
      vertex -39.603 10.6116 20.2
      vertex -26.7519 16.4753 20.2
      vertex -26.85 16.5278 20.2
    endloop
  endfacet
  facet normal 0 0 1
    outer loop
      vertex -26.3317 -16.3327 20.2
      vertex -40.2122 -7.9987 20.2
      vertex -26.44 -16.3579 20.2
    endloop
  endfacet
  facet normal 0 0 1
    outer loop
      vertex -39.603 10.6116 20.2
      vertex -26.85 16.5278 20.2
      vertex -26.9445 16.5865 20.2
    endloop
  endfacet
  facet normal 0 0 1
    outer loop
      vertex -26.44 -16.3579 20.2
      vertex -40.2122 -7.9987 20.2
      vertex -26.5464 -16.3902 20.2
    endloop
  endfacet
  facet normal 0 0 1
    outer loop
      vertex -38.8241 13.179 20.2
      vertex -26.9445 16.5865 20.2
      vertex -27.0349 16.6513 20.2
    endloop
  endfacet
  facet normal 0 0 1
    outer loop
      vertex -26.5464 -16.3902 20.2
      vertex -40.2122 -7.9987 20.2
      vertex -26.6506 -16.4294 20.2
    endloop
  endfacet
  facet normal 0 0 1
    outer loop
      vertex -38.8241 13.179 20.2
      vertex -27.0349 16.6513 20.2
      vertex -27.1209 16.7219 20.2
    endloop
  endfacet
  facet normal -0 -0 1
    outer loop
      vertex -39.603 -10.6116 20.2
      vertex -26.6506 -16.4294 20.2
      vertex -40.2122 -7.9987 20.2
    endloop
  endfacet
  facet normal 0 0 1
    outer loop
      vertex -38.8241 13.179 20.2
      vertex -27.1209 16.7219 20.2
      vertex -27.2021 16.7979 20.2
    endloop
  endfacet
  facet normal 0 0 1
    outer loop
      vertex -26.6506 -16.4294 20.2
      vertex -39.603 -10.6116 20.2
      vertex -26.7519 -16.4753 20.2
    endloop
  endfacet
  facet normal 0 0 1
    outer loop
      vertex -37.8791 15.69 20.2
      vertex -27.2021 16.7979 20.2
      vertex -27.2781 16.8791 20.2
    endloop
  endfacet
  facet normal 0 0 1
    outer loop
      vertex -26.7519 -16.4753 20.2
      vertex -39.603 -10.6116 20.2
      vertex -26.85 -16.5278 20.2
    endloop
  endfacet
  facet normal 0 0 1
    outer loop
      vertex -37.8791 15.69 20.2
      vertex -27.2781 16.8791 20.2
      vertex -27.3487 16.9651 20.2
    endloop
  endfacet
  facet normal 0 0 1
    outer loop
      vertex -26.85 -16.5278 20.2
      vertex -39.603 -10.6116 20.2
      vertex -26.9445 -16.5865 20.2
    endloop
  endfacet
  facet normal 0 0 1
    outer loop
      vertex -37.8791 15.69 20.2
      vertex -27.3487 16.9651 20.2
      vertex -27.4135 17.0555 20.2
    endloop
  endfacet
  facet normal -0 -0 1
    outer loop
      vertex -38.8241 -13.179 20.2
      vertex -26.9445 -16.5865 20.2
      vertex -39.603 -10.6116 20.2
    endloop
  endfacet
  facet normal 0 0 1
    outer loop
      vertex -37.8791 15.69 20.2
      vertex -27.4135 17.0555 20.2
      vertex -27.4722 17.15 20.2
    endloop
  endfacet
  facet normal 0 0 1
    outer loop
      vertex -26.9445 -16.5865 20.2
      vertex -38.8241 -13.179 20.2
      vertex -27.0349 -16.6513 20.2
    endloop
  endfacet
  facet normal 0 0 1
    outer loop
      vertex -37.8791 15.69 20.2
      vertex -27.4722 17.15 20.2
      vertex -27.5247 17.2481 20.2
    endloop
  endfacet
  facet normal 0 0 1
    outer loop
      vertex -27.0349 -16.6513 20.2
      vertex -38.8241 -13.179 20.2
      vertex -27.1209 -16.7219 20.2
    endloop
  endfacet
  facet normal 0 0 1
    outer loop
      vertex -36.7718 18.1338 20.2
      vertex -27.5247 17.2481 20.2
      vertex -27.5706 17.3494 20.2
    endloop
  endfacet
  facet normal 0 0 1
    outer loop
      vertex -27.1209 -16.7219 20.2
      vertex -38.8241 -13.179 20.2
      vertex -27.2021 -16.7979 20.2
    endloop
  endfacet
  facet normal 0 0 1
    outer loop
      vertex -36.7718 18.1338 20.2
      vertex -27.5706 17.3494 20.2
      vertex -27.6098 17.4536 20.2
    endloop
  endfacet
  facet normal -0 -0 1
    outer loop
      vertex -37.8791 -15.69 20.2
      vertex -27.2021 -16.7979 20.2
      vertex -38.8241 -13.179 20.2
    endloop
  endfacet
  facet normal 0 0 1
    outer loop
      vertex -36.7718 18.1338 20.2
      vertex -27.6098 17.4536 20.2
      vertex -27.6421 17.56 20.2
    endloop
  endfacet
  facet normal 0 0 1
    outer loop
      vertex -27.2021 -16.7979 20.2
      vertex -37.8791 -15.69 20.2
      vertex -27.2781 -16.8791 20.2
    endloop
  endfacet
  facet normal 0 0 1
    outer loop
      vertex -36.7718 18.1338 20.2
      vertex -27.6421 17.56 20.2
      vertex -27.6673 17.6683 20.2
    endloop
  endfacet
  facet normal 0 0 1
    outer loop
      vertex -27.2781 -16.8791 20.2
      vertex -37.8791 -15.69 20.2
      vertex -27.3487 -16.9651 20.2
    endloop
  endfacet
  facet normal 0 0 1
    outer loop
      vertex -36.7718 18.1338 20.2
      vertex -27.6673 17.6683 20.2
      vertex -27.6855 17.7781 20.2
    endloop
  endfacet
  facet normal 0 0 1
    outer loop
      vertex -27.3487 -16.9651 20.2
      vertex -37.8791 -15.69 20.2
      vertex -27.4135 -17.0555 20.2
    endloop
  endfacet
  facet normal 0 0 1
    outer loop
      vertex -35.507 20.5 20.2
      vertex -27.6855 17.7781 20.2
      vertex -27.6964 17.8888 20.2
    endloop
  endfacet
  facet normal 0 0 1
    outer loop
      vertex -27.4135 -17.0555 20.2
      vertex -37.8791 -15.69 20.2
      vertex -27.4722 -17.15 20.2
    endloop
  endfacet
  facet normal 0 0 1
    outer loop
      vertex -35.507 20.5 20.2
      vertex -27.6964 17.8888 20.2
      vertex -27.7 18 20.2
    endloop
  endfacet
  facet normal 0 0 1
    outer loop
      vertex -27.4722 -17.15 20.2
      vertex -37.8791 -15.69 20.2
      vertex -27.5247 -17.2481 20.2
    endloop
  endfacet
  facet normal 0 0 1
    outer loop
      vertex -24.3902 -18.5464 20.2
      vertex -4.86518 -9.8656 20.2
      vertex -24.3579 -18.44 20.2
    endloop
  endfacet
  facet normal 0 0 1
    outer loop
      vertex -4.86518 -9.8656 20.2
      vertex -24.3902 -18.5464 20.2
      vertex -4.20952 -10.1627 20.2
    endloop
  endfacet
  facet normal 0 0 1
    outer loop
      vertex -4.20952 -10.1627 20.2
      vertex -24.3902 -18.5464 20.2
      vertex -15.69 -37.8791 20.2
    endloop
  endfacet
  facet normal -0 0 1
    outer loop
      vertex -24.4294 -18.6506 20.2
      vertex -15.69 -37.8791 20.2
      vertex -24.3902 -18.5464 20.2
    endloop
  endfacet
  facet normal 0 0 1
    outer loop
      vertex -15.69 -37.8791 20.2
      vertex -24.4294 -18.6506 20.2
      vertex -18.1338 -36.7718 20.2
    endloop
  endfacet
  facet normal -0 0 1
    outer loop
      vertex -24.4753 -18.7519 20.2
      vertex -18.1338 -36.7718 20.2
      vertex -24.4294 -18.6506 20.2
    endloop
  endfacet
  facet normal -0 0 1
    outer loop
      vertex -24.5278 -18.85 20.2
      vertex -18.1338 -36.7718 20.2
      vertex -24.4753 -18.7519 20.2
    endloop
  endfacet
  facet normal 0 0 1
    outer loop
      vertex -18.1338 -36.7718 20.2
      vertex -24.5278 -18.85 20.2
      vertex -20.5 -35.507 20.2
    endloop
  endfacet
  facet normal -0 0 1
    outer loop
      vertex -24.5865 -18.9445 20.2
      vertex -20.5 -35.507 20.2
      vertex -24.5278 -18.85 20.2
    endloop
  endfacet
  facet normal -0 0 1
    outer loop
      vertex -24.6513 -19.0349 20.2
      vertex -20.5 -35.507 20.2
      vertex -24.5865 -18.9445 20.2
    endloop
  endfacet
  facet normal 0 0 1
    outer loop
      vertex -20.5 -35.507 20.2
      vertex -24.6513 -19.0349 20.2
      vertex -22.7784 -34.0903 20.2
    endloop
  endfacet
  facet normal -0 0 1
    outer loop
      vertex -24.7219 -19.1209 20.2
      vertex -22.7784 -34.0903 20.2
      vertex -24.6513 -19.0349 20.2
    endloop
  endfacet
  facet normal -0 0 1
    outer loop
      vertex -24.7979 -19.2021 20.2
      vertex -22.7784 -34.0903 20.2
      vertex -24.7219 -19.1209 20.2
    endloop
  endfacet
  facet normal -0 0 1
    outer loop
      vertex -24.8791 -19.2781 20.2
      vertex -22.7784 -34.0903 20.2
      vertex -24.7979 -19.2021 20.2
    endloop
  endfacet
  facet normal 0 0 1
    outer loop
      vertex -24.8791 -19.2781 20.2
      vertex -24.9592 -32.5275 20.2
      vertex -22.7784 -34.0903 20.2
    endloop
  endfacet
  facet normal -0 0 1
    outer loop
      vertex -24.9651 -19.3487 20.2
      vertex -24.9592 -32.5275 20.2
      vertex -24.8791 -19.2781 20.2
    endloop
  endfacet
  facet normal -0 0 1
    outer loop
      vertex -25.0555 -19.4135 20.2
      vertex -24.9592 -32.5275 20.2
      vertex -24.9651 -19.3487 20.2
    endloop
  endfacet
  facet normal -0 0 1
    outer loop
      vertex -25.15 -19.4722 20.2
      vertex -24.9592 -32.5275 20.2
      vertex -25.0555 -19.4135 20.2
    endloop
  endfacet
  facet normal 0 0 1
    outer loop
      vertex -27.0332 -30.8254 20.2
      vertex -25.15 -19.4722 20.2
      vertex -25.2481 -19.5247 20.2
    endloop
  endfacet
  facet normal 0 0 1
    outer loop
      vertex -27.0332 -30.8254 20.2
      vertex -25.2481 -19.5247 20.2
      vertex -25.3494 -19.5706 20.2
    endloop
  endfacet
  facet normal 0 0 1
    outer loop
      vertex -27.0332 -30.8254 20.2
      vertex -25.3494 -19.5706 20.2
      vertex -25.4536 -19.6098 20.2
    endloop
  endfacet
  facet normal 0 0 1
    outer loop
      vertex -27.0332 -30.8254 20.2
      vertex -25.4536 -19.6098 20.2
      vertex -25.56 -19.6421 20.2
    endloop
  endfacet
  facet normal 0 0 1
    outer loop
      vertex -28.9914 -28.9914 20.2
      vertex -25.56 -19.6421 20.2
      vertex -25.6683 -19.6673 20.2
    endloop
  endfacet
  facet normal 0 0 1
    outer loop
      vertex -28.9914 -28.9914 20.2
      vertex -25.6683 -19.6673 20.2
      vertex -25.7781 -19.6855 20.2
    endloop
  endfacet
  facet normal 0 0 1
    outer loop
      vertex -28.9914 -28.9914 20.2
      vertex -25.7781 -19.6855 20.2
      vertex -25.8888 -19.6964 20.2
    endloop
  endfacet
  facet normal 0 0 1
    outer loop
      vertex -28.9914 -28.9914 20.2
      vertex -25.8888 -19.6964 20.2
      vertex -26 -19.7 20.2
    endloop
  endfacet
  facet normal 0 0 1
    outer loop
      vertex -28.9914 -28.9914 20.2
      vertex -26 -19.7 20.2
      vertex -26.1112 -19.6964 20.2
    endloop
  endfacet
  facet normal 0 0 1
    outer loop
      vertex -30.8254 -27.0332 20.2
      vertex -26.1112 -19.6964 20.2
      vertex -26.2219 -19.6855 20.2
    endloop
  endfacet
  facet normal 0 0 1
    outer loop
      vertex -30.8254 -27.0332 20.2
      vertex -26.2219 -19.6855 20.2
      vertex -26.3317 -19.6673 20.2
    endloop
  endfacet
  facet normal 0 0 1
    outer loop
      vertex -30.8254 -27.0332 20.2
      vertex -26.3317 -19.6673 20.2
      vertex -26.44 -19.6421 20.2
    endloop
  endfacet
  facet normal 0 0 1
    outer loop
      vertex -30.8254 -27.0332 20.2
      vertex -26.44 -19.6421 20.2
      vertex -26.5464 -19.6098 20.2
    endloop
  endfacet
  facet normal 0 0 1
    outer loop
      vertex -30.8254 -27.0332 20.2
      vertex -26.5464 -19.6098 20.2
      vertex -26.6506 -19.5706 20.2
    endloop
  endfacet
  facet normal 0 0 1
    outer loop
      vertex -30.8254 -27.0332 20.2
      vertex -26.6506 -19.5706 20.2
      vertex -26.7519 -19.5247 20.2
    endloop
  endfacet
  facet normal 0 0 1
    outer loop
      vertex -32.5275 -24.9592 20.2
      vertex -26.7519 -19.5247 20.2
      vertex -26.85 -19.4722 20.2
    endloop
  endfacet
  facet normal 0 0 1
    outer loop
      vertex -32.5275 -24.9592 20.2
      vertex -26.85 -19.4722 20.2
      vertex -26.9445 -19.4135 20.2
    endloop
  endfacet
  facet normal 0 0 1
    outer loop
      vertex -25.15 -19.4722 20.2
      vertex -27.0332 -30.8254 20.2
      vertex -24.9592 -32.5275 20.2
    endloop
  endfacet
  facet normal 0 0 1
    outer loop
      vertex -32.5275 -24.9592 20.2
      vertex -26.9445 -19.4135 20.2
      vertex -27.0349 -19.3487 20.2
    endloop
  endfacet
  facet normal 0 0 1
    outer loop
      vertex -32.5275 -24.9592 20.2
      vertex -27.0349 -19.3487 20.2
      vertex -27.1209 -19.2781 20.2
    endloop
  endfacet
  facet normal 0 0 1
    outer loop
      vertex -32.5275 -24.9592 20.2
      vertex -27.1209 -19.2781 20.2
      vertex -27.2021 -19.2021 20.2
    endloop
  endfacet
  facet normal 0 0 1
    outer loop
      vertex -32.5275 -24.9592 20.2
      vertex -27.2021 -19.2021 20.2
      vertex -27.2781 -19.1209 20.2
    endloop
  endfacet
  facet normal 0 0 1
    outer loop
      vertex -34.0903 -22.7784 20.2
      vertex -27.2781 -19.1209 20.2
      vertex -27.3487 -19.0349 20.2
    endloop
  endfacet
  facet normal 0 0 1
    outer loop
      vertex -34.0903 -22.7784 20.2
      vertex -27.3487 -19.0349 20.2
      vertex -27.4135 -18.9445 20.2
    endloop
  endfacet
  facet normal 0 0 1
    outer loop
      vertex -34.0903 -22.7784 20.2
      vertex -27.4135 -18.9445 20.2
      vertex -27.4722 -18.85 20.2
    endloop
  endfacet
  facet normal 0 0 1
    outer loop
      vertex -34.0903 -22.7784 20.2
      vertex -27.4722 -18.85 20.2
      vertex -27.5247 -18.7519 20.2
    endloop
  endfacet
  facet normal 0 0 1
    outer loop
      vertex -34.0903 -22.7784 20.2
      vertex -27.5247 -18.7519 20.2
      vertex -27.5706 -18.6506 20.2
    endloop
  endfacet
  facet normal 0 0 1
    outer loop
      vertex -34.0903 -22.7784 20.2
      vertex -27.5706 -18.6506 20.2
      vertex -27.6098 -18.5464 20.2
    endloop
  endfacet
  facet normal 0 0 1
    outer loop
      vertex -34.0903 -22.7784 20.2
      vertex -27.6098 -18.5464 20.2
      vertex -27.6421 -18.44 20.2
    endloop
  endfacet
  facet normal 0 0 1
    outer loop
      vertex -35.507 -20.5 20.2
      vertex -27.6421 -18.44 20.2
      vertex -27.6673 -18.3317 20.2
    endloop
  endfacet
  facet normal 0 0 1
    outer loop
      vertex -35.507 -20.5 20.2
      vertex -27.6673 -18.3317 20.2
      vertex -27.6855 -18.2219 20.2
    endloop
  endfacet
  facet normal 0 0 1
    outer loop
      vertex -35.507 -20.5 20.2
      vertex -27.6855 -18.2219 20.2
      vertex -27.6964 -18.1112 20.2
    endloop
  endfacet
  facet normal 0 0 1
    outer loop
      vertex -25.56 -19.6421 20.2
      vertex -28.9914 -28.9914 20.2
      vertex -27.0332 -30.8254 20.2
    endloop
  endfacet
  facet normal 0 0 1
    outer loop
      vertex -35.507 -20.5 20.2
      vertex -27.6964 -18.1112 20.2
      vertex -27.7 -18 20.2
    endloop
  endfacet
  facet normal 0 0 1
    outer loop
      vertex -27.6673 18.3317 20.2
      vertex -35.507 20.5 20.2
      vertex -27.6855 18.2219 20.2
    endloop
  endfacet
  facet normal 0 0 1
    outer loop
      vertex -27.6855 18.2219 20.2
      vertex -35.507 20.5 20.2
      vertex -27.6964 18.1112 20.2
    endloop
  endfacet
  facet normal 0 0 1
    outer loop
      vertex -26.1112 -19.6964 20.2
      vertex -30.8254 -27.0332 20.2
      vertex -28.9914 -28.9914 20.2
    endloop
  endfacet
  facet normal 0 0 1
    outer loop
      vertex -27.6964 18.1112 20.2
      vertex -35.507 20.5 20.2
      vertex -27.7 18 20.2
    endloop
  endfacet
  facet normal 0 0 1
    outer loop
      vertex -26.7519 -19.5247 20.2
      vertex -32.5275 -24.9592 20.2
      vertex -30.8254 -27.0332 20.2
    endloop
  endfacet
  facet normal 0 0 1
    outer loop
      vertex -27.6855 17.7781 20.2
      vertex -35.507 20.5 20.2
      vertex -36.7718 18.1338 20.2
    endloop
  endfacet
  facet normal 0 0 1
    outer loop
      vertex -27.2781 -19.1209 20.2
      vertex -34.0903 -22.7784 20.2
      vertex -32.5275 -24.9592 20.2
    endloop
  endfacet
  facet normal 0 0 1
    outer loop
      vertex -27.5247 17.2481 20.2
      vertex -36.7718 18.1338 20.2
      vertex -37.8791 15.69 20.2
    endloop
  endfacet
  facet normal 0 0 1
    outer loop
      vertex -27.6421 -18.44 20.2
      vertex -35.507 -20.5 20.2
      vertex -34.0903 -22.7784 20.2
    endloop
  endfacet
  facet normal 0 0 1
    outer loop
      vertex -27.2021 16.7979 20.2
      vertex -37.8791 15.69 20.2
      vertex -38.8241 13.179 20.2
    endloop
  endfacet
  facet normal 0 0 1
    outer loop
      vertex -27.6964 -17.8888 20.2
      vertex -35.507 -20.5 20.2
      vertex -27.7 -18 20.2
    endloop
  endfacet
  facet normal 0 0 1
    outer loop
      vertex -26.9445 16.5865 20.2
      vertex -38.8241 13.179 20.2
      vertex -39.603 10.6116 20.2
    endloop
  endfacet
  facet normal 0 0 1
    outer loop
      vertex -27.6855 -17.7781 20.2
      vertex -35.507 -20.5 20.2
      vertex -27.6964 -17.8888 20.2
    endloop
  endfacet
  facet normal 0 0 1
    outer loop
      vertex -26.6506 16.4294 20.2
      vertex -39.603 10.6116 20.2
      vertex -40.2122 7.9987 20.2
    endloop
  endfacet
  facet normal 0 -0 1
    outer loop
      vertex -35.507 -20.5 20.2
      vertex -27.6855 -17.7781 20.2
      vertex -36.7718 -18.1338 20.2
    endloop
  endfacet
  facet normal 0 0 1
    outer loop
      vertex -26.3317 16.3327 20.2
      vertex -40.2122 7.9987 20.2
      vertex -40.6492 5.35157 20.2
    endloop
  endfacet
  facet normal 0 0 1
    outer loop
      vertex -27.6673 -17.6683 20.2
      vertex -36.7718 -18.1338 20.2
      vertex -27.6855 -17.7781 20.2
    endloop
  endfacet
  facet normal 0 0 1
    outer loop
      vertex -26.1112 16.3036 20.2
      vertex -40.6492 5.35157 20.2
      vertex -40.9122 2.68153 20.2
    endloop
  endfacet
  facet normal 0 0 1
    outer loop
      vertex -27.6421 -17.56 20.2
      vertex -36.7718 -18.1338 20.2
      vertex -27.6673 -17.6683 20.2
    endloop
  endfacet
  facet normal 0 0 1
    outer loop
      vertex -11 0 20.2
      vertex -40.9122 2.68153 20.2
      vertex -41 0 20.2
    endloop
  endfacet
  facet normal 0 0 1
    outer loop
      vertex -27.6098 -17.4536 20.2
      vertex -36.7718 -18.1338 20.2
      vertex -27.6421 -17.56 20.2
    endloop
  endfacet
  facet normal 0 -0 1
    outer loop
      vertex -36.7718 -18.1338 20.2
      vertex -27.5247 -17.2481 20.2
      vertex -37.8791 -15.69 20.2
    endloop
  endfacet
  facet normal 0 0 1
    outer loop
      vertex -27.5706 -17.3494 20.2
      vertex -36.7718 -18.1338 20.2
      vertex -27.6098 -17.4536 20.2
    endloop
  endfacet
  facet normal 0 0 1
    outer loop
      vertex -27.5247 -17.2481 20.2
      vertex -36.7718 -18.1338 20.2
      vertex -27.5706 -17.3494 20.2
    endloop
  endfacet
  facet normal 0 0 1
    outer loop
      vertex 24.5278 -17.15 20.2
      vertex 8.72689 -6.69637 20.2
      vertex 24.4753 -17.2481 20.2
    endloop
  endfacet
  facet normal -0 0 1
    outer loop
      vertex 8.27024 -7.2528 20.2
      vertex 24.4753 -17.2481 20.2
      vertex 8.72689 -6.69637 20.2
    endloop
  endfacet
  facet normal 0 0 1
    outer loop
      vertex 24.4753 -17.2481 20.2
      vertex 8.27024 -7.2528 20.2
      vertex 24.4294 -17.3494 20.2
    endloop
  endfacet
  facet normal 0 0 1
    outer loop
      vertex 24.4294 -17.3494 20.2
      vertex 8.27024 -7.2528 20.2
      vertex 24.3902 -17.4536 20.2
    endloop
  endfacet
  facet normal -0 0 1
    outer loop
      vertex 7.77817 -7.77817 20.2
      vertex 24.3902 -17.4536 20.2
      vertex 8.27024 -7.2528 20.2
    endloop
  endfacet
  facet normal 0 0 1
    outer loop
      vertex 24.3902 -17.4536 20.2
      vertex 7.77817 -7.77817 20.2
      vertex 24.3579 -17.56 20.2
    endloop
  endfacet
  facet normal 0 0 1
    outer loop
      vertex 24.3579 -17.56 20.2
      vertex 7.77817 -7.77817 20.2
      vertex 24.3327 -17.6683 20.2
    endloop
  endfacet
  facet normal -0 0 1
    outer loop
      vertex 7.2528 -8.27024 20.2
      vertex 24.3327 -17.6683 20.2
      vertex 7.77817 -7.77817 20.2
    endloop
  endfacet
  facet normal 0 0 1
    outer loop
      vertex 24.3327 -17.6683 20.2
      vertex 7.2528 -8.27024 20.2
      vertex 24.3145 -17.7781 20.2
    endloop
  endfacet
  facet normal 0 0 1
    outer loop
      vertex 24.3145 -17.7781 20.2
      vertex 7.2528 -8.27024 20.2
      vertex 24.3036 -17.8888 20.2
    endloop
  endfacet
  facet normal -0 0 1
    outer loop
      vertex 6.69637 -8.72689 20.2
      vertex 24.3036 -17.8888 20.2
      vertex 7.2528 -8.27024 20.2
    endloop
  endfacet
  facet normal 0 0 1
    outer loop
      vertex 24.3036 -17.8888 20.2
      vertex 6.69637 -8.72689 20.2
      vertex 24.3 -18 20.2
    endloop
  endfacet
  facet normal -0 0 1
    outer loop
      vertex 6.11127 -9.14616 20.2
      vertex 24.3 -18 20.2
      vertex 6.69637 -8.72689 20.2
    endloop
  endfacet
  facet normal 0 0 1
    outer loop
      vertex 24.3 -18 20.2
      vertex 6.11127 -9.14616 20.2
      vertex 24.3036 -18.1112 20.2
    endloop
  endfacet
  facet normal -0 0 1
    outer loop
      vertex 5.5 -9.52628 20.2
      vertex 24.3036 -18.1112 20.2
      vertex 6.11127 -9.14616 20.2
    endloop
  endfacet
  facet normal -0 0 1
    outer loop
      vertex 4.86518 -9.8656 20.2
      vertex 24.3036 -18.1112 20.2
      vertex 5.5 -9.52628 20.2
    endloop
  endfacet
  facet normal -0 0 1
    outer loop
      vertex 4.20952 -10.1627 20.2
      vertex 24.3036 -18.1112 20.2
      vertex 4.86518 -9.8656 20.2
    endloop
  endfacet
  facet normal 0 0 1
    outer loop
      vertex 24.3036 -18.1112 20.2
      vertex 4.20952 -10.1627 20.2
      vertex 13.179 -38.8241 20.2
    endloop
  endfacet
  facet normal -0 0 1
    outer loop
      vertex 3.53583 -10.4162 20.2
      vertex 13.179 -38.8241 20.2
      vertex 4.20952 -10.1627 20.2
    endloop
  endfacet
  facet normal 0 0 1
    outer loop
      vertex 13.179 -38.8241 20.2
      vertex 3.53583 -10.4162 20.2
      vertex 10.6116 -39.603 20.2
    endloop
  endfacet
  facet normal -0 0 1
    outer loop
      vertex 2.84701 -10.6252 20.2
      vertex 10.6116 -39.603 20.2
      vertex 3.53583 -10.4162 20.2
    endloop
  endfacet
  facet normal 0 0 1
    outer loop
      vertex 10.6116 -39.603 20.2
      vertex 2.84701 -10.6252 20.2
      vertex 7.9987 -40.2122 20.2
    endloop
  endfacet
  facet normal -0 0 1
    outer loop
      vertex 2.14599 -10.7886 20.2
      vertex 7.9987 -40.2122 20.2
      vertex 2.84701 -10.6252 20.2
    endloop
  endfacet
  facet normal 0 0 1
    outer loop
      vertex 7.9987 -40.2122 20.2
      vertex 2.14599 -10.7886 20.2
      vertex 5.35157 -40.6492 20.2
    endloop
  endfacet
  facet normal -0 0 1
    outer loop
      vertex 1.43579 -10.9059 20.2
      vertex 5.35157 -40.6492 20.2
      vertex 2.14599 -10.7886 20.2
    endloop
  endfacet
  facet normal 0 0 1
    outer loop
      vertex 5.35157 -40.6492 20.2
      vertex 1.43579 -10.9059 20.2
      vertex 2.68153 -40.9122 20.2
    endloop
  endfacet
  facet normal -0 0 1
    outer loop
      vertex 0.719434 -10.9764 20.2
      vertex 2.68153 -40.9122 20.2
      vertex 1.43579 -10.9059 20.2
    endloop
  endfacet
  facet normal -0 0 1
    outer loop
      vertex 0 -11 20.2
      vertex 2.68153 -40.9122 20.2
      vertex 0.719434 -10.9764 20.2
    endloop
  endfacet
  facet normal 0 0 1
    outer loop
      vertex 0 -11 20.2
      vertex 0 -41 20.2
      vertex 2.68153 -40.9122 20.2
    endloop
  endfacet
  facet normal 0 0 1
    outer loop
      vertex -0.719434 -10.9764 20.2
      vertex 0 -41 20.2
      vertex 0 -11 20.2
    endloop
  endfacet
  facet normal 0 0 1
    outer loop
      vertex -2.68153 -40.9122 20.2
      vertex -0.719434 -10.9764 20.2
      vertex -1.43579 -10.9059 20.2
    endloop
  endfacet
  facet normal 0 0 1
    outer loop
      vertex -5.35157 -40.6492 20.2
      vertex -1.43579 -10.9059 20.2
      vertex -2.14599 -10.7886 20.2
    endloop
  endfacet
  facet normal 0 0 1
    outer loop
      vertex -0.719434 -10.9764 20.2
      vertex -2.68153 -40.9122 20.2
      vertex 0 -41 20.2
    endloop
  endfacet
  facet normal 0 0 1
    outer loop
      vertex -7.9987 -40.2122 20.2
      vertex -2.14599 -10.7886 20.2
      vertex -2.84701 -10.6252 20.2
    endloop
  endfacet
  facet normal 0 0 1
    outer loop
      vertex -10.6116 -39.603 20.2
      vertex -2.84701 -10.6252 20.2
      vertex -3.53583 -10.4162 20.2
    endloop
  endfacet
  facet normal 0 0 1
    outer loop
      vertex -13.179 -38.8241 20.2
      vertex -3.53583 -10.4162 20.2
      vertex -4.20952 -10.1627 20.2
    endloop
  endfacet
  facet normal 0 0 1
    outer loop
      vertex -6.11127 -9.14616 20.2
      vertex -24.3145 -18.2219 20.2
      vertex -5.5 -9.52628 20.2
    endloop
  endfacet
  facet normal 0 0 1
    outer loop
      vertex -1.43579 -10.9059 20.2
      vertex -5.35157 -40.6492 20.2
      vertex -2.68153 -40.9122 20.2
    endloop
  endfacet
  facet normal 0 0 1
    outer loop
      vertex -24.3145 -18.2219 20.2
      vertex -6.11127 -9.14616 20.2
      vertex -24.3036 -18.1112 20.2
    endloop
  endfacet
  facet normal 0 0 1
    outer loop
      vertex -24.3036 -18.1112 20.2
      vertex -6.11127 -9.14616 20.2
      vertex -24.3 -18 20.2
    endloop
  endfacet
  facet normal 0 0 1
    outer loop
      vertex -24.3 -18 20.2
      vertex -6.11127 -9.14616 20.2
      vertex -6.69637 -8.72689 20.2
    endloop
  endfacet
  facet normal 0 0 1
    outer loop
      vertex -24.3 -18 20.2
      vertex -6.69637 -8.72689 20.2
      vertex -7.2528 -8.27024 20.2
    endloop
  endfacet
  facet normal 0 0 1
    outer loop
      vertex -24.3 -18 20.2
      vertex -7.2528 -8.27024 20.2
      vertex -7.77817 -7.77817 20.2
    endloop
  endfacet
  facet normal 0 0 1
    outer loop
      vertex -2.14599 -10.7886 20.2
      vertex -7.9987 -40.2122 20.2
      vertex -5.35157 -40.6492 20.2
    endloop
  endfacet
  facet normal 0 0 1
    outer loop
      vertex -24.3 -18 20.2
      vertex -7.77817 -7.77817 20.2
      vertex -8.27024 -7.2528 20.2
    endloop
  endfacet
  facet normal 0 0 1
    outer loop
      vertex -24.3 -18 20.2
      vertex -8.27024 -7.2528 20.2
      vertex -8.72689 -6.69637 20.2
    endloop
  endfacet
  facet normal 0 0 1
    outer loop
      vertex -24.3 -18 20.2
      vertex -8.72689 -6.69637 20.2
      vertex -9.14616 -6.11127 20.2
    endloop
  endfacet
  facet normal 0 0 1
    outer loop
      vertex -24.3 -18 20.2
      vertex -9.14616 -6.11127 20.2
      vertex -9.52628 -5.5 20.2
    endloop
  endfacet
  facet normal 0 0 1
    outer loop
      vertex -24.3 -18 20.2
      vertex -9.52628 -5.5 20.2
      vertex -9.8656 -4.86518 20.2
    endloop
  endfacet
  facet normal 0 0 1
    outer loop
      vertex -24.3 -18 20.2
      vertex -9.8656 -4.86518 20.2
      vertex -10.1627 -4.20952 20.2
    endloop
  endfacet
  facet normal 0 0 1
    outer loop
      vertex -24.3 -18 20.2
      vertex -10.1627 -4.20952 20.2
      vertex -10.4162 -3.53583 20.2
    endloop
  endfacet
  facet normal 0 0 1
    outer loop
      vertex -2.84701 -10.6252 20.2
      vertex -10.6116 -39.603 20.2
      vertex -7.9987 -40.2122 20.2
    endloop
  endfacet
  facet normal 0 0 1
    outer loop
      vertex -24.3 -18 20.2
      vertex -10.4162 -3.53583 20.2
      vertex -10.6252 -2.84701 20.2
    endloop
  endfacet
  facet normal 0 0 1
    outer loop
      vertex -24.3 -18 20.2
      vertex -10.6252 -2.84701 20.2
      vertex -10.7886 -2.14599 20.2
    endloop
  endfacet
  facet normal 0 0 1
    outer loop
      vertex -10.9764 -0.719434 20.2
      vertex -24.3 -18 20.2
      vertex -10.9059 -1.43579 20.2
    endloop
  endfacet
  facet normal 0 0 1
    outer loop
      vertex -11 0 20.2
      vertex -24.3 -18 20.2
      vertex -10.9764 -0.719434 20.2
    endloop
  endfacet
  facet normal -0 0 1
    outer loop
      vertex -24.6513 16.9651 20.2
      vertex -9.14616 6.11127 20.2
      vertex -24.5865 17.0555 20.2
    endloop
  endfacet
  facet normal -0 0 1
    outer loop
      vertex -24.5865 17.0555 20.2
      vertex -8.72689 6.69637 20.2
      vertex -24.5278 17.15 20.2
    endloop
  endfacet
  facet normal 0 0 1
    outer loop
      vertex -10.9059 -1.43579 20.2
      vertex -24.3 -18 20.2
      vertex -10.7886 -2.14599 20.2
    endloop
  endfacet
  facet normal 0 0 1
    outer loop
      vertex -24.3579 18.44 20.2
      vertex -13.179 38.8241 20.2
      vertex -15.69 37.8791 20.2
    endloop
  endfacet
  facet normal 0 0 1
    outer loop
      vertex -3.53583 -10.4162 20.2
      vertex -13.179 -38.8241 20.2
      vertex -10.6116 -39.603 20.2
    endloop
  endfacet
  facet normal 0 0 1
    outer loop
      vertex -24.4294 18.6506 20.2
      vertex -15.69 37.8791 20.2
      vertex -18.1338 36.7718 20.2
    endloop
  endfacet
  facet normal 0 0 1
    outer loop
      vertex -4.20952 -10.1627 20.2
      vertex -15.69 -37.8791 20.2
      vertex -13.179 -38.8241 20.2
    endloop
  endfacet
  facet normal 0 0 1
    outer loop
      vertex -24.5278 18.85 20.2
      vertex -18.1338 36.7718 20.2
      vertex -20.5 35.507 20.2
    endloop
  endfacet
  facet normal 0 0 1
    outer loop
      vertex -24.3327 -18.3317 20.2
      vertex -5.5 -9.52628 20.2
      vertex -24.3145 -18.2219 20.2
    endloop
  endfacet
  facet normal 0 0 1
    outer loop
      vertex -24.6513 19.0349 20.2
      vertex -20.5 35.507 20.2
      vertex -22.7784 34.0903 20.2
    endloop
  endfacet
  facet normal 0 0 1
    outer loop
      vertex -5.5 -9.52628 20.2
      vertex -24.3327 -18.3317 20.2
      vertex -4.86518 -9.8656 20.2
    endloop
  endfacet
  facet normal 0 0 1
    outer loop
      vertex -24.3579 -18.44 20.2
      vertex -4.86518 -9.8656 20.2
      vertex -24.3327 -18.3317 20.2
    endloop
  endfacet
  facet normal 0 0 1
    outer loop
      vertex -8.72689 6.69637 20.2
      vertex -24.5865 17.0555 20.2
      vertex -9.14616 6.11127 20.2
    endloop
  endfacet
  facet normal 0 0 1
    outer loop
      vertex -13.179 38.8241 20.2
      vertex -24.3145 18.2219 20.2
      vertex -24.3036 18.1112 20.2
    endloop
  endfacet
  facet normal 0 0 1
    outer loop
      vertex -13.179 38.8241 20.2
      vertex -24.3327 18.3317 20.2
      vertex -24.3145 18.2219 20.2
    endloop
  endfacet
  facet normal 0 0 1
    outer loop
      vertex -13.179 38.8241 20.2
      vertex -24.3579 18.44 20.2
      vertex -24.3327 18.3317 20.2
    endloop
  endfacet
  facet normal 0 0 1
    outer loop
      vertex -15.69 37.8791 20.2
      vertex -24.3902 18.5464 20.2
      vertex -24.3579 18.44 20.2
    endloop
  endfacet
  facet normal 0 0 1
    outer loop
      vertex -15.69 37.8791 20.2
      vertex -24.4294 18.6506 20.2
      vertex -24.3902 18.5464 20.2
    endloop
  endfacet
  facet normal 0 0 1
    outer loop
      vertex -18.1338 36.7718 20.2
      vertex -24.4753 18.7519 20.2
      vertex -24.4294 18.6506 20.2
    endloop
  endfacet
  facet normal 0 0 1
    outer loop
      vertex -18.1338 36.7718 20.2
      vertex -24.5278 18.85 20.2
      vertex -24.4753 18.7519 20.2
    endloop
  endfacet
  facet normal 0 0 1
    outer loop
      vertex -20.5 35.507 20.2
      vertex -24.5865 18.9445 20.2
      vertex -24.5278 18.85 20.2
    endloop
  endfacet
  facet normal 0 0 1
    outer loop
      vertex -20.5 35.507 20.2
      vertex -24.6513 19.0349 20.2
      vertex -24.5865 18.9445 20.2
    endloop
  endfacet
  facet normal 0 0 1
    outer loop
      vertex -22.7784 34.0903 20.2
      vertex -24.7219 19.1209 20.2
      vertex -24.6513 19.0349 20.2
    endloop
  endfacet
  facet normal 0 0 1
    outer loop
      vertex -22.7784 34.0903 20.2
      vertex -24.7979 19.2021 20.2
      vertex -24.7219 19.1209 20.2
    endloop
  endfacet
  facet normal 0 0 1
    outer loop
      vertex -22.7784 34.0903 20.2
      vertex -24.8791 19.2781 20.2
      vertex -24.7979 19.2021 20.2
    endloop
  endfacet
  facet normal -0 0 1
    outer loop
      vertex -24.9592 32.5275 20.2
      vertex -24.8791 19.2781 20.2
      vertex -22.7784 34.0903 20.2
    endloop
  endfacet
  facet normal 0 0 1
    outer loop
      vertex -24.9592 32.5275 20.2
      vertex -24.9651 19.3487 20.2
      vertex -24.8791 19.2781 20.2
    endloop
  endfacet
  facet normal 0 0 1
    outer loop
      vertex -24.9592 32.5275 20.2
      vertex -25.0555 19.4135 20.2
      vertex -24.9651 19.3487 20.2
    endloop
  endfacet
  facet normal 0 0 1
    outer loop
      vertex -24.9592 32.5275 20.2
      vertex -25.15 19.4722 20.2
      vertex -25.0555 19.4135 20.2
    endloop
  endfacet
  facet normal -0 0 1
    outer loop
      vertex -27.0332 30.8254 20.2
      vertex -25.15 19.4722 20.2
      vertex -24.9592 32.5275 20.2
    endloop
  endfacet
  facet normal 0 0 1
    outer loop
      vertex -25.15 19.4722 20.2
      vertex -27.0332 30.8254 20.2
      vertex -25.2481 19.5247 20.2
    endloop
  endfacet
  facet normal 0 0 1
    outer loop
      vertex -25.2481 19.5247 20.2
      vertex -27.0332 30.8254 20.2
      vertex -25.3494 19.5706 20.2
    endloop
  endfacet
  facet normal 0 0 1
    outer loop
      vertex -25.3494 19.5706 20.2
      vertex -27.0332 30.8254 20.2
      vertex -25.4536 19.6098 20.2
    endloop
  endfacet
  facet normal 0 0 1
    outer loop
      vertex -25.4536 19.6098 20.2
      vertex -27.0332 30.8254 20.2
      vertex -25.56 19.6421 20.2
    endloop
  endfacet
  facet normal -0 0 1
    outer loop
      vertex -28.9914 28.9914 20.2
      vertex -25.56 19.6421 20.2
      vertex -27.0332 30.8254 20.2
    endloop
  endfacet
  facet normal 0 0 1
    outer loop
      vertex -25.56 19.6421 20.2
      vertex -28.9914 28.9914 20.2
      vertex -25.6683 19.6673 20.2
    endloop
  endfacet
  facet normal 0 0 1
    outer loop
      vertex -25.6683 19.6673 20.2
      vertex -28.9914 28.9914 20.2
      vertex -25.7781 19.6855 20.2
    endloop
  endfacet
  facet normal 0 0 1
    outer loop
      vertex -25.7781 19.6855 20.2
      vertex -28.9914 28.9914 20.2
      vertex -25.8888 19.6964 20.2
    endloop
  endfacet
  facet normal 0 0 1
    outer loop
      vertex -25.8888 19.6964 20.2
      vertex -28.9914 28.9914 20.2
      vertex -26 19.7 20.2
    endloop
  endfacet
  facet normal 0 0 1
    outer loop
      vertex -26 19.7 20.2
      vertex -28.9914 28.9914 20.2
      vertex -26.1112 19.6964 20.2
    endloop
  endfacet
  facet normal -0 0 1
    outer loop
      vertex -30.8254 27.0332 20.2
      vertex -26.1112 19.6964 20.2
      vertex -28.9914 28.9914 20.2
    endloop
  endfacet
  facet normal 0 0 1
    outer loop
      vertex -26.1112 19.6964 20.2
      vertex -30.8254 27.0332 20.2
      vertex -26.2219 19.6855 20.2
    endloop
  endfacet
  facet normal 0 0 1
    outer loop
      vertex -26.2219 19.6855 20.2
      vertex -30.8254 27.0332 20.2
      vertex -26.3317 19.6673 20.2
    endloop
  endfacet
  facet normal 0 0 1
    outer loop
      vertex -26.3317 19.6673 20.2
      vertex -30.8254 27.0332 20.2
      vertex -26.44 19.6421 20.2
    endloop
  endfacet
  facet normal 0 0 1
    outer loop
      vertex -26.44 19.6421 20.2
      vertex -30.8254 27.0332 20.2
      vertex -26.5464 19.6098 20.2
    endloop
  endfacet
  facet normal 0 0 1
    outer loop
      vertex -26.5464 19.6098 20.2
      vertex -30.8254 27.0332 20.2
      vertex -26.6506 19.5706 20.2
    endloop
  endfacet
  facet normal 0 0 1
    outer loop
      vertex -26.6506 19.5706 20.2
      vertex -30.8254 27.0332 20.2
      vertex -26.7519 19.5247 20.2
    endloop
  endfacet
  facet normal -0 0 1
    outer loop
      vertex -32.5275 24.9592 20.2
      vertex -26.7519 19.5247 20.2
      vertex -30.8254 27.0332 20.2
    endloop
  endfacet
  facet normal 0 0 1
    outer loop
      vertex -26.7519 19.5247 20.2
      vertex -32.5275 24.9592 20.2
      vertex -26.85 19.4722 20.2
    endloop
  endfacet
  facet normal 0 0 1
    outer loop
      vertex -26.85 19.4722 20.2
      vertex -32.5275 24.9592 20.2
      vertex -26.9445 19.4135 20.2
    endloop
  endfacet
  facet normal 0 0 1
    outer loop
      vertex -26.9445 19.4135 20.2
      vertex -32.5275 24.9592 20.2
      vertex -27.0349 19.3487 20.2
    endloop
  endfacet
  facet normal 0 0 1
    outer loop
      vertex -27.0349 19.3487 20.2
      vertex -32.5275 24.9592 20.2
      vertex -27.1209 19.2781 20.2
    endloop
  endfacet
  facet normal 0 0 1
    outer loop
      vertex -27.1209 19.2781 20.2
      vertex -32.5275 24.9592 20.2
      vertex -27.2021 19.2021 20.2
    endloop
  endfacet
  facet normal 0 0 1
    outer loop
      vertex -27.2021 19.2021 20.2
      vertex -32.5275 24.9592 20.2
      vertex -27.2781 19.1209 20.2
    endloop
  endfacet
  facet normal -0 0 1
    outer loop
      vertex -34.0903 22.7784 20.2
      vertex -27.2781 19.1209 20.2
      vertex -32.5275 24.9592 20.2
    endloop
  endfacet
  facet normal 0 0 1
    outer loop
      vertex -27.2781 19.1209 20.2
      vertex -34.0903 22.7784 20.2
      vertex -27.3487 19.0349 20.2
    endloop
  endfacet
  facet normal 0 0 1
    outer loop
      vertex -27.3487 19.0349 20.2
      vertex -34.0903 22.7784 20.2
      vertex -27.4135 18.9445 20.2
    endloop
  endfacet
  facet normal 0 0 1
    outer loop
      vertex -27.4135 18.9445 20.2
      vertex -34.0903 22.7784 20.2
      vertex -27.4722 18.85 20.2
    endloop
  endfacet
  facet normal 0 0 1
    outer loop
      vertex -27.4722 18.85 20.2
      vertex -34.0903 22.7784 20.2
      vertex -27.5247 18.7519 20.2
    endloop
  endfacet
  facet normal 0 0 1
    outer loop
      vertex -27.5247 18.7519 20.2
      vertex -34.0903 22.7784 20.2
      vertex -27.5706 18.6506 20.2
    endloop
  endfacet
  facet normal 0 0 1
    outer loop
      vertex -27.5706 18.6506 20.2
      vertex -34.0903 22.7784 20.2
      vertex -27.6098 18.5464 20.2
    endloop
  endfacet
  facet normal 0 0 1
    outer loop
      vertex -27.6421 18.44 20.2
      vertex -35.507 20.5 20.2
      vertex -27.6673 18.3317 20.2
    endloop
  endfacet
  facet normal -0 0 1
    outer loop
      vertex -35.507 20.5 20.2
      vertex -27.6421 18.44 20.2
      vertex -34.0903 22.7784 20.2
    endloop
  endfacet
  facet normal 0 0 1
    outer loop
      vertex -27.6098 18.5464 20.2
      vertex -34.0903 22.7784 20.2
      vertex -27.6421 18.44 20.2
    endloop
  endfacet
  facet normal -0 0 1
    outer loop
      vertex 27.4722 17.15 20.2
      vertex 37.8791 15.69 20.2
      vertex 27.5247 17.2481 20.2
    endloop
  endfacet
  facet normal 0 0 1
    outer loop
      vertex 41 0 20.2
      vertex 27.6964 -17.8888 20.2
      vertex 27.7 -18 20.2
    endloop
  endfacet
  facet normal -0 0 1
    outer loop
      vertex 27.4135 17.0555 20.2
      vertex 37.8791 15.69 20.2
      vertex 27.4722 17.15 20.2
    endloop
  endfacet
  facet normal 0 0 1
    outer loop
      vertex 41 0 20.2
      vertex 27.6855 -17.7781 20.2
      vertex 27.6964 -17.8888 20.2
    endloop
  endfacet
  facet normal -0 0 1
    outer loop
      vertex 27.3487 16.9651 20.2
      vertex 37.8791 15.69 20.2
      vertex 27.4135 17.0555 20.2
    endloop
  endfacet
  facet normal 0 0 1
    outer loop
      vertex 41 0 20.2
      vertex 27.6673 -17.6683 20.2
      vertex 27.6855 -17.7781 20.2
    endloop
  endfacet
  facet normal -0 0 1
    outer loop
      vertex 27.2781 16.8791 20.2
      vertex 37.8791 15.69 20.2
      vertex 27.3487 16.9651 20.2
    endloop
  endfacet
  facet normal 0 0 1
    outer loop
      vertex 41 0 20.2
      vertex 27.6421 -17.56 20.2
      vertex 27.6673 -17.6683 20.2
    endloop
  endfacet
  facet normal -0 0 1
    outer loop
      vertex 27.2021 16.7979 20.2
      vertex 37.8791 15.69 20.2
      vertex 27.2781 16.8791 20.2
    endloop
  endfacet
  facet normal 0 0 1
    outer loop
      vertex 41 0 20.2
      vertex 27.6098 -17.4536 20.2
      vertex 27.6421 -17.56 20.2
    endloop
  endfacet
  facet normal 0 0 1
    outer loop
      vertex 37.8791 15.69 20.2
      vertex 27.2021 16.7979 20.2
      vertex 38.8241 13.179 20.2
    endloop
  endfacet
  facet normal 0 0 1
    outer loop
      vertex 41 0 20.2
      vertex 27.5706 -17.3494 20.2
      vertex 27.6098 -17.4536 20.2
    endloop
  endfacet
  facet normal -0 0 1
    outer loop
      vertex 27.1209 16.7219 20.2
      vertex 38.8241 13.179 20.2
      vertex 27.2021 16.7979 20.2
    endloop
  endfacet
  facet normal 0 0 1
    outer loop
      vertex 41 0 20.2
      vertex 27.5247 -17.2481 20.2
      vertex 27.5706 -17.3494 20.2
    endloop
  endfacet
  facet normal -0 0 1
    outer loop
      vertex 27.0349 16.6513 20.2
      vertex 38.8241 13.179 20.2
      vertex 27.1209 16.7219 20.2
    endloop
  endfacet
  facet normal 0 0 1
    outer loop
      vertex 41 0 20.2
      vertex 27.4722 -17.15 20.2
      vertex 27.5247 -17.2481 20.2
    endloop
  endfacet
  facet normal -0 0 1
    outer loop
      vertex 26.9445 16.5865 20.2
      vertex 38.8241 13.179 20.2
      vertex 27.0349 16.6513 20.2
    endloop
  endfacet
  facet normal 0 0 1
    outer loop
      vertex 41 0 20.2
      vertex 27.4135 -17.0555 20.2
      vertex 27.4722 -17.15 20.2
    endloop
  endfacet
  facet normal 0 0 1
    outer loop
      vertex 38.8241 13.179 20.2
      vertex 26.9445 16.5865 20.2
      vertex 39.603 10.6116 20.2
    endloop
  endfacet
  facet normal 0 0 1
    outer loop
      vertex 41 0 20.2
      vertex 27.3487 -16.9651 20.2
      vertex 27.4135 -17.0555 20.2
    endloop
  endfacet
  facet normal -0 0 1
    outer loop
      vertex 26.85 16.5278 20.2
      vertex 39.603 10.6116 20.2
      vertex 26.9445 16.5865 20.2
    endloop
  endfacet
  facet normal 0 0 1
    outer loop
      vertex 41 0 20.2
      vertex 27.2781 -16.8791 20.2
      vertex 27.3487 -16.9651 20.2
    endloop
  endfacet
  facet normal -0 0 1
    outer loop
      vertex 26.7519 16.4753 20.2
      vertex 39.603 10.6116 20.2
      vertex 26.85 16.5278 20.2
    endloop
  endfacet
  facet normal 0 0 1
    outer loop
      vertex 41 0 20.2
      vertex 27.2021 -16.7979 20.2
      vertex 27.2781 -16.8791 20.2
    endloop
  endfacet
  facet normal -0 0 1
    outer loop
      vertex 26.6506 16.4294 20.2
      vertex 39.603 10.6116 20.2
      vertex 26.7519 16.4753 20.2
    endloop
  endfacet
  facet normal 0 0 1
    outer loop
      vertex 41 0 20.2
      vertex 27.1209 -16.7219 20.2
      vertex 27.2021 -16.7979 20.2
    endloop
  endfacet
  facet normal 0 0 1
    outer loop
      vertex 39.603 10.6116 20.2
      vertex 26.6506 16.4294 20.2
      vertex 40.2122 7.9987 20.2
    endloop
  endfacet
  facet normal 0 0 1
    outer loop
      vertex 41 0 20.2
      vertex 27.0349 -16.6513 20.2
      vertex 27.1209 -16.7219 20.2
    endloop
  endfacet
  facet normal -0 0 1
    outer loop
      vertex 26.5464 16.3902 20.2
      vertex 40.2122 7.9987 20.2
      vertex 26.6506 16.4294 20.2
    endloop
  endfacet
  facet normal 0 0 1
    outer loop
      vertex 41 0 20.2
      vertex 26.9445 -16.5865 20.2
      vertex 27.0349 -16.6513 20.2
    endloop
  endfacet
  facet normal -0 0 1
    outer loop
      vertex 26.44 16.3579 20.2
      vertex 40.2122 7.9987 20.2
      vertex 26.5464 16.3902 20.2
    endloop
  endfacet
  facet normal 0 0 1
    outer loop
      vertex 41 0 20.2
      vertex 26.85 -16.5278 20.2
      vertex 26.9445 -16.5865 20.2
    endloop
  endfacet
  facet normal -0 0 1
    outer loop
      vertex 26.3317 16.3327 20.2
      vertex 40.2122 7.9987 20.2
      vertex 26.44 16.3579 20.2
    endloop
  endfacet
  facet normal 0 0 1
    outer loop
      vertex 41 0 20.2
      vertex 26.7519 -16.4753 20.2
      vertex 26.85 -16.5278 20.2
    endloop
  endfacet
  facet normal 0 0 1
    outer loop
      vertex 40.2122 7.9987 20.2
      vertex 26.3317 16.3327 20.2
      vertex 40.6492 5.35157 20.2
    endloop
  endfacet
  facet normal 0 0 1
    outer loop
      vertex 41 0 20.2
      vertex 26.6506 -16.4294 20.2
      vertex 26.7519 -16.4753 20.2
    endloop
  endfacet
  facet normal -0 0 1
    outer loop
      vertex 26.2219 16.3145 20.2
      vertex 40.6492 5.35157 20.2
      vertex 26.3317 16.3327 20.2
    endloop
  endfacet
  facet normal 0 0 1
    outer loop
      vertex 41 0 20.2
      vertex 26.5464 -16.3902 20.2
      vertex 26.6506 -16.4294 20.2
    endloop
  endfacet
  facet normal -0 0 1
    outer loop
      vertex 26.1112 16.3036 20.2
      vertex 40.6492 5.35157 20.2
      vertex 26.2219 16.3145 20.2
    endloop
  endfacet
  facet normal 0 0 1
    outer loop
      vertex 41 0 20.2
      vertex 26.44 -16.3579 20.2
      vertex 26.5464 -16.3902 20.2
    endloop
  endfacet
  facet normal 0 0 1
    outer loop
      vertex 40.6492 5.35157 20.2
      vertex 26.1112 16.3036 20.2
      vertex 40.9122 2.68153 20.2
    endloop
  endfacet
  facet normal 0 0 1
    outer loop
      vertex 41 0 20.2
      vertex 26.3317 -16.3327 20.2
      vertex 26.44 -16.3579 20.2
    endloop
  endfacet
  facet normal -0 0 1
    outer loop
      vertex 26 16.3 20.2
      vertex 40.9122 2.68153 20.2
      vertex 26.1112 16.3036 20.2
    endloop
  endfacet
  facet normal 0 0 1
    outer loop
      vertex 41 0 20.2
      vertex 26.2219 -16.3145 20.2
      vertex 26.3317 -16.3327 20.2
    endloop
  endfacet
  facet normal 0 0 1
    outer loop
      vertex 10.9764 0.719434 20.2
      vertex 40.9122 2.68153 20.2
      vertex 26 16.3 20.2
    endloop
  endfacet
  facet normal 0 0 1
    outer loop
      vertex 41 0 20.2
      vertex 26.1112 -16.3036 20.2
      vertex 26.2219 -16.3145 20.2
    endloop
  endfacet
  facet normal 0 0 1
    outer loop
      vertex 40.9122 2.68153 20.2
      vertex 10.9764 0.719434 20.2
      vertex 41 0 20.2
    endloop
  endfacet
  facet normal 0 0 1
    outer loop
      vertex 10.9764 -0.719434 20.2
      vertex 41 0 20.2
      vertex 11 0 20.2
    endloop
  endfacet
  facet normal 0 0 1
    outer loop
      vertex 10.9764 0.719434 20.2
      vertex 26 16.3 20.2
      vertex 25.8888 16.3036 20.2
    endloop
  endfacet
  facet normal 0 0 1
    outer loop
      vertex 41 0 20.2
      vertex 26 -16.3 20.2
      vertex 26.1112 -16.3036 20.2
    endloop
  endfacet
  facet normal 0 0 1
    outer loop
      vertex 10.9059 1.43579 20.2
      vertex 25.8888 16.3036 20.2
      vertex 25.7781 16.3145 20.2
    endloop
  endfacet
  facet normal 0 0 1
    outer loop
      vertex 41 0 20.2
      vertex 10.9764 -0.719434 20.2
      vertex 26 -16.3 20.2
    endloop
  endfacet
  facet normal 0 0 1
    outer loop
      vertex 10.9059 1.43579 20.2
      vertex 25.7781 16.3145 20.2
      vertex 25.6683 16.3327 20.2
    endloop
  endfacet
  facet normal 0 0 1
    outer loop
      vertex 26 -16.3 20.2
      vertex 10.9764 -0.719434 20.2
      vertex 25.8888 -16.3036 20.2
    endloop
  endfacet
  facet normal 0 0 1
    outer loop
      vertex 10.7886 2.14599 20.2
      vertex 25.6683 16.3327 20.2
      vertex 25.56 16.3579 20.2
    endloop
  endfacet
  facet normal -0 0 1
    outer loop
      vertex 10.9059 -1.43579 20.2
      vertex 25.8888 -16.3036 20.2
      vertex 10.9764 -0.719434 20.2
    endloop
  endfacet
  facet normal 0 0 1
    outer loop
      vertex 10.7886 2.14599 20.2
      vertex 25.56 16.3579 20.2
      vertex 25.4536 16.3902 20.2
    endloop
  endfacet
  facet normal 0 0 1
    outer loop
      vertex 25.8888 -16.3036 20.2
      vertex 10.9059 -1.43579 20.2
      vertex 25.7781 -16.3145 20.2
    endloop
  endfacet
  facet normal 0 0 1
    outer loop
      vertex 10.6252 2.84701 20.2
      vertex 25.4536 16.3902 20.2
      vertex 25.3494 16.4294 20.2
    endloop
  endfacet
  facet normal 0 0 1
    outer loop
      vertex 25.7781 -16.3145 20.2
      vertex 10.9059 -1.43579 20.2
      vertex 25.6683 -16.3327 20.2
    endloop
  endfacet
  facet normal 0 0 1
    outer loop
      vertex 10.4162 3.53583 20.2
      vertex 25.3494 16.4294 20.2
      vertex 25.2481 16.4753 20.2
    endloop
  endfacet
  facet normal -0 0 1
    outer loop
      vertex 10.7886 -2.14599 20.2
      vertex 25.6683 -16.3327 20.2
      vertex 10.9059 -1.43579 20.2
    endloop
  endfacet
  facet normal 0 0 1
    outer loop
      vertex 10.4162 3.53583 20.2
      vertex 25.2481 16.4753 20.2
      vertex 25.15 16.5278 20.2
    endloop
  endfacet
  facet normal 0 0 1
    outer loop
      vertex 25.6683 -16.3327 20.2
      vertex 10.7886 -2.14599 20.2
      vertex 25.56 -16.3579 20.2
    endloop
  endfacet
  facet normal 0 0 1
    outer loop
      vertex 10.1627 4.20952 20.2
      vertex 25.15 16.5278 20.2
      vertex 25.0555 16.5865 20.2
    endloop
  endfacet
  facet normal 0 0 1
    outer loop
      vertex 25.56 -16.3579 20.2
      vertex 10.7886 -2.14599 20.2
      vertex 25.4536 -16.3902 20.2
    endloop
  endfacet
  facet normal 0 0 1
    outer loop
      vertex 10.1627 4.20952 20.2
      vertex 25.0555 16.5865 20.2
      vertex 24.9651 16.6513 20.2
    endloop
  endfacet
  facet normal -0 0 1
    outer loop
      vertex 10.6252 -2.84701 20.2
      vertex 25.4536 -16.3902 20.2
      vertex 10.7886 -2.14599 20.2
    endloop
  endfacet
  facet normal 0 0 1
    outer loop
      vertex 9.8656 4.86518 20.2
      vertex 24.9651 16.6513 20.2
      vertex 24.8791 16.7219 20.2
    endloop
  endfacet
  facet normal 0 0 1
    outer loop
      vertex 25.4536 -16.3902 20.2
      vertex 10.6252 -2.84701 20.2
      vertex 25.3494 -16.4294 20.2
    endloop
  endfacet
  facet normal 0 0 1
    outer loop
      vertex 9.8656 4.86518 20.2
      vertex 24.8791 16.7219 20.2
      vertex 24.7979 16.7979 20.2
    endloop
  endfacet
  facet normal -0 0 1
    outer loop
      vertex 10.4162 -3.53583 20.2
      vertex 25.3494 -16.4294 20.2
      vertex 10.6252 -2.84701 20.2
    endloop
  endfacet
  facet normal 0 0 1
    outer loop
      vertex 9.52628 5.5 20.2
      vertex 24.7979 16.7979 20.2
      vertex 24.7219 16.8791 20.2
    endloop
  endfacet
  facet normal 0 0 1
    outer loop
      vertex 25.3494 -16.4294 20.2
      vertex 10.4162 -3.53583 20.2
      vertex 25.2481 -16.4753 20.2
    endloop
  endfacet
  facet normal 0 0 1
    outer loop
      vertex 9.52628 5.5 20.2
      vertex 24.7219 16.8791 20.2
      vertex 24.6513 16.9651 20.2
    endloop
  endfacet
  facet normal 0 0 1
    outer loop
      vertex 25.2481 -16.4753 20.2
      vertex 10.4162 -3.53583 20.2
      vertex 25.15 -16.5278 20.2
    endloop
  endfacet
  facet normal 0 0 1
    outer loop
      vertex 9.14616 6.11127 20.2
      vertex 24.6513 16.9651 20.2
      vertex 24.5865 17.0555 20.2
    endloop
  endfacet
  facet normal -0 0 1
    outer loop
      vertex 10.1627 -4.20952 20.2
      vertex 25.15 -16.5278 20.2
      vertex 10.4162 -3.53583 20.2
    endloop
  endfacet
  facet normal 0 0 1
    outer loop
      vertex 8.72689 6.69637 20.2
      vertex 24.5865 17.0555 20.2
      vertex 24.5278 17.15 20.2
    endloop
  endfacet
  facet normal 0 0 1
    outer loop
      vertex 25.15 -16.5278 20.2
      vertex 10.1627 -4.20952 20.2
      vertex 25.0555 -16.5865 20.2
    endloop
  endfacet
  facet normal 0 0 1
    outer loop
      vertex 8.72689 6.69637 20.2
      vertex 24.5278 17.15 20.2
      vertex 24.4753 17.2481 20.2
    endloop
  endfacet
  facet normal 0 0 1
    outer loop
      vertex 25.0555 -16.5865 20.2
      vertex 10.1627 -4.20952 20.2
      vertex 24.9651 -16.6513 20.2
    endloop
  endfacet
  facet normal 0 0 1
    outer loop
      vertex 8.27024 7.2528 20.2
      vertex 24.4753 17.2481 20.2
      vertex 24.4294 17.3494 20.2
    endloop
  endfacet
  facet normal -0 0 1
    outer loop
      vertex 9.8656 -4.86518 20.2
      vertex 24.9651 -16.6513 20.2
      vertex 10.1627 -4.20952 20.2
    endloop
  endfacet
  facet normal 0 0 1
    outer loop
      vertex 8.27024 7.2528 20.2
      vertex 24.4294 17.3494 20.2
      vertex 24.3902 17.4536 20.2
    endloop
  endfacet
  facet normal 0 0 1
    outer loop
      vertex 24.9651 -16.6513 20.2
      vertex 9.8656 -4.86518 20.2
      vertex 24.8791 -16.7219 20.2
    endloop
  endfacet
  facet normal 0 0 1
    outer loop
      vertex 7.77817 7.77817 20.2
      vertex 24.3902 17.4536 20.2
      vertex 24.3579 17.56 20.2
    endloop
  endfacet
  facet normal 0 0 1
    outer loop
      vertex 24.8791 -16.7219 20.2
      vertex 9.8656 -4.86518 20.2
      vertex 24.7979 -16.7979 20.2
    endloop
  endfacet
  facet normal 0 0 1
    outer loop
      vertex 7.77817 7.77817 20.2
      vertex 24.3579 17.56 20.2
      vertex 24.3327 17.6683 20.2
    endloop
  endfacet
  facet normal -0 0 1
    outer loop
      vertex 9.52628 -5.5 20.2
      vertex 24.7979 -16.7979 20.2
      vertex 9.8656 -4.86518 20.2
    endloop
  endfacet
  facet normal 0 0 1
    outer loop
      vertex 7.2528 8.27024 20.2
      vertex 24.3327 17.6683 20.2
      vertex 24.3145 17.7781 20.2
    endloop
  endfacet
  facet normal 0 0 1
    outer loop
      vertex 24.7979 -16.7979 20.2
      vertex 9.52628 -5.5 20.2
      vertex 24.7219 -16.8791 20.2
    endloop
  endfacet
  facet normal 0 0 1
    outer loop
      vertex 7.2528 8.27024 20.2
      vertex 24.3145 17.7781 20.2
      vertex 24.3036 17.8888 20.2
    endloop
  endfacet
  facet normal 0 0 1
    outer loop
      vertex 24.7219 -16.8791 20.2
      vertex 9.52628 -5.5 20.2
      vertex 24.6513 -16.9651 20.2
    endloop
  endfacet
  facet normal 0 0 1
    outer loop
      vertex 6.69637 8.72689 20.2
      vertex 24.3036 17.8888 20.2
      vertex 24.3 18 20.2
    endloop
  endfacet
  facet normal -0 0 1
    outer loop
      vertex 9.14616 -6.11127 20.2
      vertex 24.6513 -16.9651 20.2
      vertex 9.52628 -5.5 20.2
    endloop
  endfacet
  facet normal 0 0 1
    outer loop
      vertex 27.5247 17.2481 20.2
      vertex 36.7718 18.1338 20.2
      vertex 27.5706 17.3494 20.2
    endloop
  endfacet
  facet normal 0 0 1
    outer loop
      vertex 27.5706 17.3494 20.2
      vertex 36.7718 18.1338 20.2
      vertex 27.6098 17.4536 20.2
    endloop
  endfacet
  facet normal 0 0 1
    outer loop
      vertex 36.7718 18.1338 20.2
      vertex 27.5247 17.2481 20.2
      vertex 37.8791 15.69 20.2
    endloop
  endfacet
  facet normal 0 0 1
    outer loop
      vertex 27.6098 17.4536 20.2
      vertex 36.7718 18.1338 20.2
      vertex 27.6421 17.56 20.2
    endloop
  endfacet
  facet normal 0 0 1
    outer loop
      vertex 41 0 20.2
      vertex 27.7 -18 20.2
      vertex 40.9122 -2.68153 20.2
    endloop
  endfacet
  facet normal 0 0 1
    outer loop
      vertex 27.6421 17.56 20.2
      vertex 36.7718 18.1338 20.2
      vertex 27.6673 17.6683 20.2
    endloop
  endfacet
  facet normal 0 0 1
    outer loop
      vertex 40.9122 -2.68153 20.2
      vertex 27.7 -18 20.2
      vertex 40.6492 -5.35157 20.2
    endloop
  endfacet
  facet normal 0 0 1
    outer loop
      vertex 27.6673 17.6683 20.2
      vertex 36.7718 18.1338 20.2
      vertex 27.6855 17.7781 20.2
    endloop
  endfacet
  facet normal 0 0 1
    outer loop
      vertex 40.6492 -5.35157 20.2
      vertex 27.7 -18 20.2
      vertex 40.2122 -7.9987 20.2
    endloop
  endfacet
  facet normal 0 0 1
    outer loop
      vertex 35.507 20.5 20.2
      vertex 27.6855 17.7781 20.2
      vertex 36.7718 18.1338 20.2
    endloop
  endfacet
  facet normal 0 0 1
    outer loop
      vertex 40.2122 -7.9987 20.2
      vertex 27.7 -18 20.2
      vertex 39.603 -10.6116 20.2
    endloop
  endfacet
  facet normal 0 0 1
    outer loop
      vertex 27.6855 17.7781 20.2
      vertex 35.507 20.5 20.2
      vertex 27.6964 17.8888 20.2
    endloop
  endfacet
  facet normal 0 0 1
    outer loop
      vertex 39.603 -10.6116 20.2
      vertex 27.7 -18 20.2
      vertex 38.8241 -13.179 20.2
    endloop
  endfacet
  facet normal 0 0 1
    outer loop
      vertex 27.6964 17.8888 20.2
      vertex 35.507 20.5 20.2
      vertex 27.7 18 20.2
    endloop
  endfacet
  facet normal 0 0 1
    outer loop
      vertex 38.8241 -13.179 20.2
      vertex 27.7 -18 20.2
      vertex 37.8791 -15.69 20.2
    endloop
  endfacet
  facet normal 0 0 1
    outer loop
      vertex 27.6421 18.44 20.2
      vertex 35.507 20.5 20.2
      vertex 34.0903 22.7784 20.2
    endloop
  endfacet
  facet normal 0 0 1
    outer loop
      vertex 37.8791 -15.69 20.2
      vertex 27.7 -18 20.2
      vertex 36.7718 -18.1338 20.2
    endloop
  endfacet
  facet normal 0 0 1
    outer loop
      vertex 27.2781 19.1209 20.2
      vertex 34.0903 22.7784 20.2
      vertex 32.5275 24.9592 20.2
    endloop
  endfacet
  facet normal 0 0 1
    outer loop
      vertex 36.7718 -18.1338 20.2
      vertex 27.7 -18 20.2
      vertex 35.507 -20.5 20.2
    endloop
  endfacet
  facet normal 0 0 1
    outer loop
      vertex 26.7519 19.5247 20.2
      vertex 32.5275 24.9592 20.2
      vertex 30.8254 27.0332 20.2
    endloop
  endfacet
  facet normal -0 0 1
    outer loop
      vertex 27.6964 -18.1112 20.2
      vertex 35.507 -20.5 20.2
      vertex 27.7 -18 20.2
    endloop
  endfacet
  facet normal 0 0 1
    outer loop
      vertex 26.1112 19.6964 20.2
      vertex 30.8254 27.0332 20.2
      vertex 28.9914 28.9914 20.2
    endloop
  endfacet
  facet normal -0 0 1
    outer loop
      vertex 27.6855 -18.2219 20.2
      vertex 35.507 -20.5 20.2
      vertex 27.6964 -18.1112 20.2
    endloop
  endfacet
  facet normal -0 0 1
    outer loop
      vertex 27.6673 -18.3317 20.2
      vertex 35.507 -20.5 20.2
      vertex 27.6855 -18.2219 20.2
    endloop
  endfacet
  facet normal 0 0 1
    outer loop
      vertex 35.507 20.5 20.2
      vertex 27.6964 18.1112 20.2
      vertex 27.7 18 20.2
    endloop
  endfacet
  facet normal 0 0 1
    outer loop
      vertex 35.507 20.5 20.2
      vertex 27.6855 18.2219 20.2
      vertex 27.6964 18.1112 20.2
    endloop
  endfacet
  facet normal 0 0 1
    outer loop
      vertex 35.507 20.5 20.2
      vertex 27.6673 18.3317 20.2
      vertex 27.6855 18.2219 20.2
    endloop
  endfacet
  facet normal 0 0 1
    outer loop
      vertex 35.507 20.5 20.2
      vertex 27.6421 18.44 20.2
      vertex 27.6673 18.3317 20.2
    endloop
  endfacet
  facet normal 0 0 1
    outer loop
      vertex 34.0903 22.7784 20.2
      vertex 27.6098 18.5464 20.2
      vertex 27.6421 18.44 20.2
    endloop
  endfacet
  facet normal 0 0 1
    outer loop
      vertex 34.0903 22.7784 20.2
      vertex 27.5706 18.6506 20.2
      vertex 27.6098 18.5464 20.2
    endloop
  endfacet
  facet normal 0 0 1
    outer loop
      vertex 34.0903 22.7784 20.2
      vertex 27.5247 18.7519 20.2
      vertex 27.5706 18.6506 20.2
    endloop
  endfacet
  facet normal 0 0 1
    outer loop
      vertex 34.0903 22.7784 20.2
      vertex 27.4722 18.85 20.2
      vertex 27.5247 18.7519 20.2
    endloop
  endfacet
  facet normal 0 0 1
    outer loop
      vertex 34.0903 22.7784 20.2
      vertex 27.4135 18.9445 20.2
      vertex 27.4722 18.85 20.2
    endloop
  endfacet
  facet normal 0 0 1
    outer loop
      vertex 34.0903 22.7784 20.2
      vertex 27.3487 19.0349 20.2
      vertex 27.4135 18.9445 20.2
    endloop
  endfacet
  facet normal 0 0 1
    outer loop
      vertex 34.0903 22.7784 20.2
      vertex 27.2781 19.1209 20.2
      vertex 27.3487 19.0349 20.2
    endloop
  endfacet
  facet normal 0 0 1
    outer loop
      vertex 32.5275 24.9592 20.2
      vertex 27.2021 19.2021 20.2
      vertex 27.2781 19.1209 20.2
    endloop
  endfacet
  facet normal 0 0 1
    outer loop
      vertex 32.5275 24.9592 20.2
      vertex 27.1209 19.2781 20.2
      vertex 27.2021 19.2021 20.2
    endloop
  endfacet
  facet normal 0 0 1
    outer loop
      vertex 32.5275 24.9592 20.2
      vertex 27.0349 19.3487 20.2
      vertex 27.1209 19.2781 20.2
    endloop
  endfacet
  facet normal 0 0 1
    outer loop
      vertex 25.56 19.6421 20.2
      vertex 28.9914 28.9914 20.2
      vertex 27.0332 30.8254 20.2
    endloop
  endfacet
  facet normal 0 0 1
    outer loop
      vertex 32.5275 24.9592 20.2
      vertex 26.9445 19.4135 20.2
      vertex 27.0349 19.3487 20.2
    endloop
  endfacet
  facet normal 0 0 1
    outer loop
      vertex 32.5275 24.9592 20.2
      vertex 26.85 19.4722 20.2
      vertex 26.9445 19.4135 20.2
    endloop
  endfacet
  facet normal 0 0 1
    outer loop
      vertex 32.5275 24.9592 20.2
      vertex 26.7519 19.5247 20.2
      vertex 26.85 19.4722 20.2
    endloop
  endfacet
  facet normal 0 0 1
    outer loop
      vertex 30.8254 27.0332 20.2
      vertex 26.6506 19.5706 20.2
      vertex 26.7519 19.5247 20.2
    endloop
  endfacet
  facet normal 0 0 1
    outer loop
      vertex 30.8254 27.0332 20.2
      vertex 26.5464 19.6098 20.2
      vertex 26.6506 19.5706 20.2
    endloop
  endfacet
  facet normal 0 0 1
    outer loop
      vertex 30.8254 27.0332 20.2
      vertex 26.44 19.6421 20.2
      vertex 26.5464 19.6098 20.2
    endloop
  endfacet
  facet normal 0 0 1
    outer loop
      vertex 30.8254 27.0332 20.2
      vertex 26.3317 19.6673 20.2
      vertex 26.44 19.6421 20.2
    endloop
  endfacet
  facet normal 0 0 1
    outer loop
      vertex 30.8254 27.0332 20.2
      vertex 26.2219 19.6855 20.2
      vertex 26.3317 19.6673 20.2
    endloop
  endfacet
  facet normal 0 0 1
    outer loop
      vertex 30.8254 27.0332 20.2
      vertex 26.1112 19.6964 20.2
      vertex 26.2219 19.6855 20.2
    endloop
  endfacet
  facet normal 0 0 1
    outer loop
      vertex 28.9914 28.9914 20.2
      vertex 26 19.7 20.2
      vertex 26.1112 19.6964 20.2
    endloop
  endfacet
  facet normal 0 0 1
    outer loop
      vertex 28.9914 28.9914 20.2
      vertex 25.8888 19.6964 20.2
      vertex 26 19.7 20.2
    endloop
  endfacet
  facet normal 0 0 1
    outer loop
      vertex 28.9914 28.9914 20.2
      vertex 25.7781 19.6855 20.2
      vertex 25.8888 19.6964 20.2
    endloop
  endfacet
  facet normal 0 0 1
    outer loop
      vertex 28.9914 28.9914 20.2
      vertex 25.6683 19.6673 20.2
      vertex 25.7781 19.6855 20.2
    endloop
  endfacet
  facet normal 0 0 1
    outer loop
      vertex 28.9914 28.9914 20.2
      vertex 25.56 19.6421 20.2
      vertex 25.6683 19.6673 20.2
    endloop
  endfacet
  facet normal 0 0 1
    outer loop
      vertex 27.0332 30.8254 20.2
      vertex 25.4536 19.6098 20.2
      vertex 25.56 19.6421 20.2
    endloop
  endfacet
  facet normal 0 0 1
    outer loop
      vertex 27.0332 30.8254 20.2
      vertex 25.3494 19.5706 20.2
      vertex 25.4536 19.6098 20.2
    endloop
  endfacet
  facet normal 0 0 1
    outer loop
      vertex 27.0332 30.8254 20.2
      vertex 25.2481 19.5247 20.2
      vertex 25.3494 19.5706 20.2
    endloop
  endfacet
  facet normal 0 0 1
    outer loop
      vertex 27.0332 30.8254 20.2
      vertex 25.15 19.4722 20.2
      vertex 25.2481 19.5247 20.2
    endloop
  endfacet
  facet normal 0 0 1
    outer loop
      vertex 24.9592 32.5275 20.2
      vertex 25.15 19.4722 20.2
      vertex 27.0332 30.8254 20.2
    endloop
  endfacet
  facet normal 0 0 1
    outer loop
      vertex 25.15 19.4722 20.2
      vertex 24.9592 32.5275 20.2
      vertex 25.0555 19.4135 20.2
    endloop
  endfacet
  facet normal 0 0 1
    outer loop
      vertex 25.0555 19.4135 20.2
      vertex 24.9592 32.5275 20.2
      vertex 24.9651 19.3487 20.2
    endloop
  endfacet
  facet normal 0 0 1
    outer loop
      vertex 24.9592 32.5275 20.2
      vertex 24.8791 19.2781 20.2
      vertex 24.9651 19.3487 20.2
    endloop
  endfacet
  facet normal 0 0 1
    outer loop
      vertex 24.9592 32.5275 20.2
      vertex 24.7979 19.2021 20.2
      vertex 24.8791 19.2781 20.2
    endloop
  endfacet
  facet normal 0 0 1
    outer loop
      vertex 22.7784 34.0903 20.2
      vertex 24.7979 19.2021 20.2
      vertex 24.9592 32.5275 20.2
    endloop
  endfacet
  facet normal 0 0 1
    outer loop
      vertex 24.7979 19.2021 20.2
      vertex 22.7784 34.0903 20.2
      vertex 24.7219 19.1209 20.2
    endloop
  endfacet
  facet normal 0 0 1
    outer loop
      vertex 24.7219 19.1209 20.2
      vertex 22.7784 34.0903 20.2
      vertex 24.6513 19.0349 20.2
    endloop
  endfacet
  facet normal 0 0 1
    outer loop
      vertex 20.5 35.507 20.2
      vertex 24.6513 19.0349 20.2
      vertex 22.7784 34.0903 20.2
    endloop
  endfacet
  facet normal 0 0 1
    outer loop
      vertex 24.6513 19.0349 20.2
      vertex 20.5 35.507 20.2
      vertex 24.5865 18.9445 20.2
    endloop
  endfacet
  facet normal 0 0 1
    outer loop
      vertex 24.5865 18.9445 20.2
      vertex 20.5 35.507 20.2
      vertex 24.5278 18.85 20.2
    endloop
  endfacet
  facet normal 0 0 1
    outer loop
      vertex 18.1338 36.7718 20.2
      vertex 24.5278 18.85 20.2
      vertex 20.5 35.507 20.2
    endloop
  endfacet
  facet normal 0 0 1
    outer loop
      vertex 24.5278 18.85 20.2
      vertex 18.1338 36.7718 20.2
      vertex 24.4753 18.7519 20.2
    endloop
  endfacet
  facet normal 0 0 1
    outer loop
      vertex 24.4753 18.7519 20.2
      vertex 18.1338 36.7718 20.2
      vertex 24.4294 18.6506 20.2
    endloop
  endfacet
  facet normal 0 0 1
    outer loop
      vertex 15.69 37.8791 20.2
      vertex 24.4294 18.6506 20.2
      vertex 18.1338 36.7718 20.2
    endloop
  endfacet
  facet normal 0 0 1
    outer loop
      vertex 24.4294 18.6506 20.2
      vertex 15.69 37.8791 20.2
      vertex 24.3902 18.5464 20.2
    endloop
  endfacet
  facet normal 0 0 1
    outer loop
      vertex 24.3902 18.5464 20.2
      vertex 4.86518 9.8656 20.2
      vertex 24.3579 18.44 20.2
    endloop
  endfacet
  facet normal 0 -0 1
    outer loop
      vertex 4.86518 9.8656 20.2
      vertex 24.3902 18.5464 20.2
      vertex 4.20952 10.1627 20.2
    endloop
  endfacet
  facet normal 0 0 1
    outer loop
      vertex 4.20952 10.1627 20.2
      vertex 24.3902 18.5464 20.2
      vertex 15.69 37.8791 20.2
    endloop
  endfacet
  facet normal -0 0 1
    outer loop
      vertex 27.6421 -18.44 20.2
      vertex 35.507 -20.5 20.2
      vertex 27.6673 -18.3317 20.2
    endloop
  endfacet
  facet normal 0 0 1
    outer loop
      vertex 35.507 -20.5 20.2
      vertex 27.6421 -18.44 20.2
      vertex 34.0903 -22.7784 20.2
    endloop
  endfacet
  facet normal -0 0 1
    outer loop
      vertex 27.6098 -18.5464 20.2
      vertex 34.0903 -22.7784 20.2
      vertex 27.6421 -18.44 20.2
    endloop
  endfacet
  facet normal -0 0 1
    outer loop
      vertex 27.5706 -18.6506 20.2
      vertex 34.0903 -22.7784 20.2
      vertex 27.6098 -18.5464 20.2
    endloop
  endfacet
  facet normal -0 0 1
    outer loop
      vertex 27.5247 -18.7519 20.2
      vertex 34.0903 -22.7784 20.2
      vertex 27.5706 -18.6506 20.2
    endloop
  endfacet
  facet normal -0 0 1
    outer loop
      vertex 27.4722 -18.85 20.2
      vertex 34.0903 -22.7784 20.2
      vertex 27.5247 -18.7519 20.2
    endloop
  endfacet
  facet normal -0 0 1
    outer loop
      vertex 27.4135 -18.9445 20.2
      vertex 34.0903 -22.7784 20.2
      vertex 27.4722 -18.85 20.2
    endloop
  endfacet
  facet normal -0 0 1
    outer loop
      vertex 27.3487 -19.0349 20.2
      vertex 34.0903 -22.7784 20.2
      vertex 27.4135 -18.9445 20.2
    endloop
  endfacet
  facet normal -0 0 1
    outer loop
      vertex 27.2781 -19.1209 20.2
      vertex 34.0903 -22.7784 20.2
      vertex 27.3487 -19.0349 20.2
    endloop
  endfacet
  facet normal 0 0 1
    outer loop
      vertex 34.0903 -22.7784 20.2
      vertex 27.2781 -19.1209 20.2
      vertex 32.5275 -24.9592 20.2
    endloop
  endfacet
  facet normal -0 0 1
    outer loop
      vertex 27.2021 -19.2021 20.2
      vertex 32.5275 -24.9592 20.2
      vertex 27.2781 -19.1209 20.2
    endloop
  endfacet
  facet normal -0 0 1
    outer loop
      vertex 27.1209 -19.2781 20.2
      vertex 32.5275 -24.9592 20.2
      vertex 27.2021 -19.2021 20.2
    endloop
  endfacet
  facet normal -0 0 1
    outer loop
      vertex 27.0349 -19.3487 20.2
      vertex 32.5275 -24.9592 20.2
      vertex 27.1209 -19.2781 20.2
    endloop
  endfacet
  facet normal -0 0 1
    outer loop
      vertex 26.9445 -19.4135 20.2
      vertex 32.5275 -24.9592 20.2
      vertex 27.0349 -19.3487 20.2
    endloop
  endfacet
  facet normal -0 0 1
    outer loop
      vertex 26.85 -19.4722 20.2
      vertex 32.5275 -24.9592 20.2
      vertex 26.9445 -19.4135 20.2
    endloop
  endfacet
  facet normal -0 0 1
    outer loop
      vertex 26.7519 -19.5247 20.2
      vertex 32.5275 -24.9592 20.2
      vertex 26.85 -19.4722 20.2
    endloop
  endfacet
  facet normal 0 0 1
    outer loop
      vertex 32.5275 -24.9592 20.2
      vertex 26.7519 -19.5247 20.2
      vertex 30.8254 -27.0332 20.2
    endloop
  endfacet
  facet normal -0 0 1
    outer loop
      vertex 26.6506 -19.5706 20.2
      vertex 30.8254 -27.0332 20.2
      vertex 26.7519 -19.5247 20.2
    endloop
  endfacet
  facet normal -0 0 1
    outer loop
      vertex 26.5464 -19.6098 20.2
      vertex 30.8254 -27.0332 20.2
      vertex 26.6506 -19.5706 20.2
    endloop
  endfacet
  facet normal -0 0 1
    outer loop
      vertex 26.44 -19.6421 20.2
      vertex 30.8254 -27.0332 20.2
      vertex 26.5464 -19.6098 20.2
    endloop
  endfacet
  facet normal -0 0 1
    outer loop
      vertex 26.3317 -19.6673 20.2
      vertex 30.8254 -27.0332 20.2
      vertex 26.44 -19.6421 20.2
    endloop
  endfacet
  facet normal -0 0 1
    outer loop
      vertex 26.2219 -19.6855 20.2
      vertex 30.8254 -27.0332 20.2
      vertex 26.3317 -19.6673 20.2
    endloop
  endfacet
  facet normal -0 0 1
    outer loop
      vertex 26.1112 -19.6964 20.2
      vertex 30.8254 -27.0332 20.2
      vertex 26.2219 -19.6855 20.2
    endloop
  endfacet
  facet normal 0 0 1
    outer loop
      vertex 30.8254 -27.0332 20.2
      vertex 26.1112 -19.6964 20.2
      vertex 28.9914 -28.9914 20.2
    endloop
  endfacet
  facet normal -0 0 1
    outer loop
      vertex 26 -19.7 20.2
      vertex 28.9914 -28.9914 20.2
      vertex 26.1112 -19.6964 20.2
    endloop
  endfacet
  facet normal 0 0 1
    outer loop
      vertex 25.8888 -19.6964 20.2
      vertex 28.9914 -28.9914 20.2
      vertex 26 -19.7 20.2
    endloop
  endfacet
  facet normal 0 0 1
    outer loop
      vertex 25.7781 -19.6855 20.2
      vertex 28.9914 -28.9914 20.2
      vertex 25.8888 -19.6964 20.2
    endloop
  endfacet
  facet normal 0 0 1
    outer loop
      vertex 25.6683 -19.6673 20.2
      vertex 28.9914 -28.9914 20.2
      vertex 25.7781 -19.6855 20.2
    endloop
  endfacet
  facet normal 0 0 1
    outer loop
      vertex 25.56 -19.6421 20.2
      vertex 28.9914 -28.9914 20.2
      vertex 25.6683 -19.6673 20.2
    endloop
  endfacet
  facet normal 0 0 1
    outer loop
      vertex 28.9914 -28.9914 20.2
      vertex 25.56 -19.6421 20.2
      vertex 27.0332 -30.8254 20.2
    endloop
  endfacet
  facet normal 0 0 1
    outer loop
      vertex 25.4536 -19.6098 20.2
      vertex 27.0332 -30.8254 20.2
      vertex 25.56 -19.6421 20.2
    endloop
  endfacet
  facet normal 0 0 1
    outer loop
      vertex 25.3494 -19.5706 20.2
      vertex 27.0332 -30.8254 20.2
      vertex 25.4536 -19.6098 20.2
    endloop
  endfacet
  facet normal 0 0 1
    outer loop
      vertex 25.2481 -19.5247 20.2
      vertex 27.0332 -30.8254 20.2
      vertex 25.3494 -19.5706 20.2
    endloop
  endfacet
  facet normal 0 0 1
    outer loop
      vertex 25.15 -19.4722 20.2
      vertex 27.0332 -30.8254 20.2
      vertex 25.2481 -19.5247 20.2
    endloop
  endfacet
  facet normal 0 0 1
    outer loop
      vertex 24.9592 -32.5275 20.2
      vertex 25.15 -19.4722 20.2
      vertex 25.0555 -19.4135 20.2
    endloop
  endfacet
  facet normal 0 0 1
    outer loop
      vertex 24.9592 -32.5275 20.2
      vertex 25.0555 -19.4135 20.2
      vertex 24.9651 -19.3487 20.2
    endloop
  endfacet
  facet normal 0 0 1
    outer loop
      vertex 25.15 -19.4722 20.2
      vertex 24.9592 -32.5275 20.2
      vertex 27.0332 -30.8254 20.2
    endloop
  endfacet
  facet normal 0 0 1
    outer loop
      vertex 24.8791 -19.2781 20.2
      vertex 24.9592 -32.5275 20.2
      vertex 24.9651 -19.3487 20.2
    endloop
  endfacet
  facet normal 0 0 1
    outer loop
      vertex 24.7979 -19.2021 20.2
      vertex 24.9592 -32.5275 20.2
      vertex 24.8791 -19.2781 20.2
    endloop
  endfacet
  facet normal 0 0 1
    outer loop
      vertex 22.7784 -34.0903 20.2
      vertex 24.7979 -19.2021 20.2
      vertex 24.7219 -19.1209 20.2
    endloop
  endfacet
  facet normal 0 0 1
    outer loop
      vertex 22.7784 -34.0903 20.2
      vertex 24.7219 -19.1209 20.2
      vertex 24.6513 -19.0349 20.2
    endloop
  endfacet
  facet normal 0 0 1
    outer loop
      vertex 20.5 -35.507 20.2
      vertex 24.6513 -19.0349 20.2
      vertex 24.5865 -18.9445 20.2
    endloop
  endfacet
  facet normal 0 0 1
    outer loop
      vertex 20.5 -35.507 20.2
      vertex 24.5865 -18.9445 20.2
      vertex 24.5278 -18.85 20.2
    endloop
  endfacet
  facet normal 0 0 1
    outer loop
      vertex 18.1338 -36.7718 20.2
      vertex 24.5278 -18.85 20.2
      vertex 24.4753 -18.7519 20.2
    endloop
  endfacet
  facet normal 0 0 1
    outer loop
      vertex 18.1338 -36.7718 20.2
      vertex 24.4753 -18.7519 20.2
      vertex 24.4294 -18.6506 20.2
    endloop
  endfacet
  facet normal 0 0 1
    outer loop
      vertex 15.69 -37.8791 20.2
      vertex 24.4294 -18.6506 20.2
      vertex 24.3902 -18.5464 20.2
    endloop
  endfacet
  facet normal 0 0 1
    outer loop
      vertex 15.69 -37.8791 20.2
      vertex 24.3902 -18.5464 20.2
      vertex 24.3579 -18.44 20.2
    endloop
  endfacet
  facet normal 0 0 1
    outer loop
      vertex 13.179 -38.8241 20.2
      vertex 24.3579 -18.44 20.2
      vertex 24.3327 -18.3317 20.2
    endloop
  endfacet
  facet normal 0 0 1
    outer loop
      vertex 13.179 -38.8241 20.2
      vertex 24.3327 -18.3317 20.2
      vertex 24.3145 -18.2219 20.2
    endloop
  endfacet
  facet normal 0 0 1
    outer loop
      vertex 13.179 -38.8241 20.2
      vertex 24.3145 -18.2219 20.2
      vertex 24.3036 -18.1112 20.2
    endloop
  endfacet
  facet normal 0 0 1
    outer loop
      vertex 24.7979 -19.2021 20.2
      vertex 22.7784 -34.0903 20.2
      vertex 24.9592 -32.5275 20.2
    endloop
  endfacet
  facet normal -0 0 1
    outer loop
      vertex 8.72689 -6.69637 20.2
      vertex 24.5865 -17.0555 20.2
      vertex 9.14616 -6.11127 20.2
    endloop
  endfacet
  facet normal 0 0 1
    outer loop
      vertex 25.6683 16.3327 20.2
      vertex 10.7886 2.14599 20.2
      vertex 10.9059 1.43579 20.2
    endloop
  endfacet
  facet normal 0 0 1
    outer loop
      vertex 24.3579 18.44 20.2
      vertex 4.86518 9.8656 20.2
      vertex 24.3327 18.3317 20.2
    endloop
  endfacet
  facet normal 0 0 1
    outer loop
      vertex 24.5865 -17.0555 20.2
      vertex 8.72689 -6.69637 20.2
      vertex 24.5278 -17.15 20.2
    endloop
  endfacet
  facet normal 0 -0 1
    outer loop
      vertex 5.5 9.52628 20.2
      vertex 24.3327 18.3317 20.2
      vertex 4.86518 9.8656 20.2
    endloop
  endfacet
  facet normal 0 0 1
    outer loop
      vertex 24.6513 -19.0349 20.2
      vertex 20.5 -35.507 20.2
      vertex 22.7784 -34.0903 20.2
    endloop
  endfacet
  facet normal 0 0 1
    outer loop
      vertex 24.3327 18.3317 20.2
      vertex 5.5 9.52628 20.2
      vertex 24.3145 18.2219 20.2
    endloop
  endfacet
  facet normal 0 0 1
    outer loop
      vertex 24.5278 -18.85 20.2
      vertex 18.1338 -36.7718 20.2
      vertex 20.5 -35.507 20.2
    endloop
  endfacet
  facet normal 0 0 1
    outer loop
      vertex 4.20952 10.1627 20.2
      vertex 15.69 37.8791 20.2
      vertex 13.179 38.8241 20.2
    endloop
  endfacet
  facet normal 0 0 1
    outer loop
      vertex 24.4294 -18.6506 20.2
      vertex 15.69 -37.8791 20.2
      vertex 18.1338 -36.7718 20.2
    endloop
  endfacet
  facet normal 0 0 1
    outer loop
      vertex 24.3579 -18.44 20.2
      vertex 13.179 -38.8241 20.2
      vertex 15.69 -37.8791 20.2
    endloop
  endfacet
  facet normal 0 0 1
    outer loop
      vertex 24.6513 -16.9651 20.2
      vertex 9.14616 -6.11127 20.2
      vertex 24.5865 -17.0555 20.2
    endloop
  endfacet
  facet normal 0 0 1
    outer loop
      vertex 41 0 20.2
      vertex 10.9764 0.719434 20.2
      vertex 11 0 20.2
    endloop
  endfacet
  facet normal 0 0 1
    outer loop
      vertex 25.8888 16.3036 20.2
      vertex 10.9059 1.43579 20.2
      vertex 10.9764 0.719434 20.2
    endloop
  endfacet
  facet normal 0 0 1
    outer loop
      vertex 25.4536 16.3902 20.2
      vertex 10.6252 2.84701 20.2
      vertex 10.7886 2.14599 20.2
    endloop
  endfacet
  facet normal 0 0 1
    outer loop
      vertex 3.53583 10.4162 20.2
      vertex 13.179 38.8241 20.2
      vertex 10.6116 39.603 20.2
    endloop
  endfacet
  facet normal 0 0 1
    outer loop
      vertex 25.3494 16.4294 20.2
      vertex 10.4162 3.53583 20.2
      vertex 10.6252 2.84701 20.2
    endloop
  endfacet
  facet normal 0 0 1
    outer loop
      vertex 25.15 16.5278 20.2
      vertex 10.1627 4.20952 20.2
      vertex 10.4162 3.53583 20.2
    endloop
  endfacet
  facet normal 0 0 1
    outer loop
      vertex 24.9651 16.6513 20.2
      vertex 9.8656 4.86518 20.2
      vertex 10.1627 4.20952 20.2
    endloop
  endfacet
  facet normal 0 0 1
    outer loop
      vertex 24.7979 16.7979 20.2
      vertex 9.52628 5.5 20.2
      vertex 9.8656 4.86518 20.2
    endloop
  endfacet
  facet normal 0 0 1
    outer loop
      vertex 24.6513 16.9651 20.2
      vertex 9.14616 6.11127 20.2
      vertex 9.52628 5.5 20.2
    endloop
  endfacet
  facet normal 0 0 1
    outer loop
      vertex 24.5865 17.0555 20.2
      vertex 8.72689 6.69637 20.2
      vertex 9.14616 6.11127 20.2
    endloop
  endfacet
  facet normal 0 0 1
    outer loop
      vertex 24.4753 17.2481 20.2
      vertex 8.27024 7.2528 20.2
      vertex 8.72689 6.69637 20.2
    endloop
  endfacet
  facet normal 0 0 1
    outer loop
      vertex 2.84701 10.6252 20.2
      vertex 10.6116 39.603 20.2
      vertex 7.9987 40.2122 20.2
    endloop
  endfacet
  facet normal 0 0 1
    outer loop
      vertex 24.3902 17.4536 20.2
      vertex 7.77817 7.77817 20.2
      vertex 8.27024 7.2528 20.2
    endloop
  endfacet
  facet normal 0 0 1
    outer loop
      vertex 24.3327 17.6683 20.2
      vertex 7.2528 8.27024 20.2
      vertex 7.77817 7.77817 20.2
    endloop
  endfacet
  facet normal 0 0 1
    outer loop
      vertex 24.3036 17.8888 20.2
      vertex 6.69637 8.72689 20.2
      vertex 7.2528 8.27024 20.2
    endloop
  endfacet
  facet normal 0 0 1
    outer loop
      vertex 24.3 18 20.2
      vertex 6.11127 9.14616 20.2
      vertex 6.69637 8.72689 20.2
    endloop
  endfacet
  facet normal 0 0 1
    outer loop
      vertex 24.3036 18.1112 20.2
      vertex 6.11127 9.14616 20.2
      vertex 24.3 18 20.2
    endloop
  endfacet
  facet normal 0 0 1
    outer loop
      vertex 2.14599 10.7886 20.2
      vertex 7.9987 40.2122 20.2
      vertex 5.35157 40.6492 20.2
    endloop
  endfacet
  facet normal 0 0 1
    outer loop
      vertex 24.3145 18.2219 20.2
      vertex 6.11127 9.14616 20.2
      vertex 24.3036 18.1112 20.2
    endloop
  endfacet
  facet normal 0 -0 1
    outer loop
      vertex 6.11127 9.14616 20.2
      vertex 24.3145 18.2219 20.2
      vertex 5.5 9.52628 20.2
    endloop
  endfacet
  facet normal 0 0 1
    outer loop
      vertex 13.179 38.8241 20.2
      vertex 3.53583 10.4162 20.2
      vertex 4.20952 10.1627 20.2
    endloop
  endfacet
  facet normal 0 0 1
    outer loop
      vertex 10.6116 39.603 20.2
      vertex 2.84701 10.6252 20.2
      vertex 3.53583 10.4162 20.2
    endloop
  endfacet
  facet normal 0 0 1
    outer loop
      vertex 1.43579 10.9059 20.2
      vertex 5.35157 40.6492 20.2
      vertex 2.68153 40.9122 20.2
    endloop
  endfacet
  facet normal 0 0 1
    outer loop
      vertex 7.9987 40.2122 20.2
      vertex 2.14599 10.7886 20.2
      vertex 2.84701 10.6252 20.2
    endloop
  endfacet
  facet normal 0 0 1
    outer loop
      vertex 5.35157 40.6492 20.2
      vertex 1.43579 10.9059 20.2
      vertex 2.14599 10.7886 20.2
    endloop
  endfacet
  facet normal 0 0 1
    outer loop
      vertex 2.68153 40.9122 20.2
      vertex 0.719434 10.9764 20.2
      vertex 1.43579 10.9059 20.2
    endloop
  endfacet
  facet normal 0 0 1
    outer loop
      vertex 0 41 20.2
      vertex 0.719434 10.9764 20.2
      vertex 2.68153 40.9122 20.2
    endloop
  endfacet
  facet normal 0 0 1
    outer loop
      vertex 0 41 20.2
      vertex 0 11 20.2
      vertex 0.719434 10.9764 20.2
    endloop
  endfacet
  facet normal 0 0 1
    outer loop
      vertex 0 41 20.2
      vertex -0.719434 10.9764 20.2
      vertex 0 11 20.2
    endloop
  endfacet
  facet normal -0 0 1
    outer loop
      vertex -2.68153 40.9122 20.2
      vertex -0.719434 10.9764 20.2
      vertex 0 41 20.2
    endloop
  endfacet
  facet normal 0 0 1
    outer loop
      vertex -0.719434 10.9764 20.2
      vertex -2.68153 40.9122 20.2
      vertex -1.43579 10.9059 20.2
    endloop
  endfacet
  facet normal -0 0 1
    outer loop
      vertex -5.35157 40.6492 20.2
      vertex -1.43579 10.9059 20.2
      vertex -2.68153 40.9122 20.2
    endloop
  endfacet
  facet normal 0 0 1
    outer loop
      vertex -1.43579 10.9059 20.2
      vertex -5.35157 40.6492 20.2
      vertex -2.14599 10.7886 20.2
    endloop
  endfacet
  facet normal -0 0 1
    outer loop
      vertex -7.9987 40.2122 20.2
      vertex -2.14599 10.7886 20.2
      vertex -5.35157 40.6492 20.2
    endloop
  endfacet
  facet normal 0 0 1
    outer loop
      vertex -2.14599 10.7886 20.2
      vertex -7.9987 40.2122 20.2
      vertex -2.84701 10.6252 20.2
    endloop
  endfacet
  facet normal -0 0 1
    outer loop
      vertex -10.6116 39.603 20.2
      vertex -2.84701 10.6252 20.2
      vertex -7.9987 40.2122 20.2
    endloop
  endfacet
  facet normal 0 0 1
    outer loop
      vertex -2.84701 10.6252 20.2
      vertex -10.6116 39.603 20.2
      vertex -3.53583 10.4162 20.2
    endloop
  endfacet
  facet normal -0 0 1
    outer loop
      vertex -13.179 38.8241 20.2
      vertex -3.53583 10.4162 20.2
      vertex -10.6116 39.603 20.2
    endloop
  endfacet
  facet normal 0 0 1
    outer loop
      vertex -3.53583 10.4162 20.2
      vertex -13.179 38.8241 20.2
      vertex -4.20952 10.1627 20.2
    endloop
  endfacet
  facet normal -0 0 1
    outer loop
      vertex -24.3036 18.1112 20.2
      vertex -4.20952 10.1627 20.2
      vertex -13.179 38.8241 20.2
    endloop
  endfacet
  facet normal 0 0 1
    outer loop
      vertex -4.20952 10.1627 20.2
      vertex -24.3036 18.1112 20.2
      vertex -4.86518 9.8656 20.2
    endloop
  endfacet
  facet normal 0 0 1
    outer loop
      vertex -4.86518 9.8656 20.2
      vertex -24.3036 18.1112 20.2
      vertex -5.5 9.52628 20.2
    endloop
  endfacet
  facet normal 0 0 1
    outer loop
      vertex -5.5 9.52628 20.2
      vertex -24.3036 18.1112 20.2
      vertex -6.11127 9.14616 20.2
    endloop
  endfacet
  facet normal -0 -0 1
    outer loop
      vertex -24.3 18 20.2
      vertex -6.11127 9.14616 20.2
      vertex -24.3036 18.1112 20.2
    endloop
  endfacet
  facet normal 0 0 1
    outer loop
      vertex -6.11127 9.14616 20.2
      vertex -24.3 18 20.2
      vertex -6.69637 8.72689 20.2
    endloop
  endfacet
  facet normal -0 0 1
    outer loop
      vertex -24.3036 17.8888 20.2
      vertex -6.69637 8.72689 20.2
      vertex -24.3 18 20.2
    endloop
  endfacet
  facet normal 0 0 1
    outer loop
      vertex -6.69637 8.72689 20.2
      vertex -24.3036 17.8888 20.2
      vertex -7.2528 8.27024 20.2
    endloop
  endfacet
  facet normal -0 0 1
    outer loop
      vertex -24.3145 17.7781 20.2
      vertex -7.2528 8.27024 20.2
      vertex -24.3036 17.8888 20.2
    endloop
  endfacet
  facet normal -0 0 1
    outer loop
      vertex -24.3327 17.6683 20.2
      vertex -7.2528 8.27024 20.2
      vertex -24.3145 17.7781 20.2
    endloop
  endfacet
  facet normal 0 0 1
    outer loop
      vertex -7.2528 8.27024 20.2
      vertex -24.3327 17.6683 20.2
      vertex -7.77817 7.77817 20.2
    endloop
  endfacet
  facet normal -0 0 1
    outer loop
      vertex -24.3579 17.56 20.2
      vertex -7.77817 7.77817 20.2
      vertex -24.3327 17.6683 20.2
    endloop
  endfacet
  facet normal -0 0 1
    outer loop
      vertex -24.3902 17.4536 20.2
      vertex -7.77817 7.77817 20.2
      vertex -24.3579 17.56 20.2
    endloop
  endfacet
  facet normal 0 0 1
    outer loop
      vertex -7.77817 7.77817 20.2
      vertex -24.3902 17.4536 20.2
      vertex -8.27024 7.2528 20.2
    endloop
  endfacet
  facet normal -0 0 1
    outer loop
      vertex -24.4294 17.3494 20.2
      vertex -8.27024 7.2528 20.2
      vertex -24.3902 17.4536 20.2
    endloop
  endfacet
  facet normal -0 0 1
    outer loop
      vertex -24.4753 17.2481 20.2
      vertex -8.27024 7.2528 20.2
      vertex -24.4294 17.3494 20.2
    endloop
  endfacet
  facet normal 0 0 1
    outer loop
      vertex -8.27024 7.2528 20.2
      vertex -24.4753 17.2481 20.2
      vertex -8.72689 6.69637 20.2
    endloop
  endfacet
  facet normal -0 0 1
    outer loop
      vertex -24.5278 17.15 20.2
      vertex -8.72689 6.69637 20.2
      vertex -24.4753 17.2481 20.2
    endloop
  endfacet
  facet normal -0.986646 0.16288 0
    outer loop
      vertex -40.6492 5.35157 14.2
      vertex -40.2122 7.9987 20.2
      vertex -40.2122 7.9987 14.2
    endloop
  endfacet
  facet normal -0.986646 0.16288 0
    outer loop
      vertex -40.2122 7.9987 20.2
      vertex -40.6492 5.35157 14.2
      vertex -40.6492 5.35157 20.2
    endloop
  endfacet
  facet normal -0.995184 0.098026 0
    outer loop
      vertex -40.9122 2.68153 14.2
      vertex -40.6492 5.35157 20.2
      vertex -40.6492 5.35157 14.2
    endloop
  endfacet
  facet normal -0.995184 0.098026 0
    outer loop
      vertex -40.6492 5.35157 20.2
      vertex -40.9122 2.68153 14.2
      vertex -40.9122 2.68153 20.2
    endloop
  endfacet
  facet normal -0.881915 0.471408 0
    outer loop
      vertex -36.7718 18.1338 14.2
      vertex -35.507 20.5 20.2
      vertex -35.507 20.5 14.2
    endloop
  endfacet
  facet normal -0.881915 0.471408 0
    outer loop
      vertex -35.507 20.5 20.2
      vertex -36.7718 18.1338 14.2
      vertex -36.7718 18.1338 20.2
    endloop
  endfacet
  facet normal -0.773008 0.634396 0
    outer loop
      vertex -32.5275 24.9592 14.2
      vertex -30.8254 27.0332 20.2
      vertex -30.8254 27.0332 14.2
    endloop
  endfacet
  facet normal -0.773008 0.634396 0
    outer loop
      vertex -30.8254 27.0332 20.2
      vertex -32.5275 24.9592 14.2
      vertex -32.5275 24.9592 20.2
    endloop
  endfacet
  facet normal -0.290315 0.956931 0
    outer loop
      vertex -10.6116 39.603 14.2
      vertex -13.179 38.8241 20.2
      vertex -10.6116 39.603 20.2
    endloop
  endfacet
  facet normal -0.290315 0.956931 0
    outer loop
      vertex -13.179 38.8241 20.2
      vertex -10.6116 39.603 14.2
      vertex -13.179 38.8241 14.2
    endloop
  endfacet
  facet normal -0.098026 0.995184 0
    outer loop
      vertex -2.68153 40.9122 14.2
      vertex -5.35157 40.6492 20.2
      vertex -2.68153 40.9122 20.2
    endloop
  endfacet
  facet normal -0.098026 0.995184 0
    outer loop
      vertex -5.35157 40.6492 20.2
      vertex -2.68153 40.9122 14.2
      vertex -5.35157 40.6492 14.2
    endloop
  endfacet
  facet normal -0.412716 0.91086 0
    outer loop
      vertex -15.69 37.8791 14.2
      vertex -18.1338 36.7718 20.2
      vertex -15.69 37.8791 20.2
    endloop
  endfacet
  facet normal -0.412716 0.91086 0
    outer loop
      vertex -18.1338 36.7718 20.2
      vertex -15.69 37.8791 14.2
      vertex -18.1338 36.7718 14.2
    endloop
  endfacet
  facet normal -0.634396 0.773008 0
    outer loop
      vertex -24.9592 32.5275 14.2
      vertex -27.0332 30.8254 20.2
      vertex -24.9592 32.5275 20.2
    endloop
  endfacet
  facet normal -0.634396 0.773008 0
    outer loop
      vertex -27.0332 30.8254 20.2
      vertex -24.9592 32.5275 14.2
      vertex -27.0332 30.8254 14.2
    endloop
  endfacet
  facet normal -0.582493 0.812836 0
    outer loop
      vertex -22.7784 34.0903 14.2
      vertex -24.9592 32.5275 20.2
      vertex -22.7784 34.0903 20.2
    endloop
  endfacet
  facet normal -0.582493 0.812836 0
    outer loop
      vertex -24.9592 32.5275 20.2
      vertex -22.7784 34.0903 14.2
      vertex -24.9592 32.5275 14.2
    endloop
  endfacet
  facet normal 0.999464 -0.032725 0
    outer loop
      vertex 40.9122 -2.68153 20.2
      vertex 41 0 14.2
      vertex 41 0 20.2
    endloop
  endfacet
  facet normal 0.999464 -0.032725 0
    outer loop
      vertex 41 0 14.2
      vertex 40.9122 -2.68153 20.2
      vertex 40.9122 -2.68153 14.2
    endloop
  endfacet
  facet normal 0.986646 -0.16288 0
    outer loop
      vertex 40.2122 -7.9987 20.2
      vertex 40.6492 -5.35157 14.2
      vertex 40.6492 -5.35157 20.2
    endloop
  endfacet
  facet normal 0.986646 -0.16288 0
    outer loop
      vertex 40.6492 -5.35157 14.2
      vertex 40.2122 -7.9987 20.2
      vertex 40.2122 -7.9987 14.2
    endloop
  endfacet
  facet normal 0.956931 -0.290315 0
    outer loop
      vertex 38.8241 -13.179 20.2
      vertex 39.603 -10.6116 14.2
      vertex 39.603 -10.6116 20.2
    endloop
  endfacet
  facet normal 0.956931 -0.290315 0
    outer loop
      vertex 39.603 -10.6116 14.2
      vertex 38.8241 -13.179 20.2
      vertex 38.8241 -13.179 14.2
    endloop
  endfacet
  facet normal 0.098026 -0.995184 0
    outer loop
      vertex 2.68153 -40.9122 14.2
      vertex 5.35157 -40.6492 20.2
      vertex 2.68153 -40.9122 20.2
    endloop
  endfacet
  facet normal 0.098026 -0.995184 0
    outer loop
      vertex 5.35157 -40.6492 20.2
      vertex 2.68153 -40.9122 14.2
      vertex 5.35157 -40.6492 14.2
    endloop
  endfacet
  facet normal 0.290315 -0.956931 0
    outer loop
      vertex 10.6116 -39.603 14.2
      vertex 13.179 -38.8241 20.2
      vertex 10.6116 -39.603 20.2
    endloop
  endfacet
  facet normal 0.290315 -0.956931 0
    outer loop
      vertex 13.179 -38.8241 20.2
      vertex 10.6116 -39.603 14.2
      vertex 13.179 -38.8241 14.2
    endloop
  endfacet
  facet normal 0.729874 -0.683581 0
    outer loop
      vertex 28.9914 -28.9914 20.2
      vertex 30.8254 -27.0332 14.2
      vertex 30.8254 -27.0332 20.2
    endloop
  endfacet
  facet normal 0.729874 -0.683581 0
    outer loop
      vertex 30.8254 -27.0332 14.2
      vertex 28.9914 -28.9914 20.2
      vertex 28.9914 -28.9914 14.2
    endloop
  endfacet
  facet normal 0.582493 -0.812836 0
    outer loop
      vertex 22.7784 -34.0903 14.2
      vertex 24.9592 -32.5275 20.2
      vertex 22.7784 -34.0903 20.2
    endloop
  endfacet
  facet normal 0.582493 -0.812836 0
    outer loop
      vertex 24.9592 -32.5275 20.2
      vertex 22.7784 -34.0903 14.2
      vertex 24.9592 -32.5275 14.2
    endloop
  endfacet
  facet normal 0.683581 -0.729874 0
    outer loop
      vertex 27.0332 -30.8254 14.2
      vertex 28.9914 -28.9914 20.2
      vertex 27.0332 -30.8254 20.2
    endloop
  endfacet
  facet normal 0.683581 -0.729874 0
    outer loop
      vertex 28.9914 -28.9914 20.2
      vertex 27.0332 -30.8254 14.2
      vertex 28.9914 -28.9914 14.2
    endloop
  endfacet
  facet normal 0.528041 -0.849219 0
    outer loop
      vertex 20.5 -35.507 14.2
      vertex 22.7784 -34.0903 20.2
      vertex 20.5 -35.507 20.2
    endloop
  endfacet
  facet normal 0.528041 -0.849219 0
    outer loop
      vertex 22.7784 -34.0903 20.2
      vertex 20.5 -35.507 14.2
      vertex 22.7784 -34.0903 14.2
    endloop
  endfacet
  facet normal 0.412716 -0.91086 0
    outer loop
      vertex 15.69 -37.8791 14.2
      vertex 18.1338 -36.7718 20.2
      vertex 15.69 -37.8791 20.2
    endloop
  endfacet
  facet normal 0.412716 -0.91086 0
    outer loop
      vertex 18.1338 -36.7718 20.2
      vertex 15.69 -37.8791 14.2
      vertex 18.1338 -36.7718 14.2
    endloop
  endfacet
  facet normal -0.352226 -0.935915 0
    outer loop
      vertex -15.69 -37.8791 14.2
      vertex -13.179 -38.8241 20.2
      vertex -15.69 -37.8791 20.2
    endloop
  endfacet
  facet normal -0.352226 -0.935915 -0
    outer loop
      vertex -13.179 -38.8241 20.2
      vertex -15.69 -37.8791 14.2
      vertex -13.179 -38.8241 14.2
    endloop
  endfacet
  facet normal -0.16288 -0.986646 0
    outer loop
      vertex -7.9987 -40.2122 14.2
      vertex -5.35157 -40.6492 20.2
      vertex -7.9987 -40.2122 20.2
    endloop
  endfacet
  facet normal -0.16288 -0.986646 -0
    outer loop
      vertex -5.35157 -40.6492 20.2
      vertex -7.9987 -40.2122 14.2
      vertex -5.35157 -40.6492 14.2
    endloop
  endfacet
  facet normal -0.227061 -0.973881 0
    outer loop
      vertex -10.6116 -39.603 14.2
      vertex -7.9987 -40.2122 20.2
      vertex -10.6116 -39.603 20.2
    endloop
  endfacet
  facet normal -0.227061 -0.973881 -0
    outer loop
      vertex -7.9987 -40.2122 20.2
      vertex -10.6116 -39.603 14.2
      vertex -7.9987 -40.2122 14.2
    endloop
  endfacet
  facet normal -0.471408 -0.881915 0
    outer loop
      vertex -20.5 -35.507 14.2
      vertex -18.1338 -36.7718 20.2
      vertex -20.5 -35.507 20.2
    endloop
  endfacet
  facet normal -0.471408 -0.881915 -0
    outer loop
      vertex -18.1338 -36.7718 20.2
      vertex -20.5 -35.507 14.2
      vertex -18.1338 -36.7718 14.2
    endloop
  endfacet
  facet normal -0.634396 -0.773008 0
    outer loop
      vertex -27.0332 -30.8254 14.2
      vertex -24.9592 -32.5275 20.2
      vertex -27.0332 -30.8254 20.2
    endloop
  endfacet
  facet normal -0.634396 -0.773008 -0
    outer loop
      vertex -24.9592 -32.5275 20.2
      vertex -27.0332 -30.8254 14.2
      vertex -24.9592 -32.5275 14.2
    endloop
  endfacet
  facet normal -0.956931 -0.290315 0
    outer loop
      vertex -38.8241 -13.179 14.2
      vertex -39.603 -10.6116 20.2
      vertex -39.603 -10.6116 14.2
    endloop
  endfacet
  facet normal -0.956931 -0.290315 0
    outer loop
      vertex -39.603 -10.6116 20.2
      vertex -38.8241 -13.179 14.2
      vertex -38.8241 -13.179 20.2
    endloop
  endfacet
  facet normal -0.995184 -0.098026 0
    outer loop
      vertex -40.6492 -5.35157 14.2
      vertex -40.9122 -2.68153 20.2
      vertex -40.9122 -2.68153 14.2
    endloop
  endfacet
  facet normal -0.995184 -0.098026 0
    outer loop
      vertex -40.9122 -2.68153 20.2
      vertex -40.6492 -5.35157 14.2
      vertex -40.6492 -5.35157 20.2
    endloop
  endfacet
  facet normal -0.849219 -0.528041 0
    outer loop
      vertex -34.0903 -22.7784 14.2
      vertex -35.507 -20.5 20.2
      vertex -35.507 -20.5 14.2
    endloop
  endfacet
  facet normal -0.849219 -0.528041 0
    outer loop
      vertex -35.507 -20.5 20.2
      vertex -34.0903 -22.7784 14.2
      vertex -34.0903 -22.7784 20.2
    endloop
  endfacet
  facet normal -0.91086 -0.412716 0
    outer loop
      vertex -36.7718 -18.1338 14.2
      vertex -37.8791 -15.69 20.2
      vertex -37.8791 -15.69 14.2
    endloop
  endfacet
  facet normal -0.91086 -0.412716 0
    outer loop
      vertex -37.8791 -15.69 20.2
      vertex -36.7718 -18.1338 14.2
      vertex -36.7718 -18.1338 20.2
    endloop
  endfacet
  facet normal -0.729874 -0.683581 0
    outer loop
      vertex -28.9914 -28.9914 14.2
      vertex -30.8254 -27.0332 20.2
      vertex -30.8254 -27.0332 14.2
    endloop
  endfacet
  facet normal -0.729874 -0.683581 0
    outer loop
      vertex -30.8254 -27.0332 20.2
      vertex -28.9914 -28.9914 14.2
      vertex -28.9914 -28.9914 20.2
    endloop
  endfacet
  facet normal -0.812836 -0.582493 0
    outer loop
      vertex -32.5275 -24.9592 14.2
      vertex -34.0903 -22.7784 20.2
      vertex -34.0903 -22.7784 14.2
    endloop
  endfacet
  facet normal -0.812836 -0.582493 0
    outer loop
      vertex -34.0903 -22.7784 20.2
      vertex -32.5275 -24.9592 14.2
      vertex -32.5275 -24.9592 20.2
    endloop
  endfacet
  facet normal 0.995184 -0.098026 0
    outer loop
      vertex 40.6492 -5.35157 20.2
      vertex 40.9122 -2.68153 14.2
      vertex 40.9122 -2.68153 20.2
    endloop
  endfacet
  facet normal 0.995184 -0.098026 0
    outer loop
      vertex 40.9122 -2.68153 14.2
      vertex 40.6492 -5.35157 20.2
      vertex 40.6492 -5.35157 14.2
    endloop
  endfacet
  facet normal 0.973881 -0.227061 0
    outer loop
      vertex 39.603 -10.6116 20.2
      vertex 40.2122 -7.9987 14.2
      vertex 40.2122 -7.9987 20.2
    endloop
  endfacet
  facet normal 0.973881 -0.227061 0
    outer loop
      vertex 40.2122 -7.9987 14.2
      vertex 39.603 -10.6116 20.2
      vertex 39.603 -10.6116 14.2
    endloop
  endfacet
  facet normal 0.881915 -0.471408 0
    outer loop
      vertex 35.507 -20.5 20.2
      vertex 36.7718 -18.1338 14.2
      vertex 36.7718 -18.1338 20.2
    endloop
  endfacet
  facet normal 0.881915 -0.471408 0
    outer loop
      vertex 36.7718 -18.1338 14.2
      vertex 35.507 -20.5 20.2
      vertex 35.507 -20.5 14.2
    endloop
  endfacet
  facet normal 0.849219 -0.528041 0
    outer loop
      vertex 34.0903 -22.7784 20.2
      vertex 35.507 -20.5 14.2
      vertex 35.507 -20.5 20.2
    endloop
  endfacet
  facet normal 0.849219 -0.528041 0
    outer loop
      vertex 35.507 -20.5 14.2
      vertex 34.0903 -22.7784 20.2
      vertex 34.0903 -22.7784 14.2
    endloop
  endfacet
  facet normal 0.352226 -0.935915 0
    outer loop
      vertex 13.179 -38.8241 14.2
      vertex 15.69 -37.8791 20.2
      vertex 13.179 -38.8241 20.2
    endloop
  endfacet
  facet normal 0.352226 -0.935915 0
    outer loop
      vertex 15.69 -37.8791 20.2
      vertex 13.179 -38.8241 14.2
      vertex 15.69 -37.8791 14.2
    endloop
  endfacet
  facet normal 0.634396 -0.773008 0
    outer loop
      vertex 24.9592 -32.5275 14.2
      vertex 27.0332 -30.8254 20.2
      vertex 24.9592 -32.5275 20.2
    endloop
  endfacet
  facet normal 0.634396 -0.773008 0
    outer loop
      vertex 27.0332 -30.8254 20.2
      vertex 24.9592 -32.5275 14.2
      vertex 27.0332 -30.8254 14.2
    endloop
  endfacet
  facet normal 0.471408 -0.881915 0
    outer loop
      vertex 18.1338 -36.7718 14.2
      vertex 20.5 -35.507 20.2
      vertex 18.1338 -36.7718 20.2
    endloop
  endfacet
  facet normal 0.471408 -0.881915 0
    outer loop
      vertex 20.5 -35.507 20.2
      vertex 18.1338 -36.7718 14.2
      vertex 20.5 -35.507 14.2
    endloop
  endfacet
  facet normal -0.098026 -0.995184 0
    outer loop
      vertex -5.35157 -40.6492 14.2
      vertex -2.68153 -40.9122 20.2
      vertex -5.35157 -40.6492 20.2
    endloop
  endfacet
  facet normal -0.098026 -0.995184 -0
    outer loop
      vertex -2.68153 -40.9122 20.2
      vertex -5.35157 -40.6492 14.2
      vertex -2.68153 -40.9122 14.2
    endloop
  endfacet
  facet normal -0.290315 -0.956931 0
    outer loop
      vertex -13.179 -38.8241 14.2
      vertex -10.6116 -39.603 20.2
      vertex -13.179 -38.8241 20.2
    endloop
  endfacet
  facet normal -0.290315 -0.956931 -0
    outer loop
      vertex -10.6116 -39.603 20.2
      vertex -13.179 -38.8241 14.2
      vertex -10.6116 -39.603 14.2
    endloop
  endfacet
  facet normal -0.412716 -0.91086 0
    outer loop
      vertex -18.1338 -36.7718 14.2
      vertex -15.69 -37.8791 20.2
      vertex -18.1338 -36.7718 20.2
    endloop
  endfacet
  facet normal -0.412716 -0.91086 -0
    outer loop
      vertex -15.69 -37.8791 20.2
      vertex -18.1338 -36.7718 14.2
      vertex -15.69 -37.8791 14.2
    endloop
  endfacet
  facet normal -0.935915 -0.352226 0
    outer loop
      vertex -37.8791 -15.69 14.2
      vertex -38.8241 -13.179 20.2
      vertex -38.8241 -13.179 14.2
    endloop
  endfacet
  facet normal -0.935915 -0.352226 0
    outer loop
      vertex -38.8241 -13.179 20.2
      vertex -37.8791 -15.69 14.2
      vertex -37.8791 -15.69 20.2
    endloop
  endfacet
  facet normal -0.986646 -0.16288 0
    outer loop
      vertex -40.2122 -7.9987 14.2
      vertex -40.6492 -5.35157 20.2
      vertex -40.6492 -5.35157 14.2
    endloop
  endfacet
  facet normal -0.986646 -0.16288 0
    outer loop
      vertex -40.6492 -5.35157 20.2
      vertex -40.2122 -7.9987 14.2
      vertex -40.2122 -7.9987 20.2
    endloop
  endfacet
  facet normal -0.881915 -0.471408 0
    outer loop
      vertex -35.507 -20.5 14.2
      vertex -36.7718 -18.1338 20.2
      vertex -36.7718 -18.1338 14.2
    endloop
  endfacet
  facet normal -0.881915 -0.471408 0
    outer loop
      vertex -36.7718 -18.1338 20.2
      vertex -35.507 -20.5 14.2
      vertex -35.507 -20.5 20.2
    endloop
  endfacet
  facet normal -0.773008 -0.634396 0
    outer loop
      vertex -30.8254 -27.0332 14.2
      vertex -32.5275 -24.9592 20.2
      vertex -32.5275 -24.9592 14.2
    endloop
  endfacet
  facet normal -0.773008 -0.634396 0
    outer loop
      vertex -32.5275 -24.9592 20.2
      vertex -30.8254 -27.0332 14.2
      vertex -30.8254 -27.0332 20.2
    endloop
  endfacet
  facet normal 0.91086 -0.412716 0
    outer loop
      vertex 36.7718 -18.1338 20.2
      vertex 37.8791 -15.69 14.2
      vertex 37.8791 -15.69 20.2
    endloop
  endfacet
  facet normal 0.91086 -0.412716 0
    outer loop
      vertex 37.8791 -15.69 14.2
      vertex 36.7718 -18.1338 20.2
      vertex 36.7718 -18.1338 14.2
    endloop
  endfacet
  facet normal 0.812836 -0.582493 0
    outer loop
      vertex 32.5275 -24.9592 20.2
      vertex 34.0903 -22.7784 14.2
      vertex 34.0903 -22.7784 20.2
    endloop
  endfacet
  facet normal 0.812836 -0.582493 0
    outer loop
      vertex 34.0903 -22.7784 14.2
      vertex 32.5275 -24.9592 20.2
      vertex 32.5275 -24.9592 14.2
    endloop
  endfacet
  facet normal -0.683598 -0.729859 0
    outer loop
      vertex 7.2528 8.27024 3.5
      vertex 7.77817 7.77817 20.2
      vertex 7.2528 8.27024 20.2
    endloop
  endfacet
  facet normal -0.683598 -0.729859 -0
    outer loop
      vertex 7.77817 7.77817 20.2
      vertex 7.2528 8.27024 3.5
      vertex 7.77817 7.77817 3.5
    endloop
  endfacet
  facet normal -0.683598 -0.729859 0
    outer loop
      vertex 7.2528 8.27024 0
      vertex 7.77817 7.77817 0.5
      vertex 7.2528 8.27024 0.5
    endloop
  endfacet
  facet normal -0.683598 -0.729859 -0
    outer loop
      vertex 7.77817 7.77817 0.5
      vertex 7.2528 8.27024 0
      vertex 7.77817 7.77817 0
    endloop
  endfacet
  facet normal 0.352178 -0.935933 0
    outer loop
      vertex -4.20952 10.1627 3.5
      vertex -3.53583 10.4162 20.2
      vertex -4.20952 10.1627 20.2
    endloop
  endfacet
  facet normal 0.352178 -0.935933 0
    outer loop
      vertex -3.53583 10.4162 20.2
      vertex -4.20952 10.1627 3.5
      vertex -3.53583 10.4162 3.5
    endloop
  endfacet
  facet normal 0.352178 -0.935933 0
    outer loop
      vertex -4.20952 10.1627 0
      vertex -3.53583 10.4162 0.5
      vertex -4.20952 10.1627 0.5
    endloop
  endfacet
  facet normal 0.352178 -0.935933 0
    outer loop
      vertex -3.53583 10.4162 0.5
      vertex -4.20952 10.1627 0
      vertex -3.53583 10.4162 0
    endloop
  endfacet
  facet normal 0.910851 -0.412735 0
    outer loop
      vertex -10.1627 4.20952 20.2
      vertex -9.8656 4.86518 3.5
      vertex -9.8656 4.86518 20.2
    endloop
  endfacet
  facet normal 0.910851 -0.412735 0
    outer loop
      vertex -9.8656 4.86518 3.5
      vertex -10.1627 4.20952 20.2
      vertex -10.1627 4.20952 3.5
    endloop
  endfacet
  facet normal 0.910851 -0.412735 0
    outer loop
      vertex -10.1627 4.20952 0.5
      vertex -9.8656 4.86518 0
      vertex -9.8656 4.86518 0.5
    endloop
  endfacet
  facet normal 0.910851 -0.412735 0
    outer loop
      vertex -9.8656 4.86518 0
      vertex -10.1627 4.20952 0.5
      vertex -10.1627 4.20952 0
    endloop
  endfacet
  facet normal -0.995192 0.0979416 0
    outer loop
      vertex 10.9059 -1.43579 3.5
      vertex 10.9764 -0.719434 20.2
      vertex 10.9764 -0.719434 3.5
    endloop
  endfacet
  facet normal -0.995192 0.0979416 0
    outer loop
      vertex 10.9764 -0.719434 20.2
      vertex 10.9059 -1.43579 3.5
      vertex 10.9059 -1.43579 20.2
    endloop
  endfacet
  facet normal -0.995192 0.0979416 0
    outer loop
      vertex 10.9059 -1.43579 0
      vertex 10.9764 -0.719434 0.5
      vertex 10.9764 -0.719434 0
    endloop
  endfacet
  facet normal -0.995192 0.0979416 0
    outer loop
      vertex 10.9764 -0.719434 0.5
      vertex 10.9059 -1.43579 0
      vertex 10.9059 -1.43579 0.5
    endloop
  endfacet
  facet normal -0.88192 -0.471399 0
    outer loop
      vertex 9.8656 4.86518 3.5
      vertex 9.52628 5.5 20.2
      vertex 9.52628 5.5 3.5
    endloop
  endfacet
  facet normal -0.88192 -0.471399 0
    outer loop
      vertex 9.52628 5.5 20.2
      vertex 9.8656 4.86518 3.5
      vertex 9.8656 4.86518 20.2
    endloop
  endfacet
  facet normal -0.88192 -0.471399 0
    outer loop
      vertex 9.8656 4.86518 0
      vertex 9.52628 5.5 0.5
      vertex 9.52628 5.5 0
    endloop
  endfacet
  facet normal -0.88192 -0.471399 0
    outer loop
      vertex 9.52628 5.5 0.5
      vertex 9.8656 4.86518 0
      vertex 9.8656 4.86518 0.5
    endloop
  endfacet
  facet normal -0.412735 -0.910851 0
    outer loop
      vertex 4.20952 10.1627 3.5
      vertex 4.86518 9.8656 20.2
      vertex 4.20952 10.1627 20.2
    endloop
  endfacet
  facet normal -0.412735 -0.910851 -0
    outer loop
      vertex 4.86518 9.8656 20.2
      vertex 4.20952 10.1627 3.5
      vertex 4.86518 9.8656 3.5
    endloop
  endfacet
  facet normal -0.412735 -0.910851 0
    outer loop
      vertex 4.20952 10.1627 0
      vertex 4.86518 9.8656 0.5
      vertex 4.20952 10.1627 0.5
    endloop
  endfacet
  facet normal -0.412735 -0.910851 -0
    outer loop
      vertex 4.86518 9.8656 0.5
      vertex 4.20952 10.1627 0
      vertex 4.86518 9.8656 0
    endloop
  endfacet
  facet normal -0.162957 -0.986633 0
    outer loop
      vertex 1.43579 10.9059 3.5
      vertex 2.14599 10.7886 20.2
      vertex 1.43579 10.9059 20.2
    endloop
  endfacet
  facet normal -0.162957 -0.986633 -0
    outer loop
      vertex 2.14599 10.7886 20.2
      vertex 1.43579 10.9059 3.5
      vertex 2.14599 10.7886 3.5
    endloop
  endfacet
  facet normal -0.162957 -0.986633 0
    outer loop
      vertex 1.43579 10.9059 0
      vertex 2.14599 10.7886 0.5
      vertex 1.43579 10.9059 0.5
    endloop
  endfacet
  facet normal -0.162957 -0.986633 -0
    outer loop
      vertex 2.14599 10.7886 0.5
      vertex 1.43579 10.9059 0
      vertex 2.14599 10.7886 0
    endloop
  endfacet
  facet normal 0.986633 -0.162957 0
    outer loop
      vertex -10.9059 1.43579 20.2
      vertex -10.7886 2.14599 3.5
      vertex -10.7886 2.14599 20.2
    endloop
  endfacet
  facet normal 0.986633 -0.162957 0
    outer loop
      vertex -10.7886 2.14599 3.5
      vertex -10.9059 1.43579 20.2
      vertex -10.9059 1.43579 3.5
    endloop
  endfacet
  facet normal 0.986633 -0.162957 0
    outer loop
      vertex -10.9059 1.43579 0.5
      vertex -10.7886 2.14599 0
      vertex -10.7886 2.14599 0.5
    endloop
  endfacet
  facet normal 0.986633 -0.162957 0
    outer loop
      vertex -10.7886 2.14599 0
      vertex -10.9059 1.43579 0.5
      vertex -10.9059 1.43579 0
    endloop
  endfacet
  facet normal 0.729859 -0.683598 0
    outer loop
      vertex -8.27024 7.2528 20.2
      vertex -7.77817 7.77817 3.5
      vertex -7.77817 7.77817 20.2
    endloop
  endfacet
  facet normal 0.729859 -0.683598 0
    outer loop
      vertex -7.77817 7.77817 3.5
      vertex -8.27024 7.2528 20.2
      vertex -8.27024 7.2528 3.5
    endloop
  endfacet
  facet normal 0.729859 -0.683598 0
    outer loop
      vertex -8.27024 7.2528 0.5
      vertex -7.77817 7.77817 0
      vertex -7.77817 7.77817 0.5
    endloop
  endfacet
  facet normal 0.729859 -0.683598 0
    outer loop
      vertex -7.77817 7.77817 0
      vertex -8.27024 7.2528 0.5
      vertex -8.27024 7.2528 0
    endloop
  endfacet
  facet normal 0.162957 -0.986633 0
    outer loop
      vertex -2.14599 10.7886 3.5
      vertex -1.43579 10.9059 20.2
      vertex -2.14599 10.7886 20.2
    endloop
  endfacet
  facet normal 0.162957 -0.986633 0
    outer loop
      vertex -1.43579 10.9059 20.2
      vertex -2.14599 10.7886 3.5
      vertex -1.43579 10.9059 3.5
    endloop
  endfacet
  facet normal 0.162957 -0.986633 0
    outer loop
      vertex -2.14599 10.7886 0
      vertex -1.43579 10.9059 0.5
      vertex -2.14599 10.7886 0.5
    endloop
  endfacet
  facet normal 0.162957 -0.986633 0
    outer loop
      vertex -1.43579 10.9059 0.5
      vertex -2.14599 10.7886 0
      vertex -1.43579 10.9059 0
    endloop
  endfacet
  facet normal -0.935933 0.352178 0
    outer loop
      vertex 10.1627 -4.20952 3.5
      vertex 10.4162 -3.53583 20.2
      vertex 10.4162 -3.53583 3.5
    endloop
  endfacet
  facet normal -0.935933 0.352178 0
    outer loop
      vertex 10.4162 -3.53583 20.2
      vertex 10.1627 -4.20952 3.5
      vertex 10.1627 -4.20952 20.2
    endloop
  endfacet
  facet normal -0.935933 0.352178 0
    outer loop
      vertex 10.1627 -4.20952 0
      vertex 10.4162 -3.53583 0.5
      vertex 10.4162 -3.53583 0
    endloop
  endfacet
  facet normal -0.935933 0.352178 0
    outer loop
      vertex 10.4162 -3.53583 0.5
      vertex 10.1627 -4.20952 0
      vertex 10.1627 -4.20952 0.5
    endloop
  endfacet
  facet normal -0.352178 0.935933 0
    outer loop
      vertex 4.20952 -10.1627 3.5
      vertex 3.53583 -10.4162 20.2
      vertex 4.20952 -10.1627 20.2
    endloop
  endfacet
  facet normal -0.352178 0.935933 0
    outer loop
      vertex 3.53583 -10.4162 20.2
      vertex 4.20952 -10.1627 3.5
      vertex 3.53583 -10.4162 3.5
    endloop
  endfacet
  facet normal -0.352178 0.935933 0
    outer loop
      vertex 4.20952 -10.1627 0
      vertex 3.53583 -10.4162 0.5
      vertex 4.20952 -10.1627 0.5
    endloop
  endfacet
  facet normal -0.352178 0.935933 0
    outer loop
      vertex 3.53583 -10.4162 0.5
      vertex 4.20952 -10.1627 0
      vertex 3.53583 -10.4162 0
    endloop
  endfacet
  facet normal 0.162957 0.986633 -0
    outer loop
      vertex -1.43579 -10.9059 3.5
      vertex -2.14599 -10.7886 20.2
      vertex -1.43579 -10.9059 20.2
    endloop
  endfacet
  facet normal 0.162957 0.986633 0
    outer loop
      vertex -2.14599 -10.7886 20.2
      vertex -1.43579 -10.9059 3.5
      vertex -2.14599 -10.7886 3.5
    endloop
  endfacet
  facet normal 0.162957 0.986633 -0
    outer loop
      vertex -1.43579 -10.9059 0
      vertex -2.14599 -10.7886 0.5
      vertex -1.43579 -10.9059 0.5
    endloop
  endfacet
  facet normal 0.162957 0.986633 0
    outer loop
      vertex -2.14599 -10.7886 0.5
      vertex -1.43579 -10.9059 0
      vertex -2.14599 -10.7886 0
    endloop
  endfacet
  facet normal 0.683598 0.729859 -0
    outer loop
      vertex -7.2528 -8.27024 3.5
      vertex -7.77817 -7.77817 20.2
      vertex -7.2528 -8.27024 20.2
    endloop
  endfacet
  facet normal 0.683598 0.729859 0
    outer loop
      vertex -7.77817 -7.77817 20.2
      vertex -7.2528 -8.27024 3.5
      vertex -7.77817 -7.77817 3.5
    endloop
  endfacet
  facet normal 0.683598 0.729859 -0
    outer loop
      vertex -7.2528 -8.27024 0
      vertex -7.77817 -7.77817 0.5
      vertex -7.2528 -8.27024 0.5
    endloop
  endfacet
  facet normal 0.683598 0.729859 0
    outer loop
      vertex -7.77817 -7.77817 0.5
      vertex -7.2528 -8.27024 0
      vertex -7.77817 -7.77817 0
    endloop
  endfacet
  facet normal 0.986633 0.162957 0
    outer loop
      vertex -10.7886 -2.14599 20.2
      vertex -10.9059 -1.43579 3.5
      vertex -10.9059 -1.43579 20.2
    endloop
  endfacet
  facet normal 0.986633 0.162957 0
    outer loop
      vertex -10.9059 -1.43579 3.5
      vertex -10.7886 -2.14599 20.2
      vertex -10.7886 -2.14599 3.5
    endloop
  endfacet
  facet normal 0.986633 0.162957 0
    outer loop
      vertex -10.7886 -2.14599 0.5
      vertex -10.9059 -1.43579 0
      vertex -10.9059 -1.43579 0.5
    endloop
  endfacet
  facet normal 0.986633 0.162957 0
    outer loop
      vertex -10.9059 -1.43579 0
      vertex -10.7886 -2.14599 0.5
      vertex -10.7886 -2.14599 0
    endloop
  endfacet
  facet normal -0.995192 -0.0979416 0
    outer loop
      vertex 10.9764 0.719434 3.5
      vertex 10.9059 1.43579 20.2
      vertex 10.9059 1.43579 3.5
    endloop
  endfacet
  facet normal -0.995192 -0.0979416 0
    outer loop
      vertex 10.9059 1.43579 20.2
      vertex 10.9764 0.719434 3.5
      vertex 10.9764 0.719434 20.2
    endloop
  endfacet
  facet normal -0.995192 -0.0979416 0
    outer loop
      vertex 10.9764 0.719434 0
      vertex 10.9059 1.43579 0.5
      vertex 10.9059 1.43579 0
    endloop
  endfacet
  facet normal -0.995192 -0.0979416 0
    outer loop
      vertex 10.9059 1.43579 0.5
      vertex 10.9764 0.719434 0
      vertex 10.9764 0.719434 0.5
    endloop
  endfacet
  facet normal -0.973894 -0.227004 0
    outer loop
      vertex 10.7886 2.14599 3.5
      vertex 10.6252 2.84701 20.2
      vertex 10.6252 2.84701 3.5
    endloop
  endfacet
  facet normal -0.973894 -0.227004 0
    outer loop
      vertex 10.6252 2.84701 20.2
      vertex 10.7886 2.14599 3.5
      vertex 10.7886 2.14599 20.2
    endloop
  endfacet
  facet normal -0.973894 -0.227004 0
    outer loop
      vertex 10.7886 2.14599 0
      vertex 10.6252 2.84701 0.5
      vertex 10.6252 2.84701 0
    endloop
  endfacet
  facet normal -0.973894 -0.227004 0
    outer loop
      vertex 10.6252 2.84701 0.5
      vertex 10.7886 2.14599 0
      vertex 10.7886 2.14599 0.5
    endloop
  endfacet
  facet normal -0.956922 -0.290347 0
    outer loop
      vertex 10.6252 2.84701 3.5
      vertex 10.4162 3.53583 20.2
      vertex 10.4162 3.53583 3.5
    endloop
  endfacet
  facet normal -0.956922 -0.290347 0
    outer loop
      vertex 10.4162 3.53583 20.2
      vertex 10.6252 2.84701 3.5
      vertex 10.6252 2.84701 20.2
    endloop
  endfacet
  facet normal -0.956922 -0.290347 0
    outer loop
      vertex 10.6252 2.84701 0
      vertex 10.4162 3.53583 0.5
      vertex 10.4162 3.53583 0
    endloop
  endfacet
  facet normal -0.956922 -0.290347 0
    outer loop
      vertex 10.4162 3.53583 0.5
      vertex 10.6252 2.84701 0
      vertex 10.6252 2.84701 0.5
    endloop
  endfacet
  facet normal -0.849197 -0.528076 0
    outer loop
      vertex 9.52628 5.5 3.5
      vertex 9.14616 6.11127 20.2
      vertex 9.14616 6.11127 3.5
    endloop
  endfacet
  facet normal -0.849197 -0.528076 0
    outer loop
      vertex 9.14616 6.11127 20.2
      vertex 9.52628 5.5 3.5
      vertex 9.52628 5.5 20.2
    endloop
  endfacet
  facet normal -0.849197 -0.528076 0
    outer loop
      vertex 9.52628 5.5 0
      vertex 9.14616 6.11127 0.5
      vertex 9.14616 6.11127 0
    endloop
  endfacet
  facet normal -0.849197 -0.528076 0
    outer loop
      vertex 9.14616 6.11127 0.5
      vertex 9.52628 5.5 0
      vertex 9.52628 5.5 0.5
    endloop
  endfacet
  facet normal -0.729859 -0.683598 0
    outer loop
      vertex 8.27024 7.2528 3.5
      vertex 7.77817 7.77817 20.2
      vertex 7.77817 7.77817 3.5
    endloop
  endfacet
  facet normal -0.729859 -0.683598 0
    outer loop
      vertex 7.77817 7.77817 20.2
      vertex 8.27024 7.2528 3.5
      vertex 8.27024 7.2528 20.2
    endloop
  endfacet
  facet normal -0.729859 -0.683598 0
    outer loop
      vertex 8.27024 7.2528 0
      vertex 7.77817 7.77817 0.5
      vertex 7.77817 7.77817 0
    endloop
  endfacet
  facet normal -0.729859 -0.683598 0
    outer loop
      vertex 7.77817 7.77817 0.5
      vertex 8.27024 7.2528 0
      vertex 8.27024 7.2528 0.5
    endloop
  endfacet
  facet normal -0.582472 -0.812851 0
    outer loop
      vertex 6.11127 9.14616 3.5
      vertex 6.69637 8.72689 20.2
      vertex 6.11127 9.14616 20.2
    endloop
  endfacet
  facet normal -0.582472 -0.812851 -0
    outer loop
      vertex 6.69637 8.72689 20.2
      vertex 6.11127 9.14616 3.5
      vertex 6.69637 8.72689 3.5
    endloop
  endfacet
  facet normal -0.582472 -0.812851 0
    outer loop
      vertex 6.11127 9.14616 0
      vertex 6.69637 8.72689 0.5
      vertex 6.11127 9.14616 0.5
    endloop
  endfacet
  facet normal -0.582472 -0.812851 -0
    outer loop
      vertex 6.69637 8.72689 0.5
      vertex 6.11127 9.14616 0
      vertex 6.69637 8.72689 0
    endloop
  endfacet
  facet normal -0.227004 -0.973894 0
    outer loop
      vertex 2.14599 10.7886 3.5
      vertex 2.84701 10.6252 20.2
      vertex 2.14599 10.7886 20.2
    endloop
  endfacet
  facet normal -0.227004 -0.973894 -0
    outer loop
      vertex 2.84701 10.6252 20.2
      vertex 2.14599 10.7886 3.5
      vertex 2.84701 10.6252 3.5
    endloop
  endfacet
  facet normal -0.227004 -0.973894 0
    outer loop
      vertex 2.14599 10.7886 0
      vertex 2.84701 10.6252 0.5
      vertex 2.14599 10.7886 0.5
    endloop
  endfacet
  facet normal -0.227004 -0.973894 -0
    outer loop
      vertex 2.84701 10.6252 0.5
      vertex 2.14599 10.7886 0
      vertex 2.84701 10.6252 0
    endloop
  endfacet
  facet normal 0.973894 -0.227004 0
    outer loop
      vertex -10.7886 2.14599 20.2
      vertex -10.6252 2.84701 3.5
      vertex -10.6252 2.84701 20.2
    endloop
  endfacet
  facet normal 0.973894 -0.227004 0
    outer loop
      vertex -10.6252 2.84701 3.5
      vertex -10.7886 2.14599 20.2
      vertex -10.7886 2.14599 3.5
    endloop
  endfacet
  facet normal 0.973894 -0.227004 0
    outer loop
      vertex -10.7886 2.14599 0.5
      vertex -10.6252 2.84701 0
      vertex -10.6252 2.84701 0.5
    endloop
  endfacet
  facet normal 0.973894 -0.227004 0
    outer loop
      vertex -10.6252 2.84701 0
      vertex -10.7886 2.14599 0.5
      vertex -10.7886 2.14599 0
    endloop
  endfacet
  facet normal 0.812851 -0.582472 0
    outer loop
      vertex -9.14616 6.11127 20.2
      vertex -8.72689 6.69637 3.5
      vertex -8.72689 6.69637 20.2
    endloop
  endfacet
  facet normal 0.812851 -0.582472 0
    outer loop
      vertex -8.72689 6.69637 3.5
      vertex -9.14616 6.11127 20.2
      vertex -9.14616 6.11127 3.5
    endloop
  endfacet
  facet normal 0.812851 -0.582472 0
    outer loop
      vertex -9.14616 6.11127 0.5
      vertex -8.72689 6.69637 0
      vertex -8.72689 6.69637 0.5
    endloop
  endfacet
  facet normal 0.812851 -0.582472 0
    outer loop
      vertex -8.72689 6.69637 0
      vertex -9.14616 6.11127 0.5
      vertex -9.14616 6.11127 0
    endloop
  endfacet
  facet normal 0.227004 -0.973894 0
    outer loop
      vertex -2.84701 10.6252 3.5
      vertex -2.14599 10.7886 20.2
      vertex -2.84701 10.6252 20.2
    endloop
  endfacet
  facet normal 0.227004 -0.973894 0
    outer loop
      vertex -2.14599 10.7886 20.2
      vertex -2.84701 10.6252 3.5
      vertex -2.14599 10.7886 3.5
    endloop
  endfacet
  facet normal 0.227004 -0.973894 0
    outer loop
      vertex -2.84701 10.6252 0
      vertex -2.14599 10.7886 0.5
      vertex -2.84701 10.6252 0.5
    endloop
  endfacet
  facet normal 0.227004 -0.973894 0
    outer loop
      vertex -2.14599 10.7886 0.5
      vertex -2.84701 10.6252 0
      vertex -2.14599 10.7886 0
    endloop
  endfacet
  facet normal 0.528076 -0.849197 0
    outer loop
      vertex -6.11127 9.14616 3.5
      vertex -5.5 9.52628 20.2
      vertex -6.11127 9.14616 20.2
    endloop
  endfacet
  facet normal 0.528076 -0.849197 0
    outer loop
      vertex -5.5 9.52628 20.2
      vertex -6.11127 9.14616 3.5
      vertex -5.5 9.52628 3.5
    endloop
  endfacet
  facet normal 0.528076 -0.849197 0
    outer loop
      vertex -6.11127 9.14616 0
      vertex -5.5 9.52628 0.5
      vertex -6.11127 9.14616 0.5
    endloop
  endfacet
  facet normal 0.528076 -0.849197 0
    outer loop
      vertex -5.5 9.52628 0.5
      vertex -6.11127 9.14616 0
      vertex -5.5 9.52628 0
    endloop
  endfacet
  facet normal 0.412735 -0.910851 0
    outer loop
      vertex -4.86518 9.8656 3.5
      vertex -4.20952 10.1627 20.2
      vertex -4.86518 9.8656 20.2
    endloop
  endfacet
  facet normal 0.412735 -0.910851 0
    outer loop
      vertex -4.20952 10.1627 20.2
      vertex -4.86518 9.8656 3.5
      vertex -4.20952 10.1627 3.5
    endloop
  endfacet
  facet normal 0.412735 -0.910851 0
    outer loop
      vertex -4.86518 9.8656 0
      vertex -4.20952 10.1627 0.5
      vertex -4.86518 9.8656 0.5
    endloop
  endfacet
  facet normal 0.412735 -0.910851 0
    outer loop
      vertex -4.20952 10.1627 0.5
      vertex -4.86518 9.8656 0
      vertex -4.20952 10.1627 0
    endloop
  endfacet
  facet normal 0.683598 -0.729859 0
    outer loop
      vertex -7.77817 7.77817 3.5
      vertex -7.2528 8.27024 20.2
      vertex -7.77817 7.77817 20.2
    endloop
  endfacet
  facet normal 0.683598 -0.729859 0
    outer loop
      vertex -7.2528 8.27024 20.2
      vertex -7.77817 7.77817 3.5
      vertex -7.2528 8.27024 3.5
    endloop
  endfacet
  facet normal 0.683598 -0.729859 0
    outer loop
      vertex -7.77817 7.77817 0
      vertex -7.2528 8.27024 0.5
      vertex -7.77817 7.77817 0.5
    endloop
  endfacet
  facet normal 0.683598 -0.729859 0
    outer loop
      vertex -7.2528 8.27024 0.5
      vertex -7.77817 7.77817 0
      vertex -7.2528 8.27024 0
    endloop
  endfacet
  facet normal -0.999462 -0.0327859 0
    outer loop
      vertex 11 0 3.5
      vertex 10.9764 0.719434 20.2
      vertex 10.9764 0.719434 3.5
    endloop
  endfacet
  facet normal -0.999462 -0.0327859 0
    outer loop
      vertex 10.9764 0.719434 20.2
      vertex 11 0 3.5
      vertex 11 0 20.2
    endloop
  endfacet
  facet normal -0.999462 -0.0327859 0
    outer loop
      vertex 11 0 0
      vertex 10.9764 0.719434 0.5
      vertex 10.9764 0.719434 0
    endloop
  endfacet
  facet normal -0.999462 -0.0327859 0
    outer loop
      vertex 10.9764 0.719434 0.5
      vertex 11 0 0
      vertex 11 0 0.5
    endloop
  endfacet
  facet normal -0.162957 0.986633 0
    outer loop
      vertex 2.14599 -10.7886 3.5
      vertex 1.43579 -10.9059 20.2
      vertex 2.14599 -10.7886 20.2
    endloop
  endfacet
  facet normal -0.162957 0.986633 0
    outer loop
      vertex 1.43579 -10.9059 20.2
      vertex 2.14599 -10.7886 3.5
      vertex 1.43579 -10.9059 3.5
    endloop
  endfacet
  facet normal -0.162957 0.986633 0
    outer loop
      vertex 2.14599 -10.7886 0
      vertex 1.43579 -10.9059 0.5
      vertex 2.14599 -10.7886 0.5
    endloop
  endfacet
  facet normal -0.162957 0.986633 0
    outer loop
      vertex 1.43579 -10.9059 0.5
      vertex 2.14599 -10.7886 0
      vertex 1.43579 -10.9059 0
    endloop
  endfacet
  facet normal -0.956922 0.290347 0
    outer loop
      vertex 10.4162 -3.53583 3.5
      vertex 10.6252 -2.84701 20.2
      vertex 10.6252 -2.84701 3.5
    endloop
  endfacet
  facet normal -0.956922 0.290347 0
    outer loop
      vertex 10.6252 -2.84701 20.2
      vertex 10.4162 -3.53583 3.5
      vertex 10.4162 -3.53583 20.2
    endloop
  endfacet
  facet normal -0.956922 0.290347 0
    outer loop
      vertex 10.4162 -3.53583 0
      vertex 10.6252 -2.84701 0.5
      vertex 10.6252 -2.84701 0
    endloop
  endfacet
  facet normal -0.956922 0.290347 0
    outer loop
      vertex 10.6252 -2.84701 0.5
      vertex 10.4162 -3.53583 0
      vertex 10.4162 -3.53583 0.5
    endloop
  endfacet
  facet normal -0.729859 0.683598 0
    outer loop
      vertex 7.77817 -7.77817 3.5
      vertex 8.27024 -7.2528 20.2
      vertex 8.27024 -7.2528 3.5
    endloop
  endfacet
  facet normal -0.729859 0.683598 0
    outer loop
      vertex 8.27024 -7.2528 20.2
      vertex 7.77817 -7.77817 3.5
      vertex 7.77817 -7.77817 20.2
    endloop
  endfacet
  facet normal -0.729859 0.683598 0
    outer loop
      vertex 7.77817 -7.77817 0
      vertex 8.27024 -7.2528 0.5
      vertex 8.27024 -7.2528 0
    endloop
  endfacet
  facet normal -0.729859 0.683598 0
    outer loop
      vertex 8.27024 -7.2528 0.5
      vertex 7.77817 -7.77817 0
      vertex 7.77817 -7.77817 0.5
    endloop
  endfacet
  facet normal -0.227004 0.973894 0
    outer loop
      vertex 2.84701 -10.6252 3.5
      vertex 2.14599 -10.7886 20.2
      vertex 2.84701 -10.6252 20.2
    endloop
  endfacet
  facet normal -0.227004 0.973894 0
    outer loop
      vertex 2.14599 -10.7886 20.2
      vertex 2.84701 -10.6252 3.5
      vertex 2.14599 -10.7886 3.5
    endloop
  endfacet
  facet normal -0.227004 0.973894 0
    outer loop
      vertex 2.84701 -10.6252 0
      vertex 2.14599 -10.7886 0.5
      vertex 2.84701 -10.6252 0.5
    endloop
  endfacet
  facet normal -0.227004 0.973894 0
    outer loop
      vertex 2.14599 -10.7886 0.5
      vertex 2.84701 -10.6252 0
      vertex 2.14599 -10.7886 0
    endloop
  endfacet
  facet normal -0.412735 0.910851 0
    outer loop
      vertex 4.86518 -9.8656 3.5
      vertex 4.20952 -10.1627 20.2
      vertex 4.86518 -9.8656 20.2
    endloop
  endfacet
  facet normal -0.412735 0.910851 0
    outer loop
      vertex 4.20952 -10.1627 20.2
      vertex 4.86518 -9.8656 3.5
      vertex 4.20952 -10.1627 3.5
    endloop
  endfacet
  facet normal -0.412735 0.910851 0
    outer loop
      vertex 4.86518 -9.8656 0
      vertex 4.20952 -10.1627 0.5
      vertex 4.86518 -9.8656 0.5
    endloop
  endfacet
  facet normal -0.412735 0.910851 0
    outer loop
      vertex 4.20952 -10.1627 0.5
      vertex 4.86518 -9.8656 0
      vertex 4.20952 -10.1627 0
    endloop
  endfacet
  facet normal 0.0327859 0.999462 -0
    outer loop
      vertex 0 -11 3.5
      vertex -0.719434 -10.9764 20.2
      vertex 0 -11 20.2
    endloop
  endfacet
  facet normal 0.0327859 0.999462 0
    outer loop
      vertex -0.719434 -10.9764 20.2
      vertex 0 -11 3.5
      vertex -0.719434 -10.9764 3.5
    endloop
  endfacet
  facet normal 0.0327859 0.999462 -0
    outer loop
      vertex 0 -11 0
      vertex -0.719434 -10.9764 0.5
      vertex 0 -11 0.5
    endloop
  endfacet
  facet normal 0.0327859 0.999462 0
    outer loop
      vertex -0.719434 -10.9764 0.5
      vertex 0 -11 0
      vertex -0.719434 -10.9764 0
    endloop
  endfacet
  facet normal 0.973894 0.227004 0
    outer loop
      vertex -10.6252 -2.84701 20.2
      vertex -10.7886 -2.14599 3.5
      vertex -10.7886 -2.14599 20.2
    endloop
  endfacet
  facet normal 0.973894 0.227004 0
    outer loop
      vertex -10.7886 -2.14599 3.5
      vertex -10.6252 -2.84701 20.2
      vertex -10.6252 -2.84701 3.5
    endloop
  endfacet
  facet normal 0.973894 0.227004 0
    outer loop
      vertex -10.6252 -2.84701 0.5
      vertex -10.7886 -2.14599 0
      vertex -10.7886 -2.14599 0.5
    endloop
  endfacet
  facet normal 0.973894 0.227004 0
    outer loop
      vertex -10.7886 -2.14599 0
      vertex -10.6252 -2.84701 0.5
      vertex -10.6252 -2.84701 0
    endloop
  endfacet
  facet normal 0.935933 0.352178 0
    outer loop
      vertex -10.1627 -4.20952 20.2
      vertex -10.4162 -3.53583 3.5
      vertex -10.4162 -3.53583 20.2
    endloop
  endfacet
  facet normal 0.935933 0.352178 0
    outer loop
      vertex -10.4162 -3.53583 3.5
      vertex -10.1627 -4.20952 20.2
      vertex -10.1627 -4.20952 3.5
    endloop
  endfacet
  facet normal 0.935933 0.352178 0
    outer loop
      vertex -10.1627 -4.20952 0.5
      vertex -10.4162 -3.53583 0
      vertex -10.4162 -3.53583 0.5
    endloop
  endfacet
  facet normal 0.935933 0.352178 0
    outer loop
      vertex -10.4162 -3.53583 0
      vertex -10.1627 -4.20952 0.5
      vertex -10.1627 -4.20952 0
    endloop
  endfacet
  facet normal 0.910851 0.412735 0
    outer loop
      vertex -9.8656 -4.86518 20.2
      vertex -10.1627 -4.20952 3.5
      vertex -10.1627 -4.20952 20.2
    endloop
  endfacet
  facet normal 0.910851 0.412735 0
    outer loop
      vertex -10.1627 -4.20952 3.5
      vertex -9.8656 -4.86518 20.2
      vertex -9.8656 -4.86518 3.5
    endloop
  endfacet
  facet normal 0.910851 0.412735 0
    outer loop
      vertex -9.8656 -4.86518 0.5
      vertex -10.1627 -4.20952 0
      vertex -10.1627 -4.20952 0.5
    endloop
  endfacet
  facet normal 0.910851 0.412735 0
    outer loop
      vertex -10.1627 -4.20952 0
      vertex -9.8656 -4.86518 0.5
      vertex -9.8656 -4.86518 0
    endloop
  endfacet
  facet normal 0.729859 0.683598 0
    outer loop
      vertex -7.77817 -7.77817 20.2
      vertex -8.27024 -7.2528 3.5
      vertex -8.27024 -7.2528 20.2
    endloop
  endfacet
  facet normal 0.729859 0.683598 0
    outer loop
      vertex -8.27024 -7.2528 3.5
      vertex -7.77817 -7.77817 20.2
      vertex -7.77817 -7.77817 3.5
    endloop
  endfacet
  facet normal 0.729859 0.683598 0
    outer loop
      vertex -7.77817 -7.77817 0.5
      vertex -8.27024 -7.2528 0
      vertex -8.27024 -7.2528 0.5
    endloop
  endfacet
  facet normal 0.729859 0.683598 0
    outer loop
      vertex -8.27024 -7.2528 0
      vertex -7.77817 -7.77817 0.5
      vertex -7.77817 -7.77817 0
    endloop
  endfacet
  facet normal -0.986633 -0.162957 0
    outer loop
      vertex 10.9059 1.43579 3.5
      vertex 10.7886 2.14599 20.2
      vertex 10.7886 2.14599 3.5
    endloop
  endfacet
  facet normal -0.986633 -0.162957 0
    outer loop
      vertex 10.7886 2.14599 20.2
      vertex 10.9059 1.43579 3.5
      vertex 10.9059 1.43579 20.2
    endloop
  endfacet
  facet normal -0.986633 -0.162957 0
    outer loop
      vertex 10.9059 1.43579 0
      vertex 10.7886 2.14599 0.5
      vertex 10.7886 2.14599 0
    endloop
  endfacet
  facet normal -0.986633 -0.162957 0
    outer loop
      vertex 10.7886 2.14599 0.5
      vertex 10.9059 1.43579 0
      vertex 10.9059 1.43579 0.5
    endloop
  endfacet
  facet normal -0.910851 -0.412735 0
    outer loop
      vertex 10.1627 4.20952 3.5
      vertex 9.8656 4.86518 20.2
      vertex 9.8656 4.86518 3.5
    endloop
  endfacet
  facet normal -0.910851 -0.412735 0
    outer loop
      vertex 9.8656 4.86518 20.2
      vertex 10.1627 4.20952 3.5
      vertex 10.1627 4.20952 20.2
    endloop
  endfacet
  facet normal -0.910851 -0.412735 0
    outer loop
      vertex 10.1627 4.20952 0
      vertex 9.8656 4.86518 0.5
      vertex 9.8656 4.86518 0
    endloop
  endfacet
  facet normal -0.910851 -0.412735 0
    outer loop
      vertex 9.8656 4.86518 0.5
      vertex 10.1627 4.20952 0
      vertex 10.1627 4.20952 0.5
    endloop
  endfacet
  facet normal -0.935933 -0.352178 0
    outer loop
      vertex 10.4162 3.53583 3.5
      vertex 10.1627 4.20952 20.2
      vertex 10.1627 4.20952 3.5
    endloop
  endfacet
  facet normal -0.935933 -0.352178 0
    outer loop
      vertex 10.1627 4.20952 20.2
      vertex 10.4162 3.53583 3.5
      vertex 10.4162 3.53583 20.2
    endloop
  endfacet
  facet normal -0.935933 -0.352178 0
    outer loop
      vertex 10.4162 3.53583 0
      vertex 10.1627 4.20952 0.5
      vertex 10.1627 4.20952 0
    endloop
  endfacet
  facet normal -0.935933 -0.352178 0
    outer loop
      vertex 10.1627 4.20952 0.5
      vertex 10.4162 3.53583 0
      vertex 10.4162 3.53583 0.5
    endloop
  endfacet
  facet normal -0.773011 -0.634393 0
    outer loop
      vertex 8.72689 6.69637 3.5
      vertex 8.27024 7.2528 20.2
      vertex 8.27024 7.2528 3.5
    endloop
  endfacet
  facet normal -0.773011 -0.634393 0
    outer loop
      vertex 8.27024 7.2528 20.2
      vertex 8.72689 6.69637 3.5
      vertex 8.72689 6.69637 20.2
    endloop
  endfacet
  facet normal -0.773011 -0.634393 0
    outer loop
      vertex 8.72689 6.69637 0
      vertex 8.27024 7.2528 0.5
      vertex 8.27024 7.2528 0
    endloop
  endfacet
  facet normal -0.773011 -0.634393 0
    outer loop
      vertex 8.27024 7.2528 0.5
      vertex 8.72689 6.69637 0
      vertex 8.72689 6.69637 0.5
    endloop
  endfacet
  facet normal -0.812851 -0.582472 0
    outer loop
      vertex 9.14616 6.11127 3.5
      vertex 8.72689 6.69637 20.2
      vertex 8.72689 6.69637 3.5
    endloop
  endfacet
  facet normal -0.812851 -0.582472 0
    outer loop
      vertex 8.72689 6.69637 20.2
      vertex 9.14616 6.11127 3.5
      vertex 9.14616 6.11127 20.2
    endloop
  endfacet
  facet normal -0.812851 -0.582472 0
    outer loop
      vertex 9.14616 6.11127 0
      vertex 8.72689 6.69637 0.5
      vertex 8.72689 6.69637 0
    endloop
  endfacet
  facet normal -0.812851 -0.582472 0
    outer loop
      vertex 8.72689 6.69637 0.5
      vertex 9.14616 6.11127 0
      vertex 9.14616 6.11127 0.5
    endloop
  endfacet
  facet normal -0.0327859 -0.999462 0
    outer loop
      vertex 0 11 3.5
      vertex 0.719434 10.9764 20.2
      vertex 0 11 20.2
    endloop
  endfacet
  facet normal -0.0327859 -0.999462 -0
    outer loop
      vertex 0.719434 10.9764 20.2
      vertex 0 11 3.5
      vertex 0.719434 10.9764 3.5
    endloop
  endfacet
  facet normal -0.0327859 -0.999462 0
    outer loop
      vertex 0 11 0
      vertex 0.719434 10.9764 0.5
      vertex 0 11 0.5
    endloop
  endfacet
  facet normal -0.0327859 -0.999462 -0
    outer loop
      vertex 0.719434 10.9764 0.5
      vertex 0 11 0
      vertex 0.719434 10.9764 0
    endloop
  endfacet
  facet normal -0.634393 -0.773011 0
    outer loop
      vertex 6.69637 8.72689 3.5
      vertex 7.2528 8.27024 20.2
      vertex 6.69637 8.72689 20.2
    endloop
  endfacet
  facet normal -0.634393 -0.773011 -0
    outer loop
      vertex 7.2528 8.27024 20.2
      vertex 6.69637 8.72689 3.5
      vertex 7.2528 8.27024 3.5
    endloop
  endfacet
  facet normal -0.634393 -0.773011 0
    outer loop
      vertex 6.69637 8.72689 0
      vertex 7.2528 8.27024 0.5
      vertex 6.69637 8.72689 0.5
    endloop
  endfacet
  facet normal -0.634393 -0.773011 -0
    outer loop
      vertex 7.2528 8.27024 0.5
      vertex 6.69637 8.72689 0
      vertex 7.2528 8.27024 0
    endloop
  endfacet
  facet normal -0.471399 -0.88192 0
    outer loop
      vertex 4.86518 9.8656 3.5
      vertex 5.5 9.52628 20.2
      vertex 4.86518 9.8656 20.2
    endloop
  endfacet
  facet normal -0.471399 -0.88192 -0
    outer loop
      vertex 5.5 9.52628 20.2
      vertex 4.86518 9.8656 3.5
      vertex 5.5 9.52628 3.5
    endloop
  endfacet
  facet normal -0.471399 -0.88192 0
    outer loop
      vertex 4.86518 9.8656 0
      vertex 5.5 9.52628 0.5
      vertex 4.86518 9.8656 0.5
    endloop
  endfacet
  facet normal -0.471399 -0.88192 -0
    outer loop
      vertex 5.5 9.52628 0.5
      vertex 4.86518 9.8656 0
      vertex 5.5 9.52628 0
    endloop
  endfacet
  facet normal -0.528076 -0.849197 0
    outer loop
      vertex 5.5 9.52628 3.5
      vertex 6.11127 9.14616 20.2
      vertex 5.5 9.52628 20.2
    endloop
  endfacet
  facet normal -0.528076 -0.849197 -0
    outer loop
      vertex 6.11127 9.14616 20.2
      vertex 5.5 9.52628 3.5
      vertex 6.11127 9.14616 3.5
    endloop
  endfacet
  facet normal -0.528076 -0.849197 0
    outer loop
      vertex 5.5 9.52628 0
      vertex 6.11127 9.14616 0.5
      vertex 5.5 9.52628 0.5
    endloop
  endfacet
  facet normal -0.528076 -0.849197 -0
    outer loop
      vertex 6.11127 9.14616 0.5
      vertex 5.5 9.52628 0
      vertex 6.11127 9.14616 0
    endloop
  endfacet
  facet normal -0.290347 -0.956922 0
    outer loop
      vertex 2.84701 10.6252 3.5
      vertex 3.53583 10.4162 20.2
      vertex 2.84701 10.6252 20.2
    endloop
  endfacet
  facet normal -0.290347 -0.956922 -0
    outer loop
      vertex 3.53583 10.4162 20.2
      vertex 2.84701 10.6252 3.5
      vertex 3.53583 10.4162 3.5
    endloop
  endfacet
  facet normal -0.290347 -0.956922 0
    outer loop
      vertex 2.84701 10.6252 0
      vertex 3.53583 10.4162 0.5
      vertex 2.84701 10.6252 0.5
    endloop
  endfacet
  facet normal -0.290347 -0.956922 -0
    outer loop
      vertex 3.53583 10.4162 0.5
      vertex 2.84701 10.6252 0
      vertex 3.53583 10.4162 0
    endloop
  endfacet
  facet normal -0.352178 -0.935933 0
    outer loop
      vertex 3.53583 10.4162 3.5
      vertex 4.20952 10.1627 20.2
      vertex 3.53583 10.4162 20.2
    endloop
  endfacet
  facet normal -0.352178 -0.935933 -0
    outer loop
      vertex 4.20952 10.1627 20.2
      vertex 3.53583 10.4162 3.5
      vertex 4.20952 10.1627 3.5
    endloop
  endfacet
  facet normal -0.352178 -0.935933 0
    outer loop
      vertex 3.53583 10.4162 0
      vertex 4.20952 10.1627 0.5
      vertex 3.53583 10.4162 0.5
    endloop
  endfacet
  facet normal -0.352178 -0.935933 -0
    outer loop
      vertex 4.20952 10.1627 0.5
      vertex 3.53583 10.4162 0
      vertex 4.20952 10.1627 0
    endloop
  endfacet
  facet normal -0.0979416 -0.995192 0
    outer loop
      vertex 0.719434 10.9764 3.5
      vertex 1.43579 10.9059 20.2
      vertex 0.719434 10.9764 20.2
    endloop
  endfacet
  facet normal -0.0979416 -0.995192 -0
    outer loop
      vertex 1.43579 10.9059 20.2
      vertex 0.719434 10.9764 3.5
      vertex 1.43579 10.9059 3.5
    endloop
  endfacet
  facet normal -0.0979416 -0.995192 0
    outer loop
      vertex 0.719434 10.9764 0
      vertex 1.43579 10.9059 0.5
      vertex 0.719434 10.9764 0.5
    endloop
  endfacet
  facet normal -0.0979416 -0.995192 -0
    outer loop
      vertex 1.43579 10.9059 0.5
      vertex 0.719434 10.9764 0
      vertex 1.43579 10.9059 0
    endloop
  endfacet
  facet normal 0.999462 -0.0327859 0
    outer loop
      vertex -11 0 20.2
      vertex -10.9764 0.719434 3.5
      vertex -10.9764 0.719434 20.2
    endloop
  endfacet
  facet normal 0.999462 -0.0327859 0
    outer loop
      vertex -10.9764 0.719434 3.5
      vertex -11 0 20.2
      vertex -11 0 3.5
    endloop
  endfacet
  facet normal 0.999462 -0.0327859 0
    outer loop
      vertex -11 0 0.5
      vertex -10.9764 0.719434 0
      vertex -10.9764 0.719434 0.5
    endloop
  endfacet
  facet normal 0.999462 -0.0327859 0
    outer loop
      vertex -10.9764 0.719434 0
      vertex -11 0 0.5
      vertex -11 0 0
    endloop
  endfacet
  facet normal 0.956922 -0.290347 0
    outer loop
      vertex -10.6252 2.84701 20.2
      vertex -10.4162 3.53583 3.5
      vertex -10.4162 3.53583 20.2
    endloop
  endfacet
  facet normal 0.956922 -0.290347 0
    outer loop
      vertex -10.4162 3.53583 3.5
      vertex -10.6252 2.84701 20.2
      vertex -10.6252 2.84701 3.5
    endloop
  endfacet
  facet normal 0.956922 -0.290347 0
    outer loop
      vertex -10.6252 2.84701 0.5
      vertex -10.4162 3.53583 0
      vertex -10.4162 3.53583 0.5
    endloop
  endfacet
  facet normal 0.956922 -0.290347 0
    outer loop
      vertex -10.4162 3.53583 0
      vertex -10.6252 2.84701 0.5
      vertex -10.6252 2.84701 0
    endloop
  endfacet
  facet normal 0.935933 -0.352178 0
    outer loop
      vertex -10.4162 3.53583 20.2
      vertex -10.1627 4.20952 3.5
      vertex -10.1627 4.20952 20.2
    endloop
  endfacet
  facet normal 0.935933 -0.352178 0
    outer loop
      vertex -10.1627 4.20952 3.5
      vertex -10.4162 3.53583 20.2
      vertex -10.4162 3.53583 3.5
    endloop
  endfacet
  facet normal 0.935933 -0.352178 0
    outer loop
      vertex -10.4162 3.53583 0.5
      vertex -10.1627 4.20952 0
      vertex -10.1627 4.20952 0.5
    endloop
  endfacet
  facet normal 0.935933 -0.352178 0
    outer loop
      vertex -10.1627 4.20952 0
      vertex -10.4162 3.53583 0.5
      vertex -10.4162 3.53583 0
    endloop
  endfacet
  facet normal 0.995192 -0.0979416 0
    outer loop
      vertex -10.9764 0.719434 20.2
      vertex -10.9059 1.43579 3.5
      vertex -10.9059 1.43579 20.2
    endloop
  endfacet
  facet normal 0.995192 -0.0979416 0
    outer loop
      vertex -10.9059 1.43579 3.5
      vertex -10.9764 0.719434 20.2
      vertex -10.9764 0.719434 3.5
    endloop
  endfacet
  facet normal 0.995192 -0.0979416 0
    outer loop
      vertex -10.9764 0.719434 0.5
      vertex -10.9059 1.43579 0
      vertex -10.9059 1.43579 0.5
    endloop
  endfacet
  facet normal 0.995192 -0.0979416 0
    outer loop
      vertex -10.9059 1.43579 0
      vertex -10.9764 0.719434 0.5
      vertex -10.9764 0.719434 0
    endloop
  endfacet
  facet normal 0.849197 -0.528076 0
    outer loop
      vertex -9.52628 5.5 20.2
      vertex -9.14616 6.11127 3.5
      vertex -9.14616 6.11127 20.2
    endloop
  endfacet
  facet normal 0.849197 -0.528076 0
    outer loop
      vertex -9.14616 6.11127 3.5
      vertex -9.52628 5.5 20.2
      vertex -9.52628 5.5 3.5
    endloop
  endfacet
  facet normal 0.849197 -0.528076 0
    outer loop
      vertex -9.52628 5.5 0.5
      vertex -9.14616 6.11127 0
      vertex -9.14616 6.11127 0.5
    endloop
  endfacet
  facet normal 0.849197 -0.528076 0
    outer loop
      vertex -9.14616 6.11127 0
      vertex -9.52628 5.5 0.5
      vertex -9.52628 5.5 0
    endloop
  endfacet
  facet normal 0.88192 -0.471399 0
    outer loop
      vertex -9.8656 4.86518 20.2
      vertex -9.52628 5.5 3.5
      vertex -9.52628 5.5 20.2
    endloop
  endfacet
  facet normal 0.88192 -0.471399 0
    outer loop
      vertex -9.52628 5.5 3.5
      vertex -9.8656 4.86518 20.2
      vertex -9.8656 4.86518 3.5
    endloop
  endfacet
  facet normal 0.88192 -0.471399 0
    outer loop
      vertex -9.8656 4.86518 0.5
      vertex -9.52628 5.5 0
      vertex -9.52628 5.5 0.5
    endloop
  endfacet
  facet normal 0.88192 -0.471399 0
    outer loop
      vertex -9.52628 5.5 0
      vertex -9.8656 4.86518 0.5
      vertex -9.8656 4.86518 0
    endloop
  endfacet
  facet normal 0.290347 -0.956922 0
    outer loop
      vertex -3.53583 10.4162 3.5
      vertex -2.84701 10.6252 20.2
      vertex -3.53583 10.4162 20.2
    endloop
  endfacet
  facet normal 0.290347 -0.956922 0
    outer loop
      vertex -2.84701 10.6252 20.2
      vertex -3.53583 10.4162 3.5
      vertex -2.84701 10.6252 3.5
    endloop
  endfacet
  facet normal 0.290347 -0.956922 0
    outer loop
      vertex -3.53583 10.4162 0
      vertex -2.84701 10.6252 0.5
      vertex -3.53583 10.4162 0.5
    endloop
  endfacet
  facet normal 0.290347 -0.956922 0
    outer loop
      vertex -2.84701 10.6252 0.5
      vertex -3.53583 10.4162 0
      vertex -2.84701 10.6252 0
    endloop
  endfacet
  facet normal 0.0327859 -0.999462 0
    outer loop
      vertex -0.719434 10.9764 3.5
      vertex 0 11 20.2
      vertex -0.719434 10.9764 20.2
    endloop
  endfacet
  facet normal 0.0327859 -0.999462 0
    outer loop
      vertex 0 11 20.2
      vertex -0.719434 10.9764 3.5
      vertex 0 11 3.5
    endloop
  endfacet
  facet normal 0.0327859 -0.999462 0
    outer loop
      vertex -0.719434 10.9764 0
      vertex 0 11 0.5
      vertex -0.719434 10.9764 0.5
    endloop
  endfacet
  facet normal 0.0327859 -0.999462 0
    outer loop
      vertex 0 11 0.5
      vertex -0.719434 10.9764 0
      vertex 0 11 0
    endloop
  endfacet
  facet normal 0.0979416 -0.995192 0
    outer loop
      vertex -1.43579 10.9059 3.5
      vertex -0.719434 10.9764 20.2
      vertex -1.43579 10.9059 20.2
    endloop
  endfacet
  facet normal 0.0979416 -0.995192 0
    outer loop
      vertex -0.719434 10.9764 20.2
      vertex -1.43579 10.9059 3.5
      vertex -0.719434 10.9764 3.5
    endloop
  endfacet
  facet normal 0.0979416 -0.995192 0
    outer loop
      vertex -1.43579 10.9059 0
      vertex -0.719434 10.9764 0.5
      vertex -1.43579 10.9059 0.5
    endloop
  endfacet
  facet normal 0.0979416 -0.995192 0
    outer loop
      vertex -0.719434 10.9764 0.5
      vertex -1.43579 10.9059 0
      vertex -0.719434 10.9764 0
    endloop
  endfacet
  facet normal 0.634393 -0.773011 0
    outer loop
      vertex -7.2528 8.27024 3.5
      vertex -6.69637 8.72689 20.2
      vertex -7.2528 8.27024 20.2
    endloop
  endfacet
  facet normal 0.634393 -0.773011 0
    outer loop
      vertex -6.69637 8.72689 20.2
      vertex -7.2528 8.27024 3.5
      vertex -6.69637 8.72689 3.5
    endloop
  endfacet
  facet normal 0.634393 -0.773011 0
    outer loop
      vertex -7.2528 8.27024 0
      vertex -6.69637 8.72689 0.5
      vertex -7.2528 8.27024 0.5
    endloop
  endfacet
  facet normal 0.634393 -0.773011 0
    outer loop
      vertex -6.69637 8.72689 0.5
      vertex -7.2528 8.27024 0
      vertex -6.69637 8.72689 0
    endloop
  endfacet
  facet normal 0.582472 -0.812851 0
    outer loop
      vertex -6.69637 8.72689 3.5
      vertex -6.11127 9.14616 20.2
      vertex -6.69637 8.72689 20.2
    endloop
  endfacet
  facet normal 0.582472 -0.812851 0
    outer loop
      vertex -6.11127 9.14616 20.2
      vertex -6.69637 8.72689 3.5
      vertex -6.11127 9.14616 3.5
    endloop
  endfacet
  facet normal 0.582472 -0.812851 0
    outer loop
      vertex -6.69637 8.72689 0
      vertex -6.11127 9.14616 0.5
      vertex -6.69637 8.72689 0.5
    endloop
  endfacet
  facet normal 0.582472 -0.812851 0
    outer loop
      vertex -6.11127 9.14616 0.5
      vertex -6.69637 8.72689 0
      vertex -6.11127 9.14616 0
    endloop
  endfacet
  facet normal -0.999462 0.0327859 0
    outer loop
      vertex 10.9764 -0.719434 3.5
      vertex 11 0 20.2
      vertex 11 0 3.5
    endloop
  endfacet
  facet normal -0.999462 0.0327859 0
    outer loop
      vertex 11 0 20.2
      vertex 10.9764 -0.719434 3.5
      vertex 10.9764 -0.719434 20.2
    endloop
  endfacet
  facet normal -0.999462 0.0327859 0
    outer loop
      vertex 10.9764 -0.719434 0
      vertex 11 0 0.5
      vertex 11 0 0
    endloop
  endfacet
  facet normal -0.999462 0.0327859 0
    outer loop
      vertex 11 0 0.5
      vertex 10.9764 -0.719434 0
      vertex 10.9764 -0.719434 0.5
    endloop
  endfacet
  facet normal -0.0327859 0.999462 0
    outer loop
      vertex 0.719434 -10.9764 3.5
      vertex 0 -11 20.2
      vertex 0.719434 -10.9764 20.2
    endloop
  endfacet
  facet normal -0.0327859 0.999462 0
    outer loop
      vertex 0 -11 20.2
      vertex 0.719434 -10.9764 3.5
      vertex 0 -11 3.5
    endloop
  endfacet
  facet normal -0.0327859 0.999462 0
    outer loop
      vertex 0.719434 -10.9764 0
      vertex 0 -11 0.5
      vertex 0.719434 -10.9764 0.5
    endloop
  endfacet
  facet normal -0.0327859 0.999462 0
    outer loop
      vertex 0 -11 0.5
      vertex 0.719434 -10.9764 0
      vertex 0 -11 0
    endloop
  endfacet
  facet normal -0.986633 0.162957 0
    outer loop
      vertex 10.7886 -2.14599 3.5
      vertex 10.9059 -1.43579 20.2
      vertex 10.9059 -1.43579 3.5
    endloop
  endfacet
  facet normal -0.986633 0.162957 0
    outer loop
      vertex 10.9059 -1.43579 20.2
      vertex 10.7886 -2.14599 3.5
      vertex 10.7886 -2.14599 20.2
    endloop
  endfacet
  facet normal -0.986633 0.162957 0
    outer loop
      vertex 10.7886 -2.14599 0
      vertex 10.9059 -1.43579 0.5
      vertex 10.9059 -1.43579 0
    endloop
  endfacet
  facet normal -0.986633 0.162957 0
    outer loop
      vertex 10.9059 -1.43579 0.5
      vertex 10.7886 -2.14599 0
      vertex 10.7886 -2.14599 0.5
    endloop
  endfacet
  facet normal -0.849197 0.528076 0
    outer loop
      vertex 9.14616 -6.11127 3.5
      vertex 9.52628 -5.5 20.2
      vertex 9.52628 -5.5 3.5
    endloop
  endfacet
  facet normal -0.849197 0.528076 0
    outer loop
      vertex 9.52628 -5.5 20.2
      vertex 9.14616 -6.11127 3.5
      vertex 9.14616 -6.11127 20.2
    endloop
  endfacet
  facet normal -0.849197 0.528076 0
    outer loop
      vertex 9.14616 -6.11127 0
      vertex 9.52628 -5.5 0.5
      vertex 9.52628 -5.5 0
    endloop
  endfacet
  facet normal -0.849197 0.528076 0
    outer loop
      vertex 9.52628 -5.5 0.5
      vertex 9.14616 -6.11127 0
      vertex 9.14616 -6.11127 0.5
    endloop
  endfacet
  facet normal -0.0979416 0.995192 0
    outer loop
      vertex 1.43579 -10.9059 3.5
      vertex 0.719434 -10.9764 20.2
      vertex 1.43579 -10.9059 20.2
    endloop
  endfacet
  facet normal -0.0979416 0.995192 0
    outer loop
      vertex 0.719434 -10.9764 20.2
      vertex 1.43579 -10.9059 3.5
      vertex 0.719434 -10.9764 3.5
    endloop
  endfacet
  facet normal -0.0979416 0.995192 0
    outer loop
      vertex 1.43579 -10.9059 0
      vertex 0.719434 -10.9764 0.5
      vertex 1.43579 -10.9059 0.5
    endloop
  endfacet
  facet normal -0.0979416 0.995192 0
    outer loop
      vertex 0.719434 -10.9764 0.5
      vertex 1.43579 -10.9059 0
      vertex 0.719434 -10.9764 0
    endloop
  endfacet
  facet normal -0.290347 0.956922 0
    outer loop
      vertex 3.53583 -10.4162 3.5
      vertex 2.84701 -10.6252 20.2
      vertex 3.53583 -10.4162 20.2
    endloop
  endfacet
  facet normal -0.290347 0.956922 0
    outer loop
      vertex 2.84701 -10.6252 20.2
      vertex 3.53583 -10.4162 3.5
      vertex 2.84701 -10.6252 3.5
    endloop
  endfacet
  facet normal -0.290347 0.956922 0
    outer loop
      vertex 3.53583 -10.4162 0
      vertex 2.84701 -10.6252 0.5
      vertex 3.53583 -10.4162 0.5
    endloop
  endfacet
  facet normal -0.290347 0.956922 0
    outer loop
      vertex 2.84701 -10.6252 0.5
      vertex 3.53583 -10.4162 0
      vertex 2.84701 -10.6252 0
    endloop
  endfacet
  facet normal -0.634393 0.773011 0
    outer loop
      vertex 7.2528 -8.27024 3.5
      vertex 6.69637 -8.72689 20.2
      vertex 7.2528 -8.27024 20.2
    endloop
  endfacet
  facet normal -0.634393 0.773011 0
    outer loop
      vertex 6.69637 -8.72689 20.2
      vertex 7.2528 -8.27024 3.5
      vertex 6.69637 -8.72689 3.5
    endloop
  endfacet
  facet normal -0.634393 0.773011 0
    outer loop
      vertex 7.2528 -8.27024 0
      vertex 6.69637 -8.72689 0.5
      vertex 7.2528 -8.27024 0.5
    endloop
  endfacet
  facet normal -0.634393 0.773011 0
    outer loop
      vertex 6.69637 -8.72689 0.5
      vertex 7.2528 -8.27024 0
      vertex 6.69637 -8.72689 0
    endloop
  endfacet
  facet normal -0.582472 0.812851 0
    outer loop
      vertex 6.69637 -8.72689 3.5
      vertex 6.11127 -9.14616 20.2
      vertex 6.69637 -8.72689 20.2
    endloop
  endfacet
  facet normal -0.582472 0.812851 0
    outer loop
      vertex 6.11127 -9.14616 20.2
      vertex 6.69637 -8.72689 3.5
      vertex 6.11127 -9.14616 3.5
    endloop
  endfacet
  facet normal -0.582472 0.812851 0
    outer loop
      vertex 6.69637 -8.72689 0
      vertex 6.11127 -9.14616 0.5
      vertex 6.69637 -8.72689 0.5
    endloop
  endfacet
  facet normal -0.582472 0.812851 0
    outer loop
      vertex 6.11127 -9.14616 0.5
      vertex 6.69637 -8.72689 0
      vertex 6.11127 -9.14616 0
    endloop
  endfacet
  facet normal -0.683598 0.729859 0
    outer loop
      vertex 7.77817 -7.77817 3.5
      vertex 7.2528 -8.27024 20.2
      vertex 7.77817 -7.77817 20.2
    endloop
  endfacet
  facet normal -0.683598 0.729859 0
    outer loop
      vertex 7.2528 -8.27024 20.2
      vertex 7.77817 -7.77817 3.5
      vertex 7.2528 -8.27024 3.5
    endloop
  endfacet
  facet normal -0.683598 0.729859 0
    outer loop
      vertex 7.77817 -7.77817 0
      vertex 7.2528 -8.27024 0.5
      vertex 7.77817 -7.77817 0.5
    endloop
  endfacet
  facet normal -0.683598 0.729859 0
    outer loop
      vertex 7.2528 -8.27024 0.5
      vertex 7.77817 -7.77817 0
      vertex 7.2528 -8.27024 0
    endloop
  endfacet
  facet normal -0.471399 0.88192 0
    outer loop
      vertex 5.5 -9.52628 3.5
      vertex 4.86518 -9.8656 20.2
      vertex 5.5 -9.52628 20.2
    endloop
  endfacet
  facet normal -0.471399 0.88192 0
    outer loop
      vertex 4.86518 -9.8656 20.2
      vertex 5.5 -9.52628 3.5
      vertex 4.86518 -9.8656 3.5
    endloop
  endfacet
  facet normal -0.471399 0.88192 0
    outer loop
      vertex 5.5 -9.52628 0
      vertex 4.86518 -9.8656 0.5
      vertex 5.5 -9.52628 0.5
    endloop
  endfacet
  facet normal -0.471399 0.88192 0
    outer loop
      vertex 4.86518 -9.8656 0.5
      vertex 5.5 -9.52628 0
      vertex 4.86518 -9.8656 0
    endloop
  endfacet
  facet normal -0.528076 0.849197 0
    outer loop
      vertex 6.11127 -9.14616 3.5
      vertex 5.5 -9.52628 20.2
      vertex 6.11127 -9.14616 20.2
    endloop
  endfacet
  facet normal -0.528076 0.849197 0
    outer loop
      vertex 5.5 -9.52628 20.2
      vertex 6.11127 -9.14616 3.5
      vertex 5.5 -9.52628 3.5
    endloop
  endfacet
  facet normal -0.528076 0.849197 0
    outer loop
      vertex 6.11127 -9.14616 0
      vertex 5.5 -9.52628 0.5
      vertex 6.11127 -9.14616 0.5
    endloop
  endfacet
  facet normal -0.528076 0.849197 0
    outer loop
      vertex 5.5 -9.52628 0.5
      vertex 6.11127 -9.14616 0
      vertex 5.5 -9.52628 0
    endloop
  endfacet
  facet normal 0.352178 0.935933 -0
    outer loop
      vertex -3.53583 -10.4162 3.5
      vertex -4.20952 -10.1627 20.2
      vertex -3.53583 -10.4162 20.2
    endloop
  endfacet
  facet normal 0.352178 0.935933 0
    outer loop
      vertex -4.20952 -10.1627 20.2
      vertex -3.53583 -10.4162 3.5
      vertex -4.20952 -10.1627 3.5
    endloop
  endfacet
  facet normal 0.352178 0.935933 -0
    outer loop
      vertex -3.53583 -10.4162 0
      vertex -4.20952 -10.1627 0.5
      vertex -3.53583 -10.4162 0.5
    endloop
  endfacet
  facet normal 0.352178 0.935933 0
    outer loop
      vertex -4.20952 -10.1627 0.5
      vertex -3.53583 -10.4162 0
      vertex -4.20952 -10.1627 0
    endloop
  endfacet
  facet normal 0.0979416 0.995192 -0
    outer loop
      vertex -0.719434 -10.9764 3.5
      vertex -1.43579 -10.9059 20.2
      vertex -0.719434 -10.9764 20.2
    endloop
  endfacet
  facet normal 0.0979416 0.995192 0
    outer loop
      vertex -1.43579 -10.9059 20.2
      vertex -0.719434 -10.9764 3.5
      vertex -1.43579 -10.9059 3.5
    endloop
  endfacet
  facet normal 0.0979416 0.995192 -0
    outer loop
      vertex -0.719434 -10.9764 0
      vertex -1.43579 -10.9059 0.5
      vertex -0.719434 -10.9764 0.5
    endloop
  endfacet
  facet normal 0.0979416 0.995192 0
    outer loop
      vertex -1.43579 -10.9059 0.5
      vertex -0.719434 -10.9764 0
      vertex -1.43579 -10.9059 0
    endloop
  endfacet
  facet normal 0.227004 0.973894 -0
    outer loop
      vertex -2.14599 -10.7886 3.5
      vertex -2.84701 -10.6252 20.2
      vertex -2.14599 -10.7886 20.2
    endloop
  endfacet
  facet normal 0.227004 0.973894 0
    outer loop
      vertex -2.84701 -10.6252 20.2
      vertex -2.14599 -10.7886 3.5
      vertex -2.84701 -10.6252 3.5
    endloop
  endfacet
  facet normal 0.227004 0.973894 -0
    outer loop
      vertex -2.14599 -10.7886 0
      vertex -2.84701 -10.6252 0.5
      vertex -2.14599 -10.7886 0.5
    endloop
  endfacet
  facet normal 0.227004 0.973894 0
    outer loop
      vertex -2.84701 -10.6252 0.5
      vertex -2.14599 -10.7886 0
      vertex -2.84701 -10.6252 0
    endloop
  endfacet
  facet normal 0.471399 0.88192 -0
    outer loop
      vertex -4.86518 -9.8656 3.5
      vertex -5.5 -9.52628 20.2
      vertex -4.86518 -9.8656 20.2
    endloop
  endfacet
  facet normal 0.471399 0.88192 0
    outer loop
      vertex -5.5 -9.52628 20.2
      vertex -4.86518 -9.8656 3.5
      vertex -5.5 -9.52628 3.5
    endloop
  endfacet
  facet normal 0.471399 0.88192 -0
    outer loop
      vertex -4.86518 -9.8656 0
      vertex -5.5 -9.52628 0.5
      vertex -4.86518 -9.8656 0.5
    endloop
  endfacet
  facet normal 0.471399 0.88192 0
    outer loop
      vertex -5.5 -9.52628 0.5
      vertex -4.86518 -9.8656 0
      vertex -5.5 -9.52628 0
    endloop
  endfacet
  facet normal 0.528076 0.849197 -0
    outer loop
      vertex -5.5 -9.52628 3.5
      vertex -6.11127 -9.14616 20.2
      vertex -5.5 -9.52628 20.2
    endloop
  endfacet
  facet normal 0.528076 0.849197 0
    outer loop
      vertex -6.11127 -9.14616 20.2
      vertex -5.5 -9.52628 3.5
      vertex -6.11127 -9.14616 3.5
    endloop
  endfacet
  facet normal 0.528076 0.849197 -0
    outer loop
      vertex -5.5 -9.52628 0
      vertex -6.11127 -9.14616 0.5
      vertex -5.5 -9.52628 0.5
    endloop
  endfacet
  facet normal 0.528076 0.849197 0
    outer loop
      vertex -6.11127 -9.14616 0.5
      vertex -5.5 -9.52628 0
      vertex -6.11127 -9.14616 0
    endloop
  endfacet
  facet normal 0.412735 0.910851 -0
    outer loop
      vertex -4.20952 -10.1627 3.5
      vertex -4.86518 -9.8656 20.2
      vertex -4.20952 -10.1627 20.2
    endloop
  endfacet
  facet normal 0.412735 0.910851 0
    outer loop
      vertex -4.86518 -9.8656 20.2
      vertex -4.20952 -10.1627 3.5
      vertex -4.86518 -9.8656 3.5
    endloop
  endfacet
  facet normal 0.412735 0.910851 -0
    outer loop
      vertex -4.20952 -10.1627 0
      vertex -4.86518 -9.8656 0.5
      vertex -4.20952 -10.1627 0.5
    endloop
  endfacet
  facet normal 0.412735 0.910851 0
    outer loop
      vertex -4.86518 -9.8656 0.5
      vertex -4.20952 -10.1627 0
      vertex -4.86518 -9.8656 0
    endloop
  endfacet
  facet normal 0.634393 0.773011 -0
    outer loop
      vertex -6.69637 -8.72689 3.5
      vertex -7.2528 -8.27024 20.2
      vertex -6.69637 -8.72689 20.2
    endloop
  endfacet
  facet normal 0.634393 0.773011 0
    outer loop
      vertex -7.2528 -8.27024 20.2
      vertex -6.69637 -8.72689 3.5
      vertex -7.2528 -8.27024 3.5
    endloop
  endfacet
  facet normal 0.634393 0.773011 -0
    outer loop
      vertex -6.69637 -8.72689 0
      vertex -7.2528 -8.27024 0.5
      vertex -6.69637 -8.72689 0.5
    endloop
  endfacet
  facet normal 0.634393 0.773011 0
    outer loop
      vertex -7.2528 -8.27024 0.5
      vertex -6.69637 -8.72689 0
      vertex -7.2528 -8.27024 0
    endloop
  endfacet
  facet normal 0.582472 0.812851 -0
    outer loop
      vertex -6.11127 -9.14616 3.5
      vertex -6.69637 -8.72689 20.2
      vertex -6.11127 -9.14616 20.2
    endloop
  endfacet
  facet normal 0.582472 0.812851 0
    outer loop
      vertex -6.69637 -8.72689 20.2
      vertex -6.11127 -9.14616 3.5
      vertex -6.69637 -8.72689 3.5
    endloop
  endfacet
  facet normal 0.582472 0.812851 -0
    outer loop
      vertex -6.11127 -9.14616 0
      vertex -6.69637 -8.72689 0.5
      vertex -6.11127 -9.14616 0.5
    endloop
  endfacet
  facet normal 0.582472 0.812851 0
    outer loop
      vertex -6.69637 -8.72689 0.5
      vertex -6.11127 -9.14616 0
      vertex -6.69637 -8.72689 0
    endloop
  endfacet
  facet normal 0.956922 0.290347 0
    outer loop
      vertex -10.4162 -3.53583 20.2
      vertex -10.6252 -2.84701 3.5
      vertex -10.6252 -2.84701 20.2
    endloop
  endfacet
  facet normal 0.956922 0.290347 0
    outer loop
      vertex -10.6252 -2.84701 3.5
      vertex -10.4162 -3.53583 20.2
      vertex -10.4162 -3.53583 3.5
    endloop
  endfacet
  facet normal 0.956922 0.290347 0
    outer loop
      vertex -10.4162 -3.53583 0.5
      vertex -10.6252 -2.84701 0
      vertex -10.6252 -2.84701 0.5
    endloop
  endfacet
  facet normal 0.956922 0.290347 0
    outer loop
      vertex -10.6252 -2.84701 0
      vertex -10.4162 -3.53583 0.5
      vertex -10.4162 -3.53583 0
    endloop
  endfacet
  facet normal 0.999462 0.0327859 0
    outer loop
      vertex -10.9764 -0.719434 20.2
      vertex -11 0 3.5
      vertex -11 0 20.2
    endloop
  endfacet
  facet normal 0.999462 0.0327859 0
    outer loop
      vertex -11 0 3.5
      vertex -10.9764 -0.719434 20.2
      vertex -10.9764 -0.719434 3.5
    endloop
  endfacet
  facet normal 0.999462 0.0327859 0
    outer loop
      vertex -10.9764 -0.719434 0.5
      vertex -11 0 0
      vertex -11 0 0.5
    endloop
  endfacet
  facet normal 0.999462 0.0327859 0
    outer loop
      vertex -11 0 0
      vertex -10.9764 -0.719434 0.5
      vertex -10.9764 -0.719434 0
    endloop
  endfacet
  facet normal 0.995192 0.0979416 0
    outer loop
      vertex -10.9059 -1.43579 20.2
      vertex -10.9764 -0.719434 3.5
      vertex -10.9764 -0.719434 20.2
    endloop
  endfacet
  facet normal 0.995192 0.0979416 0
    outer loop
      vertex -10.9764 -0.719434 3.5
      vertex -10.9059 -1.43579 20.2
      vertex -10.9059 -1.43579 3.5
    endloop
  endfacet
  facet normal 0.995192 0.0979416 0
    outer loop
      vertex -10.9059 -1.43579 0.5
      vertex -10.9764 -0.719434 0
      vertex -10.9764 -0.719434 0.5
    endloop
  endfacet
  facet normal 0.995192 0.0979416 0
    outer loop
      vertex -10.9764 -0.719434 0
      vertex -10.9059 -1.43579 0.5
      vertex -10.9059 -1.43579 0
    endloop
  endfacet
  facet normal 0.88192 0.471399 0
    outer loop
      vertex -9.52628 -5.5 20.2
      vertex -9.8656 -4.86518 3.5
      vertex -9.8656 -4.86518 20.2
    endloop
  endfacet
  facet normal 0.88192 0.471399 0
    outer loop
      vertex -9.8656 -4.86518 3.5
      vertex -9.52628 -5.5 20.2
      vertex -9.52628 -5.5 3.5
    endloop
  endfacet
  facet normal 0.88192 0.471399 0
    outer loop
      vertex -9.52628 -5.5 0.5
      vertex -9.8656 -4.86518 0
      vertex -9.8656 -4.86518 0.5
    endloop
  endfacet
  facet normal 0.88192 0.471399 0
    outer loop
      vertex -9.8656 -4.86518 0
      vertex -9.52628 -5.5 0.5
      vertex -9.52628 -5.5 0
    endloop
  endfacet
  facet normal 0.812851 0.582472 0
    outer loop
      vertex -8.72689 -6.69637 20.2
      vertex -9.14616 -6.11127 3.5
      vertex -9.14616 -6.11127 20.2
    endloop
  endfacet
  facet normal 0.812851 0.582472 0
    outer loop
      vertex -9.14616 -6.11127 3.5
      vertex -8.72689 -6.69637 20.2
      vertex -8.72689 -6.69637 3.5
    endloop
  endfacet
  facet normal 0.812851 0.582472 0
    outer loop
      vertex -8.72689 -6.69637 0.5
      vertex -9.14616 -6.11127 0
      vertex -9.14616 -6.11127 0.5
    endloop
  endfacet
  facet normal 0.812851 0.582472 0
    outer loop
      vertex -9.14616 -6.11127 0
      vertex -8.72689 -6.69637 0.5
      vertex -8.72689 -6.69637 0
    endloop
  endfacet
  facet normal 0.773011 0.634393 0
    outer loop
      vertex -8.27024 -7.2528 20.2
      vertex -8.72689 -6.69637 3.5
      vertex -8.72689 -6.69637 20.2
    endloop
  endfacet
  facet normal 0.773011 0.634393 0
    outer loop
      vertex -8.72689 -6.69637 3.5
      vertex -8.27024 -7.2528 20.2
      vertex -8.27024 -7.2528 3.5
    endloop
  endfacet
  facet normal 0.773011 0.634393 0
    outer loop
      vertex -8.27024 -7.2528 0.5
      vertex -8.72689 -6.69637 0
      vertex -8.72689 -6.69637 0.5
    endloop
  endfacet
  facet normal 0.773011 0.634393 0
    outer loop
      vertex -8.72689 -6.69637 0
      vertex -8.27024 -7.2528 0.5
      vertex -8.27024 -7.2528 0
    endloop
  endfacet
  facet normal 0.773011 -0.634393 0
    outer loop
      vertex -8.72689 6.69637 20.2
      vertex -8.27024 7.2528 3.5
      vertex -8.27024 7.2528 20.2
    endloop
  endfacet
  facet normal 0.773011 -0.634393 0
    outer loop
      vertex -8.27024 7.2528 3.5
      vertex -8.72689 6.69637 20.2
      vertex -8.72689 6.69637 3.5
    endloop
  endfacet
  facet normal 0.773011 -0.634393 0
    outer loop
      vertex -8.72689 6.69637 0.5
      vertex -8.27024 7.2528 0
      vertex -8.27024 7.2528 0.5
    endloop
  endfacet
  facet normal 0.773011 -0.634393 0
    outer loop
      vertex -8.27024 7.2528 0
      vertex -8.72689 6.69637 0.5
      vertex -8.72689 6.69637 0
    endloop
  endfacet
  facet normal 0.471399 -0.88192 0
    outer loop
      vertex -5.5 9.52628 3.5
      vertex -4.86518 9.8656 20.2
      vertex -5.5 9.52628 20.2
    endloop
  endfacet
  facet normal 0.471399 -0.88192 0
    outer loop
      vertex -4.86518 9.8656 20.2
      vertex -5.5 9.52628 3.5
      vertex -4.86518 9.8656 3.5
    endloop
  endfacet
  facet normal 0.471399 -0.88192 0
    outer loop
      vertex -5.5 9.52628 0
      vertex -4.86518 9.8656 0.5
      vertex -5.5 9.52628 0.5
    endloop
  endfacet
  facet normal 0.471399 -0.88192 0
    outer loop
      vertex -4.86518 9.8656 0.5
      vertex -5.5 9.52628 0
      vertex -4.86518 9.8656 0
    endloop
  endfacet
  facet normal -0.973894 0.227004 0
    outer loop
      vertex 10.6252 -2.84701 3.5
      vertex 10.7886 -2.14599 20.2
      vertex 10.7886 -2.14599 3.5
    endloop
  endfacet
  facet normal -0.973894 0.227004 0
    outer loop
      vertex 10.7886 -2.14599 20.2
      vertex 10.6252 -2.84701 3.5
      vertex 10.6252 -2.84701 20.2
    endloop
  endfacet
  facet normal -0.973894 0.227004 0
    outer loop
      vertex 10.6252 -2.84701 0
      vertex 10.7886 -2.14599 0.5
      vertex 10.7886 -2.14599 0
    endloop
  endfacet
  facet normal -0.973894 0.227004 0
    outer loop
      vertex 10.7886 -2.14599 0.5
      vertex 10.6252 -2.84701 0
      vertex 10.6252 -2.84701 0.5
    endloop
  endfacet
  facet normal -0.910851 0.412735 0
    outer loop
      vertex 9.8656 -4.86518 3.5
      vertex 10.1627 -4.20952 20.2
      vertex 10.1627 -4.20952 3.5
    endloop
  endfacet
  facet normal -0.910851 0.412735 0
    outer loop
      vertex 10.1627 -4.20952 20.2
      vertex 9.8656 -4.86518 3.5
      vertex 9.8656 -4.86518 20.2
    endloop
  endfacet
  facet normal -0.910851 0.412735 0
    outer loop
      vertex 9.8656 -4.86518 0
      vertex 10.1627 -4.20952 0.5
      vertex 10.1627 -4.20952 0
    endloop
  endfacet
  facet normal -0.910851 0.412735 0
    outer loop
      vertex 10.1627 -4.20952 0.5
      vertex 9.8656 -4.86518 0
      vertex 9.8656 -4.86518 0.5
    endloop
  endfacet
  facet normal -0.812851 0.582472 0
    outer loop
      vertex 8.72689 -6.69637 3.5
      vertex 9.14616 -6.11127 20.2
      vertex 9.14616 -6.11127 3.5
    endloop
  endfacet
  facet normal -0.812851 0.582472 0
    outer loop
      vertex 9.14616 -6.11127 20.2
      vertex 8.72689 -6.69637 3.5
      vertex 8.72689 -6.69637 20.2
    endloop
  endfacet
  facet normal -0.812851 0.582472 0
    outer loop
      vertex 8.72689 -6.69637 0
      vertex 9.14616 -6.11127 0.5
      vertex 9.14616 -6.11127 0
    endloop
  endfacet
  facet normal -0.812851 0.582472 0
    outer loop
      vertex 9.14616 -6.11127 0.5
      vertex 8.72689 -6.69637 0
      vertex 8.72689 -6.69637 0.5
    endloop
  endfacet
  facet normal 0.290347 0.956922 -0
    outer loop
      vertex -2.84701 -10.6252 3.5
      vertex -3.53583 -10.4162 20.2
      vertex -2.84701 -10.6252 20.2
    endloop
  endfacet
  facet normal 0.290347 0.956922 0
    outer loop
      vertex -3.53583 -10.4162 20.2
      vertex -2.84701 -10.6252 3.5
      vertex -3.53583 -10.4162 3.5
    endloop
  endfacet
  facet normal 0.290347 0.956922 -0
    outer loop
      vertex -2.84701 -10.6252 0
      vertex -3.53583 -10.4162 0.5
      vertex -2.84701 -10.6252 0.5
    endloop
  endfacet
  facet normal 0.290347 0.956922 0
    outer loop
      vertex -3.53583 -10.4162 0.5
      vertex -2.84701 -10.6252 0
      vertex -3.53583 -10.4162 0
    endloop
  endfacet
  facet normal 0.849197 0.528076 0
    outer loop
      vertex -9.14616 -6.11127 20.2
      vertex -9.52628 -5.5 3.5
      vertex -9.52628 -5.5 20.2
    endloop
  endfacet
  facet normal 0.849197 0.528076 0
    outer loop
      vertex -9.52628 -5.5 3.5
      vertex -9.14616 -6.11127 20.2
      vertex -9.14616 -6.11127 3.5
    endloop
  endfacet
  facet normal 0.849197 0.528076 0
    outer loop
      vertex -9.14616 -6.11127 0.5
      vertex -9.52628 -5.5 0
      vertex -9.52628 -5.5 0.5
    endloop
  endfacet
  facet normal 0.849197 0.528076 0
    outer loop
      vertex -9.52628 -5.5 0
      vertex -9.14616 -6.11127 0.5
      vertex -9.14616 -6.11127 0
    endloop
  endfacet
  facet normal -0.773011 0.634393 0
    outer loop
      vertex 8.27024 -7.2528 3.5
      vertex 8.72689 -6.69637 20.2
      vertex 8.72689 -6.69637 3.5
    endloop
  endfacet
  facet normal -0.773011 0.634393 0
    outer loop
      vertex 8.72689 -6.69637 20.2
      vertex 8.27024 -7.2528 3.5
      vertex 8.27024 -7.2528 20.2
    endloop
  endfacet
  facet normal -0.773011 0.634393 0
    outer loop
      vertex 8.27024 -7.2528 0
      vertex 8.72689 -6.69637 0.5
      vertex 8.72689 -6.69637 0
    endloop
  endfacet
  facet normal -0.773011 0.634393 0
    outer loop
      vertex 8.72689 -6.69637 0.5
      vertex 8.27024 -7.2528 0
      vertex 8.27024 -7.2528 0.5
    endloop
  endfacet
  facet normal -0.88192 0.471399 0
    outer loop
      vertex 9.52628 -5.5 3.5
      vertex 9.8656 -4.86518 20.2
      vertex 9.8656 -4.86518 3.5
    endloop
  endfacet
  facet normal -0.88192 0.471399 0
    outer loop
      vertex 9.8656 -4.86518 20.2
      vertex 9.52628 -5.5 3.5
      vertex 9.52628 -5.5 20.2
    endloop
  endfacet
  facet normal -0.88192 0.471399 0
    outer loop
      vertex 9.52628 -5.5 0
      vertex 9.8656 -4.86518 0.5
      vertex 9.8656 -4.86518 0
    endloop
  endfacet
  facet normal -0.88192 0.471399 0
    outer loop
      vertex 9.8656 -4.86518 0.5
      vertex 9.52628 -5.5 0
      vertex 9.52628 -5.5 0.5
    endloop
  endfacet
  facet normal 0.986638 0.162926 0
    outer loop
      vertex 19.705 2.59421 14.2
      vertex 19.4931 3.87742 0
      vertex 19.4931 3.87742 14.2
    endloop
  endfacet
  facet normal 0.986638 0.162926 0
    outer loop
      vertex 19.4931 3.87742 0
      vertex 19.705 2.59421 14.2
      vertex 19.705 2.59421 0
    endloop
  endfacet
  facet normal 0.729834 0.683624 0
    outer loop
      vertex 14.9428 13.1045 14.2
      vertex 14.0537 14.0537 0
      vertex 14.0537 14.0537 14.2
    endloop
  endfacet
  facet normal 0.729834 0.683624 0
    outer loop
      vertex 14.0537 14.0537 0
      vertex 14.9428 13.1045 14.2
      vertex 14.9428 13.1045 0
    endloop
  endfacet
  facet normal -0.683624 0.729834 0
    outer loop
      vertex -13.1045 14.9428 0
      vertex -14.0537 14.0537 14.2
      vertex -13.1045 14.9428 14.2
    endloop
  endfacet
  facet normal -0.683624 0.729834 0
    outer loop
      vertex -14.0537 14.0537 14.2
      vertex -13.1045 14.9428 0
      vertex -14.0537 14.0537 0
    endloop
  endfacet
  facet normal -0.35223 0.935913 0
    outer loop
      vertex -6.38861 18.8202 0
      vertex -7.60583 18.3621 14.2
      vertex -6.38861 18.8202 14.2
    endloop
  endfacet
  facet normal -0.35223 0.935913 0
    outer loop
      vertex -7.60583 18.3621 14.2
      vertex -6.38861 18.8202 0
      vertex -7.60583 18.3621 0
    endloop
  endfacet
  facet normal -0.729834 -0.683624 0
    outer loop
      vertex -14.0537 -14.0537 0
      vertex -14.9428 -13.1045 14.2
      vertex -14.9428 -13.1045 0
    endloop
  endfacet
  facet normal -0.729834 -0.683624 0
    outer loop
      vertex -14.9428 -13.1045 14.2
      vertex -14.0537 -14.0537 0
      vertex -14.0537 -14.0537 14.2
    endloop
  endfacet
  facet normal -0.84921 0.528056 0
    outer loop
      vertex -17.2123 9.9375 0
      vertex -16.5255 11.042 14.2
      vertex -16.5255 11.042 0
    endloop
  endfacet
  facet normal -0.84921 0.528056 0
    outer loop
      vertex -16.5255 11.042 14.2
      vertex -17.2123 9.9375 0
      vertex -17.2123 9.9375 14.2
    endloop
  endfacet
  facet normal -0.773014 0.634388 0
    outer loop
      vertex -15.7679 12.0991 0
      vertex -14.9428 13.1045 14.2
      vertex -14.9428 13.1045 0
    endloop
  endfacet
  facet normal -0.773014 0.634388 0
    outer loop
      vertex -14.9428 13.1045 14.2
      vertex -15.7679 12.0991 0
      vertex -15.7679 12.0991 14.2
    endloop
  endfacet
  facet normal 0.88195 -0.471343 0
    outer loop
      vertex 17.2123 -9.9375 14.2
      vertex 17.8253 -8.79049 0
      vertex 17.8253 -8.79049 14.2
    endloop
  endfacet
  facet normal 0.88195 -0.471343 0
    outer loop
      vertex 17.8253 -8.79049 0
      vertex 17.2123 -9.9375 14.2
      vertex 17.2123 -9.9375 0
    endloop
  endfacet
  facet normal 0.227053 -0.973882 0
    outer loop
      vertex 3.87742 -19.4931 0
      vertex 5.14403 -19.1978 14.2
      vertex 3.87742 -19.4931 14.2
    endloop
  endfacet
  facet normal 0.227053 -0.973882 0
    outer loop
      vertex 5.14403 -19.1978 14.2
      vertex 3.87742 -19.4931 0
      vertex 5.14403 -19.1978 0
    endloop
  endfacet
  facet normal 0.683624 -0.729834 0
    outer loop
      vertex 13.1045 -14.9428 0
      vertex 14.0537 -14.0537 14.2
      vertex 13.1045 -14.9428 14.2
    endloop
  endfacet
  facet normal 0.683624 -0.729834 0
    outer loop
      vertex 14.0537 -14.0537 14.2
      vertex 13.1045 -14.9428 0
      vertex 14.0537 -14.0537 0
    endloop
  endfacet
  facet normal 0.773014 -0.634388 0
    outer loop
      vertex 14.9428 -13.1045 14.2
      vertex 15.7679 -12.0991 0
      vertex 15.7679 -12.0991 14.2
    endloop
  endfacet
  facet normal 0.773014 -0.634388 0
    outer loop
      vertex 15.7679 -12.0991 0
      vertex 14.9428 -13.1045 14.2
      vertex 14.9428 -13.1045 0
    endloop
  endfacet
  facet normal 0.999463 -0.0327544 0
    outer loop
      vertex 19.8324 -1.29989 14.2
      vertex 19.875 0 0
      vertex 19.875 0 14.2
    endloop
  endfacet
  facet normal 0.999463 -0.0327544 0
    outer loop
      vertex 19.875 0 0
      vertex 19.8324 -1.29989 14.2
      vertex 19.8324 -1.29989 0
    endloop
  endfacet
  facet normal -0.35223 -0.935913 0
    outer loop
      vertex -7.60583 -18.3621 0
      vertex -6.38861 -18.8202 14.2
      vertex -7.60583 -18.3621 14.2
    endloop
  endfacet
  facet normal -0.35223 -0.935913 -0
    outer loop
      vertex -6.38861 -18.8202 14.2
      vertex -7.60583 -18.3621 0
      vertex -6.38861 -18.8202 0
    endloop
  endfacet
  facet normal -0.528056 -0.84921 0
    outer loop
      vertex -11.042 -16.5255 0
      vertex -9.9375 -17.2123 14.2
      vertex -11.042 -16.5255 14.2
    endloop
  endfacet
  facet normal -0.528056 -0.84921 -0
    outer loop
      vertex -9.9375 -17.2123 14.2
      vertex -11.042 -16.5255 0
      vertex -9.9375 -17.2123 0
    endloop
  endfacet
  facet normal -0.973882 -0.227053 0
    outer loop
      vertex -19.1978 -5.14403 0
      vertex -19.4931 -3.87742 14.2
      vertex -19.4931 -3.87742 0
    endloop
  endfacet
  facet normal -0.973882 -0.227053 0
    outer loop
      vertex -19.4931 -3.87742 14.2
      vertex -19.1978 -5.14403 0
      vertex -19.1978 -5.14403 14.2
    endloop
  endfacet
  facet normal 0.995191 0.0979567 0
    outer loop
      vertex 19.8324 1.29989 14.2
      vertex 19.705 2.59421 0
      vertex 19.705 2.59421 14.2
    endloop
  endfacet
  facet normal 0.995191 0.0979567 0
    outer loop
      vertex 19.705 2.59421 0
      vertex 19.8324 1.29989 14.2
      vertex 19.8324 1.29989 0
    endloop
  endfacet
  facet normal 0.935913 0.35223 0
    outer loop
      vertex 18.8202 6.38861 14.2
      vertex 18.3621 7.60583 0
      vertex 18.3621 7.60583 14.2
    endloop
  endfacet
  facet normal 0.935913 0.35223 0
    outer loop
      vertex 18.3621 7.60583 0
      vertex 18.8202 6.38861 14.2
      vertex 18.8202 6.38861 0
    endloop
  endfacet
  facet normal 0.956927 0.290327 0
    outer loop
      vertex 19.1978 5.14403 14.2
      vertex 18.8202 6.38861 0
      vertex 18.8202 6.38861 14.2
    endloop
  endfacet
  facet normal 0.956927 0.290327 0
    outer loop
      vertex 18.8202 6.38861 0
      vertex 19.1978 5.14403 14.2
      vertex 19.1978 5.14403 0
    endloop
  endfacet
  facet normal 0.84921 0.528056 0
    outer loop
      vertex 17.2123 9.9375 14.2
      vertex 16.5255 11.042 0
      vertex 16.5255 11.042 14.2
    endloop
  endfacet
  facet normal 0.84921 0.528056 0
    outer loop
      vertex 16.5255 11.042 0
      vertex 17.2123 9.9375 14.2
      vertex 17.2123 9.9375 0
    endloop
  endfacet
  facet normal 0.290327 0.956927 -0
    outer loop
      vertex 6.38861 18.8202 0
      vertex 5.14403 19.1978 14.2
      vertex 6.38861 18.8202 14.2
    endloop
  endfacet
  facet normal 0.290327 0.956927 0
    outer loop
      vertex 5.14403 19.1978 14.2
      vertex 6.38861 18.8202 0
      vertex 5.14403 19.1978 0
    endloop
  endfacet
  facet normal 0.162926 0.986638 -0
    outer loop
      vertex 3.87742 19.4931 0
      vertex 2.59421 19.705 14.2
      vertex 3.87742 19.4931 14.2
    endloop
  endfacet
  facet normal 0.162926 0.986638 0
    outer loop
      vertex 2.59421 19.705 14.2
      vertex 3.87742 19.4931 0
      vertex 2.59421 19.705 0
    endloop
  endfacet
  facet normal 0.683624 0.729834 -0
    outer loop
      vertex 14.0537 14.0537 0
      vertex 13.1045 14.9428 14.2
      vertex 14.0537 14.0537 14.2
    endloop
  endfacet
  facet normal 0.683624 0.729834 0
    outer loop
      vertex 13.1045 14.9428 14.2
      vertex 14.0537 14.0537 0
      vertex 13.1045 14.9428 0
    endloop
  endfacet
  facet normal 0.528056 0.84921 -0
    outer loop
      vertex 11.042 16.5255 0
      vertex 9.9375 17.2123 14.2
      vertex 11.042 16.5255 14.2
    endloop
  endfacet
  facet normal 0.528056 0.84921 0
    outer loop
      vertex 9.9375 17.2123 14.2
      vertex 11.042 16.5255 0
      vertex 9.9375 17.2123 0
    endloop
  endfacet
  facet normal 0.634388 0.773014 -0
    outer loop
      vertex 13.1045 14.9428 0
      vertex 12.0991 15.7679 14.2
      vertex 13.1045 14.9428 14.2
    endloop
  endfacet
  facet normal 0.634388 0.773014 0
    outer loop
      vertex 12.0991 15.7679 14.2
      vertex 13.1045 14.9428 0
      vertex 12.0991 15.7679 0
    endloop
  endfacet
  facet normal -0.729834 0.683624 0
    outer loop
      vertex -14.9428 13.1045 0
      vertex -14.0537 14.0537 14.2
      vertex -14.0537 14.0537 0
    endloop
  endfacet
  facet normal -0.729834 0.683624 0
    outer loop
      vertex -14.0537 14.0537 14.2
      vertex -14.9428 13.1045 0
      vertex -14.9428 13.1045 14.2
    endloop
  endfacet
  facet normal -0.956927 0.290327 0
    outer loop
      vertex -19.1978 5.14403 0
      vertex -18.8202 6.38861 14.2
      vertex -18.8202 6.38861 0
    endloop
  endfacet
  facet normal -0.956927 0.290327 0
    outer loop
      vertex -18.8202 6.38861 14.2
      vertex -19.1978 5.14403 0
      vertex -19.1978 5.14403 14.2
    endloop
  endfacet
  facet normal -0.986638 0.162926 0
    outer loop
      vertex -19.705 2.59421 0
      vertex -19.4931 3.87742 14.2
      vertex -19.4931 3.87742 0
    endloop
  endfacet
  facet normal -0.986638 0.162926 0
    outer loop
      vertex -19.4931 3.87742 14.2
      vertex -19.705 2.59421 0
      vertex -19.705 2.59421 14.2
    endloop
  endfacet
  facet normal -0.471343 0.88195 0
    outer loop
      vertex -8.79049 17.8253 0
      vertex -9.9375 17.2123 14.2
      vertex -8.79049 17.8253 14.2
    endloop
  endfacet
  facet normal -0.471343 0.88195 0
    outer loop
      vertex -9.9375 17.2123 14.2
      vertex -8.79049 17.8253 0
      vertex -9.9375 17.2123 0
    endloop
  endfacet
  facet normal -0.528056 0.84921 0
    outer loop
      vertex -9.9375 17.2123 0
      vertex -11.042 16.5255 14.2
      vertex -9.9375 17.2123 14.2
    endloop
  endfacet
  facet normal -0.528056 0.84921 0
    outer loop
      vertex -11.042 16.5255 14.2
      vertex -9.9375 17.2123 0
      vertex -11.042 16.5255 0
    endloop
  endfacet
  facet normal -0.162926 0.986638 0
    outer loop
      vertex -2.59421 19.705 0
      vertex -3.87742 19.4931 14.2
      vertex -2.59421 19.705 14.2
    endloop
  endfacet
  facet normal -0.162926 0.986638 0
    outer loop
      vertex -3.87742 19.4931 14.2
      vertex -2.59421 19.705 0
      vertex -3.87742 19.4931 0
    endloop
  endfacet
  facet normal 0.162926 -0.986638 0
    outer loop
      vertex 2.59421 -19.705 0
      vertex 3.87742 -19.4931 14.2
      vertex 2.59421 -19.705 14.2
    endloop
  endfacet
  facet normal 0.162926 -0.986638 0
    outer loop
      vertex 3.87742 -19.4931 14.2
      vertex 2.59421 -19.705 0
      vertex 3.87742 -19.4931 0
    endloop
  endfacet
  facet normal 0.812813 -0.582525 0
    outer loop
      vertex 15.7679 -12.0991 14.2
      vertex 16.5255 -11.042 0
      vertex 16.5255 -11.042 14.2
    endloop
  endfacet
  facet normal 0.812813 -0.582525 0
    outer loop
      vertex 16.5255 -11.042 0
      vertex 15.7679 -12.0991 14.2
      vertex 15.7679 -12.0991 0
    endloop
  endfacet
  facet normal 0.986638 -0.162926 0
    outer loop
      vertex 19.4931 -3.87742 14.2
      vertex 19.705 -2.59421 0
      vertex 19.705 -2.59421 14.2
    endloop
  endfacet
  facet normal 0.986638 -0.162926 0
    outer loop
      vertex 19.705 -2.59421 0
      vertex 19.4931 -3.87742 14.2
      vertex 19.4931 -3.87742 0
    endloop
  endfacet
  facet normal 0.995191 -0.0979567 0
    outer loop
      vertex 19.705 -2.59421 14.2
      vertex 19.8324 -1.29989 0
      vertex 19.8324 -1.29989 14.2
    endloop
  endfacet
  facet normal 0.995191 -0.0979567 0
    outer loop
      vertex 19.8324 -1.29989 0
      vertex 19.705 -2.59421 14.2
      vertex 19.705 -2.59421 0
    endloop
  endfacet
  facet normal -0.162926 -0.986638 0
    outer loop
      vertex -3.87742 -19.4931 0
      vertex -2.59421 -19.705 14.2
      vertex -3.87742 -19.4931 14.2
    endloop
  endfacet
  facet normal -0.162926 -0.986638 -0
    outer loop
      vertex -2.59421 -19.705 14.2
      vertex -3.87742 -19.4931 0
      vertex -2.59421 -19.705 0
    endloop
  endfacet
  facet normal -0.683624 -0.729834 0
    outer loop
      vertex -14.0537 -14.0537 0
      vertex -13.1045 -14.9428 14.2
      vertex -14.0537 -14.0537 14.2
    endloop
  endfacet
  facet normal -0.683624 -0.729834 -0
    outer loop
      vertex -13.1045 -14.9428 14.2
      vertex -14.0537 -14.0537 0
      vertex -13.1045 -14.9428 0
    endloop
  endfacet
  facet normal -0.471343 -0.88195 0
    outer loop
      vertex -9.9375 -17.2123 0
      vertex -8.79049 -17.8253 14.2
      vertex -9.9375 -17.2123 14.2
    endloop
  endfacet
  facet normal -0.471343 -0.88195 -0
    outer loop
      vertex -8.79049 -17.8253 14.2
      vertex -9.9375 -17.2123 0
      vertex -8.79049 -17.8253 0
    endloop
  endfacet
  facet normal -0.290327 -0.956927 0
    outer loop
      vertex -6.38861 -18.8202 0
      vertex -5.14403 -19.1978 14.2
      vertex -6.38861 -18.8202 14.2
    endloop
  endfacet
  facet normal -0.290327 -0.956927 -0
    outer loop
      vertex -5.14403 -19.1978 14.2
      vertex -6.38861 -18.8202 0
      vertex -5.14403 -19.1978 0
    endloop
  endfacet
  facet normal -0.0327544 -0.999463 0
    outer loop
      vertex -1.29989 -19.8324 0
      vertex 0 -19.875 14.2
      vertex -1.29989 -19.8324 14.2
    endloop
  endfacet
  facet normal -0.0327544 -0.999463 -0
    outer loop
      vertex 0 -19.875 14.2
      vertex -1.29989 -19.8324 0
      vertex 0 -19.875 0
    endloop
  endfacet
  facet normal -0.995191 -0.0979567 0
    outer loop
      vertex -19.705 -2.59421 0
      vertex -19.8324 -1.29989 14.2
      vertex -19.8324 -1.29989 0
    endloop
  endfacet
  facet normal -0.995191 -0.0979567 0
    outer loop
      vertex -19.8324 -1.29989 14.2
      vertex -19.705 -2.59421 0
      vertex -19.705 -2.59421 14.2
    endloop
  endfacet
  facet normal 0 0 -1
    outer loop
      vertex 11 0 0
      vertex 19.875 0 0
      vertex 19.8324 -1.29989 0
    endloop
  endfacet
  facet normal 0 0 -1
    outer loop
      vertex 10.9764 -0.719434 0
      vertex 19.8324 -1.29989 0
      vertex 19.705 -2.59421 0
    endloop
  endfacet
  facet normal 0 0 -1
    outer loop
      vertex 19.875 0 0
      vertex 11 0 0
      vertex 19.8324 1.29989 0
    endloop
  endfacet
  facet normal 0 0 -1
    outer loop
      vertex 10.9059 -1.43579 0
      vertex 19.705 -2.59421 0
      vertex 19.4931 -3.87742 0
    endloop
  endfacet
  facet normal 0 0 -1
    outer loop
      vertex 10.9764 0.719434 0
      vertex 19.8324 1.29989 0
      vertex 11 0 0
    endloop
  endfacet
  facet normal 0 0 -1
    outer loop
      vertex 10.7886 -2.14599 0
      vertex 19.4931 -3.87742 0
      vertex 19.1978 -5.14403 0
    endloop
  endfacet
  facet normal -0 0 -1
    outer loop
      vertex 19.8324 1.29989 0
      vertex 10.9764 0.719434 0
      vertex 19.705 2.59421 0
    endloop
  endfacet
  facet normal 0 0 -1
    outer loop
      vertex 10.6252 -2.84701 0
      vertex 19.1978 -5.14403 0
      vertex 18.8202 -6.38861 0
    endloop
  endfacet
  facet normal 0 0 -1
    outer loop
      vertex 10.9059 1.43579 0
      vertex 19.705 2.59421 0
      vertex 10.9764 0.719434 0
    endloop
  endfacet
  facet normal 0 0 -1
    outer loop
      vertex 10.4162 -3.53583 0
      vertex 18.8202 -6.38861 0
      vertex 18.3621 -7.60583 0
    endloop
  endfacet
  facet normal -0 0 -1
    outer loop
      vertex 19.705 2.59421 0
      vertex 10.9059 1.43579 0
      vertex 19.4931 3.87742 0
    endloop
  endfacet
  facet normal 0 0 -1
    outer loop
      vertex 10.1627 -4.20952 0
      vertex 18.3621 -7.60583 0
      vertex 17.8253 -8.79049 0
    endloop
  endfacet
  facet normal 0 0 -1
    outer loop
      vertex 10.7886 2.14599 0
      vertex 19.4931 3.87742 0
      vertex 10.9059 1.43579 0
    endloop
  endfacet
  facet normal 0 0 -1
    outer loop
      vertex 9.8656 -4.86518 0
      vertex 17.8253 -8.79049 0
      vertex 17.2123 -9.9375 0
    endloop
  endfacet
  facet normal -0 0 -1
    outer loop
      vertex 19.4931 3.87742 0
      vertex 10.7886 2.14599 0
      vertex 19.1978 5.14403 0
    endloop
  endfacet
  facet normal 0 0 -1
    outer loop
      vertex 9.52628 -5.5 0
      vertex 17.2123 -9.9375 0
      vertex 16.5255 -11.042 0
    endloop
  endfacet
  facet normal 0 0 -1
    outer loop
      vertex 10.6252 2.84701 0
      vertex 19.1978 5.14403 0
      vertex 10.7886 2.14599 0
    endloop
  endfacet
  facet normal 0 0 -1
    outer loop
      vertex 9.14616 -6.11127 0
      vertex 16.5255 -11.042 0
      vertex 15.7679 -12.0991 0
    endloop
  endfacet
  facet normal -0 0 -1
    outer loop
      vertex 19.1978 5.14403 0
      vertex 10.6252 2.84701 0
      vertex 18.8202 6.38861 0
    endloop
  endfacet
  facet normal 0 0 -1
    outer loop
      vertex 8.72689 -6.69637 0
      vertex 15.7679 -12.0991 0
      vertex 14.9428 -13.1045 0
    endloop
  endfacet
  facet normal 0 0 -1
    outer loop
      vertex 10.4162 3.53583 0
      vertex 18.8202 6.38861 0
      vertex 10.6252 2.84701 0
    endloop
  endfacet
  facet normal 0 0 -1
    outer loop
      vertex 8.27024 -7.2528 0
      vertex 14.9428 -13.1045 0
      vertex 14.0537 -14.0537 0
    endloop
  endfacet
  facet normal -0 0 -1
    outer loop
      vertex 18.8202 6.38861 0
      vertex 10.4162 3.53583 0
      vertex 18.3621 7.60583 0
    endloop
  endfacet
  facet normal 0 0 -1
    outer loop
      vertex 7.77817 -7.77817 0
      vertex 14.0537 -14.0537 0
      vertex 13.1045 -14.9428 0
    endloop
  endfacet
  facet normal 0 0 -1
    outer loop
      vertex 10.1627 4.20952 0
      vertex 18.3621 7.60583 0
      vertex 10.4162 3.53583 0
    endloop
  endfacet
  facet normal 0 0 -1
    outer loop
      vertex 7.2528 -8.27024 0
      vertex 13.1045 -14.9428 0
      vertex 12.0991 -15.7679 0
    endloop
  endfacet
  facet normal -0 0 -1
    outer loop
      vertex 18.3621 7.60583 0
      vertex 10.1627 4.20952 0
      vertex 17.8253 8.79049 0
    endloop
  endfacet
  facet normal 0 0 -1
    outer loop
      vertex 6.69637 -8.72689 0
      vertex 12.0991 -15.7679 0
      vertex 11.042 -16.5255 0
    endloop
  endfacet
  facet normal 0 0 -1
    outer loop
      vertex 9.8656 4.86518 0
      vertex 17.8253 8.79049 0
      vertex 10.1627 4.20952 0
    endloop
  endfacet
  facet normal -0 0 -1
    outer loop
      vertex 17.8253 8.79049 0
      vertex 9.8656 4.86518 0
      vertex 17.2123 9.9375 0
    endloop
  endfacet
  facet normal 0 0 -1
    outer loop
      vertex 19.8324 -1.29989 0
      vertex 10.9764 -0.719434 0
      vertex 11 0 0
    endloop
  endfacet
  facet normal 0 0 -1
    outer loop
      vertex 19.705 -2.59421 0
      vertex 10.9059 -1.43579 0
      vertex 10.9764 -0.719434 0
    endloop
  endfacet
  facet normal 0 0 -1
    outer loop
      vertex 19.4931 -3.87742 0
      vertex 10.7886 -2.14599 0
      vertex 10.9059 -1.43579 0
    endloop
  endfacet
  facet normal 0 0 -1
    outer loop
      vertex 19.1978 -5.14403 0
      vertex 10.6252 -2.84701 0
      vertex 10.7886 -2.14599 0
    endloop
  endfacet
  facet normal 0 0 -1
    outer loop
      vertex 18.8202 -6.38861 0
      vertex 10.4162 -3.53583 0
      vertex 10.6252 -2.84701 0
    endloop
  endfacet
  facet normal 0 0 -1
    outer loop
      vertex 18.3621 -7.60583 0
      vertex 10.1627 -4.20952 0
      vertex 10.4162 -3.53583 0
    endloop
  endfacet
  facet normal 0 0 -1
    outer loop
      vertex 6.11127 -9.14616 0
      vertex 11.042 -16.5255 0
      vertex 9.9375 -17.2123 0
    endloop
  endfacet
  facet normal 0 0 -1
    outer loop
      vertex 17.8253 -8.79049 0
      vertex 9.8656 -4.86518 0
      vertex 10.1627 -4.20952 0
    endloop
  endfacet
  facet normal 0 0 -1
    outer loop
      vertex 17.2123 -9.9375 0
      vertex 9.52628 -5.5 0
      vertex 9.8656 -4.86518 0
    endloop
  endfacet
  facet normal 0 0 -1
    outer loop
      vertex 16.5255 -11.042 0
      vertex 9.14616 -6.11127 0
      vertex 9.52628 -5.5 0
    endloop
  endfacet
  facet normal 0 0 -1
    outer loop
      vertex 5.5 -9.52628 0
      vertex 9.9375 -17.2123 0
      vertex 8.79049 -17.8253 0
    endloop
  endfacet
  facet normal 0 0 -1
    outer loop
      vertex 15.7679 -12.0991 0
      vertex 8.72689 -6.69637 0
      vertex 9.14616 -6.11127 0
    endloop
  endfacet
  facet normal 0 0 -1
    outer loop
      vertex 14.9428 -13.1045 0
      vertex 8.27024 -7.2528 0
      vertex 8.72689 -6.69637 0
    endloop
  endfacet
  facet normal 0 0 -1
    outer loop
      vertex 14.0537 -14.0537 0
      vertex 7.77817 -7.77817 0
      vertex 8.27024 -7.2528 0
    endloop
  endfacet
  facet normal 0 0 -1
    outer loop
      vertex 4.86518 -9.8656 0
      vertex 8.79049 -17.8253 0
      vertex 7.60583 -18.3621 0
    endloop
  endfacet
  facet normal 0 0 -1
    outer loop
      vertex 13.1045 -14.9428 0
      vertex 7.2528 -8.27024 0
      vertex 7.77817 -7.77817 0
    endloop
  endfacet
  facet normal 0 0 -1
    outer loop
      vertex 12.0991 -15.7679 0
      vertex 6.69637 -8.72689 0
      vertex 7.2528 -8.27024 0
    endloop
  endfacet
  facet normal 0 0 -1
    outer loop
      vertex 4.20952 -10.1627 0
      vertex 7.60583 -18.3621 0
      vertex 6.38861 -18.8202 0
    endloop
  endfacet
  facet normal 0 0 -1
    outer loop
      vertex 11.042 -16.5255 0
      vertex 6.11127 -9.14616 0
      vertex 6.69637 -8.72689 0
    endloop
  endfacet
  facet normal 0 0 -1
    outer loop
      vertex 9.9375 -17.2123 0
      vertex 5.5 -9.52628 0
      vertex 6.11127 -9.14616 0
    endloop
  endfacet
  facet normal 0 0 -1
    outer loop
      vertex 3.53583 -10.4162 0
      vertex 6.38861 -18.8202 0
      vertex 5.14403 -19.1978 0
    endloop
  endfacet
  facet normal 0 0 -1
    outer loop
      vertex 8.79049 -17.8253 0
      vertex 4.86518 -9.8656 0
      vertex 5.5 -9.52628 0
    endloop
  endfacet
  facet normal 0 0 -1
    outer loop
      vertex 7.60583 -18.3621 0
      vertex 4.20952 -10.1627 0
      vertex 4.86518 -9.8656 0
    endloop
  endfacet
  facet normal 0 0 -1
    outer loop
      vertex 2.84701 -10.6252 0
      vertex 5.14403 -19.1978 0
      vertex 3.87742 -19.4931 0
    endloop
  endfacet
  facet normal 0 0 -1
    outer loop
      vertex 6.38861 -18.8202 0
      vertex 3.53583 -10.4162 0
      vertex 4.20952 -10.1627 0
    endloop
  endfacet
  facet normal 0 0 -1
    outer loop
      vertex 5.14403 -19.1978 0
      vertex 2.84701 -10.6252 0
      vertex 3.53583 -10.4162 0
    endloop
  endfacet
  facet normal 0 0 -1
    outer loop
      vertex 2.14599 -10.7886 0
      vertex 3.87742 -19.4931 0
      vertex 2.59421 -19.705 0
    endloop
  endfacet
  facet normal 0 0 -1
    outer loop
      vertex 3.87742 -19.4931 0
      vertex 2.14599 -10.7886 0
      vertex 2.84701 -10.6252 0
    endloop
  endfacet
  facet normal 0 0 -1
    outer loop
      vertex 2.59421 -19.705 0
      vertex 1.43579 -10.9059 0
      vertex 2.14599 -10.7886 0
    endloop
  endfacet
  facet normal 0 0 -1
    outer loop
      vertex 1.29989 -19.8324 0
      vertex 1.43579 -10.9059 0
      vertex 2.59421 -19.705 0
    endloop
  endfacet
  facet normal 0 0 -1
    outer loop
      vertex 1.29989 -19.8324 0
      vertex 0.719434 -10.9764 0
      vertex 1.43579 -10.9059 0
    endloop
  endfacet
  facet normal 0 0 -1
    outer loop
      vertex 0 -19.875 0
      vertex 0.719434 -10.9764 0
      vertex 1.29989 -19.8324 0
    endloop
  endfacet
  facet normal 0 0 -1
    outer loop
      vertex 0 -19.875 0
      vertex 0 -11 0
      vertex 0.719434 -10.9764 0
    endloop
  endfacet
  facet normal 0 0 -1
    outer loop
      vertex 0 -19.875 0
      vertex -0.719434 -10.9764 0
      vertex 0 -11 0
    endloop
  endfacet
  facet normal 0 0 -1
    outer loop
      vertex -1.29989 -19.8324 0
      vertex -0.719434 -10.9764 0
      vertex 0 -19.875 0
    endloop
  endfacet
  facet normal 0 0 -1
    outer loop
      vertex -1.29989 -19.8324 0
      vertex -1.43579 -10.9059 0
      vertex -0.719434 -10.9764 0
    endloop
  endfacet
  facet normal 0 0 -1
    outer loop
      vertex -2.59421 -19.705 0
      vertex -1.43579 -10.9059 0
      vertex -1.29989 -19.8324 0
    endloop
  endfacet
  facet normal -0 0 -1
    outer loop
      vertex -1.43579 -10.9059 0
      vertex -2.59421 -19.705 0
      vertex -2.14599 -10.7886 0
    endloop
  endfacet
  facet normal 0 0 -1
    outer loop
      vertex -3.87742 -19.4931 0
      vertex -2.14599 -10.7886 0
      vertex -2.59421 -19.705 0
    endloop
  endfacet
  facet normal -0 0 -1
    outer loop
      vertex -2.14599 -10.7886 0
      vertex -3.87742 -19.4931 0
      vertex -2.84701 -10.6252 0
    endloop
  endfacet
  facet normal 0 0 -1
    outer loop
      vertex -5.14403 -19.1978 0
      vertex -2.84701 -10.6252 0
      vertex -3.87742 -19.4931 0
    endloop
  endfacet
  facet normal -0 0 -1
    outer loop
      vertex -2.84701 -10.6252 0
      vertex -5.14403 -19.1978 0
      vertex -3.53583 -10.4162 0
    endloop
  endfacet
  facet normal 0 0 -1
    outer loop
      vertex -6.38861 -18.8202 0
      vertex -3.53583 -10.4162 0
      vertex -5.14403 -19.1978 0
    endloop
  endfacet
  facet normal -0 0 -1
    outer loop
      vertex -3.53583 -10.4162 0
      vertex -6.38861 -18.8202 0
      vertex -4.20952 -10.1627 0
    endloop
  endfacet
  facet normal 0 0 -1
    outer loop
      vertex -7.60583 -18.3621 0
      vertex -4.20952 -10.1627 0
      vertex -6.38861 -18.8202 0
    endloop
  endfacet
  facet normal -0 0 -1
    outer loop
      vertex -4.20952 -10.1627 0
      vertex -7.60583 -18.3621 0
      vertex -4.86518 -9.8656 0
    endloop
  endfacet
  facet normal 0 0 -1
    outer loop
      vertex -8.79049 -17.8253 0
      vertex -4.86518 -9.8656 0
      vertex -7.60583 -18.3621 0
    endloop
  endfacet
  facet normal -0 0 -1
    outer loop
      vertex -4.86518 -9.8656 0
      vertex -8.79049 -17.8253 0
      vertex -5.5 -9.52628 0
    endloop
  endfacet
  facet normal 0 0 -1
    outer loop
      vertex -9.9375 -17.2123 0
      vertex -5.5 -9.52628 0
      vertex -8.79049 -17.8253 0
    endloop
  endfacet
  facet normal -0 0 -1
    outer loop
      vertex -5.5 -9.52628 0
      vertex -9.9375 -17.2123 0
      vertex -6.11127 -9.14616 0
    endloop
  endfacet
  facet normal 0 0 -1
    outer loop
      vertex -11.042 -16.5255 0
      vertex -6.11127 -9.14616 0
      vertex -9.9375 -17.2123 0
    endloop
  endfacet
  facet normal -0 0 -1
    outer loop
      vertex -6.11127 -9.14616 0
      vertex -11.042 -16.5255 0
      vertex -6.69637 -8.72689 0
    endloop
  endfacet
  facet normal 0 0 -1
    outer loop
      vertex -12.0991 -15.7679 0
      vertex -6.69637 -8.72689 0
      vertex -11.042 -16.5255 0
    endloop
  endfacet
  facet normal -0 0 -1
    outer loop
      vertex -6.69637 -8.72689 0
      vertex -12.0991 -15.7679 0
      vertex -7.2528 -8.27024 0
    endloop
  endfacet
  facet normal 0 0 -1
    outer loop
      vertex -13.1045 -14.9428 0
      vertex -7.2528 -8.27024 0
      vertex -12.0991 -15.7679 0
    endloop
  endfacet
  facet normal -0 0 -1
    outer loop
      vertex -7.2528 -8.27024 0
      vertex -13.1045 -14.9428 0
      vertex -7.77817 -7.77817 0
    endloop
  endfacet
  facet normal 0 0 -1
    outer loop
      vertex -14.0537 -14.0537 0
      vertex -7.77817 -7.77817 0
      vertex -13.1045 -14.9428 0
    endloop
  endfacet
  facet normal -0 0 -1
    outer loop
      vertex -7.77817 -7.77817 0
      vertex -14.0537 -14.0537 0
      vertex -8.27024 -7.2528 0
    endloop
  endfacet
  facet normal 0 0 -1
    outer loop
      vertex -14.9428 -13.1045 0
      vertex -8.27024 -7.2528 0
      vertex -14.0537 -14.0537 0
    endloop
  endfacet
  facet normal -0 0 -1
    outer loop
      vertex -8.27024 -7.2528 0
      vertex -14.9428 -13.1045 0
      vertex -8.72689 -6.69637 0
    endloop
  endfacet
  facet normal 0 0 -1
    outer loop
      vertex -15.7679 -12.0991 0
      vertex -8.72689 -6.69637 0
      vertex -14.9428 -13.1045 0
    endloop
  endfacet
  facet normal -0 0 -1
    outer loop
      vertex -8.72689 -6.69637 0
      vertex -15.7679 -12.0991 0
      vertex -9.14616 -6.11127 0
    endloop
  endfacet
  facet normal 0 0 -1
    outer loop
      vertex -16.5255 -11.042 0
      vertex -9.14616 -6.11127 0
      vertex -15.7679 -12.0991 0
    endloop
  endfacet
  facet normal -0 0 -1
    outer loop
      vertex -9.14616 -6.11127 0
      vertex -16.5255 -11.042 0
      vertex -9.52628 -5.5 0
    endloop
  endfacet
  facet normal -0 0 -1
    outer loop
      vertex -9.52628 -5.5 0
      vertex -17.2123 -9.9375 0
      vertex -9.8656 -4.86518 0
    endloop
  endfacet
  facet normal 0 0 -1
    outer loop
      vertex -17.2123 -9.9375 0
      vertex -9.52628 -5.5 0
      vertex -16.5255 -11.042 0
    endloop
  endfacet
  facet normal 0 0 -1
    outer loop
      vertex 9.52628 5.5 0
      vertex 17.2123 9.9375 0
      vertex 9.8656 4.86518 0
    endloop
  endfacet
  facet normal -0 0 -1
    outer loop
      vertex 17.2123 9.9375 0
      vertex 9.52628 5.5 0
      vertex 16.5255 11.042 0
    endloop
  endfacet
  facet normal 0 0 -1
    outer loop
      vertex 9.14616 6.11127 0
      vertex 16.5255 11.042 0
      vertex 9.52628 5.5 0
    endloop
  endfacet
  facet normal -0 0 -1
    outer loop
      vertex 16.5255 11.042 0
      vertex 9.14616 6.11127 0
      vertex 15.7679 12.0991 0
    endloop
  endfacet
  facet normal 0 0 -1
    outer loop
      vertex 8.72689 6.69637 0
      vertex 15.7679 12.0991 0
      vertex 9.14616 6.11127 0
    endloop
  endfacet
  facet normal -0 0 -1
    outer loop
      vertex 15.7679 12.0991 0
      vertex 8.72689 6.69637 0
      vertex 14.9428 13.1045 0
    endloop
  endfacet
  facet normal 0 0 -1
    outer loop
      vertex 8.27024 7.2528 0
      vertex 14.9428 13.1045 0
      vertex 8.72689 6.69637 0
    endloop
  endfacet
  facet normal -0 0 -1
    outer loop
      vertex 14.9428 13.1045 0
      vertex 8.27024 7.2528 0
      vertex 14.0537 14.0537 0
    endloop
  endfacet
  facet normal 0 0 -1
    outer loop
      vertex 7.77817 7.77817 0
      vertex 14.0537 14.0537 0
      vertex 8.27024 7.2528 0
    endloop
  endfacet
  facet normal -0 0 -1
    outer loop
      vertex 14.0537 14.0537 0
      vertex 7.77817 7.77817 0
      vertex 13.1045 14.9428 0
    endloop
  endfacet
  facet normal 0 0 -1
    outer loop
      vertex 7.2528 8.27024 0
      vertex 13.1045 14.9428 0
      vertex 7.77817 7.77817 0
    endloop
  endfacet
  facet normal -0 0 -1
    outer loop
      vertex 13.1045 14.9428 0
      vertex 7.2528 8.27024 0
      vertex 12.0991 15.7679 0
    endloop
  endfacet
  facet normal 0 0 -1
    outer loop
      vertex 6.69637 8.72689 0
      vertex 12.0991 15.7679 0
      vertex 7.2528 8.27024 0
    endloop
  endfacet
  facet normal -0 0 -1
    outer loop
      vertex 12.0991 15.7679 0
      vertex 6.69637 8.72689 0
      vertex 11.042 16.5255 0
    endloop
  endfacet
  facet normal 0 0 -1
    outer loop
      vertex 6.11127 9.14616 0
      vertex 11.042 16.5255 0
      vertex 6.69637 8.72689 0
    endloop
  endfacet
  facet normal -0 0 -1
    outer loop
      vertex 11.042 16.5255 0
      vertex 6.11127 9.14616 0
      vertex 9.9375 17.2123 0
    endloop
  endfacet
  facet normal 0 0 -1
    outer loop
      vertex 5.5 9.52628 0
      vertex 9.9375 17.2123 0
      vertex 6.11127 9.14616 0
    endloop
  endfacet
  facet normal -0 0 -1
    outer loop
      vertex 9.9375 17.2123 0
      vertex 5.5 9.52628 0
      vertex 8.79049 17.8253 0
    endloop
  endfacet
  facet normal 0 0 -1
    outer loop
      vertex 4.86518 9.8656 0
      vertex 8.79049 17.8253 0
      vertex 5.5 9.52628 0
    endloop
  endfacet
  facet normal -0 0 -1
    outer loop
      vertex 8.79049 17.8253 0
      vertex 4.86518 9.8656 0
      vertex 7.60583 18.3621 0
    endloop
  endfacet
  facet normal 0 0 -1
    outer loop
      vertex 4.20952 10.1627 0
      vertex 7.60583 18.3621 0
      vertex 4.86518 9.8656 0
    endloop
  endfacet
  facet normal -0 0 -1
    outer loop
      vertex 7.60583 18.3621 0
      vertex 4.20952 10.1627 0
      vertex 6.38861 18.8202 0
    endloop
  endfacet
  facet normal 0 0 -1
    outer loop
      vertex 3.53583 10.4162 0
      vertex 6.38861 18.8202 0
      vertex 4.20952 10.1627 0
    endloop
  endfacet
  facet normal -0 0 -1
    outer loop
      vertex 6.38861 18.8202 0
      vertex 3.53583 10.4162 0
      vertex 5.14403 19.1978 0
    endloop
  endfacet
  facet normal 0 0 -1
    outer loop
      vertex 2.84701 10.6252 0
      vertex 5.14403 19.1978 0
      vertex 3.53583 10.4162 0
    endloop
  endfacet
  facet normal -0 0 -1
    outer loop
      vertex 5.14403 19.1978 0
      vertex 2.84701 10.6252 0
      vertex 3.87742 19.4931 0
    endloop
  endfacet
  facet normal 0 0 -1
    outer loop
      vertex 2.14599 10.7886 0
      vertex 3.87742 19.4931 0
      vertex 2.84701 10.6252 0
    endloop
  endfacet
  facet normal -0 0 -1
    outer loop
      vertex 3.87742 19.4931 0
      vertex 2.14599 10.7886 0
      vertex 2.59421 19.705 0
    endloop
  endfacet
  facet normal 0 0 -1
    outer loop
      vertex 1.43579 10.9059 0
      vertex 2.59421 19.705 0
      vertex 2.14599 10.7886 0
    endloop
  endfacet
  facet normal 0 0 -1
    outer loop
      vertex 1.43579 10.9059 0
      vertex 1.29989 19.8324 0
      vertex 2.59421 19.705 0
    endloop
  endfacet
  facet normal 0 0 -1
    outer loop
      vertex 0.719434 10.9764 0
      vertex 1.29989 19.8324 0
      vertex 1.43579 10.9059 0
    endloop
  endfacet
  facet normal 0 0 -1
    outer loop
      vertex 0 11 0
      vertex 1.29989 19.8324 0
      vertex 0.719434 10.9764 0
    endloop
  endfacet
  facet normal 0 0 -1
    outer loop
      vertex 0 11 0
      vertex 0 19.875 0
      vertex 1.29989 19.8324 0
    endloop
  endfacet
  facet normal 0 0 -1
    outer loop
      vertex -0.719434 10.9764 0
      vertex 0 19.875 0
      vertex 0 11 0
    endloop
  endfacet
  facet normal 0 0 -1
    outer loop
      vertex -0.719434 10.9764 0
      vertex -1.29989 19.8324 0
      vertex 0 19.875 0
    endloop
  endfacet
  facet normal 0 0 -1
    outer loop
      vertex -1.43579 10.9059 0
      vertex -1.29989 19.8324 0
      vertex -0.719434 10.9764 0
    endloop
  endfacet
  facet normal 0 0 -1
    outer loop
      vertex -2.59421 19.705 0
      vertex -1.43579 10.9059 0
      vertex -2.14599 10.7886 0
    endloop
  endfacet
  facet normal 0 0 -1
    outer loop
      vertex -1.43579 10.9059 0
      vertex -2.59421 19.705 0
      vertex -1.29989 19.8324 0
    endloop
  endfacet
  facet normal 0 0 -1
    outer loop
      vertex -3.87742 19.4931 0
      vertex -2.14599 10.7886 0
      vertex -2.84701 10.6252 0
    endloop
  endfacet
  facet normal 0 0 -1
    outer loop
      vertex -5.14403 19.1978 0
      vertex -2.84701 10.6252 0
      vertex -3.53583 10.4162 0
    endloop
  endfacet
  facet normal 0 0 -1
    outer loop
      vertex -2.14599 10.7886 0
      vertex -3.87742 19.4931 0
      vertex -2.59421 19.705 0
    endloop
  endfacet
  facet normal 0 0 -1
    outer loop
      vertex -6.38861 18.8202 0
      vertex -3.53583 10.4162 0
      vertex -4.20952 10.1627 0
    endloop
  endfacet
  facet normal 0 0 -1
    outer loop
      vertex -7.60583 18.3621 0
      vertex -4.20952 10.1627 0
      vertex -4.86518 9.8656 0
    endloop
  endfacet
  facet normal 0 0 -1
    outer loop
      vertex -2.84701 10.6252 0
      vertex -5.14403 19.1978 0
      vertex -3.87742 19.4931 0
    endloop
  endfacet
  facet normal 0 0 -1
    outer loop
      vertex -8.79049 17.8253 0
      vertex -4.86518 9.8656 0
      vertex -5.5 9.52628 0
    endloop
  endfacet
  facet normal 0 0 -1
    outer loop
      vertex -9.9375 17.2123 0
      vertex -5.5 9.52628 0
      vertex -6.11127 9.14616 0
    endloop
  endfacet
  facet normal 0 0 -1
    outer loop
      vertex -3.53583 10.4162 0
      vertex -6.38861 18.8202 0
      vertex -5.14403 19.1978 0
    endloop
  endfacet
  facet normal 0 0 -1
    outer loop
      vertex -11.042 16.5255 0
      vertex -6.11127 9.14616 0
      vertex -6.69637 8.72689 0
    endloop
  endfacet
  facet normal 0 0 -1
    outer loop
      vertex -12.0991 15.7679 0
      vertex -6.69637 8.72689 0
      vertex -7.2528 8.27024 0
    endloop
  endfacet
  facet normal 0 0 -1
    outer loop
      vertex -4.20952 10.1627 0
      vertex -7.60583 18.3621 0
      vertex -6.38861 18.8202 0
    endloop
  endfacet
  facet normal 0 0 -1
    outer loop
      vertex -13.1045 14.9428 0
      vertex -7.2528 8.27024 0
      vertex -7.77817 7.77817 0
    endloop
  endfacet
  facet normal 0 0 -1
    outer loop
      vertex -14.0537 14.0537 0
      vertex -7.77817 7.77817 0
      vertex -8.27024 7.2528 0
    endloop
  endfacet
  facet normal 0 0 -1
    outer loop
      vertex -14.9428 13.1045 0
      vertex -8.27024 7.2528 0
      vertex -8.72689 6.69637 0
    endloop
  endfacet
  facet normal 0 0 -1
    outer loop
      vertex -4.86518 9.8656 0
      vertex -8.79049 17.8253 0
      vertex -7.60583 18.3621 0
    endloop
  endfacet
  facet normal 0 0 -1
    outer loop
      vertex -15.7679 12.0991 0
      vertex -8.72689 6.69637 0
      vertex -9.14616 6.11127 0
    endloop
  endfacet
  facet normal 0 0 -1
    outer loop
      vertex -16.5255 11.042 0
      vertex -9.14616 6.11127 0
      vertex -9.52628 5.5 0
    endloop
  endfacet
  facet normal 0 0 -1
    outer loop
      vertex -17.2123 9.9375 0
      vertex -9.52628 5.5 0
      vertex -9.8656 4.86518 0
    endloop
  endfacet
  facet normal 0 0 -1
    outer loop
      vertex -5.5 9.52628 0
      vertex -9.9375 17.2123 0
      vertex -8.79049 17.8253 0
    endloop
  endfacet
  facet normal 0 0 -1
    outer loop
      vertex -17.8253 8.79049 0
      vertex -9.8656 4.86518 0
      vertex -10.1627 4.20952 0
    endloop
  endfacet
  facet normal 0 0 -1
    outer loop
      vertex -18.3621 7.60583 0
      vertex -10.1627 4.20952 0
      vertex -10.4162 3.53583 0
    endloop
  endfacet
  facet normal 0 0 -1
    outer loop
      vertex -18.8202 6.38861 0
      vertex -10.4162 3.53583 0
      vertex -10.6252 2.84701 0
    endloop
  endfacet
  facet normal 0 0 -1
    outer loop
      vertex -19.1978 5.14403 0
      vertex -10.6252 2.84701 0
      vertex -10.7886 2.14599 0
    endloop
  endfacet
  facet normal 0 0 -1
    outer loop
      vertex -19.4931 3.87742 0
      vertex -10.7886 2.14599 0
      vertex -10.9059 1.43579 0
    endloop
  endfacet
  facet normal 0 0 -1
    outer loop
      vertex -19.705 2.59421 0
      vertex -10.9059 1.43579 0
      vertex -10.9764 0.719434 0
    endloop
  endfacet
  facet normal 0 0 -1
    outer loop
      vertex -6.11127 9.14616 0
      vertex -11.042 16.5255 0
      vertex -9.9375 17.2123 0
    endloop
  endfacet
  facet normal 0 0 -1
    outer loop
      vertex -19.8324 1.29989 0
      vertex -10.9764 0.719434 0
      vertex -11 0 0
    endloop
  endfacet
  facet normal 0 0 -1
    outer loop
      vertex -17.8253 -8.79049 0
      vertex -9.8656 -4.86518 0
      vertex -17.2123 -9.9375 0
    endloop
  endfacet
  facet normal -0 0 -1
    outer loop
      vertex -9.8656 -4.86518 0
      vertex -17.8253 -8.79049 0
      vertex -10.1627 -4.20952 0
    endloop
  endfacet
  facet normal 0 0 -1
    outer loop
      vertex -6.69637 8.72689 0
      vertex -12.0991 15.7679 0
      vertex -11.042 16.5255 0
    endloop
  endfacet
  facet normal 0 0 -1
    outer loop
      vertex -18.3621 -7.60583 0
      vertex -10.1627 -4.20952 0
      vertex -17.8253 -8.79049 0
    endloop
  endfacet
  facet normal 0 0 -1
    outer loop
      vertex -7.2528 8.27024 0
      vertex -13.1045 14.9428 0
      vertex -12.0991 15.7679 0
    endloop
  endfacet
  facet normal -0 0 -1
    outer loop
      vertex -10.1627 -4.20952 0
      vertex -18.3621 -7.60583 0
      vertex -10.4162 -3.53583 0
    endloop
  endfacet
  facet normal 0 0 -1
    outer loop
      vertex -7.77817 7.77817 0
      vertex -14.0537 14.0537 0
      vertex -13.1045 14.9428 0
    endloop
  endfacet
  facet normal 0 0 -1
    outer loop
      vertex -18.8202 -6.38861 0
      vertex -10.4162 -3.53583 0
      vertex -18.3621 -7.60583 0
    endloop
  endfacet
  facet normal 0 0 -1
    outer loop
      vertex -8.27024 7.2528 0
      vertex -14.9428 13.1045 0
      vertex -14.0537 14.0537 0
    endloop
  endfacet
  facet normal -0 0 -1
    outer loop
      vertex -10.4162 -3.53583 0
      vertex -18.8202 -6.38861 0
      vertex -10.6252 -2.84701 0
    endloop
  endfacet
  facet normal 0 0 -1
    outer loop
      vertex -8.72689 6.69637 0
      vertex -15.7679 12.0991 0
      vertex -14.9428 13.1045 0
    endloop
  endfacet
  facet normal 0 0 -1
    outer loop
      vertex -19.1978 -5.14403 0
      vertex -10.6252 -2.84701 0
      vertex -18.8202 -6.38861 0
    endloop
  endfacet
  facet normal 0 0 -1
    outer loop
      vertex -9.14616 6.11127 0
      vertex -16.5255 11.042 0
      vertex -15.7679 12.0991 0
    endloop
  endfacet
  facet normal -0 0 -1
    outer loop
      vertex -10.6252 -2.84701 0
      vertex -19.1978 -5.14403 0
      vertex -10.7886 -2.14599 0
    endloop
  endfacet
  facet normal 0 0 -1
    outer loop
      vertex -9.52628 5.5 0
      vertex -17.2123 9.9375 0
      vertex -16.5255 11.042 0
    endloop
  endfacet
  facet normal 0 0 -1
    outer loop
      vertex -19.4931 -3.87742 0
      vertex -10.7886 -2.14599 0
      vertex -19.1978 -5.14403 0
    endloop
  endfacet
  facet normal 0 0 -1
    outer loop
      vertex -9.8656 4.86518 0
      vertex -17.8253 8.79049 0
      vertex -17.2123 9.9375 0
    endloop
  endfacet
  facet normal -0 0 -1
    outer loop
      vertex -10.7886 -2.14599 0
      vertex -19.4931 -3.87742 0
      vertex -10.9059 -1.43579 0
    endloop
  endfacet
  facet normal 0 0 -1
    outer loop
      vertex -10.1627 4.20952 0
      vertex -18.3621 7.60583 0
      vertex -17.8253 8.79049 0
    endloop
  endfacet
  facet normal 0 0 -1
    outer loop
      vertex -19.705 -2.59421 0
      vertex -10.9059 -1.43579 0
      vertex -19.4931 -3.87742 0
    endloop
  endfacet
  facet normal 0 0 -1
    outer loop
      vertex -10.4162 3.53583 0
      vertex -18.8202 6.38861 0
      vertex -18.3621 7.60583 0
    endloop
  endfacet
  facet normal -0 0 -1
    outer loop
      vertex -10.9059 -1.43579 0
      vertex -19.705 -2.59421 0
      vertex -10.9764 -0.719434 0
    endloop
  endfacet
  facet normal 0 0 -1
    outer loop
      vertex -10.6252 2.84701 0
      vertex -19.1978 5.14403 0
      vertex -18.8202 6.38861 0
    endloop
  endfacet
  facet normal 0 0 -1
    outer loop
      vertex -19.8324 -1.29989 0
      vertex -10.9764 -0.719434 0
      vertex -19.705 -2.59421 0
    endloop
  endfacet
  facet normal 0 0 -1
    outer loop
      vertex -10.7886 2.14599 0
      vertex -19.4931 3.87742 0
      vertex -19.1978 5.14403 0
    endloop
  endfacet
  facet normal -0 0 -1
    outer loop
      vertex -10.9764 -0.719434 0
      vertex -19.8324 -1.29989 0
      vertex -11 0 0
    endloop
  endfacet
  facet normal 0 0 -1
    outer loop
      vertex -10.9059 1.43579 0
      vertex -19.705 2.59421 0
      vertex -19.4931 3.87742 0
    endloop
  endfacet
  facet normal 0 0 -1
    outer loop
      vertex -19.875 0 0
      vertex -11 0 0
      vertex -19.8324 -1.29989 0
    endloop
  endfacet
  facet normal 0 0 -1
    outer loop
      vertex -10.9764 0.719434 0
      vertex -19.8324 1.29989 0
      vertex -19.705 2.59421 0
    endloop
  endfacet
  facet normal 0 0 -1
    outer loop
      vertex -11 0 0
      vertex -19.875 0 0
      vertex -19.8324 1.29989 0
    endloop
  endfacet
  facet normal 0.812813 0.582525 0
    outer loop
      vertex 16.5255 11.042 14.2
      vertex 15.7679 12.0991 0
      vertex 15.7679 12.0991 14.2
    endloop
  endfacet
  facet normal 0.812813 0.582525 0
    outer loop
      vertex 15.7679 12.0991 0
      vertex 16.5255 11.042 14.2
      vertex 16.5255 11.042 0
    endloop
  endfacet
  facet normal 0.773014 0.634388 0
    outer loop
      vertex 15.7679 12.0991 14.2
      vertex 14.9428 13.1045 0
      vertex 14.9428 13.1045 14.2
    endloop
  endfacet
  facet normal 0.773014 0.634388 0
    outer loop
      vertex 14.9428 13.1045 0
      vertex 15.7679 12.0991 14.2
      vertex 15.7679 12.0991 0
    endloop
  endfacet
  facet normal 0.910853 0.412731 0
    outer loop
      vertex 18.3621 7.60583 14.2
      vertex 17.8253 8.79049 0
      vertex 17.8253 8.79049 14.2
    endloop
  endfacet
  facet normal 0.910853 0.412731 0
    outer loop
      vertex 17.8253 8.79049 0
      vertex 18.3621 7.60583 14.2
      vertex 18.3621 7.60583 0
    endloop
  endfacet
  facet normal 0.88195 0.471343 0
    outer loop
      vertex 17.8253 8.79049 14.2
      vertex 17.2123 9.9375 0
      vertex 17.2123 9.9375 14.2
    endloop
  endfacet
  facet normal 0.88195 0.471343 0
    outer loop
      vertex 17.2123 9.9375 0
      vertex 17.8253 8.79049 14.2
      vertex 17.8253 8.79049 0
    endloop
  endfacet
  facet normal 0.0327544 0.999463 -0
    outer loop
      vertex 1.29989 19.8324 0
      vertex 0 19.875 14.2
      vertex 1.29989 19.8324 14.2
    endloop
  endfacet
  facet normal 0.0327544 0.999463 0
    outer loop
      vertex 0 19.875 14.2
      vertex 1.29989 19.8324 0
      vertex 0 19.875 0
    endloop
  endfacet
  facet normal 0.35223 0.935913 -0
    outer loop
      vertex 7.60583 18.3621 0
      vertex 6.38861 18.8202 14.2
      vertex 7.60583 18.3621 14.2
    endloop
  endfacet
  facet normal 0.35223 0.935913 0
    outer loop
      vertex 6.38861 18.8202 14.2
      vertex 7.60583 18.3621 0
      vertex 6.38861 18.8202 0
    endloop
  endfacet
  facet normal 0.227053 0.973882 -0
    outer loop
      vertex 5.14403 19.1978 0
      vertex 3.87742 19.4931 14.2
      vertex 5.14403 19.1978 14.2
    endloop
  endfacet
  facet normal 0.227053 0.973882 0
    outer loop
      vertex 3.87742 19.4931 14.2
      vertex 5.14403 19.1978 0
      vertex 3.87742 19.4931 0
    endloop
  endfacet
  facet normal 0.412731 0.910853 -0
    outer loop
      vertex 8.79049 17.8253 0
      vertex 7.60583 18.3621 14.2
      vertex 8.79049 17.8253 14.2
    endloop
  endfacet
  facet normal 0.412731 0.910853 0
    outer loop
      vertex 7.60583 18.3621 14.2
      vertex 8.79049 17.8253 0
      vertex 7.60583 18.3621 0
    endloop
  endfacet
  facet normal 0.582525 0.812813 -0
    outer loop
      vertex 12.0991 15.7679 0
      vertex 11.042 16.5255 14.2
      vertex 12.0991 15.7679 14.2
    endloop
  endfacet
  facet normal 0.582525 0.812813 0
    outer loop
      vertex 11.042 16.5255 14.2
      vertex 12.0991 15.7679 0
      vertex 11.042 16.5255 0
    endloop
  endfacet
  facet normal -0.999463 0.0327544 0
    outer loop
      vertex -19.875 0 0
      vertex -19.8324 1.29989 14.2
      vertex -19.8324 1.29989 0
    endloop
  endfacet
  facet normal -0.999463 0.0327544 0
    outer loop
      vertex -19.8324 1.29989 14.2
      vertex -19.875 0 0
      vertex -19.875 0 14.2
    endloop
  endfacet
  facet normal -0.910853 0.412731 0
    outer loop
      vertex -18.3621 7.60583 0
      vertex -17.8253 8.79049 14.2
      vertex -17.8253 8.79049 0
    endloop
  endfacet
  facet normal -0.910853 0.412731 0
    outer loop
      vertex -17.8253 8.79049 14.2
      vertex -18.3621 7.60583 0
      vertex -18.3621 7.60583 14.2
    endloop
  endfacet
  facet normal -0.935913 0.35223 0
    outer loop
      vertex -18.8202 6.38861 0
      vertex -18.3621 7.60583 14.2
      vertex -18.3621 7.60583 0
    endloop
  endfacet
  facet normal -0.935913 0.35223 0
    outer loop
      vertex -18.3621 7.60583 14.2
      vertex -18.8202 6.38861 0
      vertex -18.8202 6.38861 14.2
    endloop
  endfacet
  facet normal -0.973882 0.227053 0
    outer loop
      vertex -19.4931 3.87742 0
      vertex -19.1978 5.14403 14.2
      vertex -19.1978 5.14403 0
    endloop
  endfacet
  facet normal -0.973882 0.227053 0
    outer loop
      vertex -19.1978 5.14403 14.2
      vertex -19.4931 3.87742 0
      vertex -19.4931 3.87742 14.2
    endloop
  endfacet
  facet normal -0.582525 0.812813 0
    outer loop
      vertex -11.042 16.5255 0
      vertex -12.0991 15.7679 14.2
      vertex -11.042 16.5255 14.2
    endloop
  endfacet
  facet normal -0.582525 0.812813 0
    outer loop
      vertex -12.0991 15.7679 14.2
      vertex -11.042 16.5255 0
      vertex -12.0991 15.7679 0
    endloop
  endfacet
  facet normal -0.634388 0.773014 0
    outer loop
      vertex -12.0991 15.7679 0
      vertex -13.1045 14.9428 14.2
      vertex -12.0991 15.7679 14.2
    endloop
  endfacet
  facet normal -0.634388 0.773014 0
    outer loop
      vertex -13.1045 14.9428 14.2
      vertex -12.0991 15.7679 0
      vertex -13.1045 14.9428 0
    endloop
  endfacet
  facet normal -0.227053 0.973882 0
    outer loop
      vertex -3.87742 19.4931 0
      vertex -5.14403 19.1978 14.2
      vertex -3.87742 19.4931 14.2
    endloop
  endfacet
  facet normal -0.227053 0.973882 0
    outer loop
      vertex -5.14403 19.1978 14.2
      vertex -3.87742 19.4931 0
      vertex -5.14403 19.1978 0
    endloop
  endfacet
  facet normal -0.290327 0.956927 0
    outer loop
      vertex -5.14403 19.1978 0
      vertex -6.38861 18.8202 14.2
      vertex -5.14403 19.1978 14.2
    endloop
  endfacet
  facet normal -0.290327 0.956927 0
    outer loop
      vertex -6.38861 18.8202 14.2
      vertex -5.14403 19.1978 0
      vertex -6.38861 18.8202 0
    endloop
  endfacet
  facet normal -0.0327544 0.999463 0
    outer loop
      vertex 0 19.875 0
      vertex -1.29989 19.8324 14.2
      vertex 0 19.875 14.2
    endloop
  endfacet
  facet normal -0.0327544 0.999463 0
    outer loop
      vertex -1.29989 19.8324 14.2
      vertex 0 19.875 0
      vertex -1.29989 19.8324 0
    endloop
  endfacet
  facet normal -0.0979567 0.995191 0
    outer loop
      vertex -1.29989 19.8324 0
      vertex -2.59421 19.705 14.2
      vertex -1.29989 19.8324 14.2
    endloop
  endfacet
  facet normal -0.0979567 0.995191 0
    outer loop
      vertex -2.59421 19.705 14.2
      vertex -1.29989 19.8324 0
      vertex -2.59421 19.705 0
    endloop
  endfacet
  facet normal 0.999463 0.0327544 0
    outer loop
      vertex 19.875 0 14.2
      vertex 19.8324 1.29989 0
      vertex 19.8324 1.29989 14.2
    endloop
  endfacet
  facet normal 0.999463 0.0327544 0
    outer loop
      vertex 19.8324 1.29989 0
      vertex 19.875 0 14.2
      vertex 19.875 0 0
    endloop
  endfacet
  facet normal 0.0327544 -0.999463 0
    outer loop
      vertex 0 -19.875 0
      vertex 1.29989 -19.8324 14.2
      vertex 0 -19.875 14.2
    endloop
  endfacet
  facet normal 0.0327544 -0.999463 0
    outer loop
      vertex 1.29989 -19.8324 14.2
      vertex 0 -19.875 0
      vertex 1.29989 -19.8324 0
    endloop
  endfacet
  facet normal 0.0979567 -0.995191 0
    outer loop
      vertex 1.29989 -19.8324 0
      vertex 2.59421 -19.705 14.2
      vertex 1.29989 -19.8324 14.2
    endloop
  endfacet
  facet normal 0.0979567 -0.995191 0
    outer loop
      vertex 2.59421 -19.705 14.2
      vertex 1.29989 -19.8324 0
      vertex 2.59421 -19.705 0
    endloop
  endfacet
  facet normal 0.35223 -0.935913 0
    outer loop
      vertex 6.38861 -18.8202 0
      vertex 7.60583 -18.3621 14.2
      vertex 6.38861 -18.8202 14.2
    endloop
  endfacet
  facet normal 0.35223 -0.935913 0
    outer loop
      vertex 7.60583 -18.3621 14.2
      vertex 6.38861 -18.8202 0
      vertex 7.60583 -18.3621 0
    endloop
  endfacet
  facet normal 0.290327 -0.956927 0
    outer loop
      vertex 5.14403 -19.1978 0
      vertex 6.38861 -18.8202 14.2
      vertex 5.14403 -19.1978 14.2
    endloop
  endfacet
  facet normal 0.290327 -0.956927 0
    outer loop
      vertex 6.38861 -18.8202 14.2
      vertex 5.14403 -19.1978 0
      vertex 6.38861 -18.8202 0
    endloop
  endfacet
  facet normal 0.582525 -0.812813 0
    outer loop
      vertex 11.042 -16.5255 0
      vertex 12.0991 -15.7679 14.2
      vertex 11.042 -16.5255 14.2
    endloop
  endfacet
  facet normal 0.582525 -0.812813 0
    outer loop
      vertex 12.0991 -15.7679 14.2
      vertex 11.042 -16.5255 0
      vertex 12.0991 -15.7679 0
    endloop
  endfacet
  facet normal 0.634388 -0.773014 0
    outer loop
      vertex 12.0991 -15.7679 0
      vertex 13.1045 -14.9428 14.2
      vertex 12.0991 -15.7679 14.2
    endloop
  endfacet
  facet normal 0.634388 -0.773014 0
    outer loop
      vertex 13.1045 -14.9428 14.2
      vertex 12.0991 -15.7679 0
      vertex 13.1045 -14.9428 0
    endloop
  endfacet
  facet normal 0.412731 -0.910853 0
    outer loop
      vertex 7.60583 -18.3621 0
      vertex 8.79049 -17.8253 14.2
      vertex 7.60583 -18.3621 14.2
    endloop
  endfacet
  facet normal 0.412731 -0.910853 0
    outer loop
      vertex 8.79049 -17.8253 14.2
      vertex 7.60583 -18.3621 0
      vertex 8.79049 -17.8253 0
    endloop
  endfacet
  facet normal 0.528056 -0.84921 0
    outer loop
      vertex 9.9375 -17.2123 0
      vertex 11.042 -16.5255 14.2
      vertex 9.9375 -17.2123 14.2
    endloop
  endfacet
  facet normal 0.528056 -0.84921 0
    outer loop
      vertex 11.042 -16.5255 14.2
      vertex 9.9375 -17.2123 0
      vertex 11.042 -16.5255 0
    endloop
  endfacet
  facet normal 0.729834 -0.683624 0
    outer loop
      vertex 14.0537 -14.0537 14.2
      vertex 14.9428 -13.1045 0
      vertex 14.9428 -13.1045 14.2
    endloop
  endfacet
  facet normal 0.729834 -0.683624 0
    outer loop
      vertex 14.9428 -13.1045 0
      vertex 14.0537 -14.0537 14.2
      vertex 14.0537 -14.0537 0
    endloop
  endfacet
  facet normal 0.935913 -0.35223 0
    outer loop
      vertex 18.3621 -7.60583 14.2
      vertex 18.8202 -6.38861 0
      vertex 18.8202 -6.38861 14.2
    endloop
  endfacet
  facet normal 0.935913 -0.35223 0
    outer loop
      vertex 18.8202 -6.38861 0
      vertex 18.3621 -7.60583 14.2
      vertex 18.3621 -7.60583 0
    endloop
  endfacet
  facet normal 0.910853 -0.412731 0
    outer loop
      vertex 17.8253 -8.79049 14.2
      vertex 18.3621 -7.60583 0
      vertex 18.3621 -7.60583 14.2
    endloop
  endfacet
  facet normal 0.910853 -0.412731 0
    outer loop
      vertex 18.3621 -7.60583 0
      vertex 17.8253 -8.79049 14.2
      vertex 17.8253 -8.79049 0
    endloop
  endfacet
  facet normal 0.956927 -0.290327 0
    outer loop
      vertex 18.8202 -6.38861 14.2
      vertex 19.1978 -5.14403 0
      vertex 19.1978 -5.14403 14.2
    endloop
  endfacet
  facet normal 0.956927 -0.290327 0
    outer loop
      vertex 19.1978 -5.14403 0
      vertex 18.8202 -6.38861 14.2
      vertex 18.8202 -6.38861 0
    endloop
  endfacet
  facet normal 0.973882 -0.227053 0
    outer loop
      vertex 19.1978 -5.14403 14.2
      vertex 19.4931 -3.87742 0
      vertex 19.4931 -3.87742 14.2
    endloop
  endfacet
  facet normal 0.973882 -0.227053 0
    outer loop
      vertex 19.4931 -3.87742 0
      vertex 19.1978 -5.14403 14.2
      vertex 19.1978 -5.14403 0
    endloop
  endfacet
  facet normal -0.0979567 -0.995191 0
    outer loop
      vertex -2.59421 -19.705 0
      vertex -1.29989 -19.8324 14.2
      vertex -2.59421 -19.705 14.2
    endloop
  endfacet
  facet normal -0.0979567 -0.995191 -0
    outer loop
      vertex -1.29989 -19.8324 14.2
      vertex -2.59421 -19.705 0
      vertex -1.29989 -19.8324 0
    endloop
  endfacet
  facet normal -0.412731 -0.910853 0
    outer loop
      vertex -8.79049 -17.8253 0
      vertex -7.60583 -18.3621 14.2
      vertex -8.79049 -17.8253 14.2
    endloop
  endfacet
  facet normal -0.412731 -0.910853 -0
    outer loop
      vertex -7.60583 -18.3621 14.2
      vertex -8.79049 -17.8253 0
      vertex -7.60583 -18.3621 0
    endloop
  endfacet
  facet normal -0.634388 -0.773014 0
    outer loop
      vertex -13.1045 -14.9428 0
      vertex -12.0991 -15.7679 14.2
      vertex -13.1045 -14.9428 14.2
    endloop
  endfacet
  facet normal -0.634388 -0.773014 -0
    outer loop
      vertex -12.0991 -15.7679 14.2
      vertex -13.1045 -14.9428 0
      vertex -12.0991 -15.7679 0
    endloop
  endfacet
  facet normal -0.582525 -0.812813 0
    outer loop
      vertex -12.0991 -15.7679 0
      vertex -11.042 -16.5255 14.2
      vertex -12.0991 -15.7679 14.2
    endloop
  endfacet
  facet normal -0.582525 -0.812813 -0
    outer loop
      vertex -11.042 -16.5255 14.2
      vertex -12.0991 -15.7679 0
      vertex -11.042 -16.5255 0
    endloop
  endfacet
  facet normal -0.812813 -0.582525 0
    outer loop
      vertex -15.7679 -12.0991 0
      vertex -16.5255 -11.042 14.2
      vertex -16.5255 -11.042 0
    endloop
  endfacet
  facet normal -0.812813 -0.582525 0
    outer loop
      vertex -16.5255 -11.042 14.2
      vertex -15.7679 -12.0991 0
      vertex -15.7679 -12.0991 14.2
    endloop
  endfacet
  facet normal -0.84921 -0.528056 0
    outer loop
      vertex -16.5255 -11.042 0
      vertex -17.2123 -9.9375 14.2
      vertex -17.2123 -9.9375 0
    endloop
  endfacet
  facet normal -0.84921 -0.528056 0
    outer loop
      vertex -17.2123 -9.9375 14.2
      vertex -16.5255 -11.042 0
      vertex -16.5255 -11.042 14.2
    endloop
  endfacet
  facet normal -0.910853 -0.412731 0
    outer loop
      vertex -17.8253 -8.79049 0
      vertex -18.3621 -7.60583 14.2
      vertex -18.3621 -7.60583 0
    endloop
  endfacet
  facet normal -0.910853 -0.412731 0
    outer loop
      vertex -18.3621 -7.60583 14.2
      vertex -17.8253 -8.79049 0
      vertex -17.8253 -8.79049 14.2
    endloop
  endfacet
  facet normal -0.986638 -0.162926 0
    outer loop
      vertex -19.4931 -3.87742 0
      vertex -19.705 -2.59421 14.2
      vertex -19.705 -2.59421 0
    endloop
  endfacet
  facet normal -0.986638 -0.162926 0
    outer loop
      vertex -19.705 -2.59421 14.2
      vertex -19.4931 -3.87742 0
      vertex -19.4931 -3.87742 14.2
    endloop
  endfacet
  facet normal -0.999463 -0.0327544 0
    outer loop
      vertex -19.8324 -1.29989 0
      vertex -19.875 0 14.2
      vertex -19.875 0 0
    endloop
  endfacet
  facet normal -0.999463 -0.0327544 0
    outer loop
      vertex -19.875 0 14.2
      vertex -19.8324 -1.29989 0
      vertex -19.8324 -1.29989 14.2
    endloop
  endfacet
  facet normal -0.935913 -0.35223 0
    outer loop
      vertex -18.3621 -7.60583 0
      vertex -18.8202 -6.38861 14.2
      vertex -18.8202 -6.38861 0
    endloop
  endfacet
  facet normal -0.935913 -0.35223 0
    outer loop
      vertex -18.8202 -6.38861 14.2
      vertex -18.3621 -7.60583 0
      vertex -18.3621 -7.60583 14.2
    endloop
  endfacet
  facet normal 0.973882 0.227053 0
    outer loop
      vertex 19.4931 3.87742 14.2
      vertex 19.1978 5.14403 0
      vertex 19.1978 5.14403 14.2
    endloop
  endfacet
  facet normal 0.973882 0.227053 0
    outer loop
      vertex 19.1978 5.14403 0
      vertex 19.4931 3.87742 14.2
      vertex 19.4931 3.87742 0
    endloop
  endfacet
  facet normal 0.0979567 0.995191 -0
    outer loop
      vertex 2.59421 19.705 0
      vertex 1.29989 19.8324 14.2
      vertex 2.59421 19.705 14.2
    endloop
  endfacet
  facet normal 0.0979567 0.995191 0
    outer loop
      vertex 1.29989 19.8324 14.2
      vertex 2.59421 19.705 0
      vertex 1.29989 19.8324 0
    endloop
  endfacet
  facet normal 0.471343 0.88195 -0
    outer loop
      vertex 9.9375 17.2123 0
      vertex 8.79049 17.8253 14.2
      vertex 9.9375 17.2123 14.2
    endloop
  endfacet
  facet normal 0.471343 0.88195 0
    outer loop
      vertex 8.79049 17.8253 14.2
      vertex 9.9375 17.2123 0
      vertex 8.79049 17.8253 0
    endloop
  endfacet
  facet normal -0.812813 0.582525 0
    outer loop
      vertex -16.5255 11.042 0
      vertex -15.7679 12.0991 14.2
      vertex -15.7679 12.0991 0
    endloop
  endfacet
  facet normal -0.812813 0.582525 0
    outer loop
      vertex -15.7679 12.0991 14.2
      vertex -16.5255 11.042 0
      vertex -16.5255 11.042 14.2
    endloop
  endfacet
  facet normal -0.88195 0.471343 0
    outer loop
      vertex -17.8253 8.79049 0
      vertex -17.2123 9.9375 14.2
      vertex -17.2123 9.9375 0
    endloop
  endfacet
  facet normal -0.88195 0.471343 0
    outer loop
      vertex -17.2123 9.9375 14.2
      vertex -17.8253 8.79049 0
      vertex -17.8253 8.79049 14.2
    endloop
  endfacet
  facet normal -0.995191 0.0979567 0
    outer loop
      vertex -19.8324 1.29989 0
      vertex -19.705 2.59421 14.2
      vertex -19.705 2.59421 0
    endloop
  endfacet
  facet normal -0.995191 0.0979567 0
    outer loop
      vertex -19.705 2.59421 14.2
      vertex -19.8324 1.29989 0
      vertex -19.8324 1.29989 14.2
    endloop
  endfacet
  facet normal -0.412731 0.910853 0
    outer loop
      vertex -7.60583 18.3621 0
      vertex -8.79049 17.8253 14.2
      vertex -7.60583 18.3621 14.2
    endloop
  endfacet
  facet normal -0.412731 0.910853 0
    outer loop
      vertex -8.79049 17.8253 14.2
      vertex -7.60583 18.3621 0
      vertex -8.79049 17.8253 0
    endloop
  endfacet
  facet normal 0.471343 -0.88195 0
    outer loop
      vertex 8.79049 -17.8253 0
      vertex 9.9375 -17.2123 14.2
      vertex 8.79049 -17.8253 14.2
    endloop
  endfacet
  facet normal 0.471343 -0.88195 0
    outer loop
      vertex 9.9375 -17.2123 14.2
      vertex 8.79049 -17.8253 0
      vertex 9.9375 -17.2123 0
    endloop
  endfacet
  facet normal 0.84921 -0.528056 0
    outer loop
      vertex 16.5255 -11.042 14.2
      vertex 17.2123 -9.9375 0
      vertex 17.2123 -9.9375 14.2
    endloop
  endfacet
  facet normal 0.84921 -0.528056 0
    outer loop
      vertex 17.2123 -9.9375 0
      vertex 16.5255 -11.042 14.2
      vertex 16.5255 -11.042 0
    endloop
  endfacet
  facet normal -0.227053 -0.973882 0
    outer loop
      vertex -5.14403 -19.1978 0
      vertex -3.87742 -19.4931 14.2
      vertex -5.14403 -19.1978 14.2
    endloop
  endfacet
  facet normal -0.227053 -0.973882 -0
    outer loop
      vertex -3.87742 -19.4931 14.2
      vertex -5.14403 -19.1978 0
      vertex -3.87742 -19.4931 0
    endloop
  endfacet
  facet normal -0.773014 -0.634388 0
    outer loop
      vertex -14.9428 -13.1045 0
      vertex -15.7679 -12.0991 14.2
      vertex -15.7679 -12.0991 0
    endloop
  endfacet
  facet normal -0.773014 -0.634388 0
    outer loop
      vertex -15.7679 -12.0991 14.2
      vertex -14.9428 -13.1045 0
      vertex -14.9428 -13.1045 14.2
    endloop
  endfacet
  facet normal -0.88195 -0.471343 0
    outer loop
      vertex -17.2123 -9.9375 0
      vertex -17.8253 -8.79049 14.2
      vertex -17.8253 -8.79049 0
    endloop
  endfacet
  facet normal -0.88195 -0.471343 0
    outer loop
      vertex -17.8253 -8.79049 14.2
      vertex -17.2123 -9.9375 0
      vertex -17.2123 -9.9375 14.2
    endloop
  endfacet
  facet normal -0.956927 -0.290327 0
    outer loop
      vertex -18.8202 -6.38861 0
      vertex -19.1978 -5.14403 14.2
      vertex -19.1978 -5.14403 0
    endloop
  endfacet
  facet normal -0.956927 -0.290327 0
    outer loop
      vertex -19.1978 -5.14403 14.2
      vertex -18.8202 -6.38861 0
      vertex -18.8202 -6.38861 14.2
    endloop
  endfacet
  facet normal -0 0 -1
    outer loop
      vertex -3.13926 0.841162 0.5
      vertex -5.52016 0.729775 0.5
      vertex -3.07752 1.04468 0.5
    endloop
  endfacet
  facet normal 0 0 -1
    outer loop
      vertex -5.57106 0.825 0.5
      vertex -3.07752 1.04468 0.5
      vertex -5.52016 0.729775 0.5
    endloop
  endfacet
  facet normal 0 0 -1
    outer loop
      vertex -5.62807 0.916691 0.5
      vertex -3.07752 1.04468 0.5
      vertex -5.57106 0.825 0.5
    endloop
  endfacet
  facet normal -0 0 -1
    outer loop
      vertex -3.07752 1.04468 0.5
      vertex -5.62807 0.916691 0.5
      vertex -3.00261 1.24372 0.5
    endloop
  endfacet
  facet normal 0 0 -1
    outer loop
      vertex -5.69097 1.00446 0.5
      vertex -3.00261 1.24372 0.5
      vertex -5.62807 0.916691 0.5
    endloop
  endfacet
  facet normal -0 0 -1
    outer loop
      vertex -3.00261 1.24372 0.5
      vertex -5.69097 1.00446 0.5
      vertex -2.91484 1.43744 0.5
    endloop
  endfacet
  facet normal 0 0 -1
    outer loop
      vertex -5.75946 1.08792 0.5
      vertex -2.91484 1.43744 0.5
      vertex -5.69097 1.00446 0.5
    endloop
  endfacet
  facet normal 0 0 -1
    outer loop
      vertex -5.83327 1.16673 0.5
      vertex -2.91484 1.43744 0.5
      vertex -5.75946 1.08792 0.5
    endloop
  endfacet
  facet normal -0 0 -1
    outer loop
      vertex -2.91484 1.43744 0.5
      vertex -5.83327 1.16673 0.5
      vertex -2.81458 1.625 0.5
    endloop
  endfacet
  facet normal 0 0 -1
    outer loop
      vertex -5.91208 1.24053 0.5
      vertex -2.81458 1.625 0.5
      vertex -5.83327 1.16673 0.5
    endloop
  endfacet
  facet normal -0 0 -1
    outer loop
      vertex -2.81458 1.625 0.5
      vertex -5.91208 1.24053 0.5
      vertex -2.70228 1.8056 0.5
    endloop
  endfacet
  facet normal 0 0 -1
    outer loop
      vertex -5.99554 1.30903 0.5
      vertex -2.70228 1.8056 0.5
      vertex -5.91208 1.24053 0.5
    endloop
  endfacet
  facet normal -0 0 -1
    outer loop
      vertex -2.70228 1.8056 0.5
      vertex -5.99554 1.30903 0.5
      vertex -2.5784 1.97847 0.5
    endloop
  endfacet
  facet normal 0 0 -1
    outer loop
      vertex -6.08331 1.37192 0.5
      vertex -2.5784 1.97847 0.5
      vertex -5.99554 1.30903 0.5
    endloop
  endfacet
  facet normal 0 0 -1
    outer loop
      vertex -2.5784 1.97847 0.5
      vertex -5.5 9.52628 0.5
      vertex -4.86518 9.8656 0.5
    endloop
  endfacet
  facet normal 0 0 -1
    outer loop
      vertex -6.175 1.42894 0.5
      vertex -2.5784 1.97847 0.5
      vertex -6.08331 1.37192 0.5
    endloop
  endfacet
  facet normal 0 0 -1
    outer loop
      vertex -2.5784 1.97847 0.5
      vertex -6.11127 9.14616 0.5
      vertex -5.5 9.52628 0.5
    endloop
  endfacet
  facet normal 0 0 -1
    outer loop
      vertex -6.27022 1.47984 0.5
      vertex -2.5784 1.97847 0.5
      vertex -6.175 1.42894 0.5
    endloop
  endfacet
  facet normal 0 0 -1
    outer loop
      vertex -6.36857 1.5244 0.5
      vertex -2.5784 1.97847 0.5
      vertex -6.27022 1.47984 0.5
    endloop
  endfacet
  facet normal 0 0 -1
    outer loop
      vertex -7.77817 7.77817 0.5
      vertex -2.5784 1.97847 0.5
      vertex -6.36857 1.5244 0.5
    endloop
  endfacet
  facet normal 0 0 -1
    outer loop
      vertex -7.77817 7.77817 0.5
      vertex -6.36857 1.5244 0.5
      vertex -6.46962 1.56243 0.5
    endloop
  endfacet
  facet normal 0 0 -1
    outer loop
      vertex -8.27024 7.2528 0.5
      vertex -6.46962 1.56243 0.5
      vertex -6.57295 1.59378 0.5
    endloop
  endfacet
  facet normal 0 0 -1
    outer loop
      vertex -8.27024 7.2528 0.5
      vertex -6.57295 1.59378 0.5
      vertex -6.6781 1.6183 0.5
    endloop
  endfacet
  facet normal 0 0 -1
    outer loop
      vertex -2.5784 1.97847 0.5
      vertex -6.69637 8.72689 0.5
      vertex -6.11127 9.14616 0.5
    endloop
  endfacet
  facet normal 0 0 -1
    outer loop
      vertex -8.72689 6.69637 0.5
      vertex -6.6781 1.6183 0.5
      vertex -6.78463 1.63588 0.5
    endloop
  endfacet
  facet normal 0 0 -1
    outer loop
      vertex -9.14616 6.11127 0.5
      vertex -6.78463 1.63588 0.5
      vertex -6.89208 1.64647 0.5
    endloop
  endfacet
  facet normal 0 0 -1
    outer loop
      vertex -9.14616 6.11127 0.5
      vertex -6.89208 1.64647 0.5
      vertex -7 1.65 0.5
    endloop
  endfacet
  facet normal 0 0 -1
    outer loop
      vertex -9.52628 5.5 0.5
      vertex -7 1.65 0.5
      vertex -7.10791 1.64647 0.5
    endloop
  endfacet
  facet normal 0 0 -1
    outer loop
      vertex -9.52628 5.5 0.5
      vertex -7.10791 1.64647 0.5
      vertex -7.21537 1.63588 0.5
    endloop
  endfacet
  facet normal 0 0 -1
    outer loop
      vertex -2.5784 1.97847 0.5
      vertex -7.2528 8.27024 0.5
      vertex -6.69637 8.72689 0.5
    endloop
  endfacet
  facet normal 0 0 -1
    outer loop
      vertex -9.8656 4.86518 0.5
      vertex -7.21537 1.63588 0.5
      vertex -7.3219 1.6183 0.5
    endloop
  endfacet
  facet normal 0 0 -1
    outer loop
      vertex -9.8656 4.86518 0.5
      vertex -7.3219 1.6183 0.5
      vertex -7.42705 1.59378 0.5
    endloop
  endfacet
  facet normal 0 0 -1
    outer loop
      vertex -10.1627 4.20952 0.5
      vertex -7.42705 1.59378 0.5
      vertex -7.53037 1.56243 0.5
    endloop
  endfacet
  facet normal 0 0 -1
    outer loop
      vertex -10.1627 4.20952 0.5
      vertex -7.53037 1.56243 0.5
      vertex -7.63143 1.5244 0.5
    endloop
  endfacet
  facet normal 0 0 -1
    outer loop
      vertex -10.1627 4.20952 0.5
      vertex -7.63143 1.5244 0.5
      vertex -7.72978 1.47984 0.5
    endloop
  endfacet
  facet normal 0 0 -1
    outer loop
      vertex -2.5784 1.97847 0.5
      vertex -7.77817 7.77817 0.5
      vertex -7.2528 8.27024 0.5
    endloop
  endfacet
  facet normal 0 0 -1
    outer loop
      vertex -10.4162 3.53583 0.5
      vertex -7.72978 1.47984 0.5
      vertex -7.825 1.42894 0.5
    endloop
  endfacet
  facet normal 0 0 -1
    outer loop
      vertex -10.4162 3.53583 0.5
      vertex -7.825 1.42894 0.5
      vertex -7.91669 1.37192 0.5
    endloop
  endfacet
  facet normal 0 0 -1
    outer loop
      vertex -10.4162 3.53583 0.5
      vertex -7.91669 1.37192 0.5
      vertex -8.00446 1.30903 0.5
    endloop
  endfacet
  facet normal 0 0 -1
    outer loop
      vertex -10.6252 2.84701 0.5
      vertex -8.00446 1.30903 0.5
      vertex -8.08792 1.24053 0.5
    endloop
  endfacet
  facet normal 0 0 -1
    outer loop
      vertex -10.6252 2.84701 0.5
      vertex -8.08792 1.24053 0.5
      vertex -8.16673 1.16673 0.5
    endloop
  endfacet
  facet normal 0 0 -1
    outer loop
      vertex -10.7886 2.14599 0.5
      vertex -8.16673 1.16673 0.5
      vertex -8.24053 1.08792 0.5
    endloop
  endfacet
  facet normal 0 0 -1
    outer loop
      vertex -6.46962 1.56243 0.5
      vertex -8.27024 7.2528 0.5
      vertex -7.77817 7.77817 0.5
    endloop
  endfacet
  facet normal 0 0 -1
    outer loop
      vertex -10.7886 2.14599 0.5
      vertex -8.24053 1.08792 0.5
      vertex -8.30903 1.00446 0.5
    endloop
  endfacet
  facet normal 0 0 -1
    outer loop
      vertex -10.7886 2.14599 0.5
      vertex -8.30903 1.00446 0.5
      vertex -8.37192 0.916691 0.5
    endloop
  endfacet
  facet normal 0 0 -1
    outer loop
      vertex -10.7886 2.14599 0.5
      vertex -8.37192 0.916691 0.5
      vertex -8.42894 0.825 0.5
    endloop
  endfacet
  facet normal 0 0 -1
    outer loop
      vertex -10.9059 1.43579 0.5
      vertex -8.42894 0.825 0.5
      vertex -8.47984 0.729775 0.5
    endloop
  endfacet
  facet normal 0 0 -1
    outer loop
      vertex -10.9059 1.43579 0.5
      vertex -8.47984 0.729775 0.5
      vertex -8.5244 0.631427 0.5
    endloop
  endfacet
  facet normal 0 0 -1
    outer loop
      vertex -10.9059 1.43579 0.5
      vertex -8.5244 0.631427 0.5
      vertex -8.56243 0.530375 0.5
    endloop
  endfacet
  facet normal 0 0 -1
    outer loop
      vertex -10.9764 0.719434 0.5
      vertex -8.56243 0.530375 0.5
      vertex -8.59378 0.427051 0.5
    endloop
  endfacet
  facet normal 0 0 -1
    outer loop
      vertex -10.9764 0.719434 0.5
      vertex -8.59378 0.427051 0.5
      vertex -8.6183 0.321898 0.5
    endloop
  endfacet
  facet normal 0 0 -1
    outer loop
      vertex -10.9764 0.719434 0.5
      vertex -8.6183 0.321898 0.5
      vertex -8.63588 0.215367 0.5
    endloop
  endfacet
  facet normal 0 0 -1
    outer loop
      vertex -11 0 0.5
      vertex -8.63588 0.215367 0.5
      vertex -8.64647 0.107915 0.5
    endloop
  endfacet
  facet normal 0 0 -1
    outer loop
      vertex -6.6781 1.6183 0.5
      vertex -8.72689 6.69637 0.5
      vertex -8.27024 7.2528 0.5
    endloop
  endfacet
  facet normal 0 0 -1
    outer loop
      vertex -11 0 0.5
      vertex -8.64647 0.107915 0.5
      vertex -8.65 0 0.5
    endloop
  endfacet
  facet normal -0 0 -1
    outer loop
      vertex -8.42894 -0.825 0.5
      vertex -10.9059 -1.43579 0.5
      vertex -8.47984 -0.729775 0.5
    endloop
  endfacet
  facet normal -0 0 -1
    outer loop
      vertex -8.47984 -0.729775 0.5
      vertex -10.9059 -1.43579 0.5
      vertex -8.5244 -0.631427 0.5
    endloop
  endfacet
  facet normal 0 0 -1
    outer loop
      vertex -6.78463 1.63588 0.5
      vertex -9.14616 6.11127 0.5
      vertex -8.72689 6.69637 0.5
    endloop
  endfacet
  facet normal -0 0 -1
    outer loop
      vertex -8.5244 -0.631427 0.5
      vertex -10.9059 -1.43579 0.5
      vertex -8.56243 -0.530375 0.5
    endloop
  endfacet
  facet normal 0 0 -1
    outer loop
      vertex -7 1.65 0.5
      vertex -9.52628 5.5 0.5
      vertex -9.14616 6.11127 0.5
    endloop
  endfacet
  facet normal 0 0 -1
    outer loop
      vertex -10.9764 -0.719434 0.5
      vertex -8.56243 -0.530375 0.5
      vertex -10.9059 -1.43579 0.5
    endloop
  endfacet
  facet normal 0 0 -1
    outer loop
      vertex -7.21537 1.63588 0.5
      vertex -9.8656 4.86518 0.5
      vertex -9.52628 5.5 0.5
    endloop
  endfacet
  facet normal -0 0 -1
    outer loop
      vertex -8.56243 -0.530375 0.5
      vertex -10.9764 -0.719434 0.5
      vertex -8.59378 -0.427051 0.5
    endloop
  endfacet
  facet normal 0 0 -1
    outer loop
      vertex -7.42705 1.59378 0.5
      vertex -10.1627 4.20952 0.5
      vertex -9.8656 4.86518 0.5
    endloop
  endfacet
  facet normal -0 0 -1
    outer loop
      vertex -8.59378 -0.427051 0.5
      vertex -10.9764 -0.719434 0.5
      vertex -8.6183 -0.321898 0.5
    endloop
  endfacet
  facet normal 0 0 -1
    outer loop
      vertex -7.72978 1.47984 0.5
      vertex -10.4162 3.53583 0.5
      vertex -10.1627 4.20952 0.5
    endloop
  endfacet
  facet normal -0 0 -1
    outer loop
      vertex -8.6183 -0.321898 0.5
      vertex -10.9764 -0.719434 0.5
      vertex -8.63588 -0.215367 0.5
    endloop
  endfacet
  facet normal 0 0 -1
    outer loop
      vertex -8.00446 1.30903 0.5
      vertex -10.6252 2.84701 0.5
      vertex -10.4162 3.53583 0.5
    endloop
  endfacet
  facet normal 0 0 -1
    outer loop
      vertex -11 0 0.5
      vertex -8.63588 -0.215367 0.5
      vertex -10.9764 -0.719434 0.5
    endloop
  endfacet
  facet normal 0 0 -1
    outer loop
      vertex -8.16673 1.16673 0.5
      vertex -10.7886 2.14599 0.5
      vertex -10.6252 2.84701 0.5
    endloop
  endfacet
  facet normal 0 0 -1
    outer loop
      vertex -8.63588 -0.215367 0.5
      vertex -11 0 0.5
      vertex -8.64647 -0.107915 0.5
    endloop
  endfacet
  facet normal 0 0 -1
    outer loop
      vertex -8.42894 0.825 0.5
      vertex -10.9059 1.43579 0.5
      vertex -10.7886 2.14599 0.5
    endloop
  endfacet
  facet normal 0 0 -1
    outer loop
      vertex -8.64647 -0.107915 0.5
      vertex -11 0 0.5
      vertex -8.65 0 0.5
    endloop
  endfacet
  facet normal 0 0 -1
    outer loop
      vertex -8.56243 0.530375 0.5
      vertex -10.9764 0.719434 0.5
      vertex -10.9059 1.43579 0.5
    endloop
  endfacet
  facet normal -0 0 -1
    outer loop
      vertex -8.63588 0.215367 0.5
      vertex -11 0 0.5
      vertex -10.9764 0.719434 0.5
    endloop
  endfacet
  facet normal 0 0 -1
    outer loop
      vertex 6.11127 9.14616 0.5
      vertex 1.64647 6.89208 0.5
      vertex 1.65 7 0.5
    endloop
  endfacet
  facet normal 0 0 -1
    outer loop
      vertex 1.97847 2.5784 0.5
      vertex 1.63588 6.78463 0.5
      vertex 1.64647 6.89208 0.5
    endloop
  endfacet
  facet normal 0 0 -1
    outer loop
      vertex 1.24053 5.91208 0.5
      vertex 1.8056 2.70228 0.5
      vertex 1.625 2.81458 0.5
    endloop
  endfacet
  facet normal 0 0 -1
    outer loop
      vertex 1.97847 2.5784 0.5
      vertex 1.6183 6.6781 0.5
      vertex 1.63588 6.78463 0.5
    endloop
  endfacet
  facet normal 0 0 -1
    outer loop
      vertex 1.97847 2.5784 0.5
      vertex 1.59378 6.57295 0.5
      vertex 1.6183 6.6781 0.5
    endloop
  endfacet
  facet normal 0 0 -1
    outer loop
      vertex 1.97847 2.5784 0.5
      vertex 1.56243 6.46962 0.5
      vertex 1.59378 6.57295 0.5
    endloop
  endfacet
  facet normal 0 0 -1
    outer loop
      vertex 1.97847 2.5784 0.5
      vertex 1.5244 6.36857 0.5
      vertex 1.56243 6.46962 0.5
    endloop
  endfacet
  facet normal 0 0 -1
    outer loop
      vertex 1.97847 2.5784 0.5
      vertex 1.47984 6.27022 0.5
      vertex 1.5244 6.36857 0.5
    endloop
  endfacet
  facet normal 0 0 -1
    outer loop
      vertex 1.16673 5.83327 0.5
      vertex 1.625 2.81458 0.5
      vertex 1.43744 2.91484 0.5
    endloop
  endfacet
  facet normal 0 0 -1
    outer loop
      vertex 1.97847 2.5784 0.5
      vertex 1.42894 6.175 0.5
      vertex 1.47984 6.27022 0.5
    endloop
  endfacet
  facet normal 0 0 -1
    outer loop
      vertex 1.97847 2.5784 0.5
      vertex 1.37192 6.08331 0.5
      vertex 1.42894 6.175 0.5
    endloop
  endfacet
  facet normal 0 0 -1
    outer loop
      vertex 1.8056 2.70228 0.5
      vertex 1.30903 5.99554 0.5
      vertex 1.37192 6.08331 0.5
    endloop
  endfacet
  facet normal 0 0 -1
    outer loop
      vertex 1.00446 5.69097 0.5
      vertex 1.43744 2.91484 0.5
      vertex 1.24372 3.00261 0.5
    endloop
  endfacet
  facet normal 0 0 -1
    outer loop
      vertex 1.8056 2.70228 0.5
      vertex 1.24053 5.91208 0.5
      vertex 1.30903 5.99554 0.5
    endloop
  endfacet
  facet normal 0 0 -1
    outer loop
      vertex 1.625 2.81458 0.5
      vertex 1.16673 5.83327 0.5
      vertex 1.24053 5.91208 0.5
    endloop
  endfacet
  facet normal 0 0 -1
    outer loop
      vertex 1.43744 2.91484 0.5
      vertex 1.08792 5.75946 0.5
      vertex 1.16673 5.83327 0.5
    endloop
  endfacet
  facet normal 0 0 -1
    outer loop
      vertex 0.916691 5.62807 0.5
      vertex 1.24372 3.00261 0.5
      vertex 1.04468 3.07752 0.5
    endloop
  endfacet
  facet normal 0 0 -1
    outer loop
      vertex 1.43744 2.91484 0.5
      vertex 1.00446 5.69097 0.5
      vertex 1.08792 5.75946 0.5
    endloop
  endfacet
  facet normal 0 0 -1
    outer loop
      vertex 1.24372 3.00261 0.5
      vertex 0.916691 5.62807 0.5
      vertex 1.00446 5.69097 0.5
    endloop
  endfacet
  facet normal 0 0 -1
    outer loop
      vertex 0.729775 5.52016 0.5
      vertex 1.04468 3.07752 0.5
      vertex 0.841162 3.13926 0.5
    endloop
  endfacet
  facet normal 0 0 -1
    outer loop
      vertex 1.04468 3.07752 0.5
      vertex 0.825 5.57106 0.5
      vertex 0.916691 5.62807 0.5
    endloop
  endfacet
  facet normal 0 0 -1
    outer loop
      vertex 1.04468 3.07752 0.5
      vertex 0.729775 5.52016 0.5
      vertex 0.825 5.57106 0.5
    endloop
  endfacet
  facet normal 0 0 -1
    outer loop
      vertex 0.631427 5.4756 0.5
      vertex 0.841162 3.13926 0.5
      vertex 0.634043 3.18755 0.5
    endloop
  endfacet
  facet normal 0 0 -1
    outer loop
      vertex 0.841162 3.13926 0.5
      vertex 0.631427 5.4756 0.5
      vertex 0.729775 5.52016 0.5
    endloop
  endfacet
  facet normal 0 0 -1
    outer loop
      vertex 0.634043 3.18755 0.5
      vertex 0.530375 5.43756 0.5
      vertex 0.631427 5.4756 0.5
    endloop
  endfacet
  facet normal 0 0 -1
    outer loop
      vertex 0.634043 3.18755 0.5
      vertex 0.427051 5.40622 0.5
      vertex 0.530375 5.43756 0.5
    endloop
  endfacet
  facet normal 0 0 -1
    outer loop
      vertex 0.42421 3.2222 0.5
      vertex 0.427051 5.40622 0.5
      vertex 0.634043 3.18755 0.5
    endloop
  endfacet
  facet normal 0 0 -1
    outer loop
      vertex 0.42421 3.2222 0.5
      vertex 0.321898 5.3817 0.5
      vertex 0.427051 5.40622 0.5
    endloop
  endfacet
  facet normal 0 0 -1
    outer loop
      vertex 0.42421 3.2222 0.5
      vertex 0.215367 5.36412 0.5
      vertex 0.321898 5.3817 0.5
    endloop
  endfacet
  facet normal 0 0 -1
    outer loop
      vertex 0.21256 3.24304 0.5
      vertex 0.215367 5.36412 0.5
      vertex 0.42421 3.2222 0.5
    endloop
  endfacet
  facet normal 0 0 -1
    outer loop
      vertex 0.21256 3.24304 0.5
      vertex 0.107915 5.35353 0.5
      vertex 0.215367 5.36412 0.5
    endloop
  endfacet
  facet normal 0 0 -1
    outer loop
      vertex 0 3.25 0.5
      vertex 0.107915 5.35353 0.5
      vertex 0.21256 3.24304 0.5
    endloop
  endfacet
  facet normal 0 0 -1
    outer loop
      vertex 0 3.25 0.5
      vertex 0 5.35 0.5
      vertex 0.107915 5.35353 0.5
    endloop
  endfacet
  facet normal 0 0 -1
    outer loop
      vertex 0 3.25 0.5
      vertex -0.107915 5.35353 0.5
      vertex 0 5.35 0.5
    endloop
  endfacet
  facet normal 0 0 -1
    outer loop
      vertex -0.21256 3.24304 0.5
      vertex -0.107915 5.35353 0.5
      vertex 0 3.25 0.5
    endloop
  endfacet
  facet normal 0 0 -1
    outer loop
      vertex -0.21256 3.24304 0.5
      vertex -0.215367 5.36412 0.5
      vertex -0.107915 5.35353 0.5
    endloop
  endfacet
  facet normal 0 0 -1
    outer loop
      vertex -0.42421 3.2222 0.5
      vertex -0.215367 5.36412 0.5
      vertex -0.21256 3.24304 0.5
    endloop
  endfacet
  facet normal -0 0 -1
    outer loop
      vertex -0.215367 5.36412 0.5
      vertex -0.42421 3.2222 0.5
      vertex -0.321898 5.3817 0.5
    endloop
  endfacet
  facet normal 0 0 -1
    outer loop
      vertex -0.42421 3.2222 0.5
      vertex -0.427051 5.40622 0.5
      vertex -0.321898 5.3817 0.5
    endloop
  endfacet
  facet normal 0 0 -1
    outer loop
      vertex -0.634043 3.18755 0.5
      vertex -0.427051 5.40622 0.5
      vertex -0.42421 3.2222 0.5
    endloop
  endfacet
  facet normal -0 0 -1
    outer loop
      vertex -0.427051 5.40622 0.5
      vertex -0.634043 3.18755 0.5
      vertex -0.530375 5.43756 0.5
    endloop
  endfacet
  facet normal -0 0 -1
    outer loop
      vertex -0.530375 5.43756 0.5
      vertex -0.634043 3.18755 0.5
      vertex -0.631427 5.4756 0.5
    endloop
  endfacet
  facet normal 0 0 -1
    outer loop
      vertex -0.841162 3.13926 0.5
      vertex -0.631427 5.4756 0.5
      vertex -0.634043 3.18755 0.5
    endloop
  endfacet
  facet normal -0 0 -1
    outer loop
      vertex -0.631427 5.4756 0.5
      vertex -0.841162 3.13926 0.5
      vertex -0.729775 5.52016 0.5
    endloop
  endfacet
  facet normal 0 0 -1
    outer loop
      vertex -1.04468 3.07752 0.5
      vertex -0.729775 5.52016 0.5
      vertex -0.841162 3.13926 0.5
    endloop
  endfacet
  facet normal -0 0 -1
    outer loop
      vertex -0.729775 5.52016 0.5
      vertex -1.04468 3.07752 0.5
      vertex -0.825 5.57106 0.5
    endloop
  endfacet
  facet normal -0 0 -1
    outer loop
      vertex -0.825 5.57106 0.5
      vertex -1.04468 3.07752 0.5
      vertex -0.916691 5.62807 0.5
    endloop
  endfacet
  facet normal 0 0 -1
    outer loop
      vertex -1.24372 3.00261 0.5
      vertex -0.916691 5.62807 0.5
      vertex -1.04468 3.07752 0.5
    endloop
  endfacet
  facet normal -0 0 -1
    outer loop
      vertex -0.916691 5.62807 0.5
      vertex -1.24372 3.00261 0.5
      vertex -1.00446 5.69097 0.5
    endloop
  endfacet
  facet normal 0 0 -1
    outer loop
      vertex -1.43744 2.91484 0.5
      vertex -1.00446 5.69097 0.5
      vertex -1.24372 3.00261 0.5
    endloop
  endfacet
  facet normal -0 0 -1
    outer loop
      vertex -1.00446 5.69097 0.5
      vertex -1.43744 2.91484 0.5
      vertex -1.08792 5.75946 0.5
    endloop
  endfacet
  facet normal -0 0 -1
    outer loop
      vertex -1.08792 5.75946 0.5
      vertex -1.43744 2.91484 0.5
      vertex -1.16673 5.83327 0.5
    endloop
  endfacet
  facet normal 0 0 -1
    outer loop
      vertex -1.625 2.81458 0.5
      vertex -1.16673 5.83327 0.5
      vertex -1.43744 2.91484 0.5
    endloop
  endfacet
  facet normal -0 0 -1
    outer loop
      vertex -1.16673 5.83327 0.5
      vertex -1.625 2.81458 0.5
      vertex -1.24053 5.91208 0.5
    endloop
  endfacet
  facet normal 0 0 -1
    outer loop
      vertex -1.8056 2.70228 0.5
      vertex -1.24053 5.91208 0.5
      vertex -1.625 2.81458 0.5
    endloop
  endfacet
  facet normal -0 0 -1
    outer loop
      vertex -1.24053 5.91208 0.5
      vertex -1.8056 2.70228 0.5
      vertex -1.30903 5.99554 0.5
    endloop
  endfacet
  facet normal -0 0 -1
    outer loop
      vertex -1.30903 5.99554 0.5
      vertex -1.8056 2.70228 0.5
      vertex -1.37192 6.08331 0.5
    endloop
  endfacet
  facet normal 0 0 -1
    outer loop
      vertex -1.97847 2.5784 0.5
      vertex -1.37192 6.08331 0.5
      vertex -1.8056 2.70228 0.5
    endloop
  endfacet
  facet normal -0 0 -1
    outer loop
      vertex -1.37192 6.08331 0.5
      vertex -1.97847 2.5784 0.5
      vertex -1.42894 6.175 0.5
    endloop
  endfacet
  facet normal 0 0 -1
    outer loop
      vertex -2.14287 2.44348 0.5
      vertex -1.42894 6.175 0.5
      vertex -1.97847 2.5784 0.5
    endloop
  endfacet
  facet normal -0 0 -1
    outer loop
      vertex -1.42894 6.175 0.5
      vertex -2.14287 2.44348 0.5
      vertex -1.47984 6.27022 0.5
    endloop
  endfacet
  facet normal 0 0 -1
    outer loop
      vertex -2.2981 2.2981 0.5
      vertex -1.47984 6.27022 0.5
      vertex -2.14287 2.44348 0.5
    endloop
  endfacet
  facet normal -0 0 -1
    outer loop
      vertex -1.47984 6.27022 0.5
      vertex -2.2981 2.2981 0.5
      vertex -1.5244 6.36857 0.5
    endloop
  endfacet
  facet normal -0 0 -1
    outer loop
      vertex -1.5244 6.36857 0.5
      vertex -2.2981 2.2981 0.5
      vertex -1.56243 6.46962 0.5
    endloop
  endfacet
  facet normal 0 0 -1
    outer loop
      vertex -2.44348 2.14287 0.5
      vertex -1.56243 6.46962 0.5
      vertex -2.2981 2.2981 0.5
    endloop
  endfacet
  facet normal -0 0 -1
    outer loop
      vertex -1.56243 6.46962 0.5
      vertex -2.44348 2.14287 0.5
      vertex -1.59378 6.57295 0.5
    endloop
  endfacet
  facet normal 0 0 -1
    outer loop
      vertex 2.5784 1.97847 0.5
      vertex 6.08331 1.37192 0.5
      vertex 2.70228 1.8056 0.5
    endloop
  endfacet
  facet normal 0 0 -1
    outer loop
      vertex 6.08331 1.37192 0.5
      vertex 2.5784 1.97847 0.5
      vertex 6.175 1.42894 0.5
    endloop
  endfacet
  facet normal 0 0 -1
    outer loop
      vertex 2.44348 2.14287 0.5
      vertex 6.175 1.42894 0.5
      vertex 2.5784 1.97847 0.5
    endloop
  endfacet
  facet normal 0 0 -1
    outer loop
      vertex 6.175 1.42894 0.5
      vertex 2.44348 2.14287 0.5
      vertex 6.27022 1.47984 0.5
    endloop
  endfacet
  facet normal 0 0 -1
    outer loop
      vertex 2.2981 2.2981 0.5
      vertex 6.27022 1.47984 0.5
      vertex 2.44348 2.14287 0.5
    endloop
  endfacet
  facet normal 0 0 -1
    outer loop
      vertex 1.64647 6.89208 0.5
      vertex 6.27022 1.47984 0.5
      vertex 2.2981 2.2981 0.5
    endloop
  endfacet
  facet normal -0 0 -1
    outer loop
      vertex 7.77817 7.77817 0.5
      vertex 1.64647 6.89208 0.5
      vertex 7.2528 8.27024 0.5
    endloop
  endfacet
  facet normal 0 0 -1
    outer loop
      vertex 1.64647 6.89208 0.5
      vertex 6.69637 8.72689 0.5
      vertex 7.2528 8.27024 0.5
    endloop
  endfacet
  facet normal -0 0 -1
    outer loop
      vertex 6.11127 9.14616 0.5
      vertex 1.65 7 0.5
      vertex 5.5 9.52628 0.5
    endloop
  endfacet
  facet normal -0 0 -1
    outer loop
      vertex 5.5 9.52628 0.5
      vertex 1.63588 7.21537 0.5
      vertex 4.86518 9.8656 0.5
    endloop
  endfacet
  facet normal 0 0 -1
    outer loop
      vertex 1.63588 7.21537 0.5
      vertex 5.5 9.52628 0.5
      vertex 1.64647 7.10791 0.5
    endloop
  endfacet
  facet normal 0 0 -1
    outer loop
      vertex 1.64647 7.10791 0.5
      vertex 5.5 9.52628 0.5
      vertex 1.65 7 0.5
    endloop
  endfacet
  facet normal 0 0 -1
    outer loop
      vertex 1.64647 6.89208 0.5
      vertex 6.11127 9.14616 0.5
      vertex 6.69637 8.72689 0.5
    endloop
  endfacet
  facet normal 0 0 -1
    outer loop
      vertex 1.6183 7.3219 0.5
      vertex 4.86518 9.8656 0.5
      vertex 1.63588 7.21537 0.5
    endloop
  endfacet
  facet normal 0 0 -1
    outer loop
      vertex 1.64647 6.89208 0.5
      vertex 2.2981 2.2981 0.5
      vertex 2.14287 2.44348 0.5
    endloop
  endfacet
  facet normal 0 0 -1
    outer loop
      vertex 1.64647 6.89208 0.5
      vertex 2.14287 2.44348 0.5
      vertex 1.97847 2.5784 0.5
    endloop
  endfacet
  facet normal 0 0 -1
    outer loop
      vertex 1.37192 6.08331 0.5
      vertex 1.97847 2.5784 0.5
      vertex 1.8056 2.70228 0.5
    endloop
  endfacet
  facet normal 0 0 -1
    outer loop
      vertex 1.59378 7.42705 0.5
      vertex 4.86518 9.8656 0.5
      vertex 1.6183 7.3219 0.5
    endloop
  endfacet
  facet normal -0 0 -1
    outer loop
      vertex 4.86518 9.8656 0.5
      vertex 1.59378 7.42705 0.5
      vertex 4.20952 10.1627 0.5
    endloop
  endfacet
  facet normal 0 0 -1
    outer loop
      vertex 1.56243 7.53037 0.5
      vertex 4.20952 10.1627 0.5
      vertex 1.59378 7.42705 0.5
    endloop
  endfacet
  facet normal 0 0 -1
    outer loop
      vertex 1.5244 7.63143 0.5
      vertex 4.20952 10.1627 0.5
      vertex 1.56243 7.53037 0.5
    endloop
  endfacet
  facet normal 0 0 -1
    outer loop
      vertex 1.47984 7.72978 0.5
      vertex 4.20952 10.1627 0.5
      vertex 1.5244 7.63143 0.5
    endloop
  endfacet
  facet normal -0 0 -1
    outer loop
      vertex 4.20952 10.1627 0.5
      vertex 1.47984 7.72978 0.5
      vertex 3.53583 10.4162 0.5
    endloop
  endfacet
  facet normal 0 0 -1
    outer loop
      vertex 1.42894 7.825 0.5
      vertex 3.53583 10.4162 0.5
      vertex 1.47984 7.72978 0.5
    endloop
  endfacet
  facet normal 0 0 -1
    outer loop
      vertex 1.37192 7.91669 0.5
      vertex 3.53583 10.4162 0.5
      vertex 1.42894 7.825 0.5
    endloop
  endfacet
  facet normal -0 0 -1
    outer loop
      vertex 3.53583 10.4162 0.5
      vertex 1.37192 7.91669 0.5
      vertex 2.84701 10.6252 0.5
    endloop
  endfacet
  facet normal 0 0 -1
    outer loop
      vertex 1.30903 8.00446 0.5
      vertex 2.84701 10.6252 0.5
      vertex 1.37192 7.91669 0.5
    endloop
  endfacet
  facet normal 0 0 -1
    outer loop
      vertex 1.24053 8.08792 0.5
      vertex 2.84701 10.6252 0.5
      vertex 1.30903 8.00446 0.5
    endloop
  endfacet
  facet normal 0 0 -1
    outer loop
      vertex 1.16673 8.16673 0.5
      vertex 2.84701 10.6252 0.5
      vertex 1.24053 8.08792 0.5
    endloop
  endfacet
  facet normal -0 0 -1
    outer loop
      vertex 2.84701 10.6252 0.5
      vertex 1.16673 8.16673 0.5
      vertex 2.14599 10.7886 0.5
    endloop
  endfacet
  facet normal 0 0 -1
    outer loop
      vertex 1.08792 8.24053 0.5
      vertex 2.14599 10.7886 0.5
      vertex 1.16673 8.16673 0.5
    endloop
  endfacet
  facet normal 0 0 -1
    outer loop
      vertex 1.00446 8.30903 0.5
      vertex 2.14599 10.7886 0.5
      vertex 1.08792 8.24053 0.5
    endloop
  endfacet
  facet normal 0 0 -1
    outer loop
      vertex 0.916691 8.37192 0.5
      vertex 2.14599 10.7886 0.5
      vertex 1.00446 8.30903 0.5
    endloop
  endfacet
  facet normal -0 0 -1
    outer loop
      vertex 2.14599 10.7886 0.5
      vertex 0.916691 8.37192 0.5
      vertex 1.43579 10.9059 0.5
    endloop
  endfacet
  facet normal 0 0 -1
    outer loop
      vertex 0.825 8.42894 0.5
      vertex 1.43579 10.9059 0.5
      vertex 0.916691 8.37192 0.5
    endloop
  endfacet
  facet normal 0 0 -1
    outer loop
      vertex 0.729775 8.47984 0.5
      vertex 1.43579 10.9059 0.5
      vertex 0.825 8.42894 0.5
    endloop
  endfacet
  facet normal 0 0 -1
    outer loop
      vertex 0.631427 8.5244 0.5
      vertex 1.43579 10.9059 0.5
      vertex 0.729775 8.47984 0.5
    endloop
  endfacet
  facet normal 0 0 -1
    outer loop
      vertex 0.530375 8.56243 0.5
      vertex 1.43579 10.9059 0.5
      vertex 0.631427 8.5244 0.5
    endloop
  endfacet
  facet normal -0 0 -1
    outer loop
      vertex 1.43579 10.9059 0.5
      vertex 0.530375 8.56243 0.5
      vertex 0.719434 10.9764 0.5
    endloop
  endfacet
  facet normal 0 0 -1
    outer loop
      vertex 0.427051 8.59378 0.5
      vertex 0.719434 10.9764 0.5
      vertex 0.530375 8.56243 0.5
    endloop
  endfacet
  facet normal 0 0 -1
    outer loop
      vertex 0.321898 8.6183 0.5
      vertex 0.719434 10.9764 0.5
      vertex 0.427051 8.59378 0.5
    endloop
  endfacet
  facet normal 0 0 -1
    outer loop
      vertex 0.215367 8.63588 0.5
      vertex 0.719434 10.9764 0.5
      vertex 0.321898 8.6183 0.5
    endloop
  endfacet
  facet normal 0 0 -1
    outer loop
      vertex 0 11 0.5
      vertex 0.215367 8.63588 0.5
      vertex 0.107915 8.64647 0.5
    endloop
  endfacet
  facet normal 0 0 -1
    outer loop
      vertex 0 11 0.5
      vertex 0.107915 8.64647 0.5
      vertex 0 8.65 0.5
    endloop
  endfacet
  facet normal 0 0 -1
    outer loop
      vertex 0.215367 8.63588 0.5
      vertex 0 11 0.5
      vertex 0.719434 10.9764 0.5
    endloop
  endfacet
  facet normal 0 0 -1
    outer loop
      vertex -0.107915 8.64647 0.5
      vertex 0 11 0.5
      vertex 0 8.65 0.5
    endloop
  endfacet
  facet normal 0 0 -1
    outer loop
      vertex -0.215367 8.63588 0.5
      vertex 0 11 0.5
      vertex -0.107915 8.64647 0.5
    endloop
  endfacet
  facet normal 0 0 -1
    outer loop
      vertex -0.719434 10.9764 0.5
      vertex -0.215367 8.63588 0.5
      vertex -0.321898 8.6183 0.5
    endloop
  endfacet
  facet normal 0 0 -1
    outer loop
      vertex -0.719434 10.9764 0.5
      vertex -0.321898 8.6183 0.5
      vertex -0.427051 8.59378 0.5
    endloop
  endfacet
  facet normal 0 0 -1
    outer loop
      vertex -0.719434 10.9764 0.5
      vertex -0.427051 8.59378 0.5
      vertex -0.530375 8.56243 0.5
    endloop
  endfacet
  facet normal 0 0 -1
    outer loop
      vertex -1.43579 10.9059 0.5
      vertex -0.530375 8.56243 0.5
      vertex -0.631427 8.5244 0.5
    endloop
  endfacet
  facet normal 0 0 -1
    outer loop
      vertex -0.215367 8.63588 0.5
      vertex -0.719434 10.9764 0.5
      vertex 0 11 0.5
    endloop
  endfacet
  facet normal 0 0 -1
    outer loop
      vertex -1.43579 10.9059 0.5
      vertex -0.631427 8.5244 0.5
      vertex -0.729775 8.47984 0.5
    endloop
  endfacet
  facet normal 0 0 -1
    outer loop
      vertex -1.43579 10.9059 0.5
      vertex -0.729775 8.47984 0.5
      vertex -0.825 8.42894 0.5
    endloop
  endfacet
  facet normal 0 0 -1
    outer loop
      vertex -1.43579 10.9059 0.5
      vertex -0.825 8.42894 0.5
      vertex -0.916691 8.37192 0.5
    endloop
  endfacet
  facet normal 0 0 -1
    outer loop
      vertex -2.14599 10.7886 0.5
      vertex -0.916691 8.37192 0.5
      vertex -1.00446 8.30903 0.5
    endloop
  endfacet
  facet normal 0 0 -1
    outer loop
      vertex -2.14599 10.7886 0.5
      vertex -1.00446 8.30903 0.5
      vertex -1.08792 8.24053 0.5
    endloop
  endfacet
  facet normal 0 0 -1
    outer loop
      vertex -2.14599 10.7886 0.5
      vertex -1.08792 8.24053 0.5
      vertex -1.16673 8.16673 0.5
    endloop
  endfacet
  facet normal 0 0 -1
    outer loop
      vertex -2.84701 10.6252 0.5
      vertex -1.16673 8.16673 0.5
      vertex -1.24053 8.08792 0.5
    endloop
  endfacet
  facet normal 0 0 -1
    outer loop
      vertex -2.84701 10.6252 0.5
      vertex -1.24053 8.08792 0.5
      vertex -1.30903 8.00446 0.5
    endloop
  endfacet
  facet normal 0 0 -1
    outer loop
      vertex -2.84701 10.6252 0.5
      vertex -1.30903 8.00446 0.5
      vertex -1.37192 7.91669 0.5
    endloop
  endfacet
  facet normal 0 0 -1
    outer loop
      vertex -3.53583 10.4162 0.5
      vertex -1.37192 7.91669 0.5
      vertex -1.42894 7.825 0.5
    endloop
  endfacet
  facet normal 0 0 -1
    outer loop
      vertex -0.530375 8.56243 0.5
      vertex -1.43579 10.9059 0.5
      vertex -0.719434 10.9764 0.5
    endloop
  endfacet
  facet normal 0 0 -1
    outer loop
      vertex -3.53583 10.4162 0.5
      vertex -1.42894 7.825 0.5
      vertex -1.47984 7.72978 0.5
    endloop
  endfacet
  facet normal 0 0 -1
    outer loop
      vertex -4.20952 10.1627 0.5
      vertex -1.47984 7.72978 0.5
      vertex -1.5244 7.63143 0.5
    endloop
  endfacet
  facet normal 0 0 -1
    outer loop
      vertex -4.20952 10.1627 0.5
      vertex -1.5244 7.63143 0.5
      vertex -1.56243 7.53037 0.5
    endloop
  endfacet
  facet normal 0 0 -1
    outer loop
      vertex -4.20952 10.1627 0.5
      vertex -1.56243 7.53037 0.5
      vertex -1.59378 7.42705 0.5
    endloop
  endfacet
  facet normal 0 0 -1
    outer loop
      vertex -4.86518 9.8656 0.5
      vertex -1.59378 7.42705 0.5
      vertex -1.6183 7.3219 0.5
    endloop
  endfacet
  facet normal 0 0 -1
    outer loop
      vertex -4.86518 9.8656 0.5
      vertex -1.6183 7.3219 0.5
      vertex -1.63588 7.21537 0.5
    endloop
  endfacet
  facet normal 0 0 -1
    outer loop
      vertex -4.86518 9.8656 0.5
      vertex -1.63588 7.21537 0.5
      vertex -1.64647 7.10791 0.5
    endloop
  endfacet
  facet normal 0 0 -1
    outer loop
      vertex -4.86518 9.8656 0.5
      vertex -1.59378 6.57295 0.5
      vertex -2.44348 2.14287 0.5
    endloop
  endfacet
  facet normal 0 0 -1
    outer loop
      vertex -1.59378 6.57295 0.5
      vertex -4.86518 9.8656 0.5
      vertex -1.6183 6.6781 0.5
    endloop
  endfacet
  facet normal 0 0 -1
    outer loop
      vertex -1.6183 6.6781 0.5
      vertex -4.86518 9.8656 0.5
      vertex -1.63588 6.78463 0.5
    endloop
  endfacet
  facet normal 0 0 -1
    outer loop
      vertex -1.63588 6.78463 0.5
      vertex -4.86518 9.8656 0.5
      vertex -1.64647 6.89208 0.5
    endloop
  endfacet
  facet normal 0 0 -1
    outer loop
      vertex -0.916691 8.37192 0.5
      vertex -2.14599 10.7886 0.5
      vertex -1.43579 10.9059 0.5
    endloop
  endfacet
  facet normal 0 0 -1
    outer loop
      vertex -1.64647 6.89208 0.5
      vertex -4.86518 9.8656 0.5
      vertex -1.65 7 0.5
    endloop
  endfacet
  facet normal 0 0 -1
    outer loop
      vertex -1.65 7 0.5
      vertex -4.86518 9.8656 0.5
      vertex -1.64647 7.10791 0.5
    endloop
  endfacet
  facet normal 0 0 -1
    outer loop
      vertex -4.86518 9.8656 0.5
      vertex -2.44348 2.14287 0.5
      vertex -2.5784 1.97847 0.5
    endloop
  endfacet
  facet normal 0 0 -1
    outer loop
      vertex -5.4756 0.631427 0.5
      vertex -3.13926 0.841162 0.5
      vertex -5.43756 0.530375 0.5
    endloop
  endfacet
  facet normal -0 0 -1
    outer loop
      vertex -3.18755 0.634043 0.5
      vertex -5.43756 0.530375 0.5
      vertex -3.13926 0.841162 0.5
    endloop
  endfacet
  facet normal 0 0 -1
    outer loop
      vertex -1.16673 8.16673 0.5
      vertex -2.84701 10.6252 0.5
      vertex -2.14599 10.7886 0.5
    endloop
  endfacet
  facet normal 0 0 -1
    outer loop
      vertex -5.43756 0.530375 0.5
      vertex -3.18755 0.634043 0.5
      vertex -5.40622 0.427051 0.5
    endloop
  endfacet
  facet normal 0 0 -1
    outer loop
      vertex -3.2222 0.42421 0.5
      vertex -5.40622 0.427051 0.5
      vertex -3.18755 0.634043 0.5
    endloop
  endfacet
  facet normal 0 0 -1
    outer loop
      vertex -5.40622 0.427051 0.5
      vertex -3.2222 0.42421 0.5
      vertex -5.3817 0.321898 0.5
    endloop
  endfacet
  facet normal 0 0 -1
    outer loop
      vertex -5.3817 0.321898 0.5
      vertex -3.2222 0.42421 0.5
      vertex -5.36412 0.215367 0.5
    endloop
  endfacet
  facet normal 0 0 -1
    outer loop
      vertex -3.24304 0.21256 0.5
      vertex -5.36412 0.215367 0.5
      vertex -3.2222 0.42421 0.5
    endloop
  endfacet
  facet normal 0 0 -1
    outer loop
      vertex -5.36412 0.215367 0.5
      vertex -3.24304 0.21256 0.5
      vertex -5.35353 0.107915 0.5
    endloop
  endfacet
  facet normal 0 0 -1
    outer loop
      vertex -3.25 0 0.5
      vertex -5.35353 0.107915 0.5
      vertex -3.24304 0.21256 0.5
    endloop
  endfacet
  facet normal 0 0 -1
    outer loop
      vertex -1.37192 7.91669 0.5
      vertex -3.53583 10.4162 0.5
      vertex -2.84701 10.6252 0.5
    endloop
  endfacet
  facet normal 0 0 -1
    outer loop
      vertex -5.35353 0.107915 0.5
      vertex -3.25 0 0.5
      vertex -5.35 0 0.5
    endloop
  endfacet
  facet normal 0 0 -1
    outer loop
      vertex -2.70228 -1.8056 0.5
      vertex -5.91208 -1.24053 0.5
      vertex -2.81458 -1.625 0.5
    endloop
  endfacet
  facet normal 0 -0 -1
    outer loop
      vertex -5.62807 -0.916691 0.5
      vertex -3.00261 -1.24372 0.5
      vertex -5.69097 -1.00446 0.5
    endloop
  endfacet
  facet normal 0 0 -1
    outer loop
      vertex -5.52016 0.729775 0.5
      vertex -3.13926 0.841162 0.5
      vertex -5.4756 0.631427 0.5
    endloop
  endfacet
  facet normal 0 -0 -1
    outer loop
      vertex -5.57106 -0.825 0.5
      vertex -3.07752 -1.04468 0.5
      vertex -5.62807 -0.916691 0.5
    endloop
  endfacet
  facet normal 0 0 -1
    outer loop
      vertex -1.47984 7.72978 0.5
      vertex -4.20952 10.1627 0.5
      vertex -3.53583 10.4162 0.5
    endloop
  endfacet
  facet normal 0 0 -1
    outer loop
      vertex -1.59378 7.42705 0.5
      vertex -4.86518 9.8656 0.5
      vertex -4.20952 10.1627 0.5
    endloop
  endfacet
  facet normal -0 0 -1
    outer loop
      vertex -3.25 0 0.5
      vertex -5.35353 -0.107915 0.5
      vertex -5.35 0 0.5
    endloop
  endfacet
  facet normal 0 0 -1
    outer loop
      vertex -3.24304 -0.21256 0.5
      vertex -5.35353 -0.107915 0.5
      vertex -3.25 0 0.5
    endloop
  endfacet
  facet normal 0 -0 -1
    outer loop
      vertex -5.35353 -0.107915 0.5
      vertex -3.24304 -0.21256 0.5
      vertex -5.36412 -0.215367 0.5
    endloop
  endfacet
  facet normal 0 0 -1
    outer loop
      vertex -3.2222 -0.42421 0.5
      vertex -5.36412 -0.215367 0.5
      vertex -3.24304 -0.21256 0.5
    endloop
  endfacet
  facet normal 0 -0 -1
    outer loop
      vertex -5.36412 -0.215367 0.5
      vertex -3.2222 -0.42421 0.5
      vertex -5.3817 -0.321898 0.5
    endloop
  endfacet
  facet normal 0 -0 -1
    outer loop
      vertex -5.3817 -0.321898 0.5
      vertex -3.2222 -0.42421 0.5
      vertex -5.40622 -0.427051 0.5
    endloop
  endfacet
  facet normal 0 0 -1
    outer loop
      vertex -2.91484 -1.43744 0.5
      vertex -5.69097 -1.00446 0.5
      vertex -3.00261 -1.24372 0.5
    endloop
  endfacet
  facet normal 0 0 -1
    outer loop
      vertex -3.18755 -0.634043 0.5
      vertex -5.40622 -0.427051 0.5
      vertex -3.2222 -0.42421 0.5
    endloop
  endfacet
  facet normal 0 -0 -1
    outer loop
      vertex -5.40622 -0.427051 0.5
      vertex -3.18755 -0.634043 0.5
      vertex -5.43756 -0.530375 0.5
    endloop
  endfacet
  facet normal 0 -0 -1
    outer loop
      vertex -5.43756 -0.530375 0.5
      vertex -3.18755 -0.634043 0.5
      vertex -5.4756 -0.631427 0.5
    endloop
  endfacet
  facet normal 0 0 -1
    outer loop
      vertex -3.13926 -0.841162 0.5
      vertex -5.4756 -0.631427 0.5
      vertex -3.18755 -0.634043 0.5
    endloop
  endfacet
  facet normal 0 -0 -1
    outer loop
      vertex -5.4756 -0.631427 0.5
      vertex -3.13926 -0.841162 0.5
      vertex -5.52016 -0.729775 0.5
    endloop
  endfacet
  facet normal 0 0 -1
    outer loop
      vertex -3.07752 -1.04468 0.5
      vertex -5.52016 -0.729775 0.5
      vertex -3.13926 -0.841162 0.5
    endloop
  endfacet
  facet normal 0 -0 -1
    outer loop
      vertex -5.52016 -0.729775 0.5
      vertex -3.07752 -1.04468 0.5
      vertex -5.57106 -0.825 0.5
    endloop
  endfacet
  facet normal 0 0 -1
    outer loop
      vertex -3.00261 -1.24372 0.5
      vertex -5.62807 -0.916691 0.5
      vertex -3.07752 -1.04468 0.5
    endloop
  endfacet
  facet normal 0 -0 -1
    outer loop
      vertex -5.69097 -1.00446 0.5
      vertex -2.91484 -1.43744 0.5
      vertex -5.75946 -1.08792 0.5
    endloop
  endfacet
  facet normal 0 -0 -1
    outer loop
      vertex -5.75946 -1.08792 0.5
      vertex -2.91484 -1.43744 0.5
      vertex -5.83327 -1.16673 0.5
    endloop
  endfacet
  facet normal 0 0 -1
    outer loop
      vertex -2.81458 -1.625 0.5
      vertex -5.83327 -1.16673 0.5
      vertex -2.91484 -1.43744 0.5
    endloop
  endfacet
  facet normal 0 -0 -1
    outer loop
      vertex -5.83327 -1.16673 0.5
      vertex -2.81458 -1.625 0.5
      vertex -5.91208 -1.24053 0.5
    endloop
  endfacet
  facet normal 0 0 -1
    outer loop
      vertex -6.175 -1.42894 0.5
      vertex -6.69637 -8.72689 0.5
      vertex -6.27022 -1.47984 0.5
    endloop
  endfacet
  facet normal 0 0 -1
    outer loop
      vertex -7.2528 -8.27024 0.5
      vertex -6.27022 -1.47984 0.5
      vertex -6.69637 -8.72689 0.5
    endloop
  endfacet
  facet normal 0 0 -1
    outer loop
      vertex -6.27022 -1.47984 0.5
      vertex -7.2528 -8.27024 0.5
      vertex -6.36857 -1.5244 0.5
    endloop
  endfacet
  facet normal 0 0 -1
    outer loop
      vertex -7.77817 -7.77817 0.5
      vertex -6.36857 -1.5244 0.5
      vertex -7.2528 -8.27024 0.5
    endloop
  endfacet
  facet normal 0 0 -1
    outer loop
      vertex -6.36857 -1.5244 0.5
      vertex -7.77817 -7.77817 0.5
      vertex -6.46962 -1.56243 0.5
    endloop
  endfacet
  facet normal 0 0 -1
    outer loop
      vertex -8.27024 -7.2528 0.5
      vertex -6.46962 -1.56243 0.5
      vertex -7.77817 -7.77817 0.5
    endloop
  endfacet
  facet normal 0 0 -1
    outer loop
      vertex -6.46962 -1.56243 0.5
      vertex -8.27024 -7.2528 0.5
      vertex -6.57295 -1.59378 0.5
    endloop
  endfacet
  facet normal 0 0 -1
    outer loop
      vertex -6.57295 -1.59378 0.5
      vertex -8.27024 -7.2528 0.5
      vertex -6.6781 -1.6183 0.5
    endloop
  endfacet
  facet normal 0 0 -1
    outer loop
      vertex -8.72689 -6.69637 0.5
      vertex -6.6781 -1.6183 0.5
      vertex -8.27024 -7.2528 0.5
    endloop
  endfacet
  facet normal 0 0 -1
    outer loop
      vertex -6.6781 -1.6183 0.5
      vertex -8.72689 -6.69637 0.5
      vertex -6.78463 -1.63588 0.5
    endloop
  endfacet
  facet normal 0 0 -1
    outer loop
      vertex -9.14616 -6.11127 0.5
      vertex -6.78463 -1.63588 0.5
      vertex -8.72689 -6.69637 0.5
    endloop
  endfacet
  facet normal 0 0 -1
    outer loop
      vertex -6.78463 -1.63588 0.5
      vertex -9.14616 -6.11127 0.5
      vertex -6.89208 -1.64647 0.5
    endloop
  endfacet
  facet normal 0 0 -1
    outer loop
      vertex -6.89208 -1.64647 0.5
      vertex -9.14616 -6.11127 0.5
      vertex -7 -1.65 0.5
    endloop
  endfacet
  facet normal 0 0 -1
    outer loop
      vertex -9.52628 -5.5 0.5
      vertex -7 -1.65 0.5
      vertex -9.14616 -6.11127 0.5
    endloop
  endfacet
  facet normal -0 0 -1
    outer loop
      vertex -7 -1.65 0.5
      vertex -9.52628 -5.5 0.5
      vertex -7.10791 -1.64647 0.5
    endloop
  endfacet
  facet normal -0 0 -1
    outer loop
      vertex -7.10791 -1.64647 0.5
      vertex -9.52628 -5.5 0.5
      vertex -7.21537 -1.63588 0.5
    endloop
  endfacet
  facet normal 0 0 -1
    outer loop
      vertex -9.8656 -4.86518 0.5
      vertex -7.21537 -1.63588 0.5
      vertex -9.52628 -5.5 0.5
    endloop
  endfacet
  facet normal -0 0 -1
    outer loop
      vertex -7.21537 -1.63588 0.5
      vertex -9.8656 -4.86518 0.5
      vertex -7.3219 -1.6183 0.5
    endloop
  endfacet
  facet normal -0 0 -1
    outer loop
      vertex -7.3219 -1.6183 0.5
      vertex -9.8656 -4.86518 0.5
      vertex -7.42705 -1.59378 0.5
    endloop
  endfacet
  facet normal 0 0 -1
    outer loop
      vertex -10.1627 -4.20952 0.5
      vertex -7.42705 -1.59378 0.5
      vertex -9.8656 -4.86518 0.5
    endloop
  endfacet
  facet normal -0 0 -1
    outer loop
      vertex -7.42705 -1.59378 0.5
      vertex -10.1627 -4.20952 0.5
      vertex -7.53037 -1.56243 0.5
    endloop
  endfacet
  facet normal -0 0 -1
    outer loop
      vertex -7.53037 -1.56243 0.5
      vertex -10.1627 -4.20952 0.5
      vertex -7.63143 -1.5244 0.5
    endloop
  endfacet
  facet normal -0 0 -1
    outer loop
      vertex -7.63143 -1.5244 0.5
      vertex -10.1627 -4.20952 0.5
      vertex -7.72978 -1.47984 0.5
    endloop
  endfacet
  facet normal 0 0 -1
    outer loop
      vertex -10.4162 -3.53583 0.5
      vertex -7.72978 -1.47984 0.5
      vertex -10.1627 -4.20952 0.5
    endloop
  endfacet
  facet normal -0 0 -1
    outer loop
      vertex -7.72978 -1.47984 0.5
      vertex -10.4162 -3.53583 0.5
      vertex -7.825 -1.42894 0.5
    endloop
  endfacet
  facet normal -0 0 -1
    outer loop
      vertex -7.825 -1.42894 0.5
      vertex -10.4162 -3.53583 0.5
      vertex -7.91669 -1.37192 0.5
    endloop
  endfacet
  facet normal -0 0 -1
    outer loop
      vertex -7.91669 -1.37192 0.5
      vertex -10.4162 -3.53583 0.5
      vertex -8.00446 -1.30903 0.5
    endloop
  endfacet
  facet normal 0 0 -1
    outer loop
      vertex -10.6252 -2.84701 0.5
      vertex -8.00446 -1.30903 0.5
      vertex -10.4162 -3.53583 0.5
    endloop
  endfacet
  facet normal -0 0 -1
    outer loop
      vertex -8.00446 -1.30903 0.5
      vertex -10.6252 -2.84701 0.5
      vertex -8.08792 -1.24053 0.5
    endloop
  endfacet
  facet normal -0 0 -1
    outer loop
      vertex -8.08792 -1.24053 0.5
      vertex -10.6252 -2.84701 0.5
      vertex -8.16673 -1.16673 0.5
    endloop
  endfacet
  facet normal 0 0 -1
    outer loop
      vertex -10.7886 -2.14599 0.5
      vertex -8.16673 -1.16673 0.5
      vertex -10.6252 -2.84701 0.5
    endloop
  endfacet
  facet normal -0 0 -1
    outer loop
      vertex -8.16673 -1.16673 0.5
      vertex -10.7886 -2.14599 0.5
      vertex -8.24053 -1.08792 0.5
    endloop
  endfacet
  facet normal -0 0 -1
    outer loop
      vertex -8.24053 -1.08792 0.5
      vertex -10.7886 -2.14599 0.5
      vertex -8.30903 -1.00446 0.5
    endloop
  endfacet
  facet normal -0 0 -1
    outer loop
      vertex -8.30903 -1.00446 0.5
      vertex -10.7886 -2.14599 0.5
      vertex -8.37192 -0.916691 0.5
    endloop
  endfacet
  facet normal 0 0 -1
    outer loop
      vertex -10.9059 -1.43579 0.5
      vertex -8.42894 -0.825 0.5
      vertex -10.7886 -2.14599 0.5
    endloop
  endfacet
  facet normal -0 0 -1
    outer loop
      vertex -8.37192 -0.916691 0.5
      vertex -10.7886 -2.14599 0.5
      vertex -8.42894 -0.825 0.5
    endloop
  endfacet
  facet normal 0 0 -1
    outer loop
      vertex 7.77817 -7.77817 0.5
      vertex 1.56243 -6.46962 0.5
      vertex 6.36857 -1.5244 0.5
    endloop
  endfacet
  facet normal 0 0 -1
    outer loop
      vertex 1.5244 -6.36857 0.5
      vertex 6.36857 -1.5244 0.5
      vertex 1.56243 -6.46962 0.5
    endloop
  endfacet
  facet normal 0 0 -1
    outer loop
      vertex 6.36857 -1.5244 0.5
      vertex 1.5244 -6.36857 0.5
      vertex 2.2981 -2.2981 0.5
    endloop
  endfacet
  facet normal 0 0 -1
    outer loop
      vertex 1.47984 -6.27022 0.5
      vertex 2.2981 -2.2981 0.5
      vertex 1.5244 -6.36857 0.5
    endloop
  endfacet
  facet normal 0 0 -1
    outer loop
      vertex 2.2981 -2.2981 0.5
      vertex 1.47984 -6.27022 0.5
      vertex 2.14287 -2.44348 0.5
    endloop
  endfacet
  facet normal 0 0 -1
    outer loop
      vertex 1.42894 -6.175 0.5
      vertex 2.14287 -2.44348 0.5
      vertex 1.47984 -6.27022 0.5
    endloop
  endfacet
  facet normal 0 0 -1
    outer loop
      vertex 2.14287 -2.44348 0.5
      vertex 1.42894 -6.175 0.5
      vertex 1.97847 -2.5784 0.5
    endloop
  endfacet
  facet normal 0 0 -1
    outer loop
      vertex 1.37192 -6.08331 0.5
      vertex 1.97847 -2.5784 0.5
      vertex 1.42894 -6.175 0.5
    endloop
  endfacet
  facet normal 0 0 -1
    outer loop
      vertex 1.97847 -2.5784 0.5
      vertex 1.37192 -6.08331 0.5
      vertex 1.8056 -2.70228 0.5
    endloop
  endfacet
  facet normal 0 0 -1
    outer loop
      vertex 1.30903 -5.99554 0.5
      vertex 1.8056 -2.70228 0.5
      vertex 1.37192 -6.08331 0.5
    endloop
  endfacet
  facet normal 0 0 -1
    outer loop
      vertex 1.24053 -5.91208 0.5
      vertex 1.8056 -2.70228 0.5
      vertex 1.30903 -5.99554 0.5
    endloop
  endfacet
  facet normal 0 0 -1
    outer loop
      vertex 1.8056 -2.70228 0.5
      vertex 1.24053 -5.91208 0.5
      vertex 1.625 -2.81458 0.5
    endloop
  endfacet
  facet normal 0 0 -1
    outer loop
      vertex 1.16673 -5.83327 0.5
      vertex 1.625 -2.81458 0.5
      vertex 1.24053 -5.91208 0.5
    endloop
  endfacet
  facet normal 0 0 -1
    outer loop
      vertex 1.625 -2.81458 0.5
      vertex 1.16673 -5.83327 0.5
      vertex 1.43744 -2.91484 0.5
    endloop
  endfacet
  facet normal 0 0 -1
    outer loop
      vertex 1.08792 -5.75946 0.5
      vertex 1.43744 -2.91484 0.5
      vertex 1.16673 -5.83327 0.5
    endloop
  endfacet
  facet normal 0 0 -1
    outer loop
      vertex 1.00446 -5.69097 0.5
      vertex 1.43744 -2.91484 0.5
      vertex 1.08792 -5.75946 0.5
    endloop
  endfacet
  facet normal 0 0 -1
    outer loop
      vertex 1.43744 -2.91484 0.5
      vertex 1.00446 -5.69097 0.5
      vertex 1.24372 -3.00261 0.5
    endloop
  endfacet
  facet normal 0 0 -1
    outer loop
      vertex 0.916691 -5.62807 0.5
      vertex 1.24372 -3.00261 0.5
      vertex 1.00446 -5.69097 0.5
    endloop
  endfacet
  facet normal 0 0 -1
    outer loop
      vertex 1.24372 -3.00261 0.5
      vertex 0.916691 -5.62807 0.5
      vertex 1.04468 -3.07752 0.5
    endloop
  endfacet
  facet normal 0 0 -1
    outer loop
      vertex 0.825 -5.57106 0.5
      vertex 1.04468 -3.07752 0.5
      vertex 0.916691 -5.62807 0.5
    endloop
  endfacet
  facet normal 0 0 -1
    outer loop
      vertex 0.729775 -5.52016 0.5
      vertex 1.04468 -3.07752 0.5
      vertex 0.825 -5.57106 0.5
    endloop
  endfacet
  facet normal 0 0 -1
    outer loop
      vertex 1.04468 -3.07752 0.5
      vertex 0.729775 -5.52016 0.5
      vertex 0.841162 -3.13926 0.5
    endloop
  endfacet
  facet normal 0 0 -1
    outer loop
      vertex 0.631427 -5.4756 0.5
      vertex 0.841162 -3.13926 0.5
      vertex 0.729775 -5.52016 0.5
    endloop
  endfacet
  facet normal 0 0 -1
    outer loop
      vertex 0.841162 -3.13926 0.5
      vertex 0.631427 -5.4756 0.5
      vertex 0.634043 -3.18755 0.5
    endloop
  endfacet
  facet normal 0 0 -1
    outer loop
      vertex 0.530375 -5.43756 0.5
      vertex 0.634043 -3.18755 0.5
      vertex 0.631427 -5.4756 0.5
    endloop
  endfacet
  facet normal 0 0 -1
    outer loop
      vertex 0.427051 -5.40622 0.5
      vertex 0.634043 -3.18755 0.5
      vertex 0.530375 -5.43756 0.5
    endloop
  endfacet
  facet normal 0 0 -1
    outer loop
      vertex 0.427051 -5.40622 0.5
      vertex 0.42421 -3.2222 0.5
      vertex 0.634043 -3.18755 0.5
    endloop
  endfacet
  facet normal 0 0 -1
    outer loop
      vertex 0.321898 -5.3817 0.5
      vertex 0.42421 -3.2222 0.5
      vertex 0.427051 -5.40622 0.5
    endloop
  endfacet
  facet normal 0 0 -1
    outer loop
      vertex 0.215367 -5.36412 0.5
      vertex 0.42421 -3.2222 0.5
      vertex 0.321898 -5.3817 0.5
    endloop
  endfacet
  facet normal 0 0 -1
    outer loop
      vertex 0.215367 -5.36412 0.5
      vertex 0.21256 -3.24304 0.5
      vertex 0.42421 -3.2222 0.5
    endloop
  endfacet
  facet normal 0 0 -1
    outer loop
      vertex 0.107915 -5.35353 0.5
      vertex 0.21256 -3.24304 0.5
      vertex 0.215367 -5.36412 0.5
    endloop
  endfacet
  facet normal 0 0 -1
    outer loop
      vertex 0 -3.25 0.5
      vertex 0.107915 -5.35353 0.5
      vertex 0 -5.35 0.5
    endloop
  endfacet
  facet normal 0 0 -1
    outer loop
      vertex 0.107915 -5.35353 0.5
      vertex 0 -3.25 0.5
      vertex 0.21256 -3.24304 0.5
    endloop
  endfacet
  facet normal 0 0 -1
    outer loop
      vertex -0.107915 -5.35353 0.5
      vertex 0 -3.25 0.5
      vertex 0 -5.35 0.5
    endloop
  endfacet
  facet normal 0 0 -1
    outer loop
      vertex -0.107915 -5.35353 0.5
      vertex -0.21256 -3.24304 0.5
      vertex 0 -3.25 0.5
    endloop
  endfacet
  facet normal 0 0 -1
    outer loop
      vertex -0.215367 -5.36412 0.5
      vertex -0.21256 -3.24304 0.5
      vertex -0.107915 -5.35353 0.5
    endloop
  endfacet
  facet normal 0 0 -1
    outer loop
      vertex -0.42421 -3.2222 0.5
      vertex -0.215367 -5.36412 0.5
      vertex -0.321898 -5.3817 0.5
    endloop
  endfacet
  facet normal 0 0 -1
    outer loop
      vertex -0.215367 -5.36412 0.5
      vertex -0.42421 -3.2222 0.5
      vertex -0.21256 -3.24304 0.5
    endloop
  endfacet
  facet normal 0 0 -1
    outer loop
      vertex -0.427051 -5.40622 0.5
      vertex -0.42421 -3.2222 0.5
      vertex -0.321898 -5.3817 0.5
    endloop
  endfacet
  facet normal 0 0 -1
    outer loop
      vertex -0.634043 -3.18755 0.5
      vertex -0.427051 -5.40622 0.5
      vertex -0.530375 -5.43756 0.5
    endloop
  endfacet
  facet normal 0 0 -1
    outer loop
      vertex -0.634043 -3.18755 0.5
      vertex -0.530375 -5.43756 0.5
      vertex -0.631427 -5.4756 0.5
    endloop
  endfacet
  facet normal 0 0 -1
    outer loop
      vertex -0.427051 -5.40622 0.5
      vertex -0.634043 -3.18755 0.5
      vertex -0.42421 -3.2222 0.5
    endloop
  endfacet
  facet normal 0 0 -1
    outer loop
      vertex -0.841162 -3.13926 0.5
      vertex -0.631427 -5.4756 0.5
      vertex -0.729775 -5.52016 0.5
    endloop
  endfacet
  facet normal 0 0 -1
    outer loop
      vertex -1.04468 -3.07752 0.5
      vertex -0.729775 -5.52016 0.5
      vertex -0.825 -5.57106 0.5
    endloop
  endfacet
  facet normal 0 0 -1
    outer loop
      vertex -0.631427 -5.4756 0.5
      vertex -0.841162 -3.13926 0.5
      vertex -0.634043 -3.18755 0.5
    endloop
  endfacet
  facet normal 0 0 -1
    outer loop
      vertex -1.04468 -3.07752 0.5
      vertex -0.825 -5.57106 0.5
      vertex -0.916691 -5.62807 0.5
    endloop
  endfacet
  facet normal 0 0 -1
    outer loop
      vertex -1.24372 -3.00261 0.5
      vertex -0.916691 -5.62807 0.5
      vertex -1.00446 -5.69097 0.5
    endloop
  endfacet
  facet normal 0 0 -1
    outer loop
      vertex -0.729775 -5.52016 0.5
      vertex -1.04468 -3.07752 0.5
      vertex -0.841162 -3.13926 0.5
    endloop
  endfacet
  facet normal 0 0 -1
    outer loop
      vertex -1.43744 -2.91484 0.5
      vertex -1.00446 -5.69097 0.5
      vertex -1.08792 -5.75946 0.5
    endloop
  endfacet
  facet normal 0 0 -1
    outer loop
      vertex -1.43744 -2.91484 0.5
      vertex -1.08792 -5.75946 0.5
      vertex -1.16673 -5.83327 0.5
    endloop
  endfacet
  facet normal 0 0 -1
    outer loop
      vertex -1.625 -2.81458 0.5
      vertex -1.16673 -5.83327 0.5
      vertex -1.24053 -5.91208 0.5
    endloop
  endfacet
  facet normal 0 0 -1
    outer loop
      vertex -0.916691 -5.62807 0.5
      vertex -1.24372 -3.00261 0.5
      vertex -1.04468 -3.07752 0.5
    endloop
  endfacet
  facet normal 0 0 -1
    outer loop
      vertex -1.8056 -2.70228 0.5
      vertex -1.24053 -5.91208 0.5
      vertex -1.30903 -5.99554 0.5
    endloop
  endfacet
  facet normal 0 0 -1
    outer loop
      vertex -1.8056 -2.70228 0.5
      vertex -1.30903 -5.99554 0.5
      vertex -1.37192 -6.08331 0.5
    endloop
  endfacet
  facet normal 0 0 -1
    outer loop
      vertex -1.97847 -2.5784 0.5
      vertex -1.37192 -6.08331 0.5
      vertex -1.42894 -6.175 0.5
    endloop
  endfacet
  facet normal 0 0 -1
    outer loop
      vertex -1.00446 -5.69097 0.5
      vertex -1.43744 -2.91484 0.5
      vertex -1.24372 -3.00261 0.5
    endloop
  endfacet
  facet normal 0 0 -1
    outer loop
      vertex -2.14287 -2.44348 0.5
      vertex -1.42894 -6.175 0.5
      vertex -1.47984 -6.27022 0.5
    endloop
  endfacet
  facet normal 0 0 -1
    outer loop
      vertex -2.2981 -2.2981 0.5
      vertex -1.47984 -6.27022 0.5
      vertex -1.5244 -6.36857 0.5
    endloop
  endfacet
  facet normal 0 0 -1
    outer loop
      vertex -6.175 -1.42894 0.5
      vertex -1.5244 -6.36857 0.5
      vertex -1.56243 -6.46962 0.5
    endloop
  endfacet
  facet normal -0 0 -1
    outer loop
      vertex -1.63588 -6.78463 0.5
      vertex -6.69637 -8.72689 0.5
      vertex -1.6183 -6.6781 0.5
    endloop
  endfacet
  facet normal -0 0 -1
    outer loop
      vertex -1.64647 -6.89208 0.5
      vertex -6.11127 -9.14616 0.5
      vertex -1.63588 -6.78463 0.5
    endloop
  endfacet
  facet normal 0 0 -1
    outer loop
      vertex -1.16673 -5.83327 0.5
      vertex -1.625 -2.81458 0.5
      vertex -1.43744 -2.91484 0.5
    endloop
  endfacet
  facet normal 0 0 -1
    outer loop
      vertex -6.11127 -9.14616 0.5
      vertex -1.65 -7 0.5
      vertex -5.5 -9.52628 0.5
    endloop
  endfacet
  facet normal -0 0 -1
    outer loop
      vertex -1.63588 -7.21537 0.5
      vertex -5.5 -9.52628 0.5
      vertex -1.64647 -7.10791 0.5
    endloop
  endfacet
  facet normal 0 0 -1
    outer loop
      vertex -5.5 -9.52628 0.5
      vertex -1.63588 -7.21537 0.5
      vertex -4.86518 -9.8656 0.5
    endloop
  endfacet
  facet normal 0 0 -1
    outer loop
      vertex -1.24053 -5.91208 0.5
      vertex -1.8056 -2.70228 0.5
      vertex -1.625 -2.81458 0.5
    endloop
  endfacet
  facet normal 0 0 -1
    outer loop
      vertex 8.63588 -0.215367 0.5
      vertex 11 0 0.5
      vertex 10.9764 -0.719434 0.5
    endloop
  endfacet
  facet normal 0 0 -1
    outer loop
      vertex 8.56243 -0.530375 0.5
      vertex 10.9764 -0.719434 0.5
      vertex 10.9059 -1.43579 0.5
    endloop
  endfacet
  facet normal 0 0 -1
    outer loop
      vertex 11 0 0.5
      vertex 8.63588 -0.215367 0.5
      vertex 8.64647 -0.107915 0.5
    endloop
  endfacet
  facet normal 0 0 -1
    outer loop
      vertex 8.42894 -0.825 0.5
      vertex 10.9059 -1.43579 0.5
      vertex 10.7886 -2.14599 0.5
    endloop
  endfacet
  facet normal 0 0 -1
    outer loop
      vertex 8.64647 0.107915 0.5
      vertex 11 0 0.5
      vertex 8.65 0 0.5
    endloop
  endfacet
  facet normal 0 0 -1
    outer loop
      vertex 8.16673 -1.16673 0.5
      vertex 10.7886 -2.14599 0.5
      vertex 10.6252 -2.84701 0.5
    endloop
  endfacet
  facet normal 0 0 -1
    outer loop
      vertex 8.63588 0.215367 0.5
      vertex 11 0 0.5
      vertex 8.64647 0.107915 0.5
    endloop
  endfacet
  facet normal 0 0 -1
    outer loop
      vertex 8.00446 -1.30903 0.5
      vertex 10.6252 -2.84701 0.5
      vertex 10.4162 -3.53583 0.5
    endloop
  endfacet
  facet normal 0 0 -1
    outer loop
      vertex 11 0 0.5
      vertex 8.63588 0.215367 0.5
      vertex 10.9764 0.719434 0.5
    endloop
  endfacet
  facet normal 0 0 -1
    outer loop
      vertex 7.72978 -1.47984 0.5
      vertex 10.4162 -3.53583 0.5
      vertex 10.1627 -4.20952 0.5
    endloop
  endfacet
  facet normal 0 0 -1
    outer loop
      vertex 8.6183 0.321898 0.5
      vertex 10.9764 0.719434 0.5
      vertex 8.63588 0.215367 0.5
    endloop
  endfacet
  facet normal 0 0 -1
    outer loop
      vertex 7.42705 -1.59378 0.5
      vertex 10.1627 -4.20952 0.5
      vertex 9.8656 -4.86518 0.5
    endloop
  endfacet
  facet normal 0 0 -1
    outer loop
      vertex 8.59378 0.427051 0.5
      vertex 10.9764 0.719434 0.5
      vertex 8.6183 0.321898 0.5
    endloop
  endfacet
  facet normal 0 0 -1
    outer loop
      vertex 7.21537 -1.63588 0.5
      vertex 9.8656 -4.86518 0.5
      vertex 9.52628 -5.5 0.5
    endloop
  endfacet
  facet normal 0 0 -1
    outer loop
      vertex 8.56243 0.530375 0.5
      vertex 10.9764 0.719434 0.5
      vertex 8.59378 0.427051 0.5
    endloop
  endfacet
  facet normal 0 0 -1
    outer loop
      vertex 7 -1.65 0.5
      vertex 9.52628 -5.5 0.5
      vertex 9.14616 -6.11127 0.5
    endloop
  endfacet
  facet normal 0 0 -1
    outer loop
      vertex 8.5244 0.631427 0.5
      vertex 10.9059 1.43579 0.5
      vertex 8.56243 0.530375 0.5
    endloop
  endfacet
  facet normal 0 0 -1
    outer loop
      vertex 6.78463 -1.63588 0.5
      vertex 9.14616 -6.11127 0.5
      vertex 8.72689 -6.69637 0.5
    endloop
  endfacet
  facet normal 0 0 -1
    outer loop
      vertex 8.47984 0.729775 0.5
      vertex 10.9059 1.43579 0.5
      vertex 8.5244 0.631427 0.5
    endloop
  endfacet
  facet normal 0 0 -1
    outer loop
      vertex 8.42894 0.825 0.5
      vertex 10.9059 1.43579 0.5
      vertex 8.47984 0.729775 0.5
    endloop
  endfacet
  facet normal -0 0 -1
    outer loop
      vertex 10.9764 0.719434 0.5
      vertex 8.56243 0.530375 0.5
      vertex 10.9059 1.43579 0.5
    endloop
  endfacet
  facet normal -0 0 -1
    outer loop
      vertex 11 0 0.5
      vertex 8.64647 -0.107915 0.5
      vertex 8.65 0 0.5
    endloop
  endfacet
  facet normal 0 0 -1
    outer loop
      vertex 10.9764 -0.719434 0.5
      vertex 8.6183 -0.321898 0.5
      vertex 8.63588 -0.215367 0.5
    endloop
  endfacet
  facet normal 0 0 -1
    outer loop
      vertex 10.9764 -0.719434 0.5
      vertex 8.59378 -0.427051 0.5
      vertex 8.6183 -0.321898 0.5
    endloop
  endfacet
  facet normal 0 0 -1
    outer loop
      vertex 10.9764 -0.719434 0.5
      vertex 8.56243 -0.530375 0.5
      vertex 8.59378 -0.427051 0.5
    endloop
  endfacet
  facet normal 0 0 -1
    outer loop
      vertex 10.9059 -1.43579 0.5
      vertex 8.5244 -0.631427 0.5
      vertex 8.56243 -0.530375 0.5
    endloop
  endfacet
  facet normal 0 0 -1
    outer loop
      vertex 10.9059 -1.43579 0.5
      vertex 8.47984 -0.729775 0.5
      vertex 8.5244 -0.631427 0.5
    endloop
  endfacet
  facet normal 0 0 -1
    outer loop
      vertex 10.9059 -1.43579 0.5
      vertex 8.42894 -0.825 0.5
      vertex 8.47984 -0.729775 0.5
    endloop
  endfacet
  facet normal 0 0 -1
    outer loop
      vertex 10.7886 -2.14599 0.5
      vertex 8.37192 -0.916691 0.5
      vertex 8.42894 -0.825 0.5
    endloop
  endfacet
  facet normal 0 0 -1
    outer loop
      vertex 10.7886 -2.14599 0.5
      vertex 8.30903 -1.00446 0.5
      vertex 8.37192 -0.916691 0.5
    endloop
  endfacet
  facet normal 0 0 -1
    outer loop
      vertex 6.6781 -1.6183 0.5
      vertex 8.72689 -6.69637 0.5
      vertex 8.27024 -7.2528 0.5
    endloop
  endfacet
  facet normal 0 0 -1
    outer loop
      vertex 10.7886 -2.14599 0.5
      vertex 8.24053 -1.08792 0.5
      vertex 8.30903 -1.00446 0.5
    endloop
  endfacet
  facet normal 0 0 -1
    outer loop
      vertex 10.7886 -2.14599 0.5
      vertex 8.16673 -1.16673 0.5
      vertex 8.24053 -1.08792 0.5
    endloop
  endfacet
  facet normal 0 0 -1
    outer loop
      vertex 10.6252 -2.84701 0.5
      vertex 8.08792 -1.24053 0.5
      vertex 8.16673 -1.16673 0.5
    endloop
  endfacet
  facet normal 0 0 -1
    outer loop
      vertex 10.6252 -2.84701 0.5
      vertex 8.00446 -1.30903 0.5
      vertex 8.08792 -1.24053 0.5
    endloop
  endfacet
  facet normal 0 0 -1
    outer loop
      vertex 10.4162 -3.53583 0.5
      vertex 7.91669 -1.37192 0.5
      vertex 8.00446 -1.30903 0.5
    endloop
  endfacet
  facet normal 0 0 -1
    outer loop
      vertex 10.4162 -3.53583 0.5
      vertex 7.825 -1.42894 0.5
      vertex 7.91669 -1.37192 0.5
    endloop
  endfacet
  facet normal 0 0 -1
    outer loop
      vertex 6.46962 -1.56243 0.5
      vertex 8.27024 -7.2528 0.5
      vertex 7.77817 -7.77817 0.5
    endloop
  endfacet
  facet normal 0 0 -1
    outer loop
      vertex 10.4162 -3.53583 0.5
      vertex 7.72978 -1.47984 0.5
      vertex 7.825 -1.42894 0.5
    endloop
  endfacet
  facet normal 0 0 -1
    outer loop
      vertex 10.1627 -4.20952 0.5
      vertex 7.63143 -1.5244 0.5
      vertex 7.72978 -1.47984 0.5
    endloop
  endfacet
  facet normal 0 0 -1
    outer loop
      vertex 10.1627 -4.20952 0.5
      vertex 7.53037 -1.56243 0.5
      vertex 7.63143 -1.5244 0.5
    endloop
  endfacet
  facet normal 0 0 -1
    outer loop
      vertex 10.1627 -4.20952 0.5
      vertex 7.42705 -1.59378 0.5
      vertex 7.53037 -1.56243 0.5
    endloop
  endfacet
  facet normal 0 0 -1
    outer loop
      vertex 9.8656 -4.86518 0.5
      vertex 7.3219 -1.6183 0.5
      vertex 7.42705 -1.59378 0.5
    endloop
  endfacet
  facet normal 0 0 -1
    outer loop
      vertex 6.11127 -9.14616 0.5
      vertex 1.63588 -6.78463 0.5
      vertex 6.69637 -8.72689 0.5
    endloop
  endfacet
  facet normal 0 0 -1
    outer loop
      vertex 9.8656 -4.86518 0.5
      vertex 7.21537 -1.63588 0.5
      vertex 7.3219 -1.6183 0.5
    endloop
  endfacet
  facet normal 0 0 -1
    outer loop
      vertex 9.52628 -5.5 0.5
      vertex 7.10791 -1.64647 0.5
      vertex 7.21537 -1.63588 0.5
    endloop
  endfacet
  facet normal 0 0 -1
    outer loop
      vertex 9.52628 -5.5 0.5
      vertex 7 -1.65 0.5
      vertex 7.10791 -1.64647 0.5
    endloop
  endfacet
  facet normal 0 0 -1
    outer loop
      vertex 9.14616 -6.11127 0.5
      vertex 6.89208 -1.64647 0.5
      vertex 7 -1.65 0.5
    endloop
  endfacet
  facet normal 0 0 -1
    outer loop
      vertex 9.14616 -6.11127 0.5
      vertex 6.78463 -1.63588 0.5
      vertex 6.89208 -1.64647 0.5
    endloop
  endfacet
  facet normal 0 0 -1
    outer loop
      vertex 1.63588 -6.78463 0.5
      vertex 6.11127 -9.14616 0.5
      vertex 1.64647 -6.89208 0.5
    endloop
  endfacet
  facet normal 0 0 -1
    outer loop
      vertex 8.72689 -6.69637 0.5
      vertex 6.6781 -1.6183 0.5
      vertex 6.78463 -1.63588 0.5
    endloop
  endfacet
  facet normal 0 0 -1
    outer loop
      vertex 8.27024 -7.2528 0.5
      vertex 6.57295 -1.59378 0.5
      vertex 6.6781 -1.6183 0.5
    endloop
  endfacet
  facet normal 0 0 -1
    outer loop
      vertex 8.27024 -7.2528 0.5
      vertex 6.46962 -1.56243 0.5
      vertex 6.57295 -1.59378 0.5
    endloop
  endfacet
  facet normal 0 0 -1
    outer loop
      vertex 1.6183 -6.6781 0.5
      vertex 6.69637 -8.72689 0.5
      vertex 1.63588 -6.78463 0.5
    endloop
  endfacet
  facet normal 0 0 -1
    outer loop
      vertex 7.77817 -7.77817 0.5
      vertex 6.36857 -1.5244 0.5
      vertex 6.46962 -1.56243 0.5
    endloop
  endfacet
  facet normal 0 0 -1
    outer loop
      vertex 6.69637 -8.72689 0.5
      vertex 1.6183 -6.6781 0.5
      vertex 7.2528 -8.27024 0.5
    endloop
  endfacet
  facet normal 0 0 -1
    outer loop
      vertex 1.64647 -6.89208 0.5
      vertex 6.11127 -9.14616 0.5
      vertex 1.65 -7 0.5
    endloop
  endfacet
  facet normal -0 0 -1
    outer loop
      vertex 6.36857 -1.5244 0.5
      vertex 2.2981 -2.2981 0.5
      vertex 6.27022 -1.47984 0.5
    endloop
  endfacet
  facet normal 0 -0 -1
    outer loop
      vertex 2.44348 -2.14287 0.5
      vertex 6.27022 -1.47984 0.5
      vertex 2.2981 -2.2981 0.5
    endloop
  endfacet
  facet normal -0 0 -1
    outer loop
      vertex 6.27022 -1.47984 0.5
      vertex 2.44348 -2.14287 0.5
      vertex 6.175 -1.42894 0.5
    endloop
  endfacet
  facet normal 0 -0 -1
    outer loop
      vertex 2.5784 -1.97847 0.5
      vertex 6.175 -1.42894 0.5
      vertex 2.44348 -2.14287 0.5
    endloop
  endfacet
  facet normal -0 0 -1
    outer loop
      vertex 6.175 -1.42894 0.5
      vertex 2.5784 -1.97847 0.5
      vertex 6.08331 -1.37192 0.5
    endloop
  endfacet
  facet normal -0 0 -1
    outer loop
      vertex 6.08331 -1.37192 0.5
      vertex 2.5784 -1.97847 0.5
      vertex 5.99554 -1.30903 0.5
    endloop
  endfacet
  facet normal -0 0 -1
    outer loop
      vertex 5.99554 -1.30903 0.5
      vertex 2.70228 -1.8056 0.5
      vertex 5.91208 -1.24053 0.5
    endloop
  endfacet
  facet normal -0 0 -1
    outer loop
      vertex 5.91208 -1.24053 0.5
      vertex 2.81458 -1.625 0.5
      vertex 5.83327 -1.16673 0.5
    endloop
  endfacet
  facet normal 0 -0 -1
    outer loop
      vertex 2.91484 -1.43744 0.5
      vertex 5.83327 -1.16673 0.5
      vertex 2.81458 -1.625 0.5
    endloop
  endfacet
  facet normal 0 0 -1
    outer loop
      vertex 1.65 -7 0.5
      vertex 6.11127 -9.14616 0.5
      vertex 5.5 -9.52628 0.5
    endloop
  endfacet
  facet normal -0 0 -1
    outer loop
      vertex 5.83327 -1.16673 0.5
      vertex 2.91484 -1.43744 0.5
      vertex 5.75946 -1.08792 0.5
    endloop
  endfacet
  facet normal -0 0 -1
    outer loop
      vertex 5.75946 -1.08792 0.5
      vertex 2.91484 -1.43744 0.5
      vertex 5.69097 -1.00446 0.5
    endloop
  endfacet
  facet normal 0 -0 -1
    outer loop
      vertex 3.00261 -1.24372 0.5
      vertex 5.69097 -1.00446 0.5
      vertex 2.91484 -1.43744 0.5
    endloop
  endfacet
  facet normal 0 -0 -1
    outer loop
      vertex 3.07752 -1.04468 0.5
      vertex 5.62807 -0.916691 0.5
      vertex 3.00261 -1.24372 0.5
    endloop
  endfacet
  facet normal -0 0 -1
    outer loop
      vertex 5.62807 -0.916691 0.5
      vertex 3.07752 -1.04468 0.5
      vertex 5.57106 -0.825 0.5
    endloop
  endfacet
  facet normal -0 0 -1
    outer loop
      vertex 5.57106 -0.825 0.5
      vertex 3.07752 -1.04468 0.5
      vertex 5.52016 -0.729775 0.5
    endloop
  endfacet
  facet normal 0 -0 -1
    outer loop
      vertex 3.13926 -0.841162 0.5
      vertex 5.52016 -0.729775 0.5
      vertex 3.07752 -1.04468 0.5
    endloop
  endfacet
  facet normal 0 0 -1
    outer loop
      vertex 1.63588 -7.21537 0.5
      vertex 5.5 -9.52628 0.5
      vertex 4.86518 -9.8656 0.5
    endloop
  endfacet
  facet normal -0 0 -1
    outer loop
      vertex 10.9059 1.43579 0.5
      vertex 8.42894 0.825 0.5
      vertex 10.7886 2.14599 0.5
    endloop
  endfacet
  facet normal 0 0 -1
    outer loop
      vertex 8.37192 0.916691 0.5
      vertex 10.7886 2.14599 0.5
      vertex 8.42894 0.825 0.5
    endloop
  endfacet
  facet normal 0 0 -1
    outer loop
      vertex 8.30903 1.00446 0.5
      vertex 10.7886 2.14599 0.5
      vertex 8.37192 0.916691 0.5
    endloop
  endfacet
  facet normal 0 0 -1
    outer loop
      vertex 8.24053 1.08792 0.5
      vertex 10.7886 2.14599 0.5
      vertex 8.30903 1.00446 0.5
    endloop
  endfacet
  facet normal 0 0 -1
    outer loop
      vertex 8.16673 1.16673 0.5
      vertex 10.7886 2.14599 0.5
      vertex 8.24053 1.08792 0.5
    endloop
  endfacet
  facet normal -0 0 -1
    outer loop
      vertex 10.7886 2.14599 0.5
      vertex 8.16673 1.16673 0.5
      vertex 10.6252 2.84701 0.5
    endloop
  endfacet
  facet normal 0 0 -1
    outer loop
      vertex 8.08792 1.24053 0.5
      vertex 10.6252 2.84701 0.5
      vertex 8.16673 1.16673 0.5
    endloop
  endfacet
  facet normal 0 0 -1
    outer loop
      vertex 8.00446 1.30903 0.5
      vertex 10.6252 2.84701 0.5
      vertex 8.08792 1.24053 0.5
    endloop
  endfacet
  facet normal -0 0 -1
    outer loop
      vertex 10.6252 2.84701 0.5
      vertex 8.00446 1.30903 0.5
      vertex 10.4162 3.53583 0.5
    endloop
  endfacet
  facet normal 0 0 -1
    outer loop
      vertex 7.91669 1.37192 0.5
      vertex 10.4162 3.53583 0.5
      vertex 8.00446 1.30903 0.5
    endloop
  endfacet
  facet normal 0 0 -1
    outer loop
      vertex 7.825 1.42894 0.5
      vertex 10.4162 3.53583 0.5
      vertex 7.91669 1.37192 0.5
    endloop
  endfacet
  facet normal 0 0 -1
    outer loop
      vertex 7.72978 1.47984 0.5
      vertex 10.4162 3.53583 0.5
      vertex 7.825 1.42894 0.5
    endloop
  endfacet
  facet normal -0 0 -1
    outer loop
      vertex 10.4162 3.53583 0.5
      vertex 7.72978 1.47984 0.5
      vertex 10.1627 4.20952 0.5
    endloop
  endfacet
  facet normal 0 0 -1
    outer loop
      vertex 7.63143 1.5244 0.5
      vertex 10.1627 4.20952 0.5
      vertex 7.72978 1.47984 0.5
    endloop
  endfacet
  facet normal 0 0 -1
    outer loop
      vertex 7.53037 1.56243 0.5
      vertex 10.1627 4.20952 0.5
      vertex 7.63143 1.5244 0.5
    endloop
  endfacet
  facet normal 0 0 -1
    outer loop
      vertex 7.42705 1.59378 0.5
      vertex 10.1627 4.20952 0.5
      vertex 7.53037 1.56243 0.5
    endloop
  endfacet
  facet normal -0 0 -1
    outer loop
      vertex 10.1627 4.20952 0.5
      vertex 7.42705 1.59378 0.5
      vertex 9.8656 4.86518 0.5
    endloop
  endfacet
  facet normal 0 0 -1
    outer loop
      vertex 7.3219 1.6183 0.5
      vertex 9.8656 4.86518 0.5
      vertex 7.42705 1.59378 0.5
    endloop
  endfacet
  facet normal 0 0 -1
    outer loop
      vertex 7.21537 1.63588 0.5
      vertex 9.8656 4.86518 0.5
      vertex 7.3219 1.6183 0.5
    endloop
  endfacet
  facet normal -0 0 -1
    outer loop
      vertex 9.8656 4.86518 0.5
      vertex 7.21537 1.63588 0.5
      vertex 9.52628 5.5 0.5
    endloop
  endfacet
  facet normal 0 0 -1
    outer loop
      vertex 7.10791 1.64647 0.5
      vertex 9.52628 5.5 0.5
      vertex 7.21537 1.63588 0.5
    endloop
  endfacet
  facet normal 0 0 -1
    outer loop
      vertex 7 1.65 0.5
      vertex 9.52628 5.5 0.5
      vertex 7.10791 1.64647 0.5
    endloop
  endfacet
  facet normal -0 0 -1
    outer loop
      vertex 9.52628 5.5 0.5
      vertex 7 1.65 0.5
      vertex 9.14616 6.11127 0.5
    endloop
  endfacet
  facet normal 0 0 -1
    outer loop
      vertex 6.89208 1.64647 0.5
      vertex 9.14616 6.11127 0.5
      vertex 7 1.65 0.5
    endloop
  endfacet
  facet normal 0 0 -1
    outer loop
      vertex 6.78463 1.63588 0.5
      vertex 9.14616 6.11127 0.5
      vertex 6.89208 1.64647 0.5
    endloop
  endfacet
  facet normal -0 0 -1
    outer loop
      vertex 9.14616 6.11127 0.5
      vertex 6.78463 1.63588 0.5
      vertex 8.72689 6.69637 0.5
    endloop
  endfacet
  facet normal 0 0 -1
    outer loop
      vertex 6.6781 1.6183 0.5
      vertex 8.72689 6.69637 0.5
      vertex 6.78463 1.63588 0.5
    endloop
  endfacet
  facet normal -0 0 -1
    outer loop
      vertex 8.72689 6.69637 0.5
      vertex 6.6781 1.6183 0.5
      vertex 8.27024 7.2528 0.5
    endloop
  endfacet
  facet normal 0 0 -1
    outer loop
      vertex 6.57295 1.59378 0.5
      vertex 8.27024 7.2528 0.5
      vertex 6.6781 1.6183 0.5
    endloop
  endfacet
  facet normal 0 0 -1
    outer loop
      vertex 6.46962 1.56243 0.5
      vertex 8.27024 7.2528 0.5
      vertex 6.57295 1.59378 0.5
    endloop
  endfacet
  facet normal -0 0 -1
    outer loop
      vertex 8.27024 7.2528 0.5
      vertex 6.46962 1.56243 0.5
      vertex 7.77817 7.77817 0.5
    endloop
  endfacet
  facet normal 0 0 -1
    outer loop
      vertex 6.36857 1.5244 0.5
      vertex 7.77817 7.77817 0.5
      vertex 6.46962 1.56243 0.5
    endloop
  endfacet
  facet normal 0 0 -1
    outer loop
      vertex 1.64647 6.89208 0.5
      vertex 7.77817 7.77817 0.5
      vertex 6.36857 1.5244 0.5
    endloop
  endfacet
  facet normal 0 0 -1
    outer loop
      vertex 1.64647 6.89208 0.5
      vertex 6.36857 1.5244 0.5
      vertex 6.27022 1.47984 0.5
    endloop
  endfacet
  facet normal 0 0 -1
    outer loop
      vertex 5.99554 1.30903 0.5
      vertex 2.70228 1.8056 0.5
      vertex 6.08331 1.37192 0.5
    endloop
  endfacet
  facet normal 0 0 -1
    outer loop
      vertex 5.91208 1.24053 0.5
      vertex 2.70228 1.8056 0.5
      vertex 5.99554 1.30903 0.5
    endloop
  endfacet
  facet normal 0 0 -1
    outer loop
      vertex 5.83327 1.16673 0.5
      vertex 2.81458 1.625 0.5
      vertex 5.91208 1.24053 0.5
    endloop
  endfacet
  facet normal 0 0 -1
    outer loop
      vertex 2.81458 1.625 0.5
      vertex 5.83327 1.16673 0.5
      vertex 2.91484 1.43744 0.5
    endloop
  endfacet
  facet normal 0 0 -1
    outer loop
      vertex 5.69097 1.00446 0.5
      vertex 2.91484 1.43744 0.5
      vertex 5.75946 1.08792 0.5
    endloop
  endfacet
  facet normal 0 0 -1
    outer loop
      vertex 3.00261 1.24372 0.5
      vertex 5.62807 0.916691 0.5
      vertex 3.07752 1.04468 0.5
    endloop
  endfacet
  facet normal 0 0 -1
    outer loop
      vertex 5.52016 0.729775 0.5
      vertex 3.07752 1.04468 0.5
      vertex 5.57106 0.825 0.5
    endloop
  endfacet
  facet normal 0 0 -1
    outer loop
      vertex 3.07752 1.04468 0.5
      vertex 5.52016 0.729775 0.5
      vertex 3.13926 0.841162 0.5
    endloop
  endfacet
  facet normal 0 0 -1
    outer loop
      vertex 5.4756 0.631427 0.5
      vertex 3.13926 0.841162 0.5
      vertex 5.52016 0.729775 0.5
    endloop
  endfacet
  facet normal 0 0 -1
    outer loop
      vertex 3.13926 0.841162 0.5
      vertex 5.4756 0.631427 0.5
      vertex 3.18755 0.634043 0.5
    endloop
  endfacet
  facet normal 0 0 -1
    outer loop
      vertex 5.43756 0.530375 0.5
      vertex 3.18755 0.634043 0.5
      vertex 5.4756 0.631427 0.5
    endloop
  endfacet
  facet normal 0 0 -1
    outer loop
      vertex 5.40622 0.427051 0.5
      vertex 3.18755 0.634043 0.5
      vertex 5.43756 0.530375 0.5
    endloop
  endfacet
  facet normal 0 0 -1
    outer loop
      vertex 5.75946 1.08792 0.5
      vertex 2.91484 1.43744 0.5
      vertex 5.83327 1.16673 0.5
    endloop
  endfacet
  facet normal 0 0 -1
    outer loop
      vertex 3.18755 0.634043 0.5
      vertex 5.40622 0.427051 0.5
      vertex 3.2222 0.42421 0.5
    endloop
  endfacet
  facet normal 0 0 -1
    outer loop
      vertex 5.3817 0.321898 0.5
      vertex 3.2222 0.42421 0.5
      vertex 5.40622 0.427051 0.5
    endloop
  endfacet
  facet normal 0 0 -1
    outer loop
      vertex 5.36412 0.215367 0.5
      vertex 3.2222 0.42421 0.5
      vertex 5.3817 0.321898 0.5
    endloop
  endfacet
  facet normal 0 0 -1
    outer loop
      vertex 3.2222 0.42421 0.5
      vertex 5.36412 0.215367 0.5
      vertex 3.24304 0.21256 0.5
    endloop
  endfacet
  facet normal 0 0 -1
    outer loop
      vertex 5.35353 0.107915 0.5
      vertex 3.24304 0.21256 0.5
      vertex 5.36412 0.215367 0.5
    endloop
  endfacet
  facet normal 0 0 -1
    outer loop
      vertex 3.24304 0.21256 0.5
      vertex 5.35353 0.107915 0.5
      vertex 3.25 0 0.5
    endloop
  endfacet
  facet normal 0 0 -1
    outer loop
      vertex 3.25 0 0.5
      vertex 5.35353 0.107915 0.5
      vertex 5.35 0 0.5
    endloop
  endfacet
  facet normal -0 0 -1
    outer loop
      vertex 5.52016 -0.729775 0.5
      vertex 3.13926 -0.841162 0.5
      vertex 5.4756 -0.631427 0.5
    endloop
  endfacet
  facet normal 0 0 -1
    outer loop
      vertex 5.57106 0.825 0.5
      vertex 3.07752 1.04468 0.5
      vertex 5.62807 0.916691 0.5
    endloop
  endfacet
  facet normal 0 0 -1
    outer loop
      vertex 1.59378 -7.42705 0.5
      vertex 4.86518 -9.8656 0.5
      vertex 4.20952 -10.1627 0.5
    endloop
  endfacet
  facet normal 0 0 -1
    outer loop
      vertex 2.91484 1.43744 0.5
      vertex 5.69097 1.00446 0.5
      vertex 3.00261 1.24372 0.5
    endloop
  endfacet
  facet normal 0 0 -1
    outer loop
      vertex 1.47984 -7.72978 0.5
      vertex 4.20952 -10.1627 0.5
      vertex 3.53583 -10.4162 0.5
    endloop
  endfacet
  facet normal 0 0 -1
    outer loop
      vertex 5.62807 0.916691 0.5
      vertex 3.00261 1.24372 0.5
      vertex 5.69097 1.00446 0.5
    endloop
  endfacet
  facet normal 0 0 -1
    outer loop
      vertex 2.70228 1.8056 0.5
      vertex 5.91208 1.24053 0.5
      vertex 2.81458 1.625 0.5
    endloop
  endfacet
  facet normal 0 0 -1
    outer loop
      vertex 5.35353 -0.107915 0.5
      vertex 3.25 0 0.5
      vertex 5.35 0 0.5
    endloop
  endfacet
  facet normal 0 -0 -1
    outer loop
      vertex 3.25 0 0.5
      vertex 5.35353 -0.107915 0.5
      vertex 3.24304 -0.21256 0.5
    endloop
  endfacet
  facet normal 0 0 -1
    outer loop
      vertex 5.36412 -0.215367 0.5
      vertex 3.24304 -0.21256 0.5
      vertex 5.35353 -0.107915 0.5
    endloop
  endfacet
  facet normal 0 -0 -1
    outer loop
      vertex 3.24304 -0.21256 0.5
      vertex 5.36412 -0.215367 0.5
      vertex 3.2222 -0.42421 0.5
    endloop
  endfacet
  facet normal -0 0 -1
    outer loop
      vertex 5.3817 -0.321898 0.5
      vertex 3.2222 -0.42421 0.5
      vertex 5.36412 -0.215367 0.5
    endloop
  endfacet
  facet normal 0 0 -1
    outer loop
      vertex 5.40622 -0.427051 0.5
      vertex 3.2222 -0.42421 0.5
      vertex 5.3817 -0.321898 0.5
    endloop
  endfacet
  facet normal 0 -0 -1
    outer loop
      vertex 3.2222 -0.42421 0.5
      vertex 5.40622 -0.427051 0.5
      vertex 3.18755 -0.634043 0.5
    endloop
  endfacet
  facet normal 0 0 -1
    outer loop
      vertex 1.37192 -7.91669 0.5
      vertex 3.53583 -10.4162 0.5
      vertex 2.84701 -10.6252 0.5
    endloop
  endfacet
  facet normal -0 0 -1
    outer loop
      vertex 5.43756 -0.530375 0.5
      vertex 3.18755 -0.634043 0.5
      vertex 5.40622 -0.427051 0.5
    endloop
  endfacet
  facet normal 0 -0 -1
    outer loop
      vertex 2.70228 -1.8056 0.5
      vertex 5.99554 -1.30903 0.5
      vertex 2.5784 -1.97847 0.5
    endloop
  endfacet
  facet normal 0 -0 -1
    outer loop
      vertex 3.18755 -0.634043 0.5
      vertex 5.43756 -0.530375 0.5
      vertex 3.13926 -0.841162 0.5
    endloop
  endfacet
  facet normal -0 0 -1
    outer loop
      vertex 5.4756 -0.631427 0.5
      vertex 3.13926 -0.841162 0.5
      vertex 5.43756 -0.530375 0.5
    endloop
  endfacet
  facet normal -0 0 -1
    outer loop
      vertex 5.69097 -1.00446 0.5
      vertex 3.00261 -1.24372 0.5
      vertex 5.62807 -0.916691 0.5
    endloop
  endfacet
  facet normal 0 0 -1
    outer loop
      vertex 1.16673 -8.16673 0.5
      vertex 2.84701 -10.6252 0.5
      vertex 2.14599 -10.7886 0.5
    endloop
  endfacet
  facet normal 0 -0 -1
    outer loop
      vertex 2.81458 -1.625 0.5
      vertex 5.91208 -1.24053 0.5
      vertex 2.70228 -1.8056 0.5
    endloop
  endfacet
  facet normal 0 0 -1
    outer loop
      vertex 1.59378 -6.57295 0.5
      vertex 7.2528 -8.27024 0.5
      vertex 1.6183 -6.6781 0.5
    endloop
  endfacet
  facet normal 0 0 -1
    outer loop
      vertex 1.56243 -6.46962 0.5
      vertex 7.2528 -8.27024 0.5
      vertex 1.59378 -6.57295 0.5
    endloop
  endfacet
  facet normal 0 0 -1
    outer loop
      vertex 7.2528 -8.27024 0.5
      vertex 1.56243 -6.46962 0.5
      vertex 7.77817 -7.77817 0.5
    endloop
  endfacet
  facet normal 0 0 -1
    outer loop
      vertex 5.5 -9.52628 0.5
      vertex 1.64647 -7.10791 0.5
      vertex 1.65 -7 0.5
    endloop
  endfacet
  facet normal 0 0 -1
    outer loop
      vertex 5.5 -9.52628 0.5
      vertex 1.63588 -7.21537 0.5
      vertex 1.64647 -7.10791 0.5
    endloop
  endfacet
  facet normal 0 0 -1
    outer loop
      vertex 4.86518 -9.8656 0.5
      vertex 1.6183 -7.3219 0.5
      vertex 1.63588 -7.21537 0.5
    endloop
  endfacet
  facet normal 0 0 -1
    outer loop
      vertex 4.86518 -9.8656 0.5
      vertex 1.59378 -7.42705 0.5
      vertex 1.6183 -7.3219 0.5
    endloop
  endfacet
  facet normal 0 0 -1
    outer loop
      vertex 4.20952 -10.1627 0.5
      vertex 1.56243 -7.53037 0.5
      vertex 1.59378 -7.42705 0.5
    endloop
  endfacet
  facet normal 0 0 -1
    outer loop
      vertex 4.20952 -10.1627 0.5
      vertex 1.5244 -7.63143 0.5
      vertex 1.56243 -7.53037 0.5
    endloop
  endfacet
  facet normal 0 0 -1
    outer loop
      vertex 4.20952 -10.1627 0.5
      vertex 1.47984 -7.72978 0.5
      vertex 1.5244 -7.63143 0.5
    endloop
  endfacet
  facet normal 0 0 -1
    outer loop
      vertex 0.916691 -8.37192 0.5
      vertex 2.14599 -10.7886 0.5
      vertex 1.43579 -10.9059 0.5
    endloop
  endfacet
  facet normal 0 0 -1
    outer loop
      vertex 3.53583 -10.4162 0.5
      vertex 1.42894 -7.825 0.5
      vertex 1.47984 -7.72978 0.5
    endloop
  endfacet
  facet normal 0 0 -1
    outer loop
      vertex 3.53583 -10.4162 0.5
      vertex 1.37192 -7.91669 0.5
      vertex 1.42894 -7.825 0.5
    endloop
  endfacet
  facet normal 0 0 -1
    outer loop
      vertex 2.84701 -10.6252 0.5
      vertex 1.30903 -8.00446 0.5
      vertex 1.37192 -7.91669 0.5
    endloop
  endfacet
  facet normal 0 0 -1
    outer loop
      vertex 2.84701 -10.6252 0.5
      vertex 1.24053 -8.08792 0.5
      vertex 1.30903 -8.00446 0.5
    endloop
  endfacet
  facet normal 0 0 -1
    outer loop
      vertex 2.84701 -10.6252 0.5
      vertex 1.16673 -8.16673 0.5
      vertex 1.24053 -8.08792 0.5
    endloop
  endfacet
  facet normal 0 0 -1
    outer loop
      vertex 2.14599 -10.7886 0.5
      vertex 1.08792 -8.24053 0.5
      vertex 1.16673 -8.16673 0.5
    endloop
  endfacet
  facet normal 0 0 -1
    outer loop
      vertex 2.14599 -10.7886 0.5
      vertex 1.00446 -8.30903 0.5
      vertex 1.08792 -8.24053 0.5
    endloop
  endfacet
  facet normal 0 0 -1
    outer loop
      vertex 2.14599 -10.7886 0.5
      vertex 0.916691 -8.37192 0.5
      vertex 1.00446 -8.30903 0.5
    endloop
  endfacet
  facet normal 0 0 -1
    outer loop
      vertex 1.43579 -10.9059 0.5
      vertex 0.825 -8.42894 0.5
      vertex 0.916691 -8.37192 0.5
    endloop
  endfacet
  facet normal 0 0 -1
    outer loop
      vertex 1.43579 -10.9059 0.5
      vertex 0.729775 -8.47984 0.5
      vertex 0.825 -8.42894 0.5
    endloop
  endfacet
  facet normal 0 0 -1
    outer loop
      vertex 0.530375 -8.56243 0.5
      vertex 1.43579 -10.9059 0.5
      vertex 0.719434 -10.9764 0.5
    endloop
  endfacet
  facet normal 0 0 -1
    outer loop
      vertex 1.43579 -10.9059 0.5
      vertex 0.631427 -8.5244 0.5
      vertex 0.729775 -8.47984 0.5
    endloop
  endfacet
  facet normal 0 0 -1
    outer loop
      vertex 1.43579 -10.9059 0.5
      vertex 0.530375 -8.56243 0.5
      vertex 0.631427 -8.5244 0.5
    endloop
  endfacet
  facet normal 0 0 -1
    outer loop
      vertex 0.719434 -10.9764 0.5
      vertex 0.427051 -8.59378 0.5
      vertex 0.530375 -8.56243 0.5
    endloop
  endfacet
  facet normal 0 0 -1
    outer loop
      vertex 0.719434 -10.9764 0.5
      vertex 0.321898 -8.6183 0.5
      vertex 0.427051 -8.59378 0.5
    endloop
  endfacet
  facet normal 0 0 -1
    outer loop
      vertex 0.719434 -10.9764 0.5
      vertex 0.215367 -8.63588 0.5
      vertex 0.321898 -8.6183 0.5
    endloop
  endfacet
  facet normal 0 0 -1
    outer loop
      vertex 0 -11 0.5
      vertex 0.215367 -8.63588 0.5
      vertex 0.719434 -10.9764 0.5
    endloop
  endfacet
  facet normal 0 0 -1
    outer loop
      vertex 0.215367 -8.63588 0.5
      vertex 0 -11 0.5
      vertex 0.107915 -8.64647 0.5
    endloop
  endfacet
  facet normal 0 0 -1
    outer loop
      vertex 0 -11 0.5
      vertex 0 -8.65 0.5
      vertex 0.107915 -8.64647 0.5
    endloop
  endfacet
  facet normal 0 0 -1
    outer loop
      vertex 0 -11 0.5
      vertex -0.107915 -8.64647 0.5
      vertex 0 -8.65 0.5
    endloop
  endfacet
  facet normal 0 0 -1
    outer loop
      vertex 0 -11 0.5
      vertex -0.215367 -8.63588 0.5
      vertex -0.107915 -8.64647 0.5
    endloop
  endfacet
  facet normal 0 0 -1
    outer loop
      vertex -0.719434 -10.9764 0.5
      vertex -0.215367 -8.63588 0.5
      vertex 0 -11 0.5
    endloop
  endfacet
  facet normal -0 0 -1
    outer loop
      vertex -0.215367 -8.63588 0.5
      vertex -0.719434 -10.9764 0.5
      vertex -0.321898 -8.6183 0.5
    endloop
  endfacet
  facet normal -0 0 -1
    outer loop
      vertex -0.321898 -8.6183 0.5
      vertex -0.719434 -10.9764 0.5
      vertex -0.427051 -8.59378 0.5
    endloop
  endfacet
  facet normal -0 0 -1
    outer loop
      vertex -0.427051 -8.59378 0.5
      vertex -0.719434 -10.9764 0.5
      vertex -0.530375 -8.56243 0.5
    endloop
  endfacet
  facet normal 0 0 -1
    outer loop
      vertex -1.43579 -10.9059 0.5
      vertex -0.530375 -8.56243 0.5
      vertex -0.719434 -10.9764 0.5
    endloop
  endfacet
  facet normal -0 0 -1
    outer loop
      vertex -0.530375 -8.56243 0.5
      vertex -1.43579 -10.9059 0.5
      vertex -0.631427 -8.5244 0.5
    endloop
  endfacet
  facet normal -0 0 -1
    outer loop
      vertex -0.631427 -8.5244 0.5
      vertex -1.43579 -10.9059 0.5
      vertex -0.729775 -8.47984 0.5
    endloop
  endfacet
  facet normal -0 0 -1
    outer loop
      vertex -0.729775 -8.47984 0.5
      vertex -1.43579 -10.9059 0.5
      vertex -0.825 -8.42894 0.5
    endloop
  endfacet
  facet normal -0 0 -1
    outer loop
      vertex -0.825 -8.42894 0.5
      vertex -1.43579 -10.9059 0.5
      vertex -0.916691 -8.37192 0.5
    endloop
  endfacet
  facet normal 0 0 -1
    outer loop
      vertex -2.14599 -10.7886 0.5
      vertex -0.916691 -8.37192 0.5
      vertex -1.43579 -10.9059 0.5
    endloop
  endfacet
  facet normal -0 0 -1
    outer loop
      vertex -0.916691 -8.37192 0.5
      vertex -2.14599 -10.7886 0.5
      vertex -1.00446 -8.30903 0.5
    endloop
  endfacet
  facet normal -0 0 -1
    outer loop
      vertex -1.00446 -8.30903 0.5
      vertex -2.14599 -10.7886 0.5
      vertex -1.08792 -8.24053 0.5
    endloop
  endfacet
  facet normal -0 0 -1
    outer loop
      vertex -1.08792 -8.24053 0.5
      vertex -2.14599 -10.7886 0.5
      vertex -1.16673 -8.16673 0.5
    endloop
  endfacet
  facet normal 0 0 -1
    outer loop
      vertex -2.84701 -10.6252 0.5
      vertex -1.16673 -8.16673 0.5
      vertex -2.14599 -10.7886 0.5
    endloop
  endfacet
  facet normal -0 0 -1
    outer loop
      vertex -1.16673 -8.16673 0.5
      vertex -2.84701 -10.6252 0.5
      vertex -1.24053 -8.08792 0.5
    endloop
  endfacet
  facet normal -0 0 -1
    outer loop
      vertex -1.24053 -8.08792 0.5
      vertex -2.84701 -10.6252 0.5
      vertex -1.30903 -8.00446 0.5
    endloop
  endfacet
  facet normal -0 0 -1
    outer loop
      vertex -1.30903 -8.00446 0.5
      vertex -2.84701 -10.6252 0.5
      vertex -1.37192 -7.91669 0.5
    endloop
  endfacet
  facet normal 0 0 -1
    outer loop
      vertex -3.53583 -10.4162 0.5
      vertex -1.37192 -7.91669 0.5
      vertex -2.84701 -10.6252 0.5
    endloop
  endfacet
  facet normal -0 0 -1
    outer loop
      vertex -1.37192 -7.91669 0.5
      vertex -3.53583 -10.4162 0.5
      vertex -1.42894 -7.825 0.5
    endloop
  endfacet
  facet normal -0 0 -1
    outer loop
      vertex -1.42894 -7.825 0.5
      vertex -3.53583 -10.4162 0.5
      vertex -1.47984 -7.72978 0.5
    endloop
  endfacet
  facet normal 0 0 -1
    outer loop
      vertex -4.20952 -10.1627 0.5
      vertex -1.47984 -7.72978 0.5
      vertex -3.53583 -10.4162 0.5
    endloop
  endfacet
  facet normal -0 0 -1
    outer loop
      vertex -1.47984 -7.72978 0.5
      vertex -4.20952 -10.1627 0.5
      vertex -1.5244 -7.63143 0.5
    endloop
  endfacet
  facet normal -0 0 -1
    outer loop
      vertex -1.5244 -7.63143 0.5
      vertex -4.20952 -10.1627 0.5
      vertex -1.56243 -7.53037 0.5
    endloop
  endfacet
  facet normal -0 0 -1
    outer loop
      vertex -1.6183 -7.3219 0.5
      vertex -4.86518 -9.8656 0.5
      vertex -1.63588 -7.21537 0.5
    endloop
  endfacet
  facet normal 0 0 -1
    outer loop
      vertex -1.37192 -6.08331 0.5
      vertex -1.97847 -2.5784 0.5
      vertex -1.8056 -2.70228 0.5
    endloop
  endfacet
  facet normal -0 0 -1
    outer loop
      vertex -1.56243 -7.53037 0.5
      vertex -4.20952 -10.1627 0.5
      vertex -1.59378 -7.42705 0.5
    endloop
  endfacet
  facet normal 0 0 -1
    outer loop
      vertex -4.86518 -9.8656 0.5
      vertex -1.59378 -7.42705 0.5
      vertex -4.20952 -10.1627 0.5
    endloop
  endfacet
  facet normal -0 0 -1
    outer loop
      vertex -1.59378 -7.42705 0.5
      vertex -4.86518 -9.8656 0.5
      vertex -1.6183 -7.3219 0.5
    endloop
  endfacet
  facet normal -0 0 -1
    outer loop
      vertex -1.64647 -7.10791 0.5
      vertex -5.5 -9.52628 0.5
      vertex -1.65 -7 0.5
    endloop
  endfacet
  facet normal 0 0 -1
    outer loop
      vertex -1.42894 -6.175 0.5
      vertex -2.14287 -2.44348 0.5
      vertex -1.97847 -2.5784 0.5
    endloop
  endfacet
  facet normal 0 0 -1
    outer loop
      vertex -1.47984 -6.27022 0.5
      vertex -2.2981 -2.2981 0.5
      vertex -2.14287 -2.44348 0.5
    endloop
  endfacet
  facet normal 0 0 -1
    outer loop
      vertex -1.5244 -6.36857 0.5
      vertex -6.175 -1.42894 0.5
      vertex -2.2981 -2.2981 0.5
    endloop
  endfacet
  facet normal -0 0 -1
    outer loop
      vertex -1.6183 -6.6781 0.5
      vertex -6.69637 -8.72689 0.5
      vertex -1.59378 -6.57295 0.5
    endloop
  endfacet
  facet normal -0 0 -1
    outer loop
      vertex -1.65 -7 0.5
      vertex -6.11127 -9.14616 0.5
      vertex -1.64647 -6.89208 0.5
    endloop
  endfacet
  facet normal 0 0 -1
    outer loop
      vertex -6.69637 -8.72689 0.5
      vertex -1.63588 -6.78463 0.5
      vertex -6.11127 -9.14616 0.5
    endloop
  endfacet
  facet normal -0 0 -1
    outer loop
      vertex -1.59378 -6.57295 0.5
      vertex -6.69637 -8.72689 0.5
      vertex -1.56243 -6.46962 0.5
    endloop
  endfacet
  facet normal 0 -0 -1
    outer loop
      vertex -6.175 -1.42894 0.5
      vertex -1.56243 -6.46962 0.5
      vertex -6.69637 -8.72689 0.5
    endloop
  endfacet
  facet normal 0 0 -1
    outer loop
      vertex -2.2981 -2.2981 0.5
      vertex -6.175 -1.42894 0.5
      vertex -2.44348 -2.14287 0.5
    endloop
  endfacet
  facet normal 0 0 -1
    outer loop
      vertex -2.44348 -2.14287 0.5
      vertex -6.175 -1.42894 0.5
      vertex -2.5784 -1.97847 0.5
    endloop
  endfacet
  facet normal 0 -0 -1
    outer loop
      vertex -6.08331 -1.37192 0.5
      vertex -2.5784 -1.97847 0.5
      vertex -6.175 -1.42894 0.5
    endloop
  endfacet
  facet normal 0 0 -1
    outer loop
      vertex -2.5784 -1.97847 0.5
      vertex -6.08331 -1.37192 0.5
      vertex -2.70228 -1.8056 0.5
    endloop
  endfacet
  facet normal 0 -0 -1
    outer loop
      vertex -5.91208 -1.24053 0.5
      vertex -2.70228 -1.8056 0.5
      vertex -5.99554 -1.30903 0.5
    endloop
  endfacet
  facet normal 0 -0 -1
    outer loop
      vertex -5.99554 -1.30903 0.5
      vertex -2.70228 -1.8056 0.5
      vertex -6.08331 -1.37192 0.5
    endloop
  endfacet
  facet normal 0 0 1
    outer loop
      vertex -3.13926 -0.841162 3.5
      vertex -5.52016 -0.729775 3.5
      vertex -3.07752 -1.04468 3.5
    endloop
  endfacet
  facet normal -0 0 1
    outer loop
      vertex -5.57106 -0.825 3.5
      vertex -3.07752 -1.04468 3.5
      vertex -5.52016 -0.729775 3.5
    endloop
  endfacet
  facet normal -0 0 1
    outer loop
      vertex -5.62807 -0.916691 3.5
      vertex -3.07752 -1.04468 3.5
      vertex -5.57106 -0.825 3.5
    endloop
  endfacet
  facet normal 0 0 1
    outer loop
      vertex -3.07752 -1.04468 3.5
      vertex -5.62807 -0.916691 3.5
      vertex -3.00261 -1.24372 3.5
    endloop
  endfacet
  facet normal -0 0 1
    outer loop
      vertex -5.69097 -1.00446 3.5
      vertex -3.00261 -1.24372 3.5
      vertex -5.62807 -0.916691 3.5
    endloop
  endfacet
  facet normal 0 0 1
    outer loop
      vertex -3.00261 -1.24372 3.5
      vertex -5.69097 -1.00446 3.5
      vertex -2.91484 -1.43744 3.5
    endloop
  endfacet
  facet normal -0 0 1
    outer loop
      vertex -5.75946 -1.08792 3.5
      vertex -2.91484 -1.43744 3.5
      vertex -5.69097 -1.00446 3.5
    endloop
  endfacet
  facet normal -0 0 1
    outer loop
      vertex -5.83327 -1.16673 3.5
      vertex -2.91484 -1.43744 3.5
      vertex -5.75946 -1.08792 3.5
    endloop
  endfacet
  facet normal 0 0 1
    outer loop
      vertex -2.91484 -1.43744 3.5
      vertex -5.83327 -1.16673 3.5
      vertex -2.81458 -1.625 3.5
    endloop
  endfacet
  facet normal -0 0 1
    outer loop
      vertex -5.91208 -1.24053 3.5
      vertex -2.81458 -1.625 3.5
      vertex -5.83327 -1.16673 3.5
    endloop
  endfacet
  facet normal 0 0 1
    outer loop
      vertex -2.81458 -1.625 3.5
      vertex -5.91208 -1.24053 3.5
      vertex -2.70228 -1.8056 3.5
    endloop
  endfacet
  facet normal -0 0 1
    outer loop
      vertex -5.99554 -1.30903 3.5
      vertex -2.70228 -1.8056 3.5
      vertex -5.91208 -1.24053 3.5
    endloop
  endfacet
  facet normal 0 0 1
    outer loop
      vertex -2.70228 -1.8056 3.5
      vertex -5.99554 -1.30903 3.5
      vertex -2.5784 -1.97847 3.5
    endloop
  endfacet
  facet normal -0 0 1
    outer loop
      vertex -6.08331 -1.37192 3.5
      vertex -2.5784 -1.97847 3.5
      vertex -5.99554 -1.30903 3.5
    endloop
  endfacet
  facet normal 0 0 1
    outer loop
      vertex -2.5784 -1.97847 3.5
      vertex -5.5 -9.52628 3.5
      vertex -4.86518 -9.8656 3.5
    endloop
  endfacet
  facet normal -0 0 1
    outer loop
      vertex -6.175 -1.42894 3.5
      vertex -2.5784 -1.97847 3.5
      vertex -6.08331 -1.37192 3.5
    endloop
  endfacet
  facet normal 0 0 1
    outer loop
      vertex -2.5784 -1.97847 3.5
      vertex -6.11127 -9.14616 3.5
      vertex -5.5 -9.52628 3.5
    endloop
  endfacet
  facet normal -0 0 1
    outer loop
      vertex -6.27022 -1.47984 3.5
      vertex -2.5784 -1.97847 3.5
      vertex -6.175 -1.42894 3.5
    endloop
  endfacet
  facet normal -0 0 1
    outer loop
      vertex -6.36857 -1.5244 3.5
      vertex -2.5784 -1.97847 3.5
      vertex -6.27022 -1.47984 3.5
    endloop
  endfacet
  facet normal 0 0 1
    outer loop
      vertex -7.77817 -7.77817 3.5
      vertex -2.5784 -1.97847 3.5
      vertex -6.36857 -1.5244 3.5
    endloop
  endfacet
  facet normal 0 0 1
    outer loop
      vertex -7.77817 -7.77817 3.5
      vertex -6.36857 -1.5244 3.5
      vertex -6.46962 -1.56243 3.5
    endloop
  endfacet
  facet normal 0 0 1
    outer loop
      vertex -8.27024 -7.2528 3.5
      vertex -6.46962 -1.56243 3.5
      vertex -6.57295 -1.59378 3.5
    endloop
  endfacet
  facet normal 0 0 1
    outer loop
      vertex -8.27024 -7.2528 3.5
      vertex -6.57295 -1.59378 3.5
      vertex -6.6781 -1.6183 3.5
    endloop
  endfacet
  facet normal 0 0 1
    outer loop
      vertex -2.5784 -1.97847 3.5
      vertex -6.69637 -8.72689 3.5
      vertex -6.11127 -9.14616 3.5
    endloop
  endfacet
  facet normal 0 0 1
    outer loop
      vertex -8.72689 -6.69637 3.5
      vertex -6.6781 -1.6183 3.5
      vertex -6.78463 -1.63588 3.5
    endloop
  endfacet
  facet normal 0 0 1
    outer loop
      vertex -9.14616 -6.11127 3.5
      vertex -6.78463 -1.63588 3.5
      vertex -6.89208 -1.64647 3.5
    endloop
  endfacet
  facet normal 0 0 1
    outer loop
      vertex -9.14616 -6.11127 3.5
      vertex -6.89208 -1.64647 3.5
      vertex -7 -1.65 3.5
    endloop
  endfacet
  facet normal 0 0 1
    outer loop
      vertex -9.52628 -5.5 3.5
      vertex -7 -1.65 3.5
      vertex -7.10791 -1.64647 3.5
    endloop
  endfacet
  facet normal 0 0 1
    outer loop
      vertex -9.52628 -5.5 3.5
      vertex -7.10791 -1.64647 3.5
      vertex -7.21537 -1.63588 3.5
    endloop
  endfacet
  facet normal 0 0 1
    outer loop
      vertex -2.5784 -1.97847 3.5
      vertex -7.2528 -8.27024 3.5
      vertex -6.69637 -8.72689 3.5
    endloop
  endfacet
  facet normal 0 0 1
    outer loop
      vertex -9.8656 -4.86518 3.5
      vertex -7.21537 -1.63588 3.5
      vertex -7.3219 -1.6183 3.5
    endloop
  endfacet
  facet normal 0 0 1
    outer loop
      vertex -9.8656 -4.86518 3.5
      vertex -7.3219 -1.6183 3.5
      vertex -7.42705 -1.59378 3.5
    endloop
  endfacet
  facet normal 0 0 1
    outer loop
      vertex -10.1627 -4.20952 3.5
      vertex -7.42705 -1.59378 3.5
      vertex -7.53037 -1.56243 3.5
    endloop
  endfacet
  facet normal 0 0 1
    outer loop
      vertex -10.1627 -4.20952 3.5
      vertex -7.53037 -1.56243 3.5
      vertex -7.63143 -1.5244 3.5
    endloop
  endfacet
  facet normal 0 0 1
    outer loop
      vertex -10.1627 -4.20952 3.5
      vertex -7.63143 -1.5244 3.5
      vertex -7.72978 -1.47984 3.5
    endloop
  endfacet
  facet normal 0 0 1
    outer loop
      vertex -2.5784 -1.97847 3.5
      vertex -7.77817 -7.77817 3.5
      vertex -7.2528 -8.27024 3.5
    endloop
  endfacet
  facet normal 0 0 1
    outer loop
      vertex -10.4162 -3.53583 3.5
      vertex -7.72978 -1.47984 3.5
      vertex -7.825 -1.42894 3.5
    endloop
  endfacet
  facet normal 0 0 1
    outer loop
      vertex -10.4162 -3.53583 3.5
      vertex -7.825 -1.42894 3.5
      vertex -7.91669 -1.37192 3.5
    endloop
  endfacet
  facet normal 0 0 1
    outer loop
      vertex -10.4162 -3.53583 3.5
      vertex -7.91669 -1.37192 3.5
      vertex -8.00446 -1.30903 3.5
    endloop
  endfacet
  facet normal 0 0 1
    outer loop
      vertex -10.6252 -2.84701 3.5
      vertex -8.00446 -1.30903 3.5
      vertex -8.08792 -1.24053 3.5
    endloop
  endfacet
  facet normal 0 0 1
    outer loop
      vertex -10.6252 -2.84701 3.5
      vertex -8.08792 -1.24053 3.5
      vertex -8.16673 -1.16673 3.5
    endloop
  endfacet
  facet normal 0 0 1
    outer loop
      vertex -10.7886 -2.14599 3.5
      vertex -8.16673 -1.16673 3.5
      vertex -8.24053 -1.08792 3.5
    endloop
  endfacet
  facet normal 0 0 1
    outer loop
      vertex -6.46962 -1.56243 3.5
      vertex -8.27024 -7.2528 3.5
      vertex -7.77817 -7.77817 3.5
    endloop
  endfacet
  facet normal 0 0 1
    outer loop
      vertex -10.7886 -2.14599 3.5
      vertex -8.24053 -1.08792 3.5
      vertex -8.30903 -1.00446 3.5
    endloop
  endfacet
  facet normal 0 0 1
    outer loop
      vertex -10.7886 -2.14599 3.5
      vertex -8.30903 -1.00446 3.5
      vertex -8.37192 -0.916691 3.5
    endloop
  endfacet
  facet normal 0 0 1
    outer loop
      vertex -10.7886 -2.14599 3.5
      vertex -8.37192 -0.916691 3.5
      vertex -8.42894 -0.825 3.5
    endloop
  endfacet
  facet normal 0 0 1
    outer loop
      vertex -10.9059 -1.43579 3.5
      vertex -8.42894 -0.825 3.5
      vertex -8.47984 -0.729775 3.5
    endloop
  endfacet
  facet normal 0 0 1
    outer loop
      vertex -10.9059 -1.43579 3.5
      vertex -8.47984 -0.729775 3.5
      vertex -8.5244 -0.631427 3.5
    endloop
  endfacet
  facet normal 0 0 1
    outer loop
      vertex -10.9059 -1.43579 3.5
      vertex -8.5244 -0.631427 3.5
      vertex -8.56243 -0.530375 3.5
    endloop
  endfacet
  facet normal 0 0 1
    outer loop
      vertex -10.9764 -0.719434 3.5
      vertex -8.56243 -0.530375 3.5
      vertex -8.59378 -0.427051 3.5
    endloop
  endfacet
  facet normal 0 0 1
    outer loop
      vertex -10.9764 -0.719434 3.5
      vertex -8.59378 -0.427051 3.5
      vertex -8.6183 -0.321898 3.5
    endloop
  endfacet
  facet normal 0 0 1
    outer loop
      vertex -10.9764 -0.719434 3.5
      vertex -8.6183 -0.321898 3.5
      vertex -8.63588 -0.215367 3.5
    endloop
  endfacet
  facet normal 0 0 1
    outer loop
      vertex -11 0 3.5
      vertex -8.63588 -0.215367 3.5
      vertex -8.64647 -0.107915 3.5
    endloop
  endfacet
  facet normal 0 0 1
    outer loop
      vertex -6.6781 -1.6183 3.5
      vertex -8.72689 -6.69637 3.5
      vertex -8.27024 -7.2528 3.5
    endloop
  endfacet
  facet normal -0 0 1
    outer loop
      vertex -11 0 3.5
      vertex -8.64647 -0.107915 3.5
      vertex -8.65 0 3.5
    endloop
  endfacet
  facet normal 0 0 1
    outer loop
      vertex -8.42894 0.825 3.5
      vertex -10.9059 1.43579 3.5
      vertex -8.47984 0.729775 3.5
    endloop
  endfacet
  facet normal 0 0 1
    outer loop
      vertex -8.47984 0.729775 3.5
      vertex -10.9059 1.43579 3.5
      vertex -8.5244 0.631427 3.5
    endloop
  endfacet
  facet normal 0 0 1
    outer loop
      vertex -6.78463 -1.63588 3.5
      vertex -9.14616 -6.11127 3.5
      vertex -8.72689 -6.69637 3.5
    endloop
  endfacet
  facet normal 0 0 1
    outer loop
      vertex -8.5244 0.631427 3.5
      vertex -10.9059 1.43579 3.5
      vertex -8.56243 0.530375 3.5
    endloop
  endfacet
  facet normal 0 0 1
    outer loop
      vertex -7 -1.65 3.5
      vertex -9.52628 -5.5 3.5
      vertex -9.14616 -6.11127 3.5
    endloop
  endfacet
  facet normal -0 0 1
    outer loop
      vertex -10.9764 0.719434 3.5
      vertex -8.56243 0.530375 3.5
      vertex -10.9059 1.43579 3.5
    endloop
  endfacet
  facet normal 0 0 1
    outer loop
      vertex -7.21537 -1.63588 3.5
      vertex -9.8656 -4.86518 3.5
      vertex -9.52628 -5.5 3.5
    endloop
  endfacet
  facet normal 0 0 1
    outer loop
      vertex -8.56243 0.530375 3.5
      vertex -10.9764 0.719434 3.5
      vertex -8.59378 0.427051 3.5
    endloop
  endfacet
  facet normal 0 0 1
    outer loop
      vertex -7.42705 -1.59378 3.5
      vertex -10.1627 -4.20952 3.5
      vertex -9.8656 -4.86518 3.5
    endloop
  endfacet
  facet normal 0 0 1
    outer loop
      vertex -8.59378 0.427051 3.5
      vertex -10.9764 0.719434 3.5
      vertex -8.6183 0.321898 3.5
    endloop
  endfacet
  facet normal 0 0 1
    outer loop
      vertex -7.72978 -1.47984 3.5
      vertex -10.4162 -3.53583 3.5
      vertex -10.1627 -4.20952 3.5
    endloop
  endfacet
  facet normal 0 0 1
    outer loop
      vertex -8.6183 0.321898 3.5
      vertex -10.9764 0.719434 3.5
      vertex -8.63588 0.215367 3.5
    endloop
  endfacet
  facet normal 0 0 1
    outer loop
      vertex -8.00446 -1.30903 3.5
      vertex -10.6252 -2.84701 3.5
      vertex -10.4162 -3.53583 3.5
    endloop
  endfacet
  facet normal 0 0 1
    outer loop
      vertex -11 0 3.5
      vertex -8.63588 0.215367 3.5
      vertex -10.9764 0.719434 3.5
    endloop
  endfacet
  facet normal 0 0 1
    outer loop
      vertex -8.16673 -1.16673 3.5
      vertex -10.7886 -2.14599 3.5
      vertex -10.6252 -2.84701 3.5
    endloop
  endfacet
  facet normal 0 0 1
    outer loop
      vertex -8.63588 0.215367 3.5
      vertex -11 0 3.5
      vertex -8.64647 0.107915 3.5
    endloop
  endfacet
  facet normal 0 0 1
    outer loop
      vertex -8.42894 -0.825 3.5
      vertex -10.9059 -1.43579 3.5
      vertex -10.7886 -2.14599 3.5
    endloop
  endfacet
  facet normal 0 0 1
    outer loop
      vertex -8.64647 0.107915 3.5
      vertex -11 0 3.5
      vertex -8.65 0 3.5
    endloop
  endfacet
  facet normal 0 0 1
    outer loop
      vertex -8.56243 -0.530375 3.5
      vertex -10.9764 -0.719434 3.5
      vertex -10.9059 -1.43579 3.5
    endloop
  endfacet
  facet normal 0 0 1
    outer loop
      vertex -8.63588 -0.215367 3.5
      vertex -11 0 3.5
      vertex -10.9764 -0.719434 3.5
    endloop
  endfacet
  facet normal 0 0 1
    outer loop
      vertex 6.11127 -9.14616 3.5
      vertex 1.64647 -6.89208 3.5
      vertex 1.65 -7 3.5
    endloop
  endfacet
  facet normal 0 0 1
    outer loop
      vertex 1.97847 -2.5784 3.5
      vertex 1.63588 -6.78463 3.5
      vertex 1.64647 -6.89208 3.5
    endloop
  endfacet
  facet normal 0 0 1
    outer loop
      vertex 1.24053 -5.91208 3.5
      vertex 1.8056 -2.70228 3.5
      vertex 1.625 -2.81458 3.5
    endloop
  endfacet
  facet normal 0 0 1
    outer loop
      vertex 1.97847 -2.5784 3.5
      vertex 1.6183 -6.6781 3.5
      vertex 1.63588 -6.78463 3.5
    endloop
  endfacet
  facet normal 0 0 1
    outer loop
      vertex 1.97847 -2.5784 3.5
      vertex 1.59378 -6.57295 3.5
      vertex 1.6183 -6.6781 3.5
    endloop
  endfacet
  facet normal 0 0 1
    outer loop
      vertex 1.97847 -2.5784 3.5
      vertex 1.56243 -6.46962 3.5
      vertex 1.59378 -6.57295 3.5
    endloop
  endfacet
  facet normal 0 0 1
    outer loop
      vertex 1.97847 -2.5784 3.5
      vertex 1.5244 -6.36857 3.5
      vertex 1.56243 -6.46962 3.5
    endloop
  endfacet
  facet normal 0 0 1
    outer loop
      vertex 1.97847 -2.5784 3.5
      vertex 1.47984 -6.27022 3.5
      vertex 1.5244 -6.36857 3.5
    endloop
  endfacet
  facet normal 0 0 1
    outer loop
      vertex 1.16673 -5.83327 3.5
      vertex 1.625 -2.81458 3.5
      vertex 1.43744 -2.91484 3.5
    endloop
  endfacet
  facet normal 0 0 1
    outer loop
      vertex 1.97847 -2.5784 3.5
      vertex 1.42894 -6.175 3.5
      vertex 1.47984 -6.27022 3.5
    endloop
  endfacet
  facet normal 0 0 1
    outer loop
      vertex 1.97847 -2.5784 3.5
      vertex 1.37192 -6.08331 3.5
      vertex 1.42894 -6.175 3.5
    endloop
  endfacet
  facet normal 0 0 1
    outer loop
      vertex 1.8056 -2.70228 3.5
      vertex 1.30903 -5.99554 3.5
      vertex 1.37192 -6.08331 3.5
    endloop
  endfacet
  facet normal 0 0 1
    outer loop
      vertex 1.00446 -5.69097 3.5
      vertex 1.43744 -2.91484 3.5
      vertex 1.24372 -3.00261 3.5
    endloop
  endfacet
  facet normal 0 0 1
    outer loop
      vertex 1.8056 -2.70228 3.5
      vertex 1.24053 -5.91208 3.5
      vertex 1.30903 -5.99554 3.5
    endloop
  endfacet
  facet normal 0 0 1
    outer loop
      vertex 1.625 -2.81458 3.5
      vertex 1.16673 -5.83327 3.5
      vertex 1.24053 -5.91208 3.5
    endloop
  endfacet
  facet normal 0 0 1
    outer loop
      vertex 1.43744 -2.91484 3.5
      vertex 1.08792 -5.75946 3.5
      vertex 1.16673 -5.83327 3.5
    endloop
  endfacet
  facet normal 0 0 1
    outer loop
      vertex 0.916691 -5.62807 3.5
      vertex 1.24372 -3.00261 3.5
      vertex 1.04468 -3.07752 3.5
    endloop
  endfacet
  facet normal 0 0 1
    outer loop
      vertex 1.43744 -2.91484 3.5
      vertex 1.00446 -5.69097 3.5
      vertex 1.08792 -5.75946 3.5
    endloop
  endfacet
  facet normal 0 0 1
    outer loop
      vertex 1.24372 -3.00261 3.5
      vertex 0.916691 -5.62807 3.5
      vertex 1.00446 -5.69097 3.5
    endloop
  endfacet
  facet normal 0 0 1
    outer loop
      vertex 0.729775 -5.52016 3.5
      vertex 1.04468 -3.07752 3.5
      vertex 0.841162 -3.13926 3.5
    endloop
  endfacet
  facet normal 0 0 1
    outer loop
      vertex 1.04468 -3.07752 3.5
      vertex 0.825 -5.57106 3.5
      vertex 0.916691 -5.62807 3.5
    endloop
  endfacet
  facet normal 0 0 1
    outer loop
      vertex 1.04468 -3.07752 3.5
      vertex 0.729775 -5.52016 3.5
      vertex 0.825 -5.57106 3.5
    endloop
  endfacet
  facet normal 0 0 1
    outer loop
      vertex 0.631427 -5.4756 3.5
      vertex 0.841162 -3.13926 3.5
      vertex 0.634043 -3.18755 3.5
    endloop
  endfacet
  facet normal 0 0 1
    outer loop
      vertex 0.841162 -3.13926 3.5
      vertex 0.631427 -5.4756 3.5
      vertex 0.729775 -5.52016 3.5
    endloop
  endfacet
  facet normal 0 0 1
    outer loop
      vertex 0.634043 -3.18755 3.5
      vertex 0.530375 -5.43756 3.5
      vertex 0.631427 -5.4756 3.5
    endloop
  endfacet
  facet normal 0 0 1
    outer loop
      vertex 0.634043 -3.18755 3.5
      vertex 0.427051 -5.40622 3.5
      vertex 0.530375 -5.43756 3.5
    endloop
  endfacet
  facet normal -0 0 1
    outer loop
      vertex 0.42421 -3.2222 3.5
      vertex 0.427051 -5.40622 3.5
      vertex 0.634043 -3.18755 3.5
    endloop
  endfacet
  facet normal 0 0 1
    outer loop
      vertex 0.42421 -3.2222 3.5
      vertex 0.321898 -5.3817 3.5
      vertex 0.427051 -5.40622 3.5
    endloop
  endfacet
  facet normal 0 0 1
    outer loop
      vertex 0.42421 -3.2222 3.5
      vertex 0.215367 -5.36412 3.5
      vertex 0.321898 -5.3817 3.5
    endloop
  endfacet
  facet normal -0 0 1
    outer loop
      vertex 0.21256 -3.24304 3.5
      vertex 0.215367 -5.36412 3.5
      vertex 0.42421 -3.2222 3.5
    endloop
  endfacet
  facet normal 0 0 1
    outer loop
      vertex 0.21256 -3.24304 3.5
      vertex 0.107915 -5.35353 3.5
      vertex 0.215367 -5.36412 3.5
    endloop
  endfacet
  facet normal -0 0 1
    outer loop
      vertex 0 -3.25 3.5
      vertex 0.107915 -5.35353 3.5
      vertex 0.21256 -3.24304 3.5
    endloop
  endfacet
  facet normal 0 0 1
    outer loop
      vertex 0 -3.25 3.5
      vertex 0 -5.35 3.5
      vertex 0.107915 -5.35353 3.5
    endloop
  endfacet
  facet normal 0 0 1
    outer loop
      vertex 0 -3.25 3.5
      vertex -0.107915 -5.35353 3.5
      vertex 0 -5.35 3.5
    endloop
  endfacet
  facet normal 0 0 1
    outer loop
      vertex -0.21256 -3.24304 3.5
      vertex -0.107915 -5.35353 3.5
      vertex 0 -3.25 3.5
    endloop
  endfacet
  facet normal 0 0 1
    outer loop
      vertex -0.21256 -3.24304 3.5
      vertex -0.215367 -5.36412 3.5
      vertex -0.107915 -5.35353 3.5
    endloop
  endfacet
  facet normal 0 0 1
    outer loop
      vertex -0.42421 -3.2222 3.5
      vertex -0.215367 -5.36412 3.5
      vertex -0.21256 -3.24304 3.5
    endloop
  endfacet
  facet normal 0 0 1
    outer loop
      vertex -0.215367 -5.36412 3.5
      vertex -0.42421 -3.2222 3.5
      vertex -0.321898 -5.3817 3.5
    endloop
  endfacet
  facet normal 0 0 1
    outer loop
      vertex -0.42421 -3.2222 3.5
      vertex -0.427051 -5.40622 3.5
      vertex -0.321898 -5.3817 3.5
    endloop
  endfacet
  facet normal 0 0 1
    outer loop
      vertex -0.634043 -3.18755 3.5
      vertex -0.427051 -5.40622 3.5
      vertex -0.42421 -3.2222 3.5
    endloop
  endfacet
  facet normal 0 0 1
    outer loop
      vertex -0.427051 -5.40622 3.5
      vertex -0.634043 -3.18755 3.5
      vertex -0.530375 -5.43756 3.5
    endloop
  endfacet
  facet normal 0 0 1
    outer loop
      vertex -0.530375 -5.43756 3.5
      vertex -0.634043 -3.18755 3.5
      vertex -0.631427 -5.4756 3.5
    endloop
  endfacet
  facet normal 0 0 1
    outer loop
      vertex -0.841162 -3.13926 3.5
      vertex -0.631427 -5.4756 3.5
      vertex -0.634043 -3.18755 3.5
    endloop
  endfacet
  facet normal 0 0 1
    outer loop
      vertex -0.631427 -5.4756 3.5
      vertex -0.841162 -3.13926 3.5
      vertex -0.729775 -5.52016 3.5
    endloop
  endfacet
  facet normal 0 0 1
    outer loop
      vertex -1.04468 -3.07752 3.5
      vertex -0.729775 -5.52016 3.5
      vertex -0.841162 -3.13926 3.5
    endloop
  endfacet
  facet normal 0 0 1
    outer loop
      vertex -0.729775 -5.52016 3.5
      vertex -1.04468 -3.07752 3.5
      vertex -0.825 -5.57106 3.5
    endloop
  endfacet
  facet normal 0 0 1
    outer loop
      vertex -0.825 -5.57106 3.5
      vertex -1.04468 -3.07752 3.5
      vertex -0.916691 -5.62807 3.5
    endloop
  endfacet
  facet normal 0 0 1
    outer loop
      vertex -1.24372 -3.00261 3.5
      vertex -0.916691 -5.62807 3.5
      vertex -1.04468 -3.07752 3.5
    endloop
  endfacet
  facet normal 0 0 1
    outer loop
      vertex -0.916691 -5.62807 3.5
      vertex -1.24372 -3.00261 3.5
      vertex -1.00446 -5.69097 3.5
    endloop
  endfacet
  facet normal 0 0 1
    outer loop
      vertex -1.43744 -2.91484 3.5
      vertex -1.00446 -5.69097 3.5
      vertex -1.24372 -3.00261 3.5
    endloop
  endfacet
  facet normal 0 0 1
    outer loop
      vertex -1.00446 -5.69097 3.5
      vertex -1.43744 -2.91484 3.5
      vertex -1.08792 -5.75946 3.5
    endloop
  endfacet
  facet normal 0 0 1
    outer loop
      vertex -1.08792 -5.75946 3.5
      vertex -1.43744 -2.91484 3.5
      vertex -1.16673 -5.83327 3.5
    endloop
  endfacet
  facet normal 0 0 1
    outer loop
      vertex -1.625 -2.81458 3.5
      vertex -1.16673 -5.83327 3.5
      vertex -1.43744 -2.91484 3.5
    endloop
  endfacet
  facet normal 0 0 1
    outer loop
      vertex -1.16673 -5.83327 3.5
      vertex -1.625 -2.81458 3.5
      vertex -1.24053 -5.91208 3.5
    endloop
  endfacet
  facet normal 0 0 1
    outer loop
      vertex -1.8056 -2.70228 3.5
      vertex -1.24053 -5.91208 3.5
      vertex -1.625 -2.81458 3.5
    endloop
  endfacet
  facet normal 0 0 1
    outer loop
      vertex -1.24053 -5.91208 3.5
      vertex -1.8056 -2.70228 3.5
      vertex -1.30903 -5.99554 3.5
    endloop
  endfacet
  facet normal 0 0 1
    outer loop
      vertex -1.30903 -5.99554 3.5
      vertex -1.8056 -2.70228 3.5
      vertex -1.37192 -6.08331 3.5
    endloop
  endfacet
  facet normal 0 0 1
    outer loop
      vertex -1.97847 -2.5784 3.5
      vertex -1.37192 -6.08331 3.5
      vertex -1.8056 -2.70228 3.5
    endloop
  endfacet
  facet normal 0 0 1
    outer loop
      vertex -1.37192 -6.08331 3.5
      vertex -1.97847 -2.5784 3.5
      vertex -1.42894 -6.175 3.5
    endloop
  endfacet
  facet normal 0 0 1
    outer loop
      vertex -2.14287 -2.44348 3.5
      vertex -1.42894 -6.175 3.5
      vertex -1.97847 -2.5784 3.5
    endloop
  endfacet
  facet normal 0 0 1
    outer loop
      vertex -1.42894 -6.175 3.5
      vertex -2.14287 -2.44348 3.5
      vertex -1.47984 -6.27022 3.5
    endloop
  endfacet
  facet normal 0 0 1
    outer loop
      vertex -2.2981 -2.2981 3.5
      vertex -1.47984 -6.27022 3.5
      vertex -2.14287 -2.44348 3.5
    endloop
  endfacet
  facet normal 0 0 1
    outer loop
      vertex -1.47984 -6.27022 3.5
      vertex -2.2981 -2.2981 3.5
      vertex -1.5244 -6.36857 3.5
    endloop
  endfacet
  facet normal 0 0 1
    outer loop
      vertex -1.5244 -6.36857 3.5
      vertex -2.2981 -2.2981 3.5
      vertex -1.56243 -6.46962 3.5
    endloop
  endfacet
  facet normal 0 0 1
    outer loop
      vertex -2.44348 -2.14287 3.5
      vertex -1.56243 -6.46962 3.5
      vertex -2.2981 -2.2981 3.5
    endloop
  endfacet
  facet normal 0 0 1
    outer loop
      vertex -1.56243 -6.46962 3.5
      vertex -2.44348 -2.14287 3.5
      vertex -1.59378 -6.57295 3.5
    endloop
  endfacet
  facet normal 0 0 1
    outer loop
      vertex 2.5784 -1.97847 3.5
      vertex 6.08331 -1.37192 3.5
      vertex 2.70228 -1.8056 3.5
    endloop
  endfacet
  facet normal 0 0 1
    outer loop
      vertex 6.08331 -1.37192 3.5
      vertex 2.5784 -1.97847 3.5
      vertex 6.175 -1.42894 3.5
    endloop
  endfacet
  facet normal 0 0 1
    outer loop
      vertex 2.44348 -2.14287 3.5
      vertex 6.175 -1.42894 3.5
      vertex 2.5784 -1.97847 3.5
    endloop
  endfacet
  facet normal 0 0 1
    outer loop
      vertex 6.175 -1.42894 3.5
      vertex 2.44348 -2.14287 3.5
      vertex 6.27022 -1.47984 3.5
    endloop
  endfacet
  facet normal 0 0 1
    outer loop
      vertex 2.2981 -2.2981 3.5
      vertex 6.27022 -1.47984 3.5
      vertex 2.44348 -2.14287 3.5
    endloop
  endfacet
  facet normal 0 0 1
    outer loop
      vertex 1.64647 -6.89208 3.5
      vertex 6.27022 -1.47984 3.5
      vertex 2.2981 -2.2981 3.5
    endloop
  endfacet
  facet normal 0 0 1
    outer loop
      vertex 7.77817 -7.77817 3.5
      vertex 1.64647 -6.89208 3.5
      vertex 7.2528 -8.27024 3.5
    endloop
  endfacet
  facet normal 0 0 1
    outer loop
      vertex 1.64647 -6.89208 3.5
      vertex 6.69637 -8.72689 3.5
      vertex 7.2528 -8.27024 3.5
    endloop
  endfacet
  facet normal 0 0 1
    outer loop
      vertex 6.11127 -9.14616 3.5
      vertex 1.65 -7 3.5
      vertex 5.5 -9.52628 3.5
    endloop
  endfacet
  facet normal 0 0 1
    outer loop
      vertex 5.5 -9.52628 3.5
      vertex 1.63588 -7.21537 3.5
      vertex 4.86518 -9.8656 3.5
    endloop
  endfacet
  facet normal -0 0 1
    outer loop
      vertex 1.63588 -7.21537 3.5
      vertex 5.5 -9.52628 3.5
      vertex 1.64647 -7.10791 3.5
    endloop
  endfacet
  facet normal -0 0 1
    outer loop
      vertex 1.64647 -7.10791 3.5
      vertex 5.5 -9.52628 3.5
      vertex 1.65 -7 3.5
    endloop
  endfacet
  facet normal 0 0 1
    outer loop
      vertex 1.64647 -6.89208 3.5
      vertex 6.11127 -9.14616 3.5
      vertex 6.69637 -8.72689 3.5
    endloop
  endfacet
  facet normal -0 0 1
    outer loop
      vertex 1.6183 -7.3219 3.5
      vertex 4.86518 -9.8656 3.5
      vertex 1.63588 -7.21537 3.5
    endloop
  endfacet
  facet normal 0 0 1
    outer loop
      vertex 1.64647 -6.89208 3.5
      vertex 2.2981 -2.2981 3.5
      vertex 2.14287 -2.44348 3.5
    endloop
  endfacet
  facet normal 0 0 1
    outer loop
      vertex 1.64647 -6.89208 3.5
      vertex 2.14287 -2.44348 3.5
      vertex 1.97847 -2.5784 3.5
    endloop
  endfacet
  facet normal 0 0 1
    outer loop
      vertex 1.37192 -6.08331 3.5
      vertex 1.97847 -2.5784 3.5
      vertex 1.8056 -2.70228 3.5
    endloop
  endfacet
  facet normal -0 0 1
    outer loop
      vertex 1.59378 -7.42705 3.5
      vertex 4.86518 -9.8656 3.5
      vertex 1.6183 -7.3219 3.5
    endloop
  endfacet
  facet normal 0 0 1
    outer loop
      vertex 4.86518 -9.8656 3.5
      vertex 1.59378 -7.42705 3.5
      vertex 4.20952 -10.1627 3.5
    endloop
  endfacet
  facet normal -0 0 1
    outer loop
      vertex 1.56243 -7.53037 3.5
      vertex 4.20952 -10.1627 3.5
      vertex 1.59378 -7.42705 3.5
    endloop
  endfacet
  facet normal -0 0 1
    outer loop
      vertex 1.5244 -7.63143 3.5
      vertex 4.20952 -10.1627 3.5
      vertex 1.56243 -7.53037 3.5
    endloop
  endfacet
  facet normal -0 0 1
    outer loop
      vertex 1.47984 -7.72978 3.5
      vertex 4.20952 -10.1627 3.5
      vertex 1.5244 -7.63143 3.5
    endloop
  endfacet
  facet normal 0 0 1
    outer loop
      vertex 4.20952 -10.1627 3.5
      vertex 1.47984 -7.72978 3.5
      vertex 3.53583 -10.4162 3.5
    endloop
  endfacet
  facet normal -0 0 1
    outer loop
      vertex 1.42894 -7.825 3.5
      vertex 3.53583 -10.4162 3.5
      vertex 1.47984 -7.72978 3.5
    endloop
  endfacet
  facet normal -0 0 1
    outer loop
      vertex 1.37192 -7.91669 3.5
      vertex 3.53583 -10.4162 3.5
      vertex 1.42894 -7.825 3.5
    endloop
  endfacet
  facet normal 0 0 1
    outer loop
      vertex 3.53583 -10.4162 3.5
      vertex 1.37192 -7.91669 3.5
      vertex 2.84701 -10.6252 3.5
    endloop
  endfacet
  facet normal -0 0 1
    outer loop
      vertex 1.30903 -8.00446 3.5
      vertex 2.84701 -10.6252 3.5
      vertex 1.37192 -7.91669 3.5
    endloop
  endfacet
  facet normal -0 0 1
    outer loop
      vertex 1.24053 -8.08792 3.5
      vertex 2.84701 -10.6252 3.5
      vertex 1.30903 -8.00446 3.5
    endloop
  endfacet
  facet normal -0 0 1
    outer loop
      vertex 1.16673 -8.16673 3.5
      vertex 2.84701 -10.6252 3.5
      vertex 1.24053 -8.08792 3.5
    endloop
  endfacet
  facet normal 0 0 1
    outer loop
      vertex 2.84701 -10.6252 3.5
      vertex 1.16673 -8.16673 3.5
      vertex 2.14599 -10.7886 3.5
    endloop
  endfacet
  facet normal -0 0 1
    outer loop
      vertex 1.08792 -8.24053 3.5
      vertex 2.14599 -10.7886 3.5
      vertex 1.16673 -8.16673 3.5
    endloop
  endfacet
  facet normal -0 0 1
    outer loop
      vertex 1.00446 -8.30903 3.5
      vertex 2.14599 -10.7886 3.5
      vertex 1.08792 -8.24053 3.5
    endloop
  endfacet
  facet normal -0 0 1
    outer loop
      vertex 0.916691 -8.37192 3.5
      vertex 2.14599 -10.7886 3.5
      vertex 1.00446 -8.30903 3.5
    endloop
  endfacet
  facet normal 0 0 1
    outer loop
      vertex 2.14599 -10.7886 3.5
      vertex 0.916691 -8.37192 3.5
      vertex 1.43579 -10.9059 3.5
    endloop
  endfacet
  facet normal -0 0 1
    outer loop
      vertex 0.825 -8.42894 3.5
      vertex 1.43579 -10.9059 3.5
      vertex 0.916691 -8.37192 3.5
    endloop
  endfacet
  facet normal -0 0 1
    outer loop
      vertex 0.729775 -8.47984 3.5
      vertex 1.43579 -10.9059 3.5
      vertex 0.825 -8.42894 3.5
    endloop
  endfacet
  facet normal -0 0 1
    outer loop
      vertex 0.631427 -8.5244 3.5
      vertex 1.43579 -10.9059 3.5
      vertex 0.729775 -8.47984 3.5
    endloop
  endfacet
  facet normal -0 0 1
    outer loop
      vertex 0.530375 -8.56243 3.5
      vertex 1.43579 -10.9059 3.5
      vertex 0.631427 -8.5244 3.5
    endloop
  endfacet
  facet normal 0 0 1
    outer loop
      vertex 1.43579 -10.9059 3.5
      vertex 0.530375 -8.56243 3.5
      vertex 0.719434 -10.9764 3.5
    endloop
  endfacet
  facet normal -0 0 1
    outer loop
      vertex 0.427051 -8.59378 3.5
      vertex 0.719434 -10.9764 3.5
      vertex 0.530375 -8.56243 3.5
    endloop
  endfacet
  facet normal -0 0 1
    outer loop
      vertex 0.321898 -8.6183 3.5
      vertex 0.719434 -10.9764 3.5
      vertex 0.427051 -8.59378 3.5
    endloop
  endfacet
  facet normal -0 0 1
    outer loop
      vertex 0.215367 -8.63588 3.5
      vertex 0.719434 -10.9764 3.5
      vertex 0.321898 -8.6183 3.5
    endloop
  endfacet
  facet normal 0 0 1
    outer loop
      vertex 0 -11 3.5
      vertex 0.215367 -8.63588 3.5
      vertex 0.107915 -8.64647 3.5
    endloop
  endfacet
  facet normal 0 0 1
    outer loop
      vertex 0 -11 3.5
      vertex 0.107915 -8.64647 3.5
      vertex 0 -8.65 3.5
    endloop
  endfacet
  facet normal 0 0 1
    outer loop
      vertex 0.215367 -8.63588 3.5
      vertex 0 -11 3.5
      vertex 0.719434 -10.9764 3.5
    endloop
  endfacet
  facet normal 0 0 1
    outer loop
      vertex -0.107915 -8.64647 3.5
      vertex 0 -11 3.5
      vertex 0 -8.65 3.5
    endloop
  endfacet
  facet normal 0 0 1
    outer loop
      vertex -0.215367 -8.63588 3.5
      vertex 0 -11 3.5
      vertex -0.107915 -8.64647 3.5
    endloop
  endfacet
  facet normal 0 0 1
    outer loop
      vertex -0.719434 -10.9764 3.5
      vertex -0.215367 -8.63588 3.5
      vertex -0.321898 -8.6183 3.5
    endloop
  endfacet
  facet normal 0 0 1
    outer loop
      vertex -0.719434 -10.9764 3.5
      vertex -0.321898 -8.6183 3.5
      vertex -0.427051 -8.59378 3.5
    endloop
  endfacet
  facet normal 0 0 1
    outer loop
      vertex -0.719434 -10.9764 3.5
      vertex -0.427051 -8.59378 3.5
      vertex -0.530375 -8.56243 3.5
    endloop
  endfacet
  facet normal 0 0 1
    outer loop
      vertex -1.43579 -10.9059 3.5
      vertex -0.530375 -8.56243 3.5
      vertex -0.631427 -8.5244 3.5
    endloop
  endfacet
  facet normal 0 0 1
    outer loop
      vertex -0.215367 -8.63588 3.5
      vertex -0.719434 -10.9764 3.5
      vertex 0 -11 3.5
    endloop
  endfacet
  facet normal 0 0 1
    outer loop
      vertex -1.43579 -10.9059 3.5
      vertex -0.631427 -8.5244 3.5
      vertex -0.729775 -8.47984 3.5
    endloop
  endfacet
  facet normal 0 0 1
    outer loop
      vertex -1.43579 -10.9059 3.5
      vertex -0.729775 -8.47984 3.5
      vertex -0.825 -8.42894 3.5
    endloop
  endfacet
  facet normal 0 0 1
    outer loop
      vertex -1.43579 -10.9059 3.5
      vertex -0.825 -8.42894 3.5
      vertex -0.916691 -8.37192 3.5
    endloop
  endfacet
  facet normal 0 0 1
    outer loop
      vertex -2.14599 -10.7886 3.5
      vertex -0.916691 -8.37192 3.5
      vertex -1.00446 -8.30903 3.5
    endloop
  endfacet
  facet normal 0 0 1
    outer loop
      vertex -2.14599 -10.7886 3.5
      vertex -1.00446 -8.30903 3.5
      vertex -1.08792 -8.24053 3.5
    endloop
  endfacet
  facet normal 0 0 1
    outer loop
      vertex -2.14599 -10.7886 3.5
      vertex -1.08792 -8.24053 3.5
      vertex -1.16673 -8.16673 3.5
    endloop
  endfacet
  facet normal 0 0 1
    outer loop
      vertex -2.84701 -10.6252 3.5
      vertex -1.16673 -8.16673 3.5
      vertex -1.24053 -8.08792 3.5
    endloop
  endfacet
  facet normal 0 0 1
    outer loop
      vertex -2.84701 -10.6252 3.5
      vertex -1.24053 -8.08792 3.5
      vertex -1.30903 -8.00446 3.5
    endloop
  endfacet
  facet normal 0 0 1
    outer loop
      vertex -2.84701 -10.6252 3.5
      vertex -1.30903 -8.00446 3.5
      vertex -1.37192 -7.91669 3.5
    endloop
  endfacet
  facet normal 0 0 1
    outer loop
      vertex -3.53583 -10.4162 3.5
      vertex -1.37192 -7.91669 3.5
      vertex -1.42894 -7.825 3.5
    endloop
  endfacet
  facet normal 0 0 1
    outer loop
      vertex -0.530375 -8.56243 3.5
      vertex -1.43579 -10.9059 3.5
      vertex -0.719434 -10.9764 3.5
    endloop
  endfacet
  facet normal 0 0 1
    outer loop
      vertex -3.53583 -10.4162 3.5
      vertex -1.42894 -7.825 3.5
      vertex -1.47984 -7.72978 3.5
    endloop
  endfacet
  facet normal 0 0 1
    outer loop
      vertex -4.20952 -10.1627 3.5
      vertex -1.47984 -7.72978 3.5
      vertex -1.5244 -7.63143 3.5
    endloop
  endfacet
  facet normal 0 0 1
    outer loop
      vertex -4.20952 -10.1627 3.5
      vertex -1.5244 -7.63143 3.5
      vertex -1.56243 -7.53037 3.5
    endloop
  endfacet
  facet normal 0 0 1
    outer loop
      vertex -4.20952 -10.1627 3.5
      vertex -1.56243 -7.53037 3.5
      vertex -1.59378 -7.42705 3.5
    endloop
  endfacet
  facet normal 0 0 1
    outer loop
      vertex -4.86518 -9.8656 3.5
      vertex -1.59378 -7.42705 3.5
      vertex -1.6183 -7.3219 3.5
    endloop
  endfacet
  facet normal 0 0 1
    outer loop
      vertex -4.86518 -9.8656 3.5
      vertex -1.6183 -7.3219 3.5
      vertex -1.63588 -7.21537 3.5
    endloop
  endfacet
  facet normal 0 0 1
    outer loop
      vertex -4.86518 -9.8656 3.5
      vertex -1.63588 -7.21537 3.5
      vertex -1.64647 -7.10791 3.5
    endloop
  endfacet
  facet normal 0 0 1
    outer loop
      vertex -4.86518 -9.8656 3.5
      vertex -1.59378 -6.57295 3.5
      vertex -2.44348 -2.14287 3.5
    endloop
  endfacet
  facet normal 0 0 1
    outer loop
      vertex -1.59378 -6.57295 3.5
      vertex -4.86518 -9.8656 3.5
      vertex -1.6183 -6.6781 3.5
    endloop
  endfacet
  facet normal 0 0 1
    outer loop
      vertex -1.6183 -6.6781 3.5
      vertex -4.86518 -9.8656 3.5
      vertex -1.63588 -6.78463 3.5
    endloop
  endfacet
  facet normal 0 0 1
    outer loop
      vertex -1.63588 -6.78463 3.5
      vertex -4.86518 -9.8656 3.5
      vertex -1.64647 -6.89208 3.5
    endloop
  endfacet
  facet normal 0 0 1
    outer loop
      vertex -0.916691 -8.37192 3.5
      vertex -2.14599 -10.7886 3.5
      vertex -1.43579 -10.9059 3.5
    endloop
  endfacet
  facet normal 0 0 1
    outer loop
      vertex -1.64647 -6.89208 3.5
      vertex -4.86518 -9.8656 3.5
      vertex -1.65 -7 3.5
    endloop
  endfacet
  facet normal 0 0 1
    outer loop
      vertex -1.65 -7 3.5
      vertex -4.86518 -9.8656 3.5
      vertex -1.64647 -7.10791 3.5
    endloop
  endfacet
  facet normal 0 0 1
    outer loop
      vertex -4.86518 -9.8656 3.5
      vertex -2.44348 -2.14287 3.5
      vertex -2.5784 -1.97847 3.5
    endloop
  endfacet
  facet normal -0 0 1
    outer loop
      vertex -5.4756 -0.631427 3.5
      vertex -3.13926 -0.841162 3.5
      vertex -5.43756 -0.530375 3.5
    endloop
  endfacet
  facet normal 0 0 1
    outer loop
      vertex -3.18755 -0.634043 3.5
      vertex -5.43756 -0.530375 3.5
      vertex -3.13926 -0.841162 3.5
    endloop
  endfacet
  facet normal 0 0 1
    outer loop
      vertex -1.16673 -8.16673 3.5
      vertex -2.84701 -10.6252 3.5
      vertex -2.14599 -10.7886 3.5
    endloop
  endfacet
  facet normal -0 0 1
    outer loop
      vertex -5.43756 -0.530375 3.5
      vertex -3.18755 -0.634043 3.5
      vertex -5.40622 -0.427051 3.5
    endloop
  endfacet
  facet normal 0 0 1
    outer loop
      vertex -3.2222 -0.42421 3.5
      vertex -5.40622 -0.427051 3.5
      vertex -3.18755 -0.634043 3.5
    endloop
  endfacet
  facet normal 0 0 1
    outer loop
      vertex -5.40622 -0.427051 3.5
      vertex -3.2222 -0.42421 3.5
      vertex -5.3817 -0.321898 3.5
    endloop
  endfacet
  facet normal -0 0 1
    outer loop
      vertex -5.3817 -0.321898 3.5
      vertex -3.2222 -0.42421 3.5
      vertex -5.36412 -0.215367 3.5
    endloop
  endfacet
  facet normal 0 0 1
    outer loop
      vertex -3.24304 -0.21256 3.5
      vertex -5.36412 -0.215367 3.5
      vertex -3.2222 -0.42421 3.5
    endloop
  endfacet
  facet normal 0 0 1
    outer loop
      vertex -5.36412 -0.215367 3.5
      vertex -3.24304 -0.21256 3.5
      vertex -5.35353 -0.107915 3.5
    endloop
  endfacet
  facet normal 0 0 1
    outer loop
      vertex -3.25 0 3.5
      vertex -5.35353 -0.107915 3.5
      vertex -3.24304 -0.21256 3.5
    endloop
  endfacet
  facet normal 0 0 1
    outer loop
      vertex -1.37192 -7.91669 3.5
      vertex -3.53583 -10.4162 3.5
      vertex -2.84701 -10.6252 3.5
    endloop
  endfacet
  facet normal 0 0 1
    outer loop
      vertex -5.35353 -0.107915 3.5
      vertex -3.25 0 3.5
      vertex -5.35 0 3.5
    endloop
  endfacet
  facet normal 0 0 1
    outer loop
      vertex -2.70228 1.8056 3.5
      vertex -5.91208 1.24053 3.5
      vertex -2.81458 1.625 3.5
    endloop
  endfacet
  facet normal 0 -0 1
    outer loop
      vertex -5.62807 0.916691 3.5
      vertex -3.00261 1.24372 3.5
      vertex -5.69097 1.00446 3.5
    endloop
  endfacet
  facet normal -0 0 1
    outer loop
      vertex -5.52016 -0.729775 3.5
      vertex -3.13926 -0.841162 3.5
      vertex -5.4756 -0.631427 3.5
    endloop
  endfacet
  facet normal 0 -0 1
    outer loop
      vertex -5.57106 0.825 3.5
      vertex -3.07752 1.04468 3.5
      vertex -5.62807 0.916691 3.5
    endloop
  endfacet
  facet normal 0 0 1
    outer loop
      vertex -1.47984 -7.72978 3.5
      vertex -4.20952 -10.1627 3.5
      vertex -3.53583 -10.4162 3.5
    endloop
  endfacet
  facet normal 0 0 1
    outer loop
      vertex -1.59378 -7.42705 3.5
      vertex -4.86518 -9.8656 3.5
      vertex -4.20952 -10.1627 3.5
    endloop
  endfacet
  facet normal 0 0 1
    outer loop
      vertex -3.25 0 3.5
      vertex -5.35353 0.107915 3.5
      vertex -5.35 0 3.5
    endloop
  endfacet
  facet normal 0 0 1
    outer loop
      vertex -3.24304 0.21256 3.5
      vertex -5.35353 0.107915 3.5
      vertex -3.25 0 3.5
    endloop
  endfacet
  facet normal 0 -0 1
    outer loop
      vertex -5.35353 0.107915 3.5
      vertex -3.24304 0.21256 3.5
      vertex -5.36412 0.215367 3.5
    endloop
  endfacet
  facet normal 0 0 1
    outer loop
      vertex -3.2222 0.42421 3.5
      vertex -5.36412 0.215367 3.5
      vertex -3.24304 0.21256 3.5
    endloop
  endfacet
  facet normal 0 -0 1
    outer loop
      vertex -5.36412 0.215367 3.5
      vertex -3.2222 0.42421 3.5
      vertex -5.3817 0.321898 3.5
    endloop
  endfacet
  facet normal 0 -0 1
    outer loop
      vertex -5.3817 0.321898 3.5
      vertex -3.2222 0.42421 3.5
      vertex -5.40622 0.427051 3.5
    endloop
  endfacet
  facet normal 0 0 1
    outer loop
      vertex -2.91484 1.43744 3.5
      vertex -5.69097 1.00446 3.5
      vertex -3.00261 1.24372 3.5
    endloop
  endfacet
  facet normal 0 0 1
    outer loop
      vertex -3.18755 0.634043 3.5
      vertex -5.40622 0.427051 3.5
      vertex -3.2222 0.42421 3.5
    endloop
  endfacet
  facet normal 0 -0 1
    outer loop
      vertex -5.40622 0.427051 3.5
      vertex -3.18755 0.634043 3.5
      vertex -5.43756 0.530375 3.5
    endloop
  endfacet
  facet normal 0 -0 1
    outer loop
      vertex -5.43756 0.530375 3.5
      vertex -3.18755 0.634043 3.5
      vertex -5.4756 0.631427 3.5
    endloop
  endfacet
  facet normal 0 0 1
    outer loop
      vertex -3.13926 0.841162 3.5
      vertex -5.4756 0.631427 3.5
      vertex -3.18755 0.634043 3.5
    endloop
  endfacet
  facet normal 0 -0 1
    outer loop
      vertex -5.4756 0.631427 3.5
      vertex -3.13926 0.841162 3.5
      vertex -5.52016 0.729775 3.5
    endloop
  endfacet
  facet normal 0 0 1
    outer loop
      vertex -3.07752 1.04468 3.5
      vertex -5.52016 0.729775 3.5
      vertex -3.13926 0.841162 3.5
    endloop
  endfacet
  facet normal 0 -0 1
    outer loop
      vertex -5.52016 0.729775 3.5
      vertex -3.07752 1.04468 3.5
      vertex -5.57106 0.825 3.5
    endloop
  endfacet
  facet normal 0 0 1
    outer loop
      vertex -3.00261 1.24372 3.5
      vertex -5.62807 0.916691 3.5
      vertex -3.07752 1.04468 3.5
    endloop
  endfacet
  facet normal 0 -0 1
    outer loop
      vertex -5.69097 1.00446 3.5
      vertex -2.91484 1.43744 3.5
      vertex -5.75946 1.08792 3.5
    endloop
  endfacet
  facet normal 0 -0 1
    outer loop
      vertex -5.75946 1.08792 3.5
      vertex -2.91484 1.43744 3.5
      vertex -5.83327 1.16673 3.5
    endloop
  endfacet
  facet normal 0 0 1
    outer loop
      vertex -2.81458 1.625 3.5
      vertex -5.83327 1.16673 3.5
      vertex -2.91484 1.43744 3.5
    endloop
  endfacet
  facet normal 0 -0 1
    outer loop
      vertex -5.83327 1.16673 3.5
      vertex -2.81458 1.625 3.5
      vertex -5.91208 1.24053 3.5
    endloop
  endfacet
  facet normal 0 0 1
    outer loop
      vertex -6.175 1.42894 3.5
      vertex -6.69637 8.72689 3.5
      vertex -6.27022 1.47984 3.5
    endloop
  endfacet
  facet normal -0 0 1
    outer loop
      vertex -7.2528 8.27024 3.5
      vertex -6.27022 1.47984 3.5
      vertex -6.69637 8.72689 3.5
    endloop
  endfacet
  facet normal 0 0 1
    outer loop
      vertex -6.27022 1.47984 3.5
      vertex -7.2528 8.27024 3.5
      vertex -6.36857 1.5244 3.5
    endloop
  endfacet
  facet normal -0 0 1
    outer loop
      vertex -7.77817 7.77817 3.5
      vertex -6.36857 1.5244 3.5
      vertex -7.2528 8.27024 3.5
    endloop
  endfacet
  facet normal 0 0 1
    outer loop
      vertex -6.36857 1.5244 3.5
      vertex -7.77817 7.77817 3.5
      vertex -6.46962 1.56243 3.5
    endloop
  endfacet
  facet normal -0 0 1
    outer loop
      vertex -8.27024 7.2528 3.5
      vertex -6.46962 1.56243 3.5
      vertex -7.77817 7.77817 3.5
    endloop
  endfacet
  facet normal 0 0 1
    outer loop
      vertex -6.46962 1.56243 3.5
      vertex -8.27024 7.2528 3.5
      vertex -6.57295 1.59378 3.5
    endloop
  endfacet
  facet normal 0 0 1
    outer loop
      vertex -6.57295 1.59378 3.5
      vertex -8.27024 7.2528 3.5
      vertex -6.6781 1.6183 3.5
    endloop
  endfacet
  facet normal -0 0 1
    outer loop
      vertex -8.72689 6.69637 3.5
      vertex -6.6781 1.6183 3.5
      vertex -8.27024 7.2528 3.5
    endloop
  endfacet
  facet normal 0 0 1
    outer loop
      vertex -6.6781 1.6183 3.5
      vertex -8.72689 6.69637 3.5
      vertex -6.78463 1.63588 3.5
    endloop
  endfacet
  facet normal -0 0 1
    outer loop
      vertex -9.14616 6.11127 3.5
      vertex -6.78463 1.63588 3.5
      vertex -8.72689 6.69637 3.5
    endloop
  endfacet
  facet normal 0 0 1
    outer loop
      vertex -6.78463 1.63588 3.5
      vertex -9.14616 6.11127 3.5
      vertex -6.89208 1.64647 3.5
    endloop
  endfacet
  facet normal 0 0 1
    outer loop
      vertex -6.89208 1.64647 3.5
      vertex -9.14616 6.11127 3.5
      vertex -7 1.65 3.5
    endloop
  endfacet
  facet normal -0 0 1
    outer loop
      vertex -9.52628 5.5 3.5
      vertex -7 1.65 3.5
      vertex -9.14616 6.11127 3.5
    endloop
  endfacet
  facet normal 0 0 1
    outer loop
      vertex -7 1.65 3.5
      vertex -9.52628 5.5 3.5
      vertex -7.10791 1.64647 3.5
    endloop
  endfacet
  facet normal 0 0 1
    outer loop
      vertex -7.10791 1.64647 3.5
      vertex -9.52628 5.5 3.5
      vertex -7.21537 1.63588 3.5
    endloop
  endfacet
  facet normal -0 0 1
    outer loop
      vertex -9.8656 4.86518 3.5
      vertex -7.21537 1.63588 3.5
      vertex -9.52628 5.5 3.5
    endloop
  endfacet
  facet normal 0 0 1
    outer loop
      vertex -7.21537 1.63588 3.5
      vertex -9.8656 4.86518 3.5
      vertex -7.3219 1.6183 3.5
    endloop
  endfacet
  facet normal 0 0 1
    outer loop
      vertex -7.3219 1.6183 3.5
      vertex -9.8656 4.86518 3.5
      vertex -7.42705 1.59378 3.5
    endloop
  endfacet
  facet normal -0 0 1
    outer loop
      vertex -10.1627 4.20952 3.5
      vertex -7.42705 1.59378 3.5
      vertex -9.8656 4.86518 3.5
    endloop
  endfacet
  facet normal 0 0 1
    outer loop
      vertex -7.42705 1.59378 3.5
      vertex -10.1627 4.20952 3.5
      vertex -7.53037 1.56243 3.5
    endloop
  endfacet
  facet normal 0 0 1
    outer loop
      vertex -7.53037 1.56243 3.5
      vertex -10.1627 4.20952 3.5
      vertex -7.63143 1.5244 3.5
    endloop
  endfacet
  facet normal 0 0 1
    outer loop
      vertex -7.63143 1.5244 3.5
      vertex -10.1627 4.20952 3.5
      vertex -7.72978 1.47984 3.5
    endloop
  endfacet
  facet normal -0 0 1
    outer loop
      vertex -10.4162 3.53583 3.5
      vertex -7.72978 1.47984 3.5
      vertex -10.1627 4.20952 3.5
    endloop
  endfacet
  facet normal 0 0 1
    outer loop
      vertex -7.72978 1.47984 3.5
      vertex -10.4162 3.53583 3.5
      vertex -7.825 1.42894 3.5
    endloop
  endfacet
  facet normal 0 0 1
    outer loop
      vertex -7.825 1.42894 3.5
      vertex -10.4162 3.53583 3.5
      vertex -7.91669 1.37192 3.5
    endloop
  endfacet
  facet normal 0 0 1
    outer loop
      vertex -7.91669 1.37192 3.5
      vertex -10.4162 3.53583 3.5
      vertex -8.00446 1.30903 3.5
    endloop
  endfacet
  facet normal -0 0 1
    outer loop
      vertex -10.6252 2.84701 3.5
      vertex -8.00446 1.30903 3.5
      vertex -10.4162 3.53583 3.5
    endloop
  endfacet
  facet normal 0 0 1
    outer loop
      vertex -8.00446 1.30903 3.5
      vertex -10.6252 2.84701 3.5
      vertex -8.08792 1.24053 3.5
    endloop
  endfacet
  facet normal 0 0 1
    outer loop
      vertex -8.08792 1.24053 3.5
      vertex -10.6252 2.84701 3.5
      vertex -8.16673 1.16673 3.5
    endloop
  endfacet
  facet normal -0 0 1
    outer loop
      vertex -10.7886 2.14599 3.5
      vertex -8.16673 1.16673 3.5
      vertex -10.6252 2.84701 3.5
    endloop
  endfacet
  facet normal 0 0 1
    outer loop
      vertex -8.16673 1.16673 3.5
      vertex -10.7886 2.14599 3.5
      vertex -8.24053 1.08792 3.5
    endloop
  endfacet
  facet normal 0 0 1
    outer loop
      vertex -8.24053 1.08792 3.5
      vertex -10.7886 2.14599 3.5
      vertex -8.30903 1.00446 3.5
    endloop
  endfacet
  facet normal 0 0 1
    outer loop
      vertex -8.30903 1.00446 3.5
      vertex -10.7886 2.14599 3.5
      vertex -8.37192 0.916691 3.5
    endloop
  endfacet
  facet normal -0 0 1
    outer loop
      vertex -10.9059 1.43579 3.5
      vertex -8.42894 0.825 3.5
      vertex -10.7886 2.14599 3.5
    endloop
  endfacet
  facet normal 0 0 1
    outer loop
      vertex -8.37192 0.916691 3.5
      vertex -10.7886 2.14599 3.5
      vertex -8.42894 0.825 3.5
    endloop
  endfacet
  facet normal 0 0 1
    outer loop
      vertex 7.77817 7.77817 3.5
      vertex 1.56243 6.46962 3.5
      vertex 6.36857 1.5244 3.5
    endloop
  endfacet
  facet normal -0 0 1
    outer loop
      vertex 1.5244 6.36857 3.5
      vertex 6.36857 1.5244 3.5
      vertex 1.56243 6.46962 3.5
    endloop
  endfacet
  facet normal 0 0 1
    outer loop
      vertex 6.36857 1.5244 3.5
      vertex 1.5244 6.36857 3.5
      vertex 2.2981 2.2981 3.5
    endloop
  endfacet
  facet normal -0 0 1
    outer loop
      vertex 1.47984 6.27022 3.5
      vertex 2.2981 2.2981 3.5
      vertex 1.5244 6.36857 3.5
    endloop
  endfacet
  facet normal 0 0 1
    outer loop
      vertex 2.2981 2.2981 3.5
      vertex 1.47984 6.27022 3.5
      vertex 2.14287 2.44348 3.5
    endloop
  endfacet
  facet normal -0 0 1
    outer loop
      vertex 1.42894 6.175 3.5
      vertex 2.14287 2.44348 3.5
      vertex 1.47984 6.27022 3.5
    endloop
  endfacet
  facet normal 0 0 1
    outer loop
      vertex 2.14287 2.44348 3.5
      vertex 1.42894 6.175 3.5
      vertex 1.97847 2.5784 3.5
    endloop
  endfacet
  facet normal -0 0 1
    outer loop
      vertex 1.37192 6.08331 3.5
      vertex 1.97847 2.5784 3.5
      vertex 1.42894 6.175 3.5
    endloop
  endfacet
  facet normal 0 0 1
    outer loop
      vertex 1.97847 2.5784 3.5
      vertex 1.37192 6.08331 3.5
      vertex 1.8056 2.70228 3.5
    endloop
  endfacet
  facet normal -0 0 1
    outer loop
      vertex 1.30903 5.99554 3.5
      vertex 1.8056 2.70228 3.5
      vertex 1.37192 6.08331 3.5
    endloop
  endfacet
  facet normal -0 0 1
    outer loop
      vertex 1.24053 5.91208 3.5
      vertex 1.8056 2.70228 3.5
      vertex 1.30903 5.99554 3.5
    endloop
  endfacet
  facet normal 0 0 1
    outer loop
      vertex 1.8056 2.70228 3.5
      vertex 1.24053 5.91208 3.5
      vertex 1.625 2.81458 3.5
    endloop
  endfacet
  facet normal -0 0 1
    outer loop
      vertex 1.16673 5.83327 3.5
      vertex 1.625 2.81458 3.5
      vertex 1.24053 5.91208 3.5
    endloop
  endfacet
  facet normal 0 0 1
    outer loop
      vertex 1.625 2.81458 3.5
      vertex 1.16673 5.83327 3.5
      vertex 1.43744 2.91484 3.5
    endloop
  endfacet
  facet normal -0 0 1
    outer loop
      vertex 1.08792 5.75946 3.5
      vertex 1.43744 2.91484 3.5
      vertex 1.16673 5.83327 3.5
    endloop
  endfacet
  facet normal -0 0 1
    outer loop
      vertex 1.00446 5.69097 3.5
      vertex 1.43744 2.91484 3.5
      vertex 1.08792 5.75946 3.5
    endloop
  endfacet
  facet normal 0 0 1
    outer loop
      vertex 1.43744 2.91484 3.5
      vertex 1.00446 5.69097 3.5
      vertex 1.24372 3.00261 3.5
    endloop
  endfacet
  facet normal -0 0 1
    outer loop
      vertex 0.916691 5.62807 3.5
      vertex 1.24372 3.00261 3.5
      vertex 1.00446 5.69097 3.5
    endloop
  endfacet
  facet normal 0 0 1
    outer loop
      vertex 1.24372 3.00261 3.5
      vertex 0.916691 5.62807 3.5
      vertex 1.04468 3.07752 3.5
    endloop
  endfacet
  facet normal -0 0 1
    outer loop
      vertex 0.825 5.57106 3.5
      vertex 1.04468 3.07752 3.5
      vertex 0.916691 5.62807 3.5
    endloop
  endfacet
  facet normal -0 0 1
    outer loop
      vertex 0.729775 5.52016 3.5
      vertex 1.04468 3.07752 3.5
      vertex 0.825 5.57106 3.5
    endloop
  endfacet
  facet normal 0 0 1
    outer loop
      vertex 1.04468 3.07752 3.5
      vertex 0.729775 5.52016 3.5
      vertex 0.841162 3.13926 3.5
    endloop
  endfacet
  facet normal -0 0 1
    outer loop
      vertex 0.631427 5.4756 3.5
      vertex 0.841162 3.13926 3.5
      vertex 0.729775 5.52016 3.5
    endloop
  endfacet
  facet normal 0 0 1
    outer loop
      vertex 0.841162 3.13926 3.5
      vertex 0.631427 5.4756 3.5
      vertex 0.634043 3.18755 3.5
    endloop
  endfacet
  facet normal -0 0 1
    outer loop
      vertex 0.530375 5.43756 3.5
      vertex 0.634043 3.18755 3.5
      vertex 0.631427 5.4756 3.5
    endloop
  endfacet
  facet normal -0 0 1
    outer loop
      vertex 0.427051 5.40622 3.5
      vertex 0.634043 3.18755 3.5
      vertex 0.530375 5.43756 3.5
    endloop
  endfacet
  facet normal 0 0 1
    outer loop
      vertex 0.427051 5.40622 3.5
      vertex 0.42421 3.2222 3.5
      vertex 0.634043 3.18755 3.5
    endloop
  endfacet
  facet normal -0 0 1
    outer loop
      vertex 0.321898 5.3817 3.5
      vertex 0.42421 3.2222 3.5
      vertex 0.427051 5.40622 3.5
    endloop
  endfacet
  facet normal -0 0 1
    outer loop
      vertex 0.215367 5.36412 3.5
      vertex 0.42421 3.2222 3.5
      vertex 0.321898 5.3817 3.5
    endloop
  endfacet
  facet normal 0 0 1
    outer loop
      vertex 0.215367 5.36412 3.5
      vertex 0.21256 3.24304 3.5
      vertex 0.42421 3.2222 3.5
    endloop
  endfacet
  facet normal -0 0 1
    outer loop
      vertex 0.107915 5.35353 3.5
      vertex 0.21256 3.24304 3.5
      vertex 0.215367 5.36412 3.5
    endloop
  endfacet
  facet normal 0 0 1
    outer loop
      vertex 0 3.25 3.5
      vertex 0.107915 5.35353 3.5
      vertex 0 5.35 3.5
    endloop
  endfacet
  facet normal 0 0 1
    outer loop
      vertex 0.107915 5.35353 3.5
      vertex 0 3.25 3.5
      vertex 0.21256 3.24304 3.5
    endloop
  endfacet
  facet normal 0 0 1
    outer loop
      vertex -0.107915 5.35353 3.5
      vertex 0 3.25 3.5
      vertex 0 5.35 3.5
    endloop
  endfacet
  facet normal 0 0 1
    outer loop
      vertex -0.107915 5.35353 3.5
      vertex -0.21256 3.24304 3.5
      vertex 0 3.25 3.5
    endloop
  endfacet
  facet normal 0 0 1
    outer loop
      vertex -0.215367 5.36412 3.5
      vertex -0.21256 3.24304 3.5
      vertex -0.107915 5.35353 3.5
    endloop
  endfacet
  facet normal 0 0 1
    outer loop
      vertex -0.42421 3.2222 3.5
      vertex -0.215367 5.36412 3.5
      vertex -0.321898 5.3817 3.5
    endloop
  endfacet
  facet normal 0 0 1
    outer loop
      vertex -0.215367 5.36412 3.5
      vertex -0.42421 3.2222 3.5
      vertex -0.21256 3.24304 3.5
    endloop
  endfacet
  facet normal 0 0 1
    outer loop
      vertex -0.427051 5.40622 3.5
      vertex -0.42421 3.2222 3.5
      vertex -0.321898 5.3817 3.5
    endloop
  endfacet
  facet normal 0 0 1
    outer loop
      vertex -0.634043 3.18755 3.5
      vertex -0.427051 5.40622 3.5
      vertex -0.530375 5.43756 3.5
    endloop
  endfacet
  facet normal 0 0 1
    outer loop
      vertex -0.634043 3.18755 3.5
      vertex -0.530375 5.43756 3.5
      vertex -0.631427 5.4756 3.5
    endloop
  endfacet
  facet normal 0 0 1
    outer loop
      vertex -0.427051 5.40622 3.5
      vertex -0.634043 3.18755 3.5
      vertex -0.42421 3.2222 3.5
    endloop
  endfacet
  facet normal 0 0 1
    outer loop
      vertex -0.841162 3.13926 3.5
      vertex -0.631427 5.4756 3.5
      vertex -0.729775 5.52016 3.5
    endloop
  endfacet
  facet normal 0 0 1
    outer loop
      vertex -1.04468 3.07752 3.5
      vertex -0.729775 5.52016 3.5
      vertex -0.825 5.57106 3.5
    endloop
  endfacet
  facet normal 0 0 1
    outer loop
      vertex -0.631427 5.4756 3.5
      vertex -0.841162 3.13926 3.5
      vertex -0.634043 3.18755 3.5
    endloop
  endfacet
  facet normal 0 0 1
    outer loop
      vertex -1.04468 3.07752 3.5
      vertex -0.825 5.57106 3.5
      vertex -0.916691 5.62807 3.5
    endloop
  endfacet
  facet normal 0 0 1
    outer loop
      vertex -1.24372 3.00261 3.5
      vertex -0.916691 5.62807 3.5
      vertex -1.00446 5.69097 3.5
    endloop
  endfacet
  facet normal 0 0 1
    outer loop
      vertex -0.729775 5.52016 3.5
      vertex -1.04468 3.07752 3.5
      vertex -0.841162 3.13926 3.5
    endloop
  endfacet
  facet normal 0 0 1
    outer loop
      vertex -1.43744 2.91484 3.5
      vertex -1.00446 5.69097 3.5
      vertex -1.08792 5.75946 3.5
    endloop
  endfacet
  facet normal 0 0 1
    outer loop
      vertex -1.43744 2.91484 3.5
      vertex -1.08792 5.75946 3.5
      vertex -1.16673 5.83327 3.5
    endloop
  endfacet
  facet normal 0 0 1
    outer loop
      vertex -1.625 2.81458 3.5
      vertex -1.16673 5.83327 3.5
      vertex -1.24053 5.91208 3.5
    endloop
  endfacet
  facet normal 0 0 1
    outer loop
      vertex -0.916691 5.62807 3.5
      vertex -1.24372 3.00261 3.5
      vertex -1.04468 3.07752 3.5
    endloop
  endfacet
  facet normal 0 0 1
    outer loop
      vertex -1.8056 2.70228 3.5
      vertex -1.24053 5.91208 3.5
      vertex -1.30903 5.99554 3.5
    endloop
  endfacet
  facet normal 0 0 1
    outer loop
      vertex -1.8056 2.70228 3.5
      vertex -1.30903 5.99554 3.5
      vertex -1.37192 6.08331 3.5
    endloop
  endfacet
  facet normal 0 0 1
    outer loop
      vertex -1.97847 2.5784 3.5
      vertex -1.37192 6.08331 3.5
      vertex -1.42894 6.175 3.5
    endloop
  endfacet
  facet normal 0 0 1
    outer loop
      vertex -1.00446 5.69097 3.5
      vertex -1.43744 2.91484 3.5
      vertex -1.24372 3.00261 3.5
    endloop
  endfacet
  facet normal 0 0 1
    outer loop
      vertex -2.14287 2.44348 3.5
      vertex -1.42894 6.175 3.5
      vertex -1.47984 6.27022 3.5
    endloop
  endfacet
  facet normal 0 0 1
    outer loop
      vertex -2.2981 2.2981 3.5
      vertex -1.47984 6.27022 3.5
      vertex -1.5244 6.36857 3.5
    endloop
  endfacet
  facet normal 0 0 1
    outer loop
      vertex -6.175 1.42894 3.5
      vertex -1.5244 6.36857 3.5
      vertex -1.56243 6.46962 3.5
    endloop
  endfacet
  facet normal 0 0 1
    outer loop
      vertex -1.63588 6.78463 3.5
      vertex -6.69637 8.72689 3.5
      vertex -1.6183 6.6781 3.5
    endloop
  endfacet
  facet normal 0 0 1
    outer loop
      vertex -1.64647 6.89208 3.5
      vertex -6.11127 9.14616 3.5
      vertex -1.63588 6.78463 3.5
    endloop
  endfacet
  facet normal 0 0 1
    outer loop
      vertex -1.16673 5.83327 3.5
      vertex -1.625 2.81458 3.5
      vertex -1.43744 2.91484 3.5
    endloop
  endfacet
  facet normal -0 0 1
    outer loop
      vertex -6.11127 9.14616 3.5
      vertex -1.65 7 3.5
      vertex -5.5 9.52628 3.5
    endloop
  endfacet
  facet normal 0 0 1
    outer loop
      vertex -1.63588 7.21537 3.5
      vertex -5.5 9.52628 3.5
      vertex -1.64647 7.10791 3.5
    endloop
  endfacet
  facet normal -0 0 1
    outer loop
      vertex -5.5 9.52628 3.5
      vertex -1.63588 7.21537 3.5
      vertex -4.86518 9.8656 3.5
    endloop
  endfacet
  facet normal 0 0 1
    outer loop
      vertex -1.24053 5.91208 3.5
      vertex -1.8056 2.70228 3.5
      vertex -1.625 2.81458 3.5
    endloop
  endfacet
  facet normal -0 0 1
    outer loop
      vertex 8.63588 0.215367 3.5
      vertex 11 0 3.5
      vertex 10.9764 0.719434 3.5
    endloop
  endfacet
  facet normal 0 0 1
    outer loop
      vertex 8.56243 0.530375 3.5
      vertex 10.9764 0.719434 3.5
      vertex 10.9059 1.43579 3.5
    endloop
  endfacet
  facet normal 0 0 1
    outer loop
      vertex 11 0 3.5
      vertex 8.63588 0.215367 3.5
      vertex 8.64647 0.107915 3.5
    endloop
  endfacet
  facet normal 0 0 1
    outer loop
      vertex 8.42894 0.825 3.5
      vertex 10.9059 1.43579 3.5
      vertex 10.7886 2.14599 3.5
    endloop
  endfacet
  facet normal 0 0 1
    outer loop
      vertex 8.64647 -0.107915 3.5
      vertex 11 0 3.5
      vertex 8.65 0 3.5
    endloop
  endfacet
  facet normal 0 0 1
    outer loop
      vertex 8.16673 1.16673 3.5
      vertex 10.7886 2.14599 3.5
      vertex 10.6252 2.84701 3.5
    endloop
  endfacet
  facet normal 0 0 1
    outer loop
      vertex 8.63588 -0.215367 3.5
      vertex 11 0 3.5
      vertex 8.64647 -0.107915 3.5
    endloop
  endfacet
  facet normal 0 0 1
    outer loop
      vertex 8.00446 1.30903 3.5
      vertex 10.6252 2.84701 3.5
      vertex 10.4162 3.53583 3.5
    endloop
  endfacet
  facet normal 0 0 1
    outer loop
      vertex 11 0 3.5
      vertex 8.63588 -0.215367 3.5
      vertex 10.9764 -0.719434 3.5
    endloop
  endfacet
  facet normal 0 0 1
    outer loop
      vertex 7.72978 1.47984 3.5
      vertex 10.4162 3.53583 3.5
      vertex 10.1627 4.20952 3.5
    endloop
  endfacet
  facet normal -0 0 1
    outer loop
      vertex 8.6183 -0.321898 3.5
      vertex 10.9764 -0.719434 3.5
      vertex 8.63588 -0.215367 3.5
    endloop
  endfacet
  facet normal 0 0 1
    outer loop
      vertex 7.42705 1.59378 3.5
      vertex 10.1627 4.20952 3.5
      vertex 9.8656 4.86518 3.5
    endloop
  endfacet
  facet normal -0 0 1
    outer loop
      vertex 8.59378 -0.427051 3.5
      vertex 10.9764 -0.719434 3.5
      vertex 8.6183 -0.321898 3.5
    endloop
  endfacet
  facet normal 0 0 1
    outer loop
      vertex 7.21537 1.63588 3.5
      vertex 9.8656 4.86518 3.5
      vertex 9.52628 5.5 3.5
    endloop
  endfacet
  facet normal -0 0 1
    outer loop
      vertex 8.56243 -0.530375 3.5
      vertex 10.9764 -0.719434 3.5
      vertex 8.59378 -0.427051 3.5
    endloop
  endfacet
  facet normal 0 0 1
    outer loop
      vertex 7 1.65 3.5
      vertex 9.52628 5.5 3.5
      vertex 9.14616 6.11127 3.5
    endloop
  endfacet
  facet normal -0 0 1
    outer loop
      vertex 8.5244 -0.631427 3.5
      vertex 10.9059 -1.43579 3.5
      vertex 8.56243 -0.530375 3.5
    endloop
  endfacet
  facet normal 0 0 1
    outer loop
      vertex 6.78463 1.63588 3.5
      vertex 9.14616 6.11127 3.5
      vertex 8.72689 6.69637 3.5
    endloop
  endfacet
  facet normal -0 0 1
    outer loop
      vertex 8.47984 -0.729775 3.5
      vertex 10.9059 -1.43579 3.5
      vertex 8.5244 -0.631427 3.5
    endloop
  endfacet
  facet normal -0 0 1
    outer loop
      vertex 8.42894 -0.825 3.5
      vertex 10.9059 -1.43579 3.5
      vertex 8.47984 -0.729775 3.5
    endloop
  endfacet
  facet normal 0 0 1
    outer loop
      vertex 10.9764 -0.719434 3.5
      vertex 8.56243 -0.530375 3.5
      vertex 10.9059 -1.43579 3.5
    endloop
  endfacet
  facet normal 0 0 1
    outer loop
      vertex 11 0 3.5
      vertex 8.64647 0.107915 3.5
      vertex 8.65 0 3.5
    endloop
  endfacet
  facet normal 0 0 1
    outer loop
      vertex 10.9764 0.719434 3.5
      vertex 8.6183 0.321898 3.5
      vertex 8.63588 0.215367 3.5
    endloop
  endfacet
  facet normal 0 0 1
    outer loop
      vertex 10.9764 0.719434 3.5
      vertex 8.59378 0.427051 3.5
      vertex 8.6183 0.321898 3.5
    endloop
  endfacet
  facet normal 0 0 1
    outer loop
      vertex 10.9764 0.719434 3.5
      vertex 8.56243 0.530375 3.5
      vertex 8.59378 0.427051 3.5
    endloop
  endfacet
  facet normal 0 0 1
    outer loop
      vertex 10.9059 1.43579 3.5
      vertex 8.5244 0.631427 3.5
      vertex 8.56243 0.530375 3.5
    endloop
  endfacet
  facet normal 0 0 1
    outer loop
      vertex 10.9059 1.43579 3.5
      vertex 8.47984 0.729775 3.5
      vertex 8.5244 0.631427 3.5
    endloop
  endfacet
  facet normal 0 0 1
    outer loop
      vertex 10.9059 1.43579 3.5
      vertex 8.42894 0.825 3.5
      vertex 8.47984 0.729775 3.5
    endloop
  endfacet
  facet normal 0 0 1
    outer loop
      vertex 10.7886 2.14599 3.5
      vertex 8.37192 0.916691 3.5
      vertex 8.42894 0.825 3.5
    endloop
  endfacet
  facet normal 0 0 1
    outer loop
      vertex 10.7886 2.14599 3.5
      vertex 8.30903 1.00446 3.5
      vertex 8.37192 0.916691 3.5
    endloop
  endfacet
  facet normal 0 0 1
    outer loop
      vertex 6.6781 1.6183 3.5
      vertex 8.72689 6.69637 3.5
      vertex 8.27024 7.2528 3.5
    endloop
  endfacet
  facet normal 0 0 1
    outer loop
      vertex 10.7886 2.14599 3.5
      vertex 8.24053 1.08792 3.5
      vertex 8.30903 1.00446 3.5
    endloop
  endfacet
  facet normal 0 0 1
    outer loop
      vertex 10.7886 2.14599 3.5
      vertex 8.16673 1.16673 3.5
      vertex 8.24053 1.08792 3.5
    endloop
  endfacet
  facet normal 0 0 1
    outer loop
      vertex 10.6252 2.84701 3.5
      vertex 8.08792 1.24053 3.5
      vertex 8.16673 1.16673 3.5
    endloop
  endfacet
  facet normal 0 0 1
    outer loop
      vertex 10.6252 2.84701 3.5
      vertex 8.00446 1.30903 3.5
      vertex 8.08792 1.24053 3.5
    endloop
  endfacet
  facet normal 0 0 1
    outer loop
      vertex 10.4162 3.53583 3.5
      vertex 7.91669 1.37192 3.5
      vertex 8.00446 1.30903 3.5
    endloop
  endfacet
  facet normal 0 0 1
    outer loop
      vertex 10.4162 3.53583 3.5
      vertex 7.825 1.42894 3.5
      vertex 7.91669 1.37192 3.5
    endloop
  endfacet
  facet normal 0 0 1
    outer loop
      vertex 6.46962 1.56243 3.5
      vertex 8.27024 7.2528 3.5
      vertex 7.77817 7.77817 3.5
    endloop
  endfacet
  facet normal 0 0 1
    outer loop
      vertex 10.4162 3.53583 3.5
      vertex 7.72978 1.47984 3.5
      vertex 7.825 1.42894 3.5
    endloop
  endfacet
  facet normal 0 0 1
    outer loop
      vertex 10.1627 4.20952 3.5
      vertex 7.63143 1.5244 3.5
      vertex 7.72978 1.47984 3.5
    endloop
  endfacet
  facet normal 0 0 1
    outer loop
      vertex 10.1627 4.20952 3.5
      vertex 7.53037 1.56243 3.5
      vertex 7.63143 1.5244 3.5
    endloop
  endfacet
  facet normal 0 0 1
    outer loop
      vertex 10.1627 4.20952 3.5
      vertex 7.42705 1.59378 3.5
      vertex 7.53037 1.56243 3.5
    endloop
  endfacet
  facet normal 0 0 1
    outer loop
      vertex 9.8656 4.86518 3.5
      vertex 7.3219 1.6183 3.5
      vertex 7.42705 1.59378 3.5
    endloop
  endfacet
  facet normal 0 0 1
    outer loop
      vertex 6.11127 9.14616 3.5
      vertex 1.63588 6.78463 3.5
      vertex 6.69637 8.72689 3.5
    endloop
  endfacet
  facet normal 0 0 1
    outer loop
      vertex 9.8656 4.86518 3.5
      vertex 7.21537 1.63588 3.5
      vertex 7.3219 1.6183 3.5
    endloop
  endfacet
  facet normal 0 0 1
    outer loop
      vertex 9.52628 5.5 3.5
      vertex 7.10791 1.64647 3.5
      vertex 7.21537 1.63588 3.5
    endloop
  endfacet
  facet normal 0 0 1
    outer loop
      vertex 9.52628 5.5 3.5
      vertex 7 1.65 3.5
      vertex 7.10791 1.64647 3.5
    endloop
  endfacet
  facet normal 0 0 1
    outer loop
      vertex 9.14616 6.11127 3.5
      vertex 6.89208 1.64647 3.5
      vertex 7 1.65 3.5
    endloop
  endfacet
  facet normal 0 0 1
    outer loop
      vertex 9.14616 6.11127 3.5
      vertex 6.78463 1.63588 3.5
      vertex 6.89208 1.64647 3.5
    endloop
  endfacet
  facet normal 0 0 1
    outer loop
      vertex 1.63588 6.78463 3.5
      vertex 6.11127 9.14616 3.5
      vertex 1.64647 6.89208 3.5
    endloop
  endfacet
  facet normal 0 0 1
    outer loop
      vertex 8.72689 6.69637 3.5
      vertex 6.6781 1.6183 3.5
      vertex 6.78463 1.63588 3.5
    endloop
  endfacet
  facet normal 0 0 1
    outer loop
      vertex 8.27024 7.2528 3.5
      vertex 6.57295 1.59378 3.5
      vertex 6.6781 1.6183 3.5
    endloop
  endfacet
  facet normal 0 0 1
    outer loop
      vertex 8.27024 7.2528 3.5
      vertex 6.46962 1.56243 3.5
      vertex 6.57295 1.59378 3.5
    endloop
  endfacet
  facet normal 0 0 1
    outer loop
      vertex 1.6183 6.6781 3.5
      vertex 6.69637 8.72689 3.5
      vertex 1.63588 6.78463 3.5
    endloop
  endfacet
  facet normal 0 0 1
    outer loop
      vertex 7.77817 7.77817 3.5
      vertex 6.36857 1.5244 3.5
      vertex 6.46962 1.56243 3.5
    endloop
  endfacet
  facet normal 0 0 1
    outer loop
      vertex 6.69637 8.72689 3.5
      vertex 1.6183 6.6781 3.5
      vertex 7.2528 8.27024 3.5
    endloop
  endfacet
  facet normal 0 0 1
    outer loop
      vertex 1.64647 6.89208 3.5
      vertex 6.11127 9.14616 3.5
      vertex 1.65 7 3.5
    endloop
  endfacet
  facet normal 0 0 1
    outer loop
      vertex 6.36857 1.5244 3.5
      vertex 2.2981 2.2981 3.5
      vertex 6.27022 1.47984 3.5
    endloop
  endfacet
  facet normal -0 -0 1
    outer loop
      vertex 2.44348 2.14287 3.5
      vertex 6.27022 1.47984 3.5
      vertex 2.2981 2.2981 3.5
    endloop
  endfacet
  facet normal 0 0 1
    outer loop
      vertex 6.27022 1.47984 3.5
      vertex 2.44348 2.14287 3.5
      vertex 6.175 1.42894 3.5
    endloop
  endfacet
  facet normal -0 -0 1
    outer loop
      vertex 2.5784 1.97847 3.5
      vertex 6.175 1.42894 3.5
      vertex 2.44348 2.14287 3.5
    endloop
  endfacet
  facet normal 0 0 1
    outer loop
      vertex 6.175 1.42894 3.5
      vertex 2.5784 1.97847 3.5
      vertex 6.08331 1.37192 3.5
    endloop
  endfacet
  facet normal 0 0 1
    outer loop
      vertex 6.08331 1.37192 3.5
      vertex 2.5784 1.97847 3.5
      vertex 5.99554 1.30903 3.5
    endloop
  endfacet
  facet normal 0 0 1
    outer loop
      vertex 5.99554 1.30903 3.5
      vertex 2.70228 1.8056 3.5
      vertex 5.91208 1.24053 3.5
    endloop
  endfacet
  facet normal 0 0 1
    outer loop
      vertex 5.91208 1.24053 3.5
      vertex 2.81458 1.625 3.5
      vertex 5.83327 1.16673 3.5
    endloop
  endfacet
  facet normal -0 -0 1
    outer loop
      vertex 2.91484 1.43744 3.5
      vertex 5.83327 1.16673 3.5
      vertex 2.81458 1.625 3.5
    endloop
  endfacet
  facet normal 0 0 1
    outer loop
      vertex 1.65 7 3.5
      vertex 6.11127 9.14616 3.5
      vertex 5.5 9.52628 3.5
    endloop
  endfacet
  facet normal 0 0 1
    outer loop
      vertex 5.83327 1.16673 3.5
      vertex 2.91484 1.43744 3.5
      vertex 5.75946 1.08792 3.5
    endloop
  endfacet
  facet normal 0 0 1
    outer loop
      vertex 5.75946 1.08792 3.5
      vertex 2.91484 1.43744 3.5
      vertex 5.69097 1.00446 3.5
    endloop
  endfacet
  facet normal -0 -0 1
    outer loop
      vertex 3.00261 1.24372 3.5
      vertex 5.69097 1.00446 3.5
      vertex 2.91484 1.43744 3.5
    endloop
  endfacet
  facet normal -0 -0 1
    outer loop
      vertex 3.07752 1.04468 3.5
      vertex 5.62807 0.916691 3.5
      vertex 3.00261 1.24372 3.5
    endloop
  endfacet
  facet normal 0 0 1
    outer loop
      vertex 5.62807 0.916691 3.5
      vertex 3.07752 1.04468 3.5
      vertex 5.57106 0.825 3.5
    endloop
  endfacet
  facet normal 0 0 1
    outer loop
      vertex 5.57106 0.825 3.5
      vertex 3.07752 1.04468 3.5
      vertex 5.52016 0.729775 3.5
    endloop
  endfacet
  facet normal -0 -0 1
    outer loop
      vertex 3.13926 0.841162 3.5
      vertex 5.52016 0.729775 3.5
      vertex 3.07752 1.04468 3.5
    endloop
  endfacet
  facet normal 0 0 1
    outer loop
      vertex 1.63588 7.21537 3.5
      vertex 5.5 9.52628 3.5
      vertex 4.86518 9.8656 3.5
    endloop
  endfacet
  facet normal 0 0 1
    outer loop
      vertex 10.9059 -1.43579 3.5
      vertex 8.42894 -0.825 3.5
      vertex 10.7886 -2.14599 3.5
    endloop
  endfacet
  facet normal -0 0 1
    outer loop
      vertex 8.37192 -0.916691 3.5
      vertex 10.7886 -2.14599 3.5
      vertex 8.42894 -0.825 3.5
    endloop
  endfacet
  facet normal -0 0 1
    outer loop
      vertex 8.30903 -1.00446 3.5
      vertex 10.7886 -2.14599 3.5
      vertex 8.37192 -0.916691 3.5
    endloop
  endfacet
  facet normal -0 0 1
    outer loop
      vertex 8.24053 -1.08792 3.5
      vertex 10.7886 -2.14599 3.5
      vertex 8.30903 -1.00446 3.5
    endloop
  endfacet
  facet normal -0 0 1
    outer loop
      vertex 8.16673 -1.16673 3.5
      vertex 10.7886 -2.14599 3.5
      vertex 8.24053 -1.08792 3.5
    endloop
  endfacet
  facet normal 0 0 1
    outer loop
      vertex 10.7886 -2.14599 3.5
      vertex 8.16673 -1.16673 3.5
      vertex 10.6252 -2.84701 3.5
    endloop
  endfacet
  facet normal -0 0 1
    outer loop
      vertex 8.08792 -1.24053 3.5
      vertex 10.6252 -2.84701 3.5
      vertex 8.16673 -1.16673 3.5
    endloop
  endfacet
  facet normal -0 0 1
    outer loop
      vertex 8.00446 -1.30903 3.5
      vertex 10.6252 -2.84701 3.5
      vertex 8.08792 -1.24053 3.5
    endloop
  endfacet
  facet normal 0 0 1
    outer loop
      vertex 10.6252 -2.84701 3.5
      vertex 8.00446 -1.30903 3.5
      vertex 10.4162 -3.53583 3.5
    endloop
  endfacet
  facet normal -0 0 1
    outer loop
      vertex 7.91669 -1.37192 3.5
      vertex 10.4162 -3.53583 3.5
      vertex 8.00446 -1.30903 3.5
    endloop
  endfacet
  facet normal -0 0 1
    outer loop
      vertex 7.825 -1.42894 3.5
      vertex 10.4162 -3.53583 3.5
      vertex 7.91669 -1.37192 3.5
    endloop
  endfacet
  facet normal -0 0 1
    outer loop
      vertex 7.72978 -1.47984 3.5
      vertex 10.4162 -3.53583 3.5
      vertex 7.825 -1.42894 3.5
    endloop
  endfacet
  facet normal 0 0 1
    outer loop
      vertex 10.4162 -3.53583 3.5
      vertex 7.72978 -1.47984 3.5
      vertex 10.1627 -4.20952 3.5
    endloop
  endfacet
  facet normal -0 0 1
    outer loop
      vertex 7.63143 -1.5244 3.5
      vertex 10.1627 -4.20952 3.5
      vertex 7.72978 -1.47984 3.5
    endloop
  endfacet
  facet normal -0 0 1
    outer loop
      vertex 7.53037 -1.56243 3.5
      vertex 10.1627 -4.20952 3.5
      vertex 7.63143 -1.5244 3.5
    endloop
  endfacet
  facet normal -0 0 1
    outer loop
      vertex 7.42705 -1.59378 3.5
      vertex 10.1627 -4.20952 3.5
      vertex 7.53037 -1.56243 3.5
    endloop
  endfacet
  facet normal 0 0 1
    outer loop
      vertex 10.1627 -4.20952 3.5
      vertex 7.42705 -1.59378 3.5
      vertex 9.8656 -4.86518 3.5
    endloop
  endfacet
  facet normal -0 0 1
    outer loop
      vertex 7.3219 -1.6183 3.5
      vertex 9.8656 -4.86518 3.5
      vertex 7.42705 -1.59378 3.5
    endloop
  endfacet
  facet normal -0 0 1
    outer loop
      vertex 7.21537 -1.63588 3.5
      vertex 9.8656 -4.86518 3.5
      vertex 7.3219 -1.6183 3.5
    endloop
  endfacet
  facet normal 0 0 1
    outer loop
      vertex 9.8656 -4.86518 3.5
      vertex 7.21537 -1.63588 3.5
      vertex 9.52628 -5.5 3.5
    endloop
  endfacet
  facet normal -0 0 1
    outer loop
      vertex 7.10791 -1.64647 3.5
      vertex 9.52628 -5.5 3.5
      vertex 7.21537 -1.63588 3.5
    endloop
  endfacet
  facet normal -0 0 1
    outer loop
      vertex 7 -1.65 3.5
      vertex 9.52628 -5.5 3.5
      vertex 7.10791 -1.64647 3.5
    endloop
  endfacet
  facet normal 0 0 1
    outer loop
      vertex 9.52628 -5.5 3.5
      vertex 7 -1.65 3.5
      vertex 9.14616 -6.11127 3.5
    endloop
  endfacet
  facet normal 0 0 1
    outer loop
      vertex 6.89208 -1.64647 3.5
      vertex 9.14616 -6.11127 3.5
      vertex 7 -1.65 3.5
    endloop
  endfacet
  facet normal 0 0 1
    outer loop
      vertex 6.78463 -1.63588 3.5
      vertex 9.14616 -6.11127 3.5
      vertex 6.89208 -1.64647 3.5
    endloop
  endfacet
  facet normal 0 0 1
    outer loop
      vertex 9.14616 -6.11127 3.5
      vertex 6.78463 -1.63588 3.5
      vertex 8.72689 -6.69637 3.5
    endloop
  endfacet
  facet normal 0 0 1
    outer loop
      vertex 6.6781 -1.6183 3.5
      vertex 8.72689 -6.69637 3.5
      vertex 6.78463 -1.63588 3.5
    endloop
  endfacet
  facet normal 0 0 1
    outer loop
      vertex 8.72689 -6.69637 3.5
      vertex 6.6781 -1.6183 3.5
      vertex 8.27024 -7.2528 3.5
    endloop
  endfacet
  facet normal 0 0 1
    outer loop
      vertex 6.57295 -1.59378 3.5
      vertex 8.27024 -7.2528 3.5
      vertex 6.6781 -1.6183 3.5
    endloop
  endfacet
  facet normal 0 0 1
    outer loop
      vertex 6.46962 -1.56243 3.5
      vertex 8.27024 -7.2528 3.5
      vertex 6.57295 -1.59378 3.5
    endloop
  endfacet
  facet normal 0 0 1
    outer loop
      vertex 8.27024 -7.2528 3.5
      vertex 6.46962 -1.56243 3.5
      vertex 7.77817 -7.77817 3.5
    endloop
  endfacet
  facet normal 0 0 1
    outer loop
      vertex 6.36857 -1.5244 3.5
      vertex 7.77817 -7.77817 3.5
      vertex 6.46962 -1.56243 3.5
    endloop
  endfacet
  facet normal -0 0 1
    outer loop
      vertex 1.64647 -6.89208 3.5
      vertex 7.77817 -7.77817 3.5
      vertex 6.36857 -1.5244 3.5
    endloop
  endfacet
  facet normal 0 0 1
    outer loop
      vertex 1.64647 -6.89208 3.5
      vertex 6.36857 -1.5244 3.5
      vertex 6.27022 -1.47984 3.5
    endloop
  endfacet
  facet normal 0 0 1
    outer loop
      vertex 5.99554 -1.30903 3.5
      vertex 2.70228 -1.8056 3.5
      vertex 6.08331 -1.37192 3.5
    endloop
  endfacet
  facet normal 0 0 1
    outer loop
      vertex 5.91208 -1.24053 3.5
      vertex 2.70228 -1.8056 3.5
      vertex 5.99554 -1.30903 3.5
    endloop
  endfacet
  facet normal 0 0 1
    outer loop
      vertex 5.83327 -1.16673 3.5
      vertex 2.81458 -1.625 3.5
      vertex 5.91208 -1.24053 3.5
    endloop
  endfacet
  facet normal 0 0 1
    outer loop
      vertex 2.81458 -1.625 3.5
      vertex 5.83327 -1.16673 3.5
      vertex 2.91484 -1.43744 3.5
    endloop
  endfacet
  facet normal 0 0 1
    outer loop
      vertex 5.69097 -1.00446 3.5
      vertex 2.91484 -1.43744 3.5
      vertex 5.75946 -1.08792 3.5
    endloop
  endfacet
  facet normal 0 0 1
    outer loop
      vertex 3.00261 -1.24372 3.5
      vertex 5.62807 -0.916691 3.5
      vertex 3.07752 -1.04468 3.5
    endloop
  endfacet
  facet normal 0 0 1
    outer loop
      vertex 5.52016 -0.729775 3.5
      vertex 3.07752 -1.04468 3.5
      vertex 5.57106 -0.825 3.5
    endloop
  endfacet
  facet normal 0 0 1
    outer loop
      vertex 3.07752 -1.04468 3.5
      vertex 5.52016 -0.729775 3.5
      vertex 3.13926 -0.841162 3.5
    endloop
  endfacet
  facet normal 0 0 1
    outer loop
      vertex 5.4756 -0.631427 3.5
      vertex 3.13926 -0.841162 3.5
      vertex 5.52016 -0.729775 3.5
    endloop
  endfacet
  facet normal 0 0 1
    outer loop
      vertex 3.13926 -0.841162 3.5
      vertex 5.4756 -0.631427 3.5
      vertex 3.18755 -0.634043 3.5
    endloop
  endfacet
  facet normal 0 0 1
    outer loop
      vertex 5.43756 -0.530375 3.5
      vertex 3.18755 -0.634043 3.5
      vertex 5.4756 -0.631427 3.5
    endloop
  endfacet
  facet normal 0 0 1
    outer loop
      vertex 5.40622 -0.427051 3.5
      vertex 3.18755 -0.634043 3.5
      vertex 5.43756 -0.530375 3.5
    endloop
  endfacet
  facet normal 0 0 1
    outer loop
      vertex 5.75946 -1.08792 3.5
      vertex 2.91484 -1.43744 3.5
      vertex 5.83327 -1.16673 3.5
    endloop
  endfacet
  facet normal 0 0 1
    outer loop
      vertex 3.18755 -0.634043 3.5
      vertex 5.40622 -0.427051 3.5
      vertex 3.2222 -0.42421 3.5
    endloop
  endfacet
  facet normal 0 0 1
    outer loop
      vertex 5.3817 -0.321898 3.5
      vertex 3.2222 -0.42421 3.5
      vertex 5.40622 -0.427051 3.5
    endloop
  endfacet
  facet normal 0 0 1
    outer loop
      vertex 5.36412 -0.215367 3.5
      vertex 3.2222 -0.42421 3.5
      vertex 5.3817 -0.321898 3.5
    endloop
  endfacet
  facet normal 0 0 1
    outer loop
      vertex 3.2222 -0.42421 3.5
      vertex 5.36412 -0.215367 3.5
      vertex 3.24304 -0.21256 3.5
    endloop
  endfacet
  facet normal 0 0 1
    outer loop
      vertex 5.35353 -0.107915 3.5
      vertex 3.24304 -0.21256 3.5
      vertex 5.36412 -0.215367 3.5
    endloop
  endfacet
  facet normal 0 0 1
    outer loop
      vertex 3.24304 -0.21256 3.5
      vertex 5.35353 -0.107915 3.5
      vertex 3.25 0 3.5
    endloop
  endfacet
  facet normal -0 0 1
    outer loop
      vertex 3.25 0 3.5
      vertex 5.35353 -0.107915 3.5
      vertex 5.35 0 3.5
    endloop
  endfacet
  facet normal 0 0 1
    outer loop
      vertex 5.52016 0.729775 3.5
      vertex 3.13926 0.841162 3.5
      vertex 5.4756 0.631427 3.5
    endloop
  endfacet
  facet normal 0 0 1
    outer loop
      vertex 5.57106 -0.825 3.5
      vertex 3.07752 -1.04468 3.5
      vertex 5.62807 -0.916691 3.5
    endloop
  endfacet
  facet normal 0 0 1
    outer loop
      vertex 1.59378 7.42705 3.5
      vertex 4.86518 9.8656 3.5
      vertex 4.20952 10.1627 3.5
    endloop
  endfacet
  facet normal 0 0 1
    outer loop
      vertex 2.91484 -1.43744 3.5
      vertex 5.69097 -1.00446 3.5
      vertex 3.00261 -1.24372 3.5
    endloop
  endfacet
  facet normal 0 0 1
    outer loop
      vertex 1.47984 7.72978 3.5
      vertex 4.20952 10.1627 3.5
      vertex 3.53583 10.4162 3.5
    endloop
  endfacet
  facet normal 0 0 1
    outer loop
      vertex 5.62807 -0.916691 3.5
      vertex 3.00261 -1.24372 3.5
      vertex 5.69097 -1.00446 3.5
    endloop
  endfacet
  facet normal 0 0 1
    outer loop
      vertex 2.70228 -1.8056 3.5
      vertex 5.91208 -1.24053 3.5
      vertex 2.81458 -1.625 3.5
    endloop
  endfacet
  facet normal 0 0 1
    outer loop
      vertex 5.35353 0.107915 3.5
      vertex 3.25 0 3.5
      vertex 5.35 0 3.5
    endloop
  endfacet
  facet normal 0 -0 1
    outer loop
      vertex 3.25 0 3.5
      vertex 5.35353 0.107915 3.5
      vertex 3.24304 0.21256 3.5
    endloop
  endfacet
  facet normal 0 0 1
    outer loop
      vertex 5.36412 0.215367 3.5
      vertex 3.24304 0.21256 3.5
      vertex 5.35353 0.107915 3.5
    endloop
  endfacet
  facet normal 0 -0 1
    outer loop
      vertex 3.24304 0.21256 3.5
      vertex 5.36412 0.215367 3.5
      vertex 3.2222 0.42421 3.5
    endloop
  endfacet
  facet normal 0 0 1
    outer loop
      vertex 5.3817 0.321898 3.5
      vertex 3.2222 0.42421 3.5
      vertex 5.36412 0.215367 3.5
    endloop
  endfacet
  facet normal 0 0 1
    outer loop
      vertex 5.40622 0.427051 3.5
      vertex 3.2222 0.42421 3.5
      vertex 5.3817 0.321898 3.5
    endloop
  endfacet
  facet normal 0 -0 1
    outer loop
      vertex 3.2222 0.42421 3.5
      vertex 5.40622 0.427051 3.5
      vertex 3.18755 0.634043 3.5
    endloop
  endfacet
  facet normal 0 0 1
    outer loop
      vertex 1.37192 7.91669 3.5
      vertex 3.53583 10.4162 3.5
      vertex 2.84701 10.6252 3.5
    endloop
  endfacet
  facet normal 0 0 1
    outer loop
      vertex 5.43756 0.530375 3.5
      vertex 3.18755 0.634043 3.5
      vertex 5.40622 0.427051 3.5
    endloop
  endfacet
  facet normal -0 -0 1
    outer loop
      vertex 2.70228 1.8056 3.5
      vertex 5.99554 1.30903 3.5
      vertex 2.5784 1.97847 3.5
    endloop
  endfacet
  facet normal -0 -0 1
    outer loop
      vertex 3.18755 0.634043 3.5
      vertex 5.43756 0.530375 3.5
      vertex 3.13926 0.841162 3.5
    endloop
  endfacet
  facet normal 0 0 1
    outer loop
      vertex 5.4756 0.631427 3.5
      vertex 3.13926 0.841162 3.5
      vertex 5.43756 0.530375 3.5
    endloop
  endfacet
  facet normal 0 0 1
    outer loop
      vertex 5.69097 1.00446 3.5
      vertex 3.00261 1.24372 3.5
      vertex 5.62807 0.916691 3.5
    endloop
  endfacet
  facet normal 0 0 1
    outer loop
      vertex 1.16673 8.16673 3.5
      vertex 2.84701 10.6252 3.5
      vertex 2.14599 10.7886 3.5
    endloop
  endfacet
  facet normal -0 -0 1
    outer loop
      vertex 2.81458 1.625 3.5
      vertex 5.91208 1.24053 3.5
      vertex 2.70228 1.8056 3.5
    endloop
  endfacet
  facet normal 0 0 1
    outer loop
      vertex 1.59378 6.57295 3.5
      vertex 7.2528 8.27024 3.5
      vertex 1.6183 6.6781 3.5
    endloop
  endfacet
  facet normal 0 0 1
    outer loop
      vertex 1.56243 6.46962 3.5
      vertex 7.2528 8.27024 3.5
      vertex 1.59378 6.57295 3.5
    endloop
  endfacet
  facet normal 0 0 1
    outer loop
      vertex 7.2528 8.27024 3.5
      vertex 1.56243 6.46962 3.5
      vertex 7.77817 7.77817 3.5
    endloop
  endfacet
  facet normal 0 0 1
    outer loop
      vertex 5.5 9.52628 3.5
      vertex 1.64647 7.10791 3.5
      vertex 1.65 7 3.5
    endloop
  endfacet
  facet normal 0 0 1
    outer loop
      vertex 5.5 9.52628 3.5
      vertex 1.63588 7.21537 3.5
      vertex 1.64647 7.10791 3.5
    endloop
  endfacet
  facet normal 0 0 1
    outer loop
      vertex 4.86518 9.8656 3.5
      vertex 1.6183 7.3219 3.5
      vertex 1.63588 7.21537 3.5
    endloop
  endfacet
  facet normal 0 0 1
    outer loop
      vertex 4.86518 9.8656 3.5
      vertex 1.59378 7.42705 3.5
      vertex 1.6183 7.3219 3.5
    endloop
  endfacet
  facet normal 0 0 1
    outer loop
      vertex 4.20952 10.1627 3.5
      vertex 1.56243 7.53037 3.5
      vertex 1.59378 7.42705 3.5
    endloop
  endfacet
  facet normal 0 0 1
    outer loop
      vertex 4.20952 10.1627 3.5
      vertex 1.5244 7.63143 3.5
      vertex 1.56243 7.53037 3.5
    endloop
  endfacet
  facet normal 0 0 1
    outer loop
      vertex 4.20952 10.1627 3.5
      vertex 1.47984 7.72978 3.5
      vertex 1.5244 7.63143 3.5
    endloop
  endfacet
  facet normal 0 0 1
    outer loop
      vertex 0.916691 8.37192 3.5
      vertex 2.14599 10.7886 3.5
      vertex 1.43579 10.9059 3.5
    endloop
  endfacet
  facet normal 0 0 1
    outer loop
      vertex 3.53583 10.4162 3.5
      vertex 1.42894 7.825 3.5
      vertex 1.47984 7.72978 3.5
    endloop
  endfacet
  facet normal 0 0 1
    outer loop
      vertex 3.53583 10.4162 3.5
      vertex 1.37192 7.91669 3.5
      vertex 1.42894 7.825 3.5
    endloop
  endfacet
  facet normal 0 0 1
    outer loop
      vertex 2.84701 10.6252 3.5
      vertex 1.30903 8.00446 3.5
      vertex 1.37192 7.91669 3.5
    endloop
  endfacet
  facet normal 0 0 1
    outer loop
      vertex 2.84701 10.6252 3.5
      vertex 1.24053 8.08792 3.5
      vertex 1.30903 8.00446 3.5
    endloop
  endfacet
  facet normal 0 0 1
    outer loop
      vertex 2.84701 10.6252 3.5
      vertex 1.16673 8.16673 3.5
      vertex 1.24053 8.08792 3.5
    endloop
  endfacet
  facet normal 0 0 1
    outer loop
      vertex 2.14599 10.7886 3.5
      vertex 1.08792 8.24053 3.5
      vertex 1.16673 8.16673 3.5
    endloop
  endfacet
  facet normal 0 0 1
    outer loop
      vertex 2.14599 10.7886 3.5
      vertex 1.00446 8.30903 3.5
      vertex 1.08792 8.24053 3.5
    endloop
  endfacet
  facet normal 0 0 1
    outer loop
      vertex 2.14599 10.7886 3.5
      vertex 0.916691 8.37192 3.5
      vertex 1.00446 8.30903 3.5
    endloop
  endfacet
  facet normal 0 0 1
    outer loop
      vertex 1.43579 10.9059 3.5
      vertex 0.825 8.42894 3.5
      vertex 0.916691 8.37192 3.5
    endloop
  endfacet
  facet normal 0 0 1
    outer loop
      vertex 1.43579 10.9059 3.5
      vertex 0.729775 8.47984 3.5
      vertex 0.825 8.42894 3.5
    endloop
  endfacet
  facet normal 0 0 1
    outer loop
      vertex 0.530375 8.56243 3.5
      vertex 1.43579 10.9059 3.5
      vertex 0.719434 10.9764 3.5
    endloop
  endfacet
  facet normal 0 0 1
    outer loop
      vertex 1.43579 10.9059 3.5
      vertex 0.631427 8.5244 3.5
      vertex 0.729775 8.47984 3.5
    endloop
  endfacet
  facet normal 0 0 1
    outer loop
      vertex 1.43579 10.9059 3.5
      vertex 0.530375 8.56243 3.5
      vertex 0.631427 8.5244 3.5
    endloop
  endfacet
  facet normal 0 0 1
    outer loop
      vertex 0.719434 10.9764 3.5
      vertex 0.427051 8.59378 3.5
      vertex 0.530375 8.56243 3.5
    endloop
  endfacet
  facet normal 0 0 1
    outer loop
      vertex 0.719434 10.9764 3.5
      vertex 0.321898 8.6183 3.5
      vertex 0.427051 8.59378 3.5
    endloop
  endfacet
  facet normal 0 0 1
    outer loop
      vertex 0.719434 10.9764 3.5
      vertex 0.215367 8.63588 3.5
      vertex 0.321898 8.6183 3.5
    endloop
  endfacet
  facet normal 0 0 1
    outer loop
      vertex 0 11 3.5
      vertex 0.215367 8.63588 3.5
      vertex 0.719434 10.9764 3.5
    endloop
  endfacet
  facet normal 0 0 1
    outer loop
      vertex 0.215367 8.63588 3.5
      vertex 0 11 3.5
      vertex 0.107915 8.64647 3.5
    endloop
  endfacet
  facet normal 0 0 1
    outer loop
      vertex 0 11 3.5
      vertex 0 8.65 3.5
      vertex 0.107915 8.64647 3.5
    endloop
  endfacet
  facet normal 0 0 1
    outer loop
      vertex 0 11 3.5
      vertex -0.107915 8.64647 3.5
      vertex 0 8.65 3.5
    endloop
  endfacet
  facet normal 0 0 1
    outer loop
      vertex 0 11 3.5
      vertex -0.215367 8.63588 3.5
      vertex -0.107915 8.64647 3.5
    endloop
  endfacet
  facet normal -0 0 1
    outer loop
      vertex -0.719434 10.9764 3.5
      vertex -0.215367 8.63588 3.5
      vertex 0 11 3.5
    endloop
  endfacet
  facet normal 0 0 1
    outer loop
      vertex -0.215367 8.63588 3.5
      vertex -0.719434 10.9764 3.5
      vertex -0.321898 8.6183 3.5
    endloop
  endfacet
  facet normal 0 0 1
    outer loop
      vertex -0.321898 8.6183 3.5
      vertex -0.719434 10.9764 3.5
      vertex -0.427051 8.59378 3.5
    endloop
  endfacet
  facet normal 0 0 1
    outer loop
      vertex -0.427051 8.59378 3.5
      vertex -0.719434 10.9764 3.5
      vertex -0.530375 8.56243 3.5
    endloop
  endfacet
  facet normal -0 0 1
    outer loop
      vertex -1.43579 10.9059 3.5
      vertex -0.530375 8.56243 3.5
      vertex -0.719434 10.9764 3.5
    endloop
  endfacet
  facet normal 0 0 1
    outer loop
      vertex -0.530375 8.56243 3.5
      vertex -1.43579 10.9059 3.5
      vertex -0.631427 8.5244 3.5
    endloop
  endfacet
  facet normal 0 0 1
    outer loop
      vertex -0.631427 8.5244 3.5
      vertex -1.43579 10.9059 3.5
      vertex -0.729775 8.47984 3.5
    endloop
  endfacet
  facet normal 0 0 1
    outer loop
      vertex -0.729775 8.47984 3.5
      vertex -1.43579 10.9059 3.5
      vertex -0.825 8.42894 3.5
    endloop
  endfacet
  facet normal 0 0 1
    outer loop
      vertex -0.825 8.42894 3.5
      vertex -1.43579 10.9059 3.5
      vertex -0.916691 8.37192 3.5
    endloop
  endfacet
  facet normal -0 0 1
    outer loop
      vertex -2.14599 10.7886 3.5
      vertex -0.916691 8.37192 3.5
      vertex -1.43579 10.9059 3.5
    endloop
  endfacet
  facet normal 0 0 1
    outer loop
      vertex -0.916691 8.37192 3.5
      vertex -2.14599 10.7886 3.5
      vertex -1.00446 8.30903 3.5
    endloop
  endfacet
  facet normal 0 0 1
    outer loop
      vertex -1.00446 8.30903 3.5
      vertex -2.14599 10.7886 3.5
      vertex -1.08792 8.24053 3.5
    endloop
  endfacet
  facet normal 0 0 1
    outer loop
      vertex -1.08792 8.24053 3.5
      vertex -2.14599 10.7886 3.5
      vertex -1.16673 8.16673 3.5
    endloop
  endfacet
  facet normal -0 0 1
    outer loop
      vertex -2.84701 10.6252 3.5
      vertex -1.16673 8.16673 3.5
      vertex -2.14599 10.7886 3.5
    endloop
  endfacet
  facet normal 0 0 1
    outer loop
      vertex -1.16673 8.16673 3.5
      vertex -2.84701 10.6252 3.5
      vertex -1.24053 8.08792 3.5
    endloop
  endfacet
  facet normal 0 0 1
    outer loop
      vertex -1.24053 8.08792 3.5
      vertex -2.84701 10.6252 3.5
      vertex -1.30903 8.00446 3.5
    endloop
  endfacet
  facet normal 0 0 1
    outer loop
      vertex -1.30903 8.00446 3.5
      vertex -2.84701 10.6252 3.5
      vertex -1.37192 7.91669 3.5
    endloop
  endfacet
  facet normal -0 0 1
    outer loop
      vertex -3.53583 10.4162 3.5
      vertex -1.37192 7.91669 3.5
      vertex -2.84701 10.6252 3.5
    endloop
  endfacet
  facet normal 0 0 1
    outer loop
      vertex -1.37192 7.91669 3.5
      vertex -3.53583 10.4162 3.5
      vertex -1.42894 7.825 3.5
    endloop
  endfacet
  facet normal 0 0 1
    outer loop
      vertex -1.42894 7.825 3.5
      vertex -3.53583 10.4162 3.5
      vertex -1.47984 7.72978 3.5
    endloop
  endfacet
  facet normal -0 0 1
    outer loop
      vertex -4.20952 10.1627 3.5
      vertex -1.47984 7.72978 3.5
      vertex -3.53583 10.4162 3.5
    endloop
  endfacet
  facet normal 0 0 1
    outer loop
      vertex -1.47984 7.72978 3.5
      vertex -4.20952 10.1627 3.5
      vertex -1.5244 7.63143 3.5
    endloop
  endfacet
  facet normal 0 0 1
    outer loop
      vertex -1.5244 7.63143 3.5
      vertex -4.20952 10.1627 3.5
      vertex -1.56243 7.53037 3.5
    endloop
  endfacet
  facet normal 0 0 1
    outer loop
      vertex -1.6183 7.3219 3.5
      vertex -4.86518 9.8656 3.5
      vertex -1.63588 7.21537 3.5
    endloop
  endfacet
  facet normal 0 0 1
    outer loop
      vertex -1.37192 6.08331 3.5
      vertex -1.97847 2.5784 3.5
      vertex -1.8056 2.70228 3.5
    endloop
  endfacet
  facet normal 0 0 1
    outer loop
      vertex -1.56243 7.53037 3.5
      vertex -4.20952 10.1627 3.5
      vertex -1.59378 7.42705 3.5
    endloop
  endfacet
  facet normal -0 0 1
    outer loop
      vertex -4.86518 9.8656 3.5
      vertex -1.59378 7.42705 3.5
      vertex -4.20952 10.1627 3.5
    endloop
  endfacet
  facet normal 0 0 1
    outer loop
      vertex -1.59378 7.42705 3.5
      vertex -4.86518 9.8656 3.5
      vertex -1.6183 7.3219 3.5
    endloop
  endfacet
  facet normal 0 0 1
    outer loop
      vertex -1.64647 7.10791 3.5
      vertex -5.5 9.52628 3.5
      vertex -1.65 7 3.5
    endloop
  endfacet
  facet normal 0 0 1
    outer loop
      vertex -1.42894 6.175 3.5
      vertex -2.14287 2.44348 3.5
      vertex -1.97847 2.5784 3.5
    endloop
  endfacet
  facet normal 0 0 1
    outer loop
      vertex -1.47984 6.27022 3.5
      vertex -2.2981 2.2981 3.5
      vertex -2.14287 2.44348 3.5
    endloop
  endfacet
  facet normal 0 0 1
    outer loop
      vertex -1.5244 6.36857 3.5
      vertex -6.175 1.42894 3.5
      vertex -2.2981 2.2981 3.5
    endloop
  endfacet
  facet normal 0 0 1
    outer loop
      vertex -1.6183 6.6781 3.5
      vertex -6.69637 8.72689 3.5
      vertex -1.59378 6.57295 3.5
    endloop
  endfacet
  facet normal 0 0 1
    outer loop
      vertex -1.65 7 3.5
      vertex -6.11127 9.14616 3.5
      vertex -1.64647 6.89208 3.5
    endloop
  endfacet
  facet normal -0 0 1
    outer loop
      vertex -6.69637 8.72689 3.5
      vertex -1.63588 6.78463 3.5
      vertex -6.11127 9.14616 3.5
    endloop
  endfacet
  facet normal 0 0 1
    outer loop
      vertex -1.59378 6.57295 3.5
      vertex -6.69637 8.72689 3.5
      vertex -1.56243 6.46962 3.5
    endloop
  endfacet
  facet normal 0 -0 1
    outer loop
      vertex -6.175 1.42894 3.5
      vertex -1.56243 6.46962 3.5
      vertex -6.69637 8.72689 3.5
    endloop
  endfacet
  facet normal 0 0 1
    outer loop
      vertex -2.2981 2.2981 3.5
      vertex -6.175 1.42894 3.5
      vertex -2.44348 2.14287 3.5
    endloop
  endfacet
  facet normal 0 0 1
    outer loop
      vertex -2.44348 2.14287 3.5
      vertex -6.175 1.42894 3.5
      vertex -2.5784 1.97847 3.5
    endloop
  endfacet
  facet normal 0 -0 1
    outer loop
      vertex -6.08331 1.37192 3.5
      vertex -2.5784 1.97847 3.5
      vertex -6.175 1.42894 3.5
    endloop
  endfacet
  facet normal 0 0 1
    outer loop
      vertex -2.5784 1.97847 3.5
      vertex -6.08331 1.37192 3.5
      vertex -2.70228 1.8056 3.5
    endloop
  endfacet
  facet normal 0 -0 1
    outer loop
      vertex -5.91208 1.24053 3.5
      vertex -2.70228 1.8056 3.5
      vertex -5.99554 1.30903 3.5
    endloop
  endfacet
  facet normal 0 -0 1
    outer loop
      vertex -5.99554 1.30903 3.5
      vertex -2.70228 1.8056 3.5
      vertex -6.08331 1.37192 3.5
    endloop
  endfacet
  facet normal -0.999465 -0.0326934 0
    outer loop
      vertex 8.65 0 0.5
      vertex 8.64647 0.107915 3.5
      vertex 8.64647 0.107915 0.5
    endloop
  endfacet
  facet normal -0.999465 -0.0326934 0
    outer loop
      vertex 8.64647 0.107915 3.5
      vertex 8.65 0 0.5
      vertex 8.65 0 3.5
    endloop
  endfacet
  facet normal 0.999465 -0.0326934 0
    outer loop
      vertex 5.35 0 3.5
      vertex 5.35353 0.107915 0.5
      vertex 5.35353 0.107915 3.5
    endloop
  endfacet
  facet normal 0.999465 -0.0326934 0
    outer loop
      vertex 5.35353 0.107915 0.5
      vertex 5.35 0 3.5
      vertex 5.35 0 0.5
    endloop
  endfacet
  facet normal 0.0326919 -0.999465 0
    outer loop
      vertex 6.89208 1.64647 0.5
      vertex 7 1.65 3.5
      vertex 6.89208 1.64647 3.5
    endloop
  endfacet
  facet normal 0.0326919 -0.999465 0
    outer loop
      vertex 7 1.65 3.5
      vertex 6.89208 1.64647 0.5
      vertex 7 1.65 0.5
    endloop
  endfacet
  facet normal -0.032695 0.999465 0
    outer loop
      vertex 7.10791 -1.64647 0.5
      vertex 7 -1.65 3.5
      vertex 7.10791 -1.64647 3.5
    endloop
  endfacet
  facet normal -0.032695 0.999465 0
    outer loop
      vertex 7 -1.65 3.5
      vertex 7.10791 -1.64647 0.5
      vertex 7 -1.65 0.5
    endloop
  endfacet
  facet normal -0.683525 -0.729927 0
    outer loop
      vertex 8.08792 1.24053 0.5
      vertex 8.16673 1.16673 3.5
      vertex 8.08792 1.24053 3.5
    endloop
  endfacet
  facet normal -0.683525 -0.729927 -0
    outer loop
      vertex 8.16673 1.16673 3.5
      vertex 8.08792 1.24053 0.5
      vertex 8.16673 1.16673 0.5
    endloop
  endfacet
  facet normal 0.683525 -0.729927 0
    outer loop
      vertex 5.83327 1.16673 0.5
      vertex 5.91208 1.24053 3.5
      vertex 5.83327 1.16673 3.5
    endloop
  endfacet
  facet normal 0.683525 -0.729927 0
    outer loop
      vertex 5.91208 1.24053 3.5
      vertex 5.83327 1.16673 0.5
      vertex 5.91208 1.24053 0.5
    endloop
  endfacet
  facet normal 0.35223 -0.935914 0
    outer loop
      vertex 6.36857 1.5244 0.5
      vertex 6.46962 1.56243 3.5
      vertex 6.36857 1.5244 3.5
    endloop
  endfacet
  facet normal 0.35223 -0.935914 0
    outer loop
      vertex 6.46962 1.56243 3.5
      vertex 6.36857 1.5244 0.5
      vertex 6.46962 1.56243 0.5
    endloop
  endfacet
  facet normal -0.910867 -0.4127 0
    outer loop
      vertex 8.5244 0.631427 0.5
      vertex 8.47984 0.729775 3.5
      vertex 8.47984 0.729775 0.5
    endloop
  endfacet
  facet normal -0.910867 -0.4127 0
    outer loop
      vertex 8.47984 0.729775 3.5
      vertex 8.5244 0.631427 0.5
      vertex 8.5244 0.631427 3.5
    endloop
  endfacet
  facet normal -0.352199 -0.935925 0
    outer loop
      vertex 7.53037 1.56243 0.5
      vertex 7.63143 1.5244 3.5
      vertex 7.53037 1.56243 3.5
    endloop
  endfacet
  facet normal -0.352199 -0.935925 -0
    outer loop
      vertex 7.63143 1.5244 3.5
      vertex 7.53037 1.56243 0.5
      vertex 7.63143 1.5244 0.5
    endloop
  endfacet
  facet normal -0.528091 -0.849188 0
    outer loop
      vertex 7.825 1.42894 0.5
      vertex 7.91669 1.37192 3.5
      vertex 7.825 1.42894 3.5
    endloop
  endfacet
  facet normal -0.528091 -0.849188 -0
    outer loop
      vertex 7.91669 1.37192 3.5
      vertex 7.825 1.42894 0.5
      vertex 7.91669 1.37192 0.5
    endloop
  endfacet
  facet normal 0.910867 -0.4127 0
    outer loop
      vertex 5.4756 0.631427 3.5
      vertex 5.52016 0.729775 0.5
      vertex 5.52016 0.729775 3.5
    endloop
  endfacet
  facet normal 0.910867 -0.4127 0
    outer loop
      vertex 5.52016 0.729775 0.5
      vertex 5.4756 0.631427 3.5
      vertex 5.4756 0.631427 0.5
    endloop
  endfacet
  facet normal 0.162822 -0.986655 0
    outer loop
      vertex 6.6781 1.6183 0.5
      vertex 6.78463 1.63588 3.5
      vertex 6.6781 1.6183 3.5
    endloop
  endfacet
  facet normal 0.162822 -0.986655 0
    outer loop
      vertex 6.78463 1.63588 3.5
      vertex 6.6781 1.6183 0.5
      vertex 6.78463 1.63588 0.5
    endloop
  endfacet
  facet normal -0.227098 0.973872 0
    outer loop
      vertex 7.42705 -1.59378 0.5
      vertex 7.3219 -1.6183 3.5
      vertex 7.42705 -1.59378 3.5
    endloop
  endfacet
  facet normal -0.227098 0.973872 0
    outer loop
      vertex 7.3219 -1.6183 3.5
      vertex 7.42705 -1.59378 0.5
      vertex 7.3219 -1.6183 0.5
    endloop
  endfacet
  facet normal -0.973873 -0.227092 0
    outer loop
      vertex 8.6183 0.321898 0.5
      vertex 8.59378 0.427051 3.5
      vertex 8.59378 0.427051 0.5
    endloop
  endfacet
  facet normal -0.973873 -0.227092 0
    outer loop
      vertex 8.59378 0.427051 3.5
      vertex 8.6183 0.321898 0.5
      vertex 8.6183 0.321898 3.5
    endloop
  endfacet
  facet normal -0.956922 -0.290344 0
    outer loop
      vertex 8.59378 0.427051 0.5
      vertex 8.56243 0.530375 3.5
      vertex 8.56243 0.530375 0.5
    endloop
  endfacet
  facet normal -0.956922 -0.290344 0
    outer loop
      vertex 8.56243 0.530375 3.5
      vertex 8.59378 0.427051 0.5
      vertex 8.59378 0.427051 3.5
    endloop
  endfacet
  facet normal -0.812866 -0.582451 0
    outer loop
      vertex 8.37192 0.916691 0.5
      vertex 8.30903 1.00446 3.5
      vertex 8.30903 1.00446 0.5
    endloop
  endfacet
  facet normal -0.812866 -0.582451 0
    outer loop
      vertex 8.30903 1.00446 3.5
      vertex 8.37192 0.916691 0.5
      vertex 8.37192 0.916691 3.5
    endloop
  endfacet
  facet normal -0.881917 -0.471405 0
    outer loop
      vertex 8.47984 0.729775 0.5
      vertex 8.42894 0.825 3.5
      vertex 8.42894 0.825 0.5
    endloop
  endfacet
  facet normal -0.881917 -0.471405 0
    outer loop
      vertex 8.42894 0.825 3.5
      vertex 8.47984 0.729775 0.5
      vertex 8.47984 0.729775 3.5
    endloop
  endfacet
  facet normal -0.162822 -0.986655 0
    outer loop
      vertex 7.21537 1.63588 0.5
      vertex 7.3219 1.6183 3.5
      vertex 7.21537 1.63588 3.5
    endloop
  endfacet
  facet normal -0.162822 -0.986655 -0
    outer loop
      vertex 7.3219 1.6183 3.5
      vertex 7.21537 1.63588 0.5
      vertex 7.3219 1.6183 0.5
    endloop
  endfacet
  facet normal -0.0980732 -0.995179 0
    outer loop
      vertex 7.10791 1.64647 0.5
      vertex 7.21537 1.63588 3.5
      vertex 7.10791 1.64647 3.5
    endloop
  endfacet
  facet normal -0.0980732 -0.995179 -0
    outer loop
      vertex 7.21537 1.63588 3.5
      vertex 7.10791 1.64647 0.5
      vertex 7.21537 1.63588 0.5
    endloop
  endfacet
  facet normal -0.582447 -0.812869 0
    outer loop
      vertex 7.91669 1.37192 0.5
      vertex 8.00446 1.30903 3.5
      vertex 7.91669 1.37192 3.5
    endloop
  endfacet
  facet normal -0.582447 -0.812869 -0
    outer loop
      vertex 8.00446 1.30903 3.5
      vertex 7.91669 1.37192 0.5
      vertex 8.00446 1.30903 0.5
    endloop
  endfacet
  facet normal 0.973873 -0.227092 0
    outer loop
      vertex 5.3817 0.321898 3.5
      vertex 5.40622 0.427051 0.5
      vertex 5.40622 0.427051 3.5
    endloop
  endfacet
  facet normal 0.973873 -0.227092 0
    outer loop
      vertex 5.40622 0.427051 0.5
      vertex 5.3817 0.321898 3.5
      vertex 5.3817 0.321898 0.5
    endloop
  endfacet
  facet normal 0.812822 -0.582512 0
    outer loop
      vertex 5.62807 0.916691 3.5
      vertex 5.69097 1.00446 0.5
      vertex 5.69097 1.00446 3.5
    endloop
  endfacet
  facet normal 0.812822 -0.582512 0
    outer loop
      vertex 5.69097 1.00446 0.5
      vertex 5.62807 0.916691 3.5
      vertex 5.62807 0.916691 0.5
    endloop
  endfacet
  facet normal 0.849232 -0.52802 0
    outer loop
      vertex 5.57106 0.825 3.5
      vertex 5.62807 0.916691 0.5
      vertex 5.62807 0.916691 3.5
    endloop
  endfacet
  facet normal 0.849232 -0.52802 0
    outer loop
      vertex 5.62807 0.916691 0.5
      vertex 5.57106 0.825 3.5
      vertex 5.57106 0.825 0.5
    endloop
  endfacet
  facet normal 0.935885 -0.352305 0
    outer loop
      vertex 5.43756 0.530375 3.5
      vertex 5.4756 0.631427 0.5
      vertex 5.4756 0.631427 3.5
    endloop
  endfacet
  facet normal 0.935885 -0.352305 0
    outer loop
      vertex 5.4756 0.631427 0.5
      vertex 5.43756 0.530375 3.5
      vertex 5.43756 0.530375 0.5
    endloop
  endfacet
  facet normal 0.528091 -0.849188 0
    outer loop
      vertex 6.08331 1.37192 0.5
      vertex 6.175 1.42894 3.5
      vertex 6.08331 1.37192 3.5
    endloop
  endfacet
  facet normal 0.528091 -0.849188 0
    outer loop
      vertex 6.175 1.42894 3.5
      vertex 6.08331 1.37192 0.5
      vertex 6.175 1.42894 0.5
    endloop
  endfacet
  facet normal 0.582447 -0.812869 0
    outer loop
      vertex 5.99554 1.30903 0.5
      vertex 6.08331 1.37192 3.5
      vertex 5.99554 1.30903 3.5
    endloop
  endfacet
  facet normal 0.582447 -0.812869 0
    outer loop
      vertex 6.08331 1.37192 3.5
      vertex 5.99554 1.30903 0.5
      vertex 6.08331 1.37192 0.5
    endloop
  endfacet
  facet normal 0.0980823 -0.995178 0
    outer loop
      vertex 6.78463 1.63588 0.5
      vertex 6.89208 1.64647 3.5
      vertex 6.78463 1.63588 3.5
    endloop
  endfacet
  facet normal 0.0980823 -0.995178 0
    outer loop
      vertex 6.89208 1.64647 3.5
      vertex 6.78463 1.63588 0.5
      vertex 6.89208 1.64647 0.5
    endloop
  endfacet
  facet normal -0.729927 0.683525 0
    outer loop
      vertex 8.16673 -1.16673 0.5
      vertex 8.24053 -1.08792 3.5
      vertex 8.24053 -1.08792 0.5
    endloop
  endfacet
  facet normal -0.729927 0.683525 0
    outer loop
      vertex 8.24053 -1.08792 3.5
      vertex 8.16673 -1.16673 0.5
      vertex 8.16673 -1.16673 3.5
    endloop
  endfacet
  facet normal 0.910867 0.4127 0
    outer loop
      vertex 5.52016 -0.729775 3.5
      vertex 5.4756 -0.631427 0.5
      vertex 5.4756 -0.631427 3.5
    endloop
  endfacet
  facet normal 0.910867 0.4127 0
    outer loop
      vertex 5.4756 -0.631427 0.5
      vertex 5.52016 -0.729775 3.5
      vertex 5.52016 -0.729775 0.5
    endloop
  endfacet
  facet normal 0.812822 0.582512 0
    outer loop
      vertex 5.69097 -1.00446 3.5
      vertex 5.62807 -0.916691 0.5
      vertex 5.62807 -0.916691 3.5
    endloop
  endfacet
  facet normal 0.812822 0.582512 0
    outer loop
      vertex 5.62807 -0.916691 0.5
      vertex 5.69097 -1.00446 3.5
      vertex 5.69097 -1.00446 0.5
    endloop
  endfacet
  facet normal -0.986656 -0.16282 0
    outer loop
      vertex 8.63588 0.215367 0.5
      vertex 8.6183 0.321898 3.5
      vertex 8.6183 0.321898 0.5
    endloop
  endfacet
  facet normal -0.986656 -0.16282 0
    outer loop
      vertex 8.6183 0.321898 3.5
      vertex 8.63588 0.215367 0.5
      vertex 8.63588 0.215367 3.5
    endloop
  endfacet
  facet normal -0.995178 -0.0980804 0
    outer loop
      vertex 8.64647 0.107915 0.5
      vertex 8.63588 0.215367 3.5
      vertex 8.63588 0.215367 0.5
    endloop
  endfacet
  facet normal -0.995178 -0.0980804 0
    outer loop
      vertex 8.63588 0.215367 3.5
      vertex 8.64647 0.107915 0.5
      vertex 8.64647 0.107915 3.5
    endloop
  endfacet
  facet normal -0.935916 -0.352223 0
    outer loop
      vertex 8.56243 0.530375 0.5
      vertex 8.5244 0.631427 3.5
      vertex 8.5244 0.631427 0.5
    endloop
  endfacet
  facet normal -0.935916 -0.352223 0
    outer loop
      vertex 8.5244 0.631427 3.5
      vertex 8.56243 0.530375 0.5
      vertex 8.56243 0.530375 3.5
    endloop
  endfacet
  facet normal -0.772983 -0.634427 0
    outer loop
      vertex 8.30903 1.00446 0.5
      vertex 8.24053 1.08792 3.5
      vertex 8.24053 1.08792 0.5
    endloop
  endfacet
  facet normal -0.772983 -0.634427 0
    outer loop
      vertex 8.24053 1.08792 3.5
      vertex 8.30903 1.00446 0.5
      vertex 8.30903 1.00446 3.5
    endloop
  endfacet
  facet normal -0.729927 -0.683525 0
    outer loop
      vertex 8.24053 1.08792 0.5
      vertex 8.16673 1.16673 3.5
      vertex 8.16673 1.16673 0.5
    endloop
  endfacet
  facet normal -0.729927 -0.683525 0
    outer loop
      vertex 8.16673 1.16673 3.5
      vertex 8.24053 1.08792 0.5
      vertex 8.24053 1.08792 3.5
    endloop
  endfacet
  facet normal -0.84919 -0.528087 0
    outer loop
      vertex 8.42894 0.825 0.5
      vertex 8.37192 0.916691 3.5
      vertex 8.37192 0.916691 0.5
    endloop
  endfacet
  facet normal -0.84919 -0.528087 0
    outer loop
      vertex 8.37192 0.916691 3.5
      vertex 8.42894 0.825 0.5
      vertex 8.42894 0.825 3.5
    endloop
  endfacet
  facet normal -0.227098 -0.973872 0
    outer loop
      vertex 7.3219 1.6183 0.5
      vertex 7.42705 1.59378 3.5
      vertex 7.3219 1.6183 3.5
    endloop
  endfacet
  facet normal -0.227098 -0.973872 -0
    outer loop
      vertex 7.42705 1.59378 3.5
      vertex 7.3219 1.6183 0.5
      vertex 7.42705 1.59378 0.5
    endloop
  endfacet
  facet normal -0.290354 -0.956919 0
    outer loop
      vertex 7.42705 1.59378 0.5
      vertex 7.53037 1.56243 3.5
      vertex 7.42705 1.59378 3.5
    endloop
  endfacet
  facet normal -0.290354 -0.956919 -0
    outer loop
      vertex 7.53037 1.56243 3.5
      vertex 7.42705 1.59378 0.5
      vertex 7.53037 1.56243 0.5
    endloop
  endfacet
  facet normal -0.032695 -0.999465 0
    outer loop
      vertex 7 1.65 0.5
      vertex 7.10791 1.64647 3.5
      vertex 7 1.65 3.5
    endloop
  endfacet
  facet normal -0.032695 -0.999465 -0
    outer loop
      vertex 7.10791 1.64647 3.5
      vertex 7 1.65 0.5
      vertex 7.10791 1.64647 0.5
    endloop
  endfacet
  facet normal -0.471424 -0.881906 0
    outer loop
      vertex 7.72978 1.47984 0.5
      vertex 7.825 1.42894 3.5
      vertex 7.72978 1.47984 3.5
    endloop
  endfacet
  facet normal -0.471424 -0.881906 -0
    outer loop
      vertex 7.825 1.42894 3.5
      vertex 7.72978 1.47984 0.5
      vertex 7.825 1.42894 0.5
    endloop
  endfacet
  facet normal -0.412693 -0.91087 0
    outer loop
      vertex 7.63143 1.5244 0.5
      vertex 7.72978 1.47984 3.5
      vertex 7.63143 1.5244 3.5
    endloop
  endfacet
  facet normal -0.412693 -0.91087 -0
    outer loop
      vertex 7.72978 1.47984 3.5
      vertex 7.63143 1.5244 0.5
      vertex 7.72978 1.47984 0.5
    endloop
  endfacet
  facet normal -0.634427 -0.772983 0
    outer loop
      vertex 8.00446 1.30903 0.5
      vertex 8.08792 1.24053 3.5
      vertex 8.00446 1.30903 3.5
    endloop
  endfacet
  facet normal -0.634427 -0.772983 -0
    outer loop
      vertex 8.08792 1.24053 3.5
      vertex 8.00446 1.30903 0.5
      vertex 8.08792 1.24053 0.5
    endloop
  endfacet
  facet normal 0.773028 -0.634372 0
    outer loop
      vertex 5.69097 1.00446 3.5
      vertex 5.75946 1.08792 0.5
      vertex 5.75946 1.08792 3.5
    endloop
  endfacet
  facet normal 0.773028 -0.634372 0
    outer loop
      vertex 5.75946 1.08792 0.5
      vertex 5.69097 1.00446 3.5
      vertex 5.69097 1.00446 0.5
    endloop
  endfacet
  facet normal 0.729881 -0.683574 0
    outer loop
      vertex 5.75946 1.08792 3.5
      vertex 5.83327 1.16673 0.5
      vertex 5.83327 1.16673 3.5
    endloop
  endfacet
  facet normal 0.729881 -0.683574 0
    outer loop
      vertex 5.83327 1.16673 0.5
      vertex 5.75946 1.08792 3.5
      vertex 5.75946 1.08792 0.5
    endloop
  endfacet
  facet normal 0.881917 -0.471405 0
    outer loop
      vertex 5.52016 0.729775 3.5
      vertex 5.57106 0.825 0.5
      vertex 5.57106 0.825 3.5
    endloop
  endfacet
  facet normal 0.881917 -0.471405 0
    outer loop
      vertex 5.57106 0.825 0.5
      vertex 5.52016 0.729775 3.5
      vertex 5.52016 0.729775 0.5
    endloop
  endfacet
  facet normal 0.956948 -0.290259 0
    outer loop
      vertex 5.40622 0.427051 3.5
      vertex 5.43756 0.530375 0.5
      vertex 5.43756 0.530375 3.5
    endloop
  endfacet
  facet normal 0.956948 -0.290259 0
    outer loop
      vertex 5.43756 0.530375 0.5
      vertex 5.40622 0.427051 3.5
      vertex 5.40622 0.427051 0.5
    endloop
  endfacet
  facet normal 0.995178 -0.0980804 0
    outer loop
      vertex 5.35353 0.107915 3.5
      vertex 5.36412 0.215367 0.5
      vertex 5.36412 0.215367 3.5
    endloop
  endfacet
  facet normal 0.995178 -0.0980804 0
    outer loop
      vertex 5.36412 0.215367 0.5
      vertex 5.35353 0.107915 3.5
      vertex 5.35353 0.107915 0.5
    endloop
  endfacet
  facet normal 0.471424 -0.881906 0
    outer loop
      vertex 6.175 1.42894 0.5
      vertex 6.27022 1.47984 3.5
      vertex 6.175 1.42894 3.5
    endloop
  endfacet
  facet normal 0.471424 -0.881906 0
    outer loop
      vertex 6.27022 1.47984 3.5
      vertex 6.175 1.42894 0.5
      vertex 6.27022 1.47984 0.5
    endloop
  endfacet
  facet normal 0.412693 -0.91087 0
    outer loop
      vertex 6.27022 1.47984 0.5
      vertex 6.36857 1.5244 3.5
      vertex 6.27022 1.47984 3.5
    endloop
  endfacet
  facet normal 0.412693 -0.91087 0
    outer loop
      vertex 6.36857 1.5244 3.5
      vertex 6.27022 1.47984 0.5
      vertex 6.36857 1.5244 0.5
    endloop
  endfacet
  facet normal 0.634427 -0.772983 0
    outer loop
      vertex 5.91208 1.24053 0.5
      vertex 5.99554 1.30903 3.5
      vertex 5.91208 1.24053 3.5
    endloop
  endfacet
  facet normal 0.634427 -0.772983 0
    outer loop
      vertex 5.99554 1.30903 3.5
      vertex 5.91208 1.24053 0.5
      vertex 5.99554 1.30903 0.5
    endloop
  endfacet
  facet normal 0.290329 -0.956927 0
    outer loop
      vertex 6.46962 1.56243 0.5
      vertex 6.57295 1.59378 3.5
      vertex 6.46962 1.56243 3.5
    endloop
  endfacet
  facet normal 0.290329 -0.956927 0
    outer loop
      vertex 6.57295 1.59378 3.5
      vertex 6.46962 1.56243 0.5
      vertex 6.57295 1.59378 0.5
    endloop
  endfacet
  facet normal -0.999465 0.0326934 0
    outer loop
      vertex 8.64647 -0.107915 0.5
      vertex 8.65 0 3.5
      vertex 8.65 0 0.5
    endloop
  endfacet
  facet normal -0.999465 0.0326934 0
    outer loop
      vertex 8.65 0 3.5
      vertex 8.64647 -0.107915 0.5
      vertex 8.64647 -0.107915 3.5
    endloop
  endfacet
  facet normal -0.986656 0.16282 0
    outer loop
      vertex 8.6183 -0.321898 0.5
      vertex 8.63588 -0.215367 3.5
      vertex 8.63588 -0.215367 0.5
    endloop
  endfacet
  facet normal -0.986656 0.16282 0
    outer loop
      vertex 8.63588 -0.215367 3.5
      vertex 8.6183 -0.321898 0.5
      vertex 8.6183 -0.321898 3.5
    endloop
  endfacet
  facet normal -0.995178 0.0980804 0
    outer loop
      vertex 8.63588 -0.215367 0.5
      vertex 8.64647 -0.107915 3.5
      vertex 8.64647 -0.107915 0.5
    endloop
  endfacet
  facet normal -0.995178 0.0980804 0
    outer loop
      vertex 8.64647 -0.107915 3.5
      vertex 8.63588 -0.215367 0.5
      vertex 8.63588 -0.215367 3.5
    endloop
  endfacet
  facet normal -0.772983 0.634427 0
    outer loop
      vertex 8.24053 -1.08792 0.5
      vertex 8.30903 -1.00446 3.5
      vertex 8.30903 -1.00446 0.5
    endloop
  endfacet
  facet normal -0.772983 0.634427 0
    outer loop
      vertex 8.30903 -1.00446 3.5
      vertex 8.24053 -1.08792 0.5
      vertex 8.24053 -1.08792 3.5
    endloop
  endfacet
  facet normal -0.471424 0.881906 0
    outer loop
      vertex 7.825 -1.42894 0.5
      vertex 7.72978 -1.47984 3.5
      vertex 7.825 -1.42894 3.5
    endloop
  endfacet
  facet normal -0.471424 0.881906 0
    outer loop
      vertex 7.72978 -1.47984 3.5
      vertex 7.825 -1.42894 0.5
      vertex 7.72978 -1.47984 0.5
    endloop
  endfacet
  facet normal -0.881917 0.471405 0
    outer loop
      vertex 8.42894 -0.825 0.5
      vertex 8.47984 -0.729775 3.5
      vertex 8.47984 -0.729775 0.5
    endloop
  endfacet
  facet normal -0.881917 0.471405 0
    outer loop
      vertex 8.47984 -0.729775 3.5
      vertex 8.42894 -0.825 0.5
      vertex 8.42894 -0.825 3.5
    endloop
  endfacet
  facet normal 0.773028 0.634372 0
    outer loop
      vertex 5.75946 -1.08792 3.5
      vertex 5.69097 -1.00446 0.5
      vertex 5.69097 -1.00446 3.5
    endloop
  endfacet
  facet normal 0.773028 0.634372 0
    outer loop
      vertex 5.69097 -1.00446 0.5
      vertex 5.75946 -1.08792 3.5
      vertex 5.75946 -1.08792 0.5
    endloop
  endfacet
  facet normal 0.999465 0.0326934 0
    outer loop
      vertex 5.35353 -0.107915 3.5
      vertex 5.35 0 0.5
      vertex 5.35 0 3.5
    endloop
  endfacet
  facet normal 0.999465 0.0326934 0
    outer loop
      vertex 5.35 0 0.5
      vertex 5.35353 -0.107915 3.5
      vertex 5.35353 -0.107915 0.5
    endloop
  endfacet
  facet normal -0.0980732 0.995179 0
    outer loop
      vertex 7.21537 -1.63588 0.5
      vertex 7.10791 -1.64647 3.5
      vertex 7.21537 -1.63588 3.5
    endloop
  endfacet
  facet normal -0.0980732 0.995179 0
    outer loop
      vertex 7.10791 -1.64647 3.5
      vertex 7.21537 -1.63588 0.5
      vertex 7.10791 -1.64647 0.5
    endloop
  endfacet
  facet normal -0.352199 0.935925 0
    outer loop
      vertex 7.63143 -1.5244 0.5
      vertex 7.53037 -1.56243 3.5
      vertex 7.63143 -1.5244 3.5
    endloop
  endfacet
  facet normal -0.352199 0.935925 0
    outer loop
      vertex 7.53037 -1.56243 3.5
      vertex 7.63143 -1.5244 0.5
      vertex 7.53037 -1.56243 0.5
    endloop
  endfacet
  facet normal 0.986656 -0.16282 0
    outer loop
      vertex 5.36412 0.215367 3.5
      vertex 5.3817 0.321898 0.5
      vertex 5.3817 0.321898 3.5
    endloop
  endfacet
  facet normal 0.986656 -0.16282 0
    outer loop
      vertex 5.3817 0.321898 0.5
      vertex 5.36412 0.215367 3.5
      vertex 5.36412 0.215367 0.5
    endloop
  endfacet
  facet normal 0.227098 -0.973872 0
    outer loop
      vertex 6.57295 1.59378 0.5
      vertex 6.6781 1.6183 3.5
      vertex 6.57295 1.59378 3.5
    endloop
  endfacet
  facet normal 0.227098 -0.973872 0
    outer loop
      vertex 6.6781 1.6183 3.5
      vertex 6.57295 1.59378 0.5
      vertex 6.6781 1.6183 0.5
    endloop
  endfacet
  facet normal -0.935916 0.352223 0
    outer loop
      vertex 8.5244 -0.631427 0.5
      vertex 8.56243 -0.530375 3.5
      vertex 8.56243 -0.530375 0.5
    endloop
  endfacet
  facet normal -0.935916 0.352223 0
    outer loop
      vertex 8.56243 -0.530375 3.5
      vertex 8.5244 -0.631427 0.5
      vertex 8.5244 -0.631427 3.5
    endloop
  endfacet
  facet normal 0.162822 0.986655 -0
    outer loop
      vertex 6.78463 -1.63588 0.5
      vertex 6.6781 -1.6183 3.5
      vertex 6.78463 -1.63588 3.5
    endloop
  endfacet
  facet normal 0.162822 0.986655 0
    outer loop
      vertex 6.6781 -1.6183 3.5
      vertex 6.78463 -1.63588 0.5
      vertex 6.6781 -1.6183 0.5
    endloop
  endfacet
  facet normal 0.849232 0.52802 0
    outer loop
      vertex 5.62807 -0.916691 3.5
      vertex 5.57106 -0.825 0.5
      vertex 5.57106 -0.825 3.5
    endloop
  endfacet
  facet normal 0.849232 0.52802 0
    outer loop
      vertex 5.57106 -0.825 0.5
      vertex 5.62807 -0.916691 3.5
      vertex 5.62807 -0.916691 0.5
    endloop
  endfacet
  facet normal 0.973873 0.227092 0
    outer loop
      vertex 5.40622 -0.427051 3.5
      vertex 5.3817 -0.321898 0.5
      vertex 5.3817 -0.321898 3.5
    endloop
  endfacet
  facet normal 0.973873 0.227092 0
    outer loop
      vertex 5.3817 -0.321898 0.5
      vertex 5.40622 -0.427051 3.5
      vertex 5.40622 -0.427051 0.5
    endloop
  endfacet
  facet normal 0.935885 0.352305 0
    outer loop
      vertex 5.4756 -0.631427 3.5
      vertex 5.43756 -0.530375 0.5
      vertex 5.43756 -0.530375 3.5
    endloop
  endfacet
  facet normal 0.935885 0.352305 0
    outer loop
      vertex 5.43756 -0.530375 0.5
      vertex 5.4756 -0.631427 3.5
      vertex 5.4756 -0.631427 0.5
    endloop
  endfacet
  facet normal 0.995178 0.0980804 0
    outer loop
      vertex 5.36412 -0.215367 3.5
      vertex 5.35353 -0.107915 0.5
      vertex 5.35353 -0.107915 3.5
    endloop
  endfacet
  facet normal 0.995178 0.0980804 0
    outer loop
      vertex 5.35353 -0.107915 0.5
      vertex 5.36412 -0.215367 3.5
      vertex 5.36412 -0.215367 0.5
    endloop
  endfacet
  facet normal -0.412693 0.91087 0
    outer loop
      vertex 7.72978 -1.47984 0.5
      vertex 7.63143 -1.5244 3.5
      vertex 7.72978 -1.47984 3.5
    endloop
  endfacet
  facet normal -0.412693 0.91087 0
    outer loop
      vertex 7.63143 -1.5244 3.5
      vertex 7.72978 -1.47984 0.5
      vertex 7.63143 -1.5244 0.5
    endloop
  endfacet
  facet normal -0.162822 0.986655 0
    outer loop
      vertex 7.3219 -1.6183 0.5
      vertex 7.21537 -1.63588 3.5
      vertex 7.3219 -1.6183 3.5
    endloop
  endfacet
  facet normal -0.162822 0.986655 0
    outer loop
      vertex 7.21537 -1.63588 3.5
      vertex 7.3219 -1.6183 0.5
      vertex 7.21537 -1.63588 0.5
    endloop
  endfacet
  facet normal -0.973873 0.227092 0
    outer loop
      vertex 8.59378 -0.427051 0.5
      vertex 8.6183 -0.321898 3.5
      vertex 8.6183 -0.321898 0.5
    endloop
  endfacet
  facet normal -0.973873 0.227092 0
    outer loop
      vertex 8.6183 -0.321898 3.5
      vertex 8.59378 -0.427051 0.5
      vertex 8.59378 -0.427051 3.5
    endloop
  endfacet
  facet normal -0.956922 0.290344 0
    outer loop
      vertex 8.56243 -0.530375 0.5
      vertex 8.59378 -0.427051 3.5
      vertex 8.59378 -0.427051 0.5
    endloop
  endfacet
  facet normal -0.956922 0.290344 0
    outer loop
      vertex 8.59378 -0.427051 3.5
      vertex 8.56243 -0.530375 0.5
      vertex 8.56243 -0.530375 3.5
    endloop
  endfacet
  facet normal -0.84919 0.528087 0
    outer loop
      vertex 8.37192 -0.916691 0.5
      vertex 8.42894 -0.825 3.5
      vertex 8.42894 -0.825 0.5
    endloop
  endfacet
  facet normal -0.84919 0.528087 0
    outer loop
      vertex 8.42894 -0.825 3.5
      vertex 8.37192 -0.916691 0.5
      vertex 8.37192 -0.916691 3.5
    endloop
  endfacet
  facet normal -0.812866 0.582451 0
    outer loop
      vertex 8.30903 -1.00446 0.5
      vertex 8.37192 -0.916691 3.5
      vertex 8.37192 -0.916691 0.5
    endloop
  endfacet
  facet normal -0.812866 0.582451 0
    outer loop
      vertex 8.37192 -0.916691 3.5
      vertex 8.30903 -1.00446 0.5
      vertex 8.30903 -1.00446 3.5
    endloop
  endfacet
  facet normal -0.528091 0.849188 0
    outer loop
      vertex 7.91669 -1.37192 0.5
      vertex 7.825 -1.42894 3.5
      vertex 7.91669 -1.37192 3.5
    endloop
  endfacet
  facet normal -0.528091 0.849188 0
    outer loop
      vertex 7.825 -1.42894 3.5
      vertex 7.91669 -1.37192 0.5
      vertex 7.825 -1.42894 0.5
    endloop
  endfacet
  facet normal -0.910867 0.4127 0
    outer loop
      vertex 8.47984 -0.729775 0.5
      vertex 8.5244 -0.631427 3.5
      vertex 8.5244 -0.631427 0.5
    endloop
  endfacet
  facet normal -0.910867 0.4127 0
    outer loop
      vertex 8.5244 -0.631427 3.5
      vertex 8.47984 -0.729775 0.5
      vertex 8.47984 -0.729775 3.5
    endloop
  endfacet
  facet normal 0.290329 0.956927 -0
    outer loop
      vertex 6.57295 -1.59378 0.5
      vertex 6.46962 -1.56243 3.5
      vertex 6.57295 -1.59378 3.5
    endloop
  endfacet
  facet normal 0.290329 0.956927 0
    outer loop
      vertex 6.46962 -1.56243 3.5
      vertex 6.57295 -1.59378 0.5
      vertex 6.46962 -1.56243 0.5
    endloop
  endfacet
  facet normal 0.227098 0.973872 -0
    outer loop
      vertex 6.6781 -1.6183 0.5
      vertex 6.57295 -1.59378 3.5
      vertex 6.6781 -1.6183 3.5
    endloop
  endfacet
  facet normal 0.227098 0.973872 0
    outer loop
      vertex 6.57295 -1.59378 3.5
      vertex 6.6781 -1.6183 0.5
      vertex 6.57295 -1.59378 0.5
    endloop
  endfacet
  facet normal 0.0980823 0.995178 -0
    outer loop
      vertex 6.89208 -1.64647 0.5
      vertex 6.78463 -1.63588 3.5
      vertex 6.89208 -1.64647 3.5
    endloop
  endfacet
  facet normal 0.0980823 0.995178 0
    outer loop
      vertex 6.78463 -1.63588 3.5
      vertex 6.89208 -1.64647 0.5
      vertex 6.78463 -1.63588 0.5
    endloop
  endfacet
  facet normal 0.881917 0.471405 0
    outer loop
      vertex 5.57106 -0.825 3.5
      vertex 5.52016 -0.729775 0.5
      vertex 5.52016 -0.729775 3.5
    endloop
  endfacet
  facet normal 0.881917 0.471405 0
    outer loop
      vertex 5.52016 -0.729775 0.5
      vertex 5.57106 -0.825 3.5
      vertex 5.57106 -0.825 0.5
    endloop
  endfacet
  facet normal 0.729881 0.683574 0
    outer loop
      vertex 5.83327 -1.16673 3.5
      vertex 5.75946 -1.08792 0.5
      vertex 5.75946 -1.08792 3.5
    endloop
  endfacet
  facet normal 0.729881 0.683574 0
    outer loop
      vertex 5.75946 -1.08792 0.5
      vertex 5.83327 -1.16673 3.5
      vertex 5.83327 -1.16673 0.5
    endloop
  endfacet
  facet normal 0.956948 0.290259 0
    outer loop
      vertex 5.43756 -0.530375 3.5
      vertex 5.40622 -0.427051 0.5
      vertex 5.40622 -0.427051 3.5
    endloop
  endfacet
  facet normal 0.956948 0.290259 0
    outer loop
      vertex 5.40622 -0.427051 0.5
      vertex 5.43756 -0.530375 3.5
      vertex 5.43756 -0.530375 0.5
    endloop
  endfacet
  facet normal 0.986656 0.16282 0
    outer loop
      vertex 5.3817 -0.321898 3.5
      vertex 5.36412 -0.215367 0.5
      vertex 5.36412 -0.215367 3.5
    endloop
  endfacet
  facet normal 0.986656 0.16282 0
    outer loop
      vertex 5.36412 -0.215367 0.5
      vertex 5.3817 -0.321898 3.5
      vertex 5.3817 -0.321898 0.5
    endloop
  endfacet
  facet normal -0.290354 0.956919 0
    outer loop
      vertex 7.53037 -1.56243 0.5
      vertex 7.42705 -1.59378 3.5
      vertex 7.53037 -1.56243 3.5
    endloop
  endfacet
  facet normal -0.290354 0.956919 0
    outer loop
      vertex 7.42705 -1.59378 3.5
      vertex 7.53037 -1.56243 0.5
      vertex 7.42705 -1.59378 0.5
    endloop
  endfacet
  facet normal -0.634427 0.772983 0
    outer loop
      vertex 8.08792 -1.24053 0.5
      vertex 8.00446 -1.30903 3.5
      vertex 8.08792 -1.24053 3.5
    endloop
  endfacet
  facet normal -0.634427 0.772983 0
    outer loop
      vertex 8.00446 -1.30903 3.5
      vertex 8.08792 -1.24053 0.5
      vertex 8.00446 -1.30903 0.5
    endloop
  endfacet
  facet normal -0.582447 0.812869 0
    outer loop
      vertex 8.00446 -1.30903 0.5
      vertex 7.91669 -1.37192 3.5
      vertex 8.00446 -1.30903 3.5
    endloop
  endfacet
  facet normal -0.582447 0.812869 0
    outer loop
      vertex 7.91669 -1.37192 3.5
      vertex 8.00446 -1.30903 0.5
      vertex 7.91669 -1.37192 0.5
    endloop
  endfacet
  facet normal 0.683525 0.729927 -0
    outer loop
      vertex 5.91208 -1.24053 0.5
      vertex 5.83327 -1.16673 3.5
      vertex 5.91208 -1.24053 3.5
    endloop
  endfacet
  facet normal 0.683525 0.729927 0
    outer loop
      vertex 5.83327 -1.16673 3.5
      vertex 5.91208 -1.24053 0.5
      vertex 5.83327 -1.16673 0.5
    endloop
  endfacet
  facet normal 0.528091 0.849188 -0
    outer loop
      vertex 6.175 -1.42894 0.5
      vertex 6.08331 -1.37192 3.5
      vertex 6.175 -1.42894 3.5
    endloop
  endfacet
  facet normal 0.528091 0.849188 0
    outer loop
      vertex 6.08331 -1.37192 3.5
      vertex 6.175 -1.42894 0.5
      vertex 6.08331 -1.37192 0.5
    endloop
  endfacet
  facet normal 0.582447 0.812869 -0
    outer loop
      vertex 6.08331 -1.37192 0.5
      vertex 5.99554 -1.30903 3.5
      vertex 6.08331 -1.37192 3.5
    endloop
  endfacet
  facet normal 0.582447 0.812869 0
    outer loop
      vertex 5.99554 -1.30903 3.5
      vertex 6.08331 -1.37192 0.5
      vertex 5.99554 -1.30903 0.5
    endloop
  endfacet
  facet normal 0.35223 0.935914 -0
    outer loop
      vertex 6.46962 -1.56243 0.5
      vertex 6.36857 -1.5244 3.5
      vertex 6.46962 -1.56243 3.5
    endloop
  endfacet
  facet normal 0.35223 0.935914 0
    outer loop
      vertex 6.36857 -1.5244 3.5
      vertex 6.46962 -1.56243 0.5
      vertex 6.36857 -1.5244 0.5
    endloop
  endfacet
  facet normal 0.0326919 0.999465 -0
    outer loop
      vertex 7 -1.65 0.5
      vertex 6.89208 -1.64647 3.5
      vertex 7 -1.65 3.5
    endloop
  endfacet
  facet normal 0.0326919 0.999465 0
    outer loop
      vertex 6.89208 -1.64647 3.5
      vertex 7 -1.65 0.5
      vertex 6.89208 -1.64647 0.5
    endloop
  endfacet
  facet normal -0.683525 0.729927 0
    outer loop
      vertex 8.16673 -1.16673 0.5
      vertex 8.08792 -1.24053 3.5
      vertex 8.16673 -1.16673 3.5
    endloop
  endfacet
  facet normal -0.683525 0.729927 0
    outer loop
      vertex 8.08792 -1.24053 3.5
      vertex 8.16673 -1.16673 0.5
      vertex 8.08792 -1.24053 0.5
    endloop
  endfacet
  facet normal 0.634427 0.772983 -0
    outer loop
      vertex 5.99554 -1.30903 0.5
      vertex 5.91208 -1.24053 3.5
      vertex 5.99554 -1.30903 3.5
    endloop
  endfacet
  facet normal 0.634427 0.772983 0
    outer loop
      vertex 5.91208 -1.24053 3.5
      vertex 5.99554 -1.30903 0.5
      vertex 5.91208 -1.24053 0.5
    endloop
  endfacet
  facet normal 0.471424 0.881906 -0
    outer loop
      vertex 6.27022 -1.47984 0.5
      vertex 6.175 -1.42894 3.5
      vertex 6.27022 -1.47984 3.5
    endloop
  endfacet
  facet normal 0.471424 0.881906 0
    outer loop
      vertex 6.175 -1.42894 3.5
      vertex 6.27022 -1.47984 0.5
      vertex 6.175 -1.42894 0.5
    endloop
  endfacet
  facet normal 0.412693 0.91087 -0
    outer loop
      vertex 6.36857 -1.5244 0.5
      vertex 6.27022 -1.47984 3.5
      vertex 6.36857 -1.5244 3.5
    endloop
  endfacet
  facet normal 0.412693 0.91087 0
    outer loop
      vertex 6.27022 -1.47984 3.5
      vertex 6.36857 -1.5244 0.5
      vertex 6.27022 -1.47984 0.5
    endloop
  endfacet
  facet normal 0.471405 -0.881917 0
    outer loop
      vertex -0.825 8.42894 0.5
      vertex -0.729775 8.47984 3.5
      vertex -0.825 8.42894 3.5
    endloop
  endfacet
  facet normal 0.471405 -0.881917 0
    outer loop
      vertex -0.729775 8.47984 3.5
      vertex -0.825 8.42894 0.5
      vertex -0.729775 8.47984 0.5
    endloop
  endfacet
  facet normal 0.935925 -0.352199 0
    outer loop
      vertex -1.56243 7.53037 3.5
      vertex -1.5244 7.63143 0.5
      vertex -1.5244 7.63143 3.5
    endloop
  endfacet
  facet normal 0.935925 -0.352199 0
    outer loop
      vertex -1.5244 7.63143 0.5
      vertex -1.56243 7.53037 3.5
      vertex -1.56243 7.53037 0.5
    endloop
  endfacet
  facet normal -0.91087 -0.412693 0
    outer loop
      vertex 1.5244 7.63143 0.5
      vertex 1.47984 7.72978 3.5
      vertex 1.47984 7.72978 0.5
    endloop
  endfacet
  facet normal -0.91087 -0.412693 0
    outer loop
      vertex 1.47984 7.72978 3.5
      vertex 1.5244 7.63143 0.5
      vertex 1.5244 7.63143 3.5
    endloop
  endfacet
  facet normal 0.999465 -0.032695 0
    outer loop
      vertex -1.65 7 3.5
      vertex -1.64647 7.10791 0.5
      vertex -1.64647 7.10791 3.5
    endloop
  endfacet
  facet normal 0.999465 -0.032695 0
    outer loop
      vertex -1.64647 7.10791 0.5
      vertex -1.65 7 3.5
      vertex -1.65 7 0.5
    endloop
  endfacet
  facet normal 0.0326934 0.999465 -0
    outer loop
      vertex 0 5.35 0.5
      vertex -0.107915 5.35353 3.5
      vertex 0 5.35 3.5
    endloop
  endfacet
  facet normal 0.0326934 0.999465 0
    outer loop
      vertex -0.107915 5.35353 3.5
      vertex 0 5.35 0.5
      vertex -0.107915 5.35353 0.5
    endloop
  endfacet
  facet normal 0.471405 0.881917 -0
    outer loop
      vertex -0.729775 5.52016 0.5
      vertex -0.825 5.57106 3.5
      vertex -0.729775 5.52016 3.5
    endloop
  endfacet
  facet normal 0.471405 0.881917 0
    outer loop
      vertex -0.825 5.57106 3.5
      vertex -0.729775 5.52016 0.5
      vertex -0.825 5.57106 0.5
    endloop
  endfacet
  facet normal 0.935914 0.35223 0
    outer loop
      vertex -1.5244 6.36857 3.5
      vertex -1.56243 6.46962 0.5
      vertex -1.56243 6.46962 3.5
    endloop
  endfacet
  facet normal 0.935914 0.35223 0
    outer loop
      vertex -1.56243 6.46962 0.5
      vertex -1.5244 6.36857 3.5
      vertex -1.5244 6.36857 0.5
    endloop
  endfacet
  facet normal 0.812869 0.582447 0
    outer loop
      vertex -1.30903 5.99554 3.5
      vertex -1.37192 6.08331 0.5
      vertex -1.37192 6.08331 3.5
    endloop
  endfacet
  facet normal 0.812869 0.582447 0
    outer loop
      vertex -1.37192 6.08331 0.5
      vertex -1.30903 5.99554 3.5
      vertex -1.30903 5.99554 0.5
    endloop
  endfacet
  facet normal 0.16282 -0.986656 0
    outer loop
      vertex -0.321898 8.6183 0.5
      vertex -0.215367 8.63588 3.5
      vertex -0.321898 8.6183 3.5
    endloop
  endfacet
  facet normal 0.16282 -0.986656 0
    outer loop
      vertex -0.215367 8.63588 3.5
      vertex -0.321898 8.6183 0.5
      vertex -0.215367 8.63588 0.5
    endloop
  endfacet
  facet normal 0.227092 -0.973873 0
    outer loop
      vertex -0.427051 8.59378 0.5
      vertex -0.321898 8.6183 3.5
      vertex -0.427051 8.59378 3.5
    endloop
  endfacet
  facet normal 0.227092 -0.973873 0
    outer loop
      vertex -0.321898 8.6183 3.5
      vertex -0.427051 8.59378 0.5
      vertex -0.321898 8.6183 0.5
    endloop
  endfacet
  facet normal 0.528087 -0.84919 0
    outer loop
      vertex -0.916691 8.37192 0.5
      vertex -0.825 8.42894 3.5
      vertex -0.916691 8.37192 3.5
    endloop
  endfacet
  facet normal 0.528087 -0.84919 0
    outer loop
      vertex -0.825 8.42894 3.5
      vertex -0.916691 8.37192 0.5
      vertex -0.825 8.42894 0.5
    endloop
  endfacet
  facet normal 0.729927 -0.683525 0
    outer loop
      vertex -1.24053 8.08792 3.5
      vertex -1.16673 8.16673 0.5
      vertex -1.16673 8.16673 3.5
    endloop
  endfacet
  facet normal 0.729927 -0.683525 0
    outer loop
      vertex -1.16673 8.16673 0.5
      vertex -1.24053 8.08792 3.5
      vertex -1.24053 8.08792 0.5
    endloop
  endfacet
  facet normal 0.683525 -0.729927 0
    outer loop
      vertex -1.16673 8.16673 0.5
      vertex -1.08792 8.24053 3.5
      vertex -1.16673 8.16673 3.5
    endloop
  endfacet
  facet normal 0.683525 -0.729927 0
    outer loop
      vertex -1.08792 8.24053 3.5
      vertex -1.16673 8.16673 0.5
      vertex -1.08792 8.24053 0.5
    endloop
  endfacet
  facet normal 0.986655 -0.162822 0
    outer loop
      vertex -1.63588 7.21537 3.5
      vertex -1.6183 7.3219 0.5
      vertex -1.6183 7.3219 3.5
    endloop
  endfacet
  facet normal 0.986655 -0.162822 0
    outer loop
      vertex -1.6183 7.3219 0.5
      vertex -1.63588 7.21537 3.5
      vertex -1.63588 7.21537 0.5
    endloop
  endfacet
  facet normal 0.812869 -0.582447 0
    outer loop
      vertex -1.37192 7.91669 3.5
      vertex -1.30903 8.00446 0.5
      vertex -1.30903 8.00446 3.5
    endloop
  endfacet
  facet normal 0.812869 -0.582447 0
    outer loop
      vertex -1.30903 8.00446 0.5
      vertex -1.37192 7.91669 3.5
      vertex -1.37192 7.91669 0.5
    endloop
  endfacet
  facet normal 0.91087 -0.412693 0
    outer loop
      vertex -1.5244 7.63143 3.5
      vertex -1.47984 7.72978 0.5
      vertex -1.47984 7.72978 3.5
    endloop
  endfacet
  facet normal 0.91087 -0.412693 0
    outer loop
      vertex -1.47984 7.72978 0.5
      vertex -1.5244 7.63143 3.5
      vertex -1.5244 7.63143 0.5
    endloop
  endfacet
  facet normal 0.849188 -0.528091 0
    outer loop
      vertex -1.42894 7.825 3.5
      vertex -1.37192 7.91669 0.5
      vertex -1.37192 7.91669 3.5
    endloop
  endfacet
  facet normal 0.849188 -0.528091 0
    outer loop
      vertex -1.37192 7.91669 0.5
      vertex -1.42894 7.825 3.5
      vertex -1.42894 7.825 0.5
    endloop
  endfacet
  facet normal 0.352305 0.935885 -0
    outer loop
      vertex -0.530375 5.43756 0.5
      vertex -0.631427 5.4756 3.5
      vertex -0.530375 5.43756 3.5
    endloop
  endfacet
  facet normal 0.352305 0.935885 0
    outer loop
      vertex -0.631427 5.4756 3.5
      vertex -0.530375 5.43756 0.5
      vertex -0.631427 5.4756 0.5
    endloop
  endfacet
  facet normal 0.52802 0.849232 -0
    outer loop
      vertex -0.825 5.57106 0.5
      vertex -0.916691 5.62807 3.5
      vertex -0.825 5.57106 3.5
    endloop
  endfacet
  facet normal 0.52802 0.849232 0
    outer loop
      vertex -0.916691 5.62807 3.5
      vertex -0.825 5.57106 0.5
      vertex -0.916691 5.62807 0.5
    endloop
  endfacet
  facet normal 0.582512 0.812822 -0
    outer loop
      vertex -0.916691 5.62807 0.5
      vertex -1.00446 5.69097 3.5
      vertex -0.916691 5.62807 3.5
    endloop
  endfacet
  facet normal 0.582512 0.812822 0
    outer loop
      vertex -1.00446 5.69097 3.5
      vertex -0.916691 5.62807 0.5
      vertex -1.00446 5.69097 0.5
    endloop
  endfacet
  facet normal 0.995178 0.0980823 0
    outer loop
      vertex -1.63588 6.78463 3.5
      vertex -1.64647 6.89208 0.5
      vertex -1.64647 6.89208 3.5
    endloop
  endfacet
  facet normal 0.995178 0.0980823 0
    outer loop
      vertex -1.64647 6.89208 0.5
      vertex -1.63588 6.78463 3.5
      vertex -1.63588 6.78463 0.5
    endloop
  endfacet
  facet normal -0.528087 -0.84919 0
    outer loop
      vertex 0.825 8.42894 0.5
      vertex 0.916691 8.37192 3.5
      vertex 0.825 8.42894 3.5
    endloop
  endfacet
  facet normal -0.528087 -0.84919 -0
    outer loop
      vertex 0.916691 8.37192 3.5
      vertex 0.825 8.42894 0.5
      vertex 0.916691 8.37192 0.5
    endloop
  endfacet
  facet normal -0.582512 0.812822 0
    outer loop
      vertex 1.00446 5.69097 0.5
      vertex 0.916691 5.62807 3.5
      vertex 1.00446 5.69097 3.5
    endloop
  endfacet
  facet normal -0.582512 0.812822 0
    outer loop
      vertex 0.916691 5.62807 3.5
      vertex 1.00446 5.69097 0.5
      vertex 0.916691 5.62807 0.5
    endloop
  endfacet
  facet normal -0.227092 0.973873 0
    outer loop
      vertex 0.427051 5.40622 0.5
      vertex 0.321898 5.3817 3.5
      vertex 0.427051 5.40622 3.5
    endloop
  endfacet
  facet normal -0.227092 0.973873 0
    outer loop
      vertex 0.321898 5.3817 3.5
      vertex 0.427051 5.40622 0.5
      vertex 0.321898 5.3817 0.5
    endloop
  endfacet
  facet normal 0.0980804 -0.995178 0
    outer loop
      vertex -0.215367 8.63588 0.5
      vertex -0.107915 8.64647 3.5
      vertex -0.215367 8.63588 3.5
    endloop
  endfacet
  facet normal 0.0980804 -0.995178 0
    outer loop
      vertex -0.107915 8.64647 3.5
      vertex -0.215367 8.63588 0.5
      vertex -0.107915 8.64647 0.5
    endloop
  endfacet
  facet normal 0.290344 -0.956922 0
    outer loop
      vertex -0.530375 8.56243 0.5
      vertex -0.427051 8.59378 3.5
      vertex -0.530375 8.56243 3.5
    endloop
  endfacet
  facet normal 0.290344 -0.956922 0
    outer loop
      vertex -0.427051 8.59378 3.5
      vertex -0.530375 8.56243 0.5
      vertex -0.427051 8.59378 0.5
    endloop
  endfacet
  facet normal 0.582451 -0.812866 0
    outer loop
      vertex -1.00446 8.30903 0.5
      vertex -0.916691 8.37192 3.5
      vertex -1.00446 8.30903 3.5
    endloop
  endfacet
  facet normal 0.582451 -0.812866 0
    outer loop
      vertex -0.916691 8.37192 3.5
      vertex -1.00446 8.30903 0.5
      vertex -0.916691 8.37192 0.5
    endloop
  endfacet
  facet normal 0.634427 -0.772983 0
    outer loop
      vertex -1.08792 8.24053 0.5
      vertex -1.00446 8.30903 3.5
      vertex -1.08792 8.24053 3.5
    endloop
  endfacet
  facet normal 0.634427 -0.772983 0
    outer loop
      vertex -1.00446 8.30903 3.5
      vertex -1.08792 8.24053 0.5
      vertex -1.00446 8.30903 0.5
    endloop
  endfacet
  facet normal 0.999465 0.0326919 0
    outer loop
      vertex -1.64647 6.89208 3.5
      vertex -1.65 7 0.5
      vertex -1.65 7 3.5
    endloop
  endfacet
  facet normal 0.999465 0.0326919 0
    outer loop
      vertex -1.65 7 0.5
      vertex -1.64647 6.89208 3.5
      vertex -1.64647 6.89208 0.5
    endloop
  endfacet
  facet normal 0.956919 -0.290354 0
    outer loop
      vertex -1.59378 7.42705 3.5
      vertex -1.56243 7.53037 0.5
      vertex -1.56243 7.53037 3.5
    endloop
  endfacet
  facet normal 0.956919 -0.290354 0
    outer loop
      vertex -1.56243 7.53037 0.5
      vertex -1.59378 7.42705 3.5
      vertex -1.59378 7.42705 0.5
    endloop
  endfacet
  facet normal 0.995179 -0.0980732 0
    outer loop
      vertex -1.64647 7.10791 3.5
      vertex -1.63588 7.21537 0.5
      vertex -1.63588 7.21537 3.5
    endloop
  endfacet
  facet normal 0.995179 -0.0980732 0
    outer loop
      vertex -1.63588 7.21537 0.5
      vertex -1.64647 7.10791 3.5
      vertex -1.64647 7.10791 0.5
    endloop
  endfacet
  facet normal 0.973872 -0.227098 0
    outer loop
      vertex -1.6183 7.3219 3.5
      vertex -1.59378 7.42705 0.5
      vertex -1.59378 7.42705 3.5
    endloop
  endfacet
  facet normal 0.973872 -0.227098 0
    outer loop
      vertex -1.59378 7.42705 0.5
      vertex -1.6183 7.3219 3.5
      vertex -1.6183 7.3219 0.5
    endloop
  endfacet
  facet normal 0.881906 -0.471424 0
    outer loop
      vertex -1.47984 7.72978 3.5
      vertex -1.42894 7.825 0.5
      vertex -1.42894 7.825 3.5
    endloop
  endfacet
  facet normal 0.881906 -0.471424 0
    outer loop
      vertex -1.42894 7.825 0.5
      vertex -1.47984 7.72978 3.5
      vertex -1.47984 7.72978 0.5
    endloop
  endfacet
  facet normal 0.772983 -0.634427 0
    outer loop
      vertex -1.30903 8.00446 3.5
      vertex -1.24053 8.08792 0.5
      vertex -1.24053 8.08792 3.5
    endloop
  endfacet
  facet normal 0.772983 -0.634427 0
    outer loop
      vertex -1.24053 8.08792 0.5
      vertex -1.30903 8.00446 3.5
      vertex -1.30903 8.00446 0.5
    endloop
  endfacet
  facet normal 0.290259 0.956948 -0
    outer loop
      vertex -0.427051 5.40622 0.5
      vertex -0.530375 5.43756 3.5
      vertex -0.427051 5.40622 3.5
    endloop
  endfacet
  facet normal 0.290259 0.956948 0
    outer loop
      vertex -0.530375 5.43756 3.5
      vertex -0.427051 5.40622 0.5
      vertex -0.530375 5.43756 0.5
    endloop
  endfacet
  facet normal 0.16282 0.986656 -0
    outer loop
      vertex -0.215367 5.36412 0.5
      vertex -0.321898 5.3817 3.5
      vertex -0.215367 5.36412 3.5
    endloop
  endfacet
  facet normal 0.16282 0.986656 0
    outer loop
      vertex -0.321898 5.3817 3.5
      vertex -0.215367 5.36412 0.5
      vertex -0.321898 5.3817 0.5
    endloop
  endfacet
  facet normal 0.683574 0.729881 -0
    outer loop
      vertex -1.08792 5.75946 0.5
      vertex -1.16673 5.83327 3.5
      vertex -1.08792 5.75946 3.5
    endloop
  endfacet
  facet normal 0.683574 0.729881 0
    outer loop
      vertex -1.16673 5.83327 3.5
      vertex -1.08792 5.75946 0.5
      vertex -1.16673 5.83327 0.5
    endloop
  endfacet
  facet normal 0.973872 0.227098 0
    outer loop
      vertex -1.59378 6.57295 3.5
      vertex -1.6183 6.6781 0.5
      vertex -1.6183 6.6781 3.5
    endloop
  endfacet
  facet normal 0.973872 0.227098 0
    outer loop
      vertex -1.6183 6.6781 0.5
      vertex -1.59378 6.57295 3.5
      vertex -1.59378 6.57295 0.5
    endloop
  endfacet
  facet normal 0.986655 0.162822 0
    outer loop
      vertex -1.6183 6.6781 3.5
      vertex -1.63588 6.78463 0.5
      vertex -1.63588 6.78463 3.5
    endloop
  endfacet
  facet normal 0.986655 0.162822 0
    outer loop
      vertex -1.63588 6.78463 0.5
      vertex -1.6183 6.6781 3.5
      vertex -1.6183 6.6781 0.5
    endloop
  endfacet
  facet normal 0.849188 0.528091 0
    outer loop
      vertex -1.37192 6.08331 3.5
      vertex -1.42894 6.175 0.5
      vertex -1.42894 6.175 3.5
    endloop
  endfacet
  facet normal 0.849188 0.528091 0
    outer loop
      vertex -1.42894 6.175 0.5
      vertex -1.37192 6.08331 3.5
      vertex -1.37192 6.08331 0.5
    endloop
  endfacet
  facet normal 0.91087 0.412693 0
    outer loop
      vertex -1.47984 6.27022 3.5
      vertex -1.5244 6.36857 0.5
      vertex -1.5244 6.36857 3.5
    endloop
  endfacet
  facet normal 0.91087 0.412693 0
    outer loop
      vertex -1.5244 6.36857 0.5
      vertex -1.47984 6.27022 3.5
      vertex -1.47984 6.27022 0.5
    endloop
  endfacet
  facet normal 0.729927 0.683525 0
    outer loop
      vertex -1.16673 5.83327 3.5
      vertex -1.24053 5.91208 0.5
      vertex -1.24053 5.91208 3.5
    endloop
  endfacet
  facet normal 0.729927 0.683525 0
    outer loop
      vertex -1.24053 5.91208 0.5
      vertex -1.16673 5.83327 3.5
      vertex -1.16673 5.83327 0.5
    endloop
  endfacet
  facet normal 0.772983 0.634427 0
    outer loop
      vertex -1.24053 5.91208 3.5
      vertex -1.30903 5.99554 0.5
      vertex -1.30903 5.99554 3.5
    endloop
  endfacet
  facet normal 0.772983 0.634427 0
    outer loop
      vertex -1.30903 5.99554 0.5
      vertex -1.24053 5.91208 3.5
      vertex -1.24053 5.91208 0.5
    endloop
  endfacet
  facet normal 0.0326934 -0.999465 0
    outer loop
      vertex -0.107915 8.64647 0.5
      vertex 0 8.65 3.5
      vertex -0.107915 8.64647 3.5
    endloop
  endfacet
  facet normal 0.0326934 -0.999465 0
    outer loop
      vertex 0 8.65 3.5
      vertex -0.107915 8.64647 0.5
      vertex 0 8.65 0.5
    endloop
  endfacet
  facet normal -0.0326934 -0.999465 0
    outer loop
      vertex 0 8.65 0.5
      vertex 0.107915 8.64647 3.5
      vertex 0 8.65 3.5
    endloop
  endfacet
  facet normal -0.0326934 -0.999465 -0
    outer loop
      vertex 0.107915 8.64647 3.5
      vertex 0 8.65 0.5
      vertex 0.107915 8.64647 0.5
    endloop
  endfacet
  facet normal -0.0980804 -0.995178 0
    outer loop
      vertex 0.107915 8.64647 0.5
      vertex 0.215367 8.63588 3.5
      vertex 0.107915 8.64647 3.5
    endloop
  endfacet
  facet normal -0.0980804 -0.995178 -0
    outer loop
      vertex 0.215367 8.63588 3.5
      vertex 0.107915 8.64647 0.5
      vertex 0.215367 8.63588 0.5
    endloop
  endfacet
  facet normal -0.352223 -0.935916 0
    outer loop
      vertex 0.530375 8.56243 0.5
      vertex 0.631427 8.5244 3.5
      vertex 0.530375 8.56243 3.5
    endloop
  endfacet
  facet normal -0.352223 -0.935916 -0
    outer loop
      vertex 0.631427 8.5244 3.5
      vertex 0.530375 8.56243 0.5
      vertex 0.631427 8.5244 0.5
    endloop
  endfacet
  facet normal -0.16282 -0.986656 0
    outer loop
      vertex 0.215367 8.63588 0.5
      vertex 0.321898 8.6183 3.5
      vertex 0.215367 8.63588 3.5
    endloop
  endfacet
  facet normal -0.16282 -0.986656 -0
    outer loop
      vertex 0.321898 8.6183 3.5
      vertex 0.215367 8.63588 0.5
      vertex 0.321898 8.6183 0.5
    endloop
  endfacet
  facet normal -0.4127 -0.910867 0
    outer loop
      vertex 0.631427 8.5244 0.5
      vertex 0.729775 8.47984 3.5
      vertex 0.631427 8.5244 3.5
    endloop
  endfacet
  facet normal -0.4127 -0.910867 -0
    outer loop
      vertex 0.729775 8.47984 3.5
      vertex 0.631427 8.5244 0.5
      vertex 0.729775 8.47984 0.5
    endloop
  endfacet
  facet normal -0.729927 0.683525 0
    outer loop
      vertex 1.16673 5.83327 0.5
      vertex 1.24053 5.91208 3.5
      vertex 1.24053 5.91208 0.5
    endloop
  endfacet
  facet normal -0.729927 0.683525 0
    outer loop
      vertex 1.24053 5.91208 3.5
      vertex 1.16673 5.83327 0.5
      vertex 1.16673 5.83327 3.5
    endloop
  endfacet
  facet normal -0.0326934 0.999465 0
    outer loop
      vertex 0.107915 5.35353 0.5
      vertex 0 5.35 3.5
      vertex 0.107915 5.35353 3.5
    endloop
  endfacet
  facet normal -0.0326934 0.999465 0
    outer loop
      vertex 0 5.35 3.5
      vertex 0.107915 5.35353 0.5
      vertex 0 5.35 0.5
    endloop
  endfacet
  facet normal -0.0980804 0.995178 0
    outer loop
      vertex 0.215367 5.36412 0.5
      vertex 0.107915 5.35353 3.5
      vertex 0.215367 5.36412 3.5
    endloop
  endfacet
  facet normal -0.0980804 0.995178 0
    outer loop
      vertex 0.107915 5.35353 3.5
      vertex 0.215367 5.36412 0.5
      vertex 0.107915 5.35353 0.5
    endloop
  endfacet
  facet normal -0.352305 0.935885 0
    outer loop
      vertex 0.631427 5.4756 0.5
      vertex 0.530375 5.43756 3.5
      vertex 0.631427 5.4756 3.5
    endloop
  endfacet
  facet normal -0.352305 0.935885 0
    outer loop
      vertex 0.530375 5.43756 3.5
      vertex 0.631427 5.4756 0.5
      vertex 0.530375 5.43756 0.5
    endloop
  endfacet
  facet normal -0.995179 -0.0980732 0
    outer loop
      vertex 1.64647 7.10791 0.5
      vertex 1.63588 7.21537 3.5
      vertex 1.63588 7.21537 0.5
    endloop
  endfacet
  facet normal -0.995179 -0.0980732 0
    outer loop
      vertex 1.63588 7.21537 3.5
      vertex 1.64647 7.10791 0.5
      vertex 1.64647 7.10791 3.5
    endloop
  endfacet
  facet normal -0.935925 -0.352199 0
    outer loop
      vertex 1.56243 7.53037 0.5
      vertex 1.5244 7.63143 3.5
      vertex 1.5244 7.63143 0.5
    endloop
  endfacet
  facet normal -0.935925 -0.352199 0
    outer loop
      vertex 1.5244 7.63143 3.5
      vertex 1.56243 7.53037 0.5
      vertex 1.56243 7.53037 3.5
    endloop
  endfacet
  facet normal 0.4127 -0.910867 0
    outer loop
      vertex -0.729775 8.47984 0.5
      vertex -0.631427 8.5244 3.5
      vertex -0.729775 8.47984 3.5
    endloop
  endfacet
  facet normal 0.4127 -0.910867 0
    outer loop
      vertex -0.631427 8.5244 3.5
      vertex -0.729775 8.47984 0.5
      vertex -0.631427 8.5244 0.5
    endloop
  endfacet
  facet normal 0.352223 -0.935916 0
    outer loop
      vertex -0.631427 8.5244 0.5
      vertex -0.530375 8.56243 3.5
      vertex -0.631427 8.5244 3.5
    endloop
  endfacet
  facet normal 0.352223 -0.935916 0
    outer loop
      vertex -0.530375 8.56243 3.5
      vertex -0.631427 8.5244 0.5
      vertex -0.530375 8.56243 0.5
    endloop
  endfacet
  facet normal 0.227092 0.973873 -0
    outer loop
      vertex -0.321898 5.3817 0.5
      vertex -0.427051 5.40622 3.5
      vertex -0.321898 5.3817 3.5
    endloop
  endfacet
  facet normal 0.227092 0.973873 0
    outer loop
      vertex -0.427051 5.40622 3.5
      vertex -0.321898 5.3817 0.5
      vertex -0.427051 5.40622 0.5
    endloop
  endfacet
  facet normal 0.0980804 0.995178 -0
    outer loop
      vertex -0.107915 5.35353 0.5
      vertex -0.215367 5.36412 3.5
      vertex -0.107915 5.35353 3.5
    endloop
  endfacet
  facet normal 0.0980804 0.995178 0
    outer loop
      vertex -0.215367 5.36412 3.5
      vertex -0.107915 5.35353 0.5
      vertex -0.215367 5.36412 0.5
    endloop
  endfacet
  facet normal 0.4127 0.910867 -0
    outer loop
      vertex -0.631427 5.4756 0.5
      vertex -0.729775 5.52016 3.5
      vertex -0.631427 5.4756 3.5
    endloop
  endfacet
  facet normal 0.4127 0.910867 0
    outer loop
      vertex -0.729775 5.52016 3.5
      vertex -0.631427 5.4756 0.5
      vertex -0.729775 5.52016 0.5
    endloop
  endfacet
  facet normal 0.634372 0.773028 -0
    outer loop
      vertex -1.00446 5.69097 0.5
      vertex -1.08792 5.75946 3.5
      vertex -1.00446 5.69097 3.5
    endloop
  endfacet
  facet normal 0.634372 0.773028 0
    outer loop
      vertex -1.08792 5.75946 3.5
      vertex -1.00446 5.69097 0.5
      vertex -1.08792 5.75946 0.5
    endloop
  endfacet
  facet normal 0.956927 0.290329 0
    outer loop
      vertex -1.56243 6.46962 3.5
      vertex -1.59378 6.57295 0.5
      vertex -1.59378 6.57295 3.5
    endloop
  endfacet
  facet normal 0.956927 0.290329 0
    outer loop
      vertex -1.59378 6.57295 0.5
      vertex -1.56243 6.46962 3.5
      vertex -1.56243 6.46962 0.5
    endloop
  endfacet
  facet normal 0.881906 0.471424 0
    outer loop
      vertex -1.42894 6.175 3.5
      vertex -1.47984 6.27022 0.5
      vertex -1.47984 6.27022 3.5
    endloop
  endfacet
  facet normal 0.881906 0.471424 0
    outer loop
      vertex -1.47984 6.27022 0.5
      vertex -1.42894 6.175 3.5
      vertex -1.42894 6.175 0.5
    endloop
  endfacet
  facet normal -0.812869 -0.582447 0
    outer loop
      vertex 1.37192 7.91669 0.5
      vertex 1.30903 8.00446 3.5
      vertex 1.30903 8.00446 0.5
    endloop
  endfacet
  facet normal -0.812869 -0.582447 0
    outer loop
      vertex 1.30903 8.00446 3.5
      vertex 1.37192 7.91669 0.5
      vertex 1.37192 7.91669 3.5
    endloop
  endfacet
  facet normal -0.634427 -0.772983 0
    outer loop
      vertex 1.00446 8.30903 0.5
      vertex 1.08792 8.24053 3.5
      vertex 1.00446 8.30903 3.5
    endloop
  endfacet
  facet normal -0.634427 -0.772983 -0
    outer loop
      vertex 1.08792 8.24053 3.5
      vertex 1.00446 8.30903 0.5
      vertex 1.08792 8.24053 0.5
    endloop
  endfacet
  facet normal -0.471405 -0.881917 0
    outer loop
      vertex 0.729775 8.47984 0.5
      vertex 0.825 8.42894 3.5
      vertex 0.729775 8.47984 3.5
    endloop
  endfacet
  facet normal -0.471405 -0.881917 -0
    outer loop
      vertex 0.825 8.42894 3.5
      vertex 0.729775 8.47984 0.5
      vertex 0.825 8.42894 0.5
    endloop
  endfacet
  facet normal -0.812869 0.582447 0
    outer loop
      vertex 1.30903 5.99554 0.5
      vertex 1.37192 6.08331 3.5
      vertex 1.37192 6.08331 0.5
    endloop
  endfacet
  facet normal -0.812869 0.582447 0
    outer loop
      vertex 1.37192 6.08331 3.5
      vertex 1.30903 5.99554 0.5
      vertex 1.30903 5.99554 3.5
    endloop
  endfacet
  facet normal -0.995178 0.0980823 0
    outer loop
      vertex 1.63588 6.78463 0.5
      vertex 1.64647 6.89208 3.5
      vertex 1.64647 6.89208 0.5
    endloop
  endfacet
  facet normal -0.995178 0.0980823 0
    outer loop
      vertex 1.64647 6.89208 3.5
      vertex 1.63588 6.78463 0.5
      vertex 1.63588 6.78463 3.5
    endloop
  endfacet
  facet normal -0.634372 0.773028 0
    outer loop
      vertex 1.08792 5.75946 0.5
      vertex 1.00446 5.69097 3.5
      vertex 1.08792 5.75946 3.5
    endloop
  endfacet
  facet normal -0.634372 0.773028 0
    outer loop
      vertex 1.00446 5.69097 3.5
      vertex 1.08792 5.75946 0.5
      vertex 1.00446 5.69097 0.5
    endloop
  endfacet
  facet normal -0.52802 0.849232 0
    outer loop
      vertex 0.916691 5.62807 0.5
      vertex 0.825 5.57106 3.5
      vertex 0.916691 5.62807 3.5
    endloop
  endfacet
  facet normal -0.52802 0.849232 0
    outer loop
      vertex 0.825 5.57106 3.5
      vertex 0.916691 5.62807 0.5
      vertex 0.825 5.57106 0.5
    endloop
  endfacet
  facet normal -0.4127 0.910867 0
    outer loop
      vertex 0.729775 5.52016 0.5
      vertex 0.631427 5.4756 3.5
      vertex 0.729775 5.52016 3.5
    endloop
  endfacet
  facet normal -0.4127 0.910867 0
    outer loop
      vertex 0.631427 5.4756 3.5
      vertex 0.729775 5.52016 0.5
      vertex 0.631427 5.4756 0.5
    endloop
  endfacet
  facet normal -0.956919 -0.290354 0
    outer loop
      vertex 1.59378 7.42705 0.5
      vertex 1.56243 7.53037 3.5
      vertex 1.56243 7.53037 0.5
    endloop
  endfacet
  facet normal -0.956919 -0.290354 0
    outer loop
      vertex 1.56243 7.53037 3.5
      vertex 1.59378 7.42705 0.5
      vertex 1.59378 7.42705 3.5
    endloop
  endfacet
  facet normal -0.986655 -0.162822 0
    outer loop
      vertex 1.63588 7.21537 0.5
      vertex 1.6183 7.3219 3.5
      vertex 1.6183 7.3219 0.5
    endloop
  endfacet
  facet normal -0.986655 -0.162822 0
    outer loop
      vertex 1.6183 7.3219 3.5
      vertex 1.63588 7.21537 0.5
      vertex 1.63588 7.21537 3.5
    endloop
  endfacet
  facet normal -0.227092 -0.973873 0
    outer loop
      vertex 0.321898 8.6183 0.5
      vertex 0.427051 8.59378 3.5
      vertex 0.321898 8.6183 3.5
    endloop
  endfacet
  facet normal -0.227092 -0.973873 -0
    outer loop
      vertex 0.427051 8.59378 3.5
      vertex 0.321898 8.6183 0.5
      vertex 0.427051 8.59378 0.5
    endloop
  endfacet
  facet normal -0.290344 -0.956922 0
    outer loop
      vertex 0.427051 8.59378 0.5
      vertex 0.530375 8.56243 3.5
      vertex 0.427051 8.59378 3.5
    endloop
  endfacet
  facet normal -0.290344 -0.956922 -0
    outer loop
      vertex 0.530375 8.56243 3.5
      vertex 0.427051 8.59378 0.5
      vertex 0.530375 8.56243 0.5
    endloop
  endfacet
  facet normal -0.849188 -0.528091 0
    outer loop
      vertex 1.42894 7.825 0.5
      vertex 1.37192 7.91669 3.5
      vertex 1.37192 7.91669 0.5
    endloop
  endfacet
  facet normal -0.849188 -0.528091 0
    outer loop
      vertex 1.37192 7.91669 3.5
      vertex 1.42894 7.825 0.5
      vertex 1.42894 7.825 3.5
    endloop
  endfacet
  facet normal -0.683525 -0.729927 0
    outer loop
      vertex 1.08792 8.24053 0.5
      vertex 1.16673 8.16673 3.5
      vertex 1.08792 8.24053 3.5
    endloop
  endfacet
  facet normal -0.683525 -0.729927 -0
    outer loop
      vertex 1.16673 8.16673 3.5
      vertex 1.08792 8.24053 0.5
      vertex 1.16673 8.16673 0.5
    endloop
  endfacet
  facet normal -0.582451 -0.812866 0
    outer loop
      vertex 0.916691 8.37192 0.5
      vertex 1.00446 8.30903 3.5
      vertex 0.916691 8.37192 3.5
    endloop
  endfacet
  facet normal -0.582451 -0.812866 -0
    outer loop
      vertex 1.00446 8.30903 3.5
      vertex 0.916691 8.37192 0.5
      vertex 1.00446 8.30903 0.5
    endloop
  endfacet
  facet normal -0.999465 -0.032695 0
    outer loop
      vertex 1.65 7 0.5
      vertex 1.64647 7.10791 3.5
      vertex 1.64647 7.10791 0.5
    endloop
  endfacet
  facet normal -0.999465 -0.032695 0
    outer loop
      vertex 1.64647 7.10791 3.5
      vertex 1.65 7 0.5
      vertex 1.65 7 3.5
    endloop
  endfacet
  facet normal -0.999465 0.0326919 0
    outer loop
      vertex 1.64647 6.89208 0.5
      vertex 1.65 7 3.5
      vertex 1.65 7 0.5
    endloop
  endfacet
  facet normal -0.999465 0.0326919 0
    outer loop
      vertex 1.65 7 3.5
      vertex 1.64647 6.89208 0.5
      vertex 1.64647 6.89208 3.5
    endloop
  endfacet
  facet normal -0.973872 0.227098 0
    outer loop
      vertex 1.59378 6.57295 0.5
      vertex 1.6183 6.6781 3.5
      vertex 1.6183 6.6781 0.5
    endloop
  endfacet
  facet normal -0.973872 0.227098 0
    outer loop
      vertex 1.6183 6.6781 3.5
      vertex 1.59378 6.57295 0.5
      vertex 1.59378 6.57295 3.5
    endloop
  endfacet
  facet normal -0.956927 0.290329 0
    outer loop
      vertex 1.56243 6.46962 0.5
      vertex 1.59378 6.57295 3.5
      vertex 1.59378 6.57295 0.5
    endloop
  endfacet
  facet normal -0.956927 0.290329 0
    outer loop
      vertex 1.59378 6.57295 3.5
      vertex 1.56243 6.46962 0.5
      vertex 1.56243 6.46962 3.5
    endloop
  endfacet
  facet normal -0.772983 0.634427 0
    outer loop
      vertex 1.24053 5.91208 0.5
      vertex 1.30903 5.99554 3.5
      vertex 1.30903 5.99554 0.5
    endloop
  endfacet
  facet normal -0.772983 0.634427 0
    outer loop
      vertex 1.30903 5.99554 3.5
      vertex 1.24053 5.91208 0.5
      vertex 1.24053 5.91208 3.5
    endloop
  endfacet
  facet normal -0.881906 0.471424 0
    outer loop
      vertex 1.42894 6.175 0.5
      vertex 1.47984 6.27022 3.5
      vertex 1.47984 6.27022 0.5
    endloop
  endfacet
  facet normal -0.881906 0.471424 0
    outer loop
      vertex 1.47984 6.27022 3.5
      vertex 1.42894 6.175 0.5
      vertex 1.42894 6.175 3.5
    endloop
  endfacet
  facet normal -0.935914 0.35223 0
    outer loop
      vertex 1.5244 6.36857 0.5
      vertex 1.56243 6.46962 3.5
      vertex 1.56243 6.46962 0.5
    endloop
  endfacet
  facet normal -0.935914 0.35223 0
    outer loop
      vertex 1.56243 6.46962 3.5
      vertex 1.5244 6.36857 0.5
      vertex 1.5244 6.36857 3.5
    endloop
  endfacet
  facet normal -0.16282 0.986656 0
    outer loop
      vertex 0.321898 5.3817 0.5
      vertex 0.215367 5.36412 3.5
      vertex 0.321898 5.3817 3.5
    endloop
  endfacet
  facet normal -0.16282 0.986656 0
    outer loop
      vertex 0.215367 5.36412 3.5
      vertex 0.321898 5.3817 0.5
      vertex 0.215367 5.36412 0.5
    endloop
  endfacet
  facet normal -0.290259 0.956948 0
    outer loop
      vertex 0.530375 5.43756 0.5
      vertex 0.427051 5.40622 3.5
      vertex 0.530375 5.43756 3.5
    endloop
  endfacet
  facet normal -0.290259 0.956948 0
    outer loop
      vertex 0.427051 5.40622 3.5
      vertex 0.530375 5.43756 0.5
      vertex 0.427051 5.40622 0.5
    endloop
  endfacet
  facet normal -0.683574 0.729881 0
    outer loop
      vertex 1.16673 5.83327 0.5
      vertex 1.08792 5.75946 3.5
      vertex 1.16673 5.83327 3.5
    endloop
  endfacet
  facet normal -0.683574 0.729881 0
    outer loop
      vertex 1.08792 5.75946 3.5
      vertex 1.16673 5.83327 0.5
      vertex 1.08792 5.75946 0.5
    endloop
  endfacet
  facet normal -0.471405 0.881917 0
    outer loop
      vertex 0.825 5.57106 0.5
      vertex 0.729775 5.52016 3.5
      vertex 0.825 5.57106 3.5
    endloop
  endfacet
  facet normal -0.471405 0.881917 0
    outer loop
      vertex 0.729775 5.52016 3.5
      vertex 0.825 5.57106 0.5
      vertex 0.729775 5.52016 0.5
    endloop
  endfacet
  facet normal -0.973872 -0.227098 0
    outer loop
      vertex 1.6183 7.3219 0.5
      vertex 1.59378 7.42705 3.5
      vertex 1.59378 7.42705 0.5
    endloop
  endfacet
  facet normal -0.973872 -0.227098 0
    outer loop
      vertex 1.59378 7.42705 3.5
      vertex 1.6183 7.3219 0.5
      vertex 1.6183 7.3219 3.5
    endloop
  endfacet
  facet normal -0.729927 -0.683525 0
    outer loop
      vertex 1.24053 8.08792 0.5
      vertex 1.16673 8.16673 3.5
      vertex 1.16673 8.16673 0.5
    endloop
  endfacet
  facet normal -0.729927 -0.683525 0
    outer loop
      vertex 1.16673 8.16673 3.5
      vertex 1.24053 8.08792 0.5
      vertex 1.24053 8.08792 3.5
    endloop
  endfacet
  facet normal -0.881906 -0.471424 0
    outer loop
      vertex 1.47984 7.72978 0.5
      vertex 1.42894 7.825 3.5
      vertex 1.42894 7.825 0.5
    endloop
  endfacet
  facet normal -0.881906 -0.471424 0
    outer loop
      vertex 1.42894 7.825 3.5
      vertex 1.47984 7.72978 0.5
      vertex 1.47984 7.72978 3.5
    endloop
  endfacet
  facet normal -0.986655 0.162822 0
    outer loop
      vertex 1.6183 6.6781 0.5
      vertex 1.63588 6.78463 3.5
      vertex 1.63588 6.78463 0.5
    endloop
  endfacet
  facet normal -0.986655 0.162822 0
    outer loop
      vertex 1.63588 6.78463 3.5
      vertex 1.6183 6.6781 0.5
      vertex 1.6183 6.6781 3.5
    endloop
  endfacet
  facet normal -0.849188 0.528091 0
    outer loop
      vertex 1.37192 6.08331 0.5
      vertex 1.42894 6.175 3.5
      vertex 1.42894 6.175 0.5
    endloop
  endfacet
  facet normal -0.849188 0.528091 0
    outer loop
      vertex 1.42894 6.175 3.5
      vertex 1.37192 6.08331 0.5
      vertex 1.37192 6.08331 3.5
    endloop
  endfacet
  facet normal -0.91087 0.412693 0
    outer loop
      vertex 1.47984 6.27022 0.5
      vertex 1.5244 6.36857 3.5
      vertex 1.5244 6.36857 0.5
    endloop
  endfacet
  facet normal -0.91087 0.412693 0
    outer loop
      vertex 1.5244 6.36857 3.5
      vertex 1.47984 6.27022 0.5
      vertex 1.47984 6.27022 3.5
    endloop
  endfacet
  facet normal -0.772983 -0.634427 0
    outer loop
      vertex 1.30903 8.00446 0.5
      vertex 1.24053 8.08792 3.5
      vertex 1.24053 8.08792 0.5
    endloop
  endfacet
  facet normal -0.772983 -0.634427 0
    outer loop
      vertex 1.24053 8.08792 3.5
      vertex 1.30903 8.00446 0.5
      vertex 1.30903 8.00446 3.5
    endloop
  endfacet
  facet normal 0.881917 0.471405 0
    outer loop
      vertex -8.42894 -0.825 3.5
      vertex -8.47984 -0.729775 0.5
      vertex -8.47984 -0.729775 3.5
    endloop
  endfacet
  facet normal 0.881917 0.471405 0
    outer loop
      vertex -8.47984 -0.729775 0.5
      vertex -8.42894 -0.825 3.5
      vertex -8.42894 -0.825 0.5
    endloop
  endfacet
  facet normal 0.0980732 0.995179 -0
    outer loop
      vertex -7.10791 -1.64647 0.5
      vertex -7.21537 -1.63588 3.5
      vertex -7.10791 -1.64647 3.5
    endloop
  endfacet
  facet normal 0.0980732 0.995179 0
    outer loop
      vertex -7.21537 -1.63588 3.5
      vertex -7.10791 -1.64647 0.5
      vertex -7.21537 -1.63588 0.5
    endloop
  endfacet
  facet normal -0.729881 0.683574 0
    outer loop
      vertex -5.83327 -1.16673 0.5
      vertex -5.75946 -1.08792 3.5
      vertex -5.75946 -1.08792 0.5
    endloop
  endfacet
  facet normal -0.729881 0.683574 0
    outer loop
      vertex -5.75946 -1.08792 3.5
      vertex -5.83327 -1.16673 0.5
      vertex -5.83327 -1.16673 3.5
    endloop
  endfacet
  facet normal 0.935916 -0.352223 0
    outer loop
      vertex -8.56243 0.530375 3.5
      vertex -8.5244 0.631427 0.5
      vertex -8.5244 0.631427 3.5
    endloop
  endfacet
  facet normal 0.935916 -0.352223 0
    outer loop
      vertex -8.5244 0.631427 0.5
      vertex -8.56243 0.530375 3.5
      vertex -8.56243 0.530375 0.5
    endloop
  endfacet
  facet normal -0.683525 -0.729927 0
    outer loop
      vertex -5.91208 1.24053 0.5
      vertex -5.83327 1.16673 3.5
      vertex -5.91208 1.24053 3.5
    endloop
  endfacet
  facet normal -0.683525 -0.729927 -0
    outer loop
      vertex -5.83327 1.16673 3.5
      vertex -5.91208 1.24053 0.5
      vertex -5.83327 1.16673 0.5
    endloop
  endfacet
  facet normal 0.162822 -0.986655 0
    outer loop
      vertex -7.3219 1.6183 0.5
      vertex -7.21537 1.63588 3.5
      vertex -7.3219 1.6183 3.5
    endloop
  endfacet
  facet normal 0.162822 -0.986655 0
    outer loop
      vertex -7.21537 1.63588 3.5
      vertex -7.3219 1.6183 0.5
      vertex -7.21537 1.63588 0.5
    endloop
  endfacet
  facet normal 0.956922 0.290344 0
    outer loop
      vertex -8.56243 -0.530375 3.5
      vertex -8.59378 -0.427051 0.5
      vertex -8.59378 -0.427051 3.5
    endloop
  endfacet
  facet normal 0.956922 0.290344 0
    outer loop
      vertex -8.59378 -0.427051 0.5
      vertex -8.56243 -0.530375 3.5
      vertex -8.56243 -0.530375 0.5
    endloop
  endfacet
  facet normal 0.683525 0.729927 -0
    outer loop
      vertex -8.08792 -1.24053 0.5
      vertex -8.16673 -1.16673 3.5
      vertex -8.08792 -1.24053 3.5
    endloop
  endfacet
  facet normal 0.683525 0.729927 0
    outer loop
      vertex -8.16673 -1.16673 3.5
      vertex -8.08792 -1.24053 0.5
      vertex -8.16673 -1.16673 0.5
    endloop
  endfacet
  facet normal -0.935885 0.352305 0
    outer loop
      vertex -5.4756 -0.631427 0.5
      vertex -5.43756 -0.530375 3.5
      vertex -5.43756 -0.530375 0.5
    endloop
  endfacet
  facet normal -0.935885 0.352305 0
    outer loop
      vertex -5.43756 -0.530375 3.5
      vertex -5.4756 -0.631427 0.5
      vertex -5.4756 -0.631427 3.5
    endloop
  endfacet
  facet normal -0.849232 0.52802 0
    outer loop
      vertex -5.62807 -0.916691 0.5
      vertex -5.57106 -0.825 3.5
      vertex -5.57106 -0.825 0.5
    endloop
  endfacet
  facet normal -0.849232 0.52802 0
    outer loop
      vertex -5.57106 -0.825 3.5
      vertex -5.62807 -0.916691 0.5
      vertex -5.62807 -0.916691 3.5
    endloop
  endfacet
  facet normal -0.0980823 0.995178 0
    outer loop
      vertex -6.78463 -1.63588 0.5
      vertex -6.89208 -1.64647 3.5
      vertex -6.78463 -1.63588 3.5
    endloop
  endfacet
  facet normal -0.0980823 0.995178 0
    outer loop
      vertex -6.89208 -1.64647 3.5
      vertex -6.78463 -1.63588 0.5
      vertex -6.89208 -1.64647 0.5
    endloop
  endfacet
  facet normal -0.582447 0.812869 0
    outer loop
      vertex -5.99554 -1.30903 0.5
      vertex -6.08331 -1.37192 3.5
      vertex -5.99554 -1.30903 3.5
    endloop
  endfacet
  facet normal -0.582447 0.812869 0
    outer loop
      vertex -6.08331 -1.37192 3.5
      vertex -5.99554 -1.30903 0.5
      vertex -6.08331 -1.37192 0.5
    endloop
  endfacet
  facet normal 0.999465 0.0326934 0
    outer loop
      vertex -8.64647 -0.107915 3.5
      vertex -8.65 0 0.5
      vertex -8.65 0 3.5
    endloop
  endfacet
  facet normal 0.999465 0.0326934 0
    outer loop
      vertex -8.65 0 0.5
      vertex -8.64647 -0.107915 3.5
      vertex -8.64647 -0.107915 0.5
    endloop
  endfacet
  facet normal 0.995178 -0.0980804 0
    outer loop
      vertex -8.64647 0.107915 3.5
      vertex -8.63588 0.215367 0.5
      vertex -8.63588 0.215367 3.5
    endloop
  endfacet
  facet normal 0.995178 -0.0980804 0
    outer loop
      vertex -8.63588 0.215367 0.5
      vertex -8.64647 0.107915 3.5
      vertex -8.64647 0.107915 0.5
    endloop
  endfacet
  facet normal 0.973873 -0.227092 0
    outer loop
      vertex -8.6183 0.321898 3.5
      vertex -8.59378 0.427051 0.5
      vertex -8.59378 0.427051 3.5
    endloop
  endfacet
  facet normal 0.973873 -0.227092 0
    outer loop
      vertex -8.59378 0.427051 0.5
      vertex -8.6183 0.321898 3.5
      vertex -8.6183 0.321898 0.5
    endloop
  endfacet
  facet normal -0.999465 -0.0326934 0
    outer loop
      vertex -5.35 0 0.5
      vertex -5.35353 0.107915 3.5
      vertex -5.35353 0.107915 0.5
    endloop
  endfacet
  facet normal -0.999465 -0.0326934 0
    outer loop
      vertex -5.35353 0.107915 3.5
      vertex -5.35 0 0.5
      vertex -5.35 0 3.5
    endloop
  endfacet
  facet normal 0.995178 0.0980804 0
    outer loop
      vertex -8.63588 -0.215367 3.5
      vertex -8.64647 -0.107915 0.5
      vertex -8.64647 -0.107915 3.5
    endloop
  endfacet
  facet normal 0.995178 0.0980804 0
    outer loop
      vertex -8.64647 -0.107915 0.5
      vertex -8.63588 -0.215367 3.5
      vertex -8.63588 -0.215367 0.5
    endloop
  endfacet
  facet normal 0.935916 0.352223 0
    outer loop
      vertex -8.5244 -0.631427 3.5
      vertex -8.56243 -0.530375 0.5
      vertex -8.56243 -0.530375 3.5
    endloop
  endfacet
  facet normal 0.935916 0.352223 0
    outer loop
      vertex -8.56243 -0.530375 0.5
      vertex -8.5244 -0.631427 3.5
      vertex -8.5244 -0.631427 0.5
    endloop
  endfacet
  facet normal 0.910867 0.4127 0
    outer loop
      vertex -8.47984 -0.729775 3.5
      vertex -8.5244 -0.631427 0.5
      vertex -8.5244 -0.631427 3.5
    endloop
  endfacet
  facet normal 0.910867 0.4127 0
    outer loop
      vertex -8.5244 -0.631427 0.5
      vertex -8.47984 -0.729775 3.5
      vertex -8.47984 -0.729775 0.5
    endloop
  endfacet
  facet normal 0.973873 0.227092 0
    outer loop
      vertex -8.59378 -0.427051 3.5
      vertex -8.6183 -0.321898 0.5
      vertex -8.6183 -0.321898 3.5
    endloop
  endfacet
  facet normal 0.973873 0.227092 0
    outer loop
      vertex -8.6183 -0.321898 0.5
      vertex -8.59378 -0.427051 3.5
      vertex -8.59378 -0.427051 0.5
    endloop
  endfacet
  facet normal 0.84919 0.528087 0
    outer loop
      vertex -8.37192 -0.916691 3.5
      vertex -8.42894 -0.825 0.5
      vertex -8.42894 -0.825 3.5
    endloop
  endfacet
  facet normal 0.84919 0.528087 0
    outer loop
      vertex -8.42894 -0.825 0.5
      vertex -8.37192 -0.916691 3.5
      vertex -8.37192 -0.916691 0.5
    endloop
  endfacet
  facet normal 0.772983 0.634427 0
    outer loop
      vertex -8.24053 -1.08792 3.5
      vertex -8.30903 -1.00446 0.5
      vertex -8.30903 -1.00446 3.5
    endloop
  endfacet
  facet normal 0.772983 0.634427 0
    outer loop
      vertex -8.30903 -1.00446 0.5
      vertex -8.24053 -1.08792 3.5
      vertex -8.24053 -1.08792 0.5
    endloop
  endfacet
  facet normal 0.290354 0.956919 -0
    outer loop
      vertex -7.42705 -1.59378 0.5
      vertex -7.53037 -1.56243 3.5
      vertex -7.42705 -1.59378 3.5
    endloop
  endfacet
  facet normal 0.290354 0.956919 0
    outer loop
      vertex -7.53037 -1.56243 3.5
      vertex -7.42705 -1.59378 0.5
      vertex -7.53037 -1.56243 0.5
    endloop
  endfacet
  facet normal 0.032695 0.999465 -0
    outer loop
      vertex -7 -1.65 0.5
      vertex -7.10791 -1.64647 3.5
      vertex -7 -1.65 3.5
    endloop
  endfacet
  facet normal 0.032695 0.999465 0
    outer loop
      vertex -7.10791 -1.64647 3.5
      vertex -7 -1.65 0.5
      vertex -7.10791 -1.64647 0.5
    endloop
  endfacet
  facet normal 0.162822 0.986655 -0
    outer loop
      vertex -7.21537 -1.63588 0.5
      vertex -7.3219 -1.6183 3.5
      vertex -7.21537 -1.63588 3.5
    endloop
  endfacet
  facet normal 0.162822 0.986655 0
    outer loop
      vertex -7.3219 -1.6183 3.5
      vertex -7.21537 -1.63588 0.5
      vertex -7.3219 -1.6183 0.5
    endloop
  endfacet
  facet normal 0.471424 0.881906 -0
    outer loop
      vertex -7.72978 -1.47984 0.5
      vertex -7.825 -1.42894 3.5
      vertex -7.72978 -1.47984 3.5
    endloop
  endfacet
  facet normal 0.471424 0.881906 0
    outer loop
      vertex -7.825 -1.42894 3.5
      vertex -7.72978 -1.47984 0.5
      vertex -7.825 -1.42894 0.5
    endloop
  endfacet
  facet normal 0.352199 0.935925 -0
    outer loop
      vertex -7.53037 -1.56243 0.5
      vertex -7.63143 -1.5244 3.5
      vertex -7.53037 -1.56243 3.5
    endloop
  endfacet
  facet normal 0.352199 0.935925 0
    outer loop
      vertex -7.63143 -1.5244 3.5
      vertex -7.53037 -1.56243 0.5
      vertex -7.63143 -1.5244 0.5
    endloop
  endfacet
  facet normal 0.528091 0.849188 -0
    outer loop
      vertex -7.825 -1.42894 0.5
      vertex -7.91669 -1.37192 3.5
      vertex -7.825 -1.42894 3.5
    endloop
  endfacet
  facet normal 0.528091 0.849188 0
    outer loop
      vertex -7.91669 -1.37192 3.5
      vertex -7.825 -1.42894 0.5
      vertex -7.91669 -1.37192 0.5
    endloop
  endfacet
  facet normal 0.634427 0.772983 -0
    outer loop
      vertex -8.00446 -1.30903 0.5
      vertex -8.08792 -1.24053 3.5
      vertex -8.00446 -1.30903 3.5
    endloop
  endfacet
  facet normal 0.634427 0.772983 0
    outer loop
      vertex -8.08792 -1.24053 3.5
      vertex -8.00446 -1.30903 0.5
      vertex -8.08792 -1.24053 0.5
    endloop
  endfacet
  facet normal -0.986656 0.16282 0
    outer loop
      vertex -5.3817 -0.321898 0.5
      vertex -5.36412 -0.215367 3.5
      vertex -5.36412 -0.215367 0.5
    endloop
  endfacet
  facet normal -0.986656 0.16282 0
    outer loop
      vertex -5.36412 -0.215367 3.5
      vertex -5.3817 -0.321898 0.5
      vertex -5.3817 -0.321898 3.5
    endloop
  endfacet
  facet normal -0.999465 0.0326934 0
    outer loop
      vertex -5.35353 -0.107915 0.5
      vertex -5.35 0 3.5
      vertex -5.35 0 0.5
    endloop
  endfacet
  facet normal -0.999465 0.0326934 0
    outer loop
      vertex -5.35 0 3.5
      vertex -5.35353 -0.107915 0.5
      vertex -5.35353 -0.107915 3.5
    endloop
  endfacet
  facet normal -0.956948 0.290259 0
    outer loop
      vertex -5.43756 -0.530375 0.5
      vertex -5.40622 -0.427051 3.5
      vertex -5.40622 -0.427051 0.5
    endloop
  endfacet
  facet normal -0.956948 0.290259 0
    outer loop
      vertex -5.40622 -0.427051 3.5
      vertex -5.43756 -0.530375 0.5
      vertex -5.43756 -0.530375 3.5
    endloop
  endfacet
  facet normal -0.881917 0.471405 0
    outer loop
      vertex -5.57106 -0.825 0.5
      vertex -5.52016 -0.729775 3.5
      vertex -5.52016 -0.729775 0.5
    endloop
  endfacet
  facet normal -0.881917 0.471405 0
    outer loop
      vertex -5.52016 -0.729775 3.5
      vertex -5.57106 -0.825 0.5
      vertex -5.57106 -0.825 3.5
    endloop
  endfacet
  facet normal -0.812822 0.582512 0
    outer loop
      vertex -5.69097 -1.00446 0.5
      vertex -5.62807 -0.916691 3.5
      vertex -5.62807 -0.916691 0.5
    endloop
  endfacet
  facet normal -0.812822 0.582512 0
    outer loop
      vertex -5.62807 -0.916691 3.5
      vertex -5.69097 -1.00446 0.5
      vertex -5.69097 -1.00446 3.5
    endloop
  endfacet
  facet normal -0.290329 0.956927 0
    outer loop
      vertex -6.46962 -1.56243 0.5
      vertex -6.57295 -1.59378 3.5
      vertex -6.46962 -1.56243 3.5
    endloop
  endfacet
  facet normal -0.290329 0.956927 0
    outer loop
      vertex -6.57295 -1.59378 3.5
      vertex -6.46962 -1.56243 0.5
      vertex -6.57295 -1.59378 0.5
    endloop
  endfacet
  facet normal -0.227098 0.973872 0
    outer loop
      vertex -6.57295 -1.59378 0.5
      vertex -6.6781 -1.6183 3.5
      vertex -6.57295 -1.59378 3.5
    endloop
  endfacet
  facet normal -0.227098 0.973872 0
    outer loop
      vertex -6.6781 -1.6183 3.5
      vertex -6.57295 -1.59378 0.5
      vertex -6.6781 -1.6183 0.5
    endloop
  endfacet
  facet normal -0.35223 0.935914 0
    outer loop
      vertex -6.36857 -1.5244 0.5
      vertex -6.46962 -1.56243 3.5
      vertex -6.36857 -1.5244 3.5
    endloop
  endfacet
  facet normal -0.35223 0.935914 0
    outer loop
      vertex -6.46962 -1.56243 3.5
      vertex -6.36857 -1.5244 0.5
      vertex -6.46962 -1.56243 0.5
    endloop
  endfacet
  facet normal -0.162822 0.986655 0
    outer loop
      vertex -6.6781 -1.6183 0.5
      vertex -6.78463 -1.63588 3.5
      vertex -6.6781 -1.6183 3.5
    endloop
  endfacet
  facet normal -0.162822 0.986655 0
    outer loop
      vertex -6.78463 -1.63588 3.5
      vertex -6.6781 -1.6183 0.5
      vertex -6.78463 -1.63588 0.5
    endloop
  endfacet
  facet normal -0.528091 0.849188 0
    outer loop
      vertex -6.08331 -1.37192 0.5
      vertex -6.175 -1.42894 3.5
      vertex -6.08331 -1.37192 3.5
    endloop
  endfacet
  facet normal -0.528091 0.849188 0
    outer loop
      vertex -6.175 -1.42894 3.5
      vertex -6.08331 -1.37192 0.5
      vertex -6.175 -1.42894 0.5
    endloop
  endfacet
  facet normal -0.412693 0.91087 0
    outer loop
      vertex -6.27022 -1.47984 0.5
      vertex -6.36857 -1.5244 3.5
      vertex -6.27022 -1.47984 3.5
    endloop
  endfacet
  facet normal -0.412693 0.91087 0
    outer loop
      vertex -6.36857 -1.5244 3.5
      vertex -6.27022 -1.47984 0.5
      vertex -6.36857 -1.5244 0.5
    endloop
  endfacet
  facet normal -0.634427 0.772983 0
    outer loop
      vertex -5.91208 -1.24053 0.5
      vertex -5.99554 -1.30903 3.5
      vertex -5.91208 -1.24053 3.5
    endloop
  endfacet
  facet normal -0.634427 0.772983 0
    outer loop
      vertex -5.99554 -1.30903 3.5
      vertex -5.91208 -1.24053 0.5
      vertex -5.99554 -1.30903 0.5
    endloop
  endfacet
  facet normal 0.999465 -0.0326934 0
    outer loop
      vertex -8.65 0 3.5
      vertex -8.64647 0.107915 0.5
      vertex -8.64647 0.107915 3.5
    endloop
  endfacet
  facet normal 0.999465 -0.0326934 0
    outer loop
      vertex -8.64647 0.107915 0.5
      vertex -8.65 0 3.5
      vertex -8.65 0 0.5
    endloop
  endfacet
  facet normal 0.986656 -0.16282 0
    outer loop
      vertex -8.63588 0.215367 3.5
      vertex -8.6183 0.321898 0.5
      vertex -8.6183 0.321898 3.5
    endloop
  endfacet
  facet normal 0.986656 -0.16282 0
    outer loop
      vertex -8.6183 0.321898 0.5
      vertex -8.63588 0.215367 3.5
      vertex -8.63588 0.215367 0.5
    endloop
  endfacet
  facet normal 0.772983 -0.634427 0
    outer loop
      vertex -8.30903 1.00446 3.5
      vertex -8.24053 1.08792 0.5
      vertex -8.24053 1.08792 3.5
    endloop
  endfacet
  facet normal 0.772983 -0.634427 0
    outer loop
      vertex -8.24053 1.08792 0.5
      vertex -8.30903 1.00446 3.5
      vertex -8.30903 1.00446 0.5
    endloop
  endfacet
  facet normal 0.881917 -0.471405 0
    outer loop
      vertex -8.47984 0.729775 3.5
      vertex -8.42894 0.825 0.5
      vertex -8.42894 0.825 3.5
    endloop
  endfacet
  facet normal 0.881917 -0.471405 0
    outer loop
      vertex -8.42894 0.825 0.5
      vertex -8.47984 0.729775 3.5
      vertex -8.47984 0.729775 0.5
    endloop
  endfacet
  facet normal 0.0980732 -0.995179 0
    outer loop
      vertex -7.21537 1.63588 0.5
      vertex -7.10791 1.64647 3.5
      vertex -7.21537 1.63588 3.5
    endloop
  endfacet
  facet normal 0.0980732 -0.995179 0
    outer loop
      vertex -7.10791 1.64647 3.5
      vertex -7.21537 1.63588 0.5
      vertex -7.10791 1.64647 0.5
    endloop
  endfacet
  facet normal 0.352199 -0.935925 0
    outer loop
      vertex -7.63143 1.5244 0.5
      vertex -7.53037 1.56243 3.5
      vertex -7.63143 1.5244 3.5
    endloop
  endfacet
  facet normal 0.352199 -0.935925 0
    outer loop
      vertex -7.53037 1.56243 3.5
      vertex -7.63143 1.5244 0.5
      vertex -7.53037 1.56243 0.5
    endloop
  endfacet
  facet normal 0.412693 -0.91087 0
    outer loop
      vertex -7.72978 1.47984 0.5
      vertex -7.63143 1.5244 3.5
      vertex -7.72978 1.47984 3.5
    endloop
  endfacet
  facet normal 0.412693 -0.91087 0
    outer loop
      vertex -7.63143 1.5244 3.5
      vertex -7.72978 1.47984 0.5
      vertex -7.63143 1.5244 0.5
    endloop
  endfacet
  facet normal 0.986656 0.16282 0
    outer loop
      vertex -8.6183 -0.321898 3.5
      vertex -8.63588 -0.215367 0.5
      vertex -8.63588 -0.215367 3.5
    endloop
  endfacet
  facet normal 0.986656 0.16282 0
    outer loop
      vertex -8.63588 -0.215367 0.5
      vertex -8.6183 -0.321898 3.5
      vertex -8.6183 -0.321898 0.5
    endloop
  endfacet
  facet normal 0.812866 0.582451 0
    outer loop
      vertex -8.30903 -1.00446 3.5
      vertex -8.37192 -0.916691 0.5
      vertex -8.37192 -0.916691 3.5
    endloop
  endfacet
  facet normal 0.812866 0.582451 0
    outer loop
      vertex -8.37192 -0.916691 0.5
      vertex -8.30903 -1.00446 3.5
      vertex -8.30903 -1.00446 0.5
    endloop
  endfacet
  facet normal 0.729927 0.683525 0
    outer loop
      vertex -8.16673 -1.16673 3.5
      vertex -8.24053 -1.08792 0.5
      vertex -8.24053 -1.08792 3.5
    endloop
  endfacet
  facet normal 0.729927 0.683525 0
    outer loop
      vertex -8.24053 -1.08792 0.5
      vertex -8.16673 -1.16673 3.5
      vertex -8.16673 -1.16673 0.5
    endloop
  endfacet
  facet normal -0.0326919 0.999465 0
    outer loop
      vertex -6.89208 -1.64647 0.5
      vertex -7 -1.65 3.5
      vertex -6.89208 -1.64647 3.5
    endloop
  endfacet
  facet normal -0.0326919 0.999465 0
    outer loop
      vertex -7 -1.65 3.5
      vertex -6.89208 -1.64647 0.5
      vertex -7 -1.65 0.5
    endloop
  endfacet
  facet normal 0.227098 0.973872 -0
    outer loop
      vertex -7.3219 -1.6183 0.5
      vertex -7.42705 -1.59378 3.5
      vertex -7.3219 -1.6183 3.5
    endloop
  endfacet
  facet normal 0.227098 0.973872 0
    outer loop
      vertex -7.42705 -1.59378 3.5
      vertex -7.3219 -1.6183 0.5
      vertex -7.42705 -1.59378 0.5
    endloop
  endfacet
  facet normal 0.412693 0.91087 -0
    outer loop
      vertex -7.63143 -1.5244 0.5
      vertex -7.72978 -1.47984 3.5
      vertex -7.63143 -1.5244 3.5
    endloop
  endfacet
  facet normal 0.412693 0.91087 0
    outer loop
      vertex -7.72978 -1.47984 3.5
      vertex -7.63143 -1.5244 0.5
      vertex -7.72978 -1.47984 0.5
    endloop
  endfacet
  facet normal 0.582447 0.812869 -0
    outer loop
      vertex -7.91669 -1.37192 0.5
      vertex -8.00446 -1.30903 3.5
      vertex -7.91669 -1.37192 3.5
    endloop
  endfacet
  facet normal 0.582447 0.812869 0
    outer loop
      vertex -8.00446 -1.30903 3.5
      vertex -7.91669 -1.37192 0.5
      vertex -8.00446 -1.30903 0.5
    endloop
  endfacet
  facet normal -0.995178 0.0980804 0
    outer loop
      vertex -5.36412 -0.215367 0.5
      vertex -5.35353 -0.107915 3.5
      vertex -5.35353 -0.107915 0.5
    endloop
  endfacet
  facet normal -0.995178 0.0980804 0
    outer loop
      vertex -5.35353 -0.107915 3.5
      vertex -5.36412 -0.215367 0.5
      vertex -5.36412 -0.215367 3.5
    endloop
  endfacet
  facet normal -0.973873 0.227092 0
    outer loop
      vertex -5.40622 -0.427051 0.5
      vertex -5.3817 -0.321898 3.5
      vertex -5.3817 -0.321898 0.5
    endloop
  endfacet
  facet normal -0.973873 0.227092 0
    outer loop
      vertex -5.3817 -0.321898 3.5
      vertex -5.40622 -0.427051 0.5
      vertex -5.40622 -0.427051 3.5
    endloop
  endfacet
  facet normal -0.910867 0.4127 0
    outer loop
      vertex -5.52016 -0.729775 0.5
      vertex -5.4756 -0.631427 3.5
      vertex -5.4756 -0.631427 0.5
    endloop
  endfacet
  facet normal -0.910867 0.4127 0
    outer loop
      vertex -5.4756 -0.631427 3.5
      vertex -5.52016 -0.729775 0.5
      vertex -5.52016 -0.729775 3.5
    endloop
  endfacet
  facet normal -0.773028 0.634372 0
    outer loop
      vertex -5.75946 -1.08792 0.5
      vertex -5.69097 -1.00446 3.5
      vertex -5.69097 -1.00446 0.5
    endloop
  endfacet
  facet normal -0.773028 0.634372 0
    outer loop
      vertex -5.69097 -1.00446 3.5
      vertex -5.75946 -1.08792 0.5
      vertex -5.75946 -1.08792 3.5
    endloop
  endfacet
  facet normal -0.471424 0.881906 0
    outer loop
      vertex -6.175 -1.42894 0.5
      vertex -6.27022 -1.47984 3.5
      vertex -6.175 -1.42894 3.5
    endloop
  endfacet
  facet normal -0.471424 0.881906 0
    outer loop
      vertex -6.27022 -1.47984 3.5
      vertex -6.175 -1.42894 0.5
      vertex -6.27022 -1.47984 0.5
    endloop
  endfacet
  facet normal -0.683525 0.729927 0
    outer loop
      vertex -5.83327 -1.16673 0.5
      vertex -5.91208 -1.24053 3.5
      vertex -5.83327 -1.16673 3.5
    endloop
  endfacet
  facet normal -0.683525 0.729927 0
    outer loop
      vertex -5.91208 -1.24053 3.5
      vertex -5.83327 -1.16673 0.5
      vertex -5.91208 -1.24053 0.5
    endloop
  endfacet
  facet normal 0.956922 -0.290344 0
    outer loop
      vertex -8.59378 0.427051 3.5
      vertex -8.56243 0.530375 0.5
      vertex -8.56243 0.530375 3.5
    endloop
  endfacet
  facet normal 0.956922 -0.290344 0
    outer loop
      vertex -8.56243 0.530375 0.5
      vertex -8.59378 0.427051 3.5
      vertex -8.59378 0.427051 0.5
    endloop
  endfacet
  facet normal 0.582447 -0.812869 0
    outer loop
      vertex -8.00446 1.30903 0.5
      vertex -7.91669 1.37192 3.5
      vertex -8.00446 1.30903 3.5
    endloop
  endfacet
  facet normal 0.582447 -0.812869 0
    outer loop
      vertex -7.91669 1.37192 3.5
      vertex -8.00446 1.30903 0.5
      vertex -7.91669 1.37192 0.5
    endloop
  endfacet
  facet normal 0.84919 -0.528087 0
    outer loop
      vertex -8.42894 0.825 3.5
      vertex -8.37192 0.916691 0.5
      vertex -8.37192 0.916691 3.5
    endloop
  endfacet
  facet normal 0.84919 -0.528087 0
    outer loop
      vertex -8.37192 0.916691 0.5
      vertex -8.42894 0.825 3.5
      vertex -8.42894 0.825 0.5
    endloop
  endfacet
  facet normal 0.910867 -0.4127 0
    outer loop
      vertex -8.5244 0.631427 3.5
      vertex -8.47984 0.729775 0.5
      vertex -8.47984 0.729775 3.5
    endloop
  endfacet
  facet normal 0.910867 -0.4127 0
    outer loop
      vertex -8.47984 0.729775 0.5
      vertex -8.5244 0.631427 3.5
      vertex -8.5244 0.631427 0.5
    endloop
  endfacet
  facet normal -0.528091 -0.849188 0
    outer loop
      vertex -6.175 1.42894 0.5
      vertex -6.08331 1.37192 3.5
      vertex -6.175 1.42894 3.5
    endloop
  endfacet
  facet normal -0.528091 -0.849188 -0
    outer loop
      vertex -6.08331 1.37192 3.5
      vertex -6.175 1.42894 0.5
      vertex -6.08331 1.37192 0.5
    endloop
  endfacet
  facet normal -0.0980823 -0.995178 0
    outer loop
      vertex -6.89208 1.64647 0.5
      vertex -6.78463 1.63588 3.5
      vertex -6.89208 1.64647 3.5
    endloop
  endfacet
  facet normal -0.0980823 -0.995178 -0
    outer loop
      vertex -6.78463 1.63588 3.5
      vertex -6.89208 1.64647 0.5
      vertex -6.78463 1.63588 0.5
    endloop
  endfacet
  facet normal -0.35223 -0.935914 0
    outer loop
      vertex -6.46962 1.56243 0.5
      vertex -6.36857 1.5244 3.5
      vertex -6.46962 1.56243 3.5
    endloop
  endfacet
  facet normal -0.35223 -0.935914 -0
    outer loop
      vertex -6.36857 1.5244 3.5
      vertex -6.46962 1.56243 0.5
      vertex -6.36857 1.5244 0.5
    endloop
  endfacet
  facet normal -0.290329 -0.956927 0
    outer loop
      vertex -6.57295 1.59378 0.5
      vertex -6.46962 1.56243 3.5
      vertex -6.57295 1.59378 3.5
    endloop
  endfacet
  facet normal -0.290329 -0.956927 -0
    outer loop
      vertex -6.46962 1.56243 3.5
      vertex -6.57295 1.59378 0.5
      vertex -6.46962 1.56243 0.5
    endloop
  endfacet
  facet normal -0.986656 -0.16282 0
    outer loop
      vertex -5.36412 0.215367 0.5
      vertex -5.3817 0.321898 3.5
      vertex -5.3817 0.321898 0.5
    endloop
  endfacet
  facet normal -0.986656 -0.16282 0
    outer loop
      vertex -5.3817 0.321898 3.5
      vertex -5.36412 0.215367 0.5
      vertex -5.36412 0.215367 3.5
    endloop
  endfacet
  facet normal -0.935885 -0.352305 0
    outer loop
      vertex -5.43756 0.530375 0.5
      vertex -5.4756 0.631427 3.5
      vertex -5.4756 0.631427 0.5
    endloop
  endfacet
  facet normal -0.935885 -0.352305 0
    outer loop
      vertex -5.4756 0.631427 3.5
      vertex -5.43756 0.530375 0.5
      vertex -5.43756 0.530375 3.5
    endloop
  endfacet
  facet normal -0.910867 -0.4127 0
    outer loop
      vertex -5.4756 0.631427 0.5
      vertex -5.52016 0.729775 3.5
      vertex -5.52016 0.729775 0.5
    endloop
  endfacet
  facet normal -0.910867 -0.4127 0
    outer loop
      vertex -5.52016 0.729775 3.5
      vertex -5.4756 0.631427 0.5
      vertex -5.4756 0.631427 3.5
    endloop
  endfacet
  facet normal -0.849232 -0.52802 0
    outer loop
      vertex -5.57106 0.825 0.5
      vertex -5.62807 0.916691 3.5
      vertex -5.62807 0.916691 0.5
    endloop
  endfacet
  facet normal -0.849232 -0.52802 0
    outer loop
      vertex -5.62807 0.916691 3.5
      vertex -5.57106 0.825 0.5
      vertex -5.57106 0.825 3.5
    endloop
  endfacet
  facet normal -0.812822 -0.582512 0
    outer loop
      vertex -5.62807 0.916691 0.5
      vertex -5.69097 1.00446 3.5
      vertex -5.69097 1.00446 0.5
    endloop
  endfacet
  facet normal -0.812822 -0.582512 0
    outer loop
      vertex -5.69097 1.00446 3.5
      vertex -5.62807 0.916691 0.5
      vertex -5.62807 0.916691 3.5
    endloop
  endfacet
  facet normal -0.729881 -0.683574 0
    outer loop
      vertex -5.75946 1.08792 0.5
      vertex -5.83327 1.16673 3.5
      vertex -5.83327 1.16673 0.5
    endloop
  endfacet
  facet normal -0.729881 -0.683574 0
    outer loop
      vertex -5.83327 1.16673 3.5
      vertex -5.75946 1.08792 0.5
      vertex -5.75946 1.08792 3.5
    endloop
  endfacet
  facet normal 0.729927 -0.683525 0
    outer loop
      vertex -8.24053 1.08792 3.5
      vertex -8.16673 1.16673 0.5
      vertex -8.16673 1.16673 3.5
    endloop
  endfacet
  facet normal 0.729927 -0.683525 0
    outer loop
      vertex -8.16673 1.16673 0.5
      vertex -8.24053 1.08792 3.5
      vertex -8.24053 1.08792 0.5
    endloop
  endfacet
  facet normal 0.683525 -0.729927 0
    outer loop
      vertex -8.16673 1.16673 0.5
      vertex -8.08792 1.24053 3.5
      vertex -8.16673 1.16673 3.5
    endloop
  endfacet
  facet normal 0.683525 -0.729927 0
    outer loop
      vertex -8.08792 1.24053 3.5
      vertex -8.16673 1.16673 0.5
      vertex -8.08792 1.24053 0.5
    endloop
  endfacet
  facet normal 0.812866 -0.582451 0
    outer loop
      vertex -8.37192 0.916691 3.5
      vertex -8.30903 1.00446 0.5
      vertex -8.30903 1.00446 3.5
    endloop
  endfacet
  facet normal 0.812866 -0.582451 0
    outer loop
      vertex -8.30903 1.00446 0.5
      vertex -8.37192 0.916691 3.5
      vertex -8.37192 0.916691 0.5
    endloop
  endfacet
  facet normal -0.634427 -0.772983 0
    outer loop
      vertex -5.99554 1.30903 0.5
      vertex -5.91208 1.24053 3.5
      vertex -5.99554 1.30903 3.5
    endloop
  endfacet
  facet normal -0.634427 -0.772983 -0
    outer loop
      vertex -5.91208 1.24053 3.5
      vertex -5.99554 1.30903 0.5
      vertex -5.91208 1.24053 0.5
    endloop
  endfacet
  facet normal 0.032695 -0.999465 0
    outer loop
      vertex -7.10791 1.64647 0.5
      vertex -7 1.65 3.5
      vertex -7.10791 1.64647 3.5
    endloop
  endfacet
  facet normal 0.032695 -0.999465 0
    outer loop
      vertex -7 1.65 3.5
      vertex -7.10791 1.64647 0.5
      vertex -7 1.65 0.5
    endloop
  endfacet
  facet normal -0.0326919 -0.999465 0
    outer loop
      vertex -7 1.65 0.5
      vertex -6.89208 1.64647 3.5
      vertex -7 1.65 3.5
    endloop
  endfacet
  facet normal -0.0326919 -0.999465 -0
    outer loop
      vertex -6.89208 1.64647 3.5
      vertex -7 1.65 0.5
      vertex -6.89208 1.64647 0.5
    endloop
  endfacet
  facet normal -0.582447 -0.812869 0
    outer loop
      vertex -6.08331 1.37192 0.5
      vertex -5.99554 1.30903 3.5
      vertex -6.08331 1.37192 3.5
    endloop
  endfacet
  facet normal -0.582447 -0.812869 -0
    outer loop
      vertex -5.99554 1.30903 3.5
      vertex -6.08331 1.37192 0.5
      vertex -5.99554 1.30903 0.5
    endloop
  endfacet
  facet normal -0.412693 -0.91087 0
    outer loop
      vertex -6.36857 1.5244 0.5
      vertex -6.27022 1.47984 3.5
      vertex -6.36857 1.5244 3.5
    endloop
  endfacet
  facet normal -0.412693 -0.91087 -0
    outer loop
      vertex -6.27022 1.47984 3.5
      vertex -6.36857 1.5244 0.5
      vertex -6.27022 1.47984 0.5
    endloop
  endfacet
  facet normal -0.471424 -0.881906 0
    outer loop
      vertex -6.27022 1.47984 0.5
      vertex -6.175 1.42894 3.5
      vertex -6.27022 1.47984 3.5
    endloop
  endfacet
  facet normal -0.471424 -0.881906 -0
    outer loop
      vertex -6.175 1.42894 3.5
      vertex -6.27022 1.47984 0.5
      vertex -6.175 1.42894 0.5
    endloop
  endfacet
  facet normal -0.956948 -0.290259 0
    outer loop
      vertex -5.40622 0.427051 0.5
      vertex -5.43756 0.530375 3.5
      vertex -5.43756 0.530375 0.5
    endloop
  endfacet
  facet normal -0.956948 -0.290259 0
    outer loop
      vertex -5.43756 0.530375 3.5
      vertex -5.40622 0.427051 0.5
      vertex -5.40622 0.427051 3.5
    endloop
  endfacet
  facet normal -0.973873 -0.227092 0
    outer loop
      vertex -5.3817 0.321898 0.5
      vertex -5.40622 0.427051 3.5
      vertex -5.40622 0.427051 0.5
    endloop
  endfacet
  facet normal -0.973873 -0.227092 0
    outer loop
      vertex -5.40622 0.427051 3.5
      vertex -5.3817 0.321898 0.5
      vertex -5.3817 0.321898 3.5
    endloop
  endfacet
  facet normal -0.995178 -0.0980804 0
    outer loop
      vertex -5.35353 0.107915 0.5
      vertex -5.36412 0.215367 3.5
      vertex -5.36412 0.215367 0.5
    endloop
  endfacet
  facet normal -0.995178 -0.0980804 0
    outer loop
      vertex -5.36412 0.215367 3.5
      vertex -5.35353 0.107915 0.5
      vertex -5.35353 0.107915 3.5
    endloop
  endfacet
  facet normal -0.881917 -0.471405 0
    outer loop
      vertex -5.52016 0.729775 0.5
      vertex -5.57106 0.825 3.5
      vertex -5.57106 0.825 0.5
    endloop
  endfacet
  facet normal -0.881917 -0.471405 0
    outer loop
      vertex -5.57106 0.825 3.5
      vertex -5.52016 0.729775 0.5
      vertex -5.52016 0.729775 3.5
    endloop
  endfacet
  facet normal -0.773028 -0.634372 0
    outer loop
      vertex -5.69097 1.00446 0.5
      vertex -5.75946 1.08792 3.5
      vertex -5.75946 1.08792 0.5
    endloop
  endfacet
  facet normal -0.773028 -0.634372 0
    outer loop
      vertex -5.75946 1.08792 3.5
      vertex -5.69097 1.00446 0.5
      vertex -5.69097 1.00446 3.5
    endloop
  endfacet
  facet normal 0.290354 -0.956919 0
    outer loop
      vertex -7.53037 1.56243 0.5
      vertex -7.42705 1.59378 3.5
      vertex -7.53037 1.56243 3.5
    endloop
  endfacet
  facet normal 0.290354 -0.956919 0
    outer loop
      vertex -7.42705 1.59378 3.5
      vertex -7.53037 1.56243 0.5
      vertex -7.42705 1.59378 0.5
    endloop
  endfacet
  facet normal 0.227098 -0.973872 0
    outer loop
      vertex -7.42705 1.59378 0.5
      vertex -7.3219 1.6183 3.5
      vertex -7.42705 1.59378 3.5
    endloop
  endfacet
  facet normal 0.227098 -0.973872 0
    outer loop
      vertex -7.3219 1.6183 3.5
      vertex -7.42705 1.59378 0.5
      vertex -7.3219 1.6183 0.5
    endloop
  endfacet
  facet normal 0.634427 -0.772983 0
    outer loop
      vertex -8.08792 1.24053 0.5
      vertex -8.00446 1.30903 3.5
      vertex -8.08792 1.24053 3.5
    endloop
  endfacet
  facet normal 0.634427 -0.772983 0
    outer loop
      vertex -8.00446 1.30903 3.5
      vertex -8.08792 1.24053 0.5
      vertex -8.00446 1.30903 0.5
    endloop
  endfacet
  facet normal 0.528091 -0.849188 0
    outer loop
      vertex -7.91669 1.37192 0.5
      vertex -7.825 1.42894 3.5
      vertex -7.91669 1.37192 3.5
    endloop
  endfacet
  facet normal 0.528091 -0.849188 0
    outer loop
      vertex -7.825 1.42894 3.5
      vertex -7.91669 1.37192 0.5
      vertex -7.825 1.42894 0.5
    endloop
  endfacet
  facet normal 0.471424 -0.881906 0
    outer loop
      vertex -7.825 1.42894 0.5
      vertex -7.72978 1.47984 3.5
      vertex -7.825 1.42894 3.5
    endloop
  endfacet
  facet normal 0.471424 -0.881906 0
    outer loop
      vertex -7.72978 1.47984 3.5
      vertex -7.825 1.42894 0.5
      vertex -7.72978 1.47984 0.5
    endloop
  endfacet
  facet normal -0.227098 -0.973872 0
    outer loop
      vertex -6.6781 1.6183 0.5
      vertex -6.57295 1.59378 3.5
      vertex -6.6781 1.6183 3.5
    endloop
  endfacet
  facet normal -0.227098 -0.973872 -0
    outer loop
      vertex -6.57295 1.59378 3.5
      vertex -6.6781 1.6183 0.5
      vertex -6.57295 1.59378 0.5
    endloop
  endfacet
  facet normal -0.162822 -0.986655 0
    outer loop
      vertex -6.78463 1.63588 0.5
      vertex -6.6781 1.6183 3.5
      vertex -6.78463 1.63588 3.5
    endloop
  endfacet
  facet normal -0.162822 -0.986655 -0
    outer loop
      vertex -6.6781 1.6183 3.5
      vertex -6.78463 1.63588 0.5
      vertex -6.6781 1.6183 0.5
    endloop
  endfacet
  facet normal -0.0326934 0.999465 0
    outer loop
      vertex 0.107915 -8.64647 0.5
      vertex 0 -8.65 3.5
      vertex 0.107915 -8.64647 3.5
    endloop
  endfacet
  facet normal -0.0326934 0.999465 0
    outer loop
      vertex 0 -8.65 3.5
      vertex 0.107915 -8.64647 0.5
      vertex 0 -8.65 0.5
    endloop
  endfacet
  facet normal -0.0326934 -0.999465 0
    outer loop
      vertex 0 -5.35 0.5
      vertex 0.107915 -5.35353 3.5
      vertex 0 -5.35 3.5
    endloop
  endfacet
  facet normal -0.0326934 -0.999465 -0
    outer loop
      vertex 0.107915 -5.35353 3.5
      vertex 0 -5.35 0.5
      vertex 0.107915 -5.35353 0.5
    endloop
  endfacet
  facet normal -0.999465 -0.0326919 0
    outer loop
      vertex 1.65 -7 0.5
      vertex 1.64647 -6.89208 3.5
      vertex 1.64647 -6.89208 0.5
    endloop
  endfacet
  facet normal -0.999465 -0.0326919 0
    outer loop
      vertex 1.64647 -6.89208 3.5
      vertex 1.65 -7 0.5
      vertex 1.65 -7 3.5
    endloop
  endfacet
  facet normal -0.729927 -0.683525 0
    outer loop
      vertex 1.24053 -5.91208 0.5
      vertex 1.16673 -5.83327 3.5
      vertex 1.16673 -5.83327 0.5
    endloop
  endfacet
  facet normal -0.729927 -0.683525 0
    outer loop
      vertex 1.16673 -5.83327 3.5
      vertex 1.24053 -5.91208 0.5
      vertex 1.24053 -5.91208 3.5
    endloop
  endfacet
  facet normal -0.935914 -0.35223 0
    outer loop
      vertex 1.56243 -6.46962 0.5
      vertex 1.5244 -6.36857 3.5
      vertex 1.5244 -6.36857 0.5
    endloop
  endfacet
  facet normal -0.935914 -0.35223 0
    outer loop
      vertex 1.5244 -6.36857 3.5
      vertex 1.56243 -6.46962 0.5
      vertex 1.56243 -6.46962 3.5
    endloop
  endfacet
  facet normal -0.4127 0.910867 0
    outer loop
      vertex 0.729775 -8.47984 0.5
      vertex 0.631427 -8.5244 3.5
      vertex 0.729775 -8.47984 3.5
    endloop
  endfacet
  facet normal -0.4127 0.910867 0
    outer loop
      vertex 0.631427 -8.5244 3.5
      vertex 0.729775 -8.47984 0.5
      vertex 0.631427 -8.5244 0.5
    endloop
  endfacet
  facet normal -0.4127 -0.910867 0
    outer loop
      vertex 0.631427 -5.4756 0.5
      vertex 0.729775 -5.52016 3.5
      vertex 0.631427 -5.4756 3.5
    endloop
  endfacet
  facet normal -0.4127 -0.910867 -0
    outer loop
      vertex 0.729775 -5.52016 3.5
      vertex 0.631427 -5.4756 0.5
      vertex 0.729775 -5.52016 0.5
    endloop
  endfacet
  facet normal -0.986655 -0.162822 0
    outer loop
      vertex 1.63588 -6.78463 0.5
      vertex 1.6183 -6.6781 3.5
      vertex 1.6183 -6.6781 0.5
    endloop
  endfacet
  facet normal -0.986655 -0.162822 0
    outer loop
      vertex 1.6183 -6.6781 3.5
      vertex 1.63588 -6.78463 0.5
      vertex 1.63588 -6.78463 3.5
    endloop
  endfacet
  facet normal -0.290344 0.956922 0
    outer loop
      vertex 0.530375 -8.56243 0.5
      vertex 0.427051 -8.59378 3.5
      vertex 0.530375 -8.56243 3.5
    endloop
  endfacet
  facet normal -0.290344 0.956922 0
    outer loop
      vertex 0.427051 -8.59378 3.5
      vertex 0.530375 -8.56243 0.5
      vertex 0.427051 -8.59378 0.5
    endloop
  endfacet
  facet normal -0.582451 0.812866 0
    outer loop
      vertex 1.00446 -8.30903 0.5
      vertex 0.916691 -8.37192 3.5
      vertex 1.00446 -8.30903 3.5
    endloop
  endfacet
  facet normal -0.582451 0.812866 0
    outer loop
      vertex 0.916691 -8.37192 3.5
      vertex 1.00446 -8.30903 0.5
      vertex 0.916691 -8.37192 0.5
    endloop
  endfacet
  facet normal -0.471405 0.881917 0
    outer loop
      vertex 0.825 -8.42894 0.5
      vertex 0.729775 -8.47984 3.5
      vertex 0.825 -8.42894 3.5
    endloop
  endfacet
  facet normal -0.471405 0.881917 0
    outer loop
      vertex 0.729775 -8.47984 3.5
      vertex 0.825 -8.42894 0.5
      vertex 0.729775 -8.47984 0.5
    endloop
  endfacet
  facet normal -0.995179 0.0980732 0
    outer loop
      vertex 1.63588 -7.21537 0.5
      vertex 1.64647 -7.10791 3.5
      vertex 1.64647 -7.10791 0.5
    endloop
  endfacet
  facet normal -0.995179 0.0980732 0
    outer loop
      vertex 1.64647 -7.10791 3.5
      vertex 1.63588 -7.21537 0.5
      vertex 1.63588 -7.21537 3.5
    endloop
  endfacet
  facet normal -0.290259 -0.956948 0
    outer loop
      vertex 0.427051 -5.40622 0.5
      vertex 0.530375 -5.43756 3.5
      vertex 0.427051 -5.40622 3.5
    endloop
  endfacet
  facet normal -0.290259 -0.956948 -0
    outer loop
      vertex 0.530375 -5.43756 3.5
      vertex 0.427051 -5.40622 0.5
      vertex 0.530375 -5.43756 0.5
    endloop
  endfacet
  facet normal -0.582512 -0.812822 0
    outer loop
      vertex 0.916691 -5.62807 0.5
      vertex 1.00446 -5.69097 3.5
      vertex 0.916691 -5.62807 3.5
    endloop
  endfacet
  facet normal -0.582512 -0.812822 -0
    outer loop
      vertex 1.00446 -5.69097 3.5
      vertex 0.916691 -5.62807 0.5
      vertex 1.00446 -5.69097 0.5
    endloop
  endfacet
  facet normal -0.52802 -0.849232 0
    outer loop
      vertex 0.825 -5.57106 0.5
      vertex 0.916691 -5.62807 3.5
      vertex 0.825 -5.57106 3.5
    endloop
  endfacet
  facet normal -0.52802 -0.849232 -0
    outer loop
      vertex 0.916691 -5.62807 3.5
      vertex 0.825 -5.57106 0.5
      vertex 0.916691 -5.62807 0.5
    endloop
  endfacet
  facet normal -0.352305 -0.935885 0
    outer loop
      vertex 0.530375 -5.43756 0.5
      vertex 0.631427 -5.4756 3.5
      vertex 0.530375 -5.43756 3.5
    endloop
  endfacet
  facet normal -0.352305 -0.935885 -0
    outer loop
      vertex 0.631427 -5.4756 3.5
      vertex 0.530375 -5.43756 0.5
      vertex 0.631427 -5.4756 0.5
    endloop
  endfacet
  facet normal -0.0980804 -0.995178 0
    outer loop
      vertex 0.107915 -5.35353 0.5
      vertex 0.215367 -5.36412 3.5
      vertex 0.107915 -5.35353 3.5
    endloop
  endfacet
  facet normal -0.0980804 -0.995178 -0
    outer loop
      vertex 0.215367 -5.36412 3.5
      vertex 0.107915 -5.35353 0.5
      vertex 0.215367 -5.36412 0.5
    endloop
  endfacet
  facet normal -0.849188 -0.528091 0
    outer loop
      vertex 1.42894 -6.175 0.5
      vertex 1.37192 -6.08331 3.5
      vertex 1.37192 -6.08331 0.5
    endloop
  endfacet
  facet normal -0.849188 -0.528091 0
    outer loop
      vertex 1.37192 -6.08331 3.5
      vertex 1.42894 -6.175 0.5
      vertex 1.42894 -6.175 3.5
    endloop
  endfacet
  facet normal -0.881906 -0.471424 0
    outer loop
      vertex 1.47984 -6.27022 0.5
      vertex 1.42894 -6.175 3.5
      vertex 1.42894 -6.175 0.5
    endloop
  endfacet
  facet normal -0.881906 -0.471424 0
    outer loop
      vertex 1.42894 -6.175 3.5
      vertex 1.47984 -6.27022 0.5
      vertex 1.47984 -6.27022 3.5
    endloop
  endfacet
  facet normal -0.812869 -0.582447 0
    outer loop
      vertex 1.37192 -6.08331 0.5
      vertex 1.30903 -5.99554 3.5
      vertex 1.30903 -5.99554 0.5
    endloop
  endfacet
  facet normal -0.812869 -0.582447 0
    outer loop
      vertex 1.30903 -5.99554 3.5
      vertex 1.37192 -6.08331 0.5
      vertex 1.37192 -6.08331 3.5
    endloop
  endfacet
  facet normal -0.956927 -0.290329 0
    outer loop
      vertex 1.59378 -6.57295 0.5
      vertex 1.56243 -6.46962 3.5
      vertex 1.56243 -6.46962 0.5
    endloop
  endfacet
  facet normal -0.956927 -0.290329 0
    outer loop
      vertex 1.56243 -6.46962 3.5
      vertex 1.59378 -6.57295 0.5
      vertex 1.59378 -6.57295 3.5
    endloop
  endfacet
  facet normal -0.995178 -0.0980823 0
    outer loop
      vertex 1.64647 -6.89208 0.5
      vertex 1.63588 -6.78463 3.5
      vertex 1.63588 -6.78463 0.5
    endloop
  endfacet
  facet normal -0.995178 -0.0980823 0
    outer loop
      vertex 1.63588 -6.78463 3.5
      vertex 1.64647 -6.89208 0.5
      vertex 1.64647 -6.89208 3.5
    endloop
  endfacet
  facet normal 0.290344 0.956922 -0
    outer loop
      vertex -0.427051 -8.59378 0.5
      vertex -0.530375 -8.56243 3.5
      vertex -0.427051 -8.59378 3.5
    endloop
  endfacet
  facet normal 0.290344 0.956922 0
    outer loop
      vertex -0.530375 -8.56243 3.5
      vertex -0.427051 -8.59378 0.5
      vertex -0.530375 -8.56243 0.5
    endloop
  endfacet
  facet normal 0.881906 0.471424 0
    outer loop
      vertex -1.42894 -7.825 3.5
      vertex -1.47984 -7.72978 0.5
      vertex -1.47984 -7.72978 3.5
    endloop
  endfacet
  facet normal 0.881906 0.471424 0
    outer loop
      vertex -1.47984 -7.72978 0.5
      vertex -1.42894 -7.825 3.5
      vertex -1.42894 -7.825 0.5
    endloop
  endfacet
  facet normal 0.91087 0.412693 0
    outer loop
      vertex -1.47984 -7.72978 3.5
      vertex -1.5244 -7.63143 0.5
      vertex -1.5244 -7.63143 3.5
    endloop
  endfacet
  facet normal 0.91087 0.412693 0
    outer loop
      vertex -1.5244 -7.63143 0.5
      vertex -1.47984 -7.72978 3.5
      vertex -1.47984 -7.72978 0.5
    endloop
  endfacet
  facet normal -0.0980804 0.995178 0
    outer loop
      vertex 0.215367 -8.63588 0.5
      vertex 0.107915 -8.64647 3.5
      vertex 0.215367 -8.63588 3.5
    endloop
  endfacet
  facet normal -0.0980804 0.995178 0
    outer loop
      vertex 0.107915 -8.64647 3.5
      vertex 0.215367 -8.63588 0.5
      vertex 0.107915 -8.64647 0.5
    endloop
  endfacet
  facet normal -0.227092 0.973873 0
    outer loop
      vertex 0.427051 -8.59378 0.5
      vertex 0.321898 -8.6183 3.5
      vertex 0.427051 -8.59378 3.5
    endloop
  endfacet
  facet normal -0.227092 0.973873 0
    outer loop
      vertex 0.321898 -8.6183 3.5
      vertex 0.427051 -8.59378 0.5
      vertex 0.321898 -8.6183 0.5
    endloop
  endfacet
  facet normal -0.352223 0.935916 0
    outer loop
      vertex 0.631427 -8.5244 0.5
      vertex 0.530375 -8.56243 3.5
      vertex 0.631427 -8.5244 3.5
    endloop
  endfacet
  facet normal -0.352223 0.935916 0
    outer loop
      vertex 0.530375 -8.56243 3.5
      vertex 0.631427 -8.5244 0.5
      vertex 0.530375 -8.56243 0.5
    endloop
  endfacet
  facet normal -0.634427 0.772983 0
    outer loop
      vertex 1.08792 -8.24053 0.5
      vertex 1.00446 -8.30903 3.5
      vertex 1.08792 -8.24053 3.5
    endloop
  endfacet
  facet normal -0.634427 0.772983 0
    outer loop
      vertex 1.00446 -8.30903 3.5
      vertex 1.08792 -8.24053 0.5
      vertex 1.00446 -8.30903 0.5
    endloop
  endfacet
  facet normal -0.729927 0.683525 0
    outer loop
      vertex 1.16673 -8.16673 0.5
      vertex 1.24053 -8.08792 3.5
      vertex 1.24053 -8.08792 0.5
    endloop
  endfacet
  facet normal -0.729927 0.683525 0
    outer loop
      vertex 1.24053 -8.08792 3.5
      vertex 1.16673 -8.16673 0.5
      vertex 1.16673 -8.16673 3.5
    endloop
  endfacet
  facet normal -0.528087 0.84919 0
    outer loop
      vertex 0.916691 -8.37192 0.5
      vertex 0.825 -8.42894 3.5
      vertex 0.916691 -8.37192 3.5
    endloop
  endfacet
  facet normal -0.528087 0.84919 0
    outer loop
      vertex 0.825 -8.42894 3.5
      vertex 0.916691 -8.37192 0.5
      vertex 0.825 -8.42894 0.5
    endloop
  endfacet
  facet normal -0.956919 0.290354 0
    outer loop
      vertex 1.56243 -7.53037 0.5
      vertex 1.59378 -7.42705 3.5
      vertex 1.59378 -7.42705 0.5
    endloop
  endfacet
  facet normal -0.956919 0.290354 0
    outer loop
      vertex 1.59378 -7.42705 3.5
      vertex 1.56243 -7.53037 0.5
      vertex 1.56243 -7.53037 3.5
    endloop
  endfacet
  facet normal -0.986655 0.162822 0
    outer loop
      vertex 1.6183 -7.3219 0.5
      vertex 1.63588 -7.21537 3.5
      vertex 1.63588 -7.21537 0.5
    endloop
  endfacet
  facet normal -0.986655 0.162822 0
    outer loop
      vertex 1.63588 -7.21537 3.5
      vertex 1.6183 -7.3219 0.5
      vertex 1.6183 -7.3219 3.5
    endloop
  endfacet
  facet normal -0.999465 0.032695 0
    outer loop
      vertex 1.64647 -7.10791 0.5
      vertex 1.65 -7 3.5
      vertex 1.65 -7 0.5
    endloop
  endfacet
  facet normal -0.999465 0.032695 0
    outer loop
      vertex 1.65 -7 3.5
      vertex 1.64647 -7.10791 0.5
      vertex 1.64647 -7.10791 3.5
    endloop
  endfacet
  facet normal -0.881906 0.471424 0
    outer loop
      vertex 1.42894 -7.825 0.5
      vertex 1.47984 -7.72978 3.5
      vertex 1.47984 -7.72978 0.5
    endloop
  endfacet
  facet normal -0.881906 0.471424 0
    outer loop
      vertex 1.47984 -7.72978 3.5
      vertex 1.42894 -7.825 0.5
      vertex 1.42894 -7.825 3.5
    endloop
  endfacet
  facet normal -0.935925 0.352199 0
    outer loop
      vertex 1.5244 -7.63143 0.5
      vertex 1.56243 -7.53037 3.5
      vertex 1.56243 -7.53037 0.5
    endloop
  endfacet
  facet normal -0.935925 0.352199 0
    outer loop
      vertex 1.56243 -7.53037 3.5
      vertex 1.5244 -7.63143 0.5
      vertex 1.5244 -7.63143 3.5
    endloop
  endfacet
  facet normal -0.849188 0.528091 0
    outer loop
      vertex 1.37192 -7.91669 0.5
      vertex 1.42894 -7.825 3.5
      vertex 1.42894 -7.825 0.5
    endloop
  endfacet
  facet normal -0.849188 0.528091 0
    outer loop
      vertex 1.42894 -7.825 3.5
      vertex 1.37192 -7.91669 0.5
      vertex 1.37192 -7.91669 3.5
    endloop
  endfacet
  facet normal -0.772983 0.634427 0
    outer loop
      vertex 1.24053 -8.08792 0.5
      vertex 1.30903 -8.00446 3.5
      vertex 1.30903 -8.00446 0.5
    endloop
  endfacet
  facet normal -0.772983 0.634427 0
    outer loop
      vertex 1.30903 -8.00446 3.5
      vertex 1.24053 -8.08792 0.5
      vertex 1.24053 -8.08792 3.5
    endloop
  endfacet
  facet normal -0.634372 -0.773028 0
    outer loop
      vertex 1.00446 -5.69097 0.5
      vertex 1.08792 -5.75946 3.5
      vertex 1.00446 -5.69097 3.5
    endloop
  endfacet
  facet normal -0.634372 -0.773028 -0
    outer loop
      vertex 1.08792 -5.75946 3.5
      vertex 1.00446 -5.69097 0.5
      vertex 1.08792 -5.75946 0.5
    endloop
  endfacet
  facet normal -0.683574 -0.729881 0
    outer loop
      vertex 1.08792 -5.75946 0.5
      vertex 1.16673 -5.83327 3.5
      vertex 1.08792 -5.75946 3.5
    endloop
  endfacet
  facet normal -0.683574 -0.729881 -0
    outer loop
      vertex 1.16673 -5.83327 3.5
      vertex 1.08792 -5.75946 0.5
      vertex 1.16673 -5.83327 0.5
    endloop
  endfacet
  facet normal -0.227092 -0.973873 0
    outer loop
      vertex 0.321898 -5.3817 0.5
      vertex 0.427051 -5.40622 3.5
      vertex 0.321898 -5.3817 3.5
    endloop
  endfacet
  facet normal -0.227092 -0.973873 -0
    outer loop
      vertex 0.427051 -5.40622 3.5
      vertex 0.321898 -5.3817 0.5
      vertex 0.427051 -5.40622 0.5
    endloop
  endfacet
  facet normal 0.16282 0.986656 -0
    outer loop
      vertex -0.215367 -8.63588 0.5
      vertex -0.321898 -8.6183 3.5
      vertex -0.215367 -8.63588 3.5
    endloop
  endfacet
  facet normal 0.16282 0.986656 0
    outer loop
      vertex -0.321898 -8.6183 3.5
      vertex -0.215367 -8.63588 0.5
      vertex -0.321898 -8.6183 0.5
    endloop
  endfacet
  facet normal 0.227092 0.973873 -0
    outer loop
      vertex -0.321898 -8.6183 0.5
      vertex -0.427051 -8.59378 3.5
      vertex -0.321898 -8.6183 3.5
    endloop
  endfacet
  facet normal 0.227092 0.973873 0
    outer loop
      vertex -0.427051 -8.59378 3.5
      vertex -0.321898 -8.6183 0.5
      vertex -0.427051 -8.59378 0.5
    endloop
  endfacet
  facet normal 0.0980804 0.995178 -0
    outer loop
      vertex -0.107915 -8.64647 0.5
      vertex -0.215367 -8.63588 3.5
      vertex -0.107915 -8.64647 3.5
    endloop
  endfacet
  facet normal 0.0980804 0.995178 0
    outer loop
      vertex -0.215367 -8.63588 3.5
      vertex -0.107915 -8.64647 0.5
      vertex -0.215367 -8.63588 0.5
    endloop
  endfacet
  facet normal 0.352223 0.935916 -0
    outer loop
      vertex -0.530375 -8.56243 0.5
      vertex -0.631427 -8.5244 3.5
      vertex -0.530375 -8.56243 3.5
    endloop
  endfacet
  facet normal 0.352223 0.935916 0
    outer loop
      vertex -0.631427 -8.5244 3.5
      vertex -0.530375 -8.56243 0.5
      vertex -0.631427 -8.5244 0.5
    endloop
  endfacet
  facet normal 0.16282 -0.986656 0
    outer loop
      vertex -0.321898 -5.3817 0.5
      vertex -0.215367 -5.36412 3.5
      vertex -0.321898 -5.3817 3.5
    endloop
  endfacet
  facet normal 0.16282 -0.986656 0
    outer loop
      vertex -0.215367 -5.36412 3.5
      vertex -0.321898 -5.3817 0.5
      vertex -0.215367 -5.36412 0.5
    endloop
  endfacet
  facet normal 0.995179 0.0980732 0
    outer loop
      vertex -1.63588 -7.21537 3.5
      vertex -1.64647 -7.10791 0.5
      vertex -1.64647 -7.10791 3.5
    endloop
  endfacet
  facet normal 0.995179 0.0980732 0
    outer loop
      vertex -1.64647 -7.10791 0.5
      vertex -1.63588 -7.21537 3.5
      vertex -1.63588 -7.21537 0.5
    endloop
  endfacet
  facet normal 0.935925 0.352199 0
    outer loop
      vertex -1.5244 -7.63143 3.5
      vertex -1.56243 -7.53037 0.5
      vertex -1.56243 -7.53037 3.5
    endloop
  endfacet
  facet normal 0.935925 0.352199 0
    outer loop
      vertex -1.56243 -7.53037 0.5
      vertex -1.5244 -7.63143 3.5
      vertex -1.5244 -7.63143 0.5
    endloop
  endfacet
  facet normal 0.973872 0.227098 0
    outer loop
      vertex -1.59378 -7.42705 3.5
      vertex -1.6183 -7.3219 0.5
      vertex -1.6183 -7.3219 3.5
    endloop
  endfacet
  facet normal 0.973872 0.227098 0
    outer loop
      vertex -1.6183 -7.3219 0.5
      vertex -1.59378 -7.42705 3.5
      vertex -1.59378 -7.42705 0.5
    endloop
  endfacet
  facet normal -0.16282 0.986656 0
    outer loop
      vertex 0.321898 -8.6183 0.5
      vertex 0.215367 -8.63588 3.5
      vertex 0.321898 -8.6183 3.5
    endloop
  endfacet
  facet normal -0.16282 0.986656 0
    outer loop
      vertex 0.215367 -8.63588 3.5
      vertex 0.321898 -8.6183 0.5
      vertex 0.215367 -8.63588 0.5
    endloop
  endfacet
  facet normal -0.683525 0.729927 0
    outer loop
      vertex 1.16673 -8.16673 0.5
      vertex 1.08792 -8.24053 3.5
      vertex 1.16673 -8.16673 3.5
    endloop
  endfacet
  facet normal -0.683525 0.729927 0
    outer loop
      vertex 1.08792 -8.24053 3.5
      vertex 1.16673 -8.16673 0.5
      vertex 1.08792 -8.24053 0.5
    endloop
  endfacet
  facet normal -0.973872 0.227098 0
    outer loop
      vertex 1.59378 -7.42705 0.5
      vertex 1.6183 -7.3219 3.5
      vertex 1.6183 -7.3219 0.5
    endloop
  endfacet
  facet normal -0.973872 0.227098 0
    outer loop
      vertex 1.6183 -7.3219 3.5
      vertex 1.59378 -7.42705 0.5
      vertex 1.59378 -7.42705 3.5
    endloop
  endfacet
  facet normal -0.91087 0.412693 0
    outer loop
      vertex 1.47984 -7.72978 0.5
      vertex 1.5244 -7.63143 3.5
      vertex 1.5244 -7.63143 0.5
    endloop
  endfacet
  facet normal -0.91087 0.412693 0
    outer loop
      vertex 1.5244 -7.63143 3.5
      vertex 1.47984 -7.72978 0.5
      vertex 1.47984 -7.72978 3.5
    endloop
  endfacet
  facet normal -0.812869 0.582447 0
    outer loop
      vertex 1.30903 -8.00446 0.5
      vertex 1.37192 -7.91669 3.5
      vertex 1.37192 -7.91669 0.5
    endloop
  endfacet
  facet normal -0.812869 0.582447 0
    outer loop
      vertex 1.37192 -7.91669 3.5
      vertex 1.30903 -8.00446 0.5
      vertex 1.30903 -8.00446 3.5
    endloop
  endfacet
  facet normal -0.471405 -0.881917 0
    outer loop
      vertex 0.729775 -5.52016 0.5
      vertex 0.825 -5.57106 3.5
      vertex 0.729775 -5.52016 3.5
    endloop
  endfacet
  facet normal -0.471405 -0.881917 -0
    outer loop
      vertex 0.825 -5.57106 3.5
      vertex 0.729775 -5.52016 0.5
      vertex 0.825 -5.57106 0.5
    endloop
  endfacet
  facet normal -0.16282 -0.986656 0
    outer loop
      vertex 0.215367 -5.36412 0.5
      vertex 0.321898 -5.3817 3.5
      vertex 0.215367 -5.36412 3.5
    endloop
  endfacet
  facet normal -0.16282 -0.986656 -0
    outer loop
      vertex 0.321898 -5.3817 3.5
      vertex 0.215367 -5.36412 0.5
      vertex 0.321898 -5.3817 0.5
    endloop
  endfacet
  facet normal -0.91087 -0.412693 0
    outer loop
      vertex 1.5244 -6.36857 0.5
      vertex 1.47984 -6.27022 3.5
      vertex 1.47984 -6.27022 0.5
    endloop
  endfacet
  facet normal -0.91087 -0.412693 0
    outer loop
      vertex 1.47984 -6.27022 3.5
      vertex 1.5244 -6.36857 0.5
      vertex 1.5244 -6.36857 3.5
    endloop
  endfacet
  facet normal -0.772983 -0.634427 0
    outer loop
      vertex 1.30903 -5.99554 0.5
      vertex 1.24053 -5.91208 3.5
      vertex 1.24053 -5.91208 0.5
    endloop
  endfacet
  facet normal -0.772983 -0.634427 0
    outer loop
      vertex 1.24053 -5.91208 3.5
      vertex 1.30903 -5.99554 0.5
      vertex 1.30903 -5.99554 3.5
    endloop
  endfacet
  facet normal -0.973872 -0.227098 0
    outer loop
      vertex 1.6183 -6.6781 0.5
      vertex 1.59378 -6.57295 3.5
      vertex 1.59378 -6.57295 0.5
    endloop
  endfacet
  facet normal -0.973872 -0.227098 0
    outer loop
      vertex 1.59378 -6.57295 3.5
      vertex 1.6183 -6.6781 0.5
      vertex 1.6183 -6.6781 3.5
    endloop
  endfacet
  facet normal 0.0326934 0.999465 -0
    outer loop
      vertex 0 -8.65 0.5
      vertex -0.107915 -8.64647 3.5
      vertex 0 -8.65 3.5
    endloop
  endfacet
  facet normal 0.0326934 0.999465 0
    outer loop
      vertex -0.107915 -8.64647 3.5
      vertex 0 -8.65 0.5
      vertex -0.107915 -8.64647 0.5
    endloop
  endfacet
  facet normal 0.634427 0.772983 -0
    outer loop
      vertex -1.00446 -8.30903 0.5
      vertex -1.08792 -8.24053 3.5
      vertex -1.00446 -8.30903 3.5
    endloop
  endfacet
  facet normal 0.634427 0.772983 0
    outer loop
      vertex -1.08792 -8.24053 3.5
      vertex -1.00446 -8.30903 0.5
      vertex -1.08792 -8.24053 0.5
    endloop
  endfacet
  facet normal 0.849188 0.528091 0
    outer loop
      vertex -1.37192 -7.91669 3.5
      vertex -1.42894 -7.825 0.5
      vertex -1.42894 -7.825 3.5
    endloop
  endfacet
  facet normal 0.849188 0.528091 0
    outer loop
      vertex -1.42894 -7.825 0.5
      vertex -1.37192 -7.91669 3.5
      vertex -1.37192 -7.91669 0.5
    endloop
  endfacet
  facet normal 0.471405 0.881917 -0
    outer loop
      vertex -0.729775 -8.47984 0.5
      vertex -0.825 -8.42894 3.5
      vertex -0.729775 -8.47984 3.5
    endloop
  endfacet
  facet normal 0.471405 0.881917 0
    outer loop
      vertex -0.825 -8.42894 3.5
      vertex -0.729775 -8.47984 0.5
      vertex -0.825 -8.42894 0.5
    endloop
  endfacet
  facet normal 0.986655 -0.162822 0
    outer loop
      vertex -1.63588 -6.78463 3.5
      vertex -1.6183 -6.6781 0.5
      vertex -1.6183 -6.6781 3.5
    endloop
  endfacet
  facet normal 0.986655 -0.162822 0
    outer loop
      vertex -1.6183 -6.6781 0.5
      vertex -1.63588 -6.78463 3.5
      vertex -1.63588 -6.78463 0.5
    endloop
  endfacet
  facet normal 0.812869 -0.582447 0
    outer loop
      vertex -1.37192 -6.08331 3.5
      vertex -1.30903 -5.99554 0.5
      vertex -1.30903 -5.99554 3.5
    endloop
  endfacet
  facet normal 0.812869 -0.582447 0
    outer loop
      vertex -1.30903 -5.99554 0.5
      vertex -1.37192 -6.08331 3.5
      vertex -1.37192 -6.08331 0.5
    endloop
  endfacet
  facet normal 0.4127 -0.910867 0
    outer loop
      vertex -0.729775 -5.52016 0.5
      vertex -0.631427 -5.4756 3.5
      vertex -0.729775 -5.52016 3.5
    endloop
  endfacet
  facet normal 0.4127 -0.910867 0
    outer loop
      vertex -0.631427 -5.4756 3.5
      vertex -0.729775 -5.52016 0.5
      vertex -0.631427 -5.4756 0.5
    endloop
  endfacet
  facet normal 0.52802 -0.849232 0
    outer loop
      vertex -0.916691 -5.62807 0.5
      vertex -0.825 -5.57106 3.5
      vertex -0.916691 -5.62807 3.5
    endloop
  endfacet
  facet normal 0.52802 -0.849232 0
    outer loop
      vertex -0.825 -5.57106 3.5
      vertex -0.916691 -5.62807 0.5
      vertex -0.825 -5.57106 0.5
    endloop
  endfacet
  facet normal 0.582512 -0.812822 0
    outer loop
      vertex -1.00446 -5.69097 0.5
      vertex -0.916691 -5.62807 3.5
      vertex -1.00446 -5.69097 3.5
    endloop
  endfacet
  facet normal 0.582512 -0.812822 0
    outer loop
      vertex -0.916691 -5.62807 3.5
      vertex -1.00446 -5.69097 0.5
      vertex -0.916691 -5.62807 0.5
    endloop
  endfacet
  facet normal 0.352305 -0.935885 0
    outer loop
      vertex -0.631427 -5.4756 0.5
      vertex -0.530375 -5.43756 3.5
      vertex -0.631427 -5.4756 3.5
    endloop
  endfacet
  facet normal 0.352305 -0.935885 0
    outer loop
      vertex -0.530375 -5.43756 3.5
      vertex -0.631427 -5.4756 0.5
      vertex -0.530375 -5.43756 0.5
    endloop
  endfacet
  facet normal 0.0326934 -0.999465 0
    outer loop
      vertex -0.107915 -5.35353 0.5
      vertex 0 -5.35 3.5
      vertex -0.107915 -5.35353 3.5
    endloop
  endfacet
  facet normal 0.0326934 -0.999465 0
    outer loop
      vertex 0 -5.35 3.5
      vertex -0.107915 -5.35353 0.5
      vertex 0 -5.35 0.5
    endloop
  endfacet
  facet normal 0.986655 0.162822 0
    outer loop
      vertex -1.6183 -7.3219 3.5
      vertex -1.63588 -7.21537 0.5
      vertex -1.63588 -7.21537 3.5
    endloop
  endfacet
  facet normal 0.986655 0.162822 0
    outer loop
      vertex -1.63588 -7.21537 0.5
      vertex -1.6183 -7.3219 3.5
      vertex -1.6183 -7.3219 0.5
    endloop
  endfacet
  facet normal 0.582451 0.812866 -0
    outer loop
      vertex -0.916691 -8.37192 0.5
      vertex -1.00446 -8.30903 3.5
      vertex -0.916691 -8.37192 3.5
    endloop
  endfacet
  facet normal 0.582451 0.812866 0
    outer loop
      vertex -1.00446 -8.30903 3.5
      vertex -0.916691 -8.37192 0.5
      vertex -1.00446 -8.30903 0.5
    endloop
  endfacet
  facet normal 0.528087 0.84919 -0
    outer loop
      vertex -0.825 -8.42894 0.5
      vertex -0.916691 -8.37192 3.5
      vertex -0.825 -8.42894 3.5
    endloop
  endfacet
  facet normal 0.528087 0.84919 0
    outer loop
      vertex -0.916691 -8.37192 3.5
      vertex -0.825 -8.42894 0.5
      vertex -0.916691 -8.37192 0.5
    endloop
  endfacet
  facet normal 0.683525 0.729927 -0
    outer loop
      vertex -1.08792 -8.24053 0.5
      vertex -1.16673 -8.16673 3.5
      vertex -1.08792 -8.24053 3.5
    endloop
  endfacet
  facet normal 0.683525 0.729927 0
    outer loop
      vertex -1.16673 -8.16673 3.5
      vertex -1.08792 -8.24053 0.5
      vertex -1.16673 -8.16673 0.5
    endloop
  endfacet
  facet normal 0.4127 0.910867 -0
    outer loop
      vertex -0.631427 -8.5244 0.5
      vertex -0.729775 -8.47984 3.5
      vertex -0.631427 -8.5244 3.5
    endloop
  endfacet
  facet normal 0.4127 0.910867 0
    outer loop
      vertex -0.729775 -8.47984 3.5
      vertex -0.631427 -8.5244 0.5
      vertex -0.729775 -8.47984 0.5
    endloop
  endfacet
  facet normal 0.999465 0.032695 0
    outer loop
      vertex -1.64647 -7.10791 3.5
      vertex -1.65 -7 0.5
      vertex -1.65 -7 3.5
    endloop
  endfacet
  facet normal 0.999465 0.032695 0
    outer loop
      vertex -1.65 -7 0.5
      vertex -1.64647 -7.10791 3.5
      vertex -1.64647 -7.10791 0.5
    endloop
  endfacet
  facet normal 0.999465 -0.0326919 0
    outer loop
      vertex -1.65 -7 3.5
      vertex -1.64647 -6.89208 0.5
      vertex -1.64647 -6.89208 3.5
    endloop
  endfacet
  facet normal 0.999465 -0.0326919 0
    outer loop
      vertex -1.64647 -6.89208 0.5
      vertex -1.65 -7 3.5
      vertex -1.65 -7 0.5
    endloop
  endfacet
  facet normal 0.729927 -0.683525 0
    outer loop
      vertex -1.24053 -5.91208 3.5
      vertex -1.16673 -5.83327 0.5
      vertex -1.16673 -5.83327 3.5
    endloop
  endfacet
  facet normal 0.729927 -0.683525 0
    outer loop
      vertex -1.16673 -5.83327 0.5
      vertex -1.24053 -5.91208 3.5
      vertex -1.24053 -5.91208 0.5
    endloop
  endfacet
  facet normal 0.471405 -0.881917 0
    outer loop
      vertex -0.825 -5.57106 0.5
      vertex -0.729775 -5.52016 3.5
      vertex -0.825 -5.57106 3.5
    endloop
  endfacet
  facet normal 0.471405 -0.881917 0
    outer loop
      vertex -0.729775 -5.52016 3.5
      vertex -0.825 -5.57106 0.5
      vertex -0.729775 -5.52016 0.5
    endloop
  endfacet
  facet normal 0.683574 -0.729881 0
    outer loop
      vertex -1.16673 -5.83327 0.5
      vertex -1.08792 -5.75946 3.5
      vertex -1.16673 -5.83327 3.5
    endloop
  endfacet
  facet normal 0.683574 -0.729881 0
    outer loop
      vertex -1.08792 -5.75946 3.5
      vertex -1.16673 -5.83327 0.5
      vertex -1.08792 -5.75946 0.5
    endloop
  endfacet
  facet normal 0.634372 -0.773028 0
    outer loop
      vertex -1.08792 -5.75946 0.5
      vertex -1.00446 -5.69097 3.5
      vertex -1.08792 -5.75946 3.5
    endloop
  endfacet
  facet normal 0.634372 -0.773028 0
    outer loop
      vertex -1.00446 -5.69097 3.5
      vertex -1.08792 -5.75946 0.5
      vertex -1.00446 -5.69097 0.5
    endloop
  endfacet
  facet normal 0.290259 -0.956948 0
    outer loop
      vertex -0.530375 -5.43756 0.5
      vertex -0.427051 -5.40622 3.5
      vertex -0.530375 -5.43756 3.5
    endloop
  endfacet
  facet normal 0.290259 -0.956948 0
    outer loop
      vertex -0.427051 -5.40622 3.5
      vertex -0.530375 -5.43756 0.5
      vertex -0.427051 -5.40622 0.5
    endloop
  endfacet
  facet normal 0.227092 -0.973873 0
    outer loop
      vertex -0.427051 -5.40622 0.5
      vertex -0.321898 -5.3817 3.5
      vertex -0.427051 -5.40622 3.5
    endloop
  endfacet
  facet normal 0.227092 -0.973873 0
    outer loop
      vertex -0.321898 -5.3817 3.5
      vertex -0.427051 -5.40622 0.5
      vertex -0.321898 -5.3817 0.5
    endloop
  endfacet
  facet normal 0.0980804 -0.995178 0
    outer loop
      vertex -0.215367 -5.36412 0.5
      vertex -0.107915 -5.35353 3.5
      vertex -0.215367 -5.36412 3.5
    endloop
  endfacet
  facet normal 0.0980804 -0.995178 0
    outer loop
      vertex -0.107915 -5.35353 3.5
      vertex -0.215367 -5.36412 0.5
      vertex -0.107915 -5.35353 0.5
    endloop
  endfacet
  facet normal 0.956919 0.290354 0
    outer loop
      vertex -1.56243 -7.53037 3.5
      vertex -1.59378 -7.42705 0.5
      vertex -1.59378 -7.42705 3.5
    endloop
  endfacet
  facet normal 0.956919 0.290354 0
    outer loop
      vertex -1.59378 -7.42705 0.5
      vertex -1.56243 -7.53037 3.5
      vertex -1.56243 -7.53037 0.5
    endloop
  endfacet
  facet normal 0.772983 0.634427 0
    outer loop
      vertex -1.24053 -8.08792 3.5
      vertex -1.30903 -8.00446 0.5
      vertex -1.30903 -8.00446 3.5
    endloop
  endfacet
  facet normal 0.772983 0.634427 0
    outer loop
      vertex -1.30903 -8.00446 0.5
      vertex -1.24053 -8.08792 3.5
      vertex -1.24053 -8.08792 0.5
    endloop
  endfacet
  facet normal 0.812869 0.582447 0
    outer loop
      vertex -1.30903 -8.00446 3.5
      vertex -1.37192 -7.91669 0.5
      vertex -1.37192 -7.91669 3.5
    endloop
  endfacet
  facet normal 0.812869 0.582447 0
    outer loop
      vertex -1.37192 -7.91669 0.5
      vertex -1.30903 -8.00446 3.5
      vertex -1.30903 -8.00446 0.5
    endloop
  endfacet
  facet normal 0.995178 -0.0980823 0
    outer loop
      vertex -1.64647 -6.89208 3.5
      vertex -1.63588 -6.78463 0.5
      vertex -1.63588 -6.78463 3.5
    endloop
  endfacet
  facet normal 0.995178 -0.0980823 0
    outer loop
      vertex -1.63588 -6.78463 0.5
      vertex -1.64647 -6.89208 3.5
      vertex -1.64647 -6.89208 0.5
    endloop
  endfacet
  facet normal 0.973872 -0.227098 0
    outer loop
      vertex -1.6183 -6.6781 3.5
      vertex -1.59378 -6.57295 0.5
      vertex -1.59378 -6.57295 3.5
    endloop
  endfacet
  facet normal 0.973872 -0.227098 0
    outer loop
      vertex -1.59378 -6.57295 0.5
      vertex -1.6183 -6.6781 3.5
      vertex -1.6183 -6.6781 0.5
    endloop
  endfacet
  facet normal 0.849188 -0.528091 0
    outer loop
      vertex -1.42894 -6.175 3.5
      vertex -1.37192 -6.08331 0.5
      vertex -1.37192 -6.08331 3.5
    endloop
  endfacet
  facet normal 0.849188 -0.528091 0
    outer loop
      vertex -1.37192 -6.08331 0.5
      vertex -1.42894 -6.175 3.5
      vertex -1.42894 -6.175 0.5
    endloop
  endfacet
  facet normal 0.935914 -0.35223 0
    outer loop
      vertex -1.56243 -6.46962 3.5
      vertex -1.5244 -6.36857 0.5
      vertex -1.5244 -6.36857 3.5
    endloop
  endfacet
  facet normal 0.935914 -0.35223 0
    outer loop
      vertex -1.5244 -6.36857 0.5
      vertex -1.56243 -6.46962 3.5
      vertex -1.56243 -6.46962 0.5
    endloop
  endfacet
  facet normal 0.729927 0.683525 0
    outer loop
      vertex -1.16673 -8.16673 3.5
      vertex -1.24053 -8.08792 0.5
      vertex -1.24053 -8.08792 3.5
    endloop
  endfacet
  facet normal 0.729927 0.683525 0
    outer loop
      vertex -1.24053 -8.08792 0.5
      vertex -1.16673 -8.16673 3.5
      vertex -1.16673 -8.16673 0.5
    endloop
  endfacet
  facet normal 0.956927 -0.290329 0
    outer loop
      vertex -1.59378 -6.57295 3.5
      vertex -1.56243 -6.46962 0.5
      vertex -1.56243 -6.46962 3.5
    endloop
  endfacet
  facet normal 0.956927 -0.290329 0
    outer loop
      vertex -1.56243 -6.46962 0.5
      vertex -1.59378 -6.57295 3.5
      vertex -1.59378 -6.57295 0.5
    endloop
  endfacet
  facet normal 0.772983 -0.634427 0
    outer loop
      vertex -1.30903 -5.99554 3.5
      vertex -1.24053 -5.91208 0.5
      vertex -1.24053 -5.91208 3.5
    endloop
  endfacet
  facet normal 0.772983 -0.634427 0
    outer loop
      vertex -1.24053 -5.91208 0.5
      vertex -1.30903 -5.99554 3.5
      vertex -1.30903 -5.99554 0.5
    endloop
  endfacet
  facet normal 0.91087 -0.412693 0
    outer loop
      vertex -1.5244 -6.36857 3.5
      vertex -1.47984 -6.27022 0.5
      vertex -1.47984 -6.27022 3.5
    endloop
  endfacet
  facet normal 0.91087 -0.412693 0
    outer loop
      vertex -1.47984 -6.27022 0.5
      vertex -1.5244 -6.36857 3.5
      vertex -1.5244 -6.36857 0.5
    endloop
  endfacet
  facet normal 0.881906 -0.471424 0
    outer loop
      vertex -1.47984 -6.27022 3.5
      vertex -1.42894 -6.175 0.5
      vertex -1.42894 -6.175 3.5
    endloop
  endfacet
  facet normal 0.881906 -0.471424 0
    outer loop
      vertex -1.42894 -6.175 0.5
      vertex -1.47984 -6.27022 3.5
      vertex -1.47984 -6.27022 0.5
    endloop
  endfacet
  facet normal -0.68357 -0.729885 0
    outer loop
      vertex 2.14287 2.44348 0.5
      vertex 2.2981 2.2981 3.5
      vertex 2.14287 2.44348 3.5
    endloop
  endfacet
  facet normal -0.68357 -0.729885 -0
    outer loop
      vertex 2.2981 2.2981 3.5
      vertex 2.14287 2.44348 0.5
      vertex 2.2981 2.2981 0.5
    endloop
  endfacet
  facet normal 0.352236 -0.935911 0
    outer loop
      vertex -1.24372 3.00261 0.5
      vertex -1.04468 3.07752 3.5
      vertex -1.24372 3.00261 3.5
    endloop
  endfacet
  facet normal 0.352236 -0.935911 0
    outer loop
      vertex -1.04468 3.07752 3.5
      vertex -1.24372 3.00261 0.5
      vertex -1.04468 3.07752 0.5
    endloop
  endfacet
  facet normal 0.91087 -0.412694 0
    outer loop
      vertex -3.00261 1.24372 3.5
      vertex -2.91484 1.43744 0.5
      vertex -2.91484 1.43744 3.5
    endloop
  endfacet
  facet normal 0.91087 -0.412694 0
    outer loop
      vertex -2.91484 1.43744 0.5
      vertex -3.00261 1.24372 3.5
      vertex -3.00261 1.24372 0.5
    endloop
  endfacet
  facet normal -0.528053 0.849211 0
    outer loop
      vertex 1.8056 -2.70228 0.5
      vertex 1.625 -2.81458 3.5
      vertex 1.8056 -2.70228 3.5
    endloop
  endfacet
  facet normal -0.528053 0.849211 0
    outer loop
      vertex 1.625 -2.81458 3.5
      vertex 1.8056 -2.70228 0.5
      vertex 1.625 -2.81458 0.5
    endloop
  endfacet
  facet normal 0.935911 0.352236 0
    outer loop
      vertex -3.00261 -1.24372 3.5
      vertex -3.07752 -1.04468 0.5
      vertex -3.07752 -1.04468 3.5
    endloop
  endfacet
  facet normal 0.935911 0.352236 0
    outer loop
      vertex -3.07752 -1.04468 0.5
      vertex -3.00261 -1.24372 3.5
      vertex -3.00261 -1.24372 0.5
    endloop
  endfacet
  facet normal -0.935911 -0.352236 0
    outer loop
      vertex 3.07752 1.04468 0.5
      vertex 3.00261 1.24372 3.5
      vertex 3.00261 1.24372 0.5
    endloop
  endfacet
  facet normal -0.935911 -0.352236 0
    outer loop
      vertex 3.00261 1.24372 3.5
      vertex 3.07752 1.04468 0.5
      vertex 3.07752 1.04468 3.5
    endloop
  endfacet
  facet normal -0.91087 -0.412694 0
    outer loop
      vertex 3.00261 1.24372 0.5
      vertex 2.91484 1.43744 3.5
      vertex 2.91484 1.43744 0.5
    endloop
  endfacet
  facet normal -0.91087 -0.412694 0
    outer loop
      vertex 2.91484 1.43744 3.5
      vertex 3.00261 1.24372 0.5
      vertex 3.00261 1.24372 3.5
    endloop
  endfacet
  facet normal -0.412694 -0.91087 0
    outer loop
      vertex 1.24372 3.00261 0.5
      vertex 1.43744 2.91484 3.5
      vertex 1.24372 3.00261 3.5
    endloop
  endfacet
  facet normal -0.412694 -0.91087 -0
    outer loop
      vertex 1.43744 2.91484 3.5
      vertex 1.24372 3.00261 0.5
      vertex 1.43744 2.91484 0.5
    endloop
  endfacet
  facet normal -0.162925 -0.986638 0
    outer loop
      vertex 0.42421 3.2222 0.5
      vertex 0.634043 3.18755 3.5
      vertex 0.42421 3.2222 3.5
    endloop
  endfacet
  facet normal -0.162925 -0.986638 -0
    outer loop
      vertex 0.634043 3.18755 3.5
      vertex 0.42421 3.2222 0.5
      vertex 0.634043 3.18755 0.5
    endloop
  endfacet
  facet normal 0.986638 -0.162925 0
    outer loop
      vertex -3.2222 0.42421 3.5
      vertex -3.18755 0.634043 0.5
      vertex -3.18755 0.634043 3.5
    endloop
  endfacet
  facet normal 0.986638 -0.162925 0
    outer loop
      vertex -3.18755 0.634043 0.5
      vertex -3.2222 0.42421 3.5
      vertex -3.2222 0.42421 0.5
    endloop
  endfacet
  facet normal 0.729885 -0.68357 0
    outer loop
      vertex -2.44348 2.14287 3.5
      vertex -2.2981 2.2981 0.5
      vertex -2.2981 2.2981 3.5
    endloop
  endfacet
  facet normal 0.729885 -0.68357 0
    outer loop
      vertex -2.2981 2.2981 0.5
      vertex -2.44348 2.14287 3.5
      vertex -2.44348 2.14287 0.5
    endloop
  endfacet
  facet normal 0.162925 -0.986638 0
    outer loop
      vertex -0.634043 3.18755 0.5
      vertex -0.42421 3.2222 3.5
      vertex -0.634043 3.18755 3.5
    endloop
  endfacet
  facet normal 0.162925 -0.986638 0
    outer loop
      vertex -0.42421 3.2222 3.5
      vertex -0.634043 3.18755 0.5
      vertex -0.42421 3.2222 0.5
    endloop
  endfacet
  facet normal -0.352236 0.935911 0
    outer loop
      vertex 1.24372 -3.00261 0.5
      vertex 1.04468 -3.07752 3.5
      vertex 1.24372 -3.00261 3.5
    endloop
  endfacet
  facet normal -0.352236 0.935911 0
    outer loop
      vertex 1.04468 -3.07752 3.5
      vertex 1.24372 -3.00261 0.5
      vertex 1.04468 -3.07752 0.5
    endloop
  endfacet
  facet normal -0.729885 0.68357 0
    outer loop
      vertex 2.2981 -2.2981 0.5
      vertex 2.44348 -2.14287 3.5
      vertex 2.44348 -2.14287 0.5
    endloop
  endfacet
  facet normal -0.729885 0.68357 0
    outer loop
      vertex 2.44348 -2.14287 3.5
      vertex 2.2981 -2.2981 0.5
      vertex 2.2981 -2.2981 3.5
    endloop
  endfacet
  facet normal 0.162925 0.986638 -0
    outer loop
      vertex -0.42421 -3.2222 0.5
      vertex -0.634043 -3.18755 3.5
      vertex -0.42421 -3.2222 3.5
    endloop
  endfacet
  facet normal 0.162925 0.986638 0
    outer loop
      vertex -0.634043 -3.18755 3.5
      vertex -0.42421 -3.2222 0.5
      vertex -0.634043 -3.18755 0.5
    endloop
  endfacet
  facet normal 0.68357 0.729885 -0
    outer loop
      vertex -2.14287 -2.44348 0.5
      vertex -2.2981 -2.2981 3.5
      vertex -2.14287 -2.44348 3.5
    endloop
  endfacet
  facet normal 0.68357 0.729885 0
    outer loop
      vertex -2.2981 -2.2981 3.5
      vertex -2.14287 -2.44348 0.5
      vertex -2.2981 -2.2981 0.5
    endloop
  endfacet
  facet normal -0.995187 -0.0979906 0
    outer loop
      vertex 3.24304 0.21256 0.5
      vertex 3.2222 0.42421 3.5
      vertex 3.2222 0.42421 0.5
    endloop
  endfacet
  facet normal -0.995187 -0.0979906 0
    outer loop
      vertex 3.2222 0.42421 3.5
      vertex 3.24304 0.21256 0.5
      vertex 3.24304 0.21256 3.5
    endloop
  endfacet
  facet normal -0.97388 -0.227061 0
    outer loop
      vertex 3.18755 0.634043 0.5
      vertex 3.13926 0.841162 3.5
      vertex 3.13926 0.841162 0.5
    endloop
  endfacet
  facet normal -0.97388 -0.227061 0
    outer loop
      vertex 3.13926 0.841162 3.5
      vertex 3.18755 0.634043 0.5
      vertex 3.18755 0.634043 3.5
    endloop
  endfacet
  facet normal -0.956936 -0.2903 0
    outer loop
      vertex 3.13926 0.841162 0.5
      vertex 3.07752 1.04468 3.5
      vertex 3.07752 1.04468 0.5
    endloop
  endfacet
  facet normal -0.956936 -0.2903 0
    outer loop
      vertex 3.07752 1.04468 3.5
      vertex 3.13926 0.841162 0.5
      vertex 3.13926 0.841162 3.5
    endloop
  endfacet
  facet normal -0.81284 -0.582487 0
    outer loop
      vertex 2.70228 1.8056 0.5
      vertex 2.5784 1.97847 3.5
      vertex 2.5784 1.97847 0.5
    endloop
  endfacet
  facet normal -0.81284 -0.582487 0
    outer loop
      vertex 2.5784 1.97847 3.5
      vertex 2.70228 1.8056 0.5
      vertex 2.70228 1.8056 3.5
    endloop
  endfacet
  facet normal -0.849211 -0.528053 0
    outer loop
      vertex 2.81458 1.625 0.5
      vertex 2.70228 1.8056 3.5
      vertex 2.70228 1.8056 0.5
    endloop
  endfacet
  facet normal -0.849211 -0.528053 0
    outer loop
      vertex 2.70228 1.8056 3.5
      vertex 2.81458 1.625 0.5
      vertex 2.81458 1.625 3.5
    endloop
  endfacet
  facet normal -0.582487 -0.81284 0
    outer loop
      vertex 1.8056 2.70228 0.5
      vertex 1.97847 2.5784 3.5
      vertex 1.8056 2.70228 3.5
    endloop
  endfacet
  facet normal -0.582487 -0.81284 -0
    outer loop
      vertex 1.97847 2.5784 3.5
      vertex 1.8056 2.70228 0.5
      vertex 1.97847 2.5784 0.5
    endloop
  endfacet
  facet normal -0.0979906 -0.995187 0
    outer loop
      vertex 0.21256 3.24304 0.5
      vertex 0.42421 3.2222 3.5
      vertex 0.21256 3.24304 3.5
    endloop
  endfacet
  facet normal -0.0979906 -0.995187 -0
    outer loop
      vertex 0.42421 3.2222 3.5
      vertex 0.21256 3.24304 0.5
      vertex 0.42421 3.2222 0.5
    endloop
  endfacet
  facet normal -0.227061 -0.97388 0
    outer loop
      vertex 0.634043 3.18755 0.5
      vertex 0.841162 3.13926 3.5
      vertex 0.634043 3.18755 3.5
    endloop
  endfacet
  facet normal -0.227061 -0.97388 -0
    outer loop
      vertex 0.841162 3.13926 3.5
      vertex 0.634043 3.18755 0.5
      vertex 0.841162 3.13926 0.5
    endloop
  endfacet
  facet normal 0.995187 -0.0979906 0
    outer loop
      vertex -3.24304 0.21256 3.5
      vertex -3.2222 0.42421 0.5
      vertex -3.2222 0.42421 3.5
    endloop
  endfacet
  facet normal 0.995187 -0.0979906 0
    outer loop
      vertex -3.2222 0.42421 0.5
      vertex -3.24304 0.21256 3.5
      vertex -3.24304 0.21256 0.5
    endloop
  endfacet
  facet normal 0.97388 -0.227061 0
    outer loop
      vertex -3.18755 0.634043 3.5
      vertex -3.13926 0.841162 0.5
      vertex -3.13926 0.841162 3.5
    endloop
  endfacet
  facet normal 0.97388 -0.227061 0
    outer loop
      vertex -3.13926 0.841162 0.5
      vertex -3.18755 0.634043 3.5
      vertex -3.18755 0.634043 0.5
    endloop
  endfacet
  facet normal 0.81284 -0.582487 0
    outer loop
      vertex -2.70228 1.8056 3.5
      vertex -2.5784 1.97847 0.5
      vertex -2.5784 1.97847 3.5
    endloop
  endfacet
  facet normal 0.81284 -0.582487 0
    outer loop
      vertex -2.5784 1.97847 0.5
      vertex -2.70228 1.8056 3.5
      vertex -2.70228 1.8056 0.5
    endloop
  endfacet
  facet normal 0.227061 -0.97388 0
    outer loop
      vertex -0.841162 3.13926 0.5
      vertex -0.634043 3.18755 3.5
      vertex -0.841162 3.13926 3.5
    endloop
  endfacet
  facet normal 0.227061 -0.97388 0
    outer loop
      vertex -0.634043 3.18755 3.5
      vertex -0.841162 3.13926 0.5
      vertex -0.634043 3.18755 0.5
    endloop
  endfacet
  facet normal 0.0979906 -0.995187 0
    outer loop
      vertex -0.42421 3.2222 0.5
      vertex -0.21256 3.24304 3.5
      vertex -0.42421 3.2222 3.5
    endloop
  endfacet
  facet normal 0.0979906 -0.995187 0
    outer loop
      vertex -0.21256 3.24304 3.5
      vertex -0.42421 3.2222 0.5
      vertex -0.21256 3.24304 0.5
    endloop
  endfacet
  facet normal 0.528053 -0.849211 0
    outer loop
      vertex -1.8056 2.70228 0.5
      vertex -1.625 2.81458 3.5
      vertex -1.8056 2.70228 3.5
    endloop
  endfacet
  facet normal 0.528053 -0.849211 0
    outer loop
      vertex -1.625 2.81458 3.5
      vertex -1.8056 2.70228 0.5
      vertex -1.625 2.81458 0.5
    endloop
  endfacet
  facet normal 0.582487 -0.81284 0
    outer loop
      vertex -1.97847 2.5784 0.5
      vertex -1.8056 2.70228 3.5
      vertex -1.97847 2.5784 3.5
    endloop
  endfacet
  facet normal 0.582487 -0.81284 0
    outer loop
      vertex -1.8056 2.70228 3.5
      vertex -1.97847 2.5784 0.5
      vertex -1.8056 2.70228 0.5
    endloop
  endfacet
  facet normal 0.412694 -0.91087 0
    outer loop
      vertex -1.43744 2.91484 0.5
      vertex -1.24372 3.00261 3.5
      vertex -1.43744 2.91484 3.5
    endloop
  endfacet
  facet normal 0.412694 -0.91087 0
    outer loop
      vertex -1.24372 3.00261 3.5
      vertex -1.43744 2.91484 0.5
      vertex -1.24372 3.00261 0.5
    endloop
  endfacet
  facet normal -0.999464 -0.0327262 0
    outer loop
      vertex 3.25 0 0.5
      vertex 3.24304 0.21256 3.5
      vertex 3.24304 0.21256 0.5
    endloop
  endfacet
  facet normal -0.999464 -0.0327262 0
    outer loop
      vertex 3.24304 0.21256 3.5
      vertex 3.25 0 0.5
      vertex 3.25 0 3.5
    endloop
  endfacet
  facet normal -0.986638 0.162925 0
    outer loop
      vertex 3.18755 -0.634043 0.5
      vertex 3.2222 -0.42421 3.5
      vertex 3.2222 -0.42421 0.5
    endloop
  endfacet
  facet normal -0.986638 0.162925 0
    outer loop
      vertex 3.2222 -0.42421 3.5
      vertex 3.18755 -0.634043 0.5
      vertex 3.18755 -0.634043 3.5
    endloop
  endfacet
  facet normal -0.162925 0.986638 0
    outer loop
      vertex 0.634043 -3.18755 0.5
      vertex 0.42421 -3.2222 3.5
      vertex 0.634043 -3.18755 3.5
    endloop
  endfacet
  facet normal -0.162925 0.986638 0
    outer loop
      vertex 0.42421 -3.2222 3.5
      vertex 0.634043 -3.18755 0.5
      vertex 0.42421 -3.2222 0.5
    endloop
  endfacet
  facet normal -0.227061 0.97388 0
    outer loop
      vertex 0.841162 -3.13926 0.5
      vertex 0.634043 -3.18755 3.5
      vertex 0.841162 -3.13926 3.5
    endloop
  endfacet
  facet normal -0.227061 0.97388 0
    outer loop
      vertex 0.634043 -3.18755 3.5
      vertex 0.841162 -3.13926 0.5
      vertex 0.634043 -3.18755 0.5
    endloop
  endfacet
  facet normal -0.582487 0.81284 0
    outer loop
      vertex 1.97847 -2.5784 0.5
      vertex 1.8056 -2.70228 3.5
      vertex 1.97847 -2.5784 3.5
    endloop
  endfacet
  facet normal -0.582487 0.81284 0
    outer loop
      vertex 1.8056 -2.70228 3.5
      vertex 1.97847 -2.5784 0.5
      vertex 1.8056 -2.70228 0.5
    endloop
  endfacet
  facet normal -0.412694 0.91087 0
    outer loop
      vertex 1.43744 -2.91484 0.5
      vertex 1.24372 -3.00261 3.5
      vertex 1.43744 -2.91484 3.5
    endloop
  endfacet
  facet normal -0.412694 0.91087 0
    outer loop
      vertex 1.24372 -3.00261 3.5
      vertex 1.43744 -2.91484 0.5
      vertex 1.24372 -3.00261 0.5
    endloop
  endfacet
  facet normal 0.0979906 0.995187 -0
    outer loop
      vertex -0.21256 -3.24304 0.5
      vertex -0.42421 -3.2222 3.5
      vertex -0.21256 -3.24304 3.5
    endloop
  endfacet
  facet normal 0.0979906 0.995187 0
    outer loop
      vertex -0.42421 -3.2222 3.5
      vertex -0.21256 -3.24304 0.5
      vertex -0.42421 -3.2222 0.5
    endloop
  endfacet
  facet normal 0.999464 0.0327262 0
    outer loop
      vertex -3.24304 -0.21256 3.5
      vertex -3.25 0 0.5
      vertex -3.25 0 3.5
    endloop
  endfacet
  facet normal 0.999464 0.0327262 0
    outer loop
      vertex -3.25 0 0.5
      vertex -3.24304 -0.21256 3.5
      vertex -3.24304 -0.21256 0.5
    endloop
  endfacet
  facet normal 0.97388 0.227061 0
    outer loop
      vertex -3.13926 -0.841162 3.5
      vertex -3.18755 -0.634043 0.5
      vertex -3.18755 -0.634043 3.5
    endloop
  endfacet
  facet normal 0.97388 0.227061 0
    outer loop
      vertex -3.18755 -0.634043 0.5
      vertex -3.13926 -0.841162 3.5
      vertex -3.13926 -0.841162 0.5
    endloop
  endfacet
  facet normal 0.81284 0.582487 0
    outer loop
      vertex -2.5784 -1.97847 3.5
      vertex -2.70228 -1.8056 0.5
      vertex -2.70228 -1.8056 3.5
    endloop
  endfacet
  facet normal 0.81284 0.582487 0
    outer loop
      vertex -2.70228 -1.8056 0.5
      vertex -2.5784 -1.97847 3.5
      vertex -2.5784 -1.97847 0.5
    endloop
  endfacet
  facet normal 0.91087 0.412694 0
    outer loop
      vertex -2.91484 -1.43744 3.5
      vertex -3.00261 -1.24372 0.5
      vertex -3.00261 -1.24372 3.5
    endloop
  endfacet
  facet normal 0.91087 0.412694 0
    outer loop
      vertex -3.00261 -1.24372 0.5
      vertex -2.91484 -1.43744 3.5
      vertex -2.91484 -1.43744 0.5
    endloop
  endfacet
  facet normal -0.986638 -0.162925 0
    outer loop
      vertex 3.2222 0.42421 0.5
      vertex 3.18755 0.634043 3.5
      vertex 3.18755 0.634043 0.5
    endloop
  endfacet
  facet normal -0.986638 -0.162925 0
    outer loop
      vertex 3.18755 0.634043 3.5
      vertex 3.2222 0.42421 0.5
      vertex 3.2222 0.42421 3.5
    endloop
  endfacet
  facet normal -0.881907 -0.471423 0
    outer loop
      vertex 2.91484 1.43744 0.5
      vertex 2.81458 1.625 3.5
      vertex 2.81458 1.625 0.5
    endloop
  endfacet
  facet normal -0.881907 -0.471423 0
    outer loop
      vertex 2.81458 1.625 3.5
      vertex 2.91484 1.43744 0.5
      vertex 2.91484 1.43744 3.5
    endloop
  endfacet
  facet normal -0.77301 -0.634394 0
    outer loop
      vertex 2.5784 1.97847 0.5
      vertex 2.44348 2.14287 3.5
      vertex 2.44348 2.14287 0.5
    endloop
  endfacet
  facet normal -0.77301 -0.634394 0
    outer loop
      vertex 2.44348 2.14287 3.5
      vertex 2.5784 1.97847 0.5
      vertex 2.5784 1.97847 3.5
    endloop
  endfacet
  facet normal -0.729885 -0.68357 0
    outer loop
      vertex 2.44348 2.14287 0.5
      vertex 2.2981 2.2981 3.5
      vertex 2.2981 2.2981 0.5
    endloop
  endfacet
  facet normal -0.729885 -0.68357 0
    outer loop
      vertex 2.2981 2.2981 3.5
      vertex 2.44348 2.14287 0.5
      vertex 2.44348 2.14287 3.5
    endloop
  endfacet
  facet normal -0.634394 -0.77301 0
    outer loop
      vertex 1.97847 2.5784 0.5
      vertex 2.14287 2.44348 3.5
      vertex 1.97847 2.5784 3.5
    endloop
  endfacet
  facet normal -0.634394 -0.77301 -0
    outer loop
      vertex 2.14287 2.44348 3.5
      vertex 1.97847 2.5784 0.5
      vertex 2.14287 2.44348 0.5
    endloop
  endfacet
  facet normal -0.0327262 -0.999464 0
    outer loop
      vertex 0 3.25 0.5
      vertex 0.21256 3.24304 3.5
      vertex 0 3.25 3.5
    endloop
  endfacet
  facet normal -0.0327262 -0.999464 -0
    outer loop
      vertex 0.21256 3.24304 3.5
      vertex 0 3.25 0.5
      vertex 0.21256 3.24304 0.5
    endloop
  endfacet
  facet normal -0.471423 -0.881907 0
    outer loop
      vertex 1.43744 2.91484 0.5
      vertex 1.625 2.81458 3.5
      vertex 1.43744 2.91484 3.5
    endloop
  endfacet
  facet normal -0.471423 -0.881907 -0
    outer loop
      vertex 1.625 2.81458 3.5
      vertex 1.43744 2.91484 0.5
      vertex 1.625 2.81458 0.5
    endloop
  endfacet
  facet normal -0.528053 -0.849211 0
    outer loop
      vertex 1.625 2.81458 0.5
      vertex 1.8056 2.70228 3.5
      vertex 1.625 2.81458 3.5
    endloop
  endfacet
  facet normal -0.528053 -0.849211 -0
    outer loop
      vertex 1.8056 2.70228 3.5
      vertex 1.625 2.81458 0.5
      vertex 1.8056 2.70228 0.5
    endloop
  endfacet
  facet normal -0.2903 -0.956936 0
    outer loop
      vertex 0.841162 3.13926 0.5
      vertex 1.04468 3.07752 3.5
      vertex 0.841162 3.13926 3.5
    endloop
  endfacet
  facet normal -0.2903 -0.956936 -0
    outer loop
      vertex 1.04468 3.07752 3.5
      vertex 0.841162 3.13926 0.5
      vertex 1.04468 3.07752 0.5
    endloop
  endfacet
  facet normal -0.352236 -0.935911 0
    outer loop
      vertex 1.04468 3.07752 0.5
      vertex 1.24372 3.00261 3.5
      vertex 1.04468 3.07752 3.5
    endloop
  endfacet
  facet normal -0.352236 -0.935911 -0
    outer loop
      vertex 1.24372 3.00261 3.5
      vertex 1.04468 3.07752 0.5
      vertex 1.24372 3.00261 0.5
    endloop
  endfacet
  facet normal 0.999464 -0.0327262 0
    outer loop
      vertex -3.25 0 3.5
      vertex -3.24304 0.21256 0.5
      vertex -3.24304 0.21256 3.5
    endloop
  endfacet
  facet normal 0.999464 -0.0327262 0
    outer loop
      vertex -3.24304 0.21256 0.5
      vertex -3.25 0 3.5
      vertex -3.25 0 0.5
    endloop
  endfacet
  facet normal 0.956936 -0.2903 0
    outer loop
      vertex -3.13926 0.841162 3.5
      vertex -3.07752 1.04468 0.5
      vertex -3.07752 1.04468 3.5
    endloop
  endfacet
  facet normal 0.956936 -0.2903 0
    outer loop
      vertex -3.07752 1.04468 0.5
      vertex -3.13926 0.841162 3.5
      vertex -3.13926 0.841162 0.5
    endloop
  endfacet
  facet normal 0.935911 -0.352236 0
    outer loop
      vertex -3.07752 1.04468 3.5
      vertex -3.00261 1.24372 0.5
      vertex -3.00261 1.24372 3.5
    endloop
  endfacet
  facet normal 0.935911 -0.352236 0
    outer loop
      vertex -3.00261 1.24372 0.5
      vertex -3.07752 1.04468 3.5
      vertex -3.07752 1.04468 0.5
    endloop
  endfacet
  facet normal 0.849211 -0.528053 0
    outer loop
      vertex -2.81458 1.625 3.5
      vertex -2.70228 1.8056 0.5
      vertex -2.70228 1.8056 3.5
    endloop
  endfacet
  facet normal 0.849211 -0.528053 0
    outer loop
      vertex -2.70228 1.8056 0.5
      vertex -2.81458 1.625 3.5
      vertex -2.81458 1.625 0.5
    endloop
  endfacet
  facet normal 0.881907 -0.471423 0
    outer loop
      vertex -2.91484 1.43744 3.5
      vertex -2.81458 1.625 0.5
      vertex -2.81458 1.625 3.5
    endloop
  endfacet
  facet normal 0.881907 -0.471423 0
    outer loop
      vertex -2.81458 1.625 0.5
      vertex -2.91484 1.43744 3.5
      vertex -2.91484 1.43744 0.5
    endloop
  endfacet
  facet normal 0.77301 -0.634394 0
    outer loop
      vertex -2.5784 1.97847 3.5
      vertex -2.44348 2.14287 0.5
      vertex -2.44348 2.14287 3.5
    endloop
  endfacet
  facet normal 0.77301 -0.634394 0
    outer loop
      vertex -2.44348 2.14287 0.5
      vertex -2.5784 1.97847 3.5
      vertex -2.5784 1.97847 0.5
    endloop
  endfacet
  facet normal 0.2903 -0.956936 0
    outer loop
      vertex -1.04468 3.07752 0.5
      vertex -0.841162 3.13926 3.5
      vertex -1.04468 3.07752 3.5
    endloop
  endfacet
  facet normal 0.2903 -0.956936 0
    outer loop
      vertex -0.841162 3.13926 3.5
      vertex -1.04468 3.07752 0.5
      vertex -0.841162 3.13926 0.5
    endloop
  endfacet
  facet normal 0.0327262 -0.999464 0
    outer loop
      vertex -0.21256 3.24304 0.5
      vertex 0 3.25 3.5
      vertex -0.21256 3.24304 3.5
    endloop
  endfacet
  facet normal 0.0327262 -0.999464 0
    outer loop
      vertex 0 3.25 3.5
      vertex -0.21256 3.24304 0.5
      vertex 0 3.25 0.5
    endloop
  endfacet
  facet normal 0.471423 -0.881907 0
    outer loop
      vertex -1.625 2.81458 0.5
      vertex -1.43744 2.91484 3.5
      vertex -1.625 2.81458 3.5
    endloop
  endfacet
  facet normal 0.471423 -0.881907 0
    outer loop
      vertex -1.43744 2.91484 3.5
      vertex -1.625 2.81458 0.5
      vertex -1.43744 2.91484 0.5
    endloop
  endfacet
  facet normal 0.634394 -0.77301 0
    outer loop
      vertex -2.14287 2.44348 0.5
      vertex -1.97847 2.5784 3.5
      vertex -2.14287 2.44348 3.5
    endloop
  endfacet
  facet normal 0.634394 -0.77301 0
    outer loop
      vertex -1.97847 2.5784 3.5
      vertex -2.14287 2.44348 0.5
      vertex -1.97847 2.5784 0.5
    endloop
  endfacet
  facet normal 0.68357 -0.729885 0
    outer loop
      vertex -2.2981 2.2981 0.5
      vertex -2.14287 2.44348 3.5
      vertex -2.2981 2.2981 3.5
    endloop
  endfacet
  facet normal 0.68357 -0.729885 0
    outer loop
      vertex -2.14287 2.44348 3.5
      vertex -2.2981 2.2981 0.5
      vertex -2.14287 2.44348 0.5
    endloop
  endfacet
  facet normal -0.995187 0.0979906 0
    outer loop
      vertex 3.2222 -0.42421 0.5
      vertex 3.24304 -0.21256 3.5
      vertex 3.24304 -0.21256 0.5
    endloop
  endfacet
  facet normal -0.995187 0.0979906 0
    outer loop
      vertex 3.24304 -0.21256 3.5
      vertex 3.2222 -0.42421 0.5
      vertex 3.2222 -0.42421 3.5
    endloop
  endfacet
  facet normal -0.0327262 0.999464 0
    outer loop
      vertex 0.21256 -3.24304 0.5
      vertex 0 -3.25 3.5
      vertex 0.21256 -3.24304 3.5
    endloop
  endfacet
  facet normal -0.0327262 0.999464 0
    outer loop
      vertex 0 -3.25 3.5
      vertex 0.21256 -3.24304 0.5
      vertex 0 -3.25 0.5
    endloop
  endfacet
  facet normal -0.935911 0.352236 0
    outer loop
      vertex 3.00261 -1.24372 0.5
      vertex 3.07752 -1.04468 3.5
      vertex 3.07752 -1.04468 0.5
    endloop
  endfacet
  facet normal -0.935911 0.352236 0
    outer loop
      vertex 3.07752 -1.04468 3.5
      vertex 3.00261 -1.24372 0.5
      vertex 3.00261 -1.24372 3.5
    endloop
  endfacet
  facet normal -0.97388 0.227061 0
    outer loop
      vertex 3.13926 -0.841162 0.5
      vertex 3.18755 -0.634043 3.5
      vertex 3.18755 -0.634043 0.5
    endloop
  endfacet
  facet normal -0.97388 0.227061 0
    outer loop
      vertex 3.18755 -0.634043 3.5
      vertex 3.13926 -0.841162 0.5
      vertex 3.13926 -0.841162 3.5
    endloop
  endfacet
  facet normal -0.2903 0.956936 0
    outer loop
      vertex 1.04468 -3.07752 0.5
      vertex 0.841162 -3.13926 3.5
      vertex 1.04468 -3.07752 3.5
    endloop
  endfacet
  facet normal -0.2903 0.956936 0
    outer loop
      vertex 0.841162 -3.13926 3.5
      vertex 1.04468 -3.07752 0.5
      vertex 0.841162 -3.13926 0.5
    endloop
  endfacet
  facet normal -0.634394 0.77301 0
    outer loop
      vertex 2.14287 -2.44348 0.5
      vertex 1.97847 -2.5784 3.5
      vertex 2.14287 -2.44348 3.5
    endloop
  endfacet
  facet normal -0.634394 0.77301 0
    outer loop
      vertex 1.97847 -2.5784 3.5
      vertex 2.14287 -2.44348 0.5
      vertex 1.97847 -2.5784 0.5
    endloop
  endfacet
  facet normal -0.471423 0.881907 0
    outer loop
      vertex 1.625 -2.81458 0.5
      vertex 1.43744 -2.91484 3.5
      vertex 1.625 -2.81458 3.5
    endloop
  endfacet
  facet normal -0.471423 0.881907 0
    outer loop
      vertex 1.43744 -2.91484 3.5
      vertex 1.625 -2.81458 0.5
      vertex 1.43744 -2.91484 0.5
    endloop
  endfacet
  facet normal -0.849211 0.528053 0
    outer loop
      vertex 2.70228 -1.8056 0.5
      vertex 2.81458 -1.625 3.5
      vertex 2.81458 -1.625 0.5
    endloop
  endfacet
  facet normal -0.849211 0.528053 0
    outer loop
      vertex 2.81458 -1.625 3.5
      vertex 2.70228 -1.8056 0.5
      vertex 2.70228 -1.8056 3.5
    endloop
  endfacet
  facet normal -0.91087 0.412694 0
    outer loop
      vertex 2.91484 -1.43744 0.5
      vertex 3.00261 -1.24372 3.5
      vertex 3.00261 -1.24372 0.5
    endloop
  endfacet
  facet normal -0.91087 0.412694 0
    outer loop
      vertex 3.00261 -1.24372 3.5
      vertex 2.91484 -1.43744 0.5
      vertex 2.91484 -1.43744 3.5
    endloop
  endfacet
  facet normal -0.81284 0.582487 0
    outer loop
      vertex 2.5784 -1.97847 0.5
      vertex 2.70228 -1.8056 3.5
      vertex 2.70228 -1.8056 0.5
    endloop
  endfacet
  facet normal -0.81284 0.582487 0
    outer loop
      vertex 2.70228 -1.8056 3.5
      vertex 2.5784 -1.97847 0.5
      vertex 2.5784 -1.97847 3.5
    endloop
  endfacet
  facet normal 0.0327262 0.999464 -0
    outer loop
      vertex 0 -3.25 0.5
      vertex -0.21256 -3.24304 3.5
      vertex 0 -3.25 3.5
    endloop
  endfacet
  facet normal 0.0327262 0.999464 0
    outer loop
      vertex -0.21256 -3.24304 3.5
      vertex 0 -3.25 0.5
      vertex -0.21256 -3.24304 0.5
    endloop
  endfacet
  facet normal 0.352236 0.935911 -0
    outer loop
      vertex -1.04468 -3.07752 0.5
      vertex -1.24372 -3.00261 3.5
      vertex -1.04468 -3.07752 3.5
    endloop
  endfacet
  facet normal 0.352236 0.935911 0
    outer loop
      vertex -1.24372 -3.00261 3.5
      vertex -1.04468 -3.07752 0.5
      vertex -1.24372 -3.00261 0.5
    endloop
  endfacet
  facet normal 0.227061 0.97388 -0
    outer loop
      vertex -0.634043 -3.18755 0.5
      vertex -0.841162 -3.13926 3.5
      vertex -0.634043 -3.18755 3.5
    endloop
  endfacet
  facet normal 0.227061 0.97388 0
    outer loop
      vertex -0.841162 -3.13926 3.5
      vertex -0.634043 -3.18755 0.5
      vertex -0.841162 -3.13926 0.5
    endloop
  endfacet
  facet normal 0.528053 0.849211 -0
    outer loop
      vertex -1.625 -2.81458 0.5
      vertex -1.8056 -2.70228 3.5
      vertex -1.625 -2.81458 3.5
    endloop
  endfacet
  facet normal 0.528053 0.849211 0
    outer loop
      vertex -1.8056 -2.70228 3.5
      vertex -1.625 -2.81458 0.5
      vertex -1.8056 -2.70228 0.5
    endloop
  endfacet
  facet normal 0.412694 0.91087 -0
    outer loop
      vertex -1.24372 -3.00261 0.5
      vertex -1.43744 -2.91484 3.5
      vertex -1.24372 -3.00261 3.5
    endloop
  endfacet
  facet normal 0.412694 0.91087 0
    outer loop
      vertex -1.43744 -2.91484 3.5
      vertex -1.24372 -3.00261 0.5
      vertex -1.43744 -2.91484 0.5
    endloop
  endfacet
  facet normal 0.582487 0.81284 -0
    outer loop
      vertex -1.8056 -2.70228 0.5
      vertex -1.97847 -2.5784 3.5
      vertex -1.8056 -2.70228 3.5
    endloop
  endfacet
  facet normal 0.582487 0.81284 0
    outer loop
      vertex -1.97847 -2.5784 3.5
      vertex -1.8056 -2.70228 0.5
      vertex -1.97847 -2.5784 0.5
    endloop
  endfacet
  facet normal 0.956936 0.2903 0
    outer loop
      vertex -3.07752 -1.04468 3.5
      vertex -3.13926 -0.841162 0.5
      vertex -3.13926 -0.841162 3.5
    endloop
  endfacet
  facet normal 0.956936 0.2903 0
    outer loop
      vertex -3.13926 -0.841162 0.5
      vertex -3.07752 -1.04468 3.5
      vertex -3.07752 -1.04468 0.5
    endloop
  endfacet
  facet normal 0.986638 0.162925 0
    outer loop
      vertex -3.18755 -0.634043 3.5
      vertex -3.2222 -0.42421 0.5
      vertex -3.2222 -0.42421 3.5
    endloop
  endfacet
  facet normal 0.986638 0.162925 0
    outer loop
      vertex -3.2222 -0.42421 0.5
      vertex -3.18755 -0.634043 3.5
      vertex -3.18755 -0.634043 0.5
    endloop
  endfacet
  facet normal 0.995187 0.0979906 0
    outer loop
      vertex -3.2222 -0.42421 3.5
      vertex -3.24304 -0.21256 0.5
      vertex -3.24304 -0.21256 3.5
    endloop
  endfacet
  facet normal 0.995187 0.0979906 0
    outer loop
      vertex -3.24304 -0.21256 0.5
      vertex -3.2222 -0.42421 3.5
      vertex -3.2222 -0.42421 0.5
    endloop
  endfacet
  facet normal 0.881907 0.471423 0
    outer loop
      vertex -2.81458 -1.625 3.5
      vertex -2.91484 -1.43744 0.5
      vertex -2.91484 -1.43744 3.5
    endloop
  endfacet
  facet normal 0.881907 0.471423 0
    outer loop
      vertex -2.91484 -1.43744 0.5
      vertex -2.81458 -1.625 3.5
      vertex -2.81458 -1.625 0.5
    endloop
  endfacet
  facet normal 0.849211 0.528053 0
    outer loop
      vertex -2.70228 -1.8056 3.5
      vertex -2.81458 -1.625 0.5
      vertex -2.81458 -1.625 3.5
    endloop
  endfacet
  facet normal 0.849211 0.528053 0
    outer loop
      vertex -2.81458 -1.625 0.5
      vertex -2.70228 -1.8056 3.5
      vertex -2.70228 -1.8056 0.5
    endloop
  endfacet
  facet normal 0.77301 0.634394 0
    outer loop
      vertex -2.44348 -2.14287 3.5
      vertex -2.5784 -1.97847 0.5
      vertex -2.5784 -1.97847 3.5
    endloop
  endfacet
  facet normal 0.77301 0.634394 0
    outer loop
      vertex -2.5784 -1.97847 0.5
      vertex -2.44348 -2.14287 3.5
      vertex -2.44348 -2.14287 0.5
    endloop
  endfacet
  facet normal 0.729885 0.68357 0
    outer loop
      vertex -2.2981 -2.2981 3.5
      vertex -2.44348 -2.14287 0.5
      vertex -2.44348 -2.14287 3.5
    endloop
  endfacet
  facet normal 0.729885 0.68357 0
    outer loop
      vertex -2.44348 -2.14287 0.5
      vertex -2.2981 -2.2981 3.5
      vertex -2.2981 -2.2981 0.5
    endloop
  endfacet
  facet normal -0.999464 0.0327262 0
    outer loop
      vertex 3.24304 -0.21256 0.5
      vertex 3.25 0 3.5
      vertex 3.25 0 0.5
    endloop
  endfacet
  facet normal -0.999464 0.0327262 0
    outer loop
      vertex 3.25 0 3.5
      vertex 3.24304 -0.21256 0.5
      vertex 3.24304 -0.21256 3.5
    endloop
  endfacet
  facet normal -0.956936 0.2903 0
    outer loop
      vertex 3.07752 -1.04468 0.5
      vertex 3.13926 -0.841162 3.5
      vertex 3.13926 -0.841162 0.5
    endloop
  endfacet
  facet normal -0.956936 0.2903 0
    outer loop
      vertex 3.13926 -0.841162 3.5
      vertex 3.07752 -1.04468 0.5
      vertex 3.07752 -1.04468 3.5
    endloop
  endfacet
  facet normal -0.0979906 0.995187 0
    outer loop
      vertex 0.42421 -3.2222 0.5
      vertex 0.21256 -3.24304 3.5
      vertex 0.42421 -3.2222 3.5
    endloop
  endfacet
  facet normal -0.0979906 0.995187 0
    outer loop
      vertex 0.21256 -3.24304 3.5
      vertex 0.42421 -3.2222 0.5
      vertex 0.21256 -3.24304 0.5
    endloop
  endfacet
  facet normal -0.68357 0.729885 0
    outer loop
      vertex 2.2981 -2.2981 0.5
      vertex 2.14287 -2.44348 3.5
      vertex 2.2981 -2.2981 3.5
    endloop
  endfacet
  facet normal -0.68357 0.729885 0
    outer loop
      vertex 2.14287 -2.44348 3.5
      vertex 2.2981 -2.2981 0.5
      vertex 2.14287 -2.44348 0.5
    endloop
  endfacet
  facet normal -0.881907 0.471423 0
    outer loop
      vertex 2.81458 -1.625 0.5
      vertex 2.91484 -1.43744 3.5
      vertex 2.91484 -1.43744 0.5
    endloop
  endfacet
  facet normal -0.881907 0.471423 0
    outer loop
      vertex 2.91484 -1.43744 3.5
      vertex 2.81458 -1.625 0.5
      vertex 2.81458 -1.625 3.5
    endloop
  endfacet
  facet normal -0.77301 0.634394 0
    outer loop
      vertex 2.44348 -2.14287 0.5
      vertex 2.5784 -1.97847 3.5
      vertex 2.5784 -1.97847 0.5
    endloop
  endfacet
  facet normal -0.77301 0.634394 0
    outer loop
      vertex 2.5784 -1.97847 3.5
      vertex 2.44348 -2.14287 0.5
      vertex 2.44348 -2.14287 3.5
    endloop
  endfacet
  facet normal 0.2903 0.956936 -0
    outer loop
      vertex -0.841162 -3.13926 0.5
      vertex -1.04468 -3.07752 3.5
      vertex -0.841162 -3.13926 3.5
    endloop
  endfacet
  facet normal 0.2903 0.956936 0
    outer loop
      vertex -1.04468 -3.07752 3.5
      vertex -0.841162 -3.13926 0.5
      vertex -1.04468 -3.07752 0.5
    endloop
  endfacet
  facet normal 0.471423 0.881907 -0
    outer loop
      vertex -1.43744 -2.91484 0.5
      vertex -1.625 -2.81458 3.5
      vertex -1.43744 -2.91484 3.5
    endloop
  endfacet
  facet normal 0.471423 0.881907 0
    outer loop
      vertex -1.625 -2.81458 3.5
      vertex -1.43744 -2.91484 0.5
      vertex -1.625 -2.81458 0.5
    endloop
  endfacet
  facet normal 0.634394 0.77301 -0
    outer loop
      vertex -1.97847 -2.5784 0.5
      vertex -2.14287 -2.44348 3.5
      vertex -1.97847 -2.5784 3.5
    endloop
  endfacet
  facet normal 0.634394 0.77301 0
    outer loop
      vertex -2.14287 -2.44348 3.5
      vertex -1.97847 -2.5784 0.5
      vertex -2.14287 -2.44348 0.5
    endloop
  endfacet
  facet normal -0.634509 -0.772915 0
    outer loop
      vertex -24.9651 -16.6513 14.2
      vertex -24.8791 -16.7219 20.2
      vertex -24.9651 -16.6513 20.2
    endloop
  endfacet
  facet normal -0.634509 -0.772915 -0
    outer loop
      vertex -24.8791 -16.7219 20.2
      vertex -24.9651 -16.6513 14.2
      vertex -24.8791 -16.7219 14.2
    endloop
  endfacet
  facet normal 0.352108 -0.93596 0
    outer loop
      vertex -26.6506 -16.4294 14.2
      vertex -26.5464 -16.3902 20.2
      vertex -26.6506 -16.4294 20.2
    endloop
  endfacet
  facet normal 0.352108 -0.93596 0
    outer loop
      vertex -26.5464 -16.3902 20.2
      vertex -26.6506 -16.4294 14.2
      vertex -26.5464 -16.3902 14.2
    endloop
  endfacet
  facet normal 0.910859 -0.412719 0
    outer loop
      vertex -27.5706 -17.3494 20.2
      vertex -27.5247 -17.2481 14.2
      vertex -27.5247 -17.2481 20.2
    endloop
  endfacet
  facet normal 0.910859 -0.412719 0
    outer loop
      vertex -27.5247 -17.2481 14.2
      vertex -27.5706 -17.3494 20.2
      vertex -27.5706 -17.3494 14.2
    endloop
  endfacet
  facet normal -0.999476 0.0323571 0
    outer loop
      vertex -24.3036 -18.1112 14.2
      vertex -24.3 -18 20.2
      vertex -24.3 -18 14.2
    endloop
  endfacet
  facet normal -0.999476 0.0323571 0
    outer loop
      vertex -24.3 -18 20.2
      vertex -24.3036 -18.1112 14.2
      vertex -24.3036 -18.1112 20.2
    endloop
  endfacet
  facet normal -0.910859 -0.412719 0
    outer loop
      vertex -24.4294 -17.3494 14.2
      vertex -24.4753 -17.2481 20.2
      vertex -24.4753 -17.2481 14.2
    endloop
  endfacet
  facet normal -0.910859 -0.412719 0
    outer loop
      vertex -24.4753 -17.2481 20.2
      vertex -24.4294 -17.3494 14.2
      vertex -24.4294 -17.3494 20.2
    endloop
  endfacet
  facet normal -0.412719 -0.910859 0
    outer loop
      vertex -25.3494 -16.4294 14.2
      vertex -25.2481 -16.4753 20.2
      vertex -25.3494 -16.4294 20.2
    endloop
  endfacet
  facet normal -0.412719 -0.910859 -0
    outer loop
      vertex -25.2481 -16.4753 20.2
      vertex -25.3494 -16.4294 14.2
      vertex -25.2481 -16.4753 14.2
    endloop
  endfacet
  facet normal 0.730098 -0.683343 0
    outer loop
      vertex -27.2781 -16.8791 20.2
      vertex -27.2021 -16.7979 14.2
      vertex -27.2021 -16.7979 20.2
    endloop
  endfacet
  facet normal 0.730098 -0.683343 0
    outer loop
      vertex -27.2021 -16.7979 14.2
      vertex -27.2781 -16.8791 20.2
      vertex -27.2781 -16.8791 14.2
    endloop
  endfacet
  facet normal 0.163525 -0.986539 0
    outer loop
      vertex -26.3317 -16.3327 14.2
      vertex -26.2219 -16.3145 20.2
      vertex -26.3317 -16.3327 20.2
    endloop
  endfacet
  facet normal 0.163525 -0.986539 0
    outer loop
      vertex -26.2219 -16.3145 20.2
      vertex -26.3317 -16.3327 14.2
      vertex -26.2219 -16.3145 14.2
    endloop
  endfacet
  facet normal -0.352108 0.93596 0
    outer loop
      vertex -25.3494 -19.5706 14.2
      vertex -25.4536 -19.6098 20.2
      vertex -25.3494 -19.5706 20.2
    endloop
  endfacet
  facet normal -0.352108 0.93596 0
    outer loop
      vertex -25.4536 -19.6098 20.2
      vertex -25.3494 -19.5706 14.2
      vertex -25.4536 -19.6098 14.2
    endloop
  endfacet
  facet normal 0.683343 0.730098 -0
    outer loop
      vertex -27.1209 -19.2781 14.2
      vertex -27.2021 -19.2021 20.2
      vertex -27.1209 -19.2781 20.2
    endloop
  endfacet
  facet normal 0.683343 0.730098 0
    outer loop
      vertex -27.2021 -19.2021 20.2
      vertex -27.1209 -19.2781 14.2
      vertex -27.2021 -19.2021 14.2
    endloop
  endfacet
  facet normal 0.81276 0.582598 0
    outer loop
      vertex -27.3487 -19.0349 20.2
      vertex -27.4135 -18.9445 14.2
      vertex -27.4135 -18.9445 20.2
    endloop
  endfacet
  facet normal 0.81276 0.582598 0
    outer loop
      vertex -27.4135 -18.9445 14.2
      vertex -27.3487 -19.0349 20.2
      vertex -27.3487 -19.0349 14.2
    endloop
  endfacet
  facet normal -0.986539 -0.163525 0
    outer loop
      vertex -24.3145 -17.7781 14.2
      vertex -24.3327 -17.6683 20.2
      vertex -24.3327 -17.6683 14.2
    endloop
  endfacet
  facet normal -0.986539 -0.163525 0
    outer loop
      vertex -24.3327 -17.6683 20.2
      vertex -24.3145 -17.7781 14.2
      vertex -24.3145 -17.7781 20.2
    endloop
  endfacet
  facet normal -0.97398 -0.226633 0
    outer loop
      vertex -24.3327 -17.6683 14.2
      vertex -24.3579 -17.56 20.2
      vertex -24.3579 -17.56 14.2
    endloop
  endfacet
  facet normal -0.97398 -0.226633 0
    outer loop
      vertex -24.3579 -17.56 20.2
      vertex -24.3327 -17.6683 14.2
      vertex -24.3327 -17.6683 20.2
    endloop
  endfacet
  facet normal -0.772915 -0.634509 0
    outer loop
      vertex -24.6513 -16.9651 14.2
      vertex -24.7219 -16.8791 20.2
      vertex -24.7219 -16.8791 14.2
    endloop
  endfacet
  facet normal -0.772915 -0.634509 0
    outer loop
      vertex -24.7219 -16.8791 20.2
      vertex -24.6513 -16.9651 14.2
      vertex -24.6513 -16.9651 20.2
    endloop
  endfacet
  facet normal -0.81276 -0.582598 0
    outer loop
      vertex -24.5865 -17.0555 14.2
      vertex -24.6513 -16.9651 20.2
      vertex -24.6513 -16.9651 14.2
    endloop
  endfacet
  facet normal -0.81276 -0.582598 0
    outer loop
      vertex -24.6513 -16.9651 20.2
      vertex -24.5865 -17.0555 14.2
      vertex -24.5865 -17.0555 20.2
    endloop
  endfacet
  facet normal -0.84946 -0.527654 0
    outer loop
      vertex -24.5278 -17.15 14.2
      vertex -24.5865 -17.0555 20.2
      vertex -24.5865 -17.0555 14.2
    endloop
  endfacet
  facet normal -0.84946 -0.527654 0
    outer loop
      vertex -24.5865 -17.0555 20.2
      vertex -24.5278 -17.15 14.2
      vertex -24.5278 -17.15 20.2
    endloop
  endfacet
  facet normal -0.730098 -0.683343 0
    outer loop
      vertex -24.7219 -16.8791 14.2
      vertex -24.7979 -16.7979 20.2
      vertex -24.7979 -16.7979 14.2
    endloop
  endfacet
  facet normal -0.730098 -0.683343 0
    outer loop
      vertex -24.7979 -16.7979 20.2
      vertex -24.7219 -16.8791 14.2
      vertex -24.7219 -16.8791 20.2
    endloop
  endfacet
  facet normal -0.582598 -0.81276 0
    outer loop
      vertex -25.0555 -16.5865 14.2
      vertex -24.9651 -16.6513 20.2
      vertex -25.0555 -16.5865 20.2
    endloop
  endfacet
  facet normal -0.582598 -0.81276 -0
    outer loop
      vertex -24.9651 -16.6513 20.2
      vertex -25.0555 -16.5865 14.2
      vertex -24.9651 -16.6513 14.2
    endloop
  endfacet
  facet normal -0.0323571 -0.999476 0
    outer loop
      vertex -26 -16.3 14.2
      vertex -25.8888 -16.3036 20.2
      vertex -26 -16.3 20.2
    endloop
  endfacet
  facet normal -0.0323571 -0.999476 -0
    outer loop
      vertex -25.8888 -16.3036 20.2
      vertex -26 -16.3 14.2
      vertex -25.8888 -16.3036 14.2
    endloop
  endfacet
  facet normal -0.0979904 -0.995187 0
    outer loop
      vertex -25.8888 -16.3036 14.2
      vertex -25.7781 -16.3145 20.2
      vertex -25.8888 -16.3036 20.2
    endloop
  endfacet
  facet normal -0.0979904 -0.995187 -0
    outer loop
      vertex -25.7781 -16.3145 20.2
      vertex -25.8888 -16.3036 14.2
      vertex -25.7781 -16.3145 14.2
    endloop
  endfacet
  facet normal -0.290482 -0.956881 0
    outer loop
      vertex -25.56 -16.3579 14.2
      vertex -25.4536 -16.3902 20.2
      vertex -25.56 -16.3579 20.2
    endloop
  endfacet
  facet normal -0.290482 -0.956881 -0
    outer loop
      vertex -25.4536 -16.3902 20.2
      vertex -25.56 -16.3579 14.2
      vertex -25.4536 -16.3902 14.2
    endloop
  endfacet
  facet normal -0.226633 -0.97398 0
    outer loop
      vertex -25.6683 -16.3327 14.2
      vertex -25.56 -16.3579 20.2
      vertex -25.6683 -16.3327 20.2
    endloop
  endfacet
  facet normal -0.226633 -0.97398 -0
    outer loop
      vertex -25.56 -16.3579 20.2
      vertex -25.6683 -16.3327 14.2
      vertex -25.56 -16.3579 14.2
    endloop
  endfacet
  facet normal 0.999476 -0.0323571 0
    outer loop
      vertex -27.7 -18 20.2
      vertex -27.6964 -17.8888 14.2
      vertex -27.6964 -17.8888 20.2
    endloop
  endfacet
  facet normal 0.999476 -0.0323571 0
    outer loop
      vertex -27.6964 -17.8888 14.2
      vertex -27.7 -18 20.2
      vertex -27.7 -18 14.2
    endloop
  endfacet
  facet normal 0.995187 -0.0979904 0
    outer loop
      vertex -27.6964 -17.8888 20.2
      vertex -27.6855 -17.7781 14.2
      vertex -27.6855 -17.7781 20.2
    endloop
  endfacet
  facet normal 0.995187 -0.0979904 0
    outer loop
      vertex -27.6855 -17.7781 14.2
      vertex -27.6964 -17.8888 20.2
      vertex -27.6964 -17.8888 14.2
    endloop
  endfacet
  facet normal 0.956881 -0.290482 0
    outer loop
      vertex -27.6421 -17.56 20.2
      vertex -27.6098 -17.4536 14.2
      vertex -27.6098 -17.4536 20.2
    endloop
  endfacet
  facet normal 0.956881 -0.290482 0
    outer loop
      vertex -27.6098 -17.4536 14.2
      vertex -27.6421 -17.56 20.2
      vertex -27.6421 -17.56 14.2
    endloop
  endfacet
  facet normal 0.97398 -0.226633 0
    outer loop
      vertex -27.6673 -17.6683 20.2
      vertex -27.6421 -17.56 14.2
      vertex -27.6421 -17.56 20.2
    endloop
  endfacet
  facet normal 0.97398 -0.226633 0
    outer loop
      vertex -27.6421 -17.56 14.2
      vertex -27.6673 -17.6683 20.2
      vertex -27.6673 -17.6683 14.2
    endloop
  endfacet
  facet normal 0.88168 -0.471847 0
    outer loop
      vertex -27.5247 -17.2481 20.2
      vertex -27.4722 -17.15 14.2
      vertex -27.4722 -17.15 20.2
    endloop
  endfacet
  facet normal 0.88168 -0.471847 0
    outer loop
      vertex -27.4722 -17.15 14.2
      vertex -27.5247 -17.2481 20.2
      vertex -27.5247 -17.2481 14.2
    endloop
  endfacet
  facet normal 0.81276 -0.582598 0
    outer loop
      vertex -27.4135 -17.0555 20.2
      vertex -27.3487 -16.9651 14.2
      vertex -27.3487 -16.9651 20.2
    endloop
  endfacet
  facet normal 0.81276 -0.582598 0
    outer loop
      vertex -27.3487 -16.9651 14.2
      vertex -27.4135 -17.0555 20.2
      vertex -27.4135 -17.0555 14.2
    endloop
  endfacet
  facet normal 0.226633 -0.97398 0
    outer loop
      vertex -26.44 -16.3579 14.2
      vertex -26.3317 -16.3327 20.2
      vertex -26.44 -16.3579 20.2
    endloop
  endfacet
  facet normal 0.226633 -0.97398 0
    outer loop
      vertex -26.3317 -16.3327 20.2
      vertex -26.44 -16.3579 14.2
      vertex -26.3317 -16.3327 14.2
    endloop
  endfacet
  facet normal 0.0323571 -0.999476 0
    outer loop
      vertex -26.1112 -16.3036 14.2
      vertex -26 -16.3 20.2
      vertex -26.1112 -16.3036 20.2
    endloop
  endfacet
  facet normal 0.0323571 -0.999476 0
    outer loop
      vertex -26 -16.3 20.2
      vertex -26.1112 -16.3036 14.2
      vertex -26 -16.3 14.2
    endloop
  endfacet
  facet normal 0.527654 -0.84946 0
    outer loop
      vertex -26.9445 -16.5865 14.2
      vertex -26.85 -16.5278 20.2
      vertex -26.9445 -16.5865 20.2
    endloop
  endfacet
  facet normal 0.527654 -0.84946 0
    outer loop
      vertex -26.85 -16.5278 20.2
      vertex -26.9445 -16.5865 14.2
      vertex -26.85 -16.5278 14.2
    endloop
  endfacet
  facet normal 0.412719 -0.910859 0
    outer loop
      vertex -26.7519 -16.4753 14.2
      vertex -26.6506 -16.4294 20.2
      vertex -26.7519 -16.4753 20.2
    endloop
  endfacet
  facet normal 0.412719 -0.910859 0
    outer loop
      vertex -26.6506 -16.4294 20.2
      vertex -26.7519 -16.4753 14.2
      vertex -26.6506 -16.4294 14.2
    endloop
  endfacet
  facet normal 0.683343 -0.730098 0
    outer loop
      vertex -27.2021 -16.7979 14.2
      vertex -27.1209 -16.7219 20.2
      vertex -27.2021 -16.7979 20.2
    endloop
  endfacet
  facet normal 0.683343 -0.730098 0
    outer loop
      vertex -27.1209 -16.7219 20.2
      vertex -27.2021 -16.7979 14.2
      vertex -27.1209 -16.7219 14.2
    endloop
  endfacet
  facet normal -0.999476 -0.0323571 0
    outer loop
      vertex -24.3 -18 14.2
      vertex -24.3036 -17.8888 20.2
      vertex -24.3036 -17.8888 14.2
    endloop
  endfacet
  facet normal -0.999476 -0.0323571 0
    outer loop
      vertex -24.3036 -17.8888 20.2
      vertex -24.3 -18 14.2
      vertex -24.3 -18 20.2
    endloop
  endfacet
  facet normal -0.0323571 0.999476 0
    outer loop
      vertex -25.8888 -19.6964 14.2
      vertex -26 -19.7 20.2
      vertex -25.8888 -19.6964 20.2
    endloop
  endfacet
  facet normal -0.0323571 0.999476 0
    outer loop
      vertex -26 -19.7 20.2
      vertex -25.8888 -19.6964 14.2
      vertex -26 -19.7 14.2
    endloop
  endfacet
  facet normal -0.956881 0.290482 0
    outer loop
      vertex -24.3902 -18.5464 14.2
      vertex -24.3579 -18.44 20.2
      vertex -24.3579 -18.44 14.2
    endloop
  endfacet
  facet normal -0.956881 0.290482 0
    outer loop
      vertex -24.3579 -18.44 20.2
      vertex -24.3902 -18.5464 14.2
      vertex -24.3902 -18.5464 20.2
    endloop
  endfacet
  facet normal -0.772915 0.634509 0
    outer loop
      vertex -24.7219 -19.1209 14.2
      vertex -24.6513 -19.0349 20.2
      vertex -24.6513 -19.0349 14.2
    endloop
  endfacet
  facet normal -0.772915 0.634509 0
    outer loop
      vertex -24.6513 -19.0349 20.2
      vertex -24.7219 -19.1209 14.2
      vertex -24.7219 -19.1209 20.2
    endloop
  endfacet
  facet normal -0.910859 0.412719 0
    outer loop
      vertex -24.4753 -18.7519 14.2
      vertex -24.4294 -18.6506 20.2
      vertex -24.4294 -18.6506 14.2
    endloop
  endfacet
  facet normal -0.910859 0.412719 0
    outer loop
      vertex -24.4294 -18.6506 20.2
      vertex -24.4753 -18.7519 14.2
      vertex -24.4753 -18.7519 20.2
    endloop
  endfacet
  facet normal -0.0979904 0.995187 0
    outer loop
      vertex -25.7781 -19.6855 14.2
      vertex -25.8888 -19.6964 20.2
      vertex -25.7781 -19.6855 20.2
    endloop
  endfacet
  facet normal -0.0979904 0.995187 0
    outer loop
      vertex -25.8888 -19.6964 20.2
      vertex -25.7781 -19.6855 14.2
      vertex -25.8888 -19.6964 14.2
    endloop
  endfacet
  facet normal -0.226633 0.97398 0
    outer loop
      vertex -25.56 -19.6421 14.2
      vertex -25.6683 -19.6673 20.2
      vertex -25.56 -19.6421 20.2
    endloop
  endfacet
  facet normal -0.226633 0.97398 0
    outer loop
      vertex -25.6683 -19.6673 20.2
      vertex -25.56 -19.6421 14.2
      vertex -25.6683 -19.6673 14.2
    endloop
  endfacet
  facet normal -0.634509 0.772915 0
    outer loop
      vertex -24.8791 -19.2781 14.2
      vertex -24.9651 -19.3487 20.2
      vertex -24.8791 -19.2781 20.2
    endloop
  endfacet
  facet normal -0.634509 0.772915 0
    outer loop
      vertex -24.9651 -19.3487 20.2
      vertex -24.8791 -19.2781 14.2
      vertex -24.9651 -19.3487 14.2
    endloop
  endfacet
  facet normal -0.730098 0.683343 0
    outer loop
      vertex -24.7979 -19.2021 14.2
      vertex -24.7219 -19.1209 20.2
      vertex -24.7219 -19.1209 14.2
    endloop
  endfacet
  facet normal -0.730098 0.683343 0
    outer loop
      vertex -24.7219 -19.1209 20.2
      vertex -24.7979 -19.2021 14.2
      vertex -24.7979 -19.2021 20.2
    endloop
  endfacet
  facet normal -0.582598 0.81276 0
    outer loop
      vertex -24.9651 -19.3487 14.2
      vertex -25.0555 -19.4135 20.2
      vertex -24.9651 -19.3487 20.2
    endloop
  endfacet
  facet normal -0.582598 0.81276 0
    outer loop
      vertex -25.0555 -19.4135 20.2
      vertex -24.9651 -19.3487 14.2
      vertex -25.0555 -19.4135 14.2
    endloop
  endfacet
  facet normal 0.582598 0.81276 -0
    outer loop
      vertex -26.9445 -19.4135 14.2
      vertex -27.0349 -19.3487 20.2
      vertex -26.9445 -19.4135 20.2
    endloop
  endfacet
  facet normal 0.582598 0.81276 0
    outer loop
      vertex -27.0349 -19.3487 20.2
      vertex -26.9445 -19.4135 14.2
      vertex -27.0349 -19.3487 14.2
    endloop
  endfacet
  facet normal 0.97398 0.226633 0
    outer loop
      vertex -27.6421 -18.44 20.2
      vertex -27.6673 -18.3317 14.2
      vertex -27.6673 -18.3317 20.2
    endloop
  endfacet
  facet normal 0.97398 0.226633 0
    outer loop
      vertex -27.6673 -18.3317 14.2
      vertex -27.6421 -18.44 20.2
      vertex -27.6421 -18.44 14.2
    endloop
  endfacet
  facet normal 0.93596 0.352108 0
    outer loop
      vertex -27.5706 -18.6506 20.2
      vertex -27.6098 -18.5464 14.2
      vertex -27.6098 -18.5464 20.2
    endloop
  endfacet
  facet normal 0.93596 0.352108 0
    outer loop
      vertex -27.6098 -18.5464 14.2
      vertex -27.5706 -18.6506 20.2
      vertex -27.5706 -18.6506 14.2
    endloop
  endfacet
  facet normal 0.986539 0.163525 0
    outer loop
      vertex -27.6673 -18.3317 20.2
      vertex -27.6855 -18.2219 14.2
      vertex -27.6855 -18.2219 20.2
    endloop
  endfacet
  facet normal 0.986539 0.163525 0
    outer loop
      vertex -27.6855 -18.2219 14.2
      vertex -27.6673 -18.3317 20.2
      vertex -27.6673 -18.3317 14.2
    endloop
  endfacet
  facet normal 0.999476 0.0323571 0
    outer loop
      vertex -27.6964 -18.1112 20.2
      vertex -27.7 -18 14.2
      vertex -27.7 -18 20.2
    endloop
  endfacet
  facet normal 0.999476 0.0323571 0
    outer loop
      vertex -27.7 -18 14.2
      vertex -27.6964 -18.1112 20.2
      vertex -27.6964 -18.1112 14.2
    endloop
  endfacet
  facet normal 0.910859 0.412719 0
    outer loop
      vertex -27.5247 -18.7519 20.2
      vertex -27.5706 -18.6506 14.2
      vertex -27.5706 -18.6506 20.2
    endloop
  endfacet
  facet normal 0.910859 0.412719 0
    outer loop
      vertex -27.5706 -18.6506 14.2
      vertex -27.5247 -18.7519 20.2
      vertex -27.5247 -18.7519 14.2
    endloop
  endfacet
  facet normal -0.995187 -0.0979904 0
    outer loop
      vertex -24.3036 -17.8888 14.2
      vertex -24.3145 -17.7781 20.2
      vertex -24.3145 -17.7781 14.2
    endloop
  endfacet
  facet normal -0.995187 -0.0979904 0
    outer loop
      vertex -24.3145 -17.7781 20.2
      vertex -24.3036 -17.8888 14.2
      vertex -24.3036 -17.8888 20.2
    endloop
  endfacet
  facet normal -0.956881 -0.290482 0
    outer loop
      vertex -24.3579 -17.56 14.2
      vertex -24.3902 -17.4536 20.2
      vertex -24.3902 -17.4536 14.2
    endloop
  endfacet
  facet normal -0.956881 -0.290482 0
    outer loop
      vertex -24.3902 -17.4536 20.2
      vertex -24.3579 -17.56 14.2
      vertex -24.3579 -17.56 20.2
    endloop
  endfacet
  facet normal -0.93596 -0.352108 0
    outer loop
      vertex -24.3902 -17.4536 14.2
      vertex -24.4294 -17.3494 20.2
      vertex -24.4294 -17.3494 14.2
    endloop
  endfacet
  facet normal -0.93596 -0.352108 0
    outer loop
      vertex -24.4294 -17.3494 20.2
      vertex -24.3902 -17.4536 14.2
      vertex -24.3902 -17.4536 20.2
    endloop
  endfacet
  facet normal -0.683343 -0.730098 0
    outer loop
      vertex -24.8791 -16.7219 14.2
      vertex -24.7979 -16.7979 20.2
      vertex -24.8791 -16.7219 20.2
    endloop
  endfacet
  facet normal -0.683343 -0.730098 -0
    outer loop
      vertex -24.7979 -16.7979 20.2
      vertex -24.8791 -16.7219 14.2
      vertex -24.7979 -16.7979 14.2
    endloop
  endfacet
  facet normal -0.527654 -0.84946 0
    outer loop
      vertex -25.15 -16.5278 14.2
      vertex -25.0555 -16.5865 20.2
      vertex -25.15 -16.5278 20.2
    endloop
  endfacet
  facet normal -0.527654 -0.84946 -0
    outer loop
      vertex -25.0555 -16.5865 20.2
      vertex -25.15 -16.5278 14.2
      vertex -25.0555 -16.5865 14.2
    endloop
  endfacet
  facet normal -0.471847 -0.88168 0
    outer loop
      vertex -25.2481 -16.4753 14.2
      vertex -25.15 -16.5278 20.2
      vertex -25.2481 -16.4753 20.2
    endloop
  endfacet
  facet normal -0.471847 -0.88168 -0
    outer loop
      vertex -25.15 -16.5278 20.2
      vertex -25.2481 -16.4753 14.2
      vertex -25.15 -16.5278 14.2
    endloop
  endfacet
  facet normal -0.352108 -0.93596 0
    outer loop
      vertex -25.4536 -16.3902 14.2
      vertex -25.3494 -16.4294 20.2
      vertex -25.4536 -16.3902 20.2
    endloop
  endfacet
  facet normal -0.352108 -0.93596 -0
    outer loop
      vertex -25.3494 -16.4294 20.2
      vertex -25.4536 -16.3902 14.2
      vertex -25.3494 -16.4294 14.2
    endloop
  endfacet
  facet normal -0.163525 -0.986539 0
    outer loop
      vertex -25.7781 -16.3145 14.2
      vertex -25.6683 -16.3327 20.2
      vertex -25.7781 -16.3145 20.2
    endloop
  endfacet
  facet normal -0.163525 -0.986539 -0
    outer loop
      vertex -25.6683 -16.3327 20.2
      vertex -25.7781 -16.3145 14.2
      vertex -25.6683 -16.3327 14.2
    endloop
  endfacet
  facet normal 0.93596 -0.352108 0
    outer loop
      vertex -27.6098 -17.4536 20.2
      vertex -27.5706 -17.3494 14.2
      vertex -27.5706 -17.3494 20.2
    endloop
  endfacet
  facet normal 0.93596 -0.352108 0
    outer loop
      vertex -27.5706 -17.3494 14.2
      vertex -27.6098 -17.4536 20.2
      vertex -27.6098 -17.4536 14.2
    endloop
  endfacet
  facet normal 0.582598 -0.81276 0
    outer loop
      vertex -27.0349 -16.6513 14.2
      vertex -26.9445 -16.5865 20.2
      vertex -27.0349 -16.6513 20.2
    endloop
  endfacet
  facet normal 0.582598 -0.81276 0
    outer loop
      vertex -26.9445 -16.5865 20.2
      vertex -27.0349 -16.6513 14.2
      vertex -26.9445 -16.5865 14.2
    endloop
  endfacet
  facet normal 0.634509 -0.772915 0
    outer loop
      vertex -27.1209 -16.7219 14.2
      vertex -27.0349 -16.6513 20.2
      vertex -27.1209 -16.7219 20.2
    endloop
  endfacet
  facet normal 0.634509 -0.772915 0
    outer loop
      vertex -27.0349 -16.6513 20.2
      vertex -27.1209 -16.7219 14.2
      vertex -27.0349 -16.6513 14.2
    endloop
  endfacet
  facet normal -0.986539 0.163525 0
    outer loop
      vertex -24.3327 -18.3317 14.2
      vertex -24.3145 -18.2219 20.2
      vertex -24.3145 -18.2219 14.2
    endloop
  endfacet
  facet normal -0.986539 0.163525 0
    outer loop
      vertex -24.3145 -18.2219 20.2
      vertex -24.3327 -18.3317 14.2
      vertex -24.3327 -18.3317 20.2
    endloop
  endfacet
  facet normal -0.995187 0.0979904 0
    outer loop
      vertex -24.3145 -18.2219 14.2
      vertex -24.3036 -18.1112 20.2
      vertex -24.3036 -18.1112 14.2
    endloop
  endfacet
  facet normal -0.995187 0.0979904 0
    outer loop
      vertex -24.3036 -18.1112 20.2
      vertex -24.3145 -18.2219 14.2
      vertex -24.3145 -18.2219 20.2
    endloop
  endfacet
  facet normal -0.290482 0.956881 0
    outer loop
      vertex -25.4536 -19.6098 14.2
      vertex -25.56 -19.6421 20.2
      vertex -25.4536 -19.6098 20.2
    endloop
  endfacet
  facet normal -0.290482 0.956881 0
    outer loop
      vertex -25.56 -19.6421 20.2
      vertex -25.4536 -19.6098 14.2
      vertex -25.56 -19.6421 14.2
    endloop
  endfacet
  facet normal -0.683343 0.730098 0
    outer loop
      vertex -24.7979 -19.2021 14.2
      vertex -24.8791 -19.2781 20.2
      vertex -24.7979 -19.2021 20.2
    endloop
  endfacet
  facet normal -0.683343 0.730098 0
    outer loop
      vertex -24.8791 -19.2781 20.2
      vertex -24.7979 -19.2021 14.2
      vertex -24.8791 -19.2781 14.2
    endloop
  endfacet
  facet normal -0.412719 0.910859 0
    outer loop
      vertex -25.2481 -19.5247 14.2
      vertex -25.3494 -19.5706 20.2
      vertex -25.2481 -19.5247 20.2
    endloop
  endfacet
  facet normal -0.412719 0.910859 0
    outer loop
      vertex -25.3494 -19.5706 20.2
      vertex -25.2481 -19.5247 14.2
      vertex -25.3494 -19.5706 14.2
    endloop
  endfacet
  facet normal -0.527654 0.84946 0
    outer loop
      vertex -25.0555 -19.4135 14.2
      vertex -25.15 -19.4722 20.2
      vertex -25.0555 -19.4135 20.2
    endloop
  endfacet
  facet normal -0.527654 0.84946 0
    outer loop
      vertex -25.15 -19.4722 20.2
      vertex -25.0555 -19.4135 14.2
      vertex -25.15 -19.4722 14.2
    endloop
  endfacet
  facet normal -0.471847 0.88168 0
    outer loop
      vertex -25.15 -19.4722 14.2
      vertex -25.2481 -19.5247 20.2
      vertex -25.15 -19.4722 20.2
    endloop
  endfacet
  facet normal -0.471847 0.88168 0
    outer loop
      vertex -25.2481 -19.5247 20.2
      vertex -25.15 -19.4722 14.2
      vertex -25.2481 -19.5247 14.2
    endloop
  endfacet
  facet normal 0.226633 0.97398 -0
    outer loop
      vertex -26.3317 -19.6673 14.2
      vertex -26.44 -19.6421 20.2
      vertex -26.3317 -19.6673 20.2
    endloop
  endfacet
  facet normal 0.226633 0.97398 0
    outer loop
      vertex -26.44 -19.6421 20.2
      vertex -26.3317 -19.6673 14.2
      vertex -26.44 -19.6421 14.2
    endloop
  endfacet
  facet normal 0.352108 0.93596 -0
    outer loop
      vertex -26.5464 -19.6098 14.2
      vertex -26.6506 -19.5706 20.2
      vertex -26.5464 -19.6098 20.2
    endloop
  endfacet
  facet normal 0.352108 0.93596 0
    outer loop
      vertex -26.6506 -19.5706 20.2
      vertex -26.5464 -19.6098 14.2
      vertex -26.6506 -19.5706 14.2
    endloop
  endfacet
  facet normal 0.0323571 0.999476 -0
    outer loop
      vertex -26 -19.7 14.2
      vertex -26.1112 -19.6964 20.2
      vertex -26 -19.7 20.2
    endloop
  endfacet
  facet normal 0.0323571 0.999476 0
    outer loop
      vertex -26.1112 -19.6964 20.2
      vertex -26 -19.7 14.2
      vertex -26.1112 -19.6964 14.2
    endloop
  endfacet
  facet normal 0.163525 0.986539 -0
    outer loop
      vertex -26.2219 -19.6855 14.2
      vertex -26.3317 -19.6673 20.2
      vertex -26.2219 -19.6855 20.2
    endloop
  endfacet
  facet normal 0.163525 0.986539 0
    outer loop
      vertex -26.3317 -19.6673 20.2
      vertex -26.2219 -19.6855 14.2
      vertex -26.3317 -19.6673 14.2
    endloop
  endfacet
  facet normal 0.0979904 0.995187 -0
    outer loop
      vertex -26.1112 -19.6964 14.2
      vertex -26.2219 -19.6855 20.2
      vertex -26.1112 -19.6964 20.2
    endloop
  endfacet
  facet normal 0.0979904 0.995187 0
    outer loop
      vertex -26.2219 -19.6855 20.2
      vertex -26.1112 -19.6964 14.2
      vertex -26.2219 -19.6855 14.2
    endloop
  endfacet
  facet normal 0.290482 0.956881 -0
    outer loop
      vertex -26.44 -19.6421 14.2
      vertex -26.5464 -19.6098 20.2
      vertex -26.44 -19.6421 20.2
    endloop
  endfacet
  facet normal 0.290482 0.956881 0
    outer loop
      vertex -26.5464 -19.6098 20.2
      vertex -26.44 -19.6421 14.2
      vertex -26.5464 -19.6098 14.2
    endloop
  endfacet
  facet normal 0.412719 0.910859 -0
    outer loop
      vertex -26.6506 -19.5706 14.2
      vertex -26.7519 -19.5247 20.2
      vertex -26.6506 -19.5706 20.2
    endloop
  endfacet
  facet normal 0.412719 0.910859 0
    outer loop
      vertex -26.7519 -19.5247 20.2
      vertex -26.6506 -19.5706 14.2
      vertex -26.7519 -19.5247 14.2
    endloop
  endfacet
  facet normal 0.527654 0.84946 -0
    outer loop
      vertex -26.85 -19.4722 14.2
      vertex -26.9445 -19.4135 20.2
      vertex -26.85 -19.4722 20.2
    endloop
  endfacet
  facet normal 0.527654 0.84946 0
    outer loop
      vertex -26.9445 -19.4135 20.2
      vertex -26.85 -19.4722 14.2
      vertex -26.9445 -19.4135 14.2
    endloop
  endfacet
  facet normal 0.471847 0.88168 -0
    outer loop
      vertex -26.7519 -19.5247 14.2
      vertex -26.85 -19.4722 20.2
      vertex -26.7519 -19.5247 20.2
    endloop
  endfacet
  facet normal 0.471847 0.88168 0
    outer loop
      vertex -26.85 -19.4722 20.2
      vertex -26.7519 -19.5247 14.2
      vertex -26.85 -19.4722 14.2
    endloop
  endfacet
  facet normal 0.634509 0.772915 -0
    outer loop
      vertex -27.0349 -19.3487 14.2
      vertex -27.1209 -19.2781 20.2
      vertex -27.0349 -19.3487 20.2
    endloop
  endfacet
  facet normal 0.634509 0.772915 0
    outer loop
      vertex -27.1209 -19.2781 20.2
      vertex -27.0349 -19.3487 14.2
      vertex -27.1209 -19.2781 14.2
    endloop
  endfacet
  facet normal 0.956881 0.290482 0
    outer loop
      vertex -27.6098 -18.5464 20.2
      vertex -27.6421 -18.44 14.2
      vertex -27.6421 -18.44 20.2
    endloop
  endfacet
  facet normal 0.956881 0.290482 0
    outer loop
      vertex -27.6421 -18.44 14.2
      vertex -27.6098 -18.5464 20.2
      vertex -27.6098 -18.5464 14.2
    endloop
  endfacet
  facet normal 0.995187 0.0979904 0
    outer loop
      vertex -27.6855 -18.2219 20.2
      vertex -27.6964 -18.1112 14.2
      vertex -27.6964 -18.1112 20.2
    endloop
  endfacet
  facet normal 0.995187 0.0979904 0
    outer loop
      vertex -27.6964 -18.1112 14.2
      vertex -27.6855 -18.2219 20.2
      vertex -27.6855 -18.2219 14.2
    endloop
  endfacet
  facet normal 0.88168 0.471847 0
    outer loop
      vertex -27.4722 -18.85 20.2
      vertex -27.5247 -18.7519 14.2
      vertex -27.5247 -18.7519 20.2
    endloop
  endfacet
  facet normal 0.88168 0.471847 0
    outer loop
      vertex -27.5247 -18.7519 14.2
      vertex -27.4722 -18.85 20.2
      vertex -27.4722 -18.85 14.2
    endloop
  endfacet
  facet normal 0.730098 0.683343 0
    outer loop
      vertex -27.2021 -19.2021 20.2
      vertex -27.2781 -19.1209 14.2
      vertex -27.2781 -19.1209 20.2
    endloop
  endfacet
  facet normal 0.730098 0.683343 0
    outer loop
      vertex -27.2781 -19.1209 14.2
      vertex -27.2021 -19.2021 20.2
      vertex -27.2021 -19.2021 14.2
    endloop
  endfacet
  facet normal -0.88168 -0.471847 0
    outer loop
      vertex -24.4753 -17.2481 14.2
      vertex -24.5278 -17.15 20.2
      vertex -24.5278 -17.15 14.2
    endloop
  endfacet
  facet normal -0.88168 -0.471847 0
    outer loop
      vertex -24.5278 -17.15 20.2
      vertex -24.4753 -17.2481 14.2
      vertex -24.4753 -17.2481 20.2
    endloop
  endfacet
  facet normal 0.986539 -0.163525 0
    outer loop
      vertex -27.6855 -17.7781 20.2
      vertex -27.6673 -17.6683 14.2
      vertex -27.6673 -17.6683 20.2
    endloop
  endfacet
  facet normal 0.986539 -0.163525 0
    outer loop
      vertex -27.6673 -17.6683 14.2
      vertex -27.6855 -17.7781 20.2
      vertex -27.6855 -17.7781 14.2
    endloop
  endfacet
  facet normal 0.84946 -0.527654 0
    outer loop
      vertex -27.4722 -17.15 20.2
      vertex -27.4135 -17.0555 14.2
      vertex -27.4135 -17.0555 20.2
    endloop
  endfacet
  facet normal 0.84946 -0.527654 0
    outer loop
      vertex -27.4135 -17.0555 14.2
      vertex -27.4722 -17.15 20.2
      vertex -27.4722 -17.15 14.2
    endloop
  endfacet
  facet normal 0.772915 -0.634509 0
    outer loop
      vertex -27.3487 -16.9651 20.2
      vertex -27.2781 -16.8791 14.2
      vertex -27.2781 -16.8791 20.2
    endloop
  endfacet
  facet normal 0.772915 -0.634509 0
    outer loop
      vertex -27.2781 -16.8791 14.2
      vertex -27.3487 -16.9651 20.2
      vertex -27.3487 -16.9651 14.2
    endloop
  endfacet
  facet normal 0.290482 -0.956881 0
    outer loop
      vertex -26.5464 -16.3902 14.2
      vertex -26.44 -16.3579 20.2
      vertex -26.5464 -16.3902 20.2
    endloop
  endfacet
  facet normal 0.290482 -0.956881 0
    outer loop
      vertex -26.44 -16.3579 20.2
      vertex -26.5464 -16.3902 14.2
      vertex -26.44 -16.3579 14.2
    endloop
  endfacet
  facet normal 0.0979904 -0.995187 0
    outer loop
      vertex -26.2219 -16.3145 14.2
      vertex -26.1112 -16.3036 20.2
      vertex -26.2219 -16.3145 20.2
    endloop
  endfacet
  facet normal 0.0979904 -0.995187 0
    outer loop
      vertex -26.1112 -16.3036 20.2
      vertex -26.2219 -16.3145 14.2
      vertex -26.1112 -16.3036 14.2
    endloop
  endfacet
  facet normal 0.471847 -0.88168 0
    outer loop
      vertex -26.85 -16.5278 14.2
      vertex -26.7519 -16.4753 20.2
      vertex -26.85 -16.5278 20.2
    endloop
  endfacet
  facet normal 0.471847 -0.88168 0
    outer loop
      vertex -26.7519 -16.4753 20.2
      vertex -26.85 -16.5278 14.2
      vertex -26.7519 -16.4753 14.2
    endloop
  endfacet
  facet normal -0.97398 0.226633 0
    outer loop
      vertex -24.3579 -18.44 14.2
      vertex -24.3327 -18.3317 20.2
      vertex -24.3327 -18.3317 14.2
    endloop
  endfacet
  facet normal -0.97398 0.226633 0
    outer loop
      vertex -24.3327 -18.3317 20.2
      vertex -24.3579 -18.44 14.2
      vertex -24.3579 -18.44 20.2
    endloop
  endfacet
  facet normal -0.93596 0.352108 0
    outer loop
      vertex -24.4294 -18.6506 14.2
      vertex -24.3902 -18.5464 20.2
      vertex -24.3902 -18.5464 14.2
    endloop
  endfacet
  facet normal -0.93596 0.352108 0
    outer loop
      vertex -24.3902 -18.5464 20.2
      vertex -24.4294 -18.6506 14.2
      vertex -24.4294 -18.6506 20.2
    endloop
  endfacet
  facet normal -0.163525 0.986539 0
    outer loop
      vertex -25.6683 -19.6673 14.2
      vertex -25.7781 -19.6855 20.2
      vertex -25.6683 -19.6673 20.2
    endloop
  endfacet
  facet normal -0.163525 0.986539 0
    outer loop
      vertex -25.7781 -19.6855 20.2
      vertex -25.6683 -19.6673 14.2
      vertex -25.7781 -19.6855 14.2
    endloop
  endfacet
  facet normal 0.84946 0.527654 0
    outer loop
      vertex -27.4135 -18.9445 20.2
      vertex -27.4722 -18.85 14.2
      vertex -27.4722 -18.85 20.2
    endloop
  endfacet
  facet normal 0.84946 0.527654 0
    outer loop
      vertex -27.4722 -18.85 14.2
      vertex -27.4135 -18.9445 20.2
      vertex -27.4135 -18.9445 14.2
    endloop
  endfacet
  facet normal 0.772915 0.634509 0
    outer loop
      vertex -27.2781 -19.1209 20.2
      vertex -27.3487 -19.0349 14.2
      vertex -27.3487 -19.0349 20.2
    endloop
  endfacet
  facet normal 0.772915 0.634509 0
    outer loop
      vertex -27.3487 -19.0349 14.2
      vertex -27.2781 -19.1209 20.2
      vertex -27.2781 -19.1209 14.2
    endloop
  endfacet
  facet normal -0.84946 0.527654 0
    outer loop
      vertex -24.5865 -18.9445 14.2
      vertex -24.5278 -18.85 20.2
      vertex -24.5278 -18.85 14.2
    endloop
  endfacet
  facet normal -0.84946 0.527654 0
    outer loop
      vertex -24.5278 -18.85 20.2
      vertex -24.5865 -18.9445 14.2
      vertex -24.5865 -18.9445 20.2
    endloop
  endfacet
  facet normal -0.88168 0.471847 0
    outer loop
      vertex -24.5278 -18.85 14.2
      vertex -24.4753 -18.7519 20.2
      vertex -24.4753 -18.7519 14.2
    endloop
  endfacet
  facet normal -0.88168 0.471847 0
    outer loop
      vertex -24.4753 -18.7519 20.2
      vertex -24.5278 -18.85 14.2
      vertex -24.5278 -18.85 20.2
    endloop
  endfacet
  facet normal -0.81276 0.582598 0
    outer loop
      vertex -24.6513 -19.0349 14.2
      vertex -24.5865 -18.9445 20.2
      vertex -24.5865 -18.9445 14.2
    endloop
  endfacet
  facet normal -0.81276 0.582598 0
    outer loop
      vertex -24.5865 -18.9445 20.2
      vertex -24.6513 -19.0349 14.2
      vertex -24.6513 -19.0349 20.2
    endloop
  endfacet
  facet normal -0.999476 -0.0323571 0
    outer loop
      vertex -24.3 18 14.2
      vertex -24.3036 18.1112 20.2
      vertex -24.3036 18.1112 14.2
    endloop
  endfacet
  facet normal -0.999476 -0.0323571 0
    outer loop
      vertex -24.3036 18.1112 20.2
      vertex -24.3 18 14.2
      vertex -24.3 18 20.2
    endloop
  endfacet
  facet normal 0.0323571 -0.999476 0
    outer loop
      vertex -26.1112 19.6964 14.2
      vertex -26 19.7 20.2
      vertex -26.1112 19.6964 20.2
    endloop
  endfacet
  facet normal 0.0323571 -0.999476 0
    outer loop
      vertex -26 19.7 20.2
      vertex -26.1112 19.6964 14.2
      vertex -26 19.7 14.2
    endloop
  endfacet
  facet normal -0.0323571 0.999476 0
    outer loop
      vertex -25.8888 16.3036 14.2
      vertex -26 16.3 20.2
      vertex -25.8888 16.3036 20.2
    endloop
  endfacet
  facet normal -0.0323571 0.999476 0
    outer loop
      vertex -26 16.3 20.2
      vertex -25.8888 16.3036 14.2
      vertex -26 16.3 14.2
    endloop
  endfacet
  facet normal -0.683343 -0.730098 0
    outer loop
      vertex -24.8791 19.2781 14.2
      vertex -24.7979 19.2021 20.2
      vertex -24.8791 19.2781 20.2
    endloop
  endfacet
  facet normal -0.683343 -0.730098 -0
    outer loop
      vertex -24.7979 19.2021 20.2
      vertex -24.8791 19.2781 14.2
      vertex -24.7979 19.2021 14.2
    endloop
  endfacet
  facet normal 0.730098 -0.683343 0
    outer loop
      vertex -27.2781 19.1209 20.2
      vertex -27.2021 19.2021 14.2
      vertex -27.2021 19.2021 20.2
    endloop
  endfacet
  facet normal 0.730098 -0.683343 0
    outer loop
      vertex -27.2021 19.2021 14.2
      vertex -27.2781 19.1209 20.2
      vertex -27.2781 19.1209 14.2
    endloop
  endfacet
  facet normal 0.412719 -0.910859 0
    outer loop
      vertex -26.7519 19.5247 14.2
      vertex -26.6506 19.5706 20.2
      vertex -26.7519 19.5247 20.2
    endloop
  endfacet
  facet normal 0.412719 -0.910859 0
    outer loop
      vertex -26.6506 19.5706 20.2
      vertex -26.7519 19.5247 14.2
      vertex -26.6506 19.5706 14.2
    endloop
  endfacet
  facet normal -0.910859 -0.412719 0
    outer loop
      vertex -24.4294 18.6506 14.2
      vertex -24.4753 18.7519 20.2
      vertex -24.4753 18.7519 14.2
    endloop
  endfacet
  facet normal -0.910859 -0.412719 0
    outer loop
      vertex -24.4753 18.7519 20.2
      vertex -24.4294 18.6506 14.2
      vertex -24.4294 18.6506 20.2
    endloop
  endfacet
  facet normal -0.352108 -0.93596 0
    outer loop
      vertex -25.4536 19.6098 14.2
      vertex -25.3494 19.5706 20.2
      vertex -25.4536 19.6098 20.2
    endloop
  endfacet
  facet normal -0.352108 -0.93596 -0
    outer loop
      vertex -25.3494 19.5706 20.2
      vertex -25.4536 19.6098 14.2
      vertex -25.3494 19.5706 14.2
    endloop
  endfacet
  facet normal -0.527654 -0.84946 0
    outer loop
      vertex -25.15 19.4722 14.2
      vertex -25.0555 19.4135 20.2
      vertex -25.15 19.4722 20.2
    endloop
  endfacet
  facet normal -0.527654 -0.84946 -0
    outer loop
      vertex -25.0555 19.4135 20.2
      vertex -25.15 19.4722 14.2
      vertex -25.0555 19.4135 14.2
    endloop
  endfacet
  facet normal 0.93596 -0.352108 0
    outer loop
      vertex -27.6098 18.5464 20.2
      vertex -27.5706 18.6506 14.2
      vertex -27.5706 18.6506 20.2
    endloop
  endfacet
  facet normal 0.93596 -0.352108 0
    outer loop
      vertex -27.5706 18.6506 14.2
      vertex -27.6098 18.5464 20.2
      vertex -27.6098 18.5464 14.2
    endloop
  endfacet
  facet normal 0.226633 -0.97398 0
    outer loop
      vertex -26.44 19.6421 14.2
      vertex -26.3317 19.6673 20.2
      vertex -26.44 19.6421 20.2
    endloop
  endfacet
  facet normal 0.226633 -0.97398 0
    outer loop
      vertex -26.3317 19.6673 20.2
      vertex -26.44 19.6421 14.2
      vertex -26.3317 19.6673 14.2
    endloop
  endfacet
  facet normal -0.956881 0.290482 0
    outer loop
      vertex -24.3902 17.4536 14.2
      vertex -24.3579 17.56 20.2
      vertex -24.3579 17.56 14.2
    endloop
  endfacet
  facet normal -0.956881 0.290482 0
    outer loop
      vertex -24.3579 17.56 20.2
      vertex -24.3902 17.4536 14.2
      vertex -24.3902 17.4536 20.2
    endloop
  endfacet
  facet normal -0.97398 -0.226633 0
    outer loop
      vertex -24.3327 18.3317 14.2
      vertex -24.3579 18.44 20.2
      vertex -24.3579 18.44 14.2
    endloop
  endfacet
  facet normal -0.97398 -0.226633 0
    outer loop
      vertex -24.3579 18.44 20.2
      vertex -24.3327 18.3317 14.2
      vertex -24.3327 18.3317 20.2
    endloop
  endfacet
  facet normal -0.81276 -0.582598 0
    outer loop
      vertex -24.5865 18.9445 14.2
      vertex -24.6513 19.0349 20.2
      vertex -24.6513 19.0349 14.2
    endloop
  endfacet
  facet normal -0.81276 -0.582598 0
    outer loop
      vertex -24.6513 19.0349 20.2
      vertex -24.5865 18.9445 14.2
      vertex -24.5865 18.9445 20.2
    endloop
  endfacet
  facet normal -0.772915 -0.634509 0
    outer loop
      vertex -24.6513 19.0349 14.2
      vertex -24.7219 19.1209 20.2
      vertex -24.7219 19.1209 14.2
    endloop
  endfacet
  facet normal -0.772915 -0.634509 0
    outer loop
      vertex -24.7219 19.1209 20.2
      vertex -24.6513 19.0349 14.2
      vertex -24.6513 19.0349 20.2
    endloop
  endfacet
  facet normal -0.84946 -0.527654 0
    outer loop
      vertex -24.5278 18.85 14.2
      vertex -24.5865 18.9445 20.2
      vertex -24.5865 18.9445 14.2
    endloop
  endfacet
  facet normal -0.84946 -0.527654 0
    outer loop
      vertex -24.5865 18.9445 20.2
      vertex -24.5278 18.85 14.2
      vertex -24.5278 18.85 20.2
    endloop
  endfacet
  facet normal -0.163525 -0.986539 0
    outer loop
      vertex -25.7781 19.6855 14.2
      vertex -25.6683 19.6673 20.2
      vertex -25.7781 19.6855 20.2
    endloop
  endfacet
  facet normal -0.163525 -0.986539 -0
    outer loop
      vertex -25.6683 19.6673 20.2
      vertex -25.7781 19.6855 14.2
      vertex -25.6683 19.6673 14.2
    endloop
  endfacet
  facet normal -0.290482 -0.956881 0
    outer loop
      vertex -25.56 19.6421 14.2
      vertex -25.4536 19.6098 20.2
      vertex -25.56 19.6421 20.2
    endloop
  endfacet
  facet normal -0.290482 -0.956881 -0
    outer loop
      vertex -25.4536 19.6098 20.2
      vertex -25.56 19.6421 14.2
      vertex -25.4536 19.6098 14.2
    endloop
  endfacet
  facet normal -0.634509 -0.772915 0
    outer loop
      vertex -24.9651 19.3487 14.2
      vertex -24.8791 19.2781 20.2
      vertex -24.9651 19.3487 20.2
    endloop
  endfacet
  facet normal -0.634509 -0.772915 -0
    outer loop
      vertex -24.8791 19.2781 20.2
      vertex -24.9651 19.3487 14.2
      vertex -24.8791 19.2781 14.2
    endloop
  endfacet
  facet normal 0.986539 -0.163525 0
    outer loop
      vertex -27.6855 18.2219 20.2
      vertex -27.6673 18.3317 14.2
      vertex -27.6673 18.3317 20.2
    endloop
  endfacet
  facet normal 0.986539 -0.163525 0
    outer loop
      vertex -27.6673 18.3317 14.2
      vertex -27.6855 18.2219 20.2
      vertex -27.6855 18.2219 14.2
    endloop
  endfacet
  facet normal 0.84946 -0.527654 0
    outer loop
      vertex -27.4722 18.85 20.2
      vertex -27.4135 18.9445 14.2
      vertex -27.4135 18.9445 20.2
    endloop
  endfacet
  facet normal 0.84946 -0.527654 0
    outer loop
      vertex -27.4135 18.9445 14.2
      vertex -27.4722 18.85 20.2
      vertex -27.4722 18.85 14.2
    endloop
  endfacet
  facet normal 0.772915 -0.634509 0
    outer loop
      vertex -27.3487 19.0349 20.2
      vertex -27.2781 19.1209 14.2
      vertex -27.2781 19.1209 20.2
    endloop
  endfacet
  facet normal 0.772915 -0.634509 0
    outer loop
      vertex -27.2781 19.1209 14.2
      vertex -27.3487 19.0349 20.2
      vertex -27.3487 19.0349 14.2
    endloop
  endfacet
  facet normal 0.956881 -0.290482 0
    outer loop
      vertex -27.6421 18.44 20.2
      vertex -27.6098 18.5464 14.2
      vertex -27.6098 18.5464 20.2
    endloop
  endfacet
  facet normal 0.956881 -0.290482 0
    outer loop
      vertex -27.6098 18.5464 14.2
      vertex -27.6421 18.44 20.2
      vertex -27.6421 18.44 14.2
    endloop
  endfacet
  facet normal 0.582598 -0.81276 0
    outer loop
      vertex -27.0349 19.3487 14.2
      vertex -26.9445 19.4135 20.2
      vertex -27.0349 19.3487 20.2
    endloop
  endfacet
  facet normal 0.582598 -0.81276 0
    outer loop
      vertex -26.9445 19.4135 20.2
      vertex -27.0349 19.3487 14.2
      vertex -26.9445 19.4135 14.2
    endloop
  endfacet
  facet normal 0.634509 -0.772915 0
    outer loop
      vertex -27.1209 19.2781 14.2
      vertex -27.0349 19.3487 20.2
      vertex -27.1209 19.2781 20.2
    endloop
  endfacet
  facet normal 0.634509 -0.772915 0
    outer loop
      vertex -27.0349 19.3487 20.2
      vertex -27.1209 19.2781 14.2
      vertex -27.0349 19.3487 14.2
    endloop
  endfacet
  facet normal 0.163525 -0.986539 0
    outer loop
      vertex -26.3317 19.6673 14.2
      vertex -26.2219 19.6855 20.2
      vertex -26.3317 19.6673 20.2
    endloop
  endfacet
  facet normal 0.163525 -0.986539 0
    outer loop
      vertex -26.2219 19.6855 20.2
      vertex -26.3317 19.6673 14.2
      vertex -26.2219 19.6855 14.2
    endloop
  endfacet
  facet normal 0.772915 0.634509 0
    outer loop
      vertex -27.2781 16.8791 20.2
      vertex -27.3487 16.9651 14.2
      vertex -27.3487 16.9651 20.2
    endloop
  endfacet
  facet normal 0.772915 0.634509 0
    outer loop
      vertex -27.3487 16.9651 14.2
      vertex -27.2781 16.8791 20.2
      vertex -27.2781 16.8791 14.2
    endloop
  endfacet
  facet normal -0.986539 -0.163525 0
    outer loop
      vertex -24.3145 18.2219 14.2
      vertex -24.3327 18.3317 20.2
      vertex -24.3327 18.3317 14.2
    endloop
  endfacet
  facet normal -0.986539 -0.163525 0
    outer loop
      vertex -24.3327 18.3317 20.2
      vertex -24.3145 18.2219 14.2
      vertex -24.3145 18.2219 20.2
    endloop
  endfacet
  facet normal -0.995187 -0.0979904 0
    outer loop
      vertex -24.3036 18.1112 14.2
      vertex -24.3145 18.2219 20.2
      vertex -24.3145 18.2219 14.2
    endloop
  endfacet
  facet normal -0.995187 -0.0979904 0
    outer loop
      vertex -24.3145 18.2219 20.2
      vertex -24.3036 18.1112 14.2
      vertex -24.3036 18.1112 20.2
    endloop
  endfacet
  facet normal -0.93596 -0.352108 0
    outer loop
      vertex -24.3902 18.5464 14.2
      vertex -24.4294 18.6506 20.2
      vertex -24.4294 18.6506 14.2
    endloop
  endfacet
  facet normal -0.93596 -0.352108 0
    outer loop
      vertex -24.4294 18.6506 20.2
      vertex -24.3902 18.5464 14.2
      vertex -24.3902 18.5464 20.2
    endloop
  endfacet
  facet normal -0.956881 -0.290482 0
    outer loop
      vertex -24.3579 18.44 14.2
      vertex -24.3902 18.5464 20.2
      vertex -24.3902 18.5464 14.2
    endloop
  endfacet
  facet normal -0.956881 -0.290482 0
    outer loop
      vertex -24.3902 18.5464 20.2
      vertex -24.3579 18.44 14.2
      vertex -24.3579 18.44 20.2
    endloop
  endfacet
  facet normal -0.730098 -0.683343 0
    outer loop
      vertex -24.7219 19.1209 14.2
      vertex -24.7979 19.2021 20.2
      vertex -24.7979 19.2021 14.2
    endloop
  endfacet
  facet normal -0.730098 -0.683343 0
    outer loop
      vertex -24.7979 19.2021 20.2
      vertex -24.7219 19.1209 14.2
      vertex -24.7219 19.1209 20.2
    endloop
  endfacet
  facet normal -0.88168 -0.471847 0
    outer loop
      vertex -24.4753 18.7519 14.2
      vertex -24.5278 18.85 20.2
      vertex -24.5278 18.85 14.2
    endloop
  endfacet
  facet normal -0.88168 -0.471847 0
    outer loop
      vertex -24.5278 18.85 20.2
      vertex -24.4753 18.7519 14.2
      vertex -24.4753 18.7519 20.2
    endloop
  endfacet
  facet normal -0.226633 -0.97398 0
    outer loop
      vertex -25.6683 19.6673 14.2
      vertex -25.56 19.6421 20.2
      vertex -25.6683 19.6673 20.2
    endloop
  endfacet
  facet normal -0.226633 -0.97398 -0
    outer loop
      vertex -25.56 19.6421 20.2
      vertex -25.6683 19.6673 14.2
      vertex -25.56 19.6421 14.2
    endloop
  endfacet
  facet normal -0.0979904 -0.995187 0
    outer loop
      vertex -25.8888 19.6964 14.2
      vertex -25.7781 19.6855 20.2
      vertex -25.8888 19.6964 20.2
    endloop
  endfacet
  facet normal -0.0979904 -0.995187 -0
    outer loop
      vertex -25.7781 19.6855 20.2
      vertex -25.8888 19.6964 14.2
      vertex -25.7781 19.6855 14.2
    endloop
  endfacet
  facet normal -0.0323571 -0.999476 0
    outer loop
      vertex -26 19.7 14.2
      vertex -25.8888 19.6964 20.2
      vertex -26 19.7 20.2
    endloop
  endfacet
  facet normal -0.0323571 -0.999476 -0
    outer loop
      vertex -25.8888 19.6964 20.2
      vertex -26 19.7 14.2
      vertex -25.8888 19.6964 14.2
    endloop
  endfacet
  facet normal -0.471847 -0.88168 0
    outer loop
      vertex -25.2481 19.5247 14.2
      vertex -25.15 19.4722 20.2
      vertex -25.2481 19.5247 20.2
    endloop
  endfacet
  facet normal -0.471847 -0.88168 -0
    outer loop
      vertex -25.15 19.4722 20.2
      vertex -25.2481 19.5247 14.2
      vertex -25.15 19.4722 14.2
    endloop
  endfacet
  facet normal -0.412719 -0.910859 0
    outer loop
      vertex -25.3494 19.5706 14.2
      vertex -25.2481 19.5247 20.2
      vertex -25.3494 19.5706 20.2
    endloop
  endfacet
  facet normal -0.412719 -0.910859 -0
    outer loop
      vertex -25.2481 19.5247 20.2
      vertex -25.3494 19.5706 14.2
      vertex -25.2481 19.5247 14.2
    endloop
  endfacet
  facet normal -0.582598 -0.81276 0
    outer loop
      vertex -25.0555 19.4135 14.2
      vertex -24.9651 19.3487 20.2
      vertex -25.0555 19.4135 20.2
    endloop
  endfacet
  facet normal -0.582598 -0.81276 -0
    outer loop
      vertex -24.9651 19.3487 20.2
      vertex -25.0555 19.4135 14.2
      vertex -24.9651 19.3487 14.2
    endloop
  endfacet
  facet normal 0.910859 -0.412719 0
    outer loop
      vertex -27.5706 18.6506 20.2
      vertex -27.5247 18.7519 14.2
      vertex -27.5247 18.7519 20.2
    endloop
  endfacet
  facet normal 0.910859 -0.412719 0
    outer loop
      vertex -27.5247 18.7519 14.2
      vertex -27.5706 18.6506 20.2
      vertex -27.5706 18.6506 14.2
    endloop
  endfacet
  facet normal 0.88168 -0.471847 0
    outer loop
      vertex -27.5247 18.7519 20.2
      vertex -27.4722 18.85 14.2
      vertex -27.4722 18.85 20.2
    endloop
  endfacet
  facet normal 0.88168 -0.471847 0
    outer loop
      vertex -27.4722 18.85 14.2
      vertex -27.5247 18.7519 20.2
      vertex -27.5247 18.7519 14.2
    endloop
  endfacet
  facet normal 0.97398 -0.226633 0
    outer loop
      vertex -27.6673 18.3317 20.2
      vertex -27.6421 18.44 14.2
      vertex -27.6421 18.44 20.2
    endloop
  endfacet
  facet normal 0.97398 -0.226633 0
    outer loop
      vertex -27.6421 18.44 14.2
      vertex -27.6673 18.3317 20.2
      vertex -27.6673 18.3317 14.2
    endloop
  endfacet
  facet normal 0.999476 -0.0323571 0
    outer loop
      vertex -27.7 18 20.2
      vertex -27.6964 18.1112 14.2
      vertex -27.6964 18.1112 20.2
    endloop
  endfacet
  facet normal 0.999476 -0.0323571 0
    outer loop
      vertex -27.6964 18.1112 14.2
      vertex -27.7 18 20.2
      vertex -27.7 18 14.2
    endloop
  endfacet
  facet normal 0.999476 0.0323571 0
    outer loop
      vertex -27.6964 17.8888 20.2
      vertex -27.7 18 14.2
      vertex -27.7 18 20.2
    endloop
  endfacet
  facet normal 0.999476 0.0323571 0
    outer loop
      vertex -27.7 18 14.2
      vertex -27.6964 17.8888 20.2
      vertex -27.6964 17.8888 14.2
    endloop
  endfacet
  facet normal 0.527654 -0.84946 0
    outer loop
      vertex -26.9445 19.4135 14.2
      vertex -26.85 19.4722 20.2
      vertex -26.9445 19.4135 20.2
    endloop
  endfacet
  facet normal 0.527654 -0.84946 0
    outer loop
      vertex -26.85 19.4722 20.2
      vertex -26.9445 19.4135 14.2
      vertex -26.85 19.4722 14.2
    endloop
  endfacet
  facet normal 0.471847 -0.88168 0
    outer loop
      vertex -26.85 19.4722 14.2
      vertex -26.7519 19.5247 20.2
      vertex -26.85 19.4722 20.2
    endloop
  endfacet
  facet normal 0.471847 -0.88168 0
    outer loop
      vertex -26.7519 19.5247 20.2
      vertex -26.85 19.4722 14.2
      vertex -26.7519 19.5247 14.2
    endloop
  endfacet
  facet normal 0.683343 -0.730098 0
    outer loop
      vertex -27.2021 19.2021 14.2
      vertex -27.1209 19.2781 20.2
      vertex -27.2021 19.2021 20.2
    endloop
  endfacet
  facet normal 0.683343 -0.730098 0
    outer loop
      vertex -27.1209 19.2781 20.2
      vertex -27.2021 19.2021 14.2
      vertex -27.1209 19.2781 14.2
    endloop
  endfacet
  facet normal 0.352108 -0.93596 0
    outer loop
      vertex -26.6506 19.5706 14.2
      vertex -26.5464 19.6098 20.2
      vertex -26.6506 19.5706 20.2
    endloop
  endfacet
  facet normal 0.352108 -0.93596 0
    outer loop
      vertex -26.5464 19.6098 20.2
      vertex -26.6506 19.5706 14.2
      vertex -26.5464 19.6098 14.2
    endloop
  endfacet
  facet normal 0.0979904 -0.995187 0
    outer loop
      vertex -26.2219 19.6855 14.2
      vertex -26.1112 19.6964 20.2
      vertex -26.2219 19.6855 20.2
    endloop
  endfacet
  facet normal 0.0979904 -0.995187 0
    outer loop
      vertex -26.1112 19.6964 20.2
      vertex -26.2219 19.6855 14.2
      vertex -26.1112 19.6964 14.2
    endloop
  endfacet
  facet normal -0.88168 0.471847 0
    outer loop
      vertex -24.5278 17.15 14.2
      vertex -24.4753 17.2481 20.2
      vertex -24.4753 17.2481 14.2
    endloop
  endfacet
  facet normal -0.88168 0.471847 0
    outer loop
      vertex -24.4753 17.2481 20.2
      vertex -24.5278 17.15 14.2
      vertex -24.5278 17.15 20.2
    endloop
  endfacet
  facet normal -0.93596 0.352108 0
    outer loop
      vertex -24.4294 17.3494 14.2
      vertex -24.3902 17.4536 20.2
      vertex -24.3902 17.4536 14.2
    endloop
  endfacet
  facet normal -0.93596 0.352108 0
    outer loop
      vertex -24.3902 17.4536 20.2
      vertex -24.4294 17.3494 14.2
      vertex -24.4294 17.3494 20.2
    endloop
  endfacet
  facet normal -0.986539 0.163525 0
    outer loop
      vertex -24.3327 17.6683 14.2
      vertex -24.3145 17.7781 20.2
      vertex -24.3145 17.7781 14.2
    endloop
  endfacet
  facet normal -0.986539 0.163525 0
    outer loop
      vertex -24.3145 17.7781 20.2
      vertex -24.3327 17.6683 14.2
      vertex -24.3327 17.6683 20.2
    endloop
  endfacet
  facet normal -0.995187 0.0979904 0
    outer loop
      vertex -24.3145 17.7781 14.2
      vertex -24.3036 17.8888 20.2
      vertex -24.3036 17.8888 14.2
    endloop
  endfacet
  facet normal -0.995187 0.0979904 0
    outer loop
      vertex -24.3036 17.8888 20.2
      vertex -24.3145 17.7781 14.2
      vertex -24.3145 17.7781 20.2
    endloop
  endfacet
  facet normal -0.634509 0.772915 0
    outer loop
      vertex -24.8791 16.7219 14.2
      vertex -24.9651 16.6513 20.2
      vertex -24.8791 16.7219 20.2
    endloop
  endfacet
  facet normal -0.634509 0.772915 0
    outer loop
      vertex -24.9651 16.6513 20.2
      vertex -24.8791 16.7219 14.2
      vertex -24.9651 16.6513 14.2
    endloop
  endfacet
  facet normal -0.772915 0.634509 0
    outer loop
      vertex -24.7219 16.8791 14.2
      vertex -24.6513 16.9651 20.2
      vertex -24.6513 16.9651 14.2
    endloop
  endfacet
  facet normal -0.772915 0.634509 0
    outer loop
      vertex -24.6513 16.9651 20.2
      vertex -24.7219 16.8791 14.2
      vertex -24.7219 16.8791 20.2
    endloop
  endfacet
  facet normal 0.730098 0.683343 0
    outer loop
      vertex -27.2021 16.7979 20.2
      vertex -27.2781 16.8791 14.2
      vertex -27.2781 16.8791 20.2
    endloop
  endfacet
  facet normal 0.730098 0.683343 0
    outer loop
      vertex -27.2781 16.8791 14.2
      vertex -27.2021 16.7979 20.2
      vertex -27.2021 16.7979 14.2
    endloop
  endfacet
  facet normal 0.910859 0.412719 0
    outer loop
      vertex -27.5247 17.2481 20.2
      vertex -27.5706 17.3494 14.2
      vertex -27.5706 17.3494 20.2
    endloop
  endfacet
  facet normal 0.910859 0.412719 0
    outer loop
      vertex -27.5706 17.3494 14.2
      vertex -27.5247 17.2481 20.2
      vertex -27.5247 17.2481 14.2
    endloop
  endfacet
  facet normal -0.226633 0.97398 0
    outer loop
      vertex -25.56 16.3579 14.2
      vertex -25.6683 16.3327 20.2
      vertex -25.56 16.3579 20.2
    endloop
  endfacet
  facet normal -0.226633 0.97398 0
    outer loop
      vertex -25.6683 16.3327 20.2
      vertex -25.56 16.3579 14.2
      vertex -25.6683 16.3327 14.2
    endloop
  endfacet
  facet normal -0.412719 0.910859 0
    outer loop
      vertex -25.2481 16.4753 14.2
      vertex -25.3494 16.4294 20.2
      vertex -25.2481 16.4753 20.2
    endloop
  endfacet
  facet normal -0.412719 0.910859 0
    outer loop
      vertex -25.3494 16.4294 20.2
      vertex -25.2481 16.4753 14.2
      vertex -25.3494 16.4294 14.2
    endloop
  endfacet
  facet normal 0.81276 -0.582598 0
    outer loop
      vertex -27.4135 18.9445 20.2
      vertex -27.3487 19.0349 14.2
      vertex -27.3487 19.0349 20.2
    endloop
  endfacet
  facet normal 0.81276 -0.582598 0
    outer loop
      vertex -27.3487 19.0349 14.2
      vertex -27.4135 18.9445 20.2
      vertex -27.4135 18.9445 14.2
    endloop
  endfacet
  facet normal 0.995187 -0.0979904 0
    outer loop
      vertex -27.6964 18.1112 20.2
      vertex -27.6855 18.2219 14.2
      vertex -27.6855 18.2219 20.2
    endloop
  endfacet
  facet normal 0.995187 -0.0979904 0
    outer loop
      vertex -27.6855 18.2219 14.2
      vertex -27.6964 18.1112 20.2
      vertex -27.6964 18.1112 14.2
    endloop
  endfacet
  facet normal 0.290482 -0.956881 0
    outer loop
      vertex -26.5464 19.6098 14.2
      vertex -26.44 19.6421 20.2
      vertex -26.5464 19.6098 20.2
    endloop
  endfacet
  facet normal 0.290482 -0.956881 0
    outer loop
      vertex -26.44 19.6421 20.2
      vertex -26.5464 19.6098 14.2
      vertex -26.44 19.6421 14.2
    endloop
  endfacet
  facet normal -0.97398 0.226633 0
    outer loop
      vertex -24.3579 17.56 14.2
      vertex -24.3327 17.6683 20.2
      vertex -24.3327 17.6683 14.2
    endloop
  endfacet
  facet normal -0.97398 0.226633 0
    outer loop
      vertex -24.3327 17.6683 20.2
      vertex -24.3579 17.56 14.2
      vertex -24.3579 17.56 20.2
    endloop
  endfacet
  facet normal -0.999476 0.0323571 0
    outer loop
      vertex -24.3036 17.8888 14.2
      vertex -24.3 18 20.2
      vertex -24.3 18 14.2
    endloop
  endfacet
  facet normal -0.999476 0.0323571 0
    outer loop
      vertex -24.3 18 20.2
      vertex -24.3036 17.8888 14.2
      vertex -24.3036 17.8888 20.2
    endloop
  endfacet
  facet normal -0.683343 0.730098 0
    outer loop
      vertex -24.7979 16.7979 14.2
      vertex -24.8791 16.7219 20.2
      vertex -24.7979 16.7979 20.2
    endloop
  endfacet
  facet normal -0.683343 0.730098 0
    outer loop
      vertex -24.8791 16.7219 20.2
      vertex -24.7979 16.7979 14.2
      vertex -24.8791 16.7219 14.2
    endloop
  endfacet
  facet normal -0.730098 0.683343 0
    outer loop
      vertex -24.7979 16.7979 14.2
      vertex -24.7219 16.8791 20.2
      vertex -24.7219 16.8791 14.2
    endloop
  endfacet
  facet normal -0.730098 0.683343 0
    outer loop
      vertex -24.7219 16.8791 20.2
      vertex -24.7979 16.7979 14.2
      vertex -24.7979 16.7979 20.2
    endloop
  endfacet
  facet normal -0.582598 0.81276 0
    outer loop
      vertex -24.9651 16.6513 14.2
      vertex -25.0555 16.5865 20.2
      vertex -24.9651 16.6513 20.2
    endloop
  endfacet
  facet normal -0.582598 0.81276 0
    outer loop
      vertex -25.0555 16.5865 20.2
      vertex -24.9651 16.6513 14.2
      vertex -25.0555 16.5865 14.2
    endloop
  endfacet
  facet normal -0.84946 0.527654 0
    outer loop
      vertex -24.5865 17.0555 14.2
      vertex -24.5278 17.15 20.2
      vertex -24.5278 17.15 14.2
    endloop
  endfacet
  facet normal -0.84946 0.527654 0
    outer loop
      vertex -24.5278 17.15 20.2
      vertex -24.5865 17.0555 14.2
      vertex -24.5865 17.0555 20.2
    endloop
  endfacet
  facet normal -0.81276 0.582598 0
    outer loop
      vertex -24.6513 16.9651 14.2
      vertex -24.5865 17.0555 20.2
      vertex -24.5865 17.0555 14.2
    endloop
  endfacet
  facet normal -0.81276 0.582598 0
    outer loop
      vertex -24.5865 17.0555 20.2
      vertex -24.6513 16.9651 14.2
      vertex -24.6513 16.9651 20.2
    endloop
  endfacet
  facet normal 0.81276 0.582598 0
    outer loop
      vertex -27.3487 16.9651 20.2
      vertex -27.4135 17.0555 14.2
      vertex -27.4135 17.0555 20.2
    endloop
  endfacet
  facet normal 0.81276 0.582598 0
    outer loop
      vertex -27.4135 17.0555 14.2
      vertex -27.3487 16.9651 20.2
      vertex -27.3487 16.9651 14.2
    endloop
  endfacet
  facet normal 0.683343 0.730098 -0
    outer loop
      vertex -27.1209 16.7219 14.2
      vertex -27.2021 16.7979 20.2
      vertex -27.1209 16.7219 20.2
    endloop
  endfacet
  facet normal 0.683343 0.730098 0
    outer loop
      vertex -27.2021 16.7979 20.2
      vertex -27.1209 16.7219 14.2
      vertex -27.2021 16.7979 14.2
    endloop
  endfacet
  facet normal 0.97398 0.226633 0
    outer loop
      vertex -27.6421 17.56 20.2
      vertex -27.6673 17.6683 14.2
      vertex -27.6673 17.6683 20.2
    endloop
  endfacet
  facet normal 0.97398 0.226633 0
    outer loop
      vertex -27.6673 17.6683 14.2
      vertex -27.6421 17.56 20.2
      vertex -27.6421 17.56 14.2
    endloop
  endfacet
  facet normal -0.910859 0.412719 0
    outer loop
      vertex -24.4753 17.2481 14.2
      vertex -24.4294 17.3494 20.2
      vertex -24.4294 17.3494 14.2
    endloop
  endfacet
  facet normal -0.910859 0.412719 0
    outer loop
      vertex -24.4294 17.3494 20.2
      vertex -24.4753 17.2481 14.2
      vertex -24.4753 17.2481 20.2
    endloop
  endfacet
  facet normal -0.527654 0.84946 0
    outer loop
      vertex -25.0555 16.5865 14.2
      vertex -25.15 16.5278 20.2
      vertex -25.0555 16.5865 20.2
    endloop
  endfacet
  facet normal -0.527654 0.84946 0
    outer loop
      vertex -25.15 16.5278 20.2
      vertex -25.0555 16.5865 14.2
      vertex -25.15 16.5278 14.2
    endloop
  endfacet
  facet normal -0.471847 0.88168 0
    outer loop
      vertex -25.15 16.5278 14.2
      vertex -25.2481 16.4753 20.2
      vertex -25.15 16.5278 20.2
    endloop
  endfacet
  facet normal -0.471847 0.88168 0
    outer loop
      vertex -25.2481 16.4753 20.2
      vertex -25.15 16.5278 14.2
      vertex -25.2481 16.4753 14.2
    endloop
  endfacet
  facet normal 0.527654 0.84946 -0
    outer loop
      vertex -26.85 16.5278 14.2
      vertex -26.9445 16.5865 20.2
      vertex -26.85 16.5278 20.2
    endloop
  endfacet
  facet normal 0.527654 0.84946 0
    outer loop
      vertex -26.9445 16.5865 20.2
      vertex -26.85 16.5278 14.2
      vertex -26.9445 16.5865 14.2
    endloop
  endfacet
  facet normal 0.290482 0.956881 -0
    outer loop
      vertex -26.44 16.3579 14.2
      vertex -26.5464 16.3902 20.2
      vertex -26.44 16.3579 20.2
    endloop
  endfacet
  facet normal 0.290482 0.956881 0
    outer loop
      vertex -26.5464 16.3902 20.2
      vertex -26.44 16.3579 14.2
      vertex -26.5464 16.3902 14.2
    endloop
  endfacet
  facet normal 0.0979904 0.995187 -0
    outer loop
      vertex -26.1112 16.3036 14.2
      vertex -26.2219 16.3145 20.2
      vertex -26.1112 16.3036 20.2
    endloop
  endfacet
  facet normal 0.0979904 0.995187 0
    outer loop
      vertex -26.2219 16.3145 20.2
      vertex -26.1112 16.3036 14.2
      vertex -26.2219 16.3145 14.2
    endloop
  endfacet
  facet normal 0.84946 0.527654 0
    outer loop
      vertex -27.4135 17.0555 20.2
      vertex -27.4722 17.15 14.2
      vertex -27.4722 17.15 20.2
    endloop
  endfacet
  facet normal 0.84946 0.527654 0
    outer loop
      vertex -27.4722 17.15 14.2
      vertex -27.4135 17.0555 20.2
      vertex -27.4135 17.0555 14.2
    endloop
  endfacet
  facet normal 0.88168 0.471847 0
    outer loop
      vertex -27.4722 17.15 20.2
      vertex -27.5247 17.2481 14.2
      vertex -27.5247 17.2481 20.2
    endloop
  endfacet
  facet normal 0.88168 0.471847 0
    outer loop
      vertex -27.5247 17.2481 14.2
      vertex -27.4722 17.15 20.2
      vertex -27.4722 17.15 14.2
    endloop
  endfacet
  facet normal 0.93596 0.352108 0
    outer loop
      vertex -27.5706 17.3494 20.2
      vertex -27.6098 17.4536 14.2
      vertex -27.6098 17.4536 20.2
    endloop
  endfacet
  facet normal 0.93596 0.352108 0
    outer loop
      vertex -27.6098 17.4536 14.2
      vertex -27.5706 17.3494 20.2
      vertex -27.5706 17.3494 14.2
    endloop
  endfacet
  facet normal 0.956881 0.290482 0
    outer loop
      vertex -27.6098 17.4536 20.2
      vertex -27.6421 17.56 14.2
      vertex -27.6421 17.56 20.2
    endloop
  endfacet
  facet normal 0.956881 0.290482 0
    outer loop
      vertex -27.6421 17.56 14.2
      vertex -27.6098 17.4536 20.2
      vertex -27.6098 17.4536 14.2
    endloop
  endfacet
  facet normal 0.986539 0.163525 0
    outer loop
      vertex -27.6673 17.6683 20.2
      vertex -27.6855 17.7781 14.2
      vertex -27.6855 17.7781 20.2
    endloop
  endfacet
  facet normal 0.986539 0.163525 0
    outer loop
      vertex -27.6855 17.7781 14.2
      vertex -27.6673 17.6683 20.2
      vertex -27.6673 17.6683 14.2
    endloop
  endfacet
  facet normal 0.995187 0.0979904 0
    outer loop
      vertex -27.6855 17.7781 20.2
      vertex -27.6964 17.8888 14.2
      vertex -27.6964 17.8888 20.2
    endloop
  endfacet
  facet normal 0.995187 0.0979904 0
    outer loop
      vertex -27.6964 17.8888 14.2
      vertex -27.6855 17.7781 20.2
      vertex -27.6855 17.7781 14.2
    endloop
  endfacet
  facet normal -0.352108 0.93596 0
    outer loop
      vertex -25.3494 16.4294 14.2
      vertex -25.4536 16.3902 20.2
      vertex -25.3494 16.4294 20.2
    endloop
  endfacet
  facet normal -0.352108 0.93596 0
    outer loop
      vertex -25.4536 16.3902 20.2
      vertex -25.3494 16.4294 14.2
      vertex -25.4536 16.3902 14.2
    endloop
  endfacet
  facet normal -0.290482 0.956881 0
    outer loop
      vertex -25.4536 16.3902 14.2
      vertex -25.56 16.3579 20.2
      vertex -25.4536 16.3902 20.2
    endloop
  endfacet
  facet normal -0.290482 0.956881 0
    outer loop
      vertex -25.56 16.3579 20.2
      vertex -25.4536 16.3902 14.2
      vertex -25.56 16.3579 14.2
    endloop
  endfacet
  facet normal -0.163525 0.986539 0
    outer loop
      vertex -25.6683 16.3327 14.2
      vertex -25.7781 16.3145 20.2
      vertex -25.6683 16.3327 20.2
    endloop
  endfacet
  facet normal -0.163525 0.986539 0
    outer loop
      vertex -25.7781 16.3145 20.2
      vertex -25.6683 16.3327 14.2
      vertex -25.7781 16.3145 14.2
    endloop
  endfacet
  facet normal -0.0979904 0.995187 0
    outer loop
      vertex -25.7781 16.3145 14.2
      vertex -25.8888 16.3036 20.2
      vertex -25.7781 16.3145 20.2
    endloop
  endfacet
  facet normal -0.0979904 0.995187 0
    outer loop
      vertex -25.8888 16.3036 20.2
      vertex -25.7781 16.3145 14.2
      vertex -25.8888 16.3036 14.2
    endloop
  endfacet
  facet normal 0.352108 0.93596 -0
    outer loop
      vertex -26.5464 16.3902 14.2
      vertex -26.6506 16.4294 20.2
      vertex -26.5464 16.3902 20.2
    endloop
  endfacet
  facet normal 0.352108 0.93596 0
    outer loop
      vertex -26.6506 16.4294 20.2
      vertex -26.5464 16.3902 14.2
      vertex -26.6506 16.4294 14.2
    endloop
  endfacet
  facet normal 0.226633 0.97398 -0
    outer loop
      vertex -26.3317 16.3327 14.2
      vertex -26.44 16.3579 20.2
      vertex -26.3317 16.3327 20.2
    endloop
  endfacet
  facet normal 0.226633 0.97398 0
    outer loop
      vertex -26.44 16.3579 20.2
      vertex -26.3317 16.3327 14.2
      vertex -26.44 16.3579 14.2
    endloop
  endfacet
  facet normal 0.0323571 0.999476 -0
    outer loop
      vertex -26 16.3 14.2
      vertex -26.1112 16.3036 20.2
      vertex -26 16.3 20.2
    endloop
  endfacet
  facet normal 0.0323571 0.999476 0
    outer loop
      vertex -26.1112 16.3036 20.2
      vertex -26 16.3 14.2
      vertex -26.1112 16.3036 14.2
    endloop
  endfacet
  facet normal 0.412719 0.910859 -0
    outer loop
      vertex -26.6506 16.4294 14.2
      vertex -26.7519 16.4753 20.2
      vertex -26.6506 16.4294 20.2
    endloop
  endfacet
  facet normal 0.412719 0.910859 0
    outer loop
      vertex -26.7519 16.4753 20.2
      vertex -26.6506 16.4294 14.2
      vertex -26.7519 16.4753 14.2
    endloop
  endfacet
  facet normal 0.471847 0.88168 -0
    outer loop
      vertex -26.7519 16.4753 14.2
      vertex -26.85 16.5278 20.2
      vertex -26.7519 16.4753 20.2
    endloop
  endfacet
  facet normal 0.471847 0.88168 0
    outer loop
      vertex -26.85 16.5278 20.2
      vertex -26.7519 16.4753 14.2
      vertex -26.85 16.5278 14.2
    endloop
  endfacet
  facet normal 0.582598 0.81276 -0
    outer loop
      vertex -26.9445 16.5865 14.2
      vertex -27.0349 16.6513 20.2
      vertex -26.9445 16.5865 20.2
    endloop
  endfacet
  facet normal 0.582598 0.81276 0
    outer loop
      vertex -27.0349 16.6513 20.2
      vertex -26.9445 16.5865 14.2
      vertex -27.0349 16.6513 14.2
    endloop
  endfacet
  facet normal 0.634509 0.772915 -0
    outer loop
      vertex -27.0349 16.6513 14.2
      vertex -27.1209 16.7219 20.2
      vertex -27.0349 16.6513 20.2
    endloop
  endfacet
  facet normal 0.634509 0.772915 0
    outer loop
      vertex -27.1209 16.7219 20.2
      vertex -27.0349 16.6513 14.2
      vertex -27.1209 16.7219 14.2
    endloop
  endfacet
  facet normal 0.163525 0.986539 -0
    outer loop
      vertex -26.2219 16.3145 14.2
      vertex -26.3317 16.3327 20.2
      vertex -26.2219 16.3145 20.2
    endloop
  endfacet
  facet normal 0.163525 0.986539 0
    outer loop
      vertex -26.3317 16.3327 20.2
      vertex -26.2219 16.3145 14.2
      vertex -26.3317 16.3327 14.2
    endloop
  endfacet
  facet normal -0.97398 -0.226633 0
    outer loop
      vertex 27.6673 -17.6683 14.2
      vertex 27.6421 -17.56 20.2
      vertex 27.6421 -17.56 14.2
    endloop
  endfacet
  facet normal -0.97398 -0.226633 0
    outer loop
      vertex 27.6421 -17.56 20.2
      vertex 27.6673 -17.6683 14.2
      vertex 27.6673 -17.6683 20.2
    endloop
  endfacet
  facet normal -0.999476 -0.0323571 0
    outer loop
      vertex 27.7 -18 14.2
      vertex 27.6964 -17.8888 20.2
      vertex 27.6964 -17.8888 14.2
    endloop
  endfacet
  facet normal -0.999476 -0.0323571 0
    outer loop
      vertex 27.6964 -17.8888 20.2
      vertex 27.7 -18 14.2
      vertex 27.7 -18 20.2
    endloop
  endfacet
  facet normal 0.999476 -0.0323571 0
    outer loop
      vertex 24.3 -18 20.2
      vertex 24.3036 -17.8888 14.2
      vertex 24.3036 -17.8888 20.2
    endloop
  endfacet
  facet normal 0.999476 -0.0323571 0
    outer loop
      vertex 24.3036 -17.8888 14.2
      vertex 24.3 -18 20.2
      vertex 24.3 -18 14.2
    endloop
  endfacet
  facet normal -0.0323571 -0.999476 0
    outer loop
      vertex 26 -16.3 14.2
      vertex 26.1112 -16.3036 20.2
      vertex 26 -16.3 20.2
    endloop
  endfacet
  facet normal -0.0323571 -0.999476 -0
    outer loop
      vertex 26.1112 -16.3036 20.2
      vertex 26 -16.3 14.2
      vertex 26.1112 -16.3036 14.2
    endloop
  endfacet
  facet normal 0.683343 -0.730098 0
    outer loop
      vertex 24.7979 -16.7979 14.2
      vertex 24.8791 -16.7219 20.2
      vertex 24.7979 -16.7979 20.2
    endloop
  endfacet
  facet normal 0.683343 -0.730098 0
    outer loop
      vertex 24.8791 -16.7219 20.2
      vertex 24.7979 -16.7979 14.2
      vertex 24.8791 -16.7219 14.2
    endloop
  endfacet
  facet normal -0.956881 -0.290482 0
    outer loop
      vertex 27.6421 -17.56 14.2
      vertex 27.6098 -17.4536 20.2
      vertex 27.6098 -17.4536 14.2
    endloop
  endfacet
  facet normal -0.956881 -0.290482 0
    outer loop
      vertex 27.6098 -17.4536 20.2
      vertex 27.6421 -17.56 14.2
      vertex 27.6421 -17.56 20.2
    endloop
  endfacet
  facet normal -0.730098 -0.683343 0
    outer loop
      vertex 27.2781 -16.8791 14.2
      vertex 27.2021 -16.7979 20.2
      vertex 27.2021 -16.7979 14.2
    endloop
  endfacet
  facet normal -0.730098 -0.683343 0
    outer loop
      vertex 27.2021 -16.7979 20.2
      vertex 27.2781 -16.8791 14.2
      vertex 27.2781 -16.8791 20.2
    endloop
  endfacet
  facet normal -0.412719 -0.910859 0
    outer loop
      vertex 26.6506 -16.4294 14.2
      vertex 26.7519 -16.4753 20.2
      vertex 26.6506 -16.4294 20.2
    endloop
  endfacet
  facet normal -0.412719 -0.910859 -0
    outer loop
      vertex 26.7519 -16.4753 20.2
      vertex 26.6506 -16.4294 14.2
      vertex 26.7519 -16.4753 14.2
    endloop
  endfacet
  facet normal 0.84946 -0.527654 0
    outer loop
      vertex 24.5278 -17.15 20.2
      vertex 24.5865 -17.0555 14.2
      vertex 24.5865 -17.0555 20.2
    endloop
  endfacet
  facet normal 0.84946 -0.527654 0
    outer loop
      vertex 24.5865 -17.0555 14.2
      vertex 24.5278 -17.15 20.2
      vertex 24.5278 -17.15 14.2
    endloop
  endfacet
  facet normal 0.290482 -0.956881 0
    outer loop
      vertex 25.4536 -16.3902 14.2
      vertex 25.56 -16.3579 20.2
      vertex 25.4536 -16.3902 20.2
    endloop
  endfacet
  facet normal 0.290482 -0.956881 0
    outer loop
      vertex 25.56 -16.3579 20.2
      vertex 25.4536 -16.3902 14.2
      vertex 25.56 -16.3579 14.2
    endloop
  endfacet
  facet normal -0.88168 0.471847 0
    outer loop
      vertex 27.4722 -18.85 14.2
      vertex 27.5247 -18.7519 20.2
      vertex 27.5247 -18.7519 14.2
    endloop
  endfacet
  facet normal -0.88168 0.471847 0
    outer loop
      vertex 27.5247 -18.7519 20.2
      vertex 27.4722 -18.85 14.2
      vertex 27.4722 -18.85 20.2
    endloop
  endfacet
  facet normal -0.226633 0.97398 0
    outer loop
      vertex 26.44 -19.6421 14.2
      vertex 26.3317 -19.6673 20.2
      vertex 26.44 -19.6421 20.2
    endloop
  endfacet
  facet normal -0.226633 0.97398 0
    outer loop
      vertex 26.3317 -19.6673 20.2
      vertex 26.44 -19.6421 14.2
      vertex 26.3317 -19.6673 14.2
    endloop
  endfacet
  facet normal -0.683343 0.730098 0
    outer loop
      vertex 27.2021 -19.2021 14.2
      vertex 27.1209 -19.2781 20.2
      vertex 27.2021 -19.2021 20.2
    endloop
  endfacet
  facet normal -0.683343 0.730098 0
    outer loop
      vertex 27.1209 -19.2781 20.2
      vertex 27.2021 -19.2021 14.2
      vertex 27.1209 -19.2781 14.2
    endloop
  endfacet
  facet normal 0.352108 0.93596 -0
    outer loop
      vertex 25.4536 -19.6098 14.2
      vertex 25.3494 -19.5706 20.2
      vertex 25.4536 -19.6098 20.2
    endloop
  endfacet
  facet normal 0.352108 0.93596 0
    outer loop
      vertex 25.3494 -19.5706 20.2
      vertex 25.4536 -19.6098 14.2
      vertex 25.3494 -19.5706 14.2
    endloop
  endfacet
  facet normal 0.986539 0.163525 0
    outer loop
      vertex 24.3327 -18.3317 20.2
      vertex 24.3145 -18.2219 14.2
      vertex 24.3145 -18.2219 20.2
    endloop
  endfacet
  facet normal 0.986539 0.163525 0
    outer loop
      vertex 24.3145 -18.2219 14.2
      vertex 24.3327 -18.3317 20.2
      vertex 24.3327 -18.3317 14.2
    endloop
  endfacet
  facet normal 0.84946 0.527654 0
    outer loop
      vertex 24.5865 -18.9445 20.2
      vertex 24.5278 -18.85 14.2
      vertex 24.5278 -18.85 20.2
    endloop
  endfacet
  facet normal 0.84946 0.527654 0
    outer loop
      vertex 24.5278 -18.85 14.2
      vertex 24.5865 -18.9445 20.2
      vertex 24.5865 -18.9445 14.2
    endloop
  endfacet
  facet normal -0.910859 -0.412719 0
    outer loop
      vertex 27.5706 -17.3494 14.2
      vertex 27.5247 -17.2481 20.2
      vertex 27.5247 -17.2481 14.2
    endloop
  endfacet
  facet normal -0.910859 -0.412719 0
    outer loop
      vertex 27.5247 -17.2481 20.2
      vertex 27.5706 -17.3494 14.2
      vertex 27.5706 -17.3494 20.2
    endloop
  endfacet
  facet normal -0.84946 -0.527654 0
    outer loop
      vertex 27.4722 -17.15 14.2
      vertex 27.4135 -17.0555 20.2
      vertex 27.4135 -17.0555 14.2
    endloop
  endfacet
  facet normal -0.84946 -0.527654 0
    outer loop
      vertex 27.4135 -17.0555 20.2
      vertex 27.4722 -17.15 14.2
      vertex 27.4722 -17.15 20.2
    endloop
  endfacet
  facet normal -0.81276 -0.582598 0
    outer loop
      vertex 27.4135 -17.0555 14.2
      vertex 27.3487 -16.9651 20.2
      vertex 27.3487 -16.9651 14.2
    endloop
  endfacet
  facet normal -0.81276 -0.582598 0
    outer loop
      vertex 27.3487 -16.9651 20.2
      vertex 27.4135 -17.0555 14.2
      vertex 27.4135 -17.0555 20.2
    endloop
  endfacet
  facet normal -0.226633 -0.97398 0
    outer loop
      vertex 26.3317 -16.3327 14.2
      vertex 26.44 -16.3579 20.2
      vertex 26.3317 -16.3327 20.2
    endloop
  endfacet
  facet normal -0.226633 -0.97398 -0
    outer loop
      vertex 26.44 -16.3579 20.2
      vertex 26.3317 -16.3327 14.2
      vertex 26.44 -16.3579 14.2
    endloop
  endfacet
  facet normal -0.0979904 -0.995187 0
    outer loop
      vertex 26.1112 -16.3036 14.2
      vertex 26.2219 -16.3145 20.2
      vertex 26.1112 -16.3036 20.2
    endloop
  endfacet
  facet normal -0.0979904 -0.995187 -0
    outer loop
      vertex 26.2219 -16.3145 20.2
      vertex 26.1112 -16.3036 14.2
      vertex 26.2219 -16.3145 14.2
    endloop
  endfacet
  facet normal -0.634509 -0.772915 0
    outer loop
      vertex 27.0349 -16.6513 14.2
      vertex 27.1209 -16.7219 20.2
      vertex 27.0349 -16.6513 20.2
    endloop
  endfacet
  facet normal -0.634509 -0.772915 -0
    outer loop
      vertex 27.1209 -16.7219 20.2
      vertex 27.0349 -16.6513 14.2
      vertex 27.1209 -16.7219 14.2
    endloop
  endfacet
  facet normal -0.471847 -0.88168 0
    outer loop
      vertex 26.7519 -16.4753 14.2
      vertex 26.85 -16.5278 20.2
      vertex 26.7519 -16.4753 20.2
    endloop
  endfacet
  facet normal -0.471847 -0.88168 -0
    outer loop
      vertex 26.85 -16.5278 20.2
      vertex 26.7519 -16.4753 14.2
      vertex 26.85 -16.5278 14.2
    endloop
  endfacet
  facet normal -0.582598 -0.81276 0
    outer loop
      vertex 26.9445 -16.5865 14.2
      vertex 27.0349 -16.6513 20.2
      vertex 26.9445 -16.5865 20.2
    endloop
  endfacet
  facet normal -0.582598 -0.81276 -0
    outer loop
      vertex 27.0349 -16.6513 20.2
      vertex 26.9445 -16.5865 14.2
      vertex 27.0349 -16.6513 14.2
    endloop
  endfacet
  facet normal 0.730098 -0.683343 0
    outer loop
      vertex 24.7219 -16.8791 20.2
      vertex 24.7979 -16.7979 14.2
      vertex 24.7979 -16.7979 20.2
    endloop
  endfacet
  facet normal 0.730098 -0.683343 0
    outer loop
      vertex 24.7979 -16.7979 14.2
      vertex 24.7219 -16.8791 20.2
      vertex 24.7219 -16.8791 14.2
    endloop
  endfacet
  facet normal 0.910859 -0.412719 0
    outer loop
      vertex 24.4294 -17.3494 20.2
      vertex 24.4753 -17.2481 14.2
      vertex 24.4753 -17.2481 20.2
    endloop
  endfacet
  facet normal 0.910859 -0.412719 0
    outer loop
      vertex 24.4753 -17.2481 14.2
      vertex 24.4294 -17.3494 20.2
      vertex 24.4294 -17.3494 14.2
    endloop
  endfacet
  facet normal 0.97398 -0.226633 0
    outer loop
      vertex 24.3327 -17.6683 20.2
      vertex 24.3579 -17.56 14.2
      vertex 24.3579 -17.56 20.2
    endloop
  endfacet
  facet normal 0.97398 -0.226633 0
    outer loop
      vertex 24.3579 -17.56 14.2
      vertex 24.3327 -17.6683 20.2
      vertex 24.3327 -17.6683 14.2
    endloop
  endfacet
  facet normal 0.995187 -0.0979904 0
    outer loop
      vertex 24.3036 -17.8888 20.2
      vertex 24.3145 -17.7781 14.2
      vertex 24.3145 -17.7781 20.2
    endloop
  endfacet
  facet normal 0.995187 -0.0979904 0
    outer loop
      vertex 24.3145 -17.7781 14.2
      vertex 24.3036 -17.8888 20.2
      vertex 24.3036 -17.8888 14.2
    endloop
  endfacet
  facet normal 0.527654 -0.84946 0
    outer loop
      vertex 25.0555 -16.5865 14.2
      vertex 25.15 -16.5278 20.2
      vertex 25.0555 -16.5865 20.2
    endloop
  endfacet
  facet normal 0.527654 -0.84946 0
    outer loop
      vertex 25.15 -16.5278 20.2
      vertex 25.0555 -16.5865 14.2
      vertex 25.15 -16.5278 14.2
    endloop
  endfacet
  facet normal 0.412719 -0.910859 0
    outer loop
      vertex 25.2481 -16.4753 14.2
      vertex 25.3494 -16.4294 20.2
      vertex 25.2481 -16.4753 20.2
    endloop
  endfacet
  facet normal 0.412719 -0.910859 0
    outer loop
      vertex 25.3494 -16.4294 20.2
      vertex 25.2481 -16.4753 14.2
      vertex 25.3494 -16.4294 14.2
    endloop
  endfacet
  facet normal 0.634509 -0.772915 0
    outer loop
      vertex 24.8791 -16.7219 14.2
      vertex 24.9651 -16.6513 20.2
      vertex 24.8791 -16.7219 20.2
    endloop
  endfacet
  facet normal 0.634509 -0.772915 0
    outer loop
      vertex 24.9651 -16.6513 20.2
      vertex 24.8791 -16.7219 14.2
      vertex 24.9651 -16.6513 14.2
    endloop
  endfacet
  facet normal 0.0323571 -0.999476 0
    outer loop
      vertex 25.8888 -16.3036 14.2
      vertex 26 -16.3 20.2
      vertex 25.8888 -16.3036 20.2
    endloop
  endfacet
  facet normal 0.0323571 -0.999476 0
    outer loop
      vertex 26 -16.3 20.2
      vertex 25.8888 -16.3036 14.2
      vertex 26 -16.3 14.2
    endloop
  endfacet
  facet normal -0.0323571 0.999476 0
    outer loop
      vertex 26.1112 -19.6964 14.2
      vertex 26 -19.7 20.2
      vertex 26.1112 -19.6964 20.2
    endloop
  endfacet
  facet normal -0.0323571 0.999476 0
    outer loop
      vertex 26 -19.7 20.2
      vertex 26.1112 -19.6964 14.2
      vertex 26 -19.7 14.2
    endloop
  endfacet
  facet normal -0.634509 0.772915 0
    outer loop
      vertex 27.1209 -19.2781 14.2
      vertex 27.0349 -19.3487 20.2
      vertex 27.1209 -19.2781 20.2
    endloop
  endfacet
  facet normal -0.634509 0.772915 0
    outer loop
      vertex 27.0349 -19.3487 20.2
      vertex 27.1209 -19.2781 14.2
      vertex 27.0349 -19.3487 14.2
    endloop
  endfacet
  facet normal -0.772915 0.634509 0
    outer loop
      vertex 27.2781 -19.1209 14.2
      vertex 27.3487 -19.0349 20.2
      vertex 27.3487 -19.0349 14.2
    endloop
  endfacet
  facet normal -0.772915 0.634509 0
    outer loop
      vertex 27.3487 -19.0349 20.2
      vertex 27.2781 -19.1209 14.2
      vertex 27.2781 -19.1209 20.2
    endloop
  endfacet
  facet normal -0.956881 0.290482 0
    outer loop
      vertex 27.6098 -18.5464 14.2
      vertex 27.6421 -18.44 20.2
      vertex 27.6421 -18.44 14.2
    endloop
  endfacet
  facet normal -0.956881 0.290482 0
    outer loop
      vertex 27.6421 -18.44 20.2
      vertex 27.6098 -18.5464 14.2
      vertex 27.6098 -18.5464 20.2
    endloop
  endfacet
  facet normal -0.97398 0.226633 0
    outer loop
      vertex 27.6421 -18.44 14.2
      vertex 27.6673 -18.3317 20.2
      vertex 27.6673 -18.3317 14.2
    endloop
  endfacet
  facet normal -0.97398 0.226633 0
    outer loop
      vertex 27.6673 -18.3317 20.2
      vertex 27.6421 -18.44 14.2
      vertex 27.6421 -18.44 20.2
    endloop
  endfacet
  facet normal 0.683343 0.730098 -0
    outer loop
      vertex 24.8791 -19.2781 14.2
      vertex 24.7979 -19.2021 20.2
      vertex 24.8791 -19.2781 20.2
    endloop
  endfacet
  facet normal 0.683343 0.730098 0
    outer loop
      vertex 24.7979 -19.2021 20.2
      vertex 24.8791 -19.2781 14.2
      vertex 24.7979 -19.2021 14.2
    endloop
  endfacet
  facet normal 0.0323571 0.999476 -0
    outer loop
      vertex 26 -19.7 14.2
      vertex 25.8888 -19.6964 20.2
      vertex 26 -19.7 20.2
    endloop
  endfacet
  facet normal 0.0323571 0.999476 0
    outer loop
      vertex 25.8888 -19.6964 20.2
      vertex 26 -19.7 14.2
      vertex 25.8888 -19.6964 14.2
    endloop
  endfacet
  facet normal 0.910859 0.412719 0
    outer loop
      vertex 24.4753 -18.7519 20.2
      vertex 24.4294 -18.6506 14.2
      vertex 24.4294 -18.6506 20.2
    endloop
  endfacet
  facet normal 0.910859 0.412719 0
    outer loop
      vertex 24.4294 -18.6506 14.2
      vertex 24.4753 -18.7519 20.2
      vertex 24.4753 -18.7519 14.2
    endloop
  endfacet
  facet normal 0.97398 0.226633 0
    outer loop
      vertex 24.3579 -18.44 20.2
      vertex 24.3327 -18.3317 14.2
      vertex 24.3327 -18.3317 20.2
    endloop
  endfacet
  facet normal 0.97398 0.226633 0
    outer loop
      vertex 24.3327 -18.3317 14.2
      vertex 24.3579 -18.44 20.2
      vertex 24.3579 -18.44 14.2
    endloop
  endfacet
  facet normal 0.999476 0.0323571 0
    outer loop
      vertex 24.3036 -18.1112 20.2
      vertex 24.3 -18 14.2
      vertex 24.3 -18 20.2
    endloop
  endfacet
  facet normal 0.999476 0.0323571 0
    outer loop
      vertex 24.3 -18 14.2
      vertex 24.3036 -18.1112 20.2
      vertex 24.3036 -18.1112 14.2
    endloop
  endfacet
  facet normal -0.995187 -0.0979904 0
    outer loop
      vertex 27.6964 -17.8888 14.2
      vertex 27.6855 -17.7781 20.2
      vertex 27.6855 -17.7781 14.2
    endloop
  endfacet
  facet normal -0.995187 -0.0979904 0
    outer loop
      vertex 27.6855 -17.7781 20.2
      vertex 27.6964 -17.8888 14.2
      vertex 27.6964 -17.8888 20.2
    endloop
  endfacet
  facet normal -0.986539 -0.163525 0
    outer loop
      vertex 27.6855 -17.7781 14.2
      vertex 27.6673 -17.6683 20.2
      vertex 27.6673 -17.6683 14.2
    endloop
  endfacet
  facet normal -0.986539 -0.163525 0
    outer loop
      vertex 27.6673 -17.6683 20.2
      vertex 27.6855 -17.7781 14.2
      vertex 27.6855 -17.7781 20.2
    endloop
  endfacet
  facet normal -0.93596 -0.352108 0
    outer loop
      vertex 27.6098 -17.4536 14.2
      vertex 27.5706 -17.3494 20.2
      vertex 27.5706 -17.3494 14.2
    endloop
  endfacet
  facet normal -0.93596 -0.352108 0
    outer loop
      vertex 27.5706 -17.3494 20.2
      vertex 27.6098 -17.4536 14.2
      vertex 27.6098 -17.4536 20.2
    endloop
  endfacet
  facet normal -0.683343 -0.730098 0
    outer loop
      vertex 27.1209 -16.7219 14.2
      vertex 27.2021 -16.7979 20.2
      vertex 27.1209 -16.7219 20.2
    endloop
  endfacet
  facet normal -0.683343 -0.730098 -0
    outer loop
      vertex 27.2021 -16.7979 20.2
      vertex 27.1209 -16.7219 14.2
      vertex 27.2021 -16.7979 14.2
    endloop
  endfacet
  facet normal -0.772915 -0.634509 0
    outer loop
      vertex 27.3487 -16.9651 14.2
      vertex 27.2781 -16.8791 20.2
      vertex 27.2781 -16.8791 14.2
    endloop
  endfacet
  facet normal -0.772915 -0.634509 0
    outer loop
      vertex 27.2781 -16.8791 20.2
      vertex 27.3487 -16.9651 14.2
      vertex 27.3487 -16.9651 20.2
    endloop
  endfacet
  facet normal -0.88168 -0.471847 0
    outer loop
      vertex 27.5247 -17.2481 14.2
      vertex 27.4722 -17.15 20.2
      vertex 27.4722 -17.15 14.2
    endloop
  endfacet
  facet normal -0.88168 -0.471847 0
    outer loop
      vertex 27.4722 -17.15 20.2
      vertex 27.5247 -17.2481 14.2
      vertex 27.5247 -17.2481 20.2
    endloop
  endfacet
  facet normal -0.352108 -0.93596 0
    outer loop
      vertex 26.5464 -16.3902 14.2
      vertex 26.6506 -16.4294 20.2
      vertex 26.5464 -16.3902 20.2
    endloop
  endfacet
  facet normal -0.352108 -0.93596 -0
    outer loop
      vertex 26.6506 -16.4294 20.2
      vertex 26.5464 -16.3902 14.2
      vertex 26.6506 -16.4294 14.2
    endloop
  endfacet
  facet normal -0.290482 -0.956881 0
    outer loop
      vertex 26.44 -16.3579 14.2
      vertex 26.5464 -16.3902 20.2
      vertex 26.44 -16.3579 20.2
    endloop
  endfacet
  facet normal -0.290482 -0.956881 -0
    outer loop
      vertex 26.5464 -16.3902 20.2
      vertex 26.44 -16.3579 14.2
      vertex 26.5464 -16.3902 14.2
    endloop
  endfacet
  facet normal -0.163525 -0.986539 0
    outer loop
      vertex 26.2219 -16.3145 14.2
      vertex 26.3317 -16.3327 20.2
      vertex 26.2219 -16.3145 20.2
    endloop
  endfacet
  facet normal -0.163525 -0.986539 -0
    outer loop
      vertex 26.3317 -16.3327 20.2
      vertex 26.2219 -16.3145 14.2
      vertex 26.3317 -16.3327 14.2
    endloop
  endfacet
  facet normal -0.527654 -0.84946 0
    outer loop
      vertex 26.85 -16.5278 14.2
      vertex 26.9445 -16.5865 20.2
      vertex 26.85 -16.5278 20.2
    endloop
  endfacet
  facet normal -0.527654 -0.84946 -0
    outer loop
      vertex 26.9445 -16.5865 20.2
      vertex 26.85 -16.5278 14.2
      vertex 26.9445 -16.5865 14.2
    endloop
  endfacet
  facet normal 0.88168 -0.471847 0
    outer loop
      vertex 24.4753 -17.2481 20.2
      vertex 24.5278 -17.15 14.2
      vertex 24.5278 -17.15 20.2
    endloop
  endfacet
  facet normal 0.88168 -0.471847 0
    outer loop
      vertex 24.5278 -17.15 14.2
      vertex 24.4753 -17.2481 20.2
      vertex 24.4753 -17.2481 14.2
    endloop
  endfacet
  facet normal 0.93596 -0.352108 0
    outer loop
      vertex 24.3902 -17.4536 20.2
      vertex 24.4294 -17.3494 14.2
      vertex 24.4294 -17.3494 20.2
    endloop
  endfacet
  facet normal 0.93596 -0.352108 0
    outer loop
      vertex 24.4294 -17.3494 14.2
      vertex 24.3902 -17.4536 20.2
      vertex 24.3902 -17.4536 14.2
    endloop
  endfacet
  facet normal 0.956881 -0.290482 0
    outer loop
      vertex 24.3579 -17.56 20.2
      vertex 24.3902 -17.4536 14.2
      vertex 24.3902 -17.4536 20.2
    endloop
  endfacet
  facet normal 0.956881 -0.290482 0
    outer loop
      vertex 24.3902 -17.4536 14.2
      vertex 24.3579 -17.56 20.2
      vertex 24.3579 -17.56 14.2
    endloop
  endfacet
  facet normal 0.986539 -0.163525 0
    outer loop
      vertex 24.3145 -17.7781 20.2
      vertex 24.3327 -17.6683 14.2
      vertex 24.3327 -17.6683 20.2
    endloop
  endfacet
  facet normal 0.986539 -0.163525 0
    outer loop
      vertex 24.3327 -17.6683 14.2
      vertex 24.3145 -17.7781 20.2
      vertex 24.3145 -17.7781 14.2
    endloop
  endfacet
  facet normal 0.471847 -0.88168 0
    outer loop
      vertex 25.15 -16.5278 14.2
      vertex 25.2481 -16.4753 20.2
      vertex 25.15 -16.5278 20.2
    endloop
  endfacet
  facet normal 0.471847 -0.88168 0
    outer loop
      vertex 25.2481 -16.4753 20.2
      vertex 25.15 -16.5278 14.2
      vertex 25.2481 -16.4753 14.2
    endloop
  endfacet
  facet normal 0.582598 -0.81276 0
    outer loop
      vertex 24.9651 -16.6513 14.2
      vertex 25.0555 -16.5865 20.2
      vertex 24.9651 -16.6513 20.2
    endloop
  endfacet
  facet normal 0.582598 -0.81276 0
    outer loop
      vertex 25.0555 -16.5865 20.2
      vertex 24.9651 -16.6513 14.2
      vertex 25.0555 -16.5865 14.2
    endloop
  endfacet
  facet normal 0.352108 -0.93596 0
    outer loop
      vertex 25.3494 -16.4294 14.2
      vertex 25.4536 -16.3902 20.2
      vertex 25.3494 -16.4294 20.2
    endloop
  endfacet
  facet normal 0.352108 -0.93596 0
    outer loop
      vertex 25.4536 -16.3902 20.2
      vertex 25.3494 -16.4294 14.2
      vertex 25.4536 -16.3902 14.2
    endloop
  endfacet
  facet normal 0.226633 -0.97398 0
    outer loop
      vertex 25.56 -16.3579 14.2
      vertex 25.6683 -16.3327 20.2
      vertex 25.56 -16.3579 20.2
    endloop
  endfacet
  facet normal 0.226633 -0.97398 0
    outer loop
      vertex 25.6683 -16.3327 20.2
      vertex 25.56 -16.3579 14.2
      vertex 25.6683 -16.3327 14.2
    endloop
  endfacet
  facet normal 0.0979904 -0.995187 0
    outer loop
      vertex 25.7781 -16.3145 14.2
      vertex 25.8888 -16.3036 20.2
      vertex 25.7781 -16.3145 20.2
    endloop
  endfacet
  facet normal 0.0979904 -0.995187 0
    outer loop
      vertex 25.8888 -16.3036 20.2
      vertex 25.7781 -16.3145 14.2
      vertex 25.8888 -16.3036 14.2
    endloop
  endfacet
  facet normal 0.163525 -0.986539 0
    outer loop
      vertex 25.6683 -16.3327 14.2
      vertex 25.7781 -16.3145 20.2
      vertex 25.6683 -16.3327 20.2
    endloop
  endfacet
  facet normal 0.163525 -0.986539 0
    outer loop
      vertex 25.7781 -16.3145 20.2
      vertex 25.6683 -16.3327 14.2
      vertex 25.7781 -16.3145 14.2
    endloop
  endfacet
  facet normal -0.995187 0.0979904 0
    outer loop
      vertex 27.6855 -18.2219 14.2
      vertex 27.6964 -18.1112 20.2
      vertex 27.6964 -18.1112 14.2
    endloop
  endfacet
  facet normal -0.995187 0.0979904 0
    outer loop
      vertex 27.6964 -18.1112 20.2
      vertex 27.6855 -18.2219 14.2
      vertex 27.6855 -18.2219 20.2
    endloop
  endfacet
  facet normal -0.0979904 0.995187 0
    outer loop
      vertex 26.2219 -19.6855 14.2
      vertex 26.1112 -19.6964 20.2
      vertex 26.2219 -19.6855 20.2
    endloop
  endfacet
  facet normal -0.0979904 0.995187 0
    outer loop
      vertex 26.1112 -19.6964 20.2
      vertex 26.2219 -19.6855 14.2
      vertex 26.1112 -19.6964 14.2
    endloop
  endfacet
  facet normal -0.290482 0.956881 0
    outer loop
      vertex 26.5464 -19.6098 14.2
      vertex 26.44 -19.6421 20.2
      vertex 26.5464 -19.6098 20.2
    endloop
  endfacet
  facet normal -0.290482 0.956881 0
    outer loop
      vertex 26.44 -19.6421 20.2
      vertex 26.5464 -19.6098 14.2
      vertex 26.44 -19.6421 14.2
    endloop
  endfacet
  facet normal -0.527654 0.84946 0
    outer loop
      vertex 26.9445 -19.4135 14.2
      vertex 26.85 -19.4722 20.2
      vertex 26.9445 -19.4135 20.2
    endloop
  endfacet
  facet normal -0.527654 0.84946 0
    outer loop
      vertex 26.85 -19.4722 20.2
      vertex 26.9445 -19.4135 14.2
      vertex 26.85 -19.4722 14.2
    endloop
  endfacet
  facet normal -0.412719 0.910859 0
    outer loop
      vertex 26.7519 -19.5247 14.2
      vertex 26.6506 -19.5706 20.2
      vertex 26.7519 -19.5247 20.2
    endloop
  endfacet
  facet normal -0.412719 0.910859 0
    outer loop
      vertex 26.6506 -19.5706 20.2
      vertex 26.7519 -19.5247 14.2
      vertex 26.6506 -19.5706 14.2
    endloop
  endfacet
  facet normal -0.81276 0.582598 0
    outer loop
      vertex 27.3487 -19.0349 14.2
      vertex 27.4135 -18.9445 20.2
      vertex 27.4135 -18.9445 14.2
    endloop
  endfacet
  facet normal -0.81276 0.582598 0
    outer loop
      vertex 27.4135 -18.9445 20.2
      vertex 27.3487 -19.0349 14.2
      vertex 27.3487 -19.0349 20.2
    endloop
  endfacet
  facet normal -0.93596 0.352108 0
    outer loop
      vertex 27.5706 -18.6506 14.2
      vertex 27.6098 -18.5464 20.2
      vertex 27.6098 -18.5464 14.2
    endloop
  endfacet
  facet normal -0.93596 0.352108 0
    outer loop
      vertex 27.6098 -18.5464 20.2
      vertex 27.5706 -18.6506 14.2
      vertex 27.5706 -18.6506 20.2
    endloop
  endfacet
  facet normal 0.226633 0.97398 -0
    outer loop
      vertex 25.6683 -19.6673 14.2
      vertex 25.56 -19.6421 20.2
      vertex 25.6683 -19.6673 20.2
    endloop
  endfacet
  facet normal 0.226633 0.97398 0
    outer loop
      vertex 25.56 -19.6421 20.2
      vertex 25.6683 -19.6673 14.2
      vertex 25.56 -19.6421 14.2
    endloop
  endfacet
  facet normal 0.163525 0.986539 -0
    outer loop
      vertex 25.7781 -19.6855 14.2
      vertex 25.6683 -19.6673 20.2
      vertex 25.7781 -19.6855 20.2
    endloop
  endfacet
  facet normal 0.163525 0.986539 0
    outer loop
      vertex 25.6683 -19.6673 20.2
      vertex 25.7781 -19.6855 14.2
      vertex 25.6683 -19.6673 14.2
    endloop
  endfacet
  facet normal 0.527654 0.84946 -0
    outer loop
      vertex 25.15 -19.4722 14.2
      vertex 25.0555 -19.4135 20.2
      vertex 25.15 -19.4722 20.2
    endloop
  endfacet
  facet normal 0.527654 0.84946 0
    outer loop
      vertex 25.0555 -19.4135 20.2
      vertex 25.15 -19.4722 14.2
      vertex 25.0555 -19.4135 14.2
    endloop
  endfacet
  facet normal 0.412719 0.910859 -0
    outer loop
      vertex 25.3494 -19.5706 14.2
      vertex 25.2481 -19.5247 20.2
      vertex 25.3494 -19.5706 20.2
    endloop
  endfacet
  facet normal 0.412719 0.910859 0
    outer loop
      vertex 25.2481 -19.5247 20.2
      vertex 25.3494 -19.5706 14.2
      vertex 25.2481 -19.5247 14.2
    endloop
  endfacet
  facet normal 0.634509 0.772915 -0
    outer loop
      vertex 24.9651 -19.3487 14.2
      vertex 24.8791 -19.2781 20.2
      vertex 24.9651 -19.3487 20.2
    endloop
  endfacet
  facet normal 0.634509 0.772915 0
    outer loop
      vertex 24.8791 -19.2781 20.2
      vertex 24.9651 -19.3487 14.2
      vertex 24.8791 -19.2781 14.2
    endloop
  endfacet
  facet normal 0.81276 0.582598 0
    outer loop
      vertex 24.6513 -19.0349 20.2
      vertex 24.5865 -18.9445 14.2
      vertex 24.5865 -18.9445 20.2
    endloop
  endfacet
  facet normal 0.81276 0.582598 0
    outer loop
      vertex 24.5865 -18.9445 14.2
      vertex 24.6513 -19.0349 20.2
      vertex 24.6513 -19.0349 14.2
    endloop
  endfacet
  facet normal 0.730098 0.683343 0
    outer loop
      vertex 24.7979 -19.2021 20.2
      vertex 24.7219 -19.1209 14.2
      vertex 24.7219 -19.1209 20.2
    endloop
  endfacet
  facet normal 0.730098 0.683343 0
    outer loop
      vertex 24.7219 -19.1209 14.2
      vertex 24.7979 -19.2021 20.2
      vertex 24.7979 -19.2021 14.2
    endloop
  endfacet
  facet normal 0.88168 0.471847 0
    outer loop
      vertex 24.5278 -18.85 20.2
      vertex 24.4753 -18.7519 14.2
      vertex 24.4753 -18.7519 20.2
    endloop
  endfacet
  facet normal 0.88168 0.471847 0
    outer loop
      vertex 24.4753 -18.7519 14.2
      vertex 24.5278 -18.85 20.2
      vertex 24.5278 -18.85 14.2
    endloop
  endfacet
  facet normal 0.995187 0.0979904 0
    outer loop
      vertex 24.3145 -18.2219 20.2
      vertex 24.3036 -18.1112 14.2
      vertex 24.3036 -18.1112 20.2
    endloop
  endfacet
  facet normal 0.995187 0.0979904 0
    outer loop
      vertex 24.3036 -18.1112 14.2
      vertex 24.3145 -18.2219 20.2
      vertex 24.3145 -18.2219 14.2
    endloop
  endfacet
  facet normal 0.956881 0.290482 0
    outer loop
      vertex 24.3902 -18.5464 20.2
      vertex 24.3579 -18.44 14.2
      vertex 24.3579 -18.44 20.2
    endloop
  endfacet
  facet normal 0.956881 0.290482 0
    outer loop
      vertex 24.3579 -18.44 14.2
      vertex 24.3902 -18.5464 20.2
      vertex 24.3902 -18.5464 14.2
    endloop
  endfacet
  facet normal 0.81276 -0.582598 0
    outer loop
      vertex 24.5865 -17.0555 20.2
      vertex 24.6513 -16.9651 14.2
      vertex 24.6513 -16.9651 20.2
    endloop
  endfacet
  facet normal 0.81276 -0.582598 0
    outer loop
      vertex 24.6513 -16.9651 14.2
      vertex 24.5865 -17.0555 20.2
      vertex 24.5865 -17.0555 14.2
    endloop
  endfacet
  facet normal 0.772915 -0.634509 0
    outer loop
      vertex 24.6513 -16.9651 20.2
      vertex 24.7219 -16.8791 14.2
      vertex 24.7219 -16.8791 20.2
    endloop
  endfacet
  facet normal 0.772915 -0.634509 0
    outer loop
      vertex 24.7219 -16.8791 14.2
      vertex 24.6513 -16.9651 20.2
      vertex 24.6513 -16.9651 14.2
    endloop
  endfacet
  facet normal -0.999476 0.0323571 0
    outer loop
      vertex 27.6964 -18.1112 14.2
      vertex 27.7 -18 20.2
      vertex 27.7 -18 14.2
    endloop
  endfacet
  facet normal -0.999476 0.0323571 0
    outer loop
      vertex 27.7 -18 20.2
      vertex 27.6964 -18.1112 14.2
      vertex 27.6964 -18.1112 20.2
    endloop
  endfacet
  facet normal -0.163525 0.986539 0
    outer loop
      vertex 26.3317 -19.6673 14.2
      vertex 26.2219 -19.6855 20.2
      vertex 26.3317 -19.6673 20.2
    endloop
  endfacet
  facet normal -0.163525 0.986539 0
    outer loop
      vertex 26.2219 -19.6855 20.2
      vertex 26.3317 -19.6673 14.2
      vertex 26.2219 -19.6855 14.2
    endloop
  endfacet
  facet normal -0.352108 0.93596 0
    outer loop
      vertex 26.6506 -19.5706 14.2
      vertex 26.5464 -19.6098 20.2
      vertex 26.6506 -19.5706 20.2
    endloop
  endfacet
  facet normal -0.352108 0.93596 0
    outer loop
      vertex 26.5464 -19.6098 20.2
      vertex 26.6506 -19.5706 14.2
      vertex 26.5464 -19.6098 14.2
    endloop
  endfacet
  facet normal -0.730098 0.683343 0
    outer loop
      vertex 27.2021 -19.2021 14.2
      vertex 27.2781 -19.1209 20.2
      vertex 27.2781 -19.1209 14.2
    endloop
  endfacet
  facet normal -0.730098 0.683343 0
    outer loop
      vertex 27.2781 -19.1209 20.2
      vertex 27.2021 -19.2021 14.2
      vertex 27.2021 -19.2021 20.2
    endloop
  endfacet
  facet normal -0.471847 0.88168 0
    outer loop
      vertex 26.85 -19.4722 14.2
      vertex 26.7519 -19.5247 20.2
      vertex 26.85 -19.4722 20.2
    endloop
  endfacet
  facet normal -0.471847 0.88168 0
    outer loop
      vertex 26.7519 -19.5247 20.2
      vertex 26.85 -19.4722 14.2
      vertex 26.7519 -19.5247 14.2
    endloop
  endfacet
  facet normal -0.582598 0.81276 0
    outer loop
      vertex 27.0349 -19.3487 14.2
      vertex 26.9445 -19.4135 20.2
      vertex 27.0349 -19.3487 20.2
    endloop
  endfacet
  facet normal -0.582598 0.81276 0
    outer loop
      vertex 26.9445 -19.4135 20.2
      vertex 27.0349 -19.3487 14.2
      vertex 26.9445 -19.4135 14.2
    endloop
  endfacet
  facet normal -0.84946 0.527654 0
    outer loop
      vertex 27.4135 -18.9445 14.2
      vertex 27.4722 -18.85 20.2
      vertex 27.4722 -18.85 14.2
    endloop
  endfacet
  facet normal -0.84946 0.527654 0
    outer loop
      vertex 27.4722 -18.85 20.2
      vertex 27.4135 -18.9445 14.2
      vertex 27.4135 -18.9445 20.2
    endloop
  endfacet
  facet normal -0.910859 0.412719 0
    outer loop
      vertex 27.5247 -18.7519 14.2
      vertex 27.5706 -18.6506 20.2
      vertex 27.5706 -18.6506 14.2
    endloop
  endfacet
  facet normal -0.910859 0.412719 0
    outer loop
      vertex 27.5706 -18.6506 20.2
      vertex 27.5247 -18.7519 14.2
      vertex 27.5247 -18.7519 20.2
    endloop
  endfacet
  facet normal -0.986539 0.163525 0
    outer loop
      vertex 27.6673 -18.3317 14.2
      vertex 27.6855 -18.2219 20.2
      vertex 27.6855 -18.2219 14.2
    endloop
  endfacet
  facet normal -0.986539 0.163525 0
    outer loop
      vertex 27.6855 -18.2219 20.2
      vertex 27.6673 -18.3317 14.2
      vertex 27.6673 -18.3317 20.2
    endloop
  endfacet
  facet normal 0.290482 0.956881 -0
    outer loop
      vertex 25.56 -19.6421 14.2
      vertex 25.4536 -19.6098 20.2
      vertex 25.56 -19.6421 20.2
    endloop
  endfacet
  facet normal 0.290482 0.956881 0
    outer loop
      vertex 25.4536 -19.6098 20.2
      vertex 25.56 -19.6421 14.2
      vertex 25.4536 -19.6098 14.2
    endloop
  endfacet
  facet normal 0.0979904 0.995187 -0
    outer loop
      vertex 25.8888 -19.6964 14.2
      vertex 25.7781 -19.6855 20.2
      vertex 25.8888 -19.6964 20.2
    endloop
  endfacet
  facet normal 0.0979904 0.995187 0
    outer loop
      vertex 25.7781 -19.6855 20.2
      vertex 25.8888 -19.6964 14.2
      vertex 25.7781 -19.6855 14.2
    endloop
  endfacet
  facet normal 0.471847 0.88168 -0
    outer loop
      vertex 25.2481 -19.5247 14.2
      vertex 25.15 -19.4722 20.2
      vertex 25.2481 -19.5247 20.2
    endloop
  endfacet
  facet normal 0.471847 0.88168 0
    outer loop
      vertex 25.15 -19.4722 20.2
      vertex 25.2481 -19.5247 14.2
      vertex 25.15 -19.4722 14.2
    endloop
  endfacet
  facet normal 0.582598 0.81276 -0
    outer loop
      vertex 25.0555 -19.4135 14.2
      vertex 24.9651 -19.3487 20.2
      vertex 25.0555 -19.4135 20.2
    endloop
  endfacet
  facet normal 0.582598 0.81276 0
    outer loop
      vertex 24.9651 -19.3487 20.2
      vertex 25.0555 -19.4135 14.2
      vertex 24.9651 -19.3487 14.2
    endloop
  endfacet
  facet normal 0.772915 0.634509 0
    outer loop
      vertex 24.7219 -19.1209 20.2
      vertex 24.6513 -19.0349 14.2
      vertex 24.6513 -19.0349 20.2
    endloop
  endfacet
  facet normal 0.772915 0.634509 0
    outer loop
      vertex 24.6513 -19.0349 14.2
      vertex 24.7219 -19.1209 20.2
      vertex 24.7219 -19.1209 14.2
    endloop
  endfacet
  facet normal 0.93596 0.352108 0
    outer loop
      vertex 24.4294 -18.6506 20.2
      vertex 24.3902 -18.5464 14.2
      vertex 24.3902 -18.5464 20.2
    endloop
  endfacet
  facet normal 0.93596 0.352108 0
    outer loop
      vertex 24.3902 -18.5464 14.2
      vertex 24.4294 -18.6506 20.2
      vertex 24.4294 -18.6506 14.2
    endloop
  endfacet
  facet normal -0.88168 -0.471847 0
    outer loop
      vertex 27.5247 18.7519 14.2
      vertex 27.4722 18.85 20.2
      vertex 27.4722 18.85 14.2
    endloop
  endfacet
  facet normal -0.88168 -0.471847 0
    outer loop
      vertex 27.4722 18.85 20.2
      vertex 27.5247 18.7519 14.2
      vertex 27.5247 18.7519 20.2
    endloop
  endfacet
  facet normal -0.352108 -0.93596 0
    outer loop
      vertex 26.5464 19.6098 14.2
      vertex 26.6506 19.5706 20.2
      vertex 26.5464 19.6098 20.2
    endloop
  endfacet
  facet normal -0.352108 -0.93596 -0
    outer loop
      vertex 26.6506 19.5706 20.2
      vertex 26.5464 19.6098 14.2
      vertex 26.6506 19.5706 14.2
    endloop
  endfacet
  facet normal 0.412719 -0.910859 0
    outer loop
      vertex 25.2481 19.5247 14.2
      vertex 25.3494 19.5706 20.2
      vertex 25.2481 19.5247 20.2
    endloop
  endfacet
  facet normal 0.412719 -0.910859 0
    outer loop
      vertex 25.3494 19.5706 20.2
      vertex 25.2481 19.5247 14.2
      vertex 25.3494 19.5706 14.2
    endloop
  endfacet
  facet normal 0.93596 -0.352108 0
    outer loop
      vertex 24.3902 18.5464 20.2
      vertex 24.4294 18.6506 14.2
      vertex 24.4294 18.6506 20.2
    endloop
  endfacet
  facet normal 0.93596 -0.352108 0
    outer loop
      vertex 24.4294 18.6506 14.2
      vertex 24.3902 18.5464 20.2
      vertex 24.3902 18.5464 14.2
    endloop
  endfacet
  facet normal -0.995187 0.0979904 0
    outer loop
      vertex 27.6855 17.7781 14.2
      vertex 27.6964 17.8888 20.2
      vertex 27.6964 17.8888 14.2
    endloop
  endfacet
  facet normal -0.995187 0.0979904 0
    outer loop
      vertex 27.6964 17.8888 20.2
      vertex 27.6855 17.7781 14.2
      vertex 27.6855 17.7781 20.2
    endloop
  endfacet
  facet normal -0.527654 -0.84946 0
    outer loop
      vertex 26.85 19.4722 14.2
      vertex 26.9445 19.4135 20.2
      vertex 26.85 19.4722 20.2
    endloop
  endfacet
  facet normal -0.527654 -0.84946 -0
    outer loop
      vertex 26.9445 19.4135 20.2
      vertex 26.85 19.4722 14.2
      vertex 26.9445 19.4135 14.2
    endloop
  endfacet
  facet normal 0.772915 -0.634509 0
    outer loop
      vertex 24.6513 19.0349 20.2
      vertex 24.7219 19.1209 14.2
      vertex 24.7219 19.1209 20.2
    endloop
  endfacet
  facet normal 0.772915 -0.634509 0
    outer loop
      vertex 24.7219 19.1209 14.2
      vertex 24.6513 19.0349 20.2
      vertex 24.6513 19.0349 14.2
    endloop
  endfacet
  facet normal 0.226633 -0.97398 0
    outer loop
      vertex 25.56 19.6421 14.2
      vertex 25.6683 19.6673 20.2
      vertex 25.56 19.6421 20.2
    endloop
  endfacet
  facet normal 0.226633 -0.97398 0
    outer loop
      vertex 25.6683 19.6673 20.2
      vertex 25.56 19.6421 14.2
      vertex 25.6683 19.6673 14.2
    endloop
  endfacet
  facet normal 0.634509 0.772915 -0
    outer loop
      vertex 24.9651 16.6513 14.2
      vertex 24.8791 16.7219 20.2
      vertex 24.9651 16.6513 20.2
    endloop
  endfacet
  facet normal 0.634509 0.772915 0
    outer loop
      vertex 24.8791 16.7219 20.2
      vertex 24.9651 16.6513 14.2
      vertex 24.8791 16.7219 14.2
    endloop
  endfacet
  facet normal -0.93596 -0.352108 0
    outer loop
      vertex 27.6098 18.5464 14.2
      vertex 27.5706 18.6506 20.2
      vertex 27.5706 18.6506 14.2
    endloop
  endfacet
  facet normal -0.93596 -0.352108 0
    outer loop
      vertex 27.5706 18.6506 20.2
      vertex 27.6098 18.5464 14.2
      vertex 27.6098 18.5464 20.2
    endloop
  endfacet
  facet normal -0.81276 -0.582598 0
    outer loop
      vertex 27.4135 18.9445 14.2
      vertex 27.3487 19.0349 20.2
      vertex 27.3487 19.0349 14.2
    endloop
  endfacet
  facet normal -0.81276 -0.582598 0
    outer loop
      vertex 27.3487 19.0349 20.2
      vertex 27.4135 18.9445 14.2
      vertex 27.4135 18.9445 20.2
    endloop
  endfacet
  facet normal -0.772915 -0.634509 0
    outer loop
      vertex 27.3487 19.0349 14.2
      vertex 27.2781 19.1209 20.2
      vertex 27.2781 19.1209 14.2
    endloop
  endfacet
  facet normal -0.772915 -0.634509 0
    outer loop
      vertex 27.2781 19.1209 20.2
      vertex 27.3487 19.0349 14.2
      vertex 27.3487 19.0349 20.2
    endloop
  endfacet
  facet normal 0.0323571 -0.999476 0
    outer loop
      vertex 25.8888 19.6964 14.2
      vertex 26 19.7 20.2
      vertex 25.8888 19.6964 20.2
    endloop
  endfacet
  facet normal 0.0323571 -0.999476 0
    outer loop
      vertex 26 19.7 20.2
      vertex 25.8888 19.6964 14.2
      vertex 26 19.7 14.2
    endloop
  endfacet
  facet normal -0.290482 -0.956881 0
    outer loop
      vertex 26.44 19.6421 14.2
      vertex 26.5464 19.6098 20.2
      vertex 26.44 19.6421 20.2
    endloop
  endfacet
  facet normal -0.290482 -0.956881 -0
    outer loop
      vertex 26.5464 19.6098 20.2
      vertex 26.44 19.6421 14.2
      vertex 26.5464 19.6098 14.2
    endloop
  endfacet
  facet normal -0.163525 -0.986539 0
    outer loop
      vertex 26.2219 19.6855 14.2
      vertex 26.3317 19.6673 20.2
      vertex 26.2219 19.6855 20.2
    endloop
  endfacet
  facet normal -0.163525 -0.986539 -0
    outer loop
      vertex 26.3317 19.6673 20.2
      vertex 26.2219 19.6855 14.2
      vertex 26.3317 19.6673 14.2
    endloop
  endfacet
  facet normal -0.634509 -0.772915 0
    outer loop
      vertex 27.0349 19.3487 14.2
      vertex 27.1209 19.2781 20.2
      vertex 27.0349 19.3487 20.2
    endloop
  endfacet
  facet normal -0.634509 -0.772915 -0
    outer loop
      vertex 27.1209 19.2781 20.2
      vertex 27.0349 19.3487 14.2
      vertex 27.1209 19.2781 14.2
    endloop
  endfacet
  facet normal 0.999476 0.0323571 0
    outer loop
      vertex 24.3036 17.8888 20.2
      vertex 24.3 18 14.2
      vertex 24.3 18 20.2
    endloop
  endfacet
  facet normal 0.999476 0.0323571 0
    outer loop
      vertex 24.3 18 14.2
      vertex 24.3036 17.8888 20.2
      vertex 24.3036 17.8888 14.2
    endloop
  endfacet
  facet normal 0.956881 -0.290482 0
    outer loop
      vertex 24.3579 18.44 20.2
      vertex 24.3902 18.5464 14.2
      vertex 24.3902 18.5464 20.2
    endloop
  endfacet
  facet normal 0.956881 -0.290482 0
    outer loop
      vertex 24.3902 18.5464 14.2
      vertex 24.3579 18.44 20.2
      vertex 24.3579 18.44 14.2
    endloop
  endfacet
  facet normal 0.986539 -0.163525 0
    outer loop
      vertex 24.3145 18.2219 20.2
      vertex 24.3327 18.3317 14.2
      vertex 24.3327 18.3317 20.2
    endloop
  endfacet
  facet normal 0.986539 -0.163525 0
    outer loop
      vertex 24.3327 18.3317 14.2
      vertex 24.3145 18.2219 20.2
      vertex 24.3145 18.2219 14.2
    endloop
  endfacet
  facet normal 0.84946 -0.527654 0
    outer loop
      vertex 24.5278 18.85 20.2
      vertex 24.5865 18.9445 14.2
      vertex 24.5865 18.9445 20.2
    endloop
  endfacet
  facet normal 0.84946 -0.527654 0
    outer loop
      vertex 24.5865 18.9445 14.2
      vertex 24.5278 18.85 20.2
      vertex 24.5278 18.85 14.2
    endloop
  endfacet
  facet normal 0.163525 -0.986539 0
    outer loop
      vertex 25.6683 19.6673 14.2
      vertex 25.7781 19.6855 20.2
      vertex 25.6683 19.6673 20.2
    endloop
  endfacet
  facet normal 0.163525 -0.986539 0
    outer loop
      vertex 25.7781 19.6855 20.2
      vertex 25.6683 19.6673 14.2
      vertex 25.7781 19.6855 14.2
    endloop
  endfacet
  facet normal 0.582598 -0.81276 0
    outer loop
      vertex 24.9651 19.3487 14.2
      vertex 25.0555 19.4135 20.2
      vertex 24.9651 19.3487 20.2
    endloop
  endfacet
  facet normal 0.582598 -0.81276 0
    outer loop
      vertex 25.0555 19.4135 20.2
      vertex 24.9651 19.3487 14.2
      vertex 25.0555 19.4135 14.2
    endloop
  endfacet
  facet normal 0.634509 -0.772915 0
    outer loop
      vertex 24.8791 19.2781 14.2
      vertex 24.9651 19.3487 20.2
      vertex 24.8791 19.2781 20.2
    endloop
  endfacet
  facet normal 0.634509 -0.772915 0
    outer loop
      vertex 24.9651 19.3487 20.2
      vertex 24.8791 19.2781 14.2
      vertex 24.9651 19.3487 14.2
    endloop
  endfacet
  facet normal 0.527654 -0.84946 0
    outer loop
      vertex 25.0555 19.4135 14.2
      vertex 25.15 19.4722 20.2
      vertex 25.0555 19.4135 20.2
    endloop
  endfacet
  facet normal 0.527654 -0.84946 0
    outer loop
      vertex 25.15 19.4722 20.2
      vertex 25.0555 19.4135 14.2
      vertex 25.15 19.4722 14.2
    endloop
  endfacet
  facet normal -0.999476 -0.0323571 0
    outer loop
      vertex 27.7 18 14.2
      vertex 27.6964 18.1112 20.2
      vertex 27.6964 18.1112 14.2
    endloop
  endfacet
  facet normal -0.999476 -0.0323571 0
    outer loop
      vertex 27.6964 18.1112 20.2
      vertex 27.7 18 14.2
      vertex 27.7 18 20.2
    endloop
  endfacet
  facet normal -0.956881 0.290482 0
    outer loop
      vertex 27.6098 17.4536 14.2
      vertex 27.6421 17.56 20.2
      vertex 27.6421 17.56 14.2
    endloop
  endfacet
  facet normal -0.956881 0.290482 0
    outer loop
      vertex 27.6421 17.56 20.2
      vertex 27.6098 17.4536 14.2
      vertex 27.6098 17.4536 20.2
    endloop
  endfacet
  facet normal 0.772915 0.634509 0
    outer loop
      vertex 24.7219 16.8791 20.2
      vertex 24.6513 16.9651 14.2
      vertex 24.6513 16.9651 20.2
    endloop
  endfacet
  facet normal 0.772915 0.634509 0
    outer loop
      vertex 24.6513 16.9651 14.2
      vertex 24.7219 16.8791 20.2
      vertex 24.7219 16.8791 14.2
    endloop
  endfacet
  facet normal -0.995187 -0.0979904 0
    outer loop
      vertex 27.6964 18.1112 14.2
      vertex 27.6855 18.2219 20.2
      vertex 27.6855 18.2219 14.2
    endloop
  endfacet
  facet normal -0.995187 -0.0979904 0
    outer loop
      vertex 27.6855 18.2219 20.2
      vertex 27.6964 18.1112 14.2
      vertex 27.6964 18.1112 20.2
    endloop
  endfacet
  facet normal -0.910859 -0.412719 0
    outer loop
      vertex 27.5706 18.6506 14.2
      vertex 27.5247 18.7519 20.2
      vertex 27.5247 18.7519 14.2
    endloop
  endfacet
  facet normal -0.910859 -0.412719 0
    outer loop
      vertex 27.5247 18.7519 20.2
      vertex 27.5706 18.6506 14.2
      vertex 27.5706 18.6506 20.2
    endloop
  endfacet
  facet normal -0.97398 -0.226633 0
    outer loop
      vertex 27.6673 18.3317 14.2
      vertex 27.6421 18.44 20.2
      vertex 27.6421 18.44 14.2
    endloop
  endfacet
  facet normal -0.97398 -0.226633 0
    outer loop
      vertex 27.6421 18.44 20.2
      vertex 27.6673 18.3317 14.2
      vertex 27.6673 18.3317 20.2
    endloop
  endfacet
  facet normal -0.84946 -0.527654 0
    outer loop
      vertex 27.4722 18.85 14.2
      vertex 27.4135 18.9445 20.2
      vertex 27.4135 18.9445 14.2
    endloop
  endfacet
  facet normal -0.84946 -0.527654 0
    outer loop
      vertex 27.4135 18.9445 20.2
      vertex 27.4722 18.85 14.2
      vertex 27.4722 18.85 20.2
    endloop
  endfacet
  facet normal -0.683343 -0.730098 0
    outer loop
      vertex 27.1209 19.2781 14.2
      vertex 27.2021 19.2021 20.2
      vertex 27.1209 19.2781 20.2
    endloop
  endfacet
  facet normal -0.683343 -0.730098 -0
    outer loop
      vertex 27.2021 19.2021 20.2
      vertex 27.1209 19.2781 14.2
      vertex 27.2021 19.2021 14.2
    endloop
  endfacet
  facet normal -0.0979904 -0.995187 0
    outer loop
      vertex 26.1112 19.6964 14.2
      vertex 26.2219 19.6855 20.2
      vertex 26.1112 19.6964 20.2
    endloop
  endfacet
  facet normal -0.0979904 -0.995187 -0
    outer loop
      vertex 26.2219 19.6855 20.2
      vertex 26.1112 19.6964 14.2
      vertex 26.2219 19.6855 14.2
    endloop
  endfacet
  facet normal -0.0323571 -0.999476 0
    outer loop
      vertex 26 19.7 14.2
      vertex 26.1112 19.6964 20.2
      vertex 26 19.7 20.2
    endloop
  endfacet
  facet normal -0.0323571 -0.999476 -0
    outer loop
      vertex 26.1112 19.6964 20.2
      vertex 26 19.7 14.2
      vertex 26.1112 19.6964 14.2
    endloop
  endfacet
  facet normal -0.226633 -0.97398 0
    outer loop
      vertex 26.3317 19.6673 14.2
      vertex 26.44 19.6421 20.2
      vertex 26.3317 19.6673 20.2
    endloop
  endfacet
  facet normal -0.226633 -0.97398 -0
    outer loop
      vertex 26.44 19.6421 20.2
      vertex 26.3317 19.6673 14.2
      vertex 26.44 19.6421 14.2
    endloop
  endfacet
  facet normal -0.471847 -0.88168 0
    outer loop
      vertex 26.7519 19.5247 14.2
      vertex 26.85 19.4722 20.2
      vertex 26.7519 19.5247 20.2
    endloop
  endfacet
  facet normal -0.471847 -0.88168 -0
    outer loop
      vertex 26.85 19.4722 20.2
      vertex 26.7519 19.5247 14.2
      vertex 26.85 19.4722 14.2
    endloop
  endfacet
  facet normal -0.412719 -0.910859 0
    outer loop
      vertex 26.6506 19.5706 14.2
      vertex 26.7519 19.5247 20.2
      vertex 26.6506 19.5706 20.2
    endloop
  endfacet
  facet normal -0.412719 -0.910859 -0
    outer loop
      vertex 26.7519 19.5247 20.2
      vertex 26.6506 19.5706 14.2
      vertex 26.7519 19.5247 14.2
    endloop
  endfacet
  facet normal -0.582598 -0.81276 0
    outer loop
      vertex 26.9445 19.4135 14.2
      vertex 27.0349 19.3487 20.2
      vertex 26.9445 19.4135 20.2
    endloop
  endfacet
  facet normal -0.582598 -0.81276 -0
    outer loop
      vertex 27.0349 19.3487 20.2
      vertex 26.9445 19.4135 14.2
      vertex 27.0349 19.3487 14.2
    endloop
  endfacet
  facet normal 0.995187 -0.0979904 0
    outer loop
      vertex 24.3036 18.1112 20.2
      vertex 24.3145 18.2219 14.2
      vertex 24.3145 18.2219 20.2
    endloop
  endfacet
  facet normal 0.995187 -0.0979904 0
    outer loop
      vertex 24.3145 18.2219 14.2
      vertex 24.3036 18.1112 20.2
      vertex 24.3036 18.1112 14.2
    endloop
  endfacet
  facet normal 0.999476 -0.0323571 0
    outer loop
      vertex 24.3 18 20.2
      vertex 24.3036 18.1112 14.2
      vertex 24.3036 18.1112 20.2
    endloop
  endfacet
  facet normal 0.999476 -0.0323571 0
    outer loop
      vertex 24.3036 18.1112 14.2
      vertex 24.3 18 20.2
      vertex 24.3 18 14.2
    endloop
  endfacet
  facet normal 0.97398 -0.226633 0
    outer loop
      vertex 24.3327 18.3317 20.2
      vertex 24.3579 18.44 14.2
      vertex 24.3579 18.44 20.2
    endloop
  endfacet
  facet normal 0.97398 -0.226633 0
    outer loop
      vertex 24.3579 18.44 14.2
      vertex 24.3327 18.3317 20.2
      vertex 24.3327 18.3317 14.2
    endloop
  endfacet
  facet normal 0.88168 -0.471847 0
    outer loop
      vertex 24.4753 18.7519 20.2
      vertex 24.5278 18.85 14.2
      vertex 24.5278 18.85 20.2
    endloop
  endfacet
  facet normal 0.88168 -0.471847 0
    outer loop
      vertex 24.5278 18.85 14.2
      vertex 24.4753 18.7519 20.2
      vertex 24.4753 18.7519 14.2
    endloop
  endfacet
  facet normal 0.910859 -0.412719 0
    outer loop
      vertex 24.4294 18.6506 20.2
      vertex 24.4753 18.7519 14.2
      vertex 24.4753 18.7519 20.2
    endloop
  endfacet
  facet normal 0.910859 -0.412719 0
    outer loop
      vertex 24.4753 18.7519 14.2
      vertex 24.4294 18.6506 20.2
      vertex 24.4294 18.6506 14.2
    endloop
  endfacet
  facet normal 0.81276 -0.582598 0
    outer loop
      vertex 24.5865 18.9445 20.2
      vertex 24.6513 19.0349 14.2
      vertex 24.6513 19.0349 20.2
    endloop
  endfacet
  facet normal 0.81276 -0.582598 0
    outer loop
      vertex 24.6513 19.0349 14.2
      vertex 24.5865 18.9445 20.2
      vertex 24.5865 18.9445 14.2
    endloop
  endfacet
  facet normal 0.290482 -0.956881 0
    outer loop
      vertex 25.4536 19.6098 14.2
      vertex 25.56 19.6421 20.2
      vertex 25.4536 19.6098 20.2
    endloop
  endfacet
  facet normal 0.290482 -0.956881 0
    outer loop
      vertex 25.56 19.6421 20.2
      vertex 25.4536 19.6098 14.2
      vertex 25.56 19.6421 14.2
    endloop
  endfacet
  facet normal 0.352108 -0.93596 0
    outer loop
      vertex 25.3494 19.5706 14.2
      vertex 25.4536 19.6098 20.2
      vertex 25.3494 19.5706 20.2
    endloop
  endfacet
  facet normal 0.352108 -0.93596 0
    outer loop
      vertex 25.4536 19.6098 20.2
      vertex 25.3494 19.5706 14.2
      vertex 25.4536 19.6098 14.2
    endloop
  endfacet
  facet normal 0.0979904 -0.995187 0
    outer loop
      vertex 25.7781 19.6855 14.2
      vertex 25.8888 19.6964 20.2
      vertex 25.7781 19.6855 20.2
    endloop
  endfacet
  facet normal 0.0979904 -0.995187 0
    outer loop
      vertex 25.8888 19.6964 20.2
      vertex 25.7781 19.6855 14.2
      vertex 25.8888 19.6964 14.2
    endloop
  endfacet
  facet normal 0.471847 -0.88168 0
    outer loop
      vertex 25.15 19.4722 14.2
      vertex 25.2481 19.5247 20.2
      vertex 25.15 19.4722 20.2
    endloop
  endfacet
  facet normal 0.471847 -0.88168 0
    outer loop
      vertex 25.2481 19.5247 20.2
      vertex 25.15 19.4722 14.2
      vertex 25.2481 19.5247 14.2
    endloop
  endfacet
  facet normal 0.683343 -0.730098 0
    outer loop
      vertex 24.7979 19.2021 14.2
      vertex 24.8791 19.2781 20.2
      vertex 24.7979 19.2021 20.2
    endloop
  endfacet
  facet normal 0.683343 -0.730098 0
    outer loop
      vertex 24.8791 19.2781 20.2
      vertex 24.7979 19.2021 14.2
      vertex 24.8791 19.2781 14.2
    endloop
  endfacet
  facet normal 0.730098 -0.683343 0
    outer loop
      vertex 24.7219 19.1209 20.2
      vertex 24.7979 19.2021 14.2
      vertex 24.7979 19.2021 20.2
    endloop
  endfacet
  facet normal 0.730098 -0.683343 0
    outer loop
      vertex 24.7979 19.2021 14.2
      vertex 24.7219 19.1209 20.2
      vertex 24.7219 19.1209 14.2
    endloop
  endfacet
  facet normal -0.999476 0.0323571 0
    outer loop
      vertex 27.6964 17.8888 14.2
      vertex 27.7 18 20.2
      vertex 27.7 18 14.2
    endloop
  endfacet
  facet normal -0.999476 0.0323571 0
    outer loop
      vertex 27.7 18 20.2
      vertex 27.6964 17.8888 14.2
      vertex 27.6964 17.8888 20.2
    endloop
  endfacet
  facet normal -0.93596 0.352108 0
    outer loop
      vertex 27.5706 17.3494 14.2
      vertex 27.6098 17.4536 20.2
      vertex 27.6098 17.4536 14.2
    endloop
  endfacet
  facet normal -0.93596 0.352108 0
    outer loop
      vertex 27.6098 17.4536 20.2
      vertex 27.5706 17.3494 14.2
      vertex 27.5706 17.3494 20.2
    endloop
  endfacet
  facet normal -0.683343 0.730098 0
    outer loop
      vertex 27.2021 16.7979 14.2
      vertex 27.1209 16.7219 20.2
      vertex 27.2021 16.7979 20.2
    endloop
  endfacet
  facet normal -0.683343 0.730098 0
    outer loop
      vertex 27.1209 16.7219 20.2
      vertex 27.2021 16.7979 14.2
      vertex 27.1209 16.7219 14.2
    endloop
  endfacet
  facet normal -0.772915 0.634509 0
    outer loop
      vertex 27.2781 16.8791 14.2
      vertex 27.3487 16.9651 20.2
      vertex 27.3487 16.9651 14.2
    endloop
  endfacet
  facet normal -0.772915 0.634509 0
    outer loop
      vertex 27.3487 16.9651 20.2
      vertex 27.2781 16.8791 14.2
      vertex 27.2781 16.8791 20.2
    endloop
  endfacet
  facet normal -0.0323571 0.999476 0
    outer loop
      vertex 26.1112 16.3036 14.2
      vertex 26 16.3 20.2
      vertex 26.1112 16.3036 20.2
    endloop
  endfacet
  facet normal -0.0323571 0.999476 0
    outer loop
      vertex 26 16.3 20.2
      vertex 26.1112 16.3036 14.2
      vertex 26 16.3 14.2
    endloop
  endfacet
  facet normal 0.97398 0.226633 0
    outer loop
      vertex 24.3579 17.56 20.2
      vertex 24.3327 17.6683 14.2
      vertex 24.3327 17.6683 20.2
    endloop
  endfacet
  facet normal 0.97398 0.226633 0
    outer loop
      vertex 24.3327 17.6683 14.2
      vertex 24.3579 17.56 20.2
      vertex 24.3579 17.56 14.2
    endloop
  endfacet
  facet normal 0.910859 0.412719 0
    outer loop
      vertex 24.4753 17.2481 20.2
      vertex 24.4294 17.3494 14.2
      vertex 24.4294 17.3494 20.2
    endloop
  endfacet
  facet normal 0.910859 0.412719 0
    outer loop
      vertex 24.4294 17.3494 14.2
      vertex 24.4753 17.2481 20.2
      vertex 24.4753 17.2481 14.2
    endloop
  endfacet
  facet normal 0.956881 0.290482 0
    outer loop
      vertex 24.3902 17.4536 20.2
      vertex 24.3579 17.56 14.2
      vertex 24.3579 17.56 20.2
    endloop
  endfacet
  facet normal 0.956881 0.290482 0
    outer loop
      vertex 24.3579 17.56 14.2
      vertex 24.3902 17.4536 20.2
      vertex 24.3902 17.4536 14.2
    endloop
  endfacet
  facet normal 0.730098 0.683343 0
    outer loop
      vertex 24.7979 16.7979 20.2
      vertex 24.7219 16.8791 14.2
      vertex 24.7219 16.8791 20.2
    endloop
  endfacet
  facet normal 0.730098 0.683343 0
    outer loop
      vertex 24.7219 16.8791 14.2
      vertex 24.7979 16.7979 20.2
      vertex 24.7979 16.7979 14.2
    endloop
  endfacet
  facet normal -0.0979904 0.995187 0
    outer loop
      vertex 26.2219 16.3145 14.2
      vertex 26.1112 16.3036 20.2
      vertex 26.2219 16.3145 20.2
    endloop
  endfacet
  facet normal -0.0979904 0.995187 0
    outer loop
      vertex 26.1112 16.3036 20.2
      vertex 26.2219 16.3145 14.2
      vertex 26.1112 16.3036 14.2
    endloop
  endfacet
  facet normal -0.290482 0.956881 0
    outer loop
      vertex 26.5464 16.3902 14.2
      vertex 26.44 16.3579 20.2
      vertex 26.5464 16.3902 20.2
    endloop
  endfacet
  facet normal -0.290482 0.956881 0
    outer loop
      vertex 26.44 16.3579 20.2
      vertex 26.5464 16.3902 14.2
      vertex 26.44 16.3579 14.2
    endloop
  endfacet
  facet normal -0.412719 0.910859 0
    outer loop
      vertex 26.7519 16.4753 14.2
      vertex 26.6506 16.4294 20.2
      vertex 26.7519 16.4753 20.2
    endloop
  endfacet
  facet normal -0.412719 0.910859 0
    outer loop
      vertex 26.6506 16.4294 20.2
      vertex 26.7519 16.4753 14.2
      vertex 26.6506 16.4294 14.2
    endloop
  endfacet
  facet normal -0.956881 -0.290482 0
    outer loop
      vertex 27.6421 18.44 14.2
      vertex 27.6098 18.5464 20.2
      vertex 27.6098 18.5464 14.2
    endloop
  endfacet
  facet normal -0.956881 -0.290482 0
    outer loop
      vertex 27.6098 18.5464 20.2
      vertex 27.6421 18.44 14.2
      vertex 27.6421 18.44 20.2
    endloop
  endfacet
  facet normal -0.986539 -0.163525 0
    outer loop
      vertex 27.6855 18.2219 14.2
      vertex 27.6673 18.3317 20.2
      vertex 27.6673 18.3317 14.2
    endloop
  endfacet
  facet normal -0.986539 -0.163525 0
    outer loop
      vertex 27.6673 18.3317 20.2
      vertex 27.6855 18.2219 14.2
      vertex 27.6855 18.2219 20.2
    endloop
  endfacet
  facet normal -0.730098 -0.683343 0
    outer loop
      vertex 27.2781 19.1209 14.2
      vertex 27.2021 19.2021 20.2
      vertex 27.2021 19.2021 14.2
    endloop
  endfacet
  facet normal -0.730098 -0.683343 0
    outer loop
      vertex 27.2021 19.2021 20.2
      vertex 27.2781 19.1209 14.2
      vertex 27.2781 19.1209 20.2
    endloop
  endfacet
  facet normal -0.97398 0.226633 0
    outer loop
      vertex 27.6421 17.56 14.2
      vertex 27.6673 17.6683 20.2
      vertex 27.6673 17.6683 14.2
    endloop
  endfacet
  facet normal -0.97398 0.226633 0
    outer loop
      vertex 27.6673 17.6683 20.2
      vertex 27.6421 17.56 14.2
      vertex 27.6421 17.56 20.2
    endloop
  endfacet
  facet normal -0.582598 0.81276 0
    outer loop
      vertex 27.0349 16.6513 14.2
      vertex 26.9445 16.5865 20.2
      vertex 27.0349 16.6513 20.2
    endloop
  endfacet
  facet normal -0.582598 0.81276 0
    outer loop
      vertex 26.9445 16.5865 20.2
      vertex 27.0349 16.6513 14.2
      vertex 26.9445 16.5865 14.2
    endloop
  endfacet
  facet normal -0.634509 0.772915 0
    outer loop
      vertex 27.1209 16.7219 14.2
      vertex 27.0349 16.6513 20.2
      vertex 27.1209 16.7219 20.2
    endloop
  endfacet
  facet normal -0.634509 0.772915 0
    outer loop
      vertex 27.0349 16.6513 20.2
      vertex 27.1209 16.7219 14.2
      vertex 27.0349 16.6513 14.2
    endloop
  endfacet
  facet normal -0.81276 0.582598 0
    outer loop
      vertex 27.3487 16.9651 14.2
      vertex 27.4135 17.0555 20.2
      vertex 27.4135 17.0555 14.2
    endloop
  endfacet
  facet normal -0.81276 0.582598 0
    outer loop
      vertex 27.4135 17.0555 20.2
      vertex 27.3487 16.9651 14.2
      vertex 27.3487 16.9651 20.2
    endloop
  endfacet
  facet normal -0.84946 0.527654 0
    outer loop
      vertex 27.4135 17.0555 14.2
      vertex 27.4722 17.15 20.2
      vertex 27.4722 17.15 14.2
    endloop
  endfacet
  facet normal -0.84946 0.527654 0
    outer loop
      vertex 27.4722 17.15 20.2
      vertex 27.4135 17.0555 14.2
      vertex 27.4135 17.0555 20.2
    endloop
  endfacet
  facet normal 0.471847 0.88168 -0
    outer loop
      vertex 25.2481 16.4753 14.2
      vertex 25.15 16.5278 20.2
      vertex 25.2481 16.4753 20.2
    endloop
  endfacet
  facet normal 0.471847 0.88168 0
    outer loop
      vertex 25.15 16.5278 20.2
      vertex 25.2481 16.4753 14.2
      vertex 25.15 16.5278 14.2
    endloop
  endfacet
  facet normal 0.290482 0.956881 -0
    outer loop
      vertex 25.56 16.3579 14.2
      vertex 25.4536 16.3902 20.2
      vertex 25.56 16.3579 20.2
    endloop
  endfacet
  facet normal 0.290482 0.956881 0
    outer loop
      vertex 25.4536 16.3902 20.2
      vertex 25.56 16.3579 14.2
      vertex 25.4536 16.3902 14.2
    endloop
  endfacet
  facet normal 0.0979904 0.995187 -0
    outer loop
      vertex 25.8888 16.3036 14.2
      vertex 25.7781 16.3145 20.2
      vertex 25.8888 16.3036 20.2
    endloop
  endfacet
  facet normal 0.0979904 0.995187 0
    outer loop
      vertex 25.7781 16.3145 20.2
      vertex 25.8888 16.3036 14.2
      vertex 25.7781 16.3145 14.2
    endloop
  endfacet
  facet normal 0.995187 0.0979904 0
    outer loop
      vertex 24.3145 17.7781 20.2
      vertex 24.3036 17.8888 14.2
      vertex 24.3036 17.8888 20.2
    endloop
  endfacet
  facet normal 0.995187 0.0979904 0
    outer loop
      vertex 24.3036 17.8888 14.2
      vertex 24.3145 17.7781 20.2
      vertex 24.3145 17.7781 14.2
    endloop
  endfacet
  facet normal 0.93596 0.352108 0
    outer loop
      vertex 24.4294 17.3494 20.2
      vertex 24.3902 17.4536 14.2
      vertex 24.3902 17.4536 20.2
    endloop
  endfacet
  facet normal 0.93596 0.352108 0
    outer loop
      vertex 24.3902 17.4536 14.2
      vertex 24.4294 17.3494 20.2
      vertex 24.4294 17.3494 14.2
    endloop
  endfacet
  facet normal 0.81276 0.582598 0
    outer loop
      vertex 24.6513 16.9651 20.2
      vertex 24.5865 17.0555 14.2
      vertex 24.5865 17.0555 20.2
    endloop
  endfacet
  facet normal 0.81276 0.582598 0
    outer loop
      vertex 24.5865 17.0555 14.2
      vertex 24.6513 16.9651 20.2
      vertex 24.6513 16.9651 14.2
    endloop
  endfacet
  facet normal 0.683343 0.730098 -0
    outer loop
      vertex 24.8791 16.7219 14.2
      vertex 24.7979 16.7979 20.2
      vertex 24.8791 16.7219 20.2
    endloop
  endfacet
  facet normal 0.683343 0.730098 0
    outer loop
      vertex 24.7979 16.7979 20.2
      vertex 24.8791 16.7219 14.2
      vertex 24.7979 16.7979 14.2
    endloop
  endfacet
  facet normal -0.226633 0.97398 0
    outer loop
      vertex 26.44 16.3579 14.2
      vertex 26.3317 16.3327 20.2
      vertex 26.44 16.3579 20.2
    endloop
  endfacet
  facet normal -0.226633 0.97398 0
    outer loop
      vertex 26.3317 16.3327 20.2
      vertex 26.44 16.3579 14.2
      vertex 26.3317 16.3327 14.2
    endloop
  endfacet
  facet normal -0.163525 0.986539 0
    outer loop
      vertex 26.3317 16.3327 14.2
      vertex 26.2219 16.3145 20.2
      vertex 26.3317 16.3327 20.2
    endloop
  endfacet
  facet normal -0.163525 0.986539 0
    outer loop
      vertex 26.2219 16.3145 20.2
      vertex 26.3317 16.3327 14.2
      vertex 26.2219 16.3145 14.2
    endloop
  endfacet
  facet normal -0.352108 0.93596 0
    outer loop
      vertex 26.6506 16.4294 14.2
      vertex 26.5464 16.3902 20.2
      vertex 26.6506 16.4294 20.2
    endloop
  endfacet
  facet normal -0.352108 0.93596 0
    outer loop
      vertex 26.5464 16.3902 20.2
      vertex 26.6506 16.4294 14.2
      vertex 26.5464 16.3902 14.2
    endloop
  endfacet
  facet normal -0.986539 0.163525 0
    outer loop
      vertex 27.6673 17.6683 14.2
      vertex 27.6855 17.7781 20.2
      vertex 27.6855 17.7781 14.2
    endloop
  endfacet
  facet normal -0.986539 0.163525 0
    outer loop
      vertex 27.6855 17.7781 20.2
      vertex 27.6673 17.6683 14.2
      vertex 27.6673 17.6683 20.2
    endloop
  endfacet
  facet normal -0.910859 0.412719 0
    outer loop
      vertex 27.5247 17.2481 14.2
      vertex 27.5706 17.3494 20.2
      vertex 27.5706 17.3494 14.2
    endloop
  endfacet
  facet normal -0.910859 0.412719 0
    outer loop
      vertex 27.5706 17.3494 20.2
      vertex 27.5247 17.2481 14.2
      vertex 27.5247 17.2481 20.2
    endloop
  endfacet
  facet normal -0.88168 0.471847 0
    outer loop
      vertex 27.4722 17.15 14.2
      vertex 27.5247 17.2481 20.2
      vertex 27.5247 17.2481 14.2
    endloop
  endfacet
  facet normal -0.88168 0.471847 0
    outer loop
      vertex 27.5247 17.2481 20.2
      vertex 27.4722 17.15 14.2
      vertex 27.4722 17.15 20.2
    endloop
  endfacet
  facet normal -0.730098 0.683343 0
    outer loop
      vertex 27.2021 16.7979 14.2
      vertex 27.2781 16.8791 20.2
      vertex 27.2781 16.8791 14.2
    endloop
  endfacet
  facet normal -0.730098 0.683343 0
    outer loop
      vertex 27.2781 16.8791 20.2
      vertex 27.2021 16.7979 14.2
      vertex 27.2021 16.7979 20.2
    endloop
  endfacet
  facet normal -0.527654 0.84946 0
    outer loop
      vertex 26.9445 16.5865 14.2
      vertex 26.85 16.5278 20.2
      vertex 26.9445 16.5865 20.2
    endloop
  endfacet
  facet normal -0.527654 0.84946 0
    outer loop
      vertex 26.85 16.5278 20.2
      vertex 26.9445 16.5865 14.2
      vertex 26.85 16.5278 14.2
    endloop
  endfacet
  facet normal -0.471847 0.88168 0
    outer loop
      vertex 26.85 16.5278 14.2
      vertex 26.7519 16.4753 20.2
      vertex 26.85 16.5278 20.2
    endloop
  endfacet
  facet normal -0.471847 0.88168 0
    outer loop
      vertex 26.7519 16.4753 20.2
      vertex 26.85 16.5278 14.2
      vertex 26.7519 16.4753 14.2
    endloop
  endfacet
  facet normal 0.0323571 0.999476 -0
    outer loop
      vertex 26 16.3 14.2
      vertex 25.8888 16.3036 20.2
      vertex 26 16.3 20.2
    endloop
  endfacet
  facet normal 0.0323571 0.999476 0
    outer loop
      vertex 25.8888 16.3036 20.2
      vertex 26 16.3 14.2
      vertex 25.8888 16.3036 14.2
    endloop
  endfacet
  facet normal 0.582598 0.81276 -0
    outer loop
      vertex 25.0555 16.5865 14.2
      vertex 24.9651 16.6513 20.2
      vertex 25.0555 16.5865 20.2
    endloop
  endfacet
  facet normal 0.582598 0.81276 0
    outer loop
      vertex 24.9651 16.6513 20.2
      vertex 25.0555 16.5865 14.2
      vertex 24.9651 16.6513 14.2
    endloop
  endfacet
  facet normal 0.352108 0.93596 -0
    outer loop
      vertex 25.4536 16.3902 14.2
      vertex 25.3494 16.4294 20.2
      vertex 25.4536 16.3902 20.2
    endloop
  endfacet
  facet normal 0.352108 0.93596 0
    outer loop
      vertex 25.3494 16.4294 20.2
      vertex 25.4536 16.3902 14.2
      vertex 25.3494 16.4294 14.2
    endloop
  endfacet
  facet normal 0.226633 0.97398 -0
    outer loop
      vertex 25.6683 16.3327 14.2
      vertex 25.56 16.3579 20.2
      vertex 25.6683 16.3327 20.2
    endloop
  endfacet
  facet normal 0.226633 0.97398 0
    outer loop
      vertex 25.56 16.3579 20.2
      vertex 25.6683 16.3327 14.2
      vertex 25.56 16.3579 14.2
    endloop
  endfacet
  facet normal 0.986539 0.163525 0
    outer loop
      vertex 24.3327 17.6683 20.2
      vertex 24.3145 17.7781 14.2
      vertex 24.3145 17.7781 20.2
    endloop
  endfacet
  facet normal 0.986539 0.163525 0
    outer loop
      vertex 24.3145 17.7781 14.2
      vertex 24.3327 17.6683 20.2
      vertex 24.3327 17.6683 14.2
    endloop
  endfacet
  facet normal 0.84946 0.527654 0
    outer loop
      vertex 24.5865 17.0555 20.2
      vertex 24.5278 17.15 14.2
      vertex 24.5278 17.15 20.2
    endloop
  endfacet
  facet normal 0.84946 0.527654 0
    outer loop
      vertex 24.5278 17.15 14.2
      vertex 24.5865 17.0555 20.2
      vertex 24.5865 17.0555 14.2
    endloop
  endfacet
  facet normal 0.88168 0.471847 0
    outer loop
      vertex 24.5278 17.15 20.2
      vertex 24.4753 17.2481 14.2
      vertex 24.4753 17.2481 20.2
    endloop
  endfacet
  facet normal 0.88168 0.471847 0
    outer loop
      vertex 24.4753 17.2481 14.2
      vertex 24.5278 17.15 20.2
      vertex 24.5278 17.15 14.2
    endloop
  endfacet
  facet normal 0.527654 0.84946 -0
    outer loop
      vertex 25.15 16.5278 14.2
      vertex 25.0555 16.5865 20.2
      vertex 25.15 16.5278 20.2
    endloop
  endfacet
  facet normal 0.527654 0.84946 0
    outer loop
      vertex 25.0555 16.5865 20.2
      vertex 25.15 16.5278 14.2
      vertex 25.0555 16.5865 14.2
    endloop
  endfacet
  facet normal 0.412719 0.910859 -0
    outer loop
      vertex 25.3494 16.4294 14.2
      vertex 25.2481 16.4753 20.2
      vertex 25.3494 16.4294 20.2
    endloop
  endfacet
  facet normal 0.412719 0.910859 0
    outer loop
      vertex 25.2481 16.4753 20.2
      vertex 25.3494 16.4294 14.2
      vertex 25.2481 16.4753 14.2
    endloop
  endfacet
  facet normal 0.163525 0.986539 -0
    outer loop
      vertex 25.7781 16.3145 14.2
      vertex 25.6683 16.3327 20.2
      vertex 25.7781 16.3145 20.2
    endloop
  endfacet
  facet normal 0.163525 0.986539 0
    outer loop
      vertex 25.6683 16.3327 20.2
      vertex 25.7781 16.3145 14.2
      vertex 25.6683 16.3327 14.2
    endloop
  endfacet
endsolid OpenSCAD_Model
