solid OpenSCAD_Model
  facet normal 0 0 -1
    outer loop
      vertex 36.6964 0.111185 0
      vertex 102 23 0
      vertex 36.7 0 0
    endloop
  endfacet
  facet normal 0 0 -1
    outer loop
      vertex 36.6855 0.221894 0
      vertex 102 23 0
      vertex 36.6964 0.111185 0
    endloop
  endfacet
  facet normal 0 0 -1
    outer loop
      vertex 36.6673 0.331653 0
      vertex 102 23 0
      vertex 36.6855 0.221894 0
    endloop
  endfacet
  facet normal 0 0 -1
    outer loop
      vertex 36.6421 0.439992 0
      vertex 102 23 0
      vertex 36.6673 0.331653 0
    endloop
  endfacet
  facet normal 0 0 -1
    outer loop
      vertex 36.6098 0.546447 0
      vertex 102 23 0
      vertex 36.6421 0.439992 0
    endloop
  endfacet
  facet normal 0 0 -1
    outer loop
      vertex 36.5706 0.650561 0
      vertex 102 23 0
      vertex 36.6098 0.546447 0
    endloop
  endfacet
  facet normal 0 0 -1
    outer loop
      vertex 36.5247 0.75189 0
      vertex 102 23 0
      vertex 36.5706 0.650561 0
    endloop
  endfacet
  facet normal 0 0 -1
    outer loop
      vertex 36.4722 0.849999 0
      vertex 102 23 0
      vertex 36.5247 0.75189 0
    endloop
  endfacet
  facet normal 0 0 -1
    outer loop
      vertex 36.4135 0.944468 0
      vertex 102 23 0
      vertex 36.4722 0.849999 0
    endloop
  endfacet
  facet normal 0 0 -1
    outer loop
      vertex 36.3487 1.03489 0
      vertex 102 23 0
      vertex 36.4135 0.944468 0
    endloop
  endfacet
  facet normal 0 0 -1
    outer loop
      vertex 36.2781 1.12089 0
      vertex 102 23 0
      vertex 36.3487 1.03489 0
    endloop
  endfacet
  facet normal 0 0 -1
    outer loop
      vertex 36.2021 1.20208 0
      vertex 102 23 0
      vertex 36.2781 1.12089 0
    endloop
  endfacet
  facet normal 0 0 -1
    outer loop
      vertex 36.1209 1.27813 0
      vertex 102 23 0
      vertex 36.2021 1.20208 0
    endloop
  endfacet
  facet normal 0 0 -1
    outer loop
      vertex 36.0349 1.3487 0
      vertex 102 23 0
      vertex 36.1209 1.27813 0
    endloop
  endfacet
  facet normal 0 0 -1
    outer loop
      vertex 35.9445 1.4135 0
      vertex 102 23 0
      vertex 36.0349 1.3487 0
    endloop
  endfacet
  facet normal 0 0 -1
    outer loop
      vertex 35.85 1.47224 0
      vertex 102 23 0
      vertex 35.9445 1.4135 0
    endloop
  endfacet
  facet normal 0 0 -1
    outer loop
      vertex 35.7519 1.52468 0
      vertex 102 23 0
      vertex 35.85 1.47224 0
    endloop
  endfacet
  facet normal 0 0 -1
    outer loop
      vertex 35.6506 1.57059 0
      vertex 102 23 0
      vertex 35.7519 1.52468 0
    endloop
  endfacet
  facet normal 0 0 -1
    outer loop
      vertex 35.5464 1.60978 0
      vertex 102 23 0
      vertex 35.6506 1.57059 0
    endloop
  endfacet
  facet normal 0 0 -1
    outer loop
      vertex 35.44 1.64207 0
      vertex 102 23 0
      vertex 35.5464 1.60978 0
    endloop
  endfacet
  facet normal 0 0 -1
    outer loop
      vertex 35.3317 1.66733 0
      vertex 102 23 0
      vertex 35.44 1.64207 0
    endloop
  endfacet
  facet normal 0 0 -1
    outer loop
      vertex 35.2219 1.68546 0
      vertex 102 23 0
      vertex 35.3317 1.66733 0
    endloop
  endfacet
  facet normal 0 0 -1
    outer loop
      vertex -1.04645 15.9657 0
      vertex 35.2219 1.68546 0
      vertex 35.1112 1.69636 0
    endloop
  endfacet
  facet normal 0 0 -1
    outer loop
      vertex -1.04645 15.9657 0
      vertex 35.1112 1.69636 0
      vertex 35 1.7 0
    endloop
  endfacet
  facet normal 0 0 -1
    outer loop
      vertex -1.04645 15.9657 0
      vertex 35 1.7 0
      vertex 34.8888 1.69636 0
    endloop
  endfacet
  facet normal 0 0 -1
    outer loop
      vertex -1.04645 15.9657 0
      vertex 34.8888 1.69636 0
      vertex 34.7781 1.68546 0
    endloop
  endfacet
  facet normal 0 0 -1
    outer loop
      vertex -1.04645 15.9657 0
      vertex 34.7781 1.68546 0
      vertex 34.6683 1.66733 0
    endloop
  endfacet
  facet normal 0 0 -1
    outer loop
      vertex -1.04645 15.9657 0
      vertex 34.6683 1.66733 0
      vertex 34.56 1.64207 0
    endloop
  endfacet
  facet normal 0 0 -1
    outer loop
      vertex -1.04645 15.9657 0
      vertex 34.56 1.64207 0
      vertex 34.4536 1.60978 0
    endloop
  endfacet
  facet normal 0 0 -1
    outer loop
      vertex 8.1 0 0
      vertex 33.3036 0.111185 0
      vertex 33.3 0 0
    endloop
  endfacet
  facet normal 0 0 -1
    outer loop
      vertex 8.08266 0.529765 0
      vertex 33.3036 0.111185 0
      vertex 8.1 0 0
    endloop
  endfacet
  facet normal 0 0 -1
    outer loop
      vertex 33.3036 0.111185 0
      vertex 8.08266 0.529765 0
      vertex 33.3145 0.221894 0
    endloop
  endfacet
  facet normal 0 0 -1
    outer loop
      vertex 8.0307 1.05726 0
      vertex 33.3145 0.221894 0
      vertex 8.08266 0.529765 0
    endloop
  endfacet
  facet normal 0 0 -1
    outer loop
      vertex 33.3145 0.221894 0
      vertex 8.0307 1.05726 0
      vertex 33.3327 0.331653 0
    endloop
  endfacet
  facet normal 0 0 -1
    outer loop
      vertex 33.3327 0.331653 0
      vertex 8.0307 1.05726 0
      vertex 33.3579 0.439992 0
    endloop
  endfacet
  facet normal 0 0 -1
    outer loop
      vertex 7.94436 1.58023 0
      vertex 33.3579 0.439992 0
      vertex 8.0307 1.05726 0
    endloop
  endfacet
  facet normal 0 0 -1
    outer loop
      vertex 33.3579 0.439992 0
      vertex 7.94436 1.58023 0
      vertex 33.3902 0.546447 0
    endloop
  endfacet
  facet normal 0 0 -1
    outer loop
      vertex 7.824 2.09643 0
      vertex 33.3902 0.546447 0
      vertex 7.94436 1.58023 0
    endloop
  endfacet
  facet normal 0 0 -1
    outer loop
      vertex 33.3902 0.546447 0
      vertex 7.824 2.09643 0
      vertex 33.4294 0.650561 0
    endloop
  endfacet
  facet normal 0 0 -1
    outer loop
      vertex 33.4294 0.650561 0
      vertex 7.824 2.09643 0
      vertex 33.4753 0.75189 0
    endloop
  endfacet
  facet normal 0 0 -1
    outer loop
      vertex 7.67013 2.60366 0
      vertex 33.4753 0.75189 0
      vertex 7.824 2.09643 0
    endloop
  endfacet
  facet normal 0 0 -1
    outer loop
      vertex 33.4753 0.75189 0
      vertex 7.67013 2.60366 0
      vertex 33.5278 0.849999 0
    endloop
  endfacet
  facet normal 0 0 -1
    outer loop
      vertex 7.48342 3.09974 0
      vertex 33.5278 0.849999 0
      vertex 7.67013 2.60366 0
    endloop
  endfacet
  facet normal 0 0 -1
    outer loop
      vertex 33.5278 0.849999 0
      vertex 7.48342 3.09974 0
      vertex 33.5865 0.944468 0
    endloop
  endfacet
  facet normal 0 0 -1
    outer loop
      vertex 7.26467 3.58254 0
      vertex 33.5865 0.944468 0
      vertex 7.48342 3.09974 0
    endloop
  endfacet
  facet normal 0 0 -1
    outer loop
      vertex 33.5865 0.944468 0
      vertex 7.26467 3.58254 0
      vertex 33.6513 1.03489 0
    endloop
  endfacet
  facet normal 0 0 -1
    outer loop
      vertex 33.6513 1.03489 0
      vertex 7.26467 3.58254 0
      vertex 33.7219 1.12089 0
    endloop
  endfacet
  facet normal 0 0 -1
    outer loop
      vertex 7.0148 4.05 0
      vertex 33.7219 1.12089 0
      vertex 7.26467 3.58254 0
    endloop
  endfacet
  facet normal 0 0 -1
    outer loop
      vertex 33.7219 1.12089 0
      vertex 7.0148 4.05 0
      vertex 33.7979 1.20208 0
    endloop
  endfacet
  facet normal 0 0 -1
    outer loop
      vertex 6.7349 4.50012 0
      vertex 33.7979 1.20208 0
      vertex 7.0148 4.05 0
    endloop
  endfacet
  facet normal 0 0 -1
    outer loop
      vertex 33.7979 1.20208 0
      vertex 6.7349 4.50012 0
      vertex 33.8791 1.27813 0
    endloop
  endfacet
  facet normal 0 0 -1
    outer loop
      vertex 6.42616 4.93097 0
      vertex 33.8791 1.27813 0
      vertex 6.7349 4.50012 0
    endloop
  endfacet
  facet normal 0 0 -1
    outer loop
      vertex 33.8791 1.27813 0
      vertex 6.42616 4.93097 0
      vertex 33.9651 1.3487 0
    endloop
  endfacet
  facet normal 0 0 -1
    outer loop
      vertex 33.9651 1.3487 0
      vertex 6.42616 4.93097 0
      vertex 34.0555 1.4135 0
    endloop
  endfacet
  facet normal 0 0 -1
    outer loop
      vertex 6.0899 5.3407 0
      vertex 34.0555 1.4135 0
      vertex 6.42616 4.93097 0
    endloop
  endfacet
  facet normal 0 0 -1
    outer loop
      vertex 34.0555 1.4135 0
      vertex 6.0899 5.3407 0
      vertex 34.15 1.47224 0
    endloop
  endfacet
  facet normal 0 0 -1
    outer loop
      vertex 5.72756 5.72756 0
      vertex 34.15 1.47224 0
      vertex 6.0899 5.3407 0
    endloop
  endfacet
  facet normal 0 0 -1
    outer loop
      vertex 34.15 1.47224 0
      vertex 5.72756 5.72756 0
      vertex 34.2481 1.52468 0
    endloop
  endfacet
  facet normal 0 0 -1
    outer loop
      vertex -1.04645 15.9657 0
      vertex 34.2481 1.52468 0
      vertex 5.72756 5.72756 0
    endloop
  endfacet
  facet normal 0 0 -1
    outer loop
      vertex 34.2481 1.52468 0
      vertex -1.04645 15.9657 0
      vertex 34.3494 1.57059 0
    endloop
  endfacet
  facet normal 0 0 -1
    outer loop
      vertex 34.3494 1.57059 0
      vertex -1.04645 15.9657 0
      vertex 34.4536 1.60978 0
    endloop
  endfacet
  facet normal 0 0 -1
    outer loop
      vertex -1.04645 15.9657 0
      vertex 5.72756 5.72756 0
      vertex 5.3407 6.0899 0
    endloop
  endfacet
  facet normal 0 0 -1
    outer loop
      vertex -1.04645 15.9657 0
      vertex 5.3407 6.0899 0
      vertex 4.93097 6.42616 0
    endloop
  endfacet
  facet normal 0 0 -1
    outer loop
      vertex -1.04645 15.9657 0
      vertex 4.93097 6.42616 0
      vertex 4.50012 6.7349 0
    endloop
  endfacet
  facet normal 0 0 -1
    outer loop
      vertex -1.04645 15.9657 0
      vertex 4.50012 6.7349 0
      vertex 4.05 7.0148 0
    endloop
  endfacet
  facet normal 0 0 -1
    outer loop
      vertex -1.04645 15.9657 0
      vertex 4.05 7.0148 0
      vertex 3.58254 7.26467 0
    endloop
  endfacet
  facet normal 0 0 -1
    outer loop
      vertex -1.04645 15.9657 0
      vertex 3.58254 7.26467 0
      vertex 3.09974 7.48342 0
    endloop
  endfacet
  facet normal 0 0 -1
    outer loop
      vertex -1.04645 15.9657 0
      vertex 3.09974 7.48342 0
      vertex 2.60366 7.67013 0
    endloop
  endfacet
  facet normal 0 0 -1
    outer loop
      vertex -1.04645 15.9657 0
      vertex 2.60366 7.67013 0
      vertex 2.09643 7.824 0
    endloop
  endfacet
  facet normal 0 0 -1
    outer loop
      vertex -1.04645 15.9657 0
      vertex 2.09643 7.824 0
      vertex 1.58023 7.94436 0
    endloop
  endfacet
  facet normal 0 0 -1
    outer loop
      vertex -1.04645 15.9657 0
      vertex 1.58023 7.94436 0
      vertex 1.05726 8.0307 0
    endloop
  endfacet
  facet normal 0 0 -1
    outer loop
      vertex -1.04645 15.9657 0
      vertex 1.05726 8.0307 0
      vertex 0.529765 8.08266 0
    endloop
  endfacet
  facet normal 0 0 -1
    outer loop
      vertex -1.04645 15.9657 0
      vertex 0.529765 8.08266 0
      vertex 0 8.1 0
    endloop
  endfacet
  facet normal 0 0 -1
    outer loop
      vertex -1.04645 15.9657 0
      vertex 0 8.1 0
      vertex -0.529765 8.08266 0
    endloop
  endfacet
  facet normal 0 0 -1
    outer loop
      vertex 35.2219 1.68546 0
      vertex -1.04645 15.9657 0
      vertex 102 23 0
    endloop
  endfacet
  facet normal 0 0 -1
    outer loop
      vertex -1.05726 8.0307 0
      vertex -1.04645 15.9657 0
      vertex -0.529765 8.08266 0
    endloop
  endfacet
  facet normal 0 0 -1
    outer loop
      vertex -2.08842 15.8631 0
      vertex -1.05726 8.0307 0
      vertex -1.58023 7.94436 0
    endloop
  endfacet
  facet normal 0 0 -1
    outer loop
      vertex -1.05726 8.0307 0
      vertex -2.08842 15.8631 0
      vertex -1.04645 15.9657 0
    endloop
  endfacet
  facet normal 0 0 -1
    outer loop
      vertex -3.12144 15.6926 0
      vertex -1.58023 7.94436 0
      vertex -2.09643 7.824 0
    endloop
  endfacet
  facet normal 0 0 -1
    outer loop
      vertex -4.1411 15.4548 0
      vertex -2.09643 7.824 0
      vertex -2.60366 7.67013 0
    endloop
  endfacet
  facet normal 0 0 -1
    outer loop
      vertex -5.14303 15.1509 0
      vertex -2.60366 7.67013 0
      vertex -3.09974 7.48342 0
    endloop
  endfacet
  facet normal 0 0 -1
    outer loop
      vertex -1.58023 7.94436 0
      vertex -3.12144 15.6926 0
      vertex -2.08842 15.8631 0
    endloop
  endfacet
  facet normal 0 0 -1
    outer loop
      vertex -6.12293 14.7821 0
      vertex -3.09974 7.48342 0
      vertex -3.58254 7.26467 0
    endloop
  endfacet
  facet normal 0 0 -1
    outer loop
      vertex -7.07662 14.35 0
      vertex -3.58254 7.26467 0
      vertex -4.05 7.0148 0
    endloop
  endfacet
  facet normal 0 0 -1
    outer loop
      vertex -2.09643 7.824 0
      vertex -4.1411 15.4548 0
      vertex -3.12144 15.6926 0
    endloop
  endfacet
  facet normal 0 0 -1
    outer loop
      vertex -8 13.8564 0
      vertex -4.05 7.0148 0
      vertex -4.50012 6.7349 0
    endloop
  endfacet
  facet normal 0 0 -1
    outer loop
      vertex -8.88912 13.3035 0
      vertex -4.50012 6.7349 0
      vertex -4.93097 6.42616 0
    endloop
  endfacet
  facet normal 0 0 -1
    outer loop
      vertex -2.60366 7.67013 0
      vertex -5.14303 15.1509 0
      vertex -4.1411 15.4548 0
    endloop
  endfacet
  facet normal 0 0 -1
    outer loop
      vertex -9.74018 12.6937 0
      vertex -4.93097 6.42616 0
      vertex -5.3407 6.0899 0
    endloop
  endfacet
  facet normal 0 0 -1
    outer loop
      vertex -10.5495 12.0294 0
      vertex -5.3407 6.0899 0
      vertex -5.72756 5.72756 0
    endloop
  endfacet
  facet normal 0 0 -1
    outer loop
      vertex -11.3137 11.3137 0
      vertex -5.72756 5.72756 0
      vertex -6.0899 5.3407 0
    endloop
  endfacet
  facet normal 0 0 -1
    outer loop
      vertex -3.09974 7.48342 0
      vertex -6.12293 14.7821 0
      vertex -5.14303 15.1509 0
    endloop
  endfacet
  facet normal 0 0 -1
    outer loop
      vertex -12.0294 10.5495 0
      vertex -6.0899 5.3407 0
      vertex -6.42616 4.93097 0
    endloop
  endfacet
  facet normal 0 0 -1
    outer loop
      vertex -12.6937 9.74018 0
      vertex -6.42616 4.93097 0
      vertex -6.7349 4.50012 0
    endloop
  endfacet
  facet normal 0 0 -1
    outer loop
      vertex -13.3035 8.88912 0
      vertex -6.7349 4.50012 0
      vertex -7.0148 4.05 0
    endloop
  endfacet
  facet normal 0 0 -1
    outer loop
      vertex -3.58254 7.26467 0
      vertex -7.07662 14.35 0
      vertex -6.12293 14.7821 0
    endloop
  endfacet
  facet normal 0 0 -1
    outer loop
      vertex -13.8564 8 0
      vertex -7.0148 4.05 0
      vertex -7.26467 3.58254 0
    endloop
  endfacet
  facet normal 0 0 -1
    outer loop
      vertex -14.35 7.07662 0
      vertex -7.26467 3.58254 0
      vertex -7.48342 3.09974 0
    endloop
  endfacet
  facet normal 0 0 -1
    outer loop
      vertex -14.7821 6.12293 0
      vertex -7.48342 3.09974 0
      vertex -7.67013 2.60366 0
    endloop
  endfacet
  facet normal 0 0 -1
    outer loop
      vertex -15.1509 5.14303 0
      vertex -7.67013 2.60366 0
      vertex -7.824 2.09643 0
    endloop
  endfacet
  facet normal 0 0 -1
    outer loop
      vertex -15.4548 4.1411 0
      vertex -7.824 2.09643 0
      vertex -7.94436 1.58023 0
    endloop
  endfacet
  facet normal 0 0 -1
    outer loop
      vertex -4.05 7.0148 0
      vertex -8 13.8564 0
      vertex -7.07662 14.35 0
    endloop
  endfacet
  facet normal 0 0 -1
    outer loop
      vertex -15.6926 3.12144 0
      vertex -7.94436 1.58023 0
      vertex -8.0307 1.05726 0
    endloop
  endfacet
  facet normal 0 0 -1
    outer loop
      vertex -15.8631 2.08842 0
      vertex -8.0307 1.05726 0
      vertex -8.08266 0.529765 0
    endloop
  endfacet
  facet normal 0 0 -1
    outer loop
      vertex -15.9657 1.04645 0
      vertex -8.08266 0.529765 0
      vertex -8.1 0 0
    endloop
  endfacet
  facet normal 0 0 -1
    outer loop
      vertex -14.35 -7.07662 0
      vertex -7.26467 -3.58254 0
      vertex -13.8564 -8 0
    endloop
  endfacet
  facet normal 0 0 -1
    outer loop
      vertex -4.50012 6.7349 0
      vertex -8.88912 13.3035 0
      vertex -8 13.8564 0
    endloop
  endfacet
  facet normal -0 0 -1
    outer loop
      vertex -7.26467 -3.58254 0
      vertex -14.35 -7.07662 0
      vertex -7.48342 -3.09974 0
    endloop
  endfacet
  facet normal 0 0 -1
    outer loop
      vertex -4.93097 6.42616 0
      vertex -9.74018 12.6937 0
      vertex -8.88912 13.3035 0
    endloop
  endfacet
  facet normal 0 0 -1
    outer loop
      vertex -14.7821 -6.12293 0
      vertex -7.48342 -3.09974 0
      vertex -14.35 -7.07662 0
    endloop
  endfacet
  facet normal 0 0 -1
    outer loop
      vertex -5.3407 6.0899 0
      vertex -10.5495 12.0294 0
      vertex -9.74018 12.6937 0
    endloop
  endfacet
  facet normal -0 0 -1
    outer loop
      vertex -7.48342 -3.09974 0
      vertex -14.7821 -6.12293 0
      vertex -7.67013 -2.60366 0
    endloop
  endfacet
  facet normal 0 0 -1
    outer loop
      vertex -5.72756 5.72756 0
      vertex -11.3137 11.3137 0
      vertex -10.5495 12.0294 0
    endloop
  endfacet
  facet normal 0 0 -1
    outer loop
      vertex -15.1509 -5.14303 0
      vertex -7.67013 -2.60366 0
      vertex -14.7821 -6.12293 0
    endloop
  endfacet
  facet normal 0 0 -1
    outer loop
      vertex -6.0899 5.3407 0
      vertex -12.0294 10.5495 0
      vertex -11.3137 11.3137 0
    endloop
  endfacet
  facet normal -0 0 -1
    outer loop
      vertex -7.67013 -2.60366 0
      vertex -15.1509 -5.14303 0
      vertex -7.824 -2.09643 0
    endloop
  endfacet
  facet normal 0 0 -1
    outer loop
      vertex -6.42616 4.93097 0
      vertex -12.6937 9.74018 0
      vertex -12.0294 10.5495 0
    endloop
  endfacet
  facet normal 0 0 -1
    outer loop
      vertex -15.4548 -4.1411 0
      vertex -7.824 -2.09643 0
      vertex -15.1509 -5.14303 0
    endloop
  endfacet
  facet normal 0 0 -1
    outer loop
      vertex -6.7349 4.50012 0
      vertex -13.3035 8.88912 0
      vertex -12.6937 9.74018 0
    endloop
  endfacet
  facet normal -0 0 -1
    outer loop
      vertex -7.824 -2.09643 0
      vertex -15.4548 -4.1411 0
      vertex -7.94436 -1.58023 0
    endloop
  endfacet
  facet normal 0 0 -1
    outer loop
      vertex -7.0148 4.05 0
      vertex -13.8564 8 0
      vertex -13.3035 8.88912 0
    endloop
  endfacet
  facet normal 0 0 -1
    outer loop
      vertex -15.6926 -3.12144 0
      vertex -7.94436 -1.58023 0
      vertex -15.4548 -4.1411 0
    endloop
  endfacet
  facet normal 0 0 -1
    outer loop
      vertex -7.26467 3.58254 0
      vertex -14.35 7.07662 0
      vertex -13.8564 8 0
    endloop
  endfacet
  facet normal -0 0 -1
    outer loop
      vertex -7.94436 -1.58023 0
      vertex -15.6926 -3.12144 0
      vertex -8.0307 -1.05726 0
    endloop
  endfacet
  facet normal 0 0 -1
    outer loop
      vertex -7.48342 3.09974 0
      vertex -14.7821 6.12293 0
      vertex -14.35 7.07662 0
    endloop
  endfacet
  facet normal 0 0 -1
    outer loop
      vertex -15.8631 -2.08842 0
      vertex -8.0307 -1.05726 0
      vertex -15.6926 -3.12144 0
    endloop
  endfacet
  facet normal 0 0 -1
    outer loop
      vertex -7.67013 2.60366 0
      vertex -15.1509 5.14303 0
      vertex -14.7821 6.12293 0
    endloop
  endfacet
  facet normal -0 0 -1
    outer loop
      vertex -8.0307 -1.05726 0
      vertex -15.8631 -2.08842 0
      vertex -8.08266 -0.529765 0
    endloop
  endfacet
  facet normal 0 0 -1
    outer loop
      vertex -7.824 2.09643 0
      vertex -15.4548 4.1411 0
      vertex -15.1509 5.14303 0
    endloop
  endfacet
  facet normal 0 0 -1
    outer loop
      vertex -15.9657 -1.04645 0
      vertex -8.08266 -0.529765 0
      vertex -15.8631 -2.08842 0
    endloop
  endfacet
  facet normal 0 0 -1
    outer loop
      vertex -7.94436 1.58023 0
      vertex -15.6926 3.12144 0
      vertex -15.4548 4.1411 0
    endloop
  endfacet
  facet normal -0 0 -1
    outer loop
      vertex -8.08266 -0.529765 0
      vertex -15.9657 -1.04645 0
      vertex -8.1 0 0
    endloop
  endfacet
  facet normal 0 0 -1
    outer loop
      vertex -8.0307 1.05726 0
      vertex -15.8631 2.08842 0
      vertex -15.6926 3.12144 0
    endloop
  endfacet
  facet normal 0 0 -1
    outer loop
      vertex -16 0 0
      vertex -8.1 0 0
      vertex -15.9657 -1.04645 0
    endloop
  endfacet
  facet normal 0 0 -1
    outer loop
      vertex -8.08266 0.529765 0
      vertex -15.9657 1.04645 0
      vertex -15.8631 2.08842 0
    endloop
  endfacet
  facet normal 0 0 -1
    outer loop
      vertex -8.1 0 0
      vertex -16 0 0
      vertex -15.9657 1.04645 0
    endloop
  endfacet
  facet normal 0 0 -1
    outer loop
      vertex 116.667 -18.1683 0
      vertex 122.5 -19 0
      vertex 116.685 -18.2781 0
    endloop
  endfacet
  facet normal 0 0 -1
    outer loop
      vertex 122.5 19 0
      vertex 116.696 18.3888 0
      vertex 116.7 18.5 0
    endloop
  endfacet
  facet normal 0 0 -1
    outer loop
      vertex 116.642 -18.06 0
      vertex 122.5 -19 0
      vertex 116.667 -18.1683 0
    endloop
  endfacet
  facet normal 0 0 -1
    outer loop
      vertex 122.5 19 0
      vertex 116.685 18.2781 0
      vertex 116.696 18.3888 0
    endloop
  endfacet
  facet normal 0 0 -1
    outer loop
      vertex 116.61 -17.9536 0
      vertex 122.5 -19 0
      vertex 116.642 -18.06 0
    endloop
  endfacet
  facet normal 0 0 -1
    outer loop
      vertex 122.5 19 0
      vertex 116.667 18.1683 0
      vertex 116.685 18.2781 0
    endloop
  endfacet
  facet normal 0 0 -1
    outer loop
      vertex 116.571 -17.8494 0
      vertex 122.5 -19 0
      vertex 116.61 -17.9536 0
    endloop
  endfacet
  facet normal 0 0 -1
    outer loop
      vertex 122.5 19 0
      vertex 116.642 18.06 0
      vertex 116.667 18.1683 0
    endloop
  endfacet
  facet normal 0 0 -1
    outer loop
      vertex 116.525 -17.7481 0
      vertex 122.5 -19 0
      vertex 116.571 -17.8494 0
    endloop
  endfacet
  facet normal 0 0 -1
    outer loop
      vertex 122.5 19 0
      vertex 116.61 17.9536 0
      vertex 116.642 18.06 0
    endloop
  endfacet
  facet normal 0 0 -1
    outer loop
      vertex 116.472 -17.65 0
      vertex 122.5 -19 0
      vertex 116.525 -17.7481 0
    endloop
  endfacet
  facet normal 0 0 -1
    outer loop
      vertex 122.5 19 0
      vertex 116.571 17.8494 0
      vertex 116.61 17.9536 0
    endloop
  endfacet
  facet normal 0 0 -1
    outer loop
      vertex 116.413 -17.5555 0
      vertex 122.5 -19 0
      vertex 116.472 -17.65 0
    endloop
  endfacet
  facet normal 0 0 -1
    outer loop
      vertex 122.5 19 0
      vertex 116.525 17.7481 0
      vertex 116.571 17.8494 0
    endloop
  endfacet
  facet normal 0 0 -1
    outer loop
      vertex 116.349 -17.4651 0
      vertex 122.5 -19 0
      vertex 116.413 -17.5555 0
    endloop
  endfacet
  facet normal 0 0 -1
    outer loop
      vertex 122.5 19 0
      vertex 116.472 17.65 0
      vertex 116.525 17.7481 0
    endloop
  endfacet
  facet normal 0 0 -1
    outer loop
      vertex 116.278 -17.3791 0
      vertex 122.5 -19 0
      vertex 116.349 -17.4651 0
    endloop
  endfacet
  facet normal 0 0 -1
    outer loop
      vertex 122.5 19 0
      vertex 116.413 17.5555 0
      vertex 116.472 17.65 0
    endloop
  endfacet
  facet normal 0 0 -1
    outer loop
      vertex 116.202 -17.2979 0
      vertex 122.5 -19 0
      vertex 116.278 -17.3791 0
    endloop
  endfacet
  facet normal 0 0 -1
    outer loop
      vertex 122.5 19 0
      vertex 116.349 17.4651 0
      vertex 116.413 17.5555 0
    endloop
  endfacet
  facet normal 0 0 -1
    outer loop
      vertex 116.121 -17.2219 0
      vertex 122.5 -19 0
      vertex 116.202 -17.2979 0
    endloop
  endfacet
  facet normal 0 0 -1
    outer loop
      vertex 122.5 19 0
      vertex 116.278 17.3791 0
      vertex 116.349 17.4651 0
    endloop
  endfacet
  facet normal 0 0 -1
    outer loop
      vertex 116.035 -17.1513 0
      vertex 122.5 -19 0
      vertex 116.121 -17.2219 0
    endloop
  endfacet
  facet normal 0 0 -1
    outer loop
      vertex 122.5 19 0
      vertex 116.202 17.2979 0
      vertex 116.278 17.3791 0
    endloop
  endfacet
  facet normal 0 0 -1
    outer loop
      vertex 115.944 -17.0865 0
      vertex 122.5 -19 0
      vertex 116.035 -17.1513 0
    endloop
  endfacet
  facet normal 0 0 -1
    outer loop
      vertex 122.5 19 0
      vertex 116.121 17.2219 0
      vertex 116.202 17.2979 0
    endloop
  endfacet
  facet normal 0 0 -1
    outer loop
      vertex 115.85 -17.0278 0
      vertex 122.5 -19 0
      vertex 115.944 -17.0865 0
    endloop
  endfacet
  facet normal 0 0 -1
    outer loop
      vertex 122.5 19 0
      vertex 116.035 17.1513 0
      vertex 116.121 17.2219 0
    endloop
  endfacet
  facet normal 0 0 -1
    outer loop
      vertex 115.752 -16.9753 0
      vertex 122.5 -19 0
      vertex 115.85 -17.0278 0
    endloop
  endfacet
  facet normal 0 0 -1
    outer loop
      vertex 122.5 19 0
      vertex 115.944 17.0865 0
      vertex 116.035 17.1513 0
    endloop
  endfacet
  facet normal 0 0 -1
    outer loop
      vertex 122.5 -19 0
      vertex 115.752 -16.9753 0
      vertex 122.5 19 0
    endloop
  endfacet
  facet normal 0 0 -1
    outer loop
      vertex 122.5 19 0
      vertex 115.85 17.0278 0
      vertex 115.944 17.0865 0
    endloop
  endfacet
  facet normal 0 0 -1
    outer loop
      vertex 115.752 16.9753 0
      vertex 122.5 19 0
      vertex 115.752 -16.9753 0
    endloop
  endfacet
  facet normal 0 0 -1
    outer loop
      vertex 122.5 19 0
      vertex 115.752 16.9753 0
      vertex 115.85 17.0278 0
    endloop
  endfacet
  facet normal 0 0 -1
    outer loop
      vertex 115.651 -16.9294 0
      vertex 115.752 16.9753 0
      vertex 115.752 -16.9753 0
    endloop
  endfacet
  facet normal 0 0 -1
    outer loop
      vertex 115.651 -16.9294 0
      vertex 115.651 16.9294 0
      vertex 115.752 16.9753 0
    endloop
  endfacet
  facet normal 0 0 -1
    outer loop
      vertex 115.546 -16.8902 0
      vertex 115.651 16.9294 0
      vertex 115.651 -16.9294 0
    endloop
  endfacet
  facet normal 0 0 -1
    outer loop
      vertex 115.546 -16.8902 0
      vertex 115.546 16.8902 0
      vertex 115.651 16.9294 0
    endloop
  endfacet
  facet normal 0 0 -1
    outer loop
      vertex 115.44 -16.8579 0
      vertex 115.546 16.8902 0
      vertex 115.546 -16.8902 0
    endloop
  endfacet
  facet normal 0 0 -1
    outer loop
      vertex 115.44 -16.8579 0
      vertex 115.44 16.8579 0
      vertex 115.546 16.8902 0
    endloop
  endfacet
  facet normal 0 0 -1
    outer loop
      vertex 115.332 -16.8327 0
      vertex 115.44 16.8579 0
      vertex 115.44 -16.8579 0
    endloop
  endfacet
  facet normal 0 0 -1
    outer loop
      vertex 115.332 -16.8327 0
      vertex 115.332 16.8327 0
      vertex 115.44 16.8579 0
    endloop
  endfacet
  facet normal 0 0 -1
    outer loop
      vertex 115.222 -16.8145 0
      vertex 115.332 16.8327 0
      vertex 115.332 -16.8327 0
    endloop
  endfacet
  facet normal 0 0 -1
    outer loop
      vertex 115.222 -16.8145 0
      vertex 115.222 16.8145 0
      vertex 115.332 16.8327 0
    endloop
  endfacet
  facet normal 0 0 -1
    outer loop
      vertex 115.111 -16.8036 0
      vertex 115.222 16.8145 0
      vertex 115.222 -16.8145 0
    endloop
  endfacet
  facet normal 0 0 -1
    outer loop
      vertex 115.111 -16.8036 0
      vertex 115.111 16.8036 0
      vertex 115.222 16.8145 0
    endloop
  endfacet
  facet normal 0 0 -1
    outer loop
      vertex 115 -16.8 0
      vertex 115.111 16.8036 0
      vertex 115.111 -16.8036 0
    endloop
  endfacet
  facet normal 0 0 -1
    outer loop
      vertex 115 -16.8 0
      vertex 115 16.8 0
      vertex 115.111 16.8036 0
    endloop
  endfacet
  facet normal 0 0 -1
    outer loop
      vertex 114.889 -16.8036 0
      vertex 115 16.8 0
      vertex 115 -16.8 0
    endloop
  endfacet
  facet normal 0 0 -1
    outer loop
      vertex 114.889 -16.8036 0
      vertex 114.889 16.8036 0
      vertex 115 16.8 0
    endloop
  endfacet
  facet normal 0 0 -1
    outer loop
      vertex 114.778 -16.8145 0
      vertex 114.889 16.8036 0
      vertex 114.889 -16.8036 0
    endloop
  endfacet
  facet normal 0 0 -1
    outer loop
      vertex 114.778 -16.8145 0
      vertex 114.778 16.8145 0
      vertex 114.889 16.8036 0
    endloop
  endfacet
  facet normal 0 0 -1
    outer loop
      vertex 114.668 -16.8327 0
      vertex 114.778 16.8145 0
      vertex 114.778 -16.8145 0
    endloop
  endfacet
  facet normal 0 0 -1
    outer loop
      vertex 114.668 -16.8327 0
      vertex 114.668 16.8327 0
      vertex 114.778 16.8145 0
    endloop
  endfacet
  facet normal 0 0 -1
    outer loop
      vertex 114.56 -16.8579 0
      vertex 114.668 16.8327 0
      vertex 114.668 -16.8327 0
    endloop
  endfacet
  facet normal 0 0 -1
    outer loop
      vertex 114.56 -16.8579 0
      vertex 114.56 16.8579 0
      vertex 114.668 16.8327 0
    endloop
  endfacet
  facet normal 0 0 -1
    outer loop
      vertex 114.454 -16.8902 0
      vertex 114.56 16.8579 0
      vertex 114.56 -16.8579 0
    endloop
  endfacet
  facet normal 0 0 -1
    outer loop
      vertex 114.454 -16.8902 0
      vertex 114.454 16.8902 0
      vertex 114.56 16.8579 0
    endloop
  endfacet
  facet normal 0 0 -1
    outer loop
      vertex 114.349 -16.9294 0
      vertex 114.454 16.8902 0
      vertex 114.454 -16.8902 0
    endloop
  endfacet
  facet normal 0 0 -1
    outer loop
      vertex 114.349 -16.9294 0
      vertex 114.349 16.9294 0
      vertex 114.454 16.8902 0
    endloop
  endfacet
  facet normal 0 0 -1
    outer loop
      vertex 114.248 -16.9753 0
      vertex 114.349 16.9294 0
      vertex 114.349 -16.9294 0
    endloop
  endfacet
  facet normal 0 0 -1
    outer loop
      vertex 114.248 -16.9753 0
      vertex 114.248 16.9753 0
      vertex 114.349 16.9294 0
    endloop
  endfacet
  facet normal 0 0 -1
    outer loop
      vertex 114.15 -17.0278 0
      vertex 114.248 16.9753 0
      vertex 114.248 -16.9753 0
    endloop
  endfacet
  facet normal 0 0 -1
    outer loop
      vertex 114.15 -17.0278 0
      vertex 114.15 17.0278 0
      vertex 114.248 16.9753 0
    endloop
  endfacet
  facet normal 0 0 -1
    outer loop
      vertex 114.056 -17.0865 0
      vertex 114.15 17.0278 0
      vertex 114.15 -17.0278 0
    endloop
  endfacet
  facet normal 0 0 -1
    outer loop
      vertex 114.056 -17.0865 0
      vertex 114.056 17.0865 0
      vertex 114.15 17.0278 0
    endloop
  endfacet
  facet normal 0 0 -1
    outer loop
      vertex 113.965 -17.1513 0
      vertex 114.056 17.0865 0
      vertex 114.056 -17.0865 0
    endloop
  endfacet
  facet normal 0 0 -1
    outer loop
      vertex 113.965 -17.1513 0
      vertex 113.965 17.1513 0
      vertex 114.056 17.0865 0
    endloop
  endfacet
  facet normal 0 0 -1
    outer loop
      vertex 113.879 -17.2219 0
      vertex 113.965 17.1513 0
      vertex 113.965 -17.1513 0
    endloop
  endfacet
  facet normal 0 0 -1
    outer loop
      vertex 113.879 -17.2219 0
      vertex 113.879 17.2219 0
      vertex 113.965 17.1513 0
    endloop
  endfacet
  facet normal 0 0 -1
    outer loop
      vertex 102 -23 0
      vertex 113.879 -17.2219 0
      vertex 113.798 -17.2979 0
    endloop
  endfacet
  facet normal -0 0 -1
    outer loop
      vertex 113.879 -17.2219 0
      vertex 102 -23 0
      vertex 113.879 17.2219 0
    endloop
  endfacet
  facet normal 0 0 -1
    outer loop
      vertex 102 -23 0
      vertex 113.798 -17.2979 0
      vertex 113.722 -17.3791 0
    endloop
  endfacet
  facet normal 0 0 -1
    outer loop
      vertex 102 23 0
      vertex 113.879 17.2219 0
      vertex 102 -23 0
    endloop
  endfacet
  facet normal 0 0 -1
    outer loop
      vertex 102 -23 0
      vertex 113.722 -17.3791 0
      vertex 113.651 -17.4651 0
    endloop
  endfacet
  facet normal 0 0 -1
    outer loop
      vertex 113.879 17.2219 0
      vertex 102 23 0
      vertex 113.798 17.2979 0
    endloop
  endfacet
  facet normal 0 0 -1
    outer loop
      vertex 102 -23 0
      vertex 113.651 -17.4651 0
      vertex 113.587 -17.5555 0
    endloop
  endfacet
  facet normal 0 0 -1
    outer loop
      vertex 113.798 17.2979 0
      vertex 102 23 0
      vertex 113.722 17.3791 0
    endloop
  endfacet
  facet normal 0 0 -1
    outer loop
      vertex 102 -23 0
      vertex 113.587 -17.5555 0
      vertex 113.528 -17.65 0
    endloop
  endfacet
  facet normal 0 0 -1
    outer loop
      vertex 113.722 17.3791 0
      vertex 102 23 0
      vertex 113.651 17.4651 0
    endloop
  endfacet
  facet normal 0 0 -1
    outer loop
      vertex 102 -23 0
      vertex 113.528 -17.65 0
      vertex 113.475 -17.7481 0
    endloop
  endfacet
  facet normal 0 0 -1
    outer loop
      vertex 113.651 17.4651 0
      vertex 102 23 0
      vertex 113.587 17.5555 0
    endloop
  endfacet
  facet normal 0 0 -1
    outer loop
      vertex 102 -23 0
      vertex 113.475 -17.7481 0
      vertex 113.429 -17.8494 0
    endloop
  endfacet
  facet normal 0 0 -1
    outer loop
      vertex 113.587 17.5555 0
      vertex 102 23 0
      vertex 113.528 17.65 0
    endloop
  endfacet
  facet normal 0 0 -1
    outer loop
      vertex 102 -23 0
      vertex 113.429 -17.8494 0
      vertex 113.39 -17.9536 0
    endloop
  endfacet
  facet normal 0 0 -1
    outer loop
      vertex 113.528 17.65 0
      vertex 102 23 0
      vertex 113.475 17.7481 0
    endloop
  endfacet
  facet normal 0 0 -1
    outer loop
      vertex 102 -23 0
      vertex 113.39 -17.9536 0
      vertex 113.358 -18.06 0
    endloop
  endfacet
  facet normal 0 0 -1
    outer loop
      vertex 113.475 17.7481 0
      vertex 102 23 0
      vertex 113.429 17.8494 0
    endloop
  endfacet
  facet normal 0 0 -1
    outer loop
      vertex 102 -23 0
      vertex 113.358 -18.06 0
      vertex 113.333 -18.1683 0
    endloop
  endfacet
  facet normal 0 0 -1
    outer loop
      vertex 113.429 17.8494 0
      vertex 102 23 0
      vertex 113.39 17.9536 0
    endloop
  endfacet
  facet normal 0 0 -1
    outer loop
      vertex 102 -23 0
      vertex 113.333 -18.1683 0
      vertex 113.315 -18.2781 0
    endloop
  endfacet
  facet normal 0 0 -1
    outer loop
      vertex 113.39 17.9536 0
      vertex 102 23 0
      vertex 113.358 18.06 0
    endloop
  endfacet
  facet normal 0 0 -1
    outer loop
      vertex 102 -23 0
      vertex 113.315 -18.2781 0
      vertex 113.304 -18.3888 0
    endloop
  endfacet
  facet normal 0 0 -1
    outer loop
      vertex 113.358 18.06 0
      vertex 102 23 0
      vertex 113.333 18.1683 0
    endloop
  endfacet
  facet normal 0 0 -1
    outer loop
      vertex 102 -23 0
      vertex 113.304 -18.3888 0
      vertex 113.3 -18.5 0
    endloop
  endfacet
  facet normal 0 0 -1
    outer loop
      vertex 113.333 18.1683 0
      vertex 102 23 0
      vertex 113.315 18.2781 0
    endloop
  endfacet
  facet normal 0 0 -1
    outer loop
      vertex 116.685 -18.7219 0
      vertex 122.5 -19 0
      vertex 122.423 -19.7803 0
    endloop
  endfacet
  facet normal 0 0 -1
    outer loop
      vertex 116.696 -18.3888 0
      vertex 122.5 -19 0
      vertex 116.7 -18.5 0
    endloop
  endfacet
  facet normal 0 0 -1
    outer loop
      vertex 116.667 -18.8317 0
      vertex 122.423 -19.7803 0
      vertex 122.196 -20.5307 0
    endloop
  endfacet
  facet normal 0 0 -1
    outer loop
      vertex 116.685 -18.2781 0
      vertex 122.5 -19 0
      vertex 116.696 -18.3888 0
    endloop
  endfacet
  facet normal 0 0 -1
    outer loop
      vertex 116.667 -18.8317 0
      vertex 122.196 -20.5307 0
      vertex 121.826 -21.2223 0
    endloop
  endfacet
  facet normal 0 0 -1
    outer loop
      vertex 116.696 18.6112 0
      vertex 122.5 19 0
      vertex 116.7 18.5 0
    endloop
  endfacet
  facet normal 0 0 -1
    outer loop
      vertex 116.642 -18.94 0
      vertex 121.826 -21.2223 0
      vertex 121.328 -21.8284 0
    endloop
  endfacet
  facet normal 0 0 -1
    outer loop
      vertex 116.685 18.7219 0
      vertex 122.5 19 0
      vertex 116.696 18.6112 0
    endloop
  endfacet
  facet normal 0 0 -1
    outer loop
      vertex 116.61 -19.0464 0
      vertex 121.328 -21.8284 0
      vertex 120.722 -22.3259 0
    endloop
  endfacet
  facet normal -0 0 -1
    outer loop
      vertex 122.5 19 0
      vertex 116.685 18.7219 0
      vertex 122.423 19.7803 0
    endloop
  endfacet
  facet normal 0 0 -1
    outer loop
      vertex 116.571 -19.1506 0
      vertex 120.722 -22.3259 0
      vertex 120.031 -22.6955 0
    endloop
  endfacet
  facet normal 0 0 -1
    outer loop
      vertex 116.667 18.8317 0
      vertex 122.423 19.7803 0
      vertex 116.685 18.7219 0
    endloop
  endfacet
  facet normal 0 0 -1
    outer loop
      vertex 116.525 -19.2519 0
      vertex 120.031 -22.6955 0
      vertex 119.28 -22.9231 0
    endloop
  endfacet
  facet normal -0 0 -1
    outer loop
      vertex 122.423 19.7803 0
      vertex 116.667 18.8317 0
      vertex 122.196 20.5307 0
    endloop
  endfacet
  facet normal 0 0 -1
    outer loop
      vertex 116.472 -19.35 0
      vertex 119.28 -22.9231 0
      vertex 118.5 -23 0
    endloop
  endfacet
  facet normal -0 0 -1
    outer loop
      vertex 122.196 20.5307 0
      vertex 116.667 18.8317 0
      vertex 121.826 21.2223 0
    endloop
  endfacet
  facet normal 0 0 -1
    outer loop
      vertex 116.642 18.94 0
      vertex 121.826 21.2223 0
      vertex 116.667 18.8317 0
    endloop
  endfacet
  facet normal 0 0 -1
    outer loop
      vertex 122.5 -19 0
      vertex 116.696 -18.6112 0
      vertex 116.7 -18.5 0
    endloop
  endfacet
  facet normal 0 0 -1
    outer loop
      vertex 122.5 -19 0
      vertex 116.685 -18.7219 0
      vertex 116.696 -18.6112 0
    endloop
  endfacet
  facet normal 0 0 -1
    outer loop
      vertex 122.423 -19.7803 0
      vertex 116.667 -18.8317 0
      vertex 116.685 -18.7219 0
    endloop
  endfacet
  facet normal 0 0 -1
    outer loop
      vertex 121.826 -21.2223 0
      vertex 116.642 -18.94 0
      vertex 116.667 -18.8317 0
    endloop
  endfacet
  facet normal 0 0 -1
    outer loop
      vertex 121.328 -21.8284 0
      vertex 116.61 -19.0464 0
      vertex 116.642 -18.94 0
    endloop
  endfacet
  facet normal 0 0 -1
    outer loop
      vertex 120.722 -22.3259 0
      vertex 116.571 -19.1506 0
      vertex 116.61 -19.0464 0
    endloop
  endfacet
  facet normal 0 0 -1
    outer loop
      vertex 120.031 -22.6955 0
      vertex 116.525 -19.2519 0
      vertex 116.571 -19.1506 0
    endloop
  endfacet
  facet normal 0 0 -1
    outer loop
      vertex 119.28 -22.9231 0
      vertex 116.472 -19.35 0
      vertex 116.525 -19.2519 0
    endloop
  endfacet
  facet normal 0 0 -1
    outer loop
      vertex 118.5 -23 0
      vertex 116.413 -19.4445 0
      vertex 116.472 -19.35 0
    endloop
  endfacet
  facet normal 0 0 -1
    outer loop
      vertex 118.5 -23 0
      vertex 116.349 -19.5349 0
      vertex 116.413 -19.4445 0
    endloop
  endfacet
  facet normal 0 0 -1
    outer loop
      vertex 118.5 -23 0
      vertex 116.278 -19.6209 0
      vertex 116.349 -19.5349 0
    endloop
  endfacet
  facet normal 0 0 -1
    outer loop
      vertex 118.5 -23 0
      vertex 116.202 -19.7021 0
      vertex 116.278 -19.6209 0
    endloop
  endfacet
  facet normal 0 0 -1
    outer loop
      vertex 118.5 -23 0
      vertex 116.121 -19.7781 0
      vertex 116.202 -19.7021 0
    endloop
  endfacet
  facet normal 0 0 -1
    outer loop
      vertex 118.5 -23 0
      vertex 116.035 -19.8487 0
      vertex 116.121 -19.7781 0
    endloop
  endfacet
  facet normal 0 0 -1
    outer loop
      vertex 118.5 -23 0
      vertex 115.944 -19.9135 0
      vertex 116.035 -19.8487 0
    endloop
  endfacet
  facet normal 0 0 -1
    outer loop
      vertex 118.5 -23 0
      vertex 115.85 -19.9722 0
      vertex 115.944 -19.9135 0
    endloop
  endfacet
  facet normal 0 0 -1
    outer loop
      vertex 118.5 -23 0
      vertex 115.752 -20.0247 0
      vertex 115.85 -19.9722 0
    endloop
  endfacet
  facet normal 0 0 -1
    outer loop
      vertex 118.5 -23 0
      vertex 115.651 -20.0706 0
      vertex 115.752 -20.0247 0
    endloop
  endfacet
  facet normal 0 0 -1
    outer loop
      vertex 118.5 -23 0
      vertex 115.546 -20.1098 0
      vertex 115.651 -20.0706 0
    endloop
  endfacet
  facet normal 0 0 -1
    outer loop
      vertex 118.5 -23 0
      vertex 115.44 -20.1421 0
      vertex 115.546 -20.1098 0
    endloop
  endfacet
  facet normal 0 0 -1
    outer loop
      vertex 118.5 -23 0
      vertex 115.332 -20.1673 0
      vertex 115.44 -20.1421 0
    endloop
  endfacet
  facet normal 0 0 -1
    outer loop
      vertex 118.5 -23 0
      vertex 115.222 -20.1855 0
      vertex 115.332 -20.1673 0
    endloop
  endfacet
  facet normal 0 0 -1
    outer loop
      vertex 118.5 -23 0
      vertex 115.111 -20.1964 0
      vertex 115.222 -20.1855 0
    endloop
  endfacet
  facet normal 0 0 -1
    outer loop
      vertex 118.5 -23 0
      vertex 115 -20.2 0
      vertex 115.111 -20.1964 0
    endloop
  endfacet
  facet normal 0 0 -1
    outer loop
      vertex 118.5 -23 0
      vertex 114.889 -20.1964 0
      vertex 115 -20.2 0
    endloop
  endfacet
  facet normal 0 0 -1
    outer loop
      vertex 118.5 -23 0
      vertex 114.778 -20.1855 0
      vertex 114.889 -20.1964 0
    endloop
  endfacet
  facet normal 0 0 -1
    outer loop
      vertex 118.5 -23 0
      vertex 114.668 -20.1673 0
      vertex 114.778 -20.1855 0
    endloop
  endfacet
  facet normal 0 0 -1
    outer loop
      vertex 118.5 -23 0
      vertex 114.56 -20.1421 0
      vertex 114.668 -20.1673 0
    endloop
  endfacet
  facet normal 0 0 -1
    outer loop
      vertex 118.5 -23 0
      vertex 114.454 -20.1098 0
      vertex 114.56 -20.1421 0
    endloop
  endfacet
  facet normal 0 0 -1
    outer loop
      vertex 118.5 -23 0
      vertex 114.349 -20.0706 0
      vertex 114.454 -20.1098 0
    endloop
  endfacet
  facet normal 0 0 -1
    outer loop
      vertex 102 -23 0
      vertex 114.349 -20.0706 0
      vertex 118.5 -23 0
    endloop
  endfacet
  facet normal -0 0 -1
    outer loop
      vertex 114.349 -20.0706 0
      vertex 102 -23 0
      vertex 114.248 -20.0247 0
    endloop
  endfacet
  facet normal -0 0 -1
    outer loop
      vertex 114.248 -20.0247 0
      vertex 102 -23 0
      vertex 114.15 -19.9722 0
    endloop
  endfacet
  facet normal 0 0 -1
    outer loop
      vertex 113.315 18.2781 0
      vertex 102 23 0
      vertex 113.304 18.3888 0
    endloop
  endfacet
  facet normal -0 0 -1
    outer loop
      vertex 113.304 -18.6112 0
      vertex 102 -23 0
      vertex 113.3 -18.5 0
    endloop
  endfacet
  facet normal -0 0 -1
    outer loop
      vertex 113.315 -18.7219 0
      vertex 102 -23 0
      vertex 113.304 -18.6112 0
    endloop
  endfacet
  facet normal -0 0 -1
    outer loop
      vertex 113.333 -18.8317 0
      vertex 102 -23 0
      vertex 113.315 -18.7219 0
    endloop
  endfacet
  facet normal -0 0 -1
    outer loop
      vertex 113.358 -18.94 0
      vertex 102 -23 0
      vertex 113.333 -18.8317 0
    endloop
  endfacet
  facet normal -0 0 -1
    outer loop
      vertex 113.39 -19.0464 0
      vertex 102 -23 0
      vertex 113.358 -18.94 0
    endloop
  endfacet
  facet normal -0 0 -1
    outer loop
      vertex 113.429 -19.1506 0
      vertex 102 -23 0
      vertex 113.39 -19.0464 0
    endloop
  endfacet
  facet normal -0 0 -1
    outer loop
      vertex 113.475 -19.2519 0
      vertex 102 -23 0
      vertex 113.429 -19.1506 0
    endloop
  endfacet
  facet normal -0 0 -1
    outer loop
      vertex 113.528 -19.35 0
      vertex 102 -23 0
      vertex 113.475 -19.2519 0
    endloop
  endfacet
  facet normal -0 0 -1
    outer loop
      vertex 113.587 -19.4445 0
      vertex 102 -23 0
      vertex 113.528 -19.35 0
    endloop
  endfacet
  facet normal -0 0 -1
    outer loop
      vertex 113.651 -19.5349 0
      vertex 102 -23 0
      vertex 113.587 -19.4445 0
    endloop
  endfacet
  facet normal -0 0 -1
    outer loop
      vertex 113.722 -19.6209 0
      vertex 102 -23 0
      vertex 113.651 -19.5349 0
    endloop
  endfacet
  facet normal -0 0 -1
    outer loop
      vertex 113.798 -19.7021 0
      vertex 102 -23 0
      vertex 113.722 -19.6209 0
    endloop
  endfacet
  facet normal -0 0 -1
    outer loop
      vertex 113.879 -19.7781 0
      vertex 102 -23 0
      vertex 113.798 -19.7021 0
    endloop
  endfacet
  facet normal -0 0 -1
    outer loop
      vertex 113.965 -19.8487 0
      vertex 102 -23 0
      vertex 113.879 -19.7781 0
    endloop
  endfacet
  facet normal -0 0 -1
    outer loop
      vertex 114.056 -19.9135 0
      vertex 102 -23 0
      vertex 113.965 -19.8487 0
    endloop
  endfacet
  facet normal -0 0 -1
    outer loop
      vertex 114.15 -19.9722 0
      vertex 102 -23 0
      vertex 114.056 -19.9135 0
    endloop
  endfacet
  facet normal -0 0 -1
    outer loop
      vertex 121.826 21.2223 0
      vertex 116.642 18.94 0
      vertex 121.328 21.8284 0
    endloop
  endfacet
  facet normal 0 0 -1
    outer loop
      vertex 116.61 19.0464 0
      vertex 121.328 21.8284 0
      vertex 116.642 18.94 0
    endloop
  endfacet
  facet normal -0 0 -1
    outer loop
      vertex 121.328 21.8284 0
      vertex 116.61 19.0464 0
      vertex 120.722 22.3259 0
    endloop
  endfacet
  facet normal 0 0 -1
    outer loop
      vertex 116.571 19.1506 0
      vertex 120.722 22.3259 0
      vertex 116.61 19.0464 0
    endloop
  endfacet
  facet normal -0 0 -1
    outer loop
      vertex 120.722 22.3259 0
      vertex 116.571 19.1506 0
      vertex 120.031 22.6955 0
    endloop
  endfacet
  facet normal 0 0 -1
    outer loop
      vertex 116.525 19.2519 0
      vertex 120.031 22.6955 0
      vertex 116.571 19.1506 0
    endloop
  endfacet
  facet normal -0 0 -1
    outer loop
      vertex 120.031 22.6955 0
      vertex 116.525 19.2519 0
      vertex 119.28 22.9231 0
    endloop
  endfacet
  facet normal 0 0 -1
    outer loop
      vertex 116.472 19.35 0
      vertex 119.28 22.9231 0
      vertex 116.525 19.2519 0
    endloop
  endfacet
  facet normal -0 0 -1
    outer loop
      vertex 119.28 22.9231 0
      vertex 116.472 19.35 0
      vertex 118.5 23 0
    endloop
  endfacet
  facet normal 0 0 -1
    outer loop
      vertex 116.413 19.4445 0
      vertex 118.5 23 0
      vertex 116.472 19.35 0
    endloop
  endfacet
  facet normal 0 0 -1
    outer loop
      vertex 116.349 19.5349 0
      vertex 118.5 23 0
      vertex 116.413 19.4445 0
    endloop
  endfacet
  facet normal 0 0 -1
    outer loop
      vertex 116.278 19.6209 0
      vertex 118.5 23 0
      vertex 116.349 19.5349 0
    endloop
  endfacet
  facet normal 0 0 -1
    outer loop
      vertex 116.202 19.7021 0
      vertex 118.5 23 0
      vertex 116.278 19.6209 0
    endloop
  endfacet
  facet normal 0 0 -1
    outer loop
      vertex 116.121 19.7781 0
      vertex 118.5 23 0
      vertex 116.202 19.7021 0
    endloop
  endfacet
  facet normal 0 0 -1
    outer loop
      vertex 116.035 19.8487 0
      vertex 118.5 23 0
      vertex 116.121 19.7781 0
    endloop
  endfacet
  facet normal 0 0 -1
    outer loop
      vertex 115.944 19.9135 0
      vertex 118.5 23 0
      vertex 116.035 19.8487 0
    endloop
  endfacet
  facet normal 0 0 -1
    outer loop
      vertex 115.85 19.9722 0
      vertex 118.5 23 0
      vertex 115.944 19.9135 0
    endloop
  endfacet
  facet normal 0 0 -1
    outer loop
      vertex 115.752 20.0247 0
      vertex 118.5 23 0
      vertex 115.85 19.9722 0
    endloop
  endfacet
  facet normal 0 0 -1
    outer loop
      vertex 115.651 20.0706 0
      vertex 118.5 23 0
      vertex 115.752 20.0247 0
    endloop
  endfacet
  facet normal 0 0 -1
    outer loop
      vertex 115.546 20.1098 0
      vertex 118.5 23 0
      vertex 115.651 20.0706 0
    endloop
  endfacet
  facet normal 0 0 -1
    outer loop
      vertex 115.44 20.1421 0
      vertex 118.5 23 0
      vertex 115.546 20.1098 0
    endloop
  endfacet
  facet normal 0 0 -1
    outer loop
      vertex 115.332 20.1673 0
      vertex 118.5 23 0
      vertex 115.44 20.1421 0
    endloop
  endfacet
  facet normal 0 0 -1
    outer loop
      vertex 115.222 20.1855 0
      vertex 118.5 23 0
      vertex 115.332 20.1673 0
    endloop
  endfacet
  facet normal 0 0 -1
    outer loop
      vertex 115.111 20.1964 0
      vertex 118.5 23 0
      vertex 115.222 20.1855 0
    endloop
  endfacet
  facet normal 0 0 -1
    outer loop
      vertex 115 20.2 0
      vertex 118.5 23 0
      vertex 115.111 20.1964 0
    endloop
  endfacet
  facet normal 0 0 -1
    outer loop
      vertex 114.889 20.1964 0
      vertex 118.5 23 0
      vertex 115 20.2 0
    endloop
  endfacet
  facet normal 0 0 -1
    outer loop
      vertex 114.778 20.1855 0
      vertex 118.5 23 0
      vertex 114.889 20.1964 0
    endloop
  endfacet
  facet normal 0 0 -1
    outer loop
      vertex 114.668 20.1673 0
      vertex 118.5 23 0
      vertex 114.778 20.1855 0
    endloop
  endfacet
  facet normal 0 0 -1
    outer loop
      vertex 114.56 20.1421 0
      vertex 118.5 23 0
      vertex 114.668 20.1673 0
    endloop
  endfacet
  facet normal 0 0 -1
    outer loop
      vertex 114.454 20.1098 0
      vertex 118.5 23 0
      vertex 114.56 20.1421 0
    endloop
  endfacet
  facet normal 0 0 -1
    outer loop
      vertex 114.349 20.0706 0
      vertex 118.5 23 0
      vertex 114.454 20.1098 0
    endloop
  endfacet
  facet normal 0 0 -1
    outer loop
      vertex 102 23 0
      vertex 114.349 20.0706 0
      vertex 114.248 20.0247 0
    endloop
  endfacet
  facet normal 0 0 -1
    outer loop
      vertex 102 23 0
      vertex 114.248 20.0247 0
      vertex 114.15 19.9722 0
    endloop
  endfacet
  facet normal 0 0 -1
    outer loop
      vertex 102 23 0
      vertex 114.15 19.9722 0
      vertex 114.056 19.9135 0
    endloop
  endfacet
  facet normal 0 0 -1
    outer loop
      vertex 113.304 18.3888 0
      vertex 102 23 0
      vertex 113.3 18.5 0
    endloop
  endfacet
  facet normal 0 0 -1
    outer loop
      vertex 113.3 18.5 0
      vertex 102 23 0
      vertex 113.304 18.6112 0
    endloop
  endfacet
  facet normal 0 0 -1
    outer loop
      vertex 113.304 18.6112 0
      vertex 102 23 0
      vertex 113.315 18.7219 0
    endloop
  endfacet
  facet normal 0 0 -1
    outer loop
      vertex 113.315 18.7219 0
      vertex 102 23 0
      vertex 113.333 18.8317 0
    endloop
  endfacet
  facet normal 0 0 -1
    outer loop
      vertex 114.349 20.0706 0
      vertex 102 23 0
      vertex 118.5 23 0
    endloop
  endfacet
  facet normal 0 0 -1
    outer loop
      vertex 113.965 19.8487 0
      vertex 102 23 0
      vertex 114.056 19.9135 0
    endloop
  endfacet
  facet normal 0 0 -1
    outer loop
      vertex 113.879 19.7781 0
      vertex 102 23 0
      vertex 113.965 19.8487 0
    endloop
  endfacet
  facet normal 0 0 -1
    outer loop
      vertex 113.798 19.7021 0
      vertex 102 23 0
      vertex 113.879 19.7781 0
    endloop
  endfacet
  facet normal 0 0 -1
    outer loop
      vertex 113.722 19.6209 0
      vertex 102 23 0
      vertex 113.798 19.7021 0
    endloop
  endfacet
  facet normal 0 0 -1
    outer loop
      vertex 113.651 19.5349 0
      vertex 102 23 0
      vertex 113.722 19.6209 0
    endloop
  endfacet
  facet normal 0 0 -1
    outer loop
      vertex 113.587 19.4445 0
      vertex 102 23 0
      vertex 113.651 19.5349 0
    endloop
  endfacet
  facet normal 0 0 -1
    outer loop
      vertex 113.528 19.35 0
      vertex 102 23 0
      vertex 113.587 19.4445 0
    endloop
  endfacet
  facet normal 0 0 -1
    outer loop
      vertex 113.475 19.2519 0
      vertex 102 23 0
      vertex 113.528 19.35 0
    endloop
  endfacet
  facet normal 0 0 -1
    outer loop
      vertex 113.429 19.1506 0
      vertex 102 23 0
      vertex 113.475 19.2519 0
    endloop
  endfacet
  facet normal 0 0 -1
    outer loop
      vertex 113.39 19.0464 0
      vertex 102 23 0
      vertex 113.429 19.1506 0
    endloop
  endfacet
  facet normal 0 0 -1
    outer loop
      vertex 113.358 18.94 0
      vertex 102 23 0
      vertex 113.39 19.0464 0
    endloop
  endfacet
  facet normal 0 0 -1
    outer loop
      vertex 113.333 18.8317 0
      vertex 102 23 0
      vertex 113.358 18.94 0
    endloop
  endfacet
  facet normal 0 0 -1
    outer loop
      vertex 102 -23 0
      vertex 36.7 0 0
      vertex 102 23 0
    endloop
  endfacet
  facet normal 0 0 -1
    outer loop
      vertex 102 -23 0
      vertex 36.6964 -0.111185 0
      vertex 36.7 0 0
    endloop
  endfacet
  facet normal 0 0 -1
    outer loop
      vertex 102 -23 0
      vertex 36.6855 -0.221894 0
      vertex 36.6964 -0.111185 0
    endloop
  endfacet
  facet normal 0 0 -1
    outer loop
      vertex 102 -23 0
      vertex 36.6673 -0.331653 0
      vertex 36.6855 -0.221894 0
    endloop
  endfacet
  facet normal 0 0 -1
    outer loop
      vertex 102 -23 0
      vertex 36.6421 -0.439992 0
      vertex 36.6673 -0.331653 0
    endloop
  endfacet
  facet normal 0 0 -1
    outer loop
      vertex 102 -23 0
      vertex 36.6098 -0.546447 0
      vertex 36.6421 -0.439992 0
    endloop
  endfacet
  facet normal 0 0 -1
    outer loop
      vertex 102 -23 0
      vertex 36.5706 -0.650561 0
      vertex 36.6098 -0.546447 0
    endloop
  endfacet
  facet normal 0 0 -1
    outer loop
      vertex 102 -23 0
      vertex 36.5247 -0.75189 0
      vertex 36.5706 -0.650561 0
    endloop
  endfacet
  facet normal 0 0 -1
    outer loop
      vertex 102 -23 0
      vertex 36.4722 -0.849999 0
      vertex 36.5247 -0.75189 0
    endloop
  endfacet
  facet normal 0 0 -1
    outer loop
      vertex 102 -23 0
      vertex 36.4135 -0.944468 0
      vertex 36.4722 -0.849999 0
    endloop
  endfacet
  facet normal 0 0 -1
    outer loop
      vertex 102 -23 0
      vertex 36.3487 -1.03489 0
      vertex 36.4135 -0.944468 0
    endloop
  endfacet
  facet normal 0 0 -1
    outer loop
      vertex 102 -23 0
      vertex 36.2781 -1.12089 0
      vertex 36.3487 -1.03489 0
    endloop
  endfacet
  facet normal 0 0 -1
    outer loop
      vertex 102 -23 0
      vertex 36.2021 -1.20208 0
      vertex 36.2781 -1.12089 0
    endloop
  endfacet
  facet normal 0 0 -1
    outer loop
      vertex 102 -23 0
      vertex 36.1209 -1.27813 0
      vertex 36.2021 -1.20208 0
    endloop
  endfacet
  facet normal 0 0 -1
    outer loop
      vertex 102 -23 0
      vertex 36.0349 -1.3487 0
      vertex 36.1209 -1.27813 0
    endloop
  endfacet
  facet normal 0 0 -1
    outer loop
      vertex 102 -23 0
      vertex 35.9445 -1.4135 0
      vertex 36.0349 -1.3487 0
    endloop
  endfacet
  facet normal 0 0 -1
    outer loop
      vertex 102 -23 0
      vertex 35.85 -1.47224 0
      vertex 35.9445 -1.4135 0
    endloop
  endfacet
  facet normal 0 0 -1
    outer loop
      vertex 102 -23 0
      vertex 35.7519 -1.52468 0
      vertex 35.85 -1.47224 0
    endloop
  endfacet
  facet normal 0 0 -1
    outer loop
      vertex 102 -23 0
      vertex 35.6506 -1.57059 0
      vertex 35.7519 -1.52468 0
    endloop
  endfacet
  facet normal 0 0 -1
    outer loop
      vertex 102 -23 0
      vertex 35.5464 -1.60978 0
      vertex 35.6506 -1.57059 0
    endloop
  endfacet
  facet normal 0 0 -1
    outer loop
      vertex 102 -23 0
      vertex 35.44 -1.64207 0
      vertex 35.5464 -1.60978 0
    endloop
  endfacet
  facet normal 0 0 -1
    outer loop
      vertex 102 -23 0
      vertex 35.3317 -1.66733 0
      vertex 35.44 -1.64207 0
    endloop
  endfacet
  facet normal 0 0 -1
    outer loop
      vertex 102 -23 0
      vertex 35.2219 -1.68546 0
      vertex 35.3317 -1.66733 0
    endloop
  endfacet
  facet normal 0 0 -1
    outer loop
      vertex -1.04645 -15.9657 0
      vertex 35.2219 -1.68546 0
      vertex 102 -23 0
    endloop
  endfacet
  facet normal 0 0 -1
    outer loop
      vertex 35.2219 -1.68546 0
      vertex -1.04645 -15.9657 0
      vertex 35.1112 -1.69636 0
    endloop
  endfacet
  facet normal 0 0 -1
    outer loop
      vertex 35.1112 -1.69636 0
      vertex -1.04645 -15.9657 0
      vertex 35 -1.7 0
    endloop
  endfacet
  facet normal -0 0 -1
    outer loop
      vertex 35 -1.7 0
      vertex -1.04645 -15.9657 0
      vertex 34.8888 -1.69636 0
    endloop
  endfacet
  facet normal -0 0 -1
    outer loop
      vertex 34.8888 -1.69636 0
      vertex -1.04645 -15.9657 0
      vertex 34.7781 -1.68546 0
    endloop
  endfacet
  facet normal -0 0 -1
    outer loop
      vertex 34.7781 -1.68546 0
      vertex -1.04645 -15.9657 0
      vertex 34.6683 -1.66733 0
    endloop
  endfacet
  facet normal -0 0 -1
    outer loop
      vertex 34.6683 -1.66733 0
      vertex -1.04645 -15.9657 0
      vertex 34.56 -1.64207 0
    endloop
  endfacet
  facet normal 0 0 -1
    outer loop
      vertex 33.3036 -0.111185 0
      vertex 8.1 0 0
      vertex 33.3 0 0
    endloop
  endfacet
  facet normal 0 0 -1
    outer loop
      vertex 8.08266 -0.529765 0
      vertex 33.3036 -0.111185 0
      vertex 33.3145 -0.221894 0
    endloop
  endfacet
  facet normal 0 0 -1
    outer loop
      vertex 8.0307 -1.05726 0
      vertex 33.3145 -0.221894 0
      vertex 33.3327 -0.331653 0
    endloop
  endfacet
  facet normal 0 0 -1
    outer loop
      vertex 8.0307 -1.05726 0
      vertex 33.3327 -0.331653 0
      vertex 33.3579 -0.439992 0
    endloop
  endfacet
  facet normal 0 0 -1
    outer loop
      vertex 7.94436 -1.58023 0
      vertex 33.3579 -0.439992 0
      vertex 33.3902 -0.546447 0
    endloop
  endfacet
  facet normal 0 0 -1
    outer loop
      vertex 7.824 -2.09643 0
      vertex 33.3902 -0.546447 0
      vertex 33.4294 -0.650561 0
    endloop
  endfacet
  facet normal 0 0 -1
    outer loop
      vertex 7.824 -2.09643 0
      vertex 33.4294 -0.650561 0
      vertex 33.4753 -0.75189 0
    endloop
  endfacet
  facet normal 0 0 -1
    outer loop
      vertex 7.67013 -2.60366 0
      vertex 33.4753 -0.75189 0
      vertex 33.5278 -0.849999 0
    endloop
  endfacet
  facet normal 0 0 -1
    outer loop
      vertex 7.48342 -3.09974 0
      vertex 33.5278 -0.849999 0
      vertex 33.5865 -0.944468 0
    endloop
  endfacet
  facet normal 0 0 -1
    outer loop
      vertex 7.26467 -3.58254 0
      vertex 33.5865 -0.944468 0
      vertex 33.6513 -1.03489 0
    endloop
  endfacet
  facet normal 0 0 -1
    outer loop
      vertex 7.26467 -3.58254 0
      vertex 33.6513 -1.03489 0
      vertex 33.7219 -1.12089 0
    endloop
  endfacet
  facet normal 0 0 -1
    outer loop
      vertex 7.0148 -4.05 0
      vertex 33.7219 -1.12089 0
      vertex 33.7979 -1.20208 0
    endloop
  endfacet
  facet normal 0 0 -1
    outer loop
      vertex 6.7349 -4.50012 0
      vertex 33.7979 -1.20208 0
      vertex 33.8791 -1.27813 0
    endloop
  endfacet
  facet normal 0 0 -1
    outer loop
      vertex 6.42616 -4.93097 0
      vertex 33.8791 -1.27813 0
      vertex 33.9651 -1.3487 0
    endloop
  endfacet
  facet normal 0 0 -1
    outer loop
      vertex 6.42616 -4.93097 0
      vertex 33.9651 -1.3487 0
      vertex 34.0555 -1.4135 0
    endloop
  endfacet
  facet normal 0 0 -1
    outer loop
      vertex 6.0899 -5.3407 0
      vertex 34.0555 -1.4135 0
      vertex 34.15 -1.47224 0
    endloop
  endfacet
  facet normal 0 0 -1
    outer loop
      vertex 5.72756 -5.72756 0
      vertex 34.15 -1.47224 0
      vertex 34.2481 -1.52468 0
    endloop
  endfacet
  facet normal 0 0 -1
    outer loop
      vertex -1.04645 -15.9657 0
      vertex 34.2481 -1.52468 0
      vertex 34.3494 -1.57059 0
    endloop
  endfacet
  facet normal 0 0 -1
    outer loop
      vertex -1.04645 -15.9657 0
      vertex 34.3494 -1.57059 0
      vertex 34.4536 -1.60978 0
    endloop
  endfacet
  facet normal -0 0 -1
    outer loop
      vertex 34.56 -1.64207 0
      vertex -1.04645 -15.9657 0
      vertex 34.4536 -1.60978 0
    endloop
  endfacet
  facet normal -0 0 -1
    outer loop
      vertex 33.3036 -0.111185 0
      vertex 8.08266 -0.529765 0
      vertex 8.1 0 0
    endloop
  endfacet
  facet normal 0 0 -1
    outer loop
      vertex 33.3145 -0.221894 0
      vertex 8.0307 -1.05726 0
      vertex 8.08266 -0.529765 0
    endloop
  endfacet
  facet normal 0 0 -1
    outer loop
      vertex 33.3579 -0.439992 0
      vertex 7.94436 -1.58023 0
      vertex 8.0307 -1.05726 0
    endloop
  endfacet
  facet normal 0 0 -1
    outer loop
      vertex 33.3902 -0.546447 0
      vertex 7.824 -2.09643 0
      vertex 7.94436 -1.58023 0
    endloop
  endfacet
  facet normal 0 0 -1
    outer loop
      vertex 33.4753 -0.75189 0
      vertex 7.67013 -2.60366 0
      vertex 7.824 -2.09643 0
    endloop
  endfacet
  facet normal 0 0 -1
    outer loop
      vertex 33.5278 -0.849999 0
      vertex 7.48342 -3.09974 0
      vertex 7.67013 -2.60366 0
    endloop
  endfacet
  facet normal 0 0 -1
    outer loop
      vertex 33.5865 -0.944468 0
      vertex 7.26467 -3.58254 0
      vertex 7.48342 -3.09974 0
    endloop
  endfacet
  facet normal 0 0 -1
    outer loop
      vertex 33.7219 -1.12089 0
      vertex 7.0148 -4.05 0
      vertex 7.26467 -3.58254 0
    endloop
  endfacet
  facet normal 0 0 -1
    outer loop
      vertex 33.7979 -1.20208 0
      vertex 6.7349 -4.50012 0
      vertex 7.0148 -4.05 0
    endloop
  endfacet
  facet normal 0 0 -1
    outer loop
      vertex 33.8791 -1.27813 0
      vertex 6.42616 -4.93097 0
      vertex 6.7349 -4.50012 0
    endloop
  endfacet
  facet normal 0 0 -1
    outer loop
      vertex 34.0555 -1.4135 0
      vertex 6.0899 -5.3407 0
      vertex 6.42616 -4.93097 0
    endloop
  endfacet
  facet normal 0 0 -1
    outer loop
      vertex 34.2481 -1.52468 0
      vertex -1.04645 -15.9657 0
      vertex 5.72756 -5.72756 0
    endloop
  endfacet
  facet normal 0 0 -1
    outer loop
      vertex 34.15 -1.47224 0
      vertex 5.72756 -5.72756 0
      vertex 6.0899 -5.3407 0
    endloop
  endfacet
  facet normal 0 0 -1
    outer loop
      vertex 5.72756 -5.72756 0
      vertex -1.04645 -15.9657 0
      vertex 5.3407 -6.0899 0
    endloop
  endfacet
  facet normal 0 0 -1
    outer loop
      vertex 5.3407 -6.0899 0
      vertex -1.04645 -15.9657 0
      vertex 4.93097 -6.42616 0
    endloop
  endfacet
  facet normal 0 0 -1
    outer loop
      vertex 4.93097 -6.42616 0
      vertex -1.04645 -15.9657 0
      vertex 4.50012 -6.7349 0
    endloop
  endfacet
  facet normal 0 0 -1
    outer loop
      vertex 4.50012 -6.7349 0
      vertex -1.04645 -15.9657 0
      vertex 4.05 -7.0148 0
    endloop
  endfacet
  facet normal 0 0 -1
    outer loop
      vertex 4.05 -7.0148 0
      vertex -1.04645 -15.9657 0
      vertex 3.58254 -7.26467 0
    endloop
  endfacet
  facet normal 0 0 -1
    outer loop
      vertex 3.58254 -7.26467 0
      vertex -1.04645 -15.9657 0
      vertex 3.09974 -7.48342 0
    endloop
  endfacet
  facet normal 0 0 -1
    outer loop
      vertex 3.09974 -7.48342 0
      vertex -1.04645 -15.9657 0
      vertex 2.60366 -7.67013 0
    endloop
  endfacet
  facet normal 0 0 -1
    outer loop
      vertex 2.60366 -7.67013 0
      vertex -1.04645 -15.9657 0
      vertex 2.09643 -7.824 0
    endloop
  endfacet
  facet normal 0 0 -1
    outer loop
      vertex 2.09643 -7.824 0
      vertex -1.04645 -15.9657 0
      vertex 1.58023 -7.94436 0
    endloop
  endfacet
  facet normal 0 0 -1
    outer loop
      vertex 1.58023 -7.94436 0
      vertex -1.04645 -15.9657 0
      vertex 1.05726 -8.0307 0
    endloop
  endfacet
  facet normal 0 0 -1
    outer loop
      vertex 1.05726 -8.0307 0
      vertex -1.04645 -15.9657 0
      vertex 0.529765 -8.08266 0
    endloop
  endfacet
  facet normal 0 0 -1
    outer loop
      vertex 0.529765 -8.08266 0
      vertex -1.04645 -15.9657 0
      vertex 0 -8.1 0
    endloop
  endfacet
  facet normal -0 0 -1
    outer loop
      vertex 0 -8.1 0
      vertex -1.04645 -15.9657 0
      vertex -0.529765 -8.08266 0
    endloop
  endfacet
  facet normal 0 0 -1
    outer loop
      vertex -1.04645 -15.9657 0
      vertex -1.05726 -8.0307 0
      vertex -0.529765 -8.08266 0
    endloop
  endfacet
  facet normal 0 0 -1
    outer loop
      vertex -2.08842 -15.8631 0
      vertex -1.05726 -8.0307 0
      vertex -1.04645 -15.9657 0
    endloop
  endfacet
  facet normal -0 0 -1
    outer loop
      vertex -1.05726 -8.0307 0
      vertex -2.08842 -15.8631 0
      vertex -1.58023 -7.94436 0
    endloop
  endfacet
  facet normal 0 0 -1
    outer loop
      vertex -3.12144 -15.6926 0
      vertex -1.58023 -7.94436 0
      vertex -2.08842 -15.8631 0
    endloop
  endfacet
  facet normal -0 0 -1
    outer loop
      vertex -1.58023 -7.94436 0
      vertex -3.12144 -15.6926 0
      vertex -2.09643 -7.824 0
    endloop
  endfacet
  facet normal 0 0 -1
    outer loop
      vertex -4.1411 -15.4548 0
      vertex -2.09643 -7.824 0
      vertex -3.12144 -15.6926 0
    endloop
  endfacet
  facet normal -0 0 -1
    outer loop
      vertex -2.09643 -7.824 0
      vertex -4.1411 -15.4548 0
      vertex -2.60366 -7.67013 0
    endloop
  endfacet
  facet normal 0 0 -1
    outer loop
      vertex -5.14303 -15.1509 0
      vertex -2.60366 -7.67013 0
      vertex -4.1411 -15.4548 0
    endloop
  endfacet
  facet normal -0 0 -1
    outer loop
      vertex -2.60366 -7.67013 0
      vertex -5.14303 -15.1509 0
      vertex -3.09974 -7.48342 0
    endloop
  endfacet
  facet normal 0 0 -1
    outer loop
      vertex -6.12293 -14.7821 0
      vertex -3.09974 -7.48342 0
      vertex -5.14303 -15.1509 0
    endloop
  endfacet
  facet normal -0 0 -1
    outer loop
      vertex -3.09974 -7.48342 0
      vertex -6.12293 -14.7821 0
      vertex -3.58254 -7.26467 0
    endloop
  endfacet
  facet normal 0 0 -1
    outer loop
      vertex -7.07662 -14.35 0
      vertex -3.58254 -7.26467 0
      vertex -6.12293 -14.7821 0
    endloop
  endfacet
  facet normal -0 0 -1
    outer loop
      vertex -3.58254 -7.26467 0
      vertex -7.07662 -14.35 0
      vertex -4.05 -7.0148 0
    endloop
  endfacet
  facet normal 0 0 -1
    outer loop
      vertex -8 -13.8564 0
      vertex -4.05 -7.0148 0
      vertex -7.07662 -14.35 0
    endloop
  endfacet
  facet normal -0 0 -1
    outer loop
      vertex -4.05 -7.0148 0
      vertex -8 -13.8564 0
      vertex -4.50012 -6.7349 0
    endloop
  endfacet
  facet normal 0 0 -1
    outer loop
      vertex -8.88912 -13.3035 0
      vertex -4.50012 -6.7349 0
      vertex -8 -13.8564 0
    endloop
  endfacet
  facet normal -0 0 -1
    outer loop
      vertex -4.50012 -6.7349 0
      vertex -8.88912 -13.3035 0
      vertex -4.93097 -6.42616 0
    endloop
  endfacet
  facet normal 0 0 -1
    outer loop
      vertex -9.74018 -12.6937 0
      vertex -4.93097 -6.42616 0
      vertex -8.88912 -13.3035 0
    endloop
  endfacet
  facet normal -0 0 -1
    outer loop
      vertex -4.93097 -6.42616 0
      vertex -9.74018 -12.6937 0
      vertex -5.3407 -6.0899 0
    endloop
  endfacet
  facet normal 0 0 -1
    outer loop
      vertex -10.5495 -12.0294 0
      vertex -5.3407 -6.0899 0
      vertex -9.74018 -12.6937 0
    endloop
  endfacet
  facet normal -0 0 -1
    outer loop
      vertex -5.3407 -6.0899 0
      vertex -10.5495 -12.0294 0
      vertex -5.72756 -5.72756 0
    endloop
  endfacet
  facet normal 0 0 -1
    outer loop
      vertex -11.3137 -11.3137 0
      vertex -5.72756 -5.72756 0
      vertex -10.5495 -12.0294 0
    endloop
  endfacet
  facet normal -0 0 -1
    outer loop
      vertex -5.72756 -5.72756 0
      vertex -11.3137 -11.3137 0
      vertex -6.0899 -5.3407 0
    endloop
  endfacet
  facet normal 0 0 -1
    outer loop
      vertex -12.0294 -10.5495 0
      vertex -6.0899 -5.3407 0
      vertex -11.3137 -11.3137 0
    endloop
  endfacet
  facet normal -0 0 -1
    outer loop
      vertex -6.0899 -5.3407 0
      vertex -12.0294 -10.5495 0
      vertex -6.42616 -4.93097 0
    endloop
  endfacet
  facet normal 0 0 -1
    outer loop
      vertex -12.6937 -9.74018 0
      vertex -6.42616 -4.93097 0
      vertex -12.0294 -10.5495 0
    endloop
  endfacet
  facet normal -0 0 -1
    outer loop
      vertex -6.42616 -4.93097 0
      vertex -12.6937 -9.74018 0
      vertex -6.7349 -4.50012 0
    endloop
  endfacet
  facet normal 0 0 -1
    outer loop
      vertex -13.3035 -8.88912 0
      vertex -6.7349 -4.50012 0
      vertex -12.6937 -9.74018 0
    endloop
  endfacet
  facet normal -0 0 -1
    outer loop
      vertex -6.7349 -4.50012 0
      vertex -13.3035 -8.88912 0
      vertex -7.0148 -4.05 0
    endloop
  endfacet
  facet normal 0 0 -1
    outer loop
      vertex -13.8564 -8 0
      vertex -7.0148 -4.05 0
      vertex -13.3035 -8.88912 0
    endloop
  endfacet
  facet normal -0 0 -1
    outer loop
      vertex -7.0148 -4.05 0
      vertex -13.8564 -8 0
      vertex -7.26467 -3.58254 0
    endloop
  endfacet
  facet normal -0.999463 0.0327599 0
    outer loop
      vertex -16 0 0
      vertex -15.9657 1.04645 5
      vertex -15.9657 1.04645 0
    endloop
  endfacet
  facet normal -0.999463 0.0327599 0
    outer loop
      vertex -15.9657 1.04645 5
      vertex -16 0 0
      vertex -16 0 5
    endloop
  endfacet
  facet normal -0.999463 -0.0327599 0
    outer loop
      vertex -15.9657 -1.04645 0
      vertex -16 0 5
      vertex -16 0 0
    endloop
  endfacet
  facet normal -0.999463 -0.0327599 0
    outer loop
      vertex -16 0 5
      vertex -15.9657 -1.04645 0
      vertex -15.9657 -1.04645 5
    endloop
  endfacet
  facet normal 0 0 1
    outer loop
      vertex 5.3407 6.0899 5
      vertex 28 15.543 5
      vertex 28 17.9485 5
    endloop
  endfacet
  facet normal 0 -0 1
    outer loop
      vertex 8.1 0 5
      vertex 28 15.543 5
      vertex 8.08266 0.529765 5
    endloop
  endfacet
  facet normal -0 0 1
    outer loop
      vertex 8.08266 -0.529765 5
      vertex 28 -15.543 5
      vertex 8.1 0 5
    endloop
  endfacet
  facet normal 0 0 1
    outer loop
      vertex 28 15.543 5
      vertex 8.1 0 5
      vertex 28 -15.543 5
    endloop
  endfacet
  facet normal 0 0 1
    outer loop
      vertex 28 15.543 5
      vertex 8.0307 1.05726 5
      vertex 8.08266 0.529765 5
    endloop
  endfacet
  facet normal 0 0 1
    outer loop
      vertex 28 15.543 5
      vertex 7.94436 1.58023 5
      vertex 8.0307 1.05726 5
    endloop
  endfacet
  facet normal 0 0 1
    outer loop
      vertex 28 15.543 5
      vertex 7.824 2.09643 5
      vertex 7.94436 1.58023 5
    endloop
  endfacet
  facet normal 0 0 1
    outer loop
      vertex 28 15.543 5
      vertex 7.67013 2.60366 5
      vertex 7.824 2.09643 5
    endloop
  endfacet
  facet normal 0 0 1
    outer loop
      vertex 28 15.543 5
      vertex 7.48342 3.09974 5
      vertex 7.67013 2.60366 5
    endloop
  endfacet
  facet normal 0 0 1
    outer loop
      vertex 28 15.543 5
      vertex 7.26467 3.58254 5
      vertex 7.48342 3.09974 5
    endloop
  endfacet
  facet normal 0 0 1
    outer loop
      vertex 28 15.543 5
      vertex 7.0148 4.05 5
      vertex 7.26467 3.58254 5
    endloop
  endfacet
  facet normal 0 0 1
    outer loop
      vertex 28 15.543 5
      vertex 6.7349 4.50012 5
      vertex 7.0148 4.05 5
    endloop
  endfacet
  facet normal 0 0 1
    outer loop
      vertex 28 15.543 5
      vertex 6.42616 4.93097 5
      vertex 6.7349 4.50012 5
    endloop
  endfacet
  facet normal 0 0 1
    outer loop
      vertex 28 15.543 5
      vertex 6.0899 5.3407 5
      vertex 6.42616 4.93097 5
    endloop
  endfacet
  facet normal 0 0 1
    outer loop
      vertex 28 15.543 5
      vertex 5.72756 5.72756 5
      vertex 6.0899 5.3407 5
    endloop
  endfacet
  facet normal 0 0 1
    outer loop
      vertex 28 15.543 5
      vertex 5.3407 6.0899 5
      vertex 5.72756 5.72756 5
    endloop
  endfacet
  facet normal 0 0 1
    outer loop
      vertex 28 17.9485 5
      vertex 4.93097 6.42616 5
      vertex 5.3407 6.0899 5
    endloop
  endfacet
  facet normal -0 0 1
    outer loop
      vertex -1.04645 15.9657 5
      vertex 4.93097 6.42616 5
      vertex 28 17.9485 5
    endloop
  endfacet
  facet normal 0 0 1
    outer loop
      vertex 4.93097 6.42616 5
      vertex -1.04645 15.9657 5
      vertex 4.50012 6.7349 5
    endloop
  endfacet
  facet normal 0 0 1
    outer loop
      vertex 4.50012 6.7349 5
      vertex -1.04645 15.9657 5
      vertex 4.05 7.0148 5
    endloop
  endfacet
  facet normal 0 0 1
    outer loop
      vertex 4.05 7.0148 5
      vertex -1.04645 15.9657 5
      vertex 3.58254 7.26467 5
    endloop
  endfacet
  facet normal 0 0 1
    outer loop
      vertex 3.58254 7.26467 5
      vertex -1.04645 15.9657 5
      vertex 3.09974 7.48342 5
    endloop
  endfacet
  facet normal 0 0 1
    outer loop
      vertex 3.09974 7.48342 5
      vertex -1.04645 15.9657 5
      vertex 2.60366 7.67013 5
    endloop
  endfacet
  facet normal 0 0 1
    outer loop
      vertex 2.60366 7.67013 5
      vertex -1.04645 15.9657 5
      vertex 2.09643 7.824 5
    endloop
  endfacet
  facet normal 0 0 1
    outer loop
      vertex 2.09643 7.824 5
      vertex -1.04645 15.9657 5
      vertex 1.58023 7.94436 5
    endloop
  endfacet
  facet normal 0 0 1
    outer loop
      vertex 1.58023 7.94436 5
      vertex -1.04645 15.9657 5
      vertex 1.05726 8.0307 5
    endloop
  endfacet
  facet normal 0 0 1
    outer loop
      vertex 1.05726 8.0307 5
      vertex -1.04645 15.9657 5
      vertex 0.529765 8.08266 5
    endloop
  endfacet
  facet normal 0 0 1
    outer loop
      vertex 0.529765 8.08266 5
      vertex -1.04645 15.9657 5
      vertex 0 8.1 5
    endloop
  endfacet
  facet normal 0 0 1
    outer loop
      vertex -1.04645 15.9657 5
      vertex 28 17.9485 5
      vertex 102 23 5
    endloop
  endfacet
  facet normal 0 0 1
    outer loop
      vertex 0 8.1 5
      vertex -1.04645 15.9657 5
      vertex -0.529765 8.08266 5
    endloop
  endfacet
  facet normal 0 0 1
    outer loop
      vertex -1.04645 15.9657 5
      vertex -1.05726 8.0307 5
      vertex -0.529765 8.08266 5
    endloop
  endfacet
  facet normal -0 0 1
    outer loop
      vertex -2.08842 15.8631 5
      vertex -1.05726 8.0307 5
      vertex -1.04645 15.9657 5
    endloop
  endfacet
  facet normal 0 0 1
    outer loop
      vertex -1.05726 8.0307 5
      vertex -2.08842 15.8631 5
      vertex -1.58023 7.94436 5
    endloop
  endfacet
  facet normal -0 0 1
    outer loop
      vertex -3.12144 15.6926 5
      vertex -1.58023 7.94436 5
      vertex -2.08842 15.8631 5
    endloop
  endfacet
  facet normal 0 0 1
    outer loop
      vertex -1.58023 7.94436 5
      vertex -3.12144 15.6926 5
      vertex -2.09643 7.824 5
    endloop
  endfacet
  facet normal -0 0 1
    outer loop
      vertex -4.1411 15.4548 5
      vertex -2.09643 7.824 5
      vertex -3.12144 15.6926 5
    endloop
  endfacet
  facet normal 0 0 1
    outer loop
      vertex -2.09643 7.824 5
      vertex -4.1411 15.4548 5
      vertex -2.60366 7.67013 5
    endloop
  endfacet
  facet normal -0 0 1
    outer loop
      vertex -5.14303 15.1509 5
      vertex -2.60366 7.67013 5
      vertex -4.1411 15.4548 5
    endloop
  endfacet
  facet normal 0 0 1
    outer loop
      vertex -2.60366 7.67013 5
      vertex -5.14303 15.1509 5
      vertex -3.09974 7.48342 5
    endloop
  endfacet
  facet normal -0 0 1
    outer loop
      vertex -6.12293 14.7821 5
      vertex -3.09974 7.48342 5
      vertex -5.14303 15.1509 5
    endloop
  endfacet
  facet normal 0 0 1
    outer loop
      vertex -3.09974 7.48342 5
      vertex -6.12293 14.7821 5
      vertex -3.58254 7.26467 5
    endloop
  endfacet
  facet normal -0 0 1
    outer loop
      vertex -7.07662 14.35 5
      vertex -3.58254 7.26467 5
      vertex -6.12293 14.7821 5
    endloop
  endfacet
  facet normal 0 0 1
    outer loop
      vertex -3.58254 7.26467 5
      vertex -7.07662 14.35 5
      vertex -4.05 7.0148 5
    endloop
  endfacet
  facet normal -0 0 1
    outer loop
      vertex -8 13.8564 5
      vertex -4.05 7.0148 5
      vertex -7.07662 14.35 5
    endloop
  endfacet
  facet normal 0 0 1
    outer loop
      vertex -4.05 7.0148 5
      vertex -8 13.8564 5
      vertex -4.50012 6.7349 5
    endloop
  endfacet
  facet normal -0 0 1
    outer loop
      vertex -8.88912 13.3035 5
      vertex -4.50012 6.7349 5
      vertex -8 13.8564 5
    endloop
  endfacet
  facet normal 0 0 1
    outer loop
      vertex -4.50012 6.7349 5
      vertex -8.88912 13.3035 5
      vertex -4.93097 6.42616 5
    endloop
  endfacet
  facet normal -0 0 1
    outer loop
      vertex -9.74018 12.6937 5
      vertex -4.93097 6.42616 5
      vertex -8.88912 13.3035 5
    endloop
  endfacet
  facet normal 0 0 1
    outer loop
      vertex -4.93097 6.42616 5
      vertex -9.74018 12.6937 5
      vertex -5.3407 6.0899 5
    endloop
  endfacet
  facet normal -0 0 1
    outer loop
      vertex -10.5495 12.0294 5
      vertex -5.3407 6.0899 5
      vertex -9.74018 12.6937 5
    endloop
  endfacet
  facet normal 0 0 1
    outer loop
      vertex -5.3407 6.0899 5
      vertex -10.5495 12.0294 5
      vertex -5.72756 5.72756 5
    endloop
  endfacet
  facet normal -0 0 1
    outer loop
      vertex -11.3137 11.3137 5
      vertex -5.72756 5.72756 5
      vertex -10.5495 12.0294 5
    endloop
  endfacet
  facet normal 0 0 1
    outer loop
      vertex -5.72756 5.72756 5
      vertex -11.3137 11.3137 5
      vertex -6.0899 5.3407 5
    endloop
  endfacet
  facet normal -0 0 1
    outer loop
      vertex -12.0294 10.5495 5
      vertex -6.0899 5.3407 5
      vertex -11.3137 11.3137 5
    endloop
  endfacet
  facet normal 0 0 1
    outer loop
      vertex -6.0899 5.3407 5
      vertex -12.0294 10.5495 5
      vertex -6.42616 4.93097 5
    endloop
  endfacet
  facet normal -0 0 1
    outer loop
      vertex -12.6937 9.74018 5
      vertex -6.42616 4.93097 5
      vertex -12.0294 10.5495 5
    endloop
  endfacet
  facet normal 0 0 1
    outer loop
      vertex -6.42616 4.93097 5
      vertex -12.6937 9.74018 5
      vertex -6.7349 4.50012 5
    endloop
  endfacet
  facet normal -0 0 1
    outer loop
      vertex -13.3035 8.88912 5
      vertex -6.7349 4.50012 5
      vertex -12.6937 9.74018 5
    endloop
  endfacet
  facet normal 0 0 1
    outer loop
      vertex -6.7349 4.50012 5
      vertex -13.3035 8.88912 5
      vertex -7.0148 4.05 5
    endloop
  endfacet
  facet normal -0 0 1
    outer loop
      vertex -13.8564 8 5
      vertex -7.0148 4.05 5
      vertex -13.3035 8.88912 5
    endloop
  endfacet
  facet normal 0 0 1
    outer loop
      vertex -7.0148 4.05 5
      vertex -13.8564 8 5
      vertex -7.26467 3.58254 5
    endloop
  endfacet
  facet normal -0 0 1
    outer loop
      vertex 8.0307 -1.05726 5
      vertex 28 -15.543 5
      vertex 8.08266 -0.529765 5
    endloop
  endfacet
  facet normal -0 0 1
    outer loop
      vertex 7.94436 -1.58023 5
      vertex 28 -15.543 5
      vertex 8.0307 -1.05726 5
    endloop
  endfacet
  facet normal -0 0 1
    outer loop
      vertex 7.824 -2.09643 5
      vertex 28 -15.543 5
      vertex 7.94436 -1.58023 5
    endloop
  endfacet
  facet normal -0 0 1
    outer loop
      vertex 7.67013 -2.60366 5
      vertex 28 -15.543 5
      vertex 7.824 -2.09643 5
    endloop
  endfacet
  facet normal -0 0 1
    outer loop
      vertex 7.48342 -3.09974 5
      vertex 28 -15.543 5
      vertex 7.67013 -2.60366 5
    endloop
  endfacet
  facet normal -0 0 1
    outer loop
      vertex 7.26467 -3.58254 5
      vertex 28 -15.543 5
      vertex 7.48342 -3.09974 5
    endloop
  endfacet
  facet normal -0 0 1
    outer loop
      vertex 7.0148 -4.05 5
      vertex 28 -15.543 5
      vertex 7.26467 -3.58254 5
    endloop
  endfacet
  facet normal -0 0 1
    outer loop
      vertex 6.7349 -4.50012 5
      vertex 28 -15.543 5
      vertex 7.0148 -4.05 5
    endloop
  endfacet
  facet normal -0 0 1
    outer loop
      vertex 6.42616 -4.93097 5
      vertex 28 -15.543 5
      vertex 6.7349 -4.50012 5
    endloop
  endfacet
  facet normal -0 0 1
    outer loop
      vertex 6.0899 -5.3407 5
      vertex 28 -15.543 5
      vertex 6.42616 -4.93097 5
    endloop
  endfacet
  facet normal -0 0 1
    outer loop
      vertex 5.72756 -5.72756 5
      vertex 28 -15.543 5
      vertex 6.0899 -5.3407 5
    endloop
  endfacet
  facet normal -0 0 1
    outer loop
      vertex 5.3407 -6.0899 5
      vertex 28 -15.543 5
      vertex 5.72756 -5.72756 5
    endloop
  endfacet
  facet normal 0 0 1
    outer loop
      vertex 28 -15.543 5
      vertex 5.3407 -6.0899 5
      vertex 28 -17.9485 5
    endloop
  endfacet
  facet normal -0 0 1
    outer loop
      vertex 4.93097 -6.42616 5
      vertex 28 -17.9485 5
      vertex 5.3407 -6.0899 5
    endloop
  endfacet
  facet normal 0 0 1
    outer loop
      vertex -1.04645 -15.9657 5
      vertex 4.93097 -6.42616 5
      vertex 4.50012 -6.7349 5
    endloop
  endfacet
  facet normal 0 0 1
    outer loop
      vertex -1.04645 -15.9657 5
      vertex 4.50012 -6.7349 5
      vertex 4.05 -7.0148 5
    endloop
  endfacet
  facet normal 0 0 1
    outer loop
      vertex -1.04645 -15.9657 5
      vertex 4.05 -7.0148 5
      vertex 3.58254 -7.26467 5
    endloop
  endfacet
  facet normal 0 0 1
    outer loop
      vertex -1.04645 -15.9657 5
      vertex 3.58254 -7.26467 5
      vertex 3.09974 -7.48342 5
    endloop
  endfacet
  facet normal 0 0 1
    outer loop
      vertex -1.04645 -15.9657 5
      vertex 3.09974 -7.48342 5
      vertex 2.60366 -7.67013 5
    endloop
  endfacet
  facet normal 0 0 1
    outer loop
      vertex -1.04645 -15.9657 5
      vertex 2.60366 -7.67013 5
      vertex 2.09643 -7.824 5
    endloop
  endfacet
  facet normal 0 0 1
    outer loop
      vertex -1.04645 -15.9657 5
      vertex 2.09643 -7.824 5
      vertex 1.58023 -7.94436 5
    endloop
  endfacet
  facet normal 0 0 1
    outer loop
      vertex -1.04645 -15.9657 5
      vertex 1.58023 -7.94436 5
      vertex 1.05726 -8.0307 5
    endloop
  endfacet
  facet normal 0 0 1
    outer loop
      vertex -1.04645 -15.9657 5
      vertex 1.05726 -8.0307 5
      vertex 0.529765 -8.08266 5
    endloop
  endfacet
  facet normal 0 0 1
    outer loop
      vertex -1.04645 -15.9657 5
      vertex 0.529765 -8.08266 5
      vertex 0 -8.1 5
    endloop
  endfacet
  facet normal 0 0 1
    outer loop
      vertex -1.04645 -15.9657 5
      vertex 0 -8.1 5
      vertex -0.529765 -8.08266 5
    endloop
  endfacet
  facet normal 0 0 1
    outer loop
      vertex 28 -17.9485 5
      vertex -1.04645 -15.9657 5
      vertex 102 -23 5
    endloop
  endfacet
  facet normal 0 0 1
    outer loop
      vertex 4.93097 -6.42616 5
      vertex -1.04645 -15.9657 5
      vertex 28 -17.9485 5
    endloop
  endfacet
  facet normal 0 0 1
    outer loop
      vertex -1.05726 -8.0307 5
      vertex -1.04645 -15.9657 5
      vertex -0.529765 -8.08266 5
    endloop
  endfacet
  facet normal 0 0 1
    outer loop
      vertex -2.08842 -15.8631 5
      vertex -1.05726 -8.0307 5
      vertex -1.58023 -7.94436 5
    endloop
  endfacet
  facet normal 0 0 1
    outer loop
      vertex -1.05726 -8.0307 5
      vertex -2.08842 -15.8631 5
      vertex -1.04645 -15.9657 5
    endloop
  endfacet
  facet normal 0 0 1
    outer loop
      vertex -3.12144 -15.6926 5
      vertex -1.58023 -7.94436 5
      vertex -2.09643 -7.824 5
    endloop
  endfacet
  facet normal 0 0 1
    outer loop
      vertex -4.1411 -15.4548 5
      vertex -2.09643 -7.824 5
      vertex -2.60366 -7.67013 5
    endloop
  endfacet
  facet normal 0 0 1
    outer loop
      vertex -5.14303 -15.1509 5
      vertex -2.60366 -7.67013 5
      vertex -3.09974 -7.48342 5
    endloop
  endfacet
  facet normal 0 0 1
    outer loop
      vertex -1.58023 -7.94436 5
      vertex -3.12144 -15.6926 5
      vertex -2.08842 -15.8631 5
    endloop
  endfacet
  facet normal 0 0 1
    outer loop
      vertex -6.12293 -14.7821 5
      vertex -3.09974 -7.48342 5
      vertex -3.58254 -7.26467 5
    endloop
  endfacet
  facet normal 0 0 1
    outer loop
      vertex -7.07662 -14.35 5
      vertex -3.58254 -7.26467 5
      vertex -4.05 -7.0148 5
    endloop
  endfacet
  facet normal 0 0 1
    outer loop
      vertex -2.09643 -7.824 5
      vertex -4.1411 -15.4548 5
      vertex -3.12144 -15.6926 5
    endloop
  endfacet
  facet normal 0 0 1
    outer loop
      vertex -8 -13.8564 5
      vertex -4.05 -7.0148 5
      vertex -4.50012 -6.7349 5
    endloop
  endfacet
  facet normal 0 0 1
    outer loop
      vertex -8.88912 -13.3035 5
      vertex -4.50012 -6.7349 5
      vertex -4.93097 -6.42616 5
    endloop
  endfacet
  facet normal 0 0 1
    outer loop
      vertex -2.60366 -7.67013 5
      vertex -5.14303 -15.1509 5
      vertex -4.1411 -15.4548 5
    endloop
  endfacet
  facet normal 0 0 1
    outer loop
      vertex -9.74018 -12.6937 5
      vertex -4.93097 -6.42616 5
      vertex -5.3407 -6.0899 5
    endloop
  endfacet
  facet normal 0 0 1
    outer loop
      vertex -10.5495 -12.0294 5
      vertex -5.3407 -6.0899 5
      vertex -5.72756 -5.72756 5
    endloop
  endfacet
  facet normal 0 0 1
    outer loop
      vertex -11.3137 -11.3137 5
      vertex -5.72756 -5.72756 5
      vertex -6.0899 -5.3407 5
    endloop
  endfacet
  facet normal 0 0 1
    outer loop
      vertex -3.09974 -7.48342 5
      vertex -6.12293 -14.7821 5
      vertex -5.14303 -15.1509 5
    endloop
  endfacet
  facet normal 0 0 1
    outer loop
      vertex -12.0294 -10.5495 5
      vertex -6.0899 -5.3407 5
      vertex -6.42616 -4.93097 5
    endloop
  endfacet
  facet normal 0 0 1
    outer loop
      vertex -12.6937 -9.74018 5
      vertex -6.42616 -4.93097 5
      vertex -6.7349 -4.50012 5
    endloop
  endfacet
  facet normal 0 0 1
    outer loop
      vertex -13.3035 -8.88912 5
      vertex -6.7349 -4.50012 5
      vertex -7.0148 -4.05 5
    endloop
  endfacet
  facet normal 0 0 1
    outer loop
      vertex -3.58254 -7.26467 5
      vertex -7.07662 -14.35 5
      vertex -6.12293 -14.7821 5
    endloop
  endfacet
  facet normal 0 0 1
    outer loop
      vertex -13.8564 -8 5
      vertex -7.0148 -4.05 5
      vertex -7.26467 -3.58254 5
    endloop
  endfacet
  facet normal 0 0 1
    outer loop
      vertex -14.35 -7.07662 5
      vertex -7.26467 -3.58254 5
      vertex -7.48342 -3.09974 5
    endloop
  endfacet
  facet normal 0 0 1
    outer loop
      vertex -14.7821 -6.12293 5
      vertex -7.48342 -3.09974 5
      vertex -7.67013 -2.60366 5
    endloop
  endfacet
  facet normal 0 0 1
    outer loop
      vertex -15.1509 -5.14303 5
      vertex -7.67013 -2.60366 5
      vertex -7.824 -2.09643 5
    endloop
  endfacet
  facet normal 0 0 1
    outer loop
      vertex -15.4548 -4.1411 5
      vertex -7.824 -2.09643 5
      vertex -7.94436 -1.58023 5
    endloop
  endfacet
  facet normal 0 0 1
    outer loop
      vertex -4.05 -7.0148 5
      vertex -8 -13.8564 5
      vertex -7.07662 -14.35 5
    endloop
  endfacet
  facet normal 0 0 1
    outer loop
      vertex -15.6926 -3.12144 5
      vertex -7.94436 -1.58023 5
      vertex -8.0307 -1.05726 5
    endloop
  endfacet
  facet normal 0 0 1
    outer loop
      vertex -15.8631 -2.08842 5
      vertex -8.0307 -1.05726 5
      vertex -8.08266 -0.529765 5
    endloop
  endfacet
  facet normal 0 0 1
    outer loop
      vertex -15.9657 -1.04645 5
      vertex -8.08266 -0.529765 5
      vertex -8.1 0 5
    endloop
  endfacet
  facet normal -0 0 1
    outer loop
      vertex -14.35 7.07662 5
      vertex -7.26467 3.58254 5
      vertex -13.8564 8 5
    endloop
  endfacet
  facet normal 0 0 1
    outer loop
      vertex -4.50012 -6.7349 5
      vertex -8.88912 -13.3035 5
      vertex -8 -13.8564 5
    endloop
  endfacet
  facet normal 0 0 1
    outer loop
      vertex -7.26467 3.58254 5
      vertex -14.35 7.07662 5
      vertex -7.48342 3.09974 5
    endloop
  endfacet
  facet normal 0 0 1
    outer loop
      vertex -4.93097 -6.42616 5
      vertex -9.74018 -12.6937 5
      vertex -8.88912 -13.3035 5
    endloop
  endfacet
  facet normal -0 0 1
    outer loop
      vertex -14.7821 6.12293 5
      vertex -7.48342 3.09974 5
      vertex -14.35 7.07662 5
    endloop
  endfacet
  facet normal 0 0 1
    outer loop
      vertex -5.3407 -6.0899 5
      vertex -10.5495 -12.0294 5
      vertex -9.74018 -12.6937 5
    endloop
  endfacet
  facet normal 0 0 1
    outer loop
      vertex -7.48342 3.09974 5
      vertex -14.7821 6.12293 5
      vertex -7.67013 2.60366 5
    endloop
  endfacet
  facet normal 0 0 1
    outer loop
      vertex -5.72756 -5.72756 5
      vertex -11.3137 -11.3137 5
      vertex -10.5495 -12.0294 5
    endloop
  endfacet
  facet normal -0 0 1
    outer loop
      vertex -15.1509 5.14303 5
      vertex -7.67013 2.60366 5
      vertex -14.7821 6.12293 5
    endloop
  endfacet
  facet normal 0 0 1
    outer loop
      vertex -6.0899 -5.3407 5
      vertex -12.0294 -10.5495 5
      vertex -11.3137 -11.3137 5
    endloop
  endfacet
  facet normal 0 0 1
    outer loop
      vertex -7.67013 2.60366 5
      vertex -15.1509 5.14303 5
      vertex -7.824 2.09643 5
    endloop
  endfacet
  facet normal 0 0 1
    outer loop
      vertex -6.42616 -4.93097 5
      vertex -12.6937 -9.74018 5
      vertex -12.0294 -10.5495 5
    endloop
  endfacet
  facet normal -0 0 1
    outer loop
      vertex -15.4548 4.1411 5
      vertex -7.824 2.09643 5
      vertex -15.1509 5.14303 5
    endloop
  endfacet
  facet normal 0 0 1
    outer loop
      vertex -6.7349 -4.50012 5
      vertex -13.3035 -8.88912 5
      vertex -12.6937 -9.74018 5
    endloop
  endfacet
  facet normal 0 0 1
    outer loop
      vertex -7.824 2.09643 5
      vertex -15.4548 4.1411 5
      vertex -7.94436 1.58023 5
    endloop
  endfacet
  facet normal 0 0 1
    outer loop
      vertex -7.0148 -4.05 5
      vertex -13.8564 -8 5
      vertex -13.3035 -8.88912 5
    endloop
  endfacet
  facet normal -0 0 1
    outer loop
      vertex -15.6926 3.12144 5
      vertex -7.94436 1.58023 5
      vertex -15.4548 4.1411 5
    endloop
  endfacet
  facet normal 0 0 1
    outer loop
      vertex -7.26467 -3.58254 5
      vertex -14.35 -7.07662 5
      vertex -13.8564 -8 5
    endloop
  endfacet
  facet normal 0 0 1
    outer loop
      vertex -7.94436 1.58023 5
      vertex -15.6926 3.12144 5
      vertex -8.0307 1.05726 5
    endloop
  endfacet
  facet normal 0 0 1
    outer loop
      vertex -7.48342 -3.09974 5
      vertex -14.7821 -6.12293 5
      vertex -14.35 -7.07662 5
    endloop
  endfacet
  facet normal -0 0 1
    outer loop
      vertex -15.8631 2.08842 5
      vertex -8.0307 1.05726 5
      vertex -15.6926 3.12144 5
    endloop
  endfacet
  facet normal 0 0 1
    outer loop
      vertex -7.67013 -2.60366 5
      vertex -15.1509 -5.14303 5
      vertex -14.7821 -6.12293 5
    endloop
  endfacet
  facet normal 0 0 1
    outer loop
      vertex -8.0307 1.05726 5
      vertex -15.8631 2.08842 5
      vertex -8.08266 0.529765 5
    endloop
  endfacet
  facet normal 0 0 1
    outer loop
      vertex -7.824 -2.09643 5
      vertex -15.4548 -4.1411 5
      vertex -15.1509 -5.14303 5
    endloop
  endfacet
  facet normal -0 0 1
    outer loop
      vertex -15.9657 1.04645 5
      vertex -8.08266 0.529765 5
      vertex -15.8631 2.08842 5
    endloop
  endfacet
  facet normal 0 0 1
    outer loop
      vertex -7.94436 -1.58023 5
      vertex -15.6926 -3.12144 5
      vertex -15.4548 -4.1411 5
    endloop
  endfacet
  facet normal 0 0 1
    outer loop
      vertex -8.08266 0.529765 5
      vertex -15.9657 1.04645 5
      vertex -8.1 0 5
    endloop
  endfacet
  facet normal 0 0 1
    outer loop
      vertex -8.0307 -1.05726 5
      vertex -15.8631 -2.08842 5
      vertex -15.6926 -3.12144 5
    endloop
  endfacet
  facet normal 0 0 1
    outer loop
      vertex -16 0 5
      vertex -8.1 0 5
      vertex -15.9657 1.04645 5
    endloop
  endfacet
  facet normal 0 0 1
    outer loop
      vertex -8.08266 -0.529765 5
      vertex -15.9657 -1.04645 5
      vertex -15.8631 -2.08842 5
    endloop
  endfacet
  facet normal 0 0 1
    outer loop
      vertex -8.1 0 5
      vertex -16 0 5
      vertex -15.9657 -1.04645 5
    endloop
  endfacet
  facet normal 0 0 1
    outer loop
      vertex 98 19 5
      vertex 39 0 5
      vertex 98 -19 5
    endloop
  endfacet
  facet normal 0 0 1
    outer loop
      vertex 38.1734 2.43505 5
      vertex 98 19 5
      vertex 98.0769 19.7803 5
    endloop
  endfacet
  facet normal 0 0 1
    outer loop
      vertex 37.6374 3.00736 5
      vertex 98.0769 19.7803 5
      vertex 98.2461 20.3382 5
    endloop
  endfacet
  facet normal 0 0 1
    outer loop
      vertex 98 19 5
      vertex 38.9914 0.261612 5
      vertex 39 0 5
    endloop
  endfacet
  facet normal 0 0 1
    outer loop
      vertex 98 19 5
      vertex 38.9658 0.522104 5
      vertex 38.9914 0.261612 5
    endloop
  endfacet
  facet normal 0 0 1
    outer loop
      vertex 98 19 5
      vertex 38.9231 0.780361 5
      vertex 38.9658 0.522104 5
    endloop
  endfacet
  facet normal 0 0 1
    outer loop
      vertex 98 19 5
      vertex 38.8637 1.03528 5
      vertex 38.9231 0.780361 5
    endloop
  endfacet
  facet normal 0 0 1
    outer loop
      vertex 98 19 5
      vertex 38.7877 1.28576 5
      vertex 38.8637 1.03528 5
    endloop
  endfacet
  facet normal 0 0 1
    outer loop
      vertex 98 19 5
      vertex 38.6955 1.53073 5
      vertex 38.7877 1.28576 5
    endloop
  endfacet
  facet normal 0 0 1
    outer loop
      vertex 98 19 5
      vertex 38.5875 1.76915 5
      vertex 38.6955 1.53073 5
    endloop
  endfacet
  facet normal 0 0 1
    outer loop
      vertex 98 19 5
      vertex 38.4641 2 5
      vertex 38.5875 1.76915 5
    endloop
  endfacet
  facet normal 0 0 1
    outer loop
      vertex 98 19 5
      vertex 38.3259 2.22228 5
      vertex 38.4641 2 5
    endloop
  endfacet
  facet normal 0 0 1
    outer loop
      vertex 98 19 5
      vertex 38.1734 2.43505 5
      vertex 38.3259 2.22228 5
    endloop
  endfacet
  facet normal 0 0 1
    outer loop
      vertex 98.0769 19.7803 5
      vertex 38.0074 2.63738 5
      vertex 38.1734 2.43505 5
    endloop
  endfacet
  facet normal 0 0 1
    outer loop
      vertex 98.0769 19.7803 5
      vertex 37.8284 2.82843 5
      vertex 38.0074 2.63738 5
    endloop
  endfacet
  facet normal 0 0 1
    outer loop
      vertex 98.0769 19.7803 5
      vertex 37.6374 3.00736 5
      vertex 37.8284 2.82843 5
    endloop
  endfacet
  facet normal -0 0 1
    outer loop
      vertex 28 15.543 5
      vertex 37.6374 3.00736 5
      vertex 98.2461 20.3382 5
    endloop
  endfacet
  facet normal 0 0 1
    outer loop
      vertex 37.6374 3.00736 5
      vertex 28 15.543 5
      vertex 37.435 3.17341 5
    endloop
  endfacet
  facet normal 0 0 1
    outer loop
      vertex 37.435 3.17341 5
      vertex 28 15.543 5
      vertex 37.2223 3.32588 5
    endloop
  endfacet
  facet normal 0 0 1
    outer loop
      vertex 37.2223 3.32588 5
      vertex 28 15.543 5
      vertex 37 3.4641 5
    endloop
  endfacet
  facet normal 0 0 1
    outer loop
      vertex 37 3.4641 5
      vertex 28 15.543 5
      vertex 36.7692 3.58749 5
    endloop
  endfacet
  facet normal 0 0 1
    outer loop
      vertex 36.7692 3.58749 5
      vertex 28 15.543 5
      vertex 36.5307 3.69552 5
    endloop
  endfacet
  facet normal 0 0 1
    outer loop
      vertex 36.5307 3.69552 5
      vertex 28 15.543 5
      vertex 36.2858 3.78772 5
    endloop
  endfacet
  facet normal 0 0 1
    outer loop
      vertex 36.2858 3.78772 5
      vertex 28 15.543 5
      vertex 36.0353 3.8637 5
    endloop
  endfacet
  facet normal 0 0 1
    outer loop
      vertex 36.0353 3.8637 5
      vertex 28 15.543 5
      vertex 35.7804 3.92314 5
    endloop
  endfacet
  facet normal 0 0 1
    outer loop
      vertex 35.7804 3.92314 5
      vertex 28 15.543 5
      vertex 35.5221 3.96578 5
    endloop
  endfacet
  facet normal 0 0 1
    outer loop
      vertex 35.5221 3.96578 5
      vertex 28 15.543 5
      vertex 35.2616 3.99144 5
    endloop
  endfacet
  facet normal 0 0 1
    outer loop
      vertex 35.2616 3.99144 5
      vertex 28 15.543 5
      vertex 35 4 5
    endloop
  endfacet
  facet normal 0 0 1
    outer loop
      vertex 35 4 5
      vertex 28 15.543 5
      vertex 34.7384 3.99144 5
    endloop
  endfacet
  facet normal 0 0 1
    outer loop
      vertex 34.7384 3.99144 5
      vertex 28 15.543 5
      vertex 34.4779 3.96578 5
    endloop
  endfacet
  facet normal 0 0 1
    outer loop
      vertex 34.4779 3.96578 5
      vertex 28 15.543 5
      vertex 34.2196 3.92314 5
    endloop
  endfacet
  facet normal 0 0 1
    outer loop
      vertex 31.0086 0.261612 5
      vertex 28 15.543 5
      vertex 31 0 5
    endloop
  endfacet
  facet normal 0 0 1
    outer loop
      vertex 31.0342 0.522104 5
      vertex 28 15.543 5
      vertex 31.0086 0.261612 5
    endloop
  endfacet
  facet normal 0 0 1
    outer loop
      vertex 31.0769 0.780361 5
      vertex 28 15.543 5
      vertex 31.0342 0.522104 5
    endloop
  endfacet
  facet normal 0 0 1
    outer loop
      vertex 31.1363 1.03528 5
      vertex 28 15.543 5
      vertex 31.0769 0.780361 5
    endloop
  endfacet
  facet normal 0 0 1
    outer loop
      vertex 31.2123 1.28576 5
      vertex 28 15.543 5
      vertex 31.1363 1.03528 5
    endloop
  endfacet
  facet normal 0 0 1
    outer loop
      vertex 31.3045 1.53073 5
      vertex 28 15.543 5
      vertex 31.2123 1.28576 5
    endloop
  endfacet
  facet normal 0 0 1
    outer loop
      vertex 31.4125 1.76915 5
      vertex 28 15.543 5
      vertex 31.3045 1.53073 5
    endloop
  endfacet
  facet normal 0 0 1
    outer loop
      vertex 31.5359 2 5
      vertex 28 15.543 5
      vertex 31.4125 1.76915 5
    endloop
  endfacet
  facet normal 0 0 1
    outer loop
      vertex 31.6741 2.22228 5
      vertex 28 15.543 5
      vertex 31.5359 2 5
    endloop
  endfacet
  facet normal 0 0 1
    outer loop
      vertex 31.8266 2.43505 5
      vertex 28 15.543 5
      vertex 31.6741 2.22228 5
    endloop
  endfacet
  facet normal 0 0 1
    outer loop
      vertex 31.9926 2.63738 5
      vertex 28 15.543 5
      vertex 31.8266 2.43505 5
    endloop
  endfacet
  facet normal 0 0 1
    outer loop
      vertex 32.1716 2.82843 5
      vertex 28 15.543 5
      vertex 31.9926 2.63738 5
    endloop
  endfacet
  facet normal 0 0 1
    outer loop
      vertex 32.3626 3.00736 5
      vertex 28 15.543 5
      vertex 32.1716 2.82843 5
    endloop
  endfacet
  facet normal 0 0 1
    outer loop
      vertex 32.565 3.17341 5
      vertex 28 15.543 5
      vertex 32.3626 3.00736 5
    endloop
  endfacet
  facet normal 0 0 1
    outer loop
      vertex 32.7777 3.32588 5
      vertex 28 15.543 5
      vertex 32.565 3.17341 5
    endloop
  endfacet
  facet normal 0 0 1
    outer loop
      vertex 33 3.4641 5
      vertex 28 15.543 5
      vertex 32.7777 3.32588 5
    endloop
  endfacet
  facet normal 0 0 1
    outer loop
      vertex 33.2308 3.58749 5
      vertex 28 15.543 5
      vertex 33 3.4641 5
    endloop
  endfacet
  facet normal 0 0 1
    outer loop
      vertex 33.4693 3.69552 5
      vertex 28 15.543 5
      vertex 33.2308 3.58749 5
    endloop
  endfacet
  facet normal 0 0 1
    outer loop
      vertex 33.7142 3.78772 5
      vertex 28 15.543 5
      vertex 33.4693 3.69552 5
    endloop
  endfacet
  facet normal 0 0 1
    outer loop
      vertex 33.9647 3.8637 5
      vertex 28 15.543 5
      vertex 33.7142 3.78772 5
    endloop
  endfacet
  facet normal 0 0 1
    outer loop
      vertex 34.2196 3.92314 5
      vertex 28 15.543 5
      vertex 33.9647 3.8637 5
    endloop
  endfacet
  facet normal -0 0 1
    outer loop
      vertex 38.9914 -0.261612 5
      vertex 98 -19 5
      vertex 39 0 5
    endloop
  endfacet
  facet normal -0 0 1
    outer loop
      vertex 38.9658 -0.522104 5
      vertex 98 -19 5
      vertex 38.9914 -0.261612 5
    endloop
  endfacet
  facet normal -0 0 1
    outer loop
      vertex 38.9231 -0.780361 5
      vertex 98 -19 5
      vertex 38.9658 -0.522104 5
    endloop
  endfacet
  facet normal -0 0 1
    outer loop
      vertex 38.8637 -1.03528 5
      vertex 98 -19 5
      vertex 38.9231 -0.780361 5
    endloop
  endfacet
  facet normal -0 0 1
    outer loop
      vertex 38.7877 -1.28576 5
      vertex 98 -19 5
      vertex 38.8637 -1.03528 5
    endloop
  endfacet
  facet normal -0 0 1
    outer loop
      vertex 38.6955 -1.53073 5
      vertex 98 -19 5
      vertex 38.7877 -1.28576 5
    endloop
  endfacet
  facet normal -0 0 1
    outer loop
      vertex 38.5875 -1.76915 5
      vertex 98 -19 5
      vertex 38.6955 -1.53073 5
    endloop
  endfacet
  facet normal -0 0 1
    outer loop
      vertex 38.4641 -2 5
      vertex 98 -19 5
      vertex 38.5875 -1.76915 5
    endloop
  endfacet
  facet normal -0 0 1
    outer loop
      vertex 38.3259 -2.22228 5
      vertex 98 -19 5
      vertex 38.4641 -2 5
    endloop
  endfacet
  facet normal -0 0 1
    outer loop
      vertex 38.1734 -2.43505 5
      vertex 98 -19 5
      vertex 38.3259 -2.22228 5
    endloop
  endfacet
  facet normal 0 0 1
    outer loop
      vertex 98 -19 5
      vertex 38.1734 -2.43505 5
      vertex 98.0769 -19.7803 5
    endloop
  endfacet
  facet normal -0 0 1
    outer loop
      vertex 38.0074 -2.63738 5
      vertex 98.0769 -19.7803 5
      vertex 38.1734 -2.43505 5
    endloop
  endfacet
  facet normal -0 0 1
    outer loop
      vertex 37.8284 -2.82843 5
      vertex 98.0769 -19.7803 5
      vertex 38.0074 -2.63738 5
    endloop
  endfacet
  facet normal -0 0 1
    outer loop
      vertex 37.6374 -3.00736 5
      vertex 98.0769 -19.7803 5
      vertex 37.8284 -2.82843 5
    endloop
  endfacet
  facet normal 0 0 1
    outer loop
      vertex 98.0769 -19.7803 5
      vertex 37.6374 -3.00736 5
      vertex 98.2461 -20.3382 5
    endloop
  endfacet
  facet normal 0 0 1
    outer loop
      vertex 28 -15.543 5
      vertex 37.6374 -3.00736 5
      vertex 37.435 -3.17341 5
    endloop
  endfacet
  facet normal 0 0 1
    outer loop
      vertex 28 -15.543 5
      vertex 37.435 -3.17341 5
      vertex 37.2223 -3.32588 5
    endloop
  endfacet
  facet normal 0 0 1
    outer loop
      vertex 28 -15.543 5
      vertex 37.2223 -3.32588 5
      vertex 37 -3.4641 5
    endloop
  endfacet
  facet normal 0 0 1
    outer loop
      vertex 28 -15.543 5
      vertex 37 -3.4641 5
      vertex 36.7692 -3.58749 5
    endloop
  endfacet
  facet normal 0 0 1
    outer loop
      vertex 28 -15.543 5
      vertex 36.7692 -3.58749 5
      vertex 36.5307 -3.69552 5
    endloop
  endfacet
  facet normal 0 0 1
    outer loop
      vertex 28 -15.543 5
      vertex 36.5307 -3.69552 5
      vertex 36.2858 -3.78772 5
    endloop
  endfacet
  facet normal 0 0 1
    outer loop
      vertex 28 -15.543 5
      vertex 36.2858 -3.78772 5
      vertex 36.0353 -3.8637 5
    endloop
  endfacet
  facet normal 0 0 1
    outer loop
      vertex 28 -15.543 5
      vertex 36.0353 -3.8637 5
      vertex 35.7804 -3.92314 5
    endloop
  endfacet
  facet normal 0 0 1
    outer loop
      vertex 28 -15.543 5
      vertex 35.7804 -3.92314 5
      vertex 35.5221 -3.96578 5
    endloop
  endfacet
  facet normal 0 0 1
    outer loop
      vertex 28 -15.543 5
      vertex 35.5221 -3.96578 5
      vertex 35.2616 -3.99144 5
    endloop
  endfacet
  facet normal 0 0 1
    outer loop
      vertex 28 -15.543 5
      vertex 35.2616 -3.99144 5
      vertex 35 -4 5
    endloop
  endfacet
  facet normal 0 0 1
    outer loop
      vertex 28 -15.543 5
      vertex 35 -4 5
      vertex 34.7384 -3.99144 5
    endloop
  endfacet
  facet normal 0 0 1
    outer loop
      vertex 28 -15.543 5
      vertex 34.7384 -3.99144 5
      vertex 34.4779 -3.96578 5
    endloop
  endfacet
  facet normal 0 0 1
    outer loop
      vertex 28 -15.543 5
      vertex 34.4779 -3.96578 5
      vertex 34.2196 -3.92314 5
    endloop
  endfacet
  facet normal 0 0 1
    outer loop
      vertex 28 -15.543 5
      vertex 34.2196 -3.92314 5
      vertex 33.9647 -3.8637 5
    endloop
  endfacet
  facet normal 0 0 1
    outer loop
      vertex 28 -15.543 5
      vertex 31 0 5
      vertex 28 15.543 5
    endloop
  endfacet
  facet normal 0 0 1
    outer loop
      vertex 31 0 5
      vertex 28 -15.543 5
      vertex 31.0086 -0.261612 5
    endloop
  endfacet
  facet normal 0 0 1
    outer loop
      vertex 31.0086 -0.261612 5
      vertex 28 -15.543 5
      vertex 31.0342 -0.522104 5
    endloop
  endfacet
  facet normal 0 0 1
    outer loop
      vertex 37.6374 -3.00736 5
      vertex 28 -15.543 5
      vertex 98.2461 -20.3382 5
    endloop
  endfacet
  facet normal 0 0 1
    outer loop
      vertex 33.7142 -3.78772 5
      vertex 28 -15.543 5
      vertex 33.9647 -3.8637 5
    endloop
  endfacet
  facet normal 0 0 1
    outer loop
      vertex 33.4693 -3.69552 5
      vertex 28 -15.543 5
      vertex 33.7142 -3.78772 5
    endloop
  endfacet
  facet normal 0 0 1
    outer loop
      vertex 33.2308 -3.58749 5
      vertex 28 -15.543 5
      vertex 33.4693 -3.69552 5
    endloop
  endfacet
  facet normal 0 0 1
    outer loop
      vertex 33 -3.4641 5
      vertex 28 -15.543 5
      vertex 33.2308 -3.58749 5
    endloop
  endfacet
  facet normal 0 0 1
    outer loop
      vertex 32.7777 -3.32588 5
      vertex 28 -15.543 5
      vertex 33 -3.4641 5
    endloop
  endfacet
  facet normal 0 0 1
    outer loop
      vertex 32.565 -3.17341 5
      vertex 28 -15.543 5
      vertex 32.7777 -3.32588 5
    endloop
  endfacet
  facet normal 0 0 1
    outer loop
      vertex 32.3626 -3.00736 5
      vertex 28 -15.543 5
      vertex 32.565 -3.17341 5
    endloop
  endfacet
  facet normal 0 0 1
    outer loop
      vertex 32.1716 -2.82843 5
      vertex 28 -15.543 5
      vertex 32.3626 -3.00736 5
    endloop
  endfacet
  facet normal 0 0 1
    outer loop
      vertex 31.9926 -2.63738 5
      vertex 28 -15.543 5
      vertex 32.1716 -2.82843 5
    endloop
  endfacet
  facet normal 0 0 1
    outer loop
      vertex 31.8266 -2.43505 5
      vertex 28 -15.543 5
      vertex 31.9926 -2.63738 5
    endloop
  endfacet
  facet normal 0 0 1
    outer loop
      vertex 31.6741 -2.22228 5
      vertex 28 -15.543 5
      vertex 31.8266 -2.43505 5
    endloop
  endfacet
  facet normal 0 0 1
    outer loop
      vertex 31.5359 -2 5
      vertex 28 -15.543 5
      vertex 31.6741 -2.22228 5
    endloop
  endfacet
  facet normal 0 0 1
    outer loop
      vertex 31.4125 -1.76915 5
      vertex 28 -15.543 5
      vertex 31.5359 -2 5
    endloop
  endfacet
  facet normal 0 0 1
    outer loop
      vertex 31.3045 -1.53073 5
      vertex 28 -15.543 5
      vertex 31.4125 -1.76915 5
    endloop
  endfacet
  facet normal 0 0 1
    outer loop
      vertex 31.2123 -1.28576 5
      vertex 28 -15.543 5
      vertex 31.3045 -1.53073 5
    endloop
  endfacet
  facet normal 0 0 1
    outer loop
      vertex 31.1363 -1.03528 5
      vertex 28 -15.543 5
      vertex 31.2123 -1.28576 5
    endloop
  endfacet
  facet normal 0 0 1
    outer loop
      vertex 31.0769 -0.780361 5
      vertex 28 -15.543 5
      vertex 31.1363 -1.03528 5
    endloop
  endfacet
  facet normal 0 0 1
    outer loop
      vertex 31.0342 -0.522104 5
      vertex 28 -15.543 5
      vertex 31.0769 -0.780361 5
    endloop
  endfacet
  facet normal 0.995166 0.098203 0
    outer loop
      vertex 122.5 19 31
      vertex 122.423 19.7803 0
      vertex 122.423 19.7803 31
    endloop
  endfacet
  facet normal 0.995166 0.098203 0
    outer loop
      vertex 122.423 19.7803 0
      vertex 122.5 19 31
      vertex 122.5 19 0
    endloop
  endfacet
  facet normal 1 0 0
    outer loop
      vertex 122.5 -10.35 31
      vertex 122.5 -19 31
      vertex 122.5 -10.35 10.4
    endloop
  endfacet
  facet normal 1 0 0
    outer loop
      vertex 122.5 -10 10.4
      vertex 122.5 -10.35 10.4
      vertex 122.5 -10 5
    endloop
  endfacet
  facet normal 1 0 0
    outer loop
      vertex 122.5 10.35 10.4
      vertex 122.5 19 31
      vertex 122.5 10.35 31
    endloop
  endfacet
  facet normal 1 0 0
    outer loop
      vertex 122.5 19 31
      vertex 122.5 10.35 10.4
      vertex 122.5 19 0
    endloop
  endfacet
  facet normal 1 0 0
    outer loop
      vertex 122.5 10 5
      vertex 122.5 10.35 10.4
      vertex 122.5 10 10.4
    endloop
  endfacet
  facet normal 1 0 0
    outer loop
      vertex 122.5 10.35 10.4
      vertex 122.5 10 5
      vertex 122.5 19 0
    endloop
  endfacet
  facet normal 1 -0 0
    outer loop
      vertex 122.5 -10 5
      vertex 122.5 19 0
      vertex 122.5 10 5
    endloop
  endfacet
  facet normal 1 0 0
    outer loop
      vertex 122.5 -19 0
      vertex 122.5 -10.35 10.4
      vertex 122.5 -19 31
    endloop
  endfacet
  facet normal 1 0 0
    outer loop
      vertex 122.5 -10 5
      vertex 122.5 -19 0
      vertex 122.5 19 0
    endloop
  endfacet
  facet normal 1 0 0
    outer loop
      vertex 122.5 -10.35 10.4
      vertex 122.5 -19 0
      vertex 122.5 -10 5
    endloop
  endfacet
  facet normal -0.162847 0.986651 0
    outer loop
      vertex -2.08842 15.8631 0
      vertex -3.12144 15.6926 5
      vertex -2.08842 15.8631 5
    endloop
  endfacet
  facet normal -0.162847 0.986651 0
    outer loop
      vertex -3.12144 15.6926 5
      vertex -2.08842 15.8631 0
      vertex -3.12144 15.6926 0
    endloop
  endfacet
  facet normal -0.0681049 0.997678 0
    outer loop
      vertex 102 23 0
      vertex -1.04645 15.9657 5
      vertex 102 23 5
    endloop
  endfacet
  facet normal -0.0681049 0.997678 0
    outer loop
      vertex -1.04645 15.9657 5
      vertex 102 23 0
      vertex -1.04645 15.9657 0
    endloop
  endfacet
  facet normal -0.0979934 -0.995187 0
    outer loop
      vertex -2.08842 -15.8631 0
      vertex -1.04645 -15.9657 5
      vertex -2.08842 -15.8631 5
    endloop
  endfacet
  facet normal -0.0979934 -0.995187 -0
    outer loop
      vertex -1.04645 -15.9657 5
      vertex -2.08842 -15.8631 0
      vertex -1.04645 -15.9657 0
    endloop
  endfacet
  facet normal 0.881745 0.471726 0
    outer loop
      vertex 122.196 20.5307 31
      vertex 121.826 21.2223 0
      vertex 121.826 21.2223 31
    endloop
  endfacet
  facet normal 0.881745 0.471726 0
    outer loop
      vertex 121.826 21.2223 0
      vertex 122.196 20.5307 31
      vertex 122.196 20.5307 0
    endloop
  endfacet
  facet normal 0.471648 0.881787 -0
    outer loop
      vertex 120.722 22.3259 0
      vertex 120.031 22.6955 31
      vertex 120.722 22.3259 31
    endloop
  endfacet
  facet normal 0.471648 0.881787 0
    outer loop
      vertex 120.031 22.6955 31
      vertex 120.722 22.3259 0
      vertex 120.031 22.6955 0
    endloop
  endfacet
  facet normal -0.0979934 0.995187 0
    outer loop
      vertex -1.04645 15.9657 0
      vertex -2.08842 15.8631 5
      vertex -1.04645 15.9657 5
    endloop
  endfacet
  facet normal -0.0979934 0.995187 0
    outer loop
      vertex -2.08842 15.8631 5
      vertex -1.04645 15.9657 0
      vertex -2.08842 15.8631 0
    endloop
  endfacet
  facet normal 0 1 0
    outer loop
      vertex 118.5 23 31
      vertex 102 23 5
      vertex 102 23 31
    endloop
  endfacet
  facet normal 0 1 -0
    outer loop
      vertex 118.5 23 0
      vertex 102 23 5
      vertex 118.5 23 31
    endloop
  endfacet
  facet normal 0 1 0
    outer loop
      vertex 102 23 5
      vertex 118.5 23 0
      vertex 102 23 0
    endloop
  endfacet
  facet normal -0.0681049 -0.997678 0
    outer loop
      vertex -1.04645 -15.9657 0
      vertex 102 -23 5
      vertex -1.04645 -15.9657 5
    endloop
  endfacet
  facet normal -0.0681049 -0.997678 -0
    outer loop
      vertex 102 -23 5
      vertex -1.04645 -15.9657 0
      vertex 102 -23 0
    endloop
  endfacet
  facet normal 0.290036 -0.957016 0
    outer loop
      vertex 119.28 -22.9231 0
      vertex 120.031 -22.6955 31
      vertex 119.28 -22.9231 31
    endloop
  endfacet
  facet normal 0.290036 -0.957016 0
    outer loop
      vertex 120.031 -22.6955 31
      vertex 119.28 -22.9231 0
      vertex 120.031 -22.6955 0
    endloop
  endfacet
  facet normal 0.957164 0.289547 0
    outer loop
      vertex 122.423 19.7803 31
      vertex 122.196 20.5307 0
      vertex 122.196 20.5307 31
    endloop
  endfacet
  facet normal 0.957164 0.289547 0
    outer loop
      vertex 122.196 20.5307 0
      vertex 122.423 19.7803 31
      vertex 122.423 19.7803 0
    endloop
  endfacet
  facet normal 0.290036 0.957016 -0
    outer loop
      vertex 120.031 22.6955 0
      vertex 119.28 22.9231 31
      vertex 120.031 22.6955 31
    endloop
  endfacet
  facet normal 0.290036 0.957016 0
    outer loop
      vertex 119.28 22.9231 31
      vertex 120.031 22.6955 0
      vertex 119.28 22.9231 0
    endloop
  endfacet
  facet normal 0.772644 0.63484 0
    outer loop
      vertex 121.826 21.2223 31
      vertex 121.328 21.8284 0
      vertex 121.328 21.8284 31
    endloop
  endfacet
  facet normal 0.772644 0.63484 0
    outer loop
      vertex 121.328 21.8284 0
      vertex 121.826 21.2223 31
      vertex 121.826 21.2223 0
    endloop
  endfacet
  facet normal 0.634522 0.772905 -0
    outer loop
      vertex 121.328 21.8284 0
      vertex 120.722 22.3259 31
      vertex 121.328 21.8284 31
    endloop
  endfacet
  facet normal 0.634522 0.772905 0
    outer loop
      vertex 120.722 22.3259 31
      vertex 121.328 21.8284 0
      vertex 120.722 22.3259 0
    endloop
  endfacet
  facet normal -0.412698 0.910868 0
    outer loop
      vertex -6.12293 14.7821 0
      vertex -7.07662 14.35 5
      vertex -6.12293 14.7821 5
    endloop
  endfacet
  facet normal -0.412698 0.910868 0
    outer loop
      vertex -7.07662 14.35 5
      vertex -6.12293 14.7821 0
      vertex -7.07662 14.35 0
    endloop
  endfacet
  facet normal -0.528075 0.849198 0
    outer loop
      vertex -8 13.8564 0
      vertex -8.88912 13.3035 5
      vertex -8 13.8564 5
    endloop
  endfacet
  facet normal -0.528075 0.849198 0
    outer loop
      vertex -8.88912 13.3035 5
      vertex -8 13.8564 0
      vertex -8.88912 13.3035 0
    endloop
  endfacet
  facet normal -0.729889 0.683566 0
    outer loop
      vertex -12.0294 10.5495 0
      vertex -11.3137 11.3137 5
      vertex -11.3137 11.3137 0
    endloop
  endfacet
  facet normal -0.729889 0.683566 0
    outer loop
      vertex -11.3137 11.3137 5
      vertex -12.0294 10.5495 0
      vertex -12.0294 10.5495 5
    endloop
  endfacet
  facet normal -0.910868 0.412698 0
    outer loop
      vertex -14.7821 6.12293 0
      vertex -14.35 7.07662 5
      vertex -14.35 7.07662 0
    endloop
  endfacet
  facet normal -0.910868 0.412698 0
    outer loop
      vertex -14.35 7.07662 5
      vertex -14.7821 6.12293 0
      vertex -14.7821 6.12293 5
    endloop
  endfacet
  facet normal 0.0981141 0.995175 -0
    outer loop
      vertex 119.28 22.9231 0
      vertex 118.5 23 31
      vertex 119.28 22.9231 31
    endloop
  endfacet
  facet normal 0.0981141 0.995175 0
    outer loop
      vertex 118.5 23 31
      vertex 119.28 22.9231 0
      vertex 118.5 23 0
    endloop
  endfacet
  facet normal -0.995187 0.0979934 0
    outer loop
      vertex -15.9657 1.04645 0
      vertex -15.8631 2.08842 5
      vertex -15.8631 2.08842 0
    endloop
  endfacet
  facet normal -0.995187 0.0979934 0
    outer loop
      vertex -15.8631 2.08842 5
      vertex -15.9657 1.04645 0
      vertex -15.9657 1.04645 5
    endloop
  endfacet
  facet normal 0.995166 -0.098203 0
    outer loop
      vertex 122.423 -19.7803 31
      vertex 122.5 -19 0
      vertex 122.5 -19 31
    endloop
  endfacet
  facet normal 0.995166 -0.098203 0
    outer loop
      vertex 122.5 -19 0
      vertex 122.423 -19.7803 31
      vertex 122.423 -19.7803 0
    endloop
  endfacet
  facet normal 0.881745 -0.471726 0
    outer loop
      vertex 121.826 -21.2223 31
      vertex 122.196 -20.5307 0
      vertex 122.196 -20.5307 31
    endloop
  endfacet
  facet normal 0.881745 -0.471726 0
    outer loop
      vertex 122.196 -20.5307 0
      vertex 121.826 -21.2223 31
      vertex 121.826 -21.2223 0
    endloop
  endfacet
  facet normal 0.0981141 -0.995175 0
    outer loop
      vertex 118.5 -23 0
      vertex 119.28 -22.9231 31
      vertex 118.5 -23 31
    endloop
  endfacet
  facet normal 0.0981141 -0.995175 0
    outer loop
      vertex 119.28 -22.9231 31
      vertex 118.5 -23 0
      vertex 119.28 -22.9231 0
    endloop
  endfacet
  facet normal 0 -1 0
    outer loop
      vertex 102 -23 5
      vertex 118.5 -23 31
      vertex 102 -23 31
    endloop
  endfacet
  facet normal 0 -1 0
    outer loop
      vertex 118.5 -23 0
      vertex 102 -23 5
      vertex 102 -23 0
    endloop
  endfacet
  facet normal 0 -1 0
    outer loop
      vertex 102 -23 5
      vertex 118.5 -23 0
      vertex 118.5 -23 31
    endloop
  endfacet
  facet normal -0.22712 -0.973867 0
    outer loop
      vertex -4.1411 -15.4548 0
      vertex -3.12144 -15.6926 5
      vertex -4.1411 -15.4548 5
    endloop
  endfacet
  facet normal -0.22712 -0.973867 -0
    outer loop
      vertex -3.12144 -15.6926 5
      vertex -4.1411 -15.4548 0
      vertex -3.12144 -15.6926 0
    endloop
  endfacet
  facet normal -0.995187 -0.0979934 0
    outer loop
      vertex -15.8631 -2.08842 0
      vertex -15.9657 -1.04645 5
      vertex -15.9657 -1.04645 0
    endloop
  endfacet
  facet normal -0.995187 -0.0979934 0
    outer loop
      vertex -15.9657 -1.04645 5
      vertex -15.8631 -2.08842 0
      vertex -15.8631 -2.08842 5
    endloop
  endfacet
  facet normal -0.22712 0.973867 0
    outer loop
      vertex -3.12144 15.6926 0
      vertex -4.1411 15.4548 5
      vertex -3.12144 15.6926 5
    endloop
  endfacet
  facet normal -0.22712 0.973867 0
    outer loop
      vertex -4.1411 15.4548 5
      vertex -3.12144 15.6926 0
      vertex -4.1411 15.4548 0
    endloop
  endfacet
  facet normal -0.582439 0.812874 0
    outer loop
      vertex -8.88912 13.3035 0
      vertex -9.74018 12.6937 5
      vertex -8.88912 13.3035 5
    endloop
  endfacet
  facet normal -0.582439 0.812874 0
    outer loop
      vertex -9.74018 12.6937 5
      vertex -8.88912 13.3035 0
      vertex -9.74018 12.6937 0
    endloop
  endfacet
  facet normal -0.471429 0.881904 0
    outer loop
      vertex -7.07662 14.35 0
      vertex -8 13.8564 5
      vertex -7.07662 14.35 5
    endloop
  endfacet
  facet normal -0.471429 0.881904 0
    outer loop
      vertex -8 13.8564 5
      vertex -7.07662 14.35 0
      vertex -8 13.8564 0
    endloop
  endfacet
  facet normal -0.812874 0.582439 0
    outer loop
      vertex -13.3035 8.88912 0
      vertex -12.6937 9.74018 5
      vertex -12.6937 9.74018 0
    endloop
  endfacet
  facet normal -0.812874 0.582439 0
    outer loop
      vertex -12.6937 9.74018 5
      vertex -13.3035 8.88912 0
      vertex -13.3035 8.88912 5
    endloop
  endfacet
  facet normal -0.935909 0.352243 0
    outer loop
      vertex -15.1509 5.14303 0
      vertex -14.7821 6.12293 5
      vertex -14.7821 6.12293 0
    endloop
  endfacet
  facet normal -0.935909 0.352243 0
    outer loop
      vertex -14.7821 6.12293 5
      vertex -15.1509 5.14303 0
      vertex -15.1509 5.14303 5
    endloop
  endfacet
  facet normal -0.956949 0.290257 0
    outer loop
      vertex -15.4548 4.1411 0
      vertex -15.1509 5.14303 5
      vertex -15.1509 5.14303 0
    endloop
  endfacet
  facet normal -0.956949 0.290257 0
    outer loop
      vertex -15.1509 5.14303 5
      vertex -15.4548 4.1411 0
      vertex -15.4548 4.1411 5
    endloop
  endfacet
  facet normal -0.849198 0.528075 0
    outer loop
      vertex -13.8564 8 0
      vertex -13.3035 8.88912 5
      vertex -13.3035 8.88912 0
    endloop
  endfacet
  facet normal -0.849198 0.528075 0
    outer loop
      vertex -13.3035 8.88912 5
      vertex -13.8564 8 0
      vertex -13.8564 8 5
    endloop
  endfacet
  facet normal 0.957164 -0.289547 0
    outer loop
      vertex 122.196 -20.5307 31
      vertex 122.423 -19.7803 0
      vertex 122.423 -19.7803 31
    endloop
  endfacet
  facet normal 0.957164 -0.289547 0
    outer loop
      vertex 122.423 -19.7803 0
      vertex 122.196 -20.5307 31
      vertex 122.196 -20.5307 0
    endloop
  endfacet
  facet normal 0.634522 -0.772905 0
    outer loop
      vertex 120.722 -22.3259 0
      vertex 121.328 -21.8284 31
      vertex 120.722 -22.3259 31
    endloop
  endfacet
  facet normal 0.634522 -0.772905 0
    outer loop
      vertex 121.328 -21.8284 31
      vertex 120.722 -22.3259 0
      vertex 121.328 -21.8284 0
    endloop
  endfacet
  facet normal 0.772644 -0.63484 0
    outer loop
      vertex 121.328 -21.8284 31
      vertex 121.826 -21.2223 0
      vertex 121.826 -21.2223 31
    endloop
  endfacet
  facet normal 0.772644 -0.63484 0
    outer loop
      vertex 121.826 -21.2223 0
      vertex 121.328 -21.8284 31
      vertex 121.328 -21.8284 0
    endloop
  endfacet
  facet normal -0.162847 -0.986651 0
    outer loop
      vertex -3.12144 -15.6926 0
      vertex -2.08842 -15.8631 5
      vertex -3.12144 -15.6926 5
    endloop
  endfacet
  facet normal -0.162847 -0.986651 -0
    outer loop
      vertex -2.08842 -15.8631 5
      vertex -3.12144 -15.6926 0
      vertex -2.08842 -15.8631 0
    endloop
  endfacet
  facet normal -0.412698 -0.910868 0
    outer loop
      vertex -7.07662 -14.35 0
      vertex -6.12293 -14.7821 5
      vertex -7.07662 -14.35 5
    endloop
  endfacet
  facet normal -0.412698 -0.910868 -0
    outer loop
      vertex -6.12293 -14.7821 5
      vertex -7.07662 -14.35 0
      vertex -6.12293 -14.7821 0
    endloop
  endfacet
  facet normal -0.849198 -0.528075 0
    outer loop
      vertex -13.3035 -8.88912 0
      vertex -13.8564 -8 5
      vertex -13.8564 -8 0
    endloop
  endfacet
  facet normal -0.849198 -0.528075 0
    outer loop
      vertex -13.8564 -8 5
      vertex -13.3035 -8.88912 0
      vertex -13.3035 -8.88912 5
    endloop
  endfacet
  facet normal -0.956949 -0.290257 0
    outer loop
      vertex -15.1509 -5.14303 0
      vertex -15.4548 -4.1411 5
      vertex -15.4548 -4.1411 0
    endloop
  endfacet
  facet normal -0.956949 -0.290257 0
    outer loop
      vertex -15.4548 -4.1411 5
      vertex -15.1509 -5.14303 0
      vertex -15.1509 -5.14303 5
    endloop
  endfacet
  facet normal -0.973867 -0.22712 0
    outer loop
      vertex -15.4548 -4.1411 0
      vertex -15.6926 -3.12144 5
      vertex -15.6926 -3.12144 0
    endloop
  endfacet
  facet normal -0.973867 -0.22712 0
    outer loop
      vertex -15.6926 -3.12144 5
      vertex -15.4548 -4.1411 0
      vertex -15.4548 -4.1411 5
    endloop
  endfacet
  facet normal -0.935909 -0.352243 0
    outer loop
      vertex -14.7821 -6.12293 0
      vertex -15.1509 -5.14303 5
      vertex -15.1509 -5.14303 0
    endloop
  endfacet
  facet normal -0.935909 -0.352243 0
    outer loop
      vertex -15.1509 -5.14303 5
      vertex -14.7821 -6.12293 0
      vertex -14.7821 -6.12293 5
    endloop
  endfacet
  facet normal -0.352243 0.935909 0
    outer loop
      vertex -5.14303 15.1509 0
      vertex -6.12293 14.7821 5
      vertex -5.14303 15.1509 5
    endloop
  endfacet
  facet normal -0.352243 0.935909 0
    outer loop
      vertex -6.12293 14.7821 5
      vertex -5.14303 15.1509 0
      vertex -6.12293 14.7821 0
    endloop
  endfacet
  facet normal -0.290257 0.956949 0
    outer loop
      vertex -4.1411 15.4548 0
      vertex -5.14303 15.1509 5
      vertex -4.1411 15.4548 5
    endloop
  endfacet
  facet normal -0.290257 0.956949 0
    outer loop
      vertex -5.14303 15.1509 5
      vertex -4.1411 15.4548 0
      vertex -5.14303 15.1509 0
    endloop
  endfacet
  facet normal -0.683566 0.729889 0
    outer loop
      vertex -10.5495 12.0294 0
      vertex -11.3137 11.3137 5
      vertex -10.5495 12.0294 5
    endloop
  endfacet
  facet normal -0.683566 0.729889 0
    outer loop
      vertex -11.3137 11.3137 5
      vertex -10.5495 12.0294 0
      vertex -11.3137 11.3137 0
    endloop
  endfacet
  facet normal -0.634455 0.77296 0
    outer loop
      vertex -9.74018 12.6937 0
      vertex -10.5495 12.0294 5
      vertex -9.74018 12.6937 5
    endloop
  endfacet
  facet normal -0.634455 0.77296 0
    outer loop
      vertex -10.5495 12.0294 5
      vertex -9.74018 12.6937 0
      vertex -10.5495 12.0294 0
    endloop
  endfacet
  facet normal -0.77296 0.634455 0
    outer loop
      vertex -12.6937 9.74018 0
      vertex -12.0294 10.5495 5
      vertex -12.0294 10.5495 0
    endloop
  endfacet
  facet normal -0.77296 0.634455 0
    outer loop
      vertex -12.0294 10.5495 5
      vertex -12.6937 9.74018 0
      vertex -12.6937 9.74018 5
    endloop
  endfacet
  facet normal -0.973867 0.22712 0
    outer loop
      vertex -15.6926 3.12144 0
      vertex -15.4548 4.1411 5
      vertex -15.4548 4.1411 0
    endloop
  endfacet
  facet normal -0.973867 0.22712 0
    outer loop
      vertex -15.4548 4.1411 5
      vertex -15.6926 3.12144 0
      vertex -15.6926 3.12144 5
    endloop
  endfacet
  facet normal -0.986651 0.162847 0
    outer loop
      vertex -15.8631 2.08842 0
      vertex -15.6926 3.12144 5
      vertex -15.6926 3.12144 0
    endloop
  endfacet
  facet normal -0.986651 0.162847 0
    outer loop
      vertex -15.6926 3.12144 5
      vertex -15.8631 2.08842 0
      vertex -15.8631 2.08842 5
    endloop
  endfacet
  facet normal -0.881904 0.471429 0
    outer loop
      vertex -14.35 7.07662 0
      vertex -13.8564 8 5
      vertex -13.8564 8 0
    endloop
  endfacet
  facet normal -0.881904 0.471429 0
    outer loop
      vertex -13.8564 8 5
      vertex -14.35 7.07662 0
      vertex -14.35 7.07662 5
    endloop
  endfacet
  facet normal 0.471648 -0.881787 0
    outer loop
      vertex 120.031 -22.6955 0
      vertex 120.722 -22.3259 31
      vertex 120.031 -22.6955 31
    endloop
  endfacet
  facet normal 0.471648 -0.881787 0
    outer loop
      vertex 120.722 -22.3259 31
      vertex 120.031 -22.6955 0
      vertex 120.722 -22.3259 0
    endloop
  endfacet
  facet normal -0.683566 -0.729889 0
    outer loop
      vertex -11.3137 -11.3137 0
      vertex -10.5495 -12.0294 5
      vertex -11.3137 -11.3137 5
    endloop
  endfacet
  facet normal -0.683566 -0.729889 -0
    outer loop
      vertex -10.5495 -12.0294 5
      vertex -11.3137 -11.3137 0
      vertex -10.5495 -12.0294 0
    endloop
  endfacet
  facet normal -0.528075 -0.849198 0
    outer loop
      vertex -8.88912 -13.3035 0
      vertex -8 -13.8564 5
      vertex -8.88912 -13.3035 5
    endloop
  endfacet
  facet normal -0.528075 -0.849198 -0
    outer loop
      vertex -8 -13.8564 5
      vertex -8.88912 -13.3035 0
      vertex -8 -13.8564 0
    endloop
  endfacet
  facet normal -0.290257 -0.956949 0
    outer loop
      vertex -5.14303 -15.1509 0
      vertex -4.1411 -15.4548 5
      vertex -5.14303 -15.1509 5
    endloop
  endfacet
  facet normal -0.290257 -0.956949 -0
    outer loop
      vertex -4.1411 -15.4548 5
      vertex -5.14303 -15.1509 0
      vertex -4.1411 -15.4548 0
    endloop
  endfacet
  facet normal -0.77296 -0.634455 0
    outer loop
      vertex -12.0294 -10.5495 0
      vertex -12.6937 -9.74018 5
      vertex -12.6937 -9.74018 0
    endloop
  endfacet
  facet normal -0.77296 -0.634455 0
    outer loop
      vertex -12.6937 -9.74018 5
      vertex -12.0294 -10.5495 0
      vertex -12.0294 -10.5495 5
    endloop
  endfacet
  facet normal -0.986651 -0.162847 0
    outer loop
      vertex -15.6926 -3.12144 0
      vertex -15.8631 -2.08842 5
      vertex -15.8631 -2.08842 0
    endloop
  endfacet
  facet normal -0.986651 -0.162847 0
    outer loop
      vertex -15.8631 -2.08842 5
      vertex -15.6926 -3.12144 0
      vertex -15.6926 -3.12144 5
    endloop
  endfacet
  facet normal -0.582439 -0.812874 0
    outer loop
      vertex -9.74018 -12.6937 0
      vertex -8.88912 -13.3035 5
      vertex -9.74018 -12.6937 5
    endloop
  endfacet
  facet normal -0.582439 -0.812874 -0
    outer loop
      vertex -8.88912 -13.3035 5
      vertex -9.74018 -12.6937 0
      vertex -8.88912 -13.3035 0
    endloop
  endfacet
  facet normal -0.634455 -0.77296 0
    outer loop
      vertex -10.5495 -12.0294 0
      vertex -9.74018 -12.6937 5
      vertex -10.5495 -12.0294 5
    endloop
  endfacet
  facet normal -0.634455 -0.77296 -0
    outer loop
      vertex -9.74018 -12.6937 5
      vertex -10.5495 -12.0294 0
      vertex -9.74018 -12.6937 0
    endloop
  endfacet
  facet normal -0.352243 -0.935909 0
    outer loop
      vertex -6.12293 -14.7821 0
      vertex -5.14303 -15.1509 5
      vertex -6.12293 -14.7821 5
    endloop
  endfacet
  facet normal -0.352243 -0.935909 -0
    outer loop
      vertex -5.14303 -15.1509 5
      vertex -6.12293 -14.7821 0
      vertex -5.14303 -15.1509 0
    endloop
  endfacet
  facet normal -0.471429 -0.881904 0
    outer loop
      vertex -8 -13.8564 0
      vertex -7.07662 -14.35 5
      vertex -8 -13.8564 5
    endloop
  endfacet
  facet normal -0.471429 -0.881904 -0
    outer loop
      vertex -7.07662 -14.35 5
      vertex -8 -13.8564 0
      vertex -7.07662 -14.35 0
    endloop
  endfacet
  facet normal -0.812874 -0.582439 0
    outer loop
      vertex -12.6937 -9.74018 0
      vertex -13.3035 -8.88912 5
      vertex -13.3035 -8.88912 0
    endloop
  endfacet
  facet normal -0.812874 -0.582439 0
    outer loop
      vertex -13.3035 -8.88912 5
      vertex -12.6937 -9.74018 0
      vertex -12.6937 -9.74018 5
    endloop
  endfacet
  facet normal -0.881904 -0.471429 0
    outer loop
      vertex -13.8564 -8 0
      vertex -14.35 -7.07662 5
      vertex -14.35 -7.07662 0
    endloop
  endfacet
  facet normal -0.881904 -0.471429 0
    outer loop
      vertex -14.35 -7.07662 5
      vertex -13.8564 -8 0
      vertex -13.8564 -8 5
    endloop
  endfacet
  facet normal -0.910868 -0.412698 0
    outer loop
      vertex -14.35 -7.07662 0
      vertex -14.7821 -6.12293 5
      vertex -14.7821 -6.12293 0
    endloop
  endfacet
  facet normal -0.910868 -0.412698 0
    outer loop
      vertex -14.7821 -6.12293 5
      vertex -14.35 -7.07662 0
      vertex -14.35 -7.07662 5
    endloop
  endfacet
  facet normal -0.729889 -0.683566 0
    outer loop
      vertex -11.3137 -11.3137 0
      vertex -12.0294 -10.5495 5
      vertex -12.0294 -10.5495 0
    endloop
  endfacet
  facet normal -0.729889 -0.683566 0
    outer loop
      vertex -12.0294 -10.5495 5
      vertex -11.3137 -11.3137 0
      vertex -11.3137 -11.3137 5
    endloop
  endfacet
  facet normal -0 0 1
    outer loop
      vertex 98 -8 31
      vertex 102.4 -10.35 31
      vertex 102.4 -8 31
    endloop
  endfacet
  facet normal 0 0 1
    outer loop
      vertex 102.4 -10.35 31
      vertex 98 -19 31
      vertex 102 -23 31
    endloop
  endfacet
  facet normal 0 0 1
    outer loop
      vertex 102 -23 31
      vertex 98 -19 31
      vertex 98.2461 -20.3382 31
    endloop
  endfacet
  facet normal 0 0 1
    outer loop
      vertex 102.4 -10.35 31
      vertex 98 -8 31
      vertex 98 -19 31
    endloop
  endfacet
  facet normal 0 0 1
    outer loop
      vertex 98.2461 -20.3382 31
      vertex 98 -19 31
      vertex 98.0769 -19.7803 31
    endloop
  endfacet
  facet normal 0 0 1
    outer loop
      vertex 97.5 -22.6928 31
      vertex 98.2461 -20.3382 31
      vertex 97.5 -20.2872 31
    endloop
  endfacet
  facet normal 0 0 1
    outer loop
      vertex 98.2461 -20.3382 31
      vertex 97.5 -22.6928 31
      vertex 102 -23 31
    endloop
  endfacet
  facet normal -0 0 1
    outer loop
      vertex 116.413 -17.5555 31
      vertex 122.5 -19 31
      vertex 122.5 -10.35 31
    endloop
  endfacet
  facet normal -0 -0 1
    outer loop
      vertex 116.525 -17.7481 31
      vertex 122.5 -19 31
      vertex 116.472 -17.65 31
    endloop
  endfacet
  facet normal -0 -0 1
    outer loop
      vertex 116.61 -17.9536 31
      vertex 122.5 -19 31
      vertex 116.571 -17.8494 31
    endloop
  endfacet
  facet normal -0 -0 1
    outer loop
      vertex 116.667 -18.1683 31
      vertex 122.5 -19 31
      vertex 116.642 -18.06 31
    endloop
  endfacet
  facet normal -0 -0 1
    outer loop
      vertex 116.696 -18.3888 31
      vertex 122.5 -19 31
      vertex 116.685 -18.2781 31
    endloop
  endfacet
  facet normal -0 0 1
    outer loop
      vertex 116.696 -18.6112 31
      vertex 122.5 -19 31
      vertex 116.7 -18.5 31
    endloop
  endfacet
  facet normal 0 0 1
    outer loop
      vertex 122.5 -19 31
      vertex 116.685 -18.7219 31
      vertex 122.423 -19.7803 31
    endloop
  endfacet
  facet normal 0 0 1
    outer loop
      vertex 122.423 -19.7803 31
      vertex 116.667 -18.8317 31
      vertex 122.196 -20.5307 31
    endloop
  endfacet
  facet normal -0 0 1
    outer loop
      vertex 116.642 -18.94 31
      vertex 121.826 -21.2223 31
      vertex 116.667 -18.8317 31
    endloop
  endfacet
  facet normal 0 0 1
    outer loop
      vertex 121.826 -21.2223 31
      vertex 116.642 -18.94 31
      vertex 121.328 -21.8284 31
    endloop
  endfacet
  facet normal 0 0 1
    outer loop
      vertex 122.196 -20.5307 31
      vertex 116.667 -18.8317 31
      vertex 121.826 -21.2223 31
    endloop
  endfacet
  facet normal -0 0 1
    outer loop
      vertex 116.667 -18.8317 31
      vertex 122.423 -19.7803 31
      vertex 116.685 -18.7219 31
    endloop
  endfacet
  facet normal -0 0 1
    outer loop
      vertex 116.685 -18.7219 31
      vertex 122.5 -19 31
      vertex 116.696 -18.6112 31
    endloop
  endfacet
  facet normal -0 -0 1
    outer loop
      vertex 116.7 -18.5 31
      vertex 122.5 -19 31
      vertex 116.696 -18.3888 31
    endloop
  endfacet
  facet normal -0 -0 1
    outer loop
      vertex 116.685 -18.2781 31
      vertex 122.5 -19 31
      vertex 116.667 -18.1683 31
    endloop
  endfacet
  facet normal -0 -0 1
    outer loop
      vertex 116.642 -18.06 31
      vertex 122.5 -19 31
      vertex 116.61 -17.9536 31
    endloop
  endfacet
  facet normal -0 -0 1
    outer loop
      vertex 116.571 -17.8494 31
      vertex 122.5 -19 31
      vertex 116.525 -17.7481 31
    endloop
  endfacet
  facet normal 0 0 1
    outer loop
      vertex 122.5 -19 31
      vertex 116.413 -17.5555 31
      vertex 116.472 -17.65 31
    endloop
  endfacet
  facet normal 0 0 1
    outer loop
      vertex 122.5 -10.35 31
      vertex 116.349 -17.4651 31
      vertex 116.413 -17.5555 31
    endloop
  endfacet
  facet normal 0 0 1
    outer loop
      vertex 122.5 -10.35 31
      vertex 116.278 -17.3791 31
      vertex 116.349 -17.4651 31
    endloop
  endfacet
  facet normal 0 0 1
    outer loop
      vertex 122.5 -10.35 31
      vertex 116.202 -17.2979 31
      vertex 116.278 -17.3791 31
    endloop
  endfacet
  facet normal 0 0 1
    outer loop
      vertex 122.5 -10.35 31
      vertex 116.121 -17.2219 31
      vertex 116.202 -17.2979 31
    endloop
  endfacet
  facet normal 0 0 1
    outer loop
      vertex 122.5 -10.35 31
      vertex 116.035 -17.1513 31
      vertex 116.121 -17.2219 31
    endloop
  endfacet
  facet normal 0 0 1
    outer loop
      vertex 122.5 -10.35 31
      vertex 115.944 -17.0865 31
      vertex 116.035 -17.1513 31
    endloop
  endfacet
  facet normal 0 0 1
    outer loop
      vertex 122.5 -10.35 31
      vertex 115.85 -17.0278 31
      vertex 115.944 -17.0865 31
    endloop
  endfacet
  facet normal 0 0 1
    outer loop
      vertex 122.5 -10.35 31
      vertex 115.752 -16.9753 31
      vertex 115.85 -17.0278 31
    endloop
  endfacet
  facet normal 0 0 1
    outer loop
      vertex 122.5 -10.35 31
      vertex 115.651 -16.9294 31
      vertex 115.752 -16.9753 31
    endloop
  endfacet
  facet normal 0 0 1
    outer loop
      vertex 122.5 -10.35 31
      vertex 115.546 -16.8902 31
      vertex 115.651 -16.9294 31
    endloop
  endfacet
  facet normal 0 0 1
    outer loop
      vertex 122.5 -10.35 31
      vertex 115.44 -16.8579 31
      vertex 115.546 -16.8902 31
    endloop
  endfacet
  facet normal 0 0 1
    outer loop
      vertex 122.5 -10.35 31
      vertex 115.332 -16.8327 31
      vertex 115.44 -16.8579 31
    endloop
  endfacet
  facet normal 0 0 1
    outer loop
      vertex 122.5 -10.35 31
      vertex 115.222 -16.8145 31
      vertex 115.332 -16.8327 31
    endloop
  endfacet
  facet normal 0 0 1
    outer loop
      vertex 122.5 -10.35 31
      vertex 115.111 -16.8036 31
      vertex 115.222 -16.8145 31
    endloop
  endfacet
  facet normal 0 0 1
    outer loop
      vertex 122.5 -10.35 31
      vertex 115 -16.8 31
      vertex 115.111 -16.8036 31
    endloop
  endfacet
  facet normal 0 0 1
    outer loop
      vertex 122.5 -10.35 31
      vertex 114.889 -16.8036 31
      vertex 115 -16.8 31
    endloop
  endfacet
  facet normal 0 0 1
    outer loop
      vertex 122.5 -10.35 31
      vertex 114.778 -16.8145 31
      vertex 114.889 -16.8036 31
    endloop
  endfacet
  facet normal 0 0 1
    outer loop
      vertex 122.5 -10.35 31
      vertex 114.668 -16.8327 31
      vertex 114.778 -16.8145 31
    endloop
  endfacet
  facet normal -0 0 1
    outer loop
      vertex 102.4 -10.35 31
      vertex 114.668 -16.8327 31
      vertex 122.5 -10.35 31
    endloop
  endfacet
  facet normal 0 0 1
    outer loop
      vertex 114.668 -16.8327 31
      vertex 102.4 -10.35 31
      vertex 114.56 -16.8579 31
    endloop
  endfacet
  facet normal 0 0 1
    outer loop
      vertex 114.56 -16.8579 31
      vertex 102.4 -10.35 31
      vertex 114.454 -16.8902 31
    endloop
  endfacet
  facet normal 0 0 1
    outer loop
      vertex 114.454 -16.8902 31
      vertex 102.4 -10.35 31
      vertex 114.349 -16.9294 31
    endloop
  endfacet
  facet normal 0 0 1
    outer loop
      vertex 114.349 -16.9294 31
      vertex 102.4 -10.35 31
      vertex 114.248 -16.9753 31
    endloop
  endfacet
  facet normal 0 0 1
    outer loop
      vertex 114.248 -16.9753 31
      vertex 102.4 -10.35 31
      vertex 114.15 -17.0278 31
    endloop
  endfacet
  facet normal 0 0 1
    outer loop
      vertex 114.15 -17.0278 31
      vertex 102.4 -10.35 31
      vertex 114.056 -17.0865 31
    endloop
  endfacet
  facet normal 0 0 1
    outer loop
      vertex 113.315 -18.2781 31
      vertex 102 -23 31
      vertex 113.304 -18.3888 31
    endloop
  endfacet
  facet normal 0 0 1
    outer loop
      vertex 113.333 -18.1683 31
      vertex 102 -23 31
      vertex 113.315 -18.2781 31
    endloop
  endfacet
  facet normal 0 0 1
    outer loop
      vertex 102 -23 31
      vertex 113.333 -18.1683 31
      vertex 102.4 -10.35 31
    endloop
  endfacet
  facet normal 0 0 1
    outer loop
      vertex 113.358 -18.06 31
      vertex 102.4 -10.35 31
      vertex 113.333 -18.1683 31
    endloop
  endfacet
  facet normal 0 0 1
    outer loop
      vertex 113.39 -17.9536 31
      vertex 102.4 -10.35 31
      vertex 113.358 -18.06 31
    endloop
  endfacet
  facet normal 0 0 1
    outer loop
      vertex 113.429 -17.8494 31
      vertex 102.4 -10.35 31
      vertex 113.39 -17.9536 31
    endloop
  endfacet
  facet normal 0 0 1
    outer loop
      vertex 113.475 -17.7481 31
      vertex 102.4 -10.35 31
      vertex 113.429 -17.8494 31
    endloop
  endfacet
  facet normal 0 0 1
    outer loop
      vertex 113.528 -17.65 31
      vertex 102.4 -10.35 31
      vertex 113.475 -17.7481 31
    endloop
  endfacet
  facet normal 0 0 1
    outer loop
      vertex 113.587 -17.5555 31
      vertex 102.4 -10.35 31
      vertex 113.528 -17.65 31
    endloop
  endfacet
  facet normal 0 0 1
    outer loop
      vertex 113.651 -17.4651 31
      vertex 102.4 -10.35 31
      vertex 113.587 -17.5555 31
    endloop
  endfacet
  facet normal 0 0 1
    outer loop
      vertex 113.722 -17.3791 31
      vertex 102.4 -10.35 31
      vertex 113.651 -17.4651 31
    endloop
  endfacet
  facet normal 0 0 1
    outer loop
      vertex 113.798 -17.2979 31
      vertex 102.4 -10.35 31
      vertex 113.722 -17.3791 31
    endloop
  endfacet
  facet normal 0 0 1
    outer loop
      vertex 113.879 -17.2219 31
      vertex 102.4 -10.35 31
      vertex 113.798 -17.2979 31
    endloop
  endfacet
  facet normal 0 0 1
    outer loop
      vertex 113.965 -17.1513 31
      vertex 102.4 -10.35 31
      vertex 113.879 -17.2219 31
    endloop
  endfacet
  facet normal 0 0 1
    outer loop
      vertex 114.056 -17.0865 31
      vertex 102.4 -10.35 31
      vertex 113.965 -17.1513 31
    endloop
  endfacet
  facet normal -0 0 1
    outer loop
      vertex 116.61 -19.0464 31
      vertex 121.328 -21.8284 31
      vertex 116.642 -18.94 31
    endloop
  endfacet
  facet normal 0 0 1
    outer loop
      vertex 121.328 -21.8284 31
      vertex 116.61 -19.0464 31
      vertex 120.722 -22.3259 31
    endloop
  endfacet
  facet normal -0 0 1
    outer loop
      vertex 116.571 -19.1506 31
      vertex 120.722 -22.3259 31
      vertex 116.61 -19.0464 31
    endloop
  endfacet
  facet normal 0 0 1
    outer loop
      vertex 120.722 -22.3259 31
      vertex 116.571 -19.1506 31
      vertex 120.031 -22.6955 31
    endloop
  endfacet
  facet normal -0 0 1
    outer loop
      vertex 116.525 -19.2519 31
      vertex 120.031 -22.6955 31
      vertex 116.571 -19.1506 31
    endloop
  endfacet
  facet normal 0 0 1
    outer loop
      vertex 120.031 -22.6955 31
      vertex 116.525 -19.2519 31
      vertex 119.28 -22.9231 31
    endloop
  endfacet
  facet normal -0 0 1
    outer loop
      vertex 116.472 -19.35 31
      vertex 119.28 -22.9231 31
      vertex 116.525 -19.2519 31
    endloop
  endfacet
  facet normal 0 0 1
    outer loop
      vertex 119.28 -22.9231 31
      vertex 116.472 -19.35 31
      vertex 118.5 -23 31
    endloop
  endfacet
  facet normal -0 0 1
    outer loop
      vertex 116.413 -19.4445 31
      vertex 118.5 -23 31
      vertex 116.472 -19.35 31
    endloop
  endfacet
  facet normal -0 0 1
    outer loop
      vertex 116.349 -19.5349 31
      vertex 118.5 -23 31
      vertex 116.413 -19.4445 31
    endloop
  endfacet
  facet normal -0 0 1
    outer loop
      vertex 116.278 -19.6209 31
      vertex 118.5 -23 31
      vertex 116.349 -19.5349 31
    endloop
  endfacet
  facet normal -0 0 1
    outer loop
      vertex 116.202 -19.7021 31
      vertex 118.5 -23 31
      vertex 116.278 -19.6209 31
    endloop
  endfacet
  facet normal -0 0 1
    outer loop
      vertex 116.121 -19.7781 31
      vertex 118.5 -23 31
      vertex 116.202 -19.7021 31
    endloop
  endfacet
  facet normal -0 0 1
    outer loop
      vertex 116.035 -19.8487 31
      vertex 118.5 -23 31
      vertex 116.121 -19.7781 31
    endloop
  endfacet
  facet normal -0 0 1
    outer loop
      vertex 115.944 -19.9135 31
      vertex 118.5 -23 31
      vertex 116.035 -19.8487 31
    endloop
  endfacet
  facet normal -0 0 1
    outer loop
      vertex 115.85 -19.9722 31
      vertex 118.5 -23 31
      vertex 115.944 -19.9135 31
    endloop
  endfacet
  facet normal -0 0 1
    outer loop
      vertex 115.752 -20.0247 31
      vertex 118.5 -23 31
      vertex 115.85 -19.9722 31
    endloop
  endfacet
  facet normal -0 0 1
    outer loop
      vertex 115.651 -20.0706 31
      vertex 118.5 -23 31
      vertex 115.752 -20.0247 31
    endloop
  endfacet
  facet normal -0 0 1
    outer loop
      vertex 115.546 -20.1098 31
      vertex 118.5 -23 31
      vertex 115.651 -20.0706 31
    endloop
  endfacet
  facet normal -0 0 1
    outer loop
      vertex 115.44 -20.1421 31
      vertex 118.5 -23 31
      vertex 115.546 -20.1098 31
    endloop
  endfacet
  facet normal -0 0 1
    outer loop
      vertex 115.332 -20.1673 31
      vertex 118.5 -23 31
      vertex 115.44 -20.1421 31
    endloop
  endfacet
  facet normal -0 0 1
    outer loop
      vertex 115.222 -20.1855 31
      vertex 118.5 -23 31
      vertex 115.332 -20.1673 31
    endloop
  endfacet
  facet normal -0 0 1
    outer loop
      vertex 115.111 -20.1964 31
      vertex 118.5 -23 31
      vertex 115.222 -20.1855 31
    endloop
  endfacet
  facet normal -0 0 1
    outer loop
      vertex 115 -20.2 31
      vertex 118.5 -23 31
      vertex 115.111 -20.1964 31
    endloop
  endfacet
  facet normal 0 0 1
    outer loop
      vertex 114.889 -20.1964 31
      vertex 118.5 -23 31
      vertex 115 -20.2 31
    endloop
  endfacet
  facet normal 0 0 1
    outer loop
      vertex 114.778 -20.1855 31
      vertex 118.5 -23 31
      vertex 114.889 -20.1964 31
    endloop
  endfacet
  facet normal 0 0 1
    outer loop
      vertex 114.668 -20.1673 31
      vertex 118.5 -23 31
      vertex 114.778 -20.1855 31
    endloop
  endfacet
  facet normal 0 0 1
    outer loop
      vertex 114.56 -20.1421 31
      vertex 118.5 -23 31
      vertex 114.668 -20.1673 31
    endloop
  endfacet
  facet normal 0 0 1
    outer loop
      vertex 114.454 -20.1098 31
      vertex 118.5 -23 31
      vertex 114.56 -20.1421 31
    endloop
  endfacet
  facet normal 0 0 1
    outer loop
      vertex 114.349 -20.0706 31
      vertex 118.5 -23 31
      vertex 114.454 -20.1098 31
    endloop
  endfacet
  facet normal 0 0 1
    outer loop
      vertex 102 -23 31
      vertex 114.349 -20.0706 31
      vertex 114.248 -20.0247 31
    endloop
  endfacet
  facet normal 0 0 1
    outer loop
      vertex 102 -23 31
      vertex 114.248 -20.0247 31
      vertex 114.15 -19.9722 31
    endloop
  endfacet
  facet normal 0 0 1
    outer loop
      vertex 102 -23 31
      vertex 114.15 -19.9722 31
      vertex 114.056 -19.9135 31
    endloop
  endfacet
  facet normal 0 0 1
    outer loop
      vertex 113.304 -18.3888 31
      vertex 102 -23 31
      vertex 113.3 -18.5 31
    endloop
  endfacet
  facet normal 0 0 1
    outer loop
      vertex 113.3 -18.5 31
      vertex 102 -23 31
      vertex 113.304 -18.6112 31
    endloop
  endfacet
  facet normal 0 0 1
    outer loop
      vertex 113.304 -18.6112 31
      vertex 102 -23 31
      vertex 113.315 -18.7219 31
    endloop
  endfacet
  facet normal 0 0 1
    outer loop
      vertex 113.315 -18.7219 31
      vertex 102 -23 31
      vertex 113.333 -18.8317 31
    endloop
  endfacet
  facet normal 0 0 1
    outer loop
      vertex 113.333 -18.8317 31
      vertex 102 -23 31
      vertex 113.358 -18.94 31
    endloop
  endfacet
  facet normal 0 0 1
    outer loop
      vertex 113.358 -18.94 31
      vertex 102 -23 31
      vertex 113.39 -19.0464 31
    endloop
  endfacet
  facet normal 0 0 1
    outer loop
      vertex 113.39 -19.0464 31
      vertex 102 -23 31
      vertex 113.429 -19.1506 31
    endloop
  endfacet
  facet normal 0 0 1
    outer loop
      vertex 113.429 -19.1506 31
      vertex 102 -23 31
      vertex 113.475 -19.2519 31
    endloop
  endfacet
  facet normal 0 0 1
    outer loop
      vertex 113.475 -19.2519 31
      vertex 102 -23 31
      vertex 113.528 -19.35 31
    endloop
  endfacet
  facet normal 0 0 1
    outer loop
      vertex 113.528 -19.35 31
      vertex 102 -23 31
      vertex 113.587 -19.4445 31
    endloop
  endfacet
  facet normal 0 0 1
    outer loop
      vertex 113.587 -19.4445 31
      vertex 102 -23 31
      vertex 113.651 -19.5349 31
    endloop
  endfacet
  facet normal 0 0 1
    outer loop
      vertex 113.651 -19.5349 31
      vertex 102 -23 31
      vertex 113.722 -19.6209 31
    endloop
  endfacet
  facet normal 0 0 1
    outer loop
      vertex 113.722 -19.6209 31
      vertex 102 -23 31
      vertex 113.798 -19.7021 31
    endloop
  endfacet
  facet normal 0 0 1
    outer loop
      vertex 114.349 -20.0706 31
      vertex 102 -23 31
      vertex 118.5 -23 31
    endloop
  endfacet
  facet normal 0 0 1
    outer loop
      vertex 113.965 -19.8487 31
      vertex 102 -23 31
      vertex 114.056 -19.9135 31
    endloop
  endfacet
  facet normal 0 0 1
    outer loop
      vertex 113.879 -19.7781 31
      vertex 102 -23 31
      vertex 113.965 -19.8487 31
    endloop
  endfacet
  facet normal 0 0 1
    outer loop
      vertex 113.798 -19.7021 31
      vertex 102 -23 31
      vertex 113.879 -19.7781 31
    endloop
  endfacet
  facet normal 0 0 1
    outer loop
      vertex 28 17.9485 31
      vertex 98.2461 20.3382 31
      vertex 102 23 31
    endloop
  endfacet
  facet normal 0 0 1
    outer loop
      vertex 98.2461 20.3382 31
      vertex 28 17.9485 31
      vertex 28 15.543 31
    endloop
  endfacet
  facet normal 0 0 1
    outer loop
      vertex 122.5 19 31
      vertex 116.696 18.6112 31
      vertex 116.7 18.5 31
    endloop
  endfacet
  facet normal 0 0 1
    outer loop
      vertex 119.28 22.9231 31
      vertex 116.685 18.7219 31
      vertex 116.696 18.6112 31
    endloop
  endfacet
  facet normal 0 0 1
    outer loop
      vertex 119.28 22.9231 31
      vertex 116.667 18.8317 31
      vertex 116.685 18.7219 31
    endloop
  endfacet
  facet normal 0 0 1
    outer loop
      vertex 119.28 22.9231 31
      vertex 116.642 18.94 31
      vertex 116.667 18.8317 31
    endloop
  endfacet
  facet normal 0 0 1
    outer loop
      vertex 119.28 22.9231 31
      vertex 116.61 19.0464 31
      vertex 116.642 18.94 31
    endloop
  endfacet
  facet normal 0 0 1
    outer loop
      vertex 119.28 22.9231 31
      vertex 116.571 19.1506 31
      vertex 116.61 19.0464 31
    endloop
  endfacet
  facet normal 0 0 1
    outer loop
      vertex 119.28 22.9231 31
      vertex 116.525 19.2519 31
      vertex 116.571 19.1506 31
    endloop
  endfacet
  facet normal 0 0 1
    outer loop
      vertex 119.28 22.9231 31
      vertex 116.472 19.35 31
      vertex 116.525 19.2519 31
    endloop
  endfacet
  facet normal 0 0 1
    outer loop
      vertex 118.5 23 31
      vertex 116.413 19.4445 31
      vertex 116.472 19.35 31
    endloop
  endfacet
  facet normal 0 0 1
    outer loop
      vertex 118.5 23 31
      vertex 116.349 19.5349 31
      vertex 116.413 19.4445 31
    endloop
  endfacet
  facet normal 0 0 1
    outer loop
      vertex 118.5 23 31
      vertex 116.278 19.6209 31
      vertex 116.349 19.5349 31
    endloop
  endfacet
  facet normal 0 0 1
    outer loop
      vertex 118.5 23 31
      vertex 116.202 19.7021 31
      vertex 116.278 19.6209 31
    endloop
  endfacet
  facet normal 0 0 1
    outer loop
      vertex 118.5 23 31
      vertex 116.121 19.7781 31
      vertex 116.202 19.7021 31
    endloop
  endfacet
  facet normal 0 0 1
    outer loop
      vertex 118.5 23 31
      vertex 116.035 19.8487 31
      vertex 116.121 19.7781 31
    endloop
  endfacet
  facet normal 0 0 1
    outer loop
      vertex 118.5 23 31
      vertex 115.944 19.9135 31
      vertex 116.035 19.8487 31
    endloop
  endfacet
  facet normal 0 0 1
    outer loop
      vertex 118.5 23 31
      vertex 115.85 19.9722 31
      vertex 115.944 19.9135 31
    endloop
  endfacet
  facet normal 0 0 1
    outer loop
      vertex 118.5 23 31
      vertex 115.752 20.0247 31
      vertex 115.85 19.9722 31
    endloop
  endfacet
  facet normal 0 0 1
    outer loop
      vertex 118.5 23 31
      vertex 115.651 20.0706 31
      vertex 115.752 20.0247 31
    endloop
  endfacet
  facet normal 0 0 1
    outer loop
      vertex 118.5 23 31
      vertex 115.546 20.1098 31
      vertex 115.651 20.0706 31
    endloop
  endfacet
  facet normal 0 0 1
    outer loop
      vertex 118.5 23 31
      vertex 115.44 20.1421 31
      vertex 115.546 20.1098 31
    endloop
  endfacet
  facet normal 0 0 1
    outer loop
      vertex 118.5 23 31
      vertex 115.332 20.1673 31
      vertex 115.44 20.1421 31
    endloop
  endfacet
  facet normal 0 0 1
    outer loop
      vertex 118.5 23 31
      vertex 115.222 20.1855 31
      vertex 115.332 20.1673 31
    endloop
  endfacet
  facet normal 0 0 1
    outer loop
      vertex 118.5 23 31
      vertex 115.111 20.1964 31
      vertex 115.222 20.1855 31
    endloop
  endfacet
  facet normal 0 0 1
    outer loop
      vertex 118.5 23 31
      vertex 115 20.2 31
      vertex 115.111 20.1964 31
    endloop
  endfacet
  facet normal 0 0 1
    outer loop
      vertex 118.5 23 31
      vertex 114.889 20.1964 31
      vertex 115 20.2 31
    endloop
  endfacet
  facet normal 0 0 1
    outer loop
      vertex 118.5 23 31
      vertex 114.778 20.1855 31
      vertex 114.889 20.1964 31
    endloop
  endfacet
  facet normal 0 0 1
    outer loop
      vertex 118.5 23 31
      vertex 114.668 20.1673 31
      vertex 114.778 20.1855 31
    endloop
  endfacet
  facet normal 0 0 1
    outer loop
      vertex 118.5 23 31
      vertex 114.56 20.1421 31
      vertex 114.668 20.1673 31
    endloop
  endfacet
  facet normal 0 0 1
    outer loop
      vertex 118.5 23 31
      vertex 114.454 20.1098 31
      vertex 114.56 20.1421 31
    endloop
  endfacet
  facet normal 0 0 1
    outer loop
      vertex 118.5 23 31
      vertex 114.349 20.0706 31
      vertex 114.454 20.1098 31
    endloop
  endfacet
  facet normal -0 0 1
    outer loop
      vertex 102 23 31
      vertex 114.349 20.0706 31
      vertex 118.5 23 31
    endloop
  endfacet
  facet normal 0 0 1
    outer loop
      vertex 114.349 20.0706 31
      vertex 102 23 31
      vertex 114.248 20.0247 31
    endloop
  endfacet
  facet normal 0 0 1
    outer loop
      vertex 114.248 20.0247 31
      vertex 102 23 31
      vertex 114.15 19.9722 31
    endloop
  endfacet
  facet normal 0 0 1
    outer loop
      vertex 102 23 31
      vertex 113.3 18.5 31
      vertex 113.304 18.6112 31
    endloop
  endfacet
  facet normal 0 0 1
    outer loop
      vertex 102 23 31
      vertex 113.304 18.6112 31
      vertex 113.315 18.7219 31
    endloop
  endfacet
  facet normal 0 0 1
    outer loop
      vertex 102 23 31
      vertex 113.315 18.7219 31
      vertex 113.333 18.8317 31
    endloop
  endfacet
  facet normal 0 0 1
    outer loop
      vertex 102 23 31
      vertex 113.333 18.8317 31
      vertex 113.358 18.94 31
    endloop
  endfacet
  facet normal 0 0 1
    outer loop
      vertex 102 23 31
      vertex 113.358 18.94 31
      vertex 113.39 19.0464 31
    endloop
  endfacet
  facet normal 0 0 1
    outer loop
      vertex 102 23 31
      vertex 113.39 19.0464 31
      vertex 113.429 19.1506 31
    endloop
  endfacet
  facet normal 0 0 1
    outer loop
      vertex 102 23 31
      vertex 113.429 19.1506 31
      vertex 113.475 19.2519 31
    endloop
  endfacet
  facet normal 0 0 1
    outer loop
      vertex 102 23 31
      vertex 113.475 19.2519 31
      vertex 113.528 19.35 31
    endloop
  endfacet
  facet normal 0 0 1
    outer loop
      vertex 102 23 31
      vertex 113.528 19.35 31
      vertex 113.587 19.4445 31
    endloop
  endfacet
  facet normal 0 0 1
    outer loop
      vertex 102 23 31
      vertex 113.587 19.4445 31
      vertex 113.651 19.5349 31
    endloop
  endfacet
  facet normal 0 0 1
    outer loop
      vertex 102 23 31
      vertex 113.651 19.5349 31
      vertex 113.722 19.6209 31
    endloop
  endfacet
  facet normal 0 0 1
    outer loop
      vertex 102 23 31
      vertex 113.722 19.6209 31
      vertex 113.798 19.7021 31
    endloop
  endfacet
  facet normal 0 0 1
    outer loop
      vertex 102 23 31
      vertex 113.798 19.7021 31
      vertex 113.879 19.7781 31
    endloop
  endfacet
  facet normal 0 0 1
    outer loop
      vertex 114.15 19.9722 31
      vertex 102 23 31
      vertex 114.056 19.9135 31
    endloop
  endfacet
  facet normal 0 0 1
    outer loop
      vertex 102 23 31
      vertex 113.965 19.8487 31
      vertex 114.056 19.9135 31
    endloop
  endfacet
  facet normal 0 0 1
    outer loop
      vertex 102 23 31
      vertex 113.879 19.7781 31
      vertex 113.965 19.8487 31
    endloop
  endfacet
  facet normal 0 0 1
    outer loop
      vertex 113.3 18.5 31
      vertex 102 23 31
      vertex 102.4 10.35 31
    endloop
  endfacet
  facet normal -0 0 1
    outer loop
      vertex 98 19 31
      vertex 102.4 10.35 31
      vertex 102 23 31
    endloop
  endfacet
  facet normal 0 0 1
    outer loop
      vertex 98 19 31
      vertex 102 23 31
      vertex 98.2461 20.3382 31
    endloop
  endfacet
  facet normal 0 0 1
    outer loop
      vertex 98 19 31
      vertex 98.2461 20.3382 31
      vertex 98.0769 19.7803 31
    endloop
  endfacet
  facet normal 0 0 1
    outer loop
      vertex 98 8 31
      vertex 102.4 10.35 31
      vertex 98 19 31
    endloop
  endfacet
  facet normal 0 0 1
    outer loop
      vertex 102.4 10.35 31
      vertex 98 8 31
      vertex 102.4 8 31
    endloop
  endfacet
  facet normal 0 0 1
    outer loop
      vertex 116.696 18.6112 31
      vertex 122.5 19 31
      vertex 122.423 19.7803 31
    endloop
  endfacet
  facet normal 0 0 1
    outer loop
      vertex 116.696 18.6112 31
      vertex 122.423 19.7803 31
      vertex 122.196 20.5307 31
    endloop
  endfacet
  facet normal 0 0 1
    outer loop
      vertex 116.696 18.6112 31
      vertex 122.196 20.5307 31
      vertex 121.826 21.2223 31
    endloop
  endfacet
  facet normal 0 0 1
    outer loop
      vertex 116.696 18.6112 31
      vertex 121.826 21.2223 31
      vertex 121.328 21.8284 31
    endloop
  endfacet
  facet normal 0 0 1
    outer loop
      vertex 116.696 18.6112 31
      vertex 121.328 21.8284 31
      vertex 120.722 22.3259 31
    endloop
  endfacet
  facet normal 0 0 1
    outer loop
      vertex 116.696 18.6112 31
      vertex 120.722 22.3259 31
      vertex 120.031 22.6955 31
    endloop
  endfacet
  facet normal 0 0 1
    outer loop
      vertex 116.696 18.6112 31
      vertex 120.031 22.6955 31
      vertex 119.28 22.9231 31
    endloop
  endfacet
  facet normal 0 0 1
    outer loop
      vertex 116.472 19.35 31
      vertex 119.28 22.9231 31
      vertex 118.5 23 31
    endloop
  endfacet
  facet normal 0 0 1
    outer loop
      vertex 122.5 19 31
      vertex 116.7 18.5 31
      vertex 116.696 18.3888 31
    endloop
  endfacet
  facet normal 0 0 1
    outer loop
      vertex 122.5 19 31
      vertex 116.696 18.3888 31
      vertex 116.685 18.2781 31
    endloop
  endfacet
  facet normal 0 0 1
    outer loop
      vertex 122.5 19 31
      vertex 116.685 18.2781 31
      vertex 116.667 18.1683 31
    endloop
  endfacet
  facet normal 0 0 1
    outer loop
      vertex 122.5 19 31
      vertex 116.667 18.1683 31
      vertex 116.642 18.06 31
    endloop
  endfacet
  facet normal 0 0 1
    outer loop
      vertex 122.5 19 31
      vertex 116.642 18.06 31
      vertex 116.61 17.9536 31
    endloop
  endfacet
  facet normal 0 0 1
    outer loop
      vertex 122.5 19 31
      vertex 116.61 17.9536 31
      vertex 116.571 17.8494 31
    endloop
  endfacet
  facet normal 0 0 1
    outer loop
      vertex 122.5 19 31
      vertex 116.571 17.8494 31
      vertex 116.525 17.7481 31
    endloop
  endfacet
  facet normal 0 0 1
    outer loop
      vertex 122.5 19 31
      vertex 116.525 17.7481 31
      vertex 116.472 17.65 31
    endloop
  endfacet
  facet normal 0 0 1
    outer loop
      vertex 116.413 17.5555 31
      vertex 122.5 19 31
      vertex 116.472 17.65 31
    endloop
  endfacet
  facet normal 0 0 1
    outer loop
      vertex 122.5 19 31
      vertex 116.413 17.5555 31
      vertex 122.5 10.35 31
    endloop
  endfacet
  facet normal -0 0 1
    outer loop
      vertex 116.349 17.4651 31
      vertex 122.5 10.35 31
      vertex 116.413 17.5555 31
    endloop
  endfacet
  facet normal -0 0 1
    outer loop
      vertex 116.278 17.3791 31
      vertex 122.5 10.35 31
      vertex 116.349 17.4651 31
    endloop
  endfacet
  facet normal -0 0 1
    outer loop
      vertex 116.202 17.2979 31
      vertex 122.5 10.35 31
      vertex 116.278 17.3791 31
    endloop
  endfacet
  facet normal -0 0 1
    outer loop
      vertex 116.121 17.2219 31
      vertex 122.5 10.35 31
      vertex 116.202 17.2979 31
    endloop
  endfacet
  facet normal -0 0 1
    outer loop
      vertex 116.035 17.1513 31
      vertex 122.5 10.35 31
      vertex 116.121 17.2219 31
    endloop
  endfacet
  facet normal -0 0 1
    outer loop
      vertex 115.944 17.0865 31
      vertex 122.5 10.35 31
      vertex 116.035 17.1513 31
    endloop
  endfacet
  facet normal -0 0 1
    outer loop
      vertex 115.85 17.0278 31
      vertex 122.5 10.35 31
      vertex 115.944 17.0865 31
    endloop
  endfacet
  facet normal -0 0 1
    outer loop
      vertex 115.752 16.9753 31
      vertex 122.5 10.35 31
      vertex 115.85 17.0278 31
    endloop
  endfacet
  facet normal -0 0 1
    outer loop
      vertex 115.651 16.9294 31
      vertex 122.5 10.35 31
      vertex 115.752 16.9753 31
    endloop
  endfacet
  facet normal -0 0 1
    outer loop
      vertex 115.546 16.8902 31
      vertex 122.5 10.35 31
      vertex 115.651 16.9294 31
    endloop
  endfacet
  facet normal -0 0 1
    outer loop
      vertex 115.44 16.8579 31
      vertex 122.5 10.35 31
      vertex 115.546 16.8902 31
    endloop
  endfacet
  facet normal -0 0 1
    outer loop
      vertex 115.332 16.8327 31
      vertex 122.5 10.35 31
      vertex 115.44 16.8579 31
    endloop
  endfacet
  facet normal -0 0 1
    outer loop
      vertex 115.222 16.8145 31
      vertex 122.5 10.35 31
      vertex 115.332 16.8327 31
    endloop
  endfacet
  facet normal -0 0 1
    outer loop
      vertex 115.111 16.8036 31
      vertex 122.5 10.35 31
      vertex 115.222 16.8145 31
    endloop
  endfacet
  facet normal -0 0 1
    outer loop
      vertex 115 16.8 31
      vertex 122.5 10.35 31
      vertex 115.111 16.8036 31
    endloop
  endfacet
  facet normal 0 0 1
    outer loop
      vertex 114.889 16.8036 31
      vertex 122.5 10.35 31
      vertex 115 16.8 31
    endloop
  endfacet
  facet normal 0 0 1
    outer loop
      vertex 114.778 16.8145 31
      vertex 122.5 10.35 31
      vertex 114.889 16.8036 31
    endloop
  endfacet
  facet normal 0 0 1
    outer loop
      vertex 114.668 16.8327 31
      vertex 122.5 10.35 31
      vertex 114.778 16.8145 31
    endloop
  endfacet
  facet normal 0 0 1
    outer loop
      vertex 102.4 10.35 31
      vertex 114.668 16.8327 31
      vertex 114.56 16.8579 31
    endloop
  endfacet
  facet normal 0 0 1
    outer loop
      vertex 102.4 10.35 31
      vertex 114.56 16.8579 31
      vertex 114.454 16.8902 31
    endloop
  endfacet
  facet normal 0 0 1
    outer loop
      vertex 102.4 10.35 31
      vertex 114.454 16.8902 31
      vertex 114.349 16.9294 31
    endloop
  endfacet
  facet normal 0 0 1
    outer loop
      vertex 102.4 10.35 31
      vertex 114.349 16.9294 31
      vertex 114.248 16.9753 31
    endloop
  endfacet
  facet normal 0 0 1
    outer loop
      vertex 102.4 10.35 31
      vertex 114.248 16.9753 31
      vertex 114.15 17.0278 31
    endloop
  endfacet
  facet normal 0 0 1
    outer loop
      vertex 102.4 10.35 31
      vertex 114.15 17.0278 31
      vertex 114.056 17.0865 31
    endloop
  endfacet
  facet normal 0 0 1
    outer loop
      vertex 102.4 10.35 31
      vertex 114.056 17.0865 31
      vertex 113.965 17.1513 31
    endloop
  endfacet
  facet normal 0 0 1
    outer loop
      vertex 114.668 16.8327 31
      vertex 102.4 10.35 31
      vertex 122.5 10.35 31
    endloop
  endfacet
  facet normal 0 0 1
    outer loop
      vertex 113.879 17.2219 31
      vertex 102.4 10.35 31
      vertex 113.965 17.1513 31
    endloop
  endfacet
  facet normal 0 0 1
    outer loop
      vertex 113.798 17.2979 31
      vertex 102.4 10.35 31
      vertex 113.879 17.2219 31
    endloop
  endfacet
  facet normal 0 0 1
    outer loop
      vertex 113.722 17.3791 31
      vertex 102.4 10.35 31
      vertex 113.798 17.2979 31
    endloop
  endfacet
  facet normal 0 0 1
    outer loop
      vertex 113.651 17.4651 31
      vertex 102.4 10.35 31
      vertex 113.722 17.3791 31
    endloop
  endfacet
  facet normal 0 0 1
    outer loop
      vertex 113.587 17.5555 31
      vertex 102.4 10.35 31
      vertex 113.651 17.4651 31
    endloop
  endfacet
  facet normal 0 0 1
    outer loop
      vertex 113.528 17.65 31
      vertex 102.4 10.35 31
      vertex 113.587 17.5555 31
    endloop
  endfacet
  facet normal 0 0 1
    outer loop
      vertex 113.475 17.7481 31
      vertex 102.4 10.35 31
      vertex 113.528 17.65 31
    endloop
  endfacet
  facet normal 0 0 1
    outer loop
      vertex 113.429 17.8494 31
      vertex 102.4 10.35 31
      vertex 113.475 17.7481 31
    endloop
  endfacet
  facet normal 0 0 1
    outer loop
      vertex 113.39 17.9536 31
      vertex 102.4 10.35 31
      vertex 113.429 17.8494 31
    endloop
  endfacet
  facet normal 0 0 1
    outer loop
      vertex 113.358 18.06 31
      vertex 102.4 10.35 31
      vertex 113.39 17.9536 31
    endloop
  endfacet
  facet normal 0 0 1
    outer loop
      vertex 113.333 18.1683 31
      vertex 102.4 10.35 31
      vertex 113.358 18.06 31
    endloop
  endfacet
  facet normal 0 0 1
    outer loop
      vertex 113.315 18.2781 31
      vertex 102.4 10.35 31
      vertex 113.333 18.1683 31
    endloop
  endfacet
  facet normal 0 0 1
    outer loop
      vertex 113.304 18.3888 31
      vertex 102.4 10.35 31
      vertex 113.315 18.2781 31
    endloop
  endfacet
  facet normal 0 0 1
    outer loop
      vertex 102.4 10.35 31
      vertex 113.304 18.3888 31
      vertex 113.3 18.5 31
    endloop
  endfacet
  facet normal -0 0 1
    outer loop
      vertex 28 -17.9485 31
      vertex 76.5 -18.8537 31
      vertex 28 -15.543 31
    endloop
  endfacet
  facet normal 0 0 1
    outer loop
      vertex 76.5 -18.8537 31
      vertex 28 -17.9485 31
      vertex 76.5 -21.2593 31
    endloop
  endfacet
  facet normal -0.068105 0.997678 0
    outer loop
      vertex 102 23 5
      vertex 28 17.9485 31
      vertex 102 23 31
    endloop
  endfacet
  facet normal -0.068105 0.997678 0
    outer loop
      vertex 28 17.9485 31
      vertex 102 23 5
      vertex 28 17.9485 5
    endloop
  endfacet
  facet normal -1 0 0
    outer loop
      vertex 28 15.543 5
      vertex 28 17.9485 31
      vertex 28 17.9485 5
    endloop
  endfacet
  facet normal -1 -0 0
    outer loop
      vertex 28 17.9485 31
      vertex 28 15.543 5
      vertex 28 15.543 31
    endloop
  endfacet
  facet normal 0.0681044 -0.997678 0
    outer loop
      vertex 28 15.543 5
      vertex 98.2461 20.3382 31
      vertex 28 15.543 31
    endloop
  endfacet
  facet normal 0.0681044 -0.997678 0
    outer loop
      vertex 98.2461 20.3382 31
      vertex 28 15.543 5
      vertex 98.2461 20.3382 5
    endloop
  endfacet
  facet normal 0.0681963 0.997672 -0.000190559
    outer loop
      vertex 98.2461 -20.3382 31
      vertex 97.4904 -20.2866 30.7057
      vertex 97.5 -20.2872 31
    endloop
  endfacet
  facet normal 0.0680858 0.997679 9.44325e-05
    outer loop
      vertex 98.2461 -20.3382 31
      vertex 97.4615 -20.2846 30.4126
      vertex 97.4904 -20.2866 30.7057
    endloop
  endfacet
  facet normal 0.0680952 0.997679 8.18199e-05
    outer loop
      vertex 98.2461 -20.3382 31
      vertex 97.4135 -20.2813 30.1221
      vertex 97.4615 -20.2846 30.4126
    endloop
  endfacet
  facet normal 0.0684962 0.997651 -0.000300271
    outer loop
      vertex 98.2461 -20.3382 31
      vertex 97.3467 -20.2768 29.8353
      vertex 97.4135 -20.2813 30.1221
    endloop
  endfacet
  facet normal 0.0676348 0.99771 0.00036804
    outer loop
      vertex 98.2461 -20.3382 31
      vertex 97.2612 -20.2709 29.5535
      vertex 97.3467 -20.2768 29.8353
    endloop
  endfacet
  facet normal 0.0691901 0.997603 -0.000695895
    outer loop
      vertex 98.2461 -20.3382 31
      vertex 97.1575 -20.2639 29.2779
      vertex 97.2612 -20.2709 29.5535
    endloop
  endfacet
  facet normal 0.0680849 0.99768 6.0425e-06
    outer loop
      vertex 98.2461 -20.3382 31
      vertex 97.0359 -20.2556 29.0097
      vertex 97.1575 -20.2639 29.2779
    endloop
  endfacet
  facet normal 0.0667196 0.997771 0.000839973
    outer loop
      vertex 98.2461 -20.3382 31
      vertex 96.8971 -20.2461 28.75
      vertex 97.0359 -20.2556 29.0097
    endloop
  endfacet
  facet normal 0.0681081 0.997678 1.56659e-06
    outer loop
      vertex 93 -19.9801 26.5
      vertex 98.2461 -20.3382 5
      vertex 81 -19.1609 26.5
    endloop
  endfacet
  facet normal 0.0678039 0.997699 -7.30275e-05
    outer loop
      vertex 93.2943 -20.0001 26.5096
      vertex 98.2461 -20.3382 5
      vertex 93 -19.9801 26.5
    endloop
  endfacet
  facet normal 0.0680787 0.99768 -9.456e-06
    outer loop
      vertex 93.5874 -20.0201 26.5385
      vertex 98.2461 -20.3382 5
      vertex 93.2943 -20.0001 26.5096
    endloop
  endfacet
  facet normal 0.0683348 0.997662 4.61965e-05
    outer loop
      vertex 93.8779 -20.04 26.5865
      vertex 98.2461 -20.3382 5
      vertex 93.5874 -20.0201 26.5385
    endloop
  endfacet
  facet normal 0.068178 0.997673 1.43061e-05
    outer loop
      vertex 94.1647 -20.0596 26.6533
      vertex 98.2461 -20.3382 5
      vertex 93.8779 -20.04 26.5865
    endloop
  endfacet
  facet normal 0.0679827 0.997687 -2.26731e-05
    outer loop
      vertex 94.4465 -20.0788 26.7388
      vertex 98.2461 -20.3382 5
      vertex 94.1647 -20.0596 26.6533
    endloop
  endfacet
  facet normal 0.06806 0.997681 -9.0874e-06
    outer loop
      vertex 94.7221 -20.0976 26.8425
      vertex 98.2461 -20.3382 5
      vertex 94.4465 -20.0788 26.7388
    endloop
  endfacet
  facet normal 0.0680772 0.99768 -6.30347e-06
    outer loop
      vertex 94.9903 -20.1159 26.9641
      vertex 98.2461 -20.3382 5
      vertex 94.7221 -20.0976 26.8425
    endloop
  endfacet
  facet normal 0.0680068 0.997685 -1.67983e-05
    outer loop
      vertex 95.25 -20.1336 27.1029
      vertex 98.2461 -20.3382 5
      vertex 94.9903 -20.1159 26.9641
    endloop
  endfacet
  facet normal 0.0682069 0.997671 1.04614e-05
    outer loop
      vertex 95.5001 -20.1507 27.2584
      vertex 98.2461 -20.3382 5
      vertex 95.25 -20.1336 27.1029
    endloop
  endfacet
  facet normal 0.0683525 0.997661 2.85065e-05
    outer loop
      vertex 95.7394 -20.1671 27.4299
      vertex 98.2461 -20.3382 5
      vertex 95.5001 -20.1507 27.2584
    endloop
  endfacet
  facet normal 0.0679303 0.99769 -1.88997e-05
    outer loop
      vertex 95.9671 -20.1826 27.6167
      vertex 98.2461 -20.3382 5
      vertex 95.7394 -20.1671 27.4299
    endloop
  endfacet
  facet normal 0.0682334 0.997669 1.17903e-05
    outer loop
      vertex 96.182 -20.1973 27.818
      vertex 98.2461 -20.3382 5
      vertex 95.9671 -20.1826 27.6167
    endloop
  endfacet
  facet normal 0.0679184 0.997691 -1.68367e-05
    outer loop
      vertex 96.3833 -20.211 28.0329
      vertex 98.2461 -20.3382 5
      vertex 96.182 -20.1973 27.818
    endloop
  endfacet
  facet normal 0.068341 0.997662 1.74934e-05
    outer loop
      vertex 96.5701 -20.2238 28.2606
      vertex 98.2461 -20.3382 5
      vertex 96.3833 -20.211 28.0329
    endloop
  endfacet
  facet normal 0.0680667 0.997681 -2.36339e-06
    outer loop
      vertex 96.7416 -20.2355 28.4999
      vertex 98.2461 -20.3382 5
      vertex 96.5701 -20.2238 28.2606
    endloop
  endfacet
  facet normal 0.0680182 0.997684 -5.48286e-06
    outer loop
      vertex 96.8971 -20.2461 28.75
      vertex 98.2461 -20.3382 5
      vertex 96.7416 -20.2355 28.4999
    endloop
  endfacet
  facet normal 0.0681142 0.997678 -0
    outer loop
      vertex 98.2461 -20.3382 5
      vertex 96.8971 -20.2461 28.75
      vertex 98.2461 -20.3382 31
    endloop
  endfacet
  facet normal 0.0681034 0.997678 -0.000151486
    outer loop
      vertex 76.5096 -18.8544 30.7057
      vertex 28 -15.543 31
      vertex 76.5 -18.8537 31
    endloop
  endfacet
  facet normal 0.0681058 0.997678 0.000247931
    outer loop
      vertex 76.5385 -18.8563 30.4126
      vertex 28 -15.543 31
      vertex 76.5096 -18.8544 30.7057
    endloop
  endfacet
  facet normal 0.0681018 0.997678 -8.07268e-05
    outer loop
      vertex 76.5865 -18.8596 30.1221
      vertex 28 -15.543 31
      vertex 76.5385 -18.8563 30.4126
    endloop
  endfacet
  facet normal 0.0681008 0.997678 -0.000140134
    outer loop
      vertex 76.6533 -18.8642 29.8353
      vertex 28 -15.543 31
      vertex 76.5865 -18.8596 30.1221
    endloop
  endfacet
  facet normal 0.0681072 0.997678 0.000129994
    outer loop
      vertex 76.7388 -18.87 29.5535
      vertex 28 -15.543 31
      vertex 76.6533 -18.8642 29.8353
    endloop
  endfacet
  facet normal 0.0681011 0.997678 -7.77853e-05
    outer loop
      vertex 76.8425 -18.8771 29.2779
      vertex 28 -15.543 31
      vertex 76.7388 -18.87 29.5535
    endloop
  endfacet
  facet normal 0.0681039 0.997678 2.61684e-06
    outer loop
      vertex 76.9641 -18.8854 29.0097
      vertex 28 -15.543 31
      vertex 76.8425 -18.8771 29.2779
    endloop
  endfacet
  facet normal 0.0681412 0.997676 -7.67025e-05
    outer loop
      vertex 28 -15.543 5
      vertex 76.9641 -18.8854 29.0097
      vertex 77.1029 -18.8949 28.75
    endloop
  endfacet
  facet normal 0.0680823 0.99768 4.55758e-05
    outer loop
      vertex 28 -15.543 5
      vertex 77.1029 -18.8949 28.75
      vertex 77.2584 -18.9055 28.4999
    endloop
  endfacet
  facet normal 0.0680936 0.997679 2.17899e-05
    outer loop
      vertex 28 -15.543 5
      vertex 77.2584 -18.9055 28.4999
      vertex 77.4299 -18.9172 28.2606
    endloop
  endfacet
  facet normal 0.0680277 0.997683 0.000162494
    outer loop
      vertex 28 -15.543 5
      vertex 77.4299 -18.9172 28.2606
      vertex 77.6167 -18.9299 28.0329
    endloop
  endfacet
  facet normal 0.068191 0.997672 -0.000190904
    outer loop
      vertex 28 -15.543 5
      vertex 77.6167 -18.9299 28.0329
      vertex 77.818 -18.9437 27.818
    endloop
  endfacet
  facet normal 0.0681501 0.997675 -0.000101169
    outer loop
      vertex 28 -15.543 5
      vertex 77.818 -18.9437 27.818
      vertex 78.0329 -18.9584 27.6167
    endloop
  endfacet
  facet normal 0.0680372 0.997683 0.000149806
    outer loop
      vertex 28 -15.543 5
      vertex 78.0329 -18.9584 27.6167
      vertex 78.2606 -18.9739 27.4299
    endloop
  endfacet
  facet normal 0.0680478 0.997682 0.000126008
    outer loop
      vertex 28 -15.543 5
      vertex 78.2606 -18.9739 27.4299
      vertex 78.4999 -18.9902 27.2584
    endloop
  endfacet
  facet normal 0.0681488 0.997675 -0.000104348
    outer loop
      vertex 28 -15.543 5
      vertex 78.4999 -18.9902 27.2584
      vertex 78.75 -19.0073 27.1029
    endloop
  endfacet
  facet normal 0.0680561 0.997681 0.000109546
    outer loop
      vertex 28 -15.543 5
      vertex 78.75 -19.0073 27.1029
      vertex 79.0097 -19.025 26.9641
    endloop
  endfacet
  facet normal 0.0680523 0.997682 -4.89118e-05
    outer loop
      vertex 98.2461 -20.3382 5
      vertex 79.0097 -19.025 26.9641
      vertex 79.2779 -19.0433 26.8425
    endloop
  endfacet
  facet normal 0.0685667 0.997646 0.000399901
    outer loop
      vertex 98.2461 -20.3382 5
      vertex 79.2779 -19.0433 26.8425
      vertex 79.5535 -19.0622 26.7388
    endloop
  endfacet
  facet normal 0.0679307 0.99769 -0.00014959
    outer loop
      vertex 98.2461 -20.3382 5
      vertex 79.5535 -19.0622 26.7388
      vertex 79.8353 -19.0814 26.6533
    endloop
  endfacet
  facet normal 0.0681999 0.997672 8.04175e-05
    outer loop
      vertex 98.2461 -20.3382 5
      vertex 79.8353 -19.0814 26.6533
      vertex 80.1221 -19.101 26.5865
    endloop
  endfacet
  facet normal 0.0679838 0.997686 -0.000101857
    outer loop
      vertex 98.2461 -20.3382 5
      vertex 80.1221 -19.101 26.5865
      vertex 80.4126 -19.1208 26.5385
    endloop
  endfacet
  facet normal 0.0680753 0.99768 -2.58027e-05
    outer loop
      vertex 98.2461 -20.3382 5
      vertex 80.4126 -19.1208 26.5385
      vertex 80.7057 -19.1408 26.5096
    endloop
  endfacet
  facet normal 0.0681398 0.997676 2.70747e-05
    outer loop
      vertex 98.2461 -20.3382 5
      vertex 80.7057 -19.1408 26.5096
      vertex 81 -19.1609 26.5
    endloop
  endfacet
  facet normal 0.0681044 0.997678 -3.09945e-06
    outer loop
      vertex 79.0097 -19.025 26.9641
      vertex 98.2461 -20.3382 5
      vertex 28 -15.543 5
    endloop
  endfacet
  facet normal 0.0681038 0.997678 0
    outer loop
      vertex 76.9641 -18.8854 29.0097
      vertex 28 -15.543 5
      vertex 28 -15.543 31
    endloop
  endfacet
  facet normal -1 0 0
    outer loop
      vertex 28 -17.9485 5
      vertex 28 -15.543 31
      vertex 28 -15.543 5
    endloop
  endfacet
  facet normal -1 -0 0
    outer loop
      vertex 28 -15.543 31
      vertex 28 -17.9485 5
      vertex 28 -17.9485 31
    endloop
  endfacet
  facet normal -0.0681054 -0.997678 -0.000187581
    outer loop
      vertex 28 -17.9485 31
      vertex 76.5096 -21.2599 30.7057
      vertex 76.5 -21.2593 31
    endloop
  endfacet
  facet normal -0.0681037 -0.997678 9.26606e-05
    outer loop
      vertex 28 -17.9485 31
      vertex 76.5385 -21.2619 30.4126
      vertex 76.5096 -21.2599 30.7057
    endloop
  endfacet
  facet normal -0.0681039 -0.997678 8.03865e-05
    outer loop
      vertex 28 -17.9485 31
      vertex 76.5865 -21.2652 30.1221
      vertex 76.5385 -21.2619 30.4126
    endloop
  endfacet
  facet normal -0.0681028 -0.997678 0.000139654
    outer loop
      vertex 28 -17.9485 31
      vertex 76.6533 -21.2698 29.8353
      vertex 76.5865 -21.2652 30.1221
    endloop
  endfacet
  facet normal -0.0681092 -0.997678 -0.000130621
    outer loop
      vertex 28 -17.9485 31
      vertex 76.7388 -21.2756 29.5535
      vertex 76.6533 -21.2698 29.8353
    endloop
  endfacet
  facet normal -0.0681031 -0.997678 7.70063e-05
    outer loop
      vertex 28 -17.9485 31
      vertex 76.8425 -21.2827 29.2779
      vertex 76.7388 -21.2756 29.5535
    endloop
  endfacet
  facet normal -0.0681059 -0.997678 -3.55801e-06
    outer loop
      vertex 28 -17.9485 31
      vertex 76.9641 -21.291 29.0097
      vertex 76.8425 -21.2827 29.2779
    endloop
  endfacet
  facet normal -0.0681058 -0.997678 0
    outer loop
      vertex 28 -17.9485 5
      vertex 76.9641 -21.291 29.0097
      vertex 28 -17.9485 31
    endloop
  endfacet
  facet normal -0.0679942 -0.997686 -0.000228554
    outer loop
      vertex 76.9641 -21.291 29.0097
      vertex 28 -17.9485 5
      vertex 77.1029 -21.3004 28.75
    endloop
  endfacet
  facet normal -0.06823 -0.99767 0.000261106
    outer loop
      vertex 77.1029 -21.3004 28.75
      vertex 28 -17.9485 5
      vertex 77.2584 -21.3111 28.4999
    endloop
  endfacet
  facet normal -0.0680951 -0.997679 -2.28716e-05
    outer loop
      vertex 77.2584 -21.3111 28.4999
      vertex 28 -17.9485 5
      vertex 77.4299 -21.3228 28.2606
    endloop
  endfacet
  facet normal -0.0680292 -0.997683 -0.000163688
    outer loop
      vertex 77.4299 -21.3228 28.2606
      vertex 28 -17.9485 5
      vertex 77.6167 -21.3355 28.0329
    endloop
  endfacet
  facet normal -0.0681924 -0.997672 0.000189592
    outer loop
      vertex 77.6167 -21.3355 28.0329
      vertex 28 -17.9485 5
      vertex 77.818 -21.3493 27.818
    endloop
  endfacet
  facet normal -0.0679997 -0.997685 -0.000233127
    outer loop
      vertex 77.818 -21.3493 27.818
      vertex 28 -17.9485 5
      vertex 78.0329 -21.3639 27.6167
    endloop
  endfacet
  facet normal -0.0681921 -0.997672 0.000194542
    outer loop
      vertex 78.0329 -21.3639 27.6167
      vertex 28 -17.9485 5
      vertex 78.2606 -21.3795 27.4299
    endloop
  endfacet
  facet normal -0.068049 -0.997682 -0.000127715
    outer loop
      vertex 78.2606 -21.3795 27.4299
      vertex 28 -17.9485 5
      vertex 78.4999 -21.3958 27.2584
    endloop
  endfacet
  facet normal -0.06815 -0.997675 0.000102489
    outer loop
      vertex 78.4999 -21.3958 27.2584
      vertex 28 -17.9485 5
      vertex 78.75 -21.4129 27.1029
    endloop
  endfacet
  facet normal -0.0680572 -0.997681 -0.000111572
    outer loop
      vertex 78.75 -21.4129 27.1029
      vertex 28 -17.9485 5
      vertex 79.0097 -21.4306 26.9641
    endloop
  endfacet
  facet normal -0.0680901 -0.997679 -3.47897e-05
    outer loop
      vertex 79.0097 -21.4306 26.9641
      vertex 28 -17.9485 5
      vertex 79.2779 -21.4489 26.8425
    endloop
  endfacet
  facet normal -0.0680792 -0.99768 -6.03431e-05
    outer loop
      vertex 79.2779 -21.4489 26.8425
      vertex 28 -17.9485 5
      vertex 79.5535 -21.4677 26.7388
    endloop
  endfacet
  facet normal -0.068105 -0.997678 1.05758e-06
    outer loop
      vertex 102 -23 5
      vertex 79.5535 -21.4677 26.7388
      vertex 28 -17.9485 5
    endloop
  endfacet
  facet normal -0.0684296 -0.997656 -0.000335644
    outer loop
      vertex 79.5535 -21.4677 26.7388
      vertex 102 -23 5
      vertex 79.8353 -21.487 26.6533
    endloop
  endfacet
  facet normal -0.0677511 -0.997702 0.000362149
    outer loop
      vertex 79.8353 -21.487 26.6533
      vertex 102 -23 5
      vertex 80.1221 -21.5065 26.5865
    endloop
  endfacet
  facet normal -0.0681401 -0.997676 -3.59846e-05
    outer loop
      vertex 80.7057 -21.5464 26.5096
      vertex 102 -23 5
      vertex 81 -21.5665 26.5
    endloop
  endfacet
  facet normal -0.068075 -0.99768 2.87885e-05
    outer loop
      vertex 80.4126 -21.5264 26.5385
      vertex 102 -23 5
      vertex 80.7057 -21.5464 26.5096
    endloop
  endfacet
  facet normal -0.0683898 -0.997659 -0.00028826
    outer loop
      vertex 80.1221 -21.5065 26.5865
      vertex 102 -23 5
      vertex 80.4126 -21.5264 26.5385
    endloop
  endfacet
  facet normal -0.0681081 -0.997678 0.000187671
    outer loop
      vertex 97.4904 -22.6922 30.7057
      vertex 102 -23 31
      vertex 97.5 -22.6928 31
    endloop
  endfacet
  facet normal -0.0680898 -0.997679 -9.40354e-05
    outer loop
      vertex 97.4615 -22.6902 30.4126
      vertex 102 -23 31
      vertex 97.4904 -22.6922 30.7057
    endloop
  endfacet
  facet normal -0.0680913 -0.997679 -8.24673e-05
    outer loop
      vertex 97.4135 -22.6869 30.1221
      vertex 102 -23 31
      vertex 97.4615 -22.6902 30.4126
    endloop
  endfacet
  facet normal -0.0680794 -0.99768 -0.000145131
    outer loop
      vertex 97.3467 -22.6823 29.8353
      vertex 102 -23 31
      vertex 97.4135 -22.6869 30.1221
    endloop
  endfacet
  facet normal -0.0681513 -0.997675 0.000143437
    outer loop
      vertex 97.2612 -22.6765 29.5535
      vertex 102 -23 31
      vertex 97.3467 -22.6823 29.8353
    endloop
  endfacet
  facet normal -0.0680819 -0.99768 -8.5035e-05
    outer loop
      vertex 97.1575 -22.6694 29.2779
      vertex 102 -23 31
      vertex 97.2612 -22.6765 29.5535
    endloop
  endfacet
  facet normal -0.0681146 -0.997678 7.51909e-06
    outer loop
      vertex 97.0359 -22.6611 29.0097
      vertex 102 -23 31
      vertex 97.1575 -22.6694 29.2779
    endloop
  endfacet
  facet normal -0.0682597 -0.997668 0.000371105
    outer loop
      vertex 96.8971 -22.6517 28.75
      vertex 102 -23 31
      vertex 97.0359 -22.6611 29.0097
    endloop
  endfacet
  facet normal -0.0678887 -0.997693 -0.000474291
    outer loop
      vertex 96.7416 -22.641 28.4999
      vertex 102 -23 31
      vertex 96.8971 -22.6517 28.75
    endloop
  endfacet
  facet normal -0.0681389 -0.997676 5.43836e-05
    outer loop
      vertex 96.5701 -22.6293 28.2606
      vertex 102 -23 31
      vertex 96.7416 -22.641 28.4999
    endloop
  endfacet
  facet normal -0.06831 -0.997664 0.000395159
    outer loop
      vertex 96.3833 -22.6166 28.0329
      vertex 102 -23 31
      vertex 96.5701 -22.6293 28.2606
    endloop
  endfacet
  facet normal -0.0678166 -0.997698 -0.000543296
    outer loop
      vertex 96.182 -22.6028 27.818
      vertex 102 -23 31
      vertex 96.3833 -22.6166 28.0329
    endloop
  endfacet
  facet normal -0.0685753 -0.997646 0.000850519
    outer loop
      vertex 95.9671 -22.5882 27.6167
      vertex 102 -23 31
      vertex 96.182 -22.6028 27.818
    endloop
  endfacet
  facet normal -0.068306 -0.997664 -5.50556e-05
    outer loop
      vertex 102 -23 5
      vertex 95.9671 -22.5882 27.6167
      vertex 95.7394 -22.5726 27.4299
    endloop
  endfacet
  facet normal -0.0679832 -0.997686 3.54765e-05
    outer loop
      vertex 102 -23 5
      vertex 95.7394 -22.5726 27.4299
      vertex 95.5001 -22.5563 27.2584
    endloop
  endfacet
  facet normal -0.0681966 -0.997672 -2.71382e-05
    outer loop
      vertex 102 -23 5
      vertex 95.5001 -22.5563 27.2584
      vertex 95.25 -22.5392 27.1029
    endloop
  endfacet
  facet normal -0.0680999 -0.997679 3.48027e-06
    outer loop
      vertex 81 -21.5665 26.5
      vertex 102 -23 5
      vertex 93 -22.3856 26.5
    endloop
  endfacet
  facet normal -0.0681385 -0.997676 -1.27676e-05
    outer loop
      vertex 93 -22.3856 26.5
      vertex 102 -23 5
      vertex 93.2943 -22.4057 26.5096
    endloop
  endfacet
  facet normal -0.0680789 -0.99768 1.14635e-05
    outer loop
      vertex 93.2943 -22.4057 26.5096
      vertex 102 -23 5
      vertex 93.5874 -22.4257 26.5385
    endloop
  endfacet
  facet normal -0.0683282 -0.997663 -8.63632e-05
    outer loop
      vertex 93.5874 -22.4257 26.5385
      vertex 102 -23 5
      vertex 93.8779 -22.4456 26.5865
    endloop
  endfacet
  facet normal -0.0678563 -0.997695 9.20075e-05
    outer loop
      vertex 93.8779 -22.4456 26.5865
      vertex 102 -23 5
      vertex 94.1647 -22.4651 26.6533
    endloop
  endfacet
  facet normal -0.0681006 -0.997678 0
    outer loop
      vertex 95.9671 -22.5882 27.6167
      vertex 102 -23 5
      vertex 102 -23 31
    endloop
  endfacet
  facet normal -0.0680133 -0.997684 2.91011e-05
    outer loop
      vertex 94.9903 -22.5215 26.9641
      vertex 102 -23 5
      vertex 95.25 -22.5392 27.1029
    endloop
  endfacet
  facet normal -0.0680781 -0.99768 8.31357e-06
    outer loop
      vertex 94.7221 -22.5032 26.8425
      vertex 102 -23 5
      vertex 94.9903 -22.5215 26.9641
    endloop
  endfacet
  facet normal -0.0680618 -0.997681 1.37786e-05
    outer loop
      vertex 94.4465 -22.4844 26.7388
      vertex 102 -23 5
      vertex 94.7221 -22.5032 26.8425
    endloop
  endfacet
  facet normal -0.0683066 -0.997664 -7.16696e-05
    outer loop
      vertex 94.1647 -22.4651 26.6533
      vertex 102 -23 5
      vertex 94.4465 -22.4844 26.7388
    endloop
  endfacet
  facet normal 0.881908 0.471421 0
    outer loop
      vertex 38.5875 1.76915 31
      vertex 38.4641 2 5
      vertex 38.4641 2 31
    endloop
  endfacet
  facet normal 0.881908 0.471421 0
    outer loop
      vertex 38.4641 2 5
      vertex 38.5875 1.76915 31
      vertex 38.5875 1.76915 5
    endloop
  endfacet
  facet normal 0.352338 0.935873 -0
    outer loop
      vertex 36.5307 3.69552 5
      vertex 36.2858 3.78772 31
      vertex 36.5307 3.69552 31
    endloop
  endfacet
  facet normal 0.352338 0.935873 0
    outer loop
      vertex 36.2858 3.78772 31
      vertex 36.5307 3.69552 5
      vertex 36.2858 3.78772 5
    endloop
  endfacet
  facet normal -0.412603 0.910911 0
    outer loop
      vertex 33.4693 3.69552 5
      vertex 33.2308 3.58749 31
      vertex 33.4693 3.69552 31
    endloop
  endfacet
  facet normal -0.412603 0.910911 0
    outer loop
      vertex 33.2308 3.58749 31
      vertex 33.4693 3.69552 5
      vertex 33.2308 3.58749 5
    endloop
  endfacet
  facet normal -0.935906 0.352249 0
    outer loop
      vertex 31.2123 1.28576 5
      vertex 31.3045 1.53073 31
      vertex 31.3045 1.53073 5
    endloop
  endfacet
  facet normal -0.935906 0.352249 0
    outer loop
      vertex 31.3045 1.53073 31
      vertex 31.2123 1.28576 5
      vertex 31.2123 1.28576 31
    endloop
  endfacet
  facet normal 0.995206 -0.0978044 0
    outer loop
      vertex 38.9658 -0.522104 31
      vertex 38.9914 -0.261612 5
      vertex 38.9914 -0.261612 31
    endloop
  endfacet
  facet normal 0.995206 -0.0978044 0
    outer loop
      vertex 38.9914 -0.261612 5
      vertex 38.9658 -0.522104 31
      vertex 38.9658 -0.522104 5
    endloop
  endfacet
  facet normal 0.956922 0.290347 0
    outer loop
      vertex 38.8637 1.03528 31
      vertex 38.7877 1.28576 5
      vertex 38.7877 1.28576 31
    endloop
  endfacet
  facet normal 0.956922 0.290347 0
    outer loop
      vertex 38.7877 1.28576 5
      vertex 38.8637 1.03528 31
      vertex 38.8637 1.03528 5
    endloop
  endfacet
  facet normal 0.528026 0.849228 -0
    outer loop
      vertex 37.2223 3.32588 5
      vertex 37 3.4641 31
      vertex 37.2223 3.32588 31
    endloop
  endfacet
  facet normal 0.528026 0.849228 0
    outer loop
      vertex 37 3.4641 31
      vertex 37.2223 3.32588 5
      vertex 37 3.4641 5
    endloop
  endfacet
  facet normal -0.995206 0.0978044 0
    outer loop
      vertex 31.0086 0.261612 5
      vertex 31.0342 0.522104 31
      vertex 31.0342 0.522104 5
    endloop
  endfacet
  facet normal -0.995206 0.0978044 0
    outer loop
      vertex 31.0342 0.522104 31
      vertex 31.0086 0.261612 5
      vertex 31.0086 0.261612 31
    endloop
  endfacet
  facet normal -0.7731 0.634284 0
    outer loop
      vertex 31.8266 2.43505 5
      vertex 31.9926 2.63738 31
      vertex 31.9926 2.63738 5
    endloop
  endfacet
  facet normal -0.7731 0.634284 0
    outer loop
      vertex 31.9926 2.63738 31
      vertex 31.8266 2.43505 5
      vertex 31.8266 2.43505 31
    endloop
  endfacet
  facet normal -0.227097 0.973872 0
    outer loop
      vertex 34.2196 3.92314 5
      vertex 33.9647 3.8637 31
      vertex 34.2196 3.92314 31
    endloop
  endfacet
  facet normal -0.227097 0.973872 0
    outer loop
      vertex 33.9647 3.8637 31
      vertex 34.2196 3.92314 5
      vertex 33.9647 3.8637 5
    endloop
  endfacet
  facet normal 0.471471 -0.881882 0
    outer loop
      vertex 36.7692 -3.58749 5
      vertex 37 -3.4641 31
      vertex 36.7692 -3.58749 31
    endloop
  endfacet
  facet normal 0.471471 -0.881882 0
    outer loop
      vertex 37 -3.4641 31
      vertex 36.7692 -3.58749 5
      vertex 37 -3.4641 5
    endloop
  endfacet
  facet normal -0.634267 -0.773114 0
    outer loop
      vertex 32.3626 -3.00736 5
      vertex 32.565 -3.17341 31
      vertex 32.3626 -3.00736 31
    endloop
  endfacet
  facet normal -0.634267 -0.773114 -0
    outer loop
      vertex 32.565 -3.17341 31
      vertex 32.3626 -3.00736 5
      vertex 32.565 -3.17341 5
    endloop
  endfacet
  facet normal 0.81279 0.582556 0
    outer loop
      vertex 38.3259 2.22228 31
      vertex 38.1734 2.43505 5
      vertex 38.1734 2.43505 31
    endloop
  endfacet
  facet normal 0.81279 0.582556 0
    outer loop
      vertex 38.1734 2.43505 5
      vertex 38.3259 2.22228 31
      vertex 38.3259 2.22228 5
    endloop
  endfacet
  facet normal 0.683672 0.72979 -0
    outer loop
      vertex 37.8284 2.82843 5
      vertex 37.6374 3.00736 31
      vertex 37.8284 2.82843 31
    endloop
  endfacet
  facet normal 0.683672 0.72979 0
    outer loop
      vertex 37.6374 3.00736 31
      vertex 37.8284 2.82843 5
      vertex 37.6374 3.00736 5
    endloop
  endfacet
  facet normal -0.0327042 0.999465 0
    outer loop
      vertex 35 4 5
      vertex 34.7384 3.99144 31
      vertex 35 4 31
    endloop
  endfacet
  facet normal -0.0327042 0.999465 0
    outer loop
      vertex 34.7384 3.99144 31
      vertex 35 4 5
      vertex 34.7384 3.99144 5
    endloop
  endfacet
  facet normal 0.290255 0.956949 -0
    outer loop
      vertex 36.2858 3.78772 5
      vertex 36.0353 3.8637 31
      vertex 36.2858 3.78772 31
    endloop
  endfacet
  facet normal 0.290255 0.956949 0
    outer loop
      vertex 36.0353 3.8637 31
      vertex 36.2858 3.78772 5
      vertex 36.0353 3.8637 5
    endloop
  endfacet
  facet normal 0.162875 0.986647 -0
    outer loop
      vertex 35.7804 3.92314 5
      vertex 35.5221 3.96578 31
      vertex 35.7804 3.92314 31
    endloop
  endfacet
  facet normal 0.162875 0.986647 0
    outer loop
      vertex 35.5221 3.96578 31
      vertex 35.7804 3.92314 5
      vertex 35.5221 3.96578 5
    endloop
  endfacet
  facet normal 0.634267 0.773114 -0
    outer loop
      vertex 37.6374 3.00736 5
      vertex 37.435 3.17341 31
      vertex 37.6374 3.00736 31
    endloop
  endfacet
  facet normal 0.634267 0.773114 0
    outer loop
      vertex 37.435 3.17341 31
      vertex 37.6374 3.00736 5
      vertex 37.435 3.17341 5
    endloop
  endfacet
  facet normal -0.956922 0.290347 0
    outer loop
      vertex 31.1363 1.03528 5
      vertex 31.2123 1.28576 31
      vertex 31.2123 1.28576 5
    endloop
  endfacet
  facet normal -0.956922 0.290347 0
    outer loop
      vertex 31.2123 1.28576 31
      vertex 31.1363 1.03528 5
      vertex 31.1363 1.03528 31
    endloop
  endfacet
  facet normal -0.986605 0.163125 0
    outer loop
      vertex 31.0342 0.522104 5
      vertex 31.0769 0.780361 31
      vertex 31.0769 0.780361 5
    endloop
  endfacet
  facet normal -0.986605 0.163125 0
    outer loop
      vertex 31.0769 0.780361 31
      vertex 31.0342 0.522104 5
      vertex 31.0342 0.522104 31
    endloop
  endfacet
  facet normal -0.849241 0.528006 0
    outer loop
      vertex 31.5359 2 5
      vertex 31.6741 2.22228 31
      vertex 31.6741 2.22228 5
    endloop
  endfacet
  facet normal -0.849241 0.528006 0
    outer loop
      vertex 31.6741 2.22228 31
      vertex 31.5359 2 5
      vertex 31.5359 2 31
    endloop
  endfacet
  facet normal -0.0980285 0.995184 0
    outer loop
      vertex 34.7384 3.99144 5
      vertex 34.4779 3.96578 31
      vertex 34.7384 3.99144 31
    endloop
  endfacet
  facet normal -0.0980285 0.995184 0
    outer loop
      vertex 34.4779 3.96578 31
      vertex 34.7384 3.99144 5
      vertex 34.4779 3.96578 5
    endloop
  endfacet
  facet normal -0.582607 0.812754 0
    outer loop
      vertex 32.7777 3.32588 5
      vertex 32.565 3.17341 31
      vertex 32.7777 3.32588 31
    endloop
  endfacet
  facet normal -0.582607 0.812754 0
    outer loop
      vertex 32.565 3.17341 31
      vertex 32.7777 3.32588 5
      vertex 32.565 3.17341 5
    endloop
  endfacet
  facet normal -0.528026 0.849228 0
    outer loop
      vertex 33 3.4641 5
      vertex 32.7777 3.32588 31
      vertex 33 3.4641 31
    endloop
  endfacet
  facet normal -0.528026 0.849228 0
    outer loop
      vertex 32.7777 3.32588 31
      vertex 33 3.4641 5
      vertex 32.7777 3.32588 5
    endloop
  endfacet
  facet normal -0.729746 0.683719 0
    outer loop
      vertex 31.9926 2.63738 5
      vertex 32.1716 2.82843 31
      vertex 32.1716 2.82843 5
    endloop
  endfacet
  facet normal -0.729746 0.683719 0
    outer loop
      vertex 32.1716 2.82843 31
      vertex 31.9926 2.63738 5
      vertex 31.9926 2.63738 31
    endloop
  endfacet
  facet normal 0.99946 0.0328554 0
    outer loop
      vertex 39 0 31
      vertex 38.9914 0.261612 5
      vertex 38.9914 0.261612 31
    endloop
  endfacet
  facet normal 0.99946 0.0328554 0
    outer loop
      vertex 38.9914 0.261612 5
      vertex 39 0 31
      vertex 39 0 5
    endloop
  endfacet
  facet normal 0.956922 -0.290347 0
    outer loop
      vertex 38.7877 -1.28576 31
      vertex 38.8637 -1.03528 5
      vertex 38.8637 -1.03528 31
    endloop
  endfacet
  facet normal 0.956922 -0.290347 0
    outer loop
      vertex 38.8637 -1.03528 5
      vertex 38.7877 -1.28576 31
      vertex 38.7877 -1.28576 5
    endloop
  endfacet
  facet normal 0.7731 -0.634284 0
    outer loop
      vertex 38.0074 -2.63738 31
      vertex 38.1734 -2.43505 5
      vertex 38.1734 -2.43505 31
    endloop
  endfacet
  facet normal 0.7731 -0.634284 0
    outer loop
      vertex 38.1734 -2.43505 5
      vertex 38.0074 -2.63738 31
      vertex 38.0074 -2.63738 5
    endloop
  endfacet
  facet normal 0.0327042 -0.999465 0
    outer loop
      vertex 35 -4 5
      vertex 35.2616 -3.99144 31
      vertex 35 -4 31
    endloop
  endfacet
  facet normal 0.0327042 -0.999465 0
    outer loop
      vertex 35.2616 -3.99144 31
      vertex 35 -4 5
      vertex 35.2616 -3.99144 5
    endloop
  endfacet
  facet normal -0.956922 -0.290347 0
    outer loop
      vertex 31.2123 -1.28576 5
      vertex 31.1363 -1.03528 31
      vertex 31.1363 -1.03528 5
    endloop
  endfacet
  facet normal -0.956922 -0.290347 0
    outer loop
      vertex 31.1363 -1.03528 31
      vertex 31.2123 -1.28576 5
      vertex 31.2123 -1.28576 31
    endloop
  endfacet
  facet normal 0.0980285 -0.995184 0
    outer loop
      vertex 35.2616 -3.99144 5
      vertex 35.5221 -3.96578 31
      vertex 35.2616 -3.99144 31
    endloop
  endfacet
  facet normal 0.0980285 -0.995184 0
    outer loop
      vertex 35.5221 -3.96578 31
      vertex 35.2616 -3.99144 5
      vertex 35.5221 -3.96578 5
    endloop
  endfacet
  facet normal 0.910902 0.412622 0
    outer loop
      vertex 38.6955 1.53073 31
      vertex 38.5875 1.76915 5
      vertex 38.5875 1.76915 31
    endloop
  endfacet
  facet normal 0.910902 0.412622 0
    outer loop
      vertex 38.5875 1.76915 5
      vertex 38.6955 1.53073 31
      vertex 38.6955 1.53073 5
    endloop
  endfacet
  facet normal 0.849241 0.528006 0
    outer loop
      vertex 38.4641 2 31
      vertex 38.3259 2.22228 5
      vertex 38.3259 2.22228 31
    endloop
  endfacet
  facet normal 0.849241 0.528006 0
    outer loop
      vertex 38.3259 2.22228 5
      vertex 38.4641 2 31
      vertex 38.4641 2 5
    endloop
  endfacet
  facet normal 0.7731 0.634284 0
    outer loop
      vertex 38.1734 2.43505 31
      vertex 38.0074 2.63738 5
      vertex 38.0074 2.63738 31
    endloop
  endfacet
  facet normal 0.7731 0.634284 0
    outer loop
      vertex 38.0074 2.63738 5
      vertex 38.1734 2.43505 31
      vertex 38.1734 2.43505 5
    endloop
  endfacet
  facet normal 0.729746 0.683719 0
    outer loop
      vertex 38.0074 2.63738 31
      vertex 37.8284 2.82843 5
      vertex 37.8284 2.82843 31
    endloop
  endfacet
  facet normal 0.729746 0.683719 0
    outer loop
      vertex 37.8284 2.82843 5
      vertex 38.0074 2.63738 31
      vertex 38.0074 2.63738 5
    endloop
  endfacet
  facet normal 0.0980285 0.995184 -0
    outer loop
      vertex 35.5221 3.96578 5
      vertex 35.2616 3.99144 31
      vertex 35.5221 3.96578 31
    endloop
  endfacet
  facet normal 0.0980285 0.995184 0
    outer loop
      vertex 35.2616 3.99144 31
      vertex 35.5221 3.96578 5
      vertex 35.2616 3.99144 5
    endloop
  endfacet
  facet normal 0.0327042 0.999465 -0
    outer loop
      vertex 35.2616 3.99144 5
      vertex 35 4 31
      vertex 35.2616 3.99144 31
    endloop
  endfacet
  facet normal 0.0327042 0.999465 0
    outer loop
      vertex 35 4 31
      vertex 35.2616 3.99144 5
      vertex 35 4 5
    endloop
  endfacet
  facet normal 0.227097 0.973872 -0
    outer loop
      vertex 36.0353 3.8637 5
      vertex 35.7804 3.92314 31
      vertex 36.0353 3.8637 31
    endloop
  endfacet
  facet normal 0.227097 0.973872 0
    outer loop
      vertex 35.7804 3.92314 31
      vertex 36.0353 3.8637 5
      vertex 35.7804 3.92314 5
    endloop
  endfacet
  facet normal 0.471471 0.881882 -0
    outer loop
      vertex 37 3.4641 5
      vertex 36.7692 3.58749 31
      vertex 37 3.4641 31
    endloop
  endfacet
  facet normal 0.471471 0.881882 0
    outer loop
      vertex 36.7692 3.58749 31
      vertex 37 3.4641 5
      vertex 36.7692 3.58749 5
    endloop
  endfacet
  facet normal 0.412603 0.910911 -0
    outer loop
      vertex 36.7692 3.58749 5
      vertex 36.5307 3.69552 31
      vertex 36.7692 3.58749 31
    endloop
  endfacet
  facet normal 0.412603 0.910911 0
    outer loop
      vertex 36.5307 3.69552 31
      vertex 36.7692 3.58749 5
      vertex 36.5307 3.69552 5
    endloop
  endfacet
  facet normal 0.582607 0.812754 -0
    outer loop
      vertex 37.435 3.17341 5
      vertex 37.2223 3.32588 31
      vertex 37.435 3.17341 31
    endloop
  endfacet
  facet normal 0.582607 0.812754 0
    outer loop
      vertex 37.2223 3.32588 31
      vertex 37.435 3.17341 5
      vertex 37.2223 3.32588 5
    endloop
  endfacet
  facet normal -0.99946 0.0328554 0
    outer loop
      vertex 31 0 5
      vertex 31.0086 0.261612 31
      vertex 31.0086 0.261612 5
    endloop
  endfacet
  facet normal -0.99946 0.0328554 0
    outer loop
      vertex 31.0086 0.261612 31
      vertex 31 0 5
      vertex 31 0 31
    endloop
  endfacet
  facet normal 0 0 1
    outer loop
      vertex 36.7 0 31
      vertex 39 0 31
      vertex 38.9914 0.261612 31
    endloop
  endfacet
  facet normal 0 0 1
    outer loop
      vertex 36.6964 0.111185 31
      vertex 38.9914 0.261612 31
      vertex 38.9658 0.522104 31
    endloop
  endfacet
  facet normal 0 0 1
    outer loop
      vertex 39 0 31
      vertex 36.7 0 31
      vertex 38.9914 -0.261612 31
    endloop
  endfacet
  facet normal 0 0 1
    outer loop
      vertex 36.6855 0.221894 31
      vertex 38.9658 0.522104 31
      vertex 38.9231 0.780361 31
    endloop
  endfacet
  facet normal -0 0 1
    outer loop
      vertex 36.6964 -0.111185 31
      vertex 38.9914 -0.261612 31
      vertex 36.7 0 31
    endloop
  endfacet
  facet normal 0 0 1
    outer loop
      vertex 36.6673 0.331653 31
      vertex 38.9231 0.780361 31
      vertex 38.8637 1.03528 31
    endloop
  endfacet
  facet normal 0 0 1
    outer loop
      vertex 38.9914 -0.261612 31
      vertex 36.6964 -0.111185 31
      vertex 38.9658 -0.522104 31
    endloop
  endfacet
  facet normal 0 0 1
    outer loop
      vertex 36.6421 0.439992 31
      vertex 38.8637 1.03528 31
      vertex 38.7877 1.28576 31
    endloop
  endfacet
  facet normal -0 0 1
    outer loop
      vertex 36.6855 -0.221894 31
      vertex 38.9658 -0.522104 31
      vertex 36.6964 -0.111185 31
    endloop
  endfacet
  facet normal 0 0 1
    outer loop
      vertex 36.6098 0.546447 31
      vertex 38.7877 1.28576 31
      vertex 38.6955 1.53073 31
    endloop
  endfacet
  facet normal 0 0 1
    outer loop
      vertex 38.9658 -0.522104 31
      vertex 36.6855 -0.221894 31
      vertex 38.9231 -0.780361 31
    endloop
  endfacet
  facet normal 0 0 1
    outer loop
      vertex 36.5706 0.650561 31
      vertex 38.6955 1.53073 31
      vertex 38.5875 1.76915 31
    endloop
  endfacet
  facet normal -0 0 1
    outer loop
      vertex 36.6673 -0.331653 31
      vertex 38.9231 -0.780361 31
      vertex 36.6855 -0.221894 31
    endloop
  endfacet
  facet normal 0 0 1
    outer loop
      vertex 36.5247 0.75189 31
      vertex 38.5875 1.76915 31
      vertex 38.4641 2 31
    endloop
  endfacet
  facet normal 0 0 1
    outer loop
      vertex 38.9231 -0.780361 31
      vertex 36.6673 -0.331653 31
      vertex 38.8637 -1.03528 31
    endloop
  endfacet
  facet normal 0 0 1
    outer loop
      vertex 36.4722 0.849999 31
      vertex 38.4641 2 31
      vertex 38.3259 2.22228 31
    endloop
  endfacet
  facet normal -0 0 1
    outer loop
      vertex 36.6421 -0.439992 31
      vertex 38.8637 -1.03528 31
      vertex 36.6673 -0.331653 31
    endloop
  endfacet
  facet normal 0 0 1
    outer loop
      vertex 36.4135 0.944468 31
      vertex 38.3259 2.22228 31
      vertex 38.1734 2.43505 31
    endloop
  endfacet
  facet normal 0 0 1
    outer loop
      vertex 38.8637 -1.03528 31
      vertex 36.6421 -0.439992 31
      vertex 38.7877 -1.28576 31
    endloop
  endfacet
  facet normal 0 0 1
    outer loop
      vertex 36.3487 1.03489 31
      vertex 38.1734 2.43505 31
      vertex 38.0074 2.63738 31
    endloop
  endfacet
  facet normal -0 0 1
    outer loop
      vertex 36.6098 -0.546447 31
      vertex 38.7877 -1.28576 31
      vertex 36.6421 -0.439992 31
    endloop
  endfacet
  facet normal 0 0 1
    outer loop
      vertex 36.2781 1.12089 31
      vertex 38.0074 2.63738 31
      vertex 37.8284 2.82843 31
    endloop
  endfacet
  facet normal 0 0 1
    outer loop
      vertex 38.7877 -1.28576 31
      vertex 36.6098 -0.546447 31
      vertex 38.6955 -1.53073 31
    endloop
  endfacet
  facet normal 0 0 1
    outer loop
      vertex 36.2021 1.20208 31
      vertex 37.8284 2.82843 31
      vertex 37.6374 3.00736 31
    endloop
  endfacet
  facet normal -0 0 1
    outer loop
      vertex 36.5706 -0.650561 31
      vertex 38.6955 -1.53073 31
      vertex 36.6098 -0.546447 31
    endloop
  endfacet
  facet normal 0 0 1
    outer loop
      vertex 36.1209 1.27813 31
      vertex 37.6374 3.00736 31
      vertex 37.435 3.17341 31
    endloop
  endfacet
  facet normal 0 0 1
    outer loop
      vertex 38.6955 -1.53073 31
      vertex 36.5706 -0.650561 31
      vertex 38.5875 -1.76915 31
    endloop
  endfacet
  facet normal 0 0 1
    outer loop
      vertex 36.0349 1.3487 31
      vertex 37.435 3.17341 31
      vertex 37.2223 3.32588 31
    endloop
  endfacet
  facet normal -0 0 1
    outer loop
      vertex 36.5247 -0.75189 31
      vertex 38.5875 -1.76915 31
      vertex 36.5706 -0.650561 31
    endloop
  endfacet
  facet normal 0 0 1
    outer loop
      vertex 35.9445 1.4135 31
      vertex 37.2223 3.32588 31
      vertex 37 3.4641 31
    endloop
  endfacet
  facet normal 0 0 1
    outer loop
      vertex 38.5875 -1.76915 31
      vertex 36.5247 -0.75189 31
      vertex 38.4641 -2 31
    endloop
  endfacet
  facet normal 0 0 1
    outer loop
      vertex 35.85 1.47224 31
      vertex 37 3.4641 31
      vertex 36.7692 3.58749 31
    endloop
  endfacet
  facet normal -0 0 1
    outer loop
      vertex 36.4722 -0.849999 31
      vertex 38.4641 -2 31
      vertex 36.5247 -0.75189 31
    endloop
  endfacet
  facet normal 0 0 1
    outer loop
      vertex 38.4641 -2 31
      vertex 36.4722 -0.849999 31
      vertex 38.3259 -2.22228 31
    endloop
  endfacet
  facet normal 0 0 1
    outer loop
      vertex 38.9914 0.261612 31
      vertex 36.6964 0.111185 31
      vertex 36.7 0 31
    endloop
  endfacet
  facet normal 0 0 1
    outer loop
      vertex 38.9658 0.522104 31
      vertex 36.6855 0.221894 31
      vertex 36.6964 0.111185 31
    endloop
  endfacet
  facet normal 0 0 1
    outer loop
      vertex 38.9231 0.780361 31
      vertex 36.6673 0.331653 31
      vertex 36.6855 0.221894 31
    endloop
  endfacet
  facet normal 0 0 1
    outer loop
      vertex 38.8637 1.03528 31
      vertex 36.6421 0.439992 31
      vertex 36.6673 0.331653 31
    endloop
  endfacet
  facet normal 0 0 1
    outer loop
      vertex 38.7877 1.28576 31
      vertex 36.6098 0.546447 31
      vertex 36.6421 0.439992 31
    endloop
  endfacet
  facet normal 0 0 1
    outer loop
      vertex 38.6955 1.53073 31
      vertex 36.5706 0.650561 31
      vertex 36.6098 0.546447 31
    endloop
  endfacet
  facet normal 0 0 1
    outer loop
      vertex 35.7519 1.52468 31
      vertex 36.7692 3.58749 31
      vertex 36.5307 3.69552 31
    endloop
  endfacet
  facet normal 0 0 1
    outer loop
      vertex 38.5875 1.76915 31
      vertex 36.5247 0.75189 31
      vertex 36.5706 0.650561 31
    endloop
  endfacet
  facet normal 0 0 1
    outer loop
      vertex 38.4641 2 31
      vertex 36.4722 0.849999 31
      vertex 36.5247 0.75189 31
    endloop
  endfacet
  facet normal 0 0 1
    outer loop
      vertex 38.3259 2.22228 31
      vertex 36.4135 0.944468 31
      vertex 36.4722 0.849999 31
    endloop
  endfacet
  facet normal 0 0 1
    outer loop
      vertex 38.1734 2.43505 31
      vertex 36.3487 1.03489 31
      vertex 36.4135 0.944468 31
    endloop
  endfacet
  facet normal 0 0 1
    outer loop
      vertex 35.6506 1.57059 31
      vertex 36.5307 3.69552 31
      vertex 36.2858 3.78772 31
    endloop
  endfacet
  facet normal 0 0 1
    outer loop
      vertex 38.0074 2.63738 31
      vertex 36.2781 1.12089 31
      vertex 36.3487 1.03489 31
    endloop
  endfacet
  facet normal 0 0 1
    outer loop
      vertex 37.8284 2.82843 31
      vertex 36.2021 1.20208 31
      vertex 36.2781 1.12089 31
    endloop
  endfacet
  facet normal 0 0 1
    outer loop
      vertex 37.6374 3.00736 31
      vertex 36.1209 1.27813 31
      vertex 36.2021 1.20208 31
    endloop
  endfacet
  facet normal 0 0 1
    outer loop
      vertex 35.5464 1.60978 31
      vertex 36.2858 3.78772 31
      vertex 36.0353 3.8637 31
    endloop
  endfacet
  facet normal 0 0 1
    outer loop
      vertex 37.435 3.17341 31
      vertex 36.0349 1.3487 31
      vertex 36.1209 1.27813 31
    endloop
  endfacet
  facet normal 0 0 1
    outer loop
      vertex 37.2223 3.32588 31
      vertex 35.9445 1.4135 31
      vertex 36.0349 1.3487 31
    endloop
  endfacet
  facet normal 0 0 1
    outer loop
      vertex 37 3.4641 31
      vertex 35.85 1.47224 31
      vertex 35.9445 1.4135 31
    endloop
  endfacet
  facet normal 0 0 1
    outer loop
      vertex 35.44 1.64207 31
      vertex 36.0353 3.8637 31
      vertex 35.7804 3.92314 31
    endloop
  endfacet
  facet normal 0 0 1
    outer loop
      vertex 36.7692 3.58749 31
      vertex 35.7519 1.52468 31
      vertex 35.85 1.47224 31
    endloop
  endfacet
  facet normal 0 0 1
    outer loop
      vertex 36.5307 3.69552 31
      vertex 35.6506 1.57059 31
      vertex 35.7519 1.52468 31
    endloop
  endfacet
  facet normal 0 0 1
    outer loop
      vertex 36.2858 3.78772 31
      vertex 35.5464 1.60978 31
      vertex 35.6506 1.57059 31
    endloop
  endfacet
  facet normal 0 0 1
    outer loop
      vertex 35.3317 1.66733 31
      vertex 35.7804 3.92314 31
      vertex 35.5221 3.96578 31
    endloop
  endfacet
  facet normal 0 0 1
    outer loop
      vertex 36.0353 3.8637 31
      vertex 35.44 1.64207 31
      vertex 35.5464 1.60978 31
    endloop
  endfacet
  facet normal 0 0 1
    outer loop
      vertex 35.7804 3.92314 31
      vertex 35.3317 1.66733 31
      vertex 35.44 1.64207 31
    endloop
  endfacet
  facet normal 0 0 1
    outer loop
      vertex 35.2219 1.68546 31
      vertex 35.5221 3.96578 31
      vertex 35.2616 3.99144 31
    endloop
  endfacet
  facet normal 0 0 1
    outer loop
      vertex 35.5221 3.96578 31
      vertex 35.2219 1.68546 31
      vertex 35.3317 1.66733 31
    endloop
  endfacet
  facet normal 0 0 1
    outer loop
      vertex 35.2616 3.99144 31
      vertex 35.1112 1.69636 31
      vertex 35.2219 1.68546 31
    endloop
  endfacet
  facet normal 0 0 1
    outer loop
      vertex 35 4 31
      vertex 35.1112 1.69636 31
      vertex 35.2616 3.99144 31
    endloop
  endfacet
  facet normal 0 0 1
    outer loop
      vertex 35 4 31
      vertex 35 1.7 31
      vertex 35.1112 1.69636 31
    endloop
  endfacet
  facet normal 0 0 1
    outer loop
      vertex 35 4 31
      vertex 34.8888 1.69636 31
      vertex 35 1.7 31
    endloop
  endfacet
  facet normal -0 0 1
    outer loop
      vertex 34.7384 3.99144 31
      vertex 34.8888 1.69636 31
      vertex 35 4 31
    endloop
  endfacet
  facet normal 0 0 1
    outer loop
      vertex 34.8888 1.69636 31
      vertex 34.7384 3.99144 31
      vertex 34.7781 1.68546 31
    endloop
  endfacet
  facet normal -0 0 1
    outer loop
      vertex 34.4779 3.96578 31
      vertex 34.7781 1.68546 31
      vertex 34.7384 3.99144 31
    endloop
  endfacet
  facet normal 0 0 1
    outer loop
      vertex 34.7781 1.68546 31
      vertex 34.4779 3.96578 31
      vertex 34.6683 1.66733 31
    endloop
  endfacet
  facet normal -0 0 1
    outer loop
      vertex 34.2196 3.92314 31
      vertex 34.6683 1.66733 31
      vertex 34.4779 3.96578 31
    endloop
  endfacet
  facet normal 0 0 1
    outer loop
      vertex 34.6683 1.66733 31
      vertex 34.2196 3.92314 31
      vertex 34.56 1.64207 31
    endloop
  endfacet
  facet normal -0 0 1
    outer loop
      vertex 33.9647 3.8637 31
      vertex 34.56 1.64207 31
      vertex 34.2196 3.92314 31
    endloop
  endfacet
  facet normal 0 0 1
    outer loop
      vertex 34.56 1.64207 31
      vertex 33.9647 3.8637 31
      vertex 34.4536 1.60978 31
    endloop
  endfacet
  facet normal -0 0 1
    outer loop
      vertex 33.7142 3.78772 31
      vertex 34.4536 1.60978 31
      vertex 33.9647 3.8637 31
    endloop
  endfacet
  facet normal 0 0 1
    outer loop
      vertex 34.4536 1.60978 31
      vertex 33.7142 3.78772 31
      vertex 34.3494 1.57059 31
    endloop
  endfacet
  facet normal -0 0 1
    outer loop
      vertex 33.4693 3.69552 31
      vertex 34.3494 1.57059 31
      vertex 33.7142 3.78772 31
    endloop
  endfacet
  facet normal 0 0 1
    outer loop
      vertex 34.3494 1.57059 31
      vertex 33.4693 3.69552 31
      vertex 34.2481 1.52468 31
    endloop
  endfacet
  facet normal -0 0 1
    outer loop
      vertex 33.2308 3.58749 31
      vertex 34.2481 1.52468 31
      vertex 33.4693 3.69552 31
    endloop
  endfacet
  facet normal 0 0 1
    outer loop
      vertex 34.2481 1.52468 31
      vertex 33.2308 3.58749 31
      vertex 34.15 1.47224 31
    endloop
  endfacet
  facet normal -0 0 1
    outer loop
      vertex 33 3.4641 31
      vertex 34.15 1.47224 31
      vertex 33.2308 3.58749 31
    endloop
  endfacet
  facet normal 0 0 1
    outer loop
      vertex 34.15 1.47224 31
      vertex 33 3.4641 31
      vertex 34.0555 1.4135 31
    endloop
  endfacet
  facet normal -0 0 1
    outer loop
      vertex 32.7777 3.32588 31
      vertex 34.0555 1.4135 31
      vertex 33 3.4641 31
    endloop
  endfacet
  facet normal 0 0 1
    outer loop
      vertex 34.0555 1.4135 31
      vertex 32.7777 3.32588 31
      vertex 33.9651 1.3487 31
    endloop
  endfacet
  facet normal -0 0 1
    outer loop
      vertex 32.565 3.17341 31
      vertex 33.9651 1.3487 31
      vertex 32.7777 3.32588 31
    endloop
  endfacet
  facet normal 0 0 1
    outer loop
      vertex 33.9651 1.3487 31
      vertex 32.565 3.17341 31
      vertex 33.8791 1.27813 31
    endloop
  endfacet
  facet normal -0 0 1
    outer loop
      vertex 32.3626 3.00736 31
      vertex 33.8791 1.27813 31
      vertex 32.565 3.17341 31
    endloop
  endfacet
  facet normal 0 0 1
    outer loop
      vertex 33.8791 1.27813 31
      vertex 32.3626 3.00736 31
      vertex 33.7979 1.20208 31
    endloop
  endfacet
  facet normal -0 0 1
    outer loop
      vertex 32.1716 2.82843 31
      vertex 33.7979 1.20208 31
      vertex 32.3626 3.00736 31
    endloop
  endfacet
  facet normal 0 0 1
    outer loop
      vertex 33.7979 1.20208 31
      vertex 32.1716 2.82843 31
      vertex 33.7219 1.12089 31
    endloop
  endfacet
  facet normal -0 0 1
    outer loop
      vertex 31.9926 2.63738 31
      vertex 33.7219 1.12089 31
      vertex 32.1716 2.82843 31
    endloop
  endfacet
  facet normal 0 0 1
    outer loop
      vertex 33.7219 1.12089 31
      vertex 31.9926 2.63738 31
      vertex 33.6513 1.03489 31
    endloop
  endfacet
  facet normal -0 0 1
    outer loop
      vertex 31.8266 2.43505 31
      vertex 33.6513 1.03489 31
      vertex 31.9926 2.63738 31
    endloop
  endfacet
  facet normal 0 0 1
    outer loop
      vertex 33.6513 1.03489 31
      vertex 31.8266 2.43505 31
      vertex 33.5865 0.944468 31
    endloop
  endfacet
  facet normal 0 0 1
    outer loop
      vertex 33.5865 0.944468 31
      vertex 31.6741 2.22228 31
      vertex 33.5278 0.849999 31
    endloop
  endfacet
  facet normal -0 0 1
    outer loop
      vertex 31.6741 2.22228 31
      vertex 33.5865 0.944468 31
      vertex 31.8266 2.43505 31
    endloop
  endfacet
  facet normal -0 0 1
    outer loop
      vertex 36.4135 -0.944468 31
      vertex 38.3259 -2.22228 31
      vertex 36.4722 -0.849999 31
    endloop
  endfacet
  facet normal 0 0 1
    outer loop
      vertex 38.3259 -2.22228 31
      vertex 36.4135 -0.944468 31
      vertex 38.1734 -2.43505 31
    endloop
  endfacet
  facet normal -0 0 1
    outer loop
      vertex 36.3487 -1.03489 31
      vertex 38.1734 -2.43505 31
      vertex 36.4135 -0.944468 31
    endloop
  endfacet
  facet normal 0 0 1
    outer loop
      vertex 38.1734 -2.43505 31
      vertex 36.3487 -1.03489 31
      vertex 38.0074 -2.63738 31
    endloop
  endfacet
  facet normal -0 0 1
    outer loop
      vertex 36.2781 -1.12089 31
      vertex 38.0074 -2.63738 31
      vertex 36.3487 -1.03489 31
    endloop
  endfacet
  facet normal 0 0 1
    outer loop
      vertex 38.0074 -2.63738 31
      vertex 36.2781 -1.12089 31
      vertex 37.8284 -2.82843 31
    endloop
  endfacet
  facet normal -0 0 1
    outer loop
      vertex 36.2021 -1.20208 31
      vertex 37.8284 -2.82843 31
      vertex 36.2781 -1.12089 31
    endloop
  endfacet
  facet normal 0 0 1
    outer loop
      vertex 37.8284 -2.82843 31
      vertex 36.2021 -1.20208 31
      vertex 37.6374 -3.00736 31
    endloop
  endfacet
  facet normal -0 0 1
    outer loop
      vertex 36.1209 -1.27813 31
      vertex 37.6374 -3.00736 31
      vertex 36.2021 -1.20208 31
    endloop
  endfacet
  facet normal 0 0 1
    outer loop
      vertex 37.6374 -3.00736 31
      vertex 36.1209 -1.27813 31
      vertex 37.435 -3.17341 31
    endloop
  endfacet
  facet normal -0 0 1
    outer loop
      vertex 36.0349 -1.3487 31
      vertex 37.435 -3.17341 31
      vertex 36.1209 -1.27813 31
    endloop
  endfacet
  facet normal 0 0 1
    outer loop
      vertex 37.435 -3.17341 31
      vertex 36.0349 -1.3487 31
      vertex 37.2223 -3.32588 31
    endloop
  endfacet
  facet normal -0 0 1
    outer loop
      vertex 35.9445 -1.4135 31
      vertex 37.2223 -3.32588 31
      vertex 36.0349 -1.3487 31
    endloop
  endfacet
  facet normal 0 0 1
    outer loop
      vertex 37.2223 -3.32588 31
      vertex 35.9445 -1.4135 31
      vertex 37 -3.4641 31
    endloop
  endfacet
  facet normal -0 0 1
    outer loop
      vertex 35.85 -1.47224 31
      vertex 37 -3.4641 31
      vertex 35.9445 -1.4135 31
    endloop
  endfacet
  facet normal 0 0 1
    outer loop
      vertex 37 -3.4641 31
      vertex 35.85 -1.47224 31
      vertex 36.7692 -3.58749 31
    endloop
  endfacet
  facet normal -0 0 1
    outer loop
      vertex 35.7519 -1.52468 31
      vertex 36.7692 -3.58749 31
      vertex 35.85 -1.47224 31
    endloop
  endfacet
  facet normal 0 0 1
    outer loop
      vertex 36.7692 -3.58749 31
      vertex 35.7519 -1.52468 31
      vertex 36.5307 -3.69552 31
    endloop
  endfacet
  facet normal -0 0 1
    outer loop
      vertex 35.6506 -1.57059 31
      vertex 36.5307 -3.69552 31
      vertex 35.7519 -1.52468 31
    endloop
  endfacet
  facet normal 0 0 1
    outer loop
      vertex 36.5307 -3.69552 31
      vertex 35.6506 -1.57059 31
      vertex 36.2858 -3.78772 31
    endloop
  endfacet
  facet normal -0 0 1
    outer loop
      vertex 35.5464 -1.60978 31
      vertex 36.2858 -3.78772 31
      vertex 35.6506 -1.57059 31
    endloop
  endfacet
  facet normal 0 0 1
    outer loop
      vertex 36.2858 -3.78772 31
      vertex 35.5464 -1.60978 31
      vertex 36.0353 -3.8637 31
    endloop
  endfacet
  facet normal -0 0 1
    outer loop
      vertex 35.44 -1.64207 31
      vertex 36.0353 -3.8637 31
      vertex 35.5464 -1.60978 31
    endloop
  endfacet
  facet normal 0 0 1
    outer loop
      vertex 36.0353 -3.8637 31
      vertex 35.44 -1.64207 31
      vertex 35.7804 -3.92314 31
    endloop
  endfacet
  facet normal -0 0 1
    outer loop
      vertex 35.3317 -1.66733 31
      vertex 35.7804 -3.92314 31
      vertex 35.44 -1.64207 31
    endloop
  endfacet
  facet normal 0 0 1
    outer loop
      vertex 35.7804 -3.92314 31
      vertex 35.3317 -1.66733 31
      vertex 35.5221 -3.96578 31
    endloop
  endfacet
  facet normal -0 0 1
    outer loop
      vertex 35.2219 -1.68546 31
      vertex 35.5221 -3.96578 31
      vertex 35.3317 -1.66733 31
    endloop
  endfacet
  facet normal 0 0 1
    outer loop
      vertex 35.5221 -3.96578 31
      vertex 35.2219 -1.68546 31
      vertex 35.2616 -3.99144 31
    endloop
  endfacet
  facet normal -0 0 1
    outer loop
      vertex 35.1112 -1.69636 31
      vertex 35.2616 -3.99144 31
      vertex 35.2219 -1.68546 31
    endloop
  endfacet
  facet normal -0 0 1
    outer loop
      vertex 35 -1.7 31
      vertex 35.2616 -3.99144 31
      vertex 35.1112 -1.69636 31
    endloop
  endfacet
  facet normal 0 0 1
    outer loop
      vertex 35 -1.7 31
      vertex 35 -4 31
      vertex 35.2616 -3.99144 31
    endloop
  endfacet
  facet normal 0 0 1
    outer loop
      vertex 34.8888 -1.69636 31
      vertex 35 -4 31
      vertex 35 -1.7 31
    endloop
  endfacet
  facet normal 0 0 1
    outer loop
      vertex 34.7384 -3.99144 31
      vertex 34.8888 -1.69636 31
      vertex 34.7781 -1.68546 31
    endloop
  endfacet
  facet normal 0 0 1
    outer loop
      vertex 34.8888 -1.69636 31
      vertex 34.7384 -3.99144 31
      vertex 35 -4 31
    endloop
  endfacet
  facet normal 0 0 1
    outer loop
      vertex 34.4779 -3.96578 31
      vertex 34.7781 -1.68546 31
      vertex 34.6683 -1.66733 31
    endloop
  endfacet
  facet normal 0 0 1
    outer loop
      vertex 34.2196 -3.92314 31
      vertex 34.6683 -1.66733 31
      vertex 34.56 -1.64207 31
    endloop
  endfacet
  facet normal 0 0 1
    outer loop
      vertex 34.7781 -1.68546 31
      vertex 34.4779 -3.96578 31
      vertex 34.7384 -3.99144 31
    endloop
  endfacet
  facet normal 0 0 1
    outer loop
      vertex 33.9647 -3.8637 31
      vertex 34.56 -1.64207 31
      vertex 34.4536 -1.60978 31
    endloop
  endfacet
  facet normal 0 0 1
    outer loop
      vertex 33.7142 -3.78772 31
      vertex 34.4536 -1.60978 31
      vertex 34.3494 -1.57059 31
    endloop
  endfacet
  facet normal 0 0 1
    outer loop
      vertex 33.4693 -3.69552 31
      vertex 34.3494 -1.57059 31
      vertex 34.2481 -1.52468 31
    endloop
  endfacet
  facet normal 0 0 1
    outer loop
      vertex 34.6683 -1.66733 31
      vertex 34.2196 -3.92314 31
      vertex 34.4779 -3.96578 31
    endloop
  endfacet
  facet normal 0 0 1
    outer loop
      vertex 33.2308 -3.58749 31
      vertex 34.2481 -1.52468 31
      vertex 34.15 -1.47224 31
    endloop
  endfacet
  facet normal 0 0 1
    outer loop
      vertex 33 -3.4641 31
      vertex 34.15 -1.47224 31
      vertex 34.0555 -1.4135 31
    endloop
  endfacet
  facet normal 0 0 1
    outer loop
      vertex 32.7777 -3.32588 31
      vertex 34.0555 -1.4135 31
      vertex 33.9651 -1.3487 31
    endloop
  endfacet
  facet normal 0 0 1
    outer loop
      vertex 34.56 -1.64207 31
      vertex 33.9647 -3.8637 31
      vertex 34.2196 -3.92314 31
    endloop
  endfacet
  facet normal 0 0 1
    outer loop
      vertex 32.565 -3.17341 31
      vertex 33.9651 -1.3487 31
      vertex 33.8791 -1.27813 31
    endloop
  endfacet
  facet normal 0 0 1
    outer loop
      vertex 32.3626 -3.00736 31
      vertex 33.8791 -1.27813 31
      vertex 33.7979 -1.20208 31
    endloop
  endfacet
  facet normal 0 0 1
    outer loop
      vertex 32.1716 -2.82843 31
      vertex 33.7979 -1.20208 31
      vertex 33.7219 -1.12089 31
    endloop
  endfacet
  facet normal 0 0 1
    outer loop
      vertex 34.4536 -1.60978 31
      vertex 33.7142 -3.78772 31
      vertex 33.9647 -3.8637 31
    endloop
  endfacet
  facet normal 0 0 1
    outer loop
      vertex 31.9926 -2.63738 31
      vertex 33.7219 -1.12089 31
      vertex 33.6513 -1.03489 31
    endloop
  endfacet
  facet normal 0 0 1
    outer loop
      vertex 31.8266 -2.43505 31
      vertex 33.6513 -1.03489 31
      vertex 33.5865 -0.944468 31
    endloop
  endfacet
  facet normal 0 0 1
    outer loop
      vertex 31.6741 -2.22228 31
      vertex 33.5865 -0.944468 31
      vertex 33.5278 -0.849999 31
    endloop
  endfacet
  facet normal 0 0 1
    outer loop
      vertex 31.5359 -2 31
      vertex 33.5278 -0.849999 31
      vertex 33.4753 -0.75189 31
    endloop
  endfacet
  facet normal 0 0 1
    outer loop
      vertex 34.3494 -1.57059 31
      vertex 33.4693 -3.69552 31
      vertex 33.7142 -3.78772 31
    endloop
  endfacet
  facet normal 0 0 1
    outer loop
      vertex 31.4125 -1.76915 31
      vertex 33.4753 -0.75189 31
      vertex 33.4294 -0.650561 31
    endloop
  endfacet
  facet normal 0 0 1
    outer loop
      vertex 31.3045 -1.53073 31
      vertex 33.4294 -0.650561 31
      vertex 33.3902 -0.546447 31
    endloop
  endfacet
  facet normal 0 0 1
    outer loop
      vertex 31.2123 -1.28576 31
      vertex 33.3902 -0.546447 31
      vertex 33.3579 -0.439992 31
    endloop
  endfacet
  facet normal 0 0 1
    outer loop
      vertex 31.1363 -1.03528 31
      vertex 33.3579 -0.439992 31
      vertex 33.3327 -0.331653 31
    endloop
  endfacet
  facet normal 0 0 1
    outer loop
      vertex 31.0769 -0.780361 31
      vertex 33.3327 -0.331653 31
      vertex 33.3145 -0.221894 31
    endloop
  endfacet
  facet normal 0 0 1
    outer loop
      vertex 31.0342 -0.522104 31
      vertex 33.3145 -0.221894 31
      vertex 33.3036 -0.111185 31
    endloop
  endfacet
  facet normal 0 0 1
    outer loop
      vertex 34.2481 -1.52468 31
      vertex 33.2308 -3.58749 31
      vertex 33.4693 -3.69552 31
    endloop
  endfacet
  facet normal 0 0 1
    outer loop
      vertex 31.0086 -0.261612 31
      vertex 33.3036 -0.111185 31
      vertex 33.3 0 31
    endloop
  endfacet
  facet normal -0 0 1
    outer loop
      vertex 31.5359 2 31
      vertex 33.5278 0.849999 31
      vertex 31.6741 2.22228 31
    endloop
  endfacet
  facet normal 0 0 1
    outer loop
      vertex 33.5278 0.849999 31
      vertex 31.5359 2 31
      vertex 33.4753 0.75189 31
    endloop
  endfacet
  facet normal 0 0 1
    outer loop
      vertex 34.15 -1.47224 31
      vertex 33 -3.4641 31
      vertex 33.2308 -3.58749 31
    endloop
  endfacet
  facet normal -0 0 1
    outer loop
      vertex 31.4125 1.76915 31
      vertex 33.4753 0.75189 31
      vertex 31.5359 2 31
    endloop
  endfacet
  facet normal 0 0 1
    outer loop
      vertex 34.0555 -1.4135 31
      vertex 32.7777 -3.32588 31
      vertex 33 -3.4641 31
    endloop
  endfacet
  facet normal 0 0 1
    outer loop
      vertex 33.4753 0.75189 31
      vertex 31.4125 1.76915 31
      vertex 33.4294 0.650561 31
    endloop
  endfacet
  facet normal 0 0 1
    outer loop
      vertex 33.9651 -1.3487 31
      vertex 32.565 -3.17341 31
      vertex 32.7777 -3.32588 31
    endloop
  endfacet
  facet normal -0 0 1
    outer loop
      vertex 31.3045 1.53073 31
      vertex 33.4294 0.650561 31
      vertex 31.4125 1.76915 31
    endloop
  endfacet
  facet normal 0 0 1
    outer loop
      vertex 33.8791 -1.27813 31
      vertex 32.3626 -3.00736 31
      vertex 32.565 -3.17341 31
    endloop
  endfacet
  facet normal 0 0 1
    outer loop
      vertex 33.4294 0.650561 31
      vertex 31.3045 1.53073 31
      vertex 33.3902 0.546447 31
    endloop
  endfacet
  facet normal 0 0 1
    outer loop
      vertex 33.7979 -1.20208 31
      vertex 32.1716 -2.82843 31
      vertex 32.3626 -3.00736 31
    endloop
  endfacet
  facet normal -0 0 1
    outer loop
      vertex 31.2123 1.28576 31
      vertex 33.3902 0.546447 31
      vertex 31.3045 1.53073 31
    endloop
  endfacet
  facet normal 0 0 1
    outer loop
      vertex 33.7219 -1.12089 31
      vertex 31.9926 -2.63738 31
      vertex 32.1716 -2.82843 31
    endloop
  endfacet
  facet normal 0 0 1
    outer loop
      vertex 33.3902 0.546447 31
      vertex 31.2123 1.28576 31
      vertex 33.3579 0.439992 31
    endloop
  endfacet
  facet normal 0 0 1
    outer loop
      vertex 33.6513 -1.03489 31
      vertex 31.8266 -2.43505 31
      vertex 31.9926 -2.63738 31
    endloop
  endfacet
  facet normal -0 0 1
    outer loop
      vertex 31.1363 1.03528 31
      vertex 33.3579 0.439992 31
      vertex 31.2123 1.28576 31
    endloop
  endfacet
  facet normal 0 0 1
    outer loop
      vertex 33.5865 -0.944468 31
      vertex 31.6741 -2.22228 31
      vertex 31.8266 -2.43505 31
    endloop
  endfacet
  facet normal 0 0 1
    outer loop
      vertex 33.3579 0.439992 31
      vertex 31.1363 1.03528 31
      vertex 33.3327 0.331653 31
    endloop
  endfacet
  facet normal 0 0 1
    outer loop
      vertex 33.5278 -0.849999 31
      vertex 31.5359 -2 31
      vertex 31.6741 -2.22228 31
    endloop
  endfacet
  facet normal -0 0 1
    outer loop
      vertex 31.0769 0.780361 31
      vertex 33.3327 0.331653 31
      vertex 31.1363 1.03528 31
    endloop
  endfacet
  facet normal 0 0 1
    outer loop
      vertex 33.4753 -0.75189 31
      vertex 31.4125 -1.76915 31
      vertex 31.5359 -2 31
    endloop
  endfacet
  facet normal 0 0 1
    outer loop
      vertex 33.3327 0.331653 31
      vertex 31.0769 0.780361 31
      vertex 33.3145 0.221894 31
    endloop
  endfacet
  facet normal 0 0 1
    outer loop
      vertex 33.4294 -0.650561 31
      vertex 31.3045 -1.53073 31
      vertex 31.4125 -1.76915 31
    endloop
  endfacet
  facet normal -0 0 1
    outer loop
      vertex 31.0342 0.522104 31
      vertex 33.3145 0.221894 31
      vertex 31.0769 0.780361 31
    endloop
  endfacet
  facet normal 0 0 1
    outer loop
      vertex 33.3902 -0.546447 31
      vertex 31.2123 -1.28576 31
      vertex 31.3045 -1.53073 31
    endloop
  endfacet
  facet normal 0 0 1
    outer loop
      vertex 33.3145 0.221894 31
      vertex 31.0342 0.522104 31
      vertex 33.3036 0.111185 31
    endloop
  endfacet
  facet normal 0 0 1
    outer loop
      vertex 33.3579 -0.439992 31
      vertex 31.1363 -1.03528 31
      vertex 31.2123 -1.28576 31
    endloop
  endfacet
  facet normal -0 0 1
    outer loop
      vertex 31.0086 0.261612 31
      vertex 33.3036 0.111185 31
      vertex 31.0342 0.522104 31
    endloop
  endfacet
  facet normal 0 0 1
    outer loop
      vertex 33.3327 -0.331653 31
      vertex 31.0769 -0.780361 31
      vertex 31.1363 -1.03528 31
    endloop
  endfacet
  facet normal 0 0 1
    outer loop
      vertex 33.3036 0.111185 31
      vertex 31.0086 0.261612 31
      vertex 33.3 0 31
    endloop
  endfacet
  facet normal 0 0 1
    outer loop
      vertex 33.3145 -0.221894 31
      vertex 31.0342 -0.522104 31
      vertex 31.0769 -0.780361 31
    endloop
  endfacet
  facet normal 0 0 1
    outer loop
      vertex 31 0 31
      vertex 33.3 0 31
      vertex 31.0086 0.261612 31
    endloop
  endfacet
  facet normal 0 0 1
    outer loop
      vertex 33.3036 -0.111185 31
      vertex 31.0086 -0.261612 31
      vertex 31.0342 -0.522104 31
    endloop
  endfacet
  facet normal 0 0 1
    outer loop
      vertex 33.3 0 31
      vertex 31 0 31
      vertex 31.0086 -0.261612 31
    endloop
  endfacet
  facet normal -0.97391 0.226936 0
    outer loop
      vertex 31.0769 0.780361 5
      vertex 31.1363 1.03528 31
      vertex 31.1363 1.03528 5
    endloop
  endfacet
  facet normal -0.97391 0.226936 0
    outer loop
      vertex 31.1363 1.03528 31
      vertex 31.0769 0.780361 5
      vertex 31.0769 0.780361 31
    endloop
  endfacet
  facet normal -0.881908 0.471421 0
    outer loop
      vertex 31.4125 1.76915 5
      vertex 31.5359 2 31
      vertex 31.5359 2 5
    endloop
  endfacet
  facet normal -0.881908 0.471421 0
    outer loop
      vertex 31.5359 2 31
      vertex 31.4125 1.76915 5
      vertex 31.4125 1.76915 31
    endloop
  endfacet
  facet normal -0.910902 0.412622 0
    outer loop
      vertex 31.3045 1.53073 5
      vertex 31.4125 1.76915 31
      vertex 31.4125 1.76915 5
    endloop
  endfacet
  facet normal -0.910902 0.412622 0
    outer loop
      vertex 31.4125 1.76915 31
      vertex 31.3045 1.53073 5
      vertex 31.3045 1.53073 31
    endloop
  endfacet
  facet normal -0.81279 0.582556 0
    outer loop
      vertex 31.6741 2.22228 5
      vertex 31.8266 2.43505 31
      vertex 31.8266 2.43505 5
    endloop
  endfacet
  facet normal -0.81279 0.582556 0
    outer loop
      vertex 31.8266 2.43505 31
      vertex 31.6741 2.22228 5
      vertex 31.6741 2.22228 31
    endloop
  endfacet
  facet normal -0.290255 0.956949 0
    outer loop
      vertex 33.9647 3.8637 5
      vertex 33.7142 3.78772 31
      vertex 33.9647 3.8637 31
    endloop
  endfacet
  facet normal -0.290255 0.956949 0
    outer loop
      vertex 33.7142 3.78772 31
      vertex 33.9647 3.8637 5
      vertex 33.7142 3.78772 5
    endloop
  endfacet
  facet normal -0.352338 0.935873 0
    outer loop
      vertex 33.7142 3.78772 5
      vertex 33.4693 3.69552 31
      vertex 33.7142 3.78772 31
    endloop
  endfacet
  facet normal -0.352338 0.935873 0
    outer loop
      vertex 33.4693 3.69552 31
      vertex 33.7142 3.78772 5
      vertex 33.4693 3.69552 5
    endloop
  endfacet
  facet normal -0.162875 0.986647 0
    outer loop
      vertex 34.4779 3.96578 5
      vertex 34.2196 3.92314 31
      vertex 34.4779 3.96578 31
    endloop
  endfacet
  facet normal -0.162875 0.986647 0
    outer loop
      vertex 34.2196 3.92314 31
      vertex 34.4779 3.96578 5
      vertex 34.2196 3.92314 5
    endloop
  endfacet
  facet normal -0.471471 0.881882 0
    outer loop
      vertex 33.2308 3.58749 5
      vertex 33 3.4641 31
      vertex 33.2308 3.58749 31
    endloop
  endfacet
  facet normal -0.471471 0.881882 0
    outer loop
      vertex 33 3.4641 31
      vertex 33.2308 3.58749 5
      vertex 33 3.4641 5
    endloop
  endfacet
  facet normal -0.683672 0.72979 0
    outer loop
      vertex 32.3626 3.00736 5
      vertex 32.1716 2.82843 31
      vertex 32.3626 3.00736 31
    endloop
  endfacet
  facet normal -0.683672 0.72979 0
    outer loop
      vertex 32.1716 2.82843 31
      vertex 32.3626 3.00736 5
      vertex 32.1716 2.82843 5
    endloop
  endfacet
  facet normal -0.634267 0.773114 0
    outer loop
      vertex 32.565 3.17341 5
      vertex 32.3626 3.00736 31
      vertex 32.565 3.17341 31
    endloop
  endfacet
  facet normal -0.634267 0.773114 0
    outer loop
      vertex 32.3626 3.00736 31
      vertex 32.565 3.17341 5
      vertex 32.3626 3.00736 5
    endloop
  endfacet
  facet normal 0.986605 -0.163125 0
    outer loop
      vertex 38.9231 -0.780361 31
      vertex 38.9658 -0.522104 5
      vertex 38.9658 -0.522104 31
    endloop
  endfacet
  facet normal 0.986605 -0.163125 0
    outer loop
      vertex 38.9658 -0.522104 5
      vertex 38.9231 -0.780361 31
      vertex 38.9231 -0.780361 5
    endloop
  endfacet
  facet normal 0.881908 -0.471421 0
    outer loop
      vertex 38.4641 -2 31
      vertex 38.5875 -1.76915 5
      vertex 38.5875 -1.76915 31
    endloop
  endfacet
  facet normal 0.881908 -0.471421 0
    outer loop
      vertex 38.5875 -1.76915 5
      vertex 38.4641 -2 31
      vertex 38.4641 -2 5
    endloop
  endfacet
  facet normal 0.935906 -0.352249 0
    outer loop
      vertex 38.6955 -1.53073 31
      vertex 38.7877 -1.28576 5
      vertex 38.7877 -1.28576 31
    endloop
  endfacet
  facet normal 0.935906 -0.352249 0
    outer loop
      vertex 38.7877 -1.28576 5
      vertex 38.6955 -1.53073 31
      vertex 38.6955 -1.53073 5
    endloop
  endfacet
  facet normal -0.352338 -0.935873 0
    outer loop
      vertex 33.4693 -3.69552 5
      vertex 33.7142 -3.78772 31
      vertex 33.4693 -3.69552 31
    endloop
  endfacet
  facet normal -0.352338 -0.935873 -0
    outer loop
      vertex 33.7142 -3.78772 31
      vertex 33.4693 -3.69552 5
      vertex 33.7142 -3.78772 5
    endloop
  endfacet
  facet normal -0.995206 -0.0978044 0
    outer loop
      vertex 31.0342 -0.522104 5
      vertex 31.0086 -0.261612 31
      vertex 31.0086 -0.261612 5
    endloop
  endfacet
  facet normal -0.995206 -0.0978044 0
    outer loop
      vertex 31.0086 -0.261612 31
      vertex 31.0342 -0.522104 5
      vertex 31.0342 -0.522104 31
    endloop
  endfacet
  facet normal -0.910902 -0.412622 0
    outer loop
      vertex 31.4125 -1.76915 5
      vertex 31.3045 -1.53073 31
      vertex 31.3045 -1.53073 5
    endloop
  endfacet
  facet normal -0.910902 -0.412622 0
    outer loop
      vertex 31.3045 -1.53073 31
      vertex 31.4125 -1.76915 5
      vertex 31.4125 -1.76915 31
    endloop
  endfacet
  facet normal -0.683672 -0.72979 0
    outer loop
      vertex 32.1716 -2.82843 5
      vertex 32.3626 -3.00736 31
      vertex 32.1716 -2.82843 31
    endloop
  endfacet
  facet normal -0.683672 -0.72979 -0
    outer loop
      vertex 32.3626 -3.00736 31
      vertex 32.1716 -2.82843 5
      vertex 32.3626 -3.00736 5
    endloop
  endfacet
  facet normal 0.290255 -0.956949 0
    outer loop
      vertex 36.0353 -3.8637 5
      vertex 36.2858 -3.78772 31
      vertex 36.0353 -3.8637 31
    endloop
  endfacet
  facet normal 0.290255 -0.956949 0
    outer loop
      vertex 36.2858 -3.78772 31
      vertex 36.0353 -3.8637 5
      vertex 36.2858 -3.78772 5
    endloop
  endfacet
  facet normal 0.412603 -0.910911 0
    outer loop
      vertex 36.5307 -3.69552 5
      vertex 36.7692 -3.58749 31
      vertex 36.5307 -3.69552 31
    endloop
  endfacet
  facet normal 0.412603 -0.910911 0
    outer loop
      vertex 36.7692 -3.58749 31
      vertex 36.5307 -3.69552 5
      vertex 36.7692 -3.58749 5
    endloop
  endfacet
  facet normal 0.986605 0.163125 0
    outer loop
      vertex 38.9658 0.522104 31
      vertex 38.9231 0.780361 5
      vertex 38.9231 0.780361 31
    endloop
  endfacet
  facet normal 0.986605 0.163125 0
    outer loop
      vertex 38.9231 0.780361 5
      vertex 38.9658 0.522104 31
      vertex 38.9658 0.522104 5
    endloop
  endfacet
  facet normal 0.935906 0.352249 0
    outer loop
      vertex 38.7877 1.28576 31
      vertex 38.6955 1.53073 5
      vertex 38.6955 1.53073 31
    endloop
  endfacet
  facet normal 0.935906 0.352249 0
    outer loop
      vertex 38.6955 1.53073 5
      vertex 38.7877 1.28576 31
      vertex 38.7877 1.28576 5
    endloop
  endfacet
  facet normal -0.99946 -0.0328554 0
    outer loop
      vertex 31.0086 -0.261612 5
      vertex 31 0 31
      vertex 31 0 5
    endloop
  endfacet
  facet normal -0.99946 -0.0328554 0
    outer loop
      vertex 31 0 31
      vertex 31.0086 -0.261612 5
      vertex 31.0086 -0.261612 31
    endloop
  endfacet
  facet normal 0.99946 -0.0328554 0
    outer loop
      vertex 38.9914 -0.261612 31
      vertex 39 0 5
      vertex 39 0 31
    endloop
  endfacet
  facet normal 0.99946 -0.0328554 0
    outer loop
      vertex 39 0 5
      vertex 38.9914 -0.261612 31
      vertex 38.9914 -0.261612 5
    endloop
  endfacet
  facet normal 0.582607 -0.812754 0
    outer loop
      vertex 37.2223 -3.32588 5
      vertex 37.435 -3.17341 31
      vertex 37.2223 -3.32588 31
    endloop
  endfacet
  facet normal 0.582607 -0.812754 0
    outer loop
      vertex 37.435 -3.17341 31
      vertex 37.2223 -3.32588 5
      vertex 37.435 -3.17341 5
    endloop
  endfacet
  facet normal 0.729746 -0.683719 0
    outer loop
      vertex 37.8284 -2.82843 31
      vertex 38.0074 -2.63738 5
      vertex 38.0074 -2.63738 31
    endloop
  endfacet
  facet normal 0.729746 -0.683719 0
    outer loop
      vertex 38.0074 -2.63738 5
      vertex 37.8284 -2.82843 31
      vertex 37.8284 -2.82843 5
    endloop
  endfacet
  facet normal 0.683672 -0.72979 0
    outer loop
      vertex 37.6374 -3.00736 5
      vertex 37.8284 -2.82843 31
      vertex 37.6374 -3.00736 31
    endloop
  endfacet
  facet normal 0.683672 -0.72979 0
    outer loop
      vertex 37.8284 -2.82843 31
      vertex 37.6374 -3.00736 5
      vertex 37.8284 -2.82843 5
    endloop
  endfacet
  facet normal 0.81279 -0.582556 0
    outer loop
      vertex 38.1734 -2.43505 31
      vertex 38.3259 -2.22228 5
      vertex 38.3259 -2.22228 31
    endloop
  endfacet
  facet normal 0.81279 -0.582556 0
    outer loop
      vertex 38.3259 -2.22228 5
      vertex 38.1734 -2.43505 31
      vertex 38.1734 -2.43505 5
    endloop
  endfacet
  facet normal 0.849241 -0.528006 0
    outer loop
      vertex 38.3259 -2.22228 31
      vertex 38.4641 -2 5
      vertex 38.4641 -2 31
    endloop
  endfacet
  facet normal 0.849241 -0.528006 0
    outer loop
      vertex 38.4641 -2 5
      vertex 38.3259 -2.22228 31
      vertex 38.3259 -2.22228 5
    endloop
  endfacet
  facet normal -0.97391 -0.226936 0
    outer loop
      vertex 31.1363 -1.03528 5
      vertex 31.0769 -0.780361 31
      vertex 31.0769 -0.780361 5
    endloop
  endfacet
  facet normal -0.97391 -0.226936 0
    outer loop
      vertex 31.0769 -0.780361 31
      vertex 31.1363 -1.03528 5
      vertex 31.1363 -1.03528 31
    endloop
  endfacet
  facet normal -0.986605 -0.163125 0
    outer loop
      vertex 31.0769 -0.780361 5
      vertex 31.0342 -0.522104 31
      vertex 31.0342 -0.522104 5
    endloop
  endfacet
  facet normal -0.986605 -0.163125 0
    outer loop
      vertex 31.0342 -0.522104 31
      vertex 31.0769 -0.780361 5
      vertex 31.0769 -0.780361 31
    endloop
  endfacet
  facet normal -0.81279 -0.582556 0
    outer loop
      vertex 31.8266 -2.43505 5
      vertex 31.6741 -2.22228 31
      vertex 31.6741 -2.22228 5
    endloop
  endfacet
  facet normal -0.81279 -0.582556 0
    outer loop
      vertex 31.6741 -2.22228 31
      vertex 31.8266 -2.43505 5
      vertex 31.8266 -2.43505 31
    endloop
  endfacet
  facet normal -0.849241 -0.528006 0
    outer loop
      vertex 31.6741 -2.22228 5
      vertex 31.5359 -2 31
      vertex 31.5359 -2 5
    endloop
  endfacet
  facet normal -0.849241 -0.528006 0
    outer loop
      vertex 31.5359 -2 31
      vertex 31.6741 -2.22228 5
      vertex 31.6741 -2.22228 31
    endloop
  endfacet
  facet normal -0.881908 -0.471421 0
    outer loop
      vertex 31.5359 -2 5
      vertex 31.4125 -1.76915 31
      vertex 31.4125 -1.76915 5
    endloop
  endfacet
  facet normal -0.881908 -0.471421 0
    outer loop
      vertex 31.4125 -1.76915 31
      vertex 31.5359 -2 5
      vertex 31.5359 -2 31
    endloop
  endfacet
  facet normal 0.227097 -0.973872 0
    outer loop
      vertex 35.7804 -3.92314 5
      vertex 36.0353 -3.8637 31
      vertex 35.7804 -3.92314 31
    endloop
  endfacet
  facet normal 0.227097 -0.973872 0
    outer loop
      vertex 36.0353 -3.8637 31
      vertex 35.7804 -3.92314 5
      vertex 36.0353 -3.8637 5
    endloop
  endfacet
  facet normal 0.162875 -0.986647 0
    outer loop
      vertex 35.5221 -3.96578 5
      vertex 35.7804 -3.92314 31
      vertex 35.5221 -3.96578 31
    endloop
  endfacet
  facet normal 0.162875 -0.986647 0
    outer loop
      vertex 35.7804 -3.92314 31
      vertex 35.5221 -3.96578 5
      vertex 35.7804 -3.92314 5
    endloop
  endfacet
  facet normal 0.352338 -0.935873 0
    outer loop
      vertex 36.2858 -3.78772 5
      vertex 36.5307 -3.69552 31
      vertex 36.2858 -3.78772 31
    endloop
  endfacet
  facet normal 0.352338 -0.935873 0
    outer loop
      vertex 36.5307 -3.69552 31
      vertex 36.2858 -3.78772 5
      vertex 36.5307 -3.69552 5
    endloop
  endfacet
  facet normal 0.97391 0.226936 0
    outer loop
      vertex 38.9231 0.780361 31
      vertex 38.8637 1.03528 5
      vertex 38.8637 1.03528 31
    endloop
  endfacet
  facet normal 0.97391 0.226936 0
    outer loop
      vertex 38.8637 1.03528 5
      vertex 38.9231 0.780361 31
      vertex 38.9231 0.780361 5
    endloop
  endfacet
  facet normal 0.995206 0.0978044 0
    outer loop
      vertex 38.9914 0.261612 31
      vertex 38.9658 0.522104 5
      vertex 38.9658 0.522104 31
    endloop
  endfacet
  facet normal 0.995206 0.0978044 0
    outer loop
      vertex 38.9658 0.522104 5
      vertex 38.9914 0.261612 31
      vertex 38.9914 0.261612 5
    endloop
  endfacet
  facet normal 0.97391 -0.226936 0
    outer loop
      vertex 38.8637 -1.03528 31
      vertex 38.9231 -0.780361 5
      vertex 38.9231 -0.780361 31
    endloop
  endfacet
  facet normal 0.97391 -0.226936 0
    outer loop
      vertex 38.9231 -0.780361 5
      vertex 38.8637 -1.03528 31
      vertex 38.8637 -1.03528 5
    endloop
  endfacet
  facet normal 0.910902 -0.412622 0
    outer loop
      vertex 38.5875 -1.76915 31
      vertex 38.6955 -1.53073 5
      vertex 38.6955 -1.53073 31
    endloop
  endfacet
  facet normal 0.910902 -0.412622 0
    outer loop
      vertex 38.6955 -1.53073 5
      vertex 38.5875 -1.76915 31
      vertex 38.5875 -1.76915 5
    endloop
  endfacet
  facet normal 0.634267 -0.773114 0
    outer loop
      vertex 37.435 -3.17341 5
      vertex 37.6374 -3.00736 31
      vertex 37.435 -3.17341 31
    endloop
  endfacet
  facet normal 0.634267 -0.773114 0
    outer loop
      vertex 37.6374 -3.00736 31
      vertex 37.435 -3.17341 5
      vertex 37.6374 -3.00736 5
    endloop
  endfacet
  facet normal -0.582607 -0.812754 0
    outer loop
      vertex 32.565 -3.17341 5
      vertex 32.7777 -3.32588 31
      vertex 32.565 -3.17341 31
    endloop
  endfacet
  facet normal -0.582607 -0.812754 -0
    outer loop
      vertex 32.7777 -3.32588 31
      vertex 32.565 -3.17341 5
      vertex 32.7777 -3.32588 5
    endloop
  endfacet
  facet normal -0.471471 -0.881882 0
    outer loop
      vertex 33 -3.4641 5
      vertex 33.2308 -3.58749 31
      vertex 33 -3.4641 31
    endloop
  endfacet
  facet normal -0.471471 -0.881882 -0
    outer loop
      vertex 33.2308 -3.58749 31
      vertex 33 -3.4641 5
      vertex 33.2308 -3.58749 5
    endloop
  endfacet
  facet normal -0.290255 -0.956949 0
    outer loop
      vertex 33.7142 -3.78772 5
      vertex 33.9647 -3.8637 31
      vertex 33.7142 -3.78772 31
    endloop
  endfacet
  facet normal -0.290255 -0.956949 -0
    outer loop
      vertex 33.9647 -3.8637 31
      vertex 33.7142 -3.78772 5
      vertex 33.9647 -3.8637 5
    endloop
  endfacet
  facet normal -0.0980285 -0.995184 0
    outer loop
      vertex 34.4779 -3.96578 5
      vertex 34.7384 -3.99144 31
      vertex 34.4779 -3.96578 31
    endloop
  endfacet
  facet normal -0.0980285 -0.995184 -0
    outer loop
      vertex 34.7384 -3.99144 31
      vertex 34.4779 -3.96578 5
      vertex 34.7384 -3.99144 5
    endloop
  endfacet
  facet normal -0.935906 -0.352249 0
    outer loop
      vertex 31.3045 -1.53073 5
      vertex 31.2123 -1.28576 31
      vertex 31.2123 -1.28576 5
    endloop
  endfacet
  facet normal -0.935906 -0.352249 0
    outer loop
      vertex 31.2123 -1.28576 31
      vertex 31.3045 -1.53073 5
      vertex 31.3045 -1.53073 31
    endloop
  endfacet
  facet normal -0.729746 -0.683719 0
    outer loop
      vertex 32.1716 -2.82843 5
      vertex 31.9926 -2.63738 31
      vertex 31.9926 -2.63738 5
    endloop
  endfacet
  facet normal -0.729746 -0.683719 0
    outer loop
      vertex 31.9926 -2.63738 31
      vertex 32.1716 -2.82843 5
      vertex 32.1716 -2.82843 31
    endloop
  endfacet
  facet normal -0.7731 -0.634284 0
    outer loop
      vertex 31.9926 -2.63738 5
      vertex 31.8266 -2.43505 31
      vertex 31.8266 -2.43505 5
    endloop
  endfacet
  facet normal -0.7731 -0.634284 0
    outer loop
      vertex 31.8266 -2.43505 31
      vertex 31.9926 -2.63738 5
      vertex 31.9926 -2.63738 31
    endloop
  endfacet
  facet normal 0.528026 -0.849228 0
    outer loop
      vertex 37 -3.4641 5
      vertex 37.2223 -3.32588 31
      vertex 37 -3.4641 31
    endloop
  endfacet
  facet normal 0.528026 -0.849228 0
    outer loop
      vertex 37.2223 -3.32588 31
      vertex 37 -3.4641 5
      vertex 37.2223 -3.32588 5
    endloop
  endfacet
  facet normal -0.528026 -0.849228 0
    outer loop
      vertex 32.7777 -3.32588 5
      vertex 33 -3.4641 31
      vertex 32.7777 -3.32588 31
    endloop
  endfacet
  facet normal -0.528026 -0.849228 -0
    outer loop
      vertex 33 -3.4641 31
      vertex 32.7777 -3.32588 5
      vertex 33 -3.4641 5
    endloop
  endfacet
  facet normal -0.412603 -0.910911 0
    outer loop
      vertex 33.2308 -3.58749 5
      vertex 33.4693 -3.69552 31
      vertex 33.2308 -3.58749 31
    endloop
  endfacet
  facet normal -0.412603 -0.910911 -0
    outer loop
      vertex 33.4693 -3.69552 31
      vertex 33.2308 -3.58749 5
      vertex 33.4693 -3.69552 5
    endloop
  endfacet
  facet normal -0.227097 -0.973872 0
    outer loop
      vertex 33.9647 -3.8637 5
      vertex 34.2196 -3.92314 31
      vertex 33.9647 -3.8637 31
    endloop
  endfacet
  facet normal -0.227097 -0.973872 -0
    outer loop
      vertex 34.2196 -3.92314 31
      vertex 33.9647 -3.8637 5
      vertex 34.2196 -3.92314 5
    endloop
  endfacet
  facet normal -0.0327042 -0.999465 0
    outer loop
      vertex 34.7384 -3.99144 5
      vertex 35 -4 31
      vertex 34.7384 -3.99144 31
    endloop
  endfacet
  facet normal -0.0327042 -0.999465 -0
    outer loop
      vertex 35 -4 31
      vertex 34.7384 -3.99144 5
      vertex 35 -4 5
    endloop
  endfacet
  facet normal -0.162875 -0.986647 0
    outer loop
      vertex 34.2196 -3.92314 5
      vertex 34.4779 -3.96578 31
      vertex 34.2196 -3.92314 31
    endloop
  endfacet
  facet normal -0.162875 -0.986647 -0
    outer loop
      vertex 34.4779 -3.96578 31
      vertex 34.2196 -3.92314 5
      vertex 34.4779 -3.96578 5
    endloop
  endfacet
  facet normal -0.956958 -0.290226 0
    outer loop
      vertex 98.2461 -20.3382 5
      vertex 98.0769 -19.7803 31
      vertex 98.0769 -19.7803 5
    endloop
  endfacet
  facet normal -0.956958 -0.290226 0
    outer loop
      vertex 98.0769 -19.7803 31
      vertex 98.2461 -20.3382 5
      vertex 98.2461 -20.3382 31
    endloop
  endfacet
  facet normal -0.995179 -0.0980767 0
    outer loop
      vertex 98.0769 -19.7803 5
      vertex 98 -19 31
      vertex 98 -19 5
    endloop
  endfacet
  facet normal -0.995179 -0.0980767 0
    outer loop
      vertex 98 -19 31
      vertex 98.0769 -19.7803 5
      vertex 98.0769 -19.7803 31
    endloop
  endfacet
  facet normal -1 0 0
    outer loop
      vertex 98 19 5
      vertex 98 8 16
      vertex 98 19 31
    endloop
  endfacet
  facet normal -1 0 0
    outer loop
      vertex 98 19 5
      vertex 98 -8 16
      vertex 98 8 16
    endloop
  endfacet
  facet normal -1 0 0
    outer loop
      vertex 98 -19 5
      vertex 98 -8 16
      vertex 98 19 5
    endloop
  endfacet
  facet normal -1 0 0
    outer loop
      vertex 98 -19 31
      vertex 98 -8 16
      vertex 98 -19 5
    endloop
  endfacet
  facet normal -1 0 0
    outer loop
      vertex 98 -8 16
      vertex 98 -19 31
      vertex 98 -8 31
    endloop
  endfacet
  facet normal -1 -0 0
    outer loop
      vertex 98 19 31
      vertex 98 8 16
      vertex 98 8 31
    endloop
  endfacet
  facet normal -0.995179 0.0980767 0
    outer loop
      vertex 98 19 5
      vertex 98.0769 19.7803 31
      vertex 98.0769 19.7803 5
    endloop
  endfacet
  facet normal -0.995179 0.0980767 0
    outer loop
      vertex 98.0769 19.7803 31
      vertex 98 19 5
      vertex 98 19 31
    endloop
  endfacet
  facet normal -0.956958 0.290226 0
    outer loop
      vertex 98.0769 19.7803 5
      vertex 98.2461 20.3382 31
      vertex 98.2461 20.3382 5
    endloop
  endfacet
  facet normal -0.956958 0.290226 0
    outer loop
      vertex 98.2461 20.3382 31
      vertex 98.0769 19.7803 5
      vertex 98.0769 19.7803 31
    endloop
  endfacet
  facet normal 0 0 -1
    outer loop
      vertex 142.65 0 5
      vertex 150 0 5
      vertex 149.979 -0.654031 5
    endloop
  endfacet
  facet normal 0 0 -1
    outer loop
      vertex 142.644 -0.173318 5
      vertex 149.979 -0.654031 5
      vertex 149.914 -1.30526 5
    endloop
  endfacet
  facet normal 0 0 -1
    outer loop
      vertex 150 0 5
      vertex 142.65 0 5
      vertex 149.979 0.654031 5
    endloop
  endfacet
  facet normal 0 0 -1
    outer loop
      vertex 142.627 -0.345894 5
      vertex 149.914 -1.30526 5
      vertex 149.808 -1.9509 5
    endloop
  endfacet
  facet normal 0 0 -1
    outer loop
      vertex 142.644 0.173318 5
      vertex 149.979 0.654031 5
      vertex 142.65 0 5
    endloop
  endfacet
  facet normal 0 0 -1
    outer loop
      vertex 142.599 -0.516989 5
      vertex 149.808 -1.9509 5
      vertex 149.659 -2.58819 5
    endloop
  endfacet
  facet normal -0 0 -1
    outer loop
      vertex 149.979 0.654031 5
      vertex 142.644 0.173318 5
      vertex 149.914 1.30526 5
    endloop
  endfacet
  facet normal 0 0 -1
    outer loop
      vertex 142.56 -0.68587 5
      vertex 149.659 -2.58819 5
      vertex 149.469 -3.21439 5
    endloop
  endfacet
  facet normal 0 0 -1
    outer loop
      vertex 142.627 0.345894 5
      vertex 149.914 1.30526 5
      vertex 142.644 0.173318 5
    endloop
  endfacet
  facet normal 0 0 -1
    outer loop
      vertex 142.509 -0.851814 5
      vertex 149.469 -3.21439 5
      vertex 149.239 -3.82683 5
    endloop
  endfacet
  facet normal -0 0 -1
    outer loop
      vertex 149.914 1.30526 5
      vertex 142.627 0.345894 5
      vertex 149.808 1.9509 5
    endloop
  endfacet
  facet normal 0 0 -1
    outer loop
      vertex 142.448 -1.01411 5
      vertex 149.239 -3.82683 5
      vertex 148.969 -4.42289 5
    endloop
  endfacet
  facet normal 0 0 -1
    outer loop
      vertex 142.599 0.516989 5
      vertex 149.808 1.9509 5
      vertex 142.627 0.345894 5
    endloop
  endfacet
  facet normal 0 0 -1
    outer loop
      vertex 142.377 -1.17206 5
      vertex 148.969 -4.42289 5
      vertex 148.66 -5 5
    endloop
  endfacet
  facet normal -0 0 -1
    outer loop
      vertex 149.808 1.9509 5
      vertex 142.599 0.516989 5
      vertex 149.659 2.58819 5
    endloop
  endfacet
  facet normal 0 0 -1
    outer loop
      vertex 142.295 -1.325 5
      vertex 148.66 -5 5
      vertex 148.315 -5.5557 5
    endloop
  endfacet
  facet normal 0 0 -1
    outer loop
      vertex 142.56 0.68587 5
      vertex 149.659 2.58819 5
      vertex 142.599 0.516989 5
    endloop
  endfacet
  facet normal 0 0 -1
    outer loop
      vertex 142.203 -1.47226 5
      vertex 148.315 -5.5557 5
      vertex 147.934 -6.08761 5
    endloop
  endfacet
  facet normal -0 0 -1
    outer loop
      vertex 149.659 2.58819 5
      vertex 142.56 0.68587 5
      vertex 149.469 3.21439 5
    endloop
  endfacet
  facet normal 0 0 -1
    outer loop
      vertex 142.102 -1.61322 5
      vertex 147.934 -6.08761 5
      vertex 147.518 -6.59346 5
    endloop
  endfacet
  facet normal 0 0 -1
    outer loop
      vertex 142.509 0.851814 5
      vertex 149.469 3.21439 5
      vertex 142.56 0.68587 5
    endloop
  endfacet
  facet normal 0 0 -1
    outer loop
      vertex 141.992 -1.74727 5
      vertex 147.518 -6.59346 5
      vertex 147.071 -7.07107 5
    endloop
  endfacet
  facet normal -0 0 -1
    outer loop
      vertex 149.469 3.21439 5
      vertex 142.509 0.851814 5
      vertex 149.239 3.82683 5
    endloop
  endfacet
  facet normal 0 0 -1
    outer loop
      vertex 141.874 -1.87383 5
      vertex 147.071 -7.07107 5
      vertex 146.593 -7.5184 5
    endloop
  endfacet
  facet normal 0 0 -1
    outer loop
      vertex 142.448 1.01411 5
      vertex 149.239 3.82683 5
      vertex 142.509 0.851814 5
    endloop
  endfacet
  facet normal 0 0 -1
    outer loop
      vertex 141.747 -1.99238 5
      vertex 146.593 -7.5184 5
      vertex 146.088 -7.93353 5
    endloop
  endfacet
  facet normal -0 0 -1
    outer loop
      vertex 149.239 3.82683 5
      vertex 142.448 1.01411 5
      vertex 148.969 4.42289 5
    endloop
  endfacet
  facet normal 0 0 -1
    outer loop
      vertex 141.613 -2.10239 5
      vertex 146.088 -7.93353 5
      vertex 145.556 -8.3147 5
    endloop
  endfacet
  facet normal 0 0 -1
    outer loop
      vertex 142.377 1.17206 5
      vertex 148.969 4.42289 5
      vertex 142.448 1.01411 5
    endloop
  endfacet
  facet normal 0 0 -1
    outer loop
      vertex 141.472 -2.20339 5
      vertex 145.556 -8.3147 5
      vertex 145 -8.66025 5
    endloop
  endfacet
  facet normal -0 0 -1
    outer loop
      vertex 148.969 4.42289 5
      vertex 142.377 1.17206 5
      vertex 148.66 5 5
    endloop
  endfacet
  facet normal 0 0 -1
    outer loop
      vertex 141.325 -2.29497 5
      vertex 145 -8.66025 5
      vertex 144.423 -8.96873 5
    endloop
  endfacet
  facet normal 0 0 -1
    outer loop
      vertex 142.295 1.325 5
      vertex 148.66 5 5
      vertex 142.377 1.17206 5
    endloop
  endfacet
  facet normal 0 0 -1
    outer loop
      vertex 141.172 -2.37671 5
      vertex 144.423 -8.96873 5
      vertex 143.827 -9.2388 5
    endloop
  endfacet
  facet normal -0 0 -1
    outer loop
      vertex 148.66 5 5
      vertex 142.295 1.325 5
      vertex 148.315 5.5557 5
    endloop
  endfacet
  facet normal 0 0 -1
    outer loop
      vertex 141.014 -2.44828 5
      vertex 143.827 -9.2388 5
      vertex 143.214 -9.4693 5
    endloop
  endfacet
  facet normal 0 0 -1
    outer loop
      vertex 142.203 1.47226 5
      vertex 148.315 5.5557 5
      vertex 142.295 1.325 5
    endloop
  endfacet
  facet normal -0 0 -1
    outer loop
      vertex 148.315 5.5557 5
      vertex 142.203 1.47226 5
      vertex 147.934 6.08761 5
    endloop
  endfacet
  facet normal 0 0 -1
    outer loop
      vertex 149.979 -0.654031 5
      vertex 142.644 -0.173318 5
      vertex 142.65 0 5
    endloop
  endfacet
  facet normal 0 0 -1
    outer loop
      vertex 149.914 -1.30526 5
      vertex 142.627 -0.345894 5
      vertex 142.644 -0.173318 5
    endloop
  endfacet
  facet normal 0 0 -1
    outer loop
      vertex 149.808 -1.9509 5
      vertex 142.599 -0.516989 5
      vertex 142.627 -0.345894 5
    endloop
  endfacet
  facet normal 0 0 -1
    outer loop
      vertex 140.852 -2.50936 5
      vertex 143.214 -9.4693 5
      vertex 142.588 -9.65926 5
    endloop
  endfacet
  facet normal 0 0 -1
    outer loop
      vertex 149.659 -2.58819 5
      vertex 142.56 -0.68587 5
      vertex 142.599 -0.516989 5
    endloop
  endfacet
  facet normal 0 0 -1
    outer loop
      vertex 149.469 -3.21439 5
      vertex 142.509 -0.851814 5
      vertex 142.56 -0.68587 5
    endloop
  endfacet
  facet normal 0 0 -1
    outer loop
      vertex 149.239 -3.82683 5
      vertex 142.448 -1.01411 5
      vertex 142.509 -0.851814 5
    endloop
  endfacet
  facet normal 0 0 -1
    outer loop
      vertex 148.969 -4.42289 5
      vertex 142.377 -1.17206 5
      vertex 142.448 -1.01411 5
    endloop
  endfacet
  facet normal 0 0 -1
    outer loop
      vertex 148.66 -5 5
      vertex 142.295 -1.325 5
      vertex 142.377 -1.17206 5
    endloop
  endfacet
  facet normal 0 0 -1
    outer loop
      vertex 148.315 -5.5557 5
      vertex 142.203 -1.47226 5
      vertex 142.295 -1.325 5
    endloop
  endfacet
  facet normal 0 0 -1
    outer loop
      vertex 147.934 -6.08761 5
      vertex 142.102 -1.61322 5
      vertex 142.203 -1.47226 5
    endloop
  endfacet
  facet normal 0 0 -1
    outer loop
      vertex 147.518 -6.59346 5
      vertex 141.992 -1.74727 5
      vertex 142.102 -1.61322 5
    endloop
  endfacet
  facet normal 0 0 -1
    outer loop
      vertex 140.686 -2.5597 5
      vertex 142.588 -9.65926 5
      vertex 141.951 -9.80785 5
    endloop
  endfacet
  facet normal 0 0 -1
    outer loop
      vertex 147.071 -7.07107 5
      vertex 141.874 -1.87383 5
      vertex 141.992 -1.74727 5
    endloop
  endfacet
  facet normal 0 0 -1
    outer loop
      vertex 146.593 -7.5184 5
      vertex 141.747 -1.99238 5
      vertex 141.874 -1.87383 5
    endloop
  endfacet
  facet normal 0 0 -1
    outer loop
      vertex 146.088 -7.93353 5
      vertex 141.613 -2.10239 5
      vertex 141.747 -1.99238 5
    endloop
  endfacet
  facet normal 0 0 -1
    outer loop
      vertex 145.556 -8.3147 5
      vertex 141.472 -2.20339 5
      vertex 141.613 -2.10239 5
    endloop
  endfacet
  facet normal 0 0 -1
    outer loop
      vertex 145 -8.66025 5
      vertex 141.325 -2.29497 5
      vertex 141.472 -2.20339 5
    endloop
  endfacet
  facet normal 0 0 -1
    outer loop
      vertex 140.517 -2.59908 5
      vertex 141.951 -9.80785 5
      vertex 141.305 -9.91445 5
    endloop
  endfacet
  facet normal 0 0 -1
    outer loop
      vertex 144.423 -8.96873 5
      vertex 141.172 -2.37671 5
      vertex 141.325 -2.29497 5
    endloop
  endfacet
  facet normal 0 0 -1
    outer loop
      vertex 143.827 -9.2388 5
      vertex 141.014 -2.44828 5
      vertex 141.172 -2.37671 5
    endloop
  endfacet
  facet normal 0 0 -1
    outer loop
      vertex 143.214 -9.4693 5
      vertex 140.852 -2.50936 5
      vertex 141.014 -2.44828 5
    endloop
  endfacet
  facet normal 0 0 -1
    outer loop
      vertex 142.588 -9.65926 5
      vertex 140.686 -2.5597 5
      vertex 140.852 -2.50936 5
    endloop
  endfacet
  facet normal 0 0 -1
    outer loop
      vertex 140.346 -2.62733 5
      vertex 141.305 -9.91445 5
      vertex 140.654 -9.97859 5
    endloop
  endfacet
  facet normal 0 0 -1
    outer loop
      vertex 141.951 -9.80785 5
      vertex 140.517 -2.59908 5
      vertex 140.686 -2.5597 5
    endloop
  endfacet
  facet normal 0 0 -1
    outer loop
      vertex 141.305 -9.91445 5
      vertex 140.346 -2.62733 5
      vertex 140.517 -2.59908 5
    endloop
  endfacet
  facet normal 0 0 -1
    outer loop
      vertex 140.654 -9.97859 5
      vertex 140.173 -2.64433 5
      vertex 140.346 -2.62733 5
    endloop
  endfacet
  facet normal 0 0 -1
    outer loop
      vertex 140 -10 5
      vertex 140.173 -2.64433 5
      vertex 140.654 -9.97859 5
    endloop
  endfacet
  facet normal 0 0 -1
    outer loop
      vertex 140 -10 5
      vertex 140 -2.65 5
      vertex 140.173 -2.64433 5
    endloop
  endfacet
  facet normal 0 0 -1
    outer loop
      vertex 140 -10 5
      vertex 139.827 -2.64433 5
      vertex 140 -2.65 5
    endloop
  endfacet
  facet normal 0 0 -1
    outer loop
      vertex 140 -10 5
      vertex 139.654 -2.62733 5
      vertex 139.827 -2.64433 5
    endloop
  endfacet
  facet normal 0 0 -1
    outer loop
      vertex 140 -10 5
      vertex 139.483 -2.59908 5
      vertex 139.654 -2.62733 5
    endloop
  endfacet
  facet normal 0 0 -1
    outer loop
      vertex 140 -10 5
      vertex 139.314 -2.5597 5
      vertex 139.483 -2.59908 5
    endloop
  endfacet
  facet normal 0 0 -1
    outer loop
      vertex 140 -10 5
      vertex 139.148 -2.50936 5
      vertex 139.314 -2.5597 5
    endloop
  endfacet
  facet normal 0 0 -1
    outer loop
      vertex 140 -10 5
      vertex 138.986 -2.44828 5
      vertex 139.148 -2.50936 5
    endloop
  endfacet
  facet normal 0 0 -1
    outer loop
      vertex 140 -10 5
      vertex 138.828 -2.37671 5
      vertex 138.986 -2.44828 5
    endloop
  endfacet
  facet normal 0 0 -1
    outer loop
      vertex 140 -10 5
      vertex 138.675 -2.29497 5
      vertex 138.828 -2.37671 5
    endloop
  endfacet
  facet normal 0 0 -1
    outer loop
      vertex 140 -10 5
      vertex 138.528 -2.20339 5
      vertex 138.675 -2.29497 5
    endloop
  endfacet
  facet normal 0 0 -1
    outer loop
      vertex 140 -10 5
      vertex 138.387 -2.10239 5
      vertex 138.528 -2.20339 5
    endloop
  endfacet
  facet normal 0 0 -1
    outer loop
      vertex 140 -10 5
      vertex 138.253 -1.99238 5
      vertex 138.387 -2.10239 5
    endloop
  endfacet
  facet normal 0 0 -1
    outer loop
      vertex 140 -10 5
      vertex 138.126 -1.87383 5
      vertex 138.253 -1.99238 5
    endloop
  endfacet
  facet normal 0 0 -1
    outer loop
      vertex 140 -10 5
      vertex 138.008 -1.74727 5
      vertex 138.126 -1.87383 5
    endloop
  endfacet
  facet normal 0 0 -1
    outer loop
      vertex 122.5 -10 5
      vertex 138.008 -1.74727 5
      vertex 140 -10 5
    endloop
  endfacet
  facet normal -0 0 -1
    outer loop
      vertex 138.008 -1.74727 5
      vertex 122.5 -10 5
      vertex 137.898 -1.61322 5
    endloop
  endfacet
  facet normal -0 0 -1
    outer loop
      vertex 137.898 -1.61322 5
      vertex 122.5 -10 5
      vertex 137.797 -1.47226 5
    endloop
  endfacet
  facet normal -0 0 -1
    outer loop
      vertex 137.797 -1.47226 5
      vertex 122.5 -10 5
      vertex 137.705 -1.325 5
    endloop
  endfacet
  facet normal -0 0 -1
    outer loop
      vertex 137.705 -1.325 5
      vertex 122.5 -10 5
      vertex 137.623 -1.17206 5
    endloop
  endfacet
  facet normal -0 0 -1
    outer loop
      vertex 137.623 -1.17206 5
      vertex 122.5 -10 5
      vertex 137.552 -1.01411 5
    endloop
  endfacet
  facet normal -0 0 -1
    outer loop
      vertex 137.552 -1.01411 5
      vertex 122.5 -10 5
      vertex 137.491 -0.851814 5
    endloop
  endfacet
  facet normal -0 0 -1
    outer loop
      vertex 137.356 -0.173318 5
      vertex 122.5 -10 5
      vertex 137.35 0 5
    endloop
  endfacet
  facet normal -0 0 -1
    outer loop
      vertex 137.373 -0.345894 5
      vertex 122.5 -10 5
      vertex 137.356 -0.173318 5
    endloop
  endfacet
  facet normal -0 0 -1
    outer loop
      vertex 137.401 -0.516989 5
      vertex 122.5 -10 5
      vertex 137.373 -0.345894 5
    endloop
  endfacet
  facet normal -0 0 -1
    outer loop
      vertex 137.44 -0.68587 5
      vertex 122.5 -10 5
      vertex 137.401 -0.516989 5
    endloop
  endfacet
  facet normal -0 0 -1
    outer loop
      vertex 137.491 -0.851814 5
      vertex 122.5 -10 5
      vertex 137.44 -0.68587 5
    endloop
  endfacet
  facet normal 0 0 -1
    outer loop
      vertex 142.102 1.61322 5
      vertex 147.934 6.08761 5
      vertex 142.203 1.47226 5
    endloop
  endfacet
  facet normal -0 0 -1
    outer loop
      vertex 147.934 6.08761 5
      vertex 142.102 1.61322 5
      vertex 147.518 6.59346 5
    endloop
  endfacet
  facet normal 0 0 -1
    outer loop
      vertex 141.992 1.74727 5
      vertex 147.518 6.59346 5
      vertex 142.102 1.61322 5
    endloop
  endfacet
  facet normal -0 0 -1
    outer loop
      vertex 147.518 6.59346 5
      vertex 141.992 1.74727 5
      vertex 147.071 7.07107 5
    endloop
  endfacet
  facet normal 0 0 -1
    outer loop
      vertex 141.874 1.87383 5
      vertex 147.071 7.07107 5
      vertex 141.992 1.74727 5
    endloop
  endfacet
  facet normal -0 0 -1
    outer loop
      vertex 147.071 7.07107 5
      vertex 141.874 1.87383 5
      vertex 146.593 7.5184 5
    endloop
  endfacet
  facet normal 0 0 -1
    outer loop
      vertex 141.747 1.99238 5
      vertex 146.593 7.5184 5
      vertex 141.874 1.87383 5
    endloop
  endfacet
  facet normal -0 0 -1
    outer loop
      vertex 146.593 7.5184 5
      vertex 141.747 1.99238 5
      vertex 146.088 7.93353 5
    endloop
  endfacet
  facet normal 0 0 -1
    outer loop
      vertex 141.613 2.10239 5
      vertex 146.088 7.93353 5
      vertex 141.747 1.99238 5
    endloop
  endfacet
  facet normal -0 0 -1
    outer loop
      vertex 146.088 7.93353 5
      vertex 141.613 2.10239 5
      vertex 145.556 8.3147 5
    endloop
  endfacet
  facet normal 0 0 -1
    outer loop
      vertex 141.472 2.20339 5
      vertex 145.556 8.3147 5
      vertex 141.613 2.10239 5
    endloop
  endfacet
  facet normal -0 0 -1
    outer loop
      vertex 145.556 8.3147 5
      vertex 141.472 2.20339 5
      vertex 145 8.66025 5
    endloop
  endfacet
  facet normal 0 0 -1
    outer loop
      vertex 141.325 2.29497 5
      vertex 145 8.66025 5
      vertex 141.472 2.20339 5
    endloop
  endfacet
  facet normal -0 0 -1
    outer loop
      vertex 145 8.66025 5
      vertex 141.325 2.29497 5
      vertex 144.423 8.96873 5
    endloop
  endfacet
  facet normal 0 0 -1
    outer loop
      vertex 141.172 2.37671 5
      vertex 144.423 8.96873 5
      vertex 141.325 2.29497 5
    endloop
  endfacet
  facet normal -0 0 -1
    outer loop
      vertex 144.423 8.96873 5
      vertex 141.172 2.37671 5
      vertex 143.827 9.2388 5
    endloop
  endfacet
  facet normal 0 0 -1
    outer loop
      vertex 141.014 2.44828 5
      vertex 143.827 9.2388 5
      vertex 141.172 2.37671 5
    endloop
  endfacet
  facet normal -0 0 -1
    outer loop
      vertex 143.827 9.2388 5
      vertex 141.014 2.44828 5
      vertex 143.214 9.4693 5
    endloop
  endfacet
  facet normal 0 0 -1
    outer loop
      vertex 140.852 2.50936 5
      vertex 143.214 9.4693 5
      vertex 141.014 2.44828 5
    endloop
  endfacet
  facet normal -0 0 -1
    outer loop
      vertex 143.214 9.4693 5
      vertex 140.852 2.50936 5
      vertex 142.588 9.65926 5
    endloop
  endfacet
  facet normal 0 0 -1
    outer loop
      vertex 140.686 2.5597 5
      vertex 142.588 9.65926 5
      vertex 140.852 2.50936 5
    endloop
  endfacet
  facet normal -0 0 -1
    outer loop
      vertex 142.588 9.65926 5
      vertex 140.686 2.5597 5
      vertex 141.951 9.80785 5
    endloop
  endfacet
  facet normal 0 0 -1
    outer loop
      vertex 140.517 2.59908 5
      vertex 141.951 9.80785 5
      vertex 140.686 2.5597 5
    endloop
  endfacet
  facet normal -0 0 -1
    outer loop
      vertex 141.951 9.80785 5
      vertex 140.517 2.59908 5
      vertex 141.305 9.91445 5
    endloop
  endfacet
  facet normal 0 0 -1
    outer loop
      vertex 140.346 2.62733 5
      vertex 141.305 9.91445 5
      vertex 140.517 2.59908 5
    endloop
  endfacet
  facet normal -0 0 -1
    outer loop
      vertex 141.305 9.91445 5
      vertex 140.346 2.62733 5
      vertex 140.654 9.97859 5
    endloop
  endfacet
  facet normal 0 0 -1
    outer loop
      vertex 140.173 2.64433 5
      vertex 140.654 9.97859 5
      vertex 140.346 2.62733 5
    endloop
  endfacet
  facet normal 0 0 -1
    outer loop
      vertex 140 2.65 5
      vertex 140.654 9.97859 5
      vertex 140.173 2.64433 5
    endloop
  endfacet
  facet normal 0 0 -1
    outer loop
      vertex 140 2.65 5
      vertex 140 10 5
      vertex 140.654 9.97859 5
    endloop
  endfacet
  facet normal 0 0 -1
    outer loop
      vertex 139.827 2.64433 5
      vertex 140 10 5
      vertex 140 2.65 5
    endloop
  endfacet
  facet normal 0 0 -1
    outer loop
      vertex 139.654 2.62733 5
      vertex 140 10 5
      vertex 139.827 2.64433 5
    endloop
  endfacet
  facet normal 0 0 -1
    outer loop
      vertex 139.483 2.59908 5
      vertex 140 10 5
      vertex 139.654 2.62733 5
    endloop
  endfacet
  facet normal 0 0 -1
    outer loop
      vertex 139.314 2.5597 5
      vertex 140 10 5
      vertex 139.483 2.59908 5
    endloop
  endfacet
  facet normal 0 0 -1
    outer loop
      vertex 139.148 2.50936 5
      vertex 140 10 5
      vertex 139.314 2.5597 5
    endloop
  endfacet
  facet normal 0 0 -1
    outer loop
      vertex 138.986 2.44828 5
      vertex 140 10 5
      vertex 139.148 2.50936 5
    endloop
  endfacet
  facet normal 0 0 -1
    outer loop
      vertex 138.828 2.37671 5
      vertex 140 10 5
      vertex 138.986 2.44828 5
    endloop
  endfacet
  facet normal 0 0 -1
    outer loop
      vertex 138.675 2.29497 5
      vertex 140 10 5
      vertex 138.828 2.37671 5
    endloop
  endfacet
  facet normal 0 0 -1
    outer loop
      vertex 138.528 2.20339 5
      vertex 140 10 5
      vertex 138.675 2.29497 5
    endloop
  endfacet
  facet normal 0 0 -1
    outer loop
      vertex 138.387 2.10239 5
      vertex 140 10 5
      vertex 138.528 2.20339 5
    endloop
  endfacet
  facet normal 0 0 -1
    outer loop
      vertex 138.253 1.99238 5
      vertex 140 10 5
      vertex 138.387 2.10239 5
    endloop
  endfacet
  facet normal 0 0 -1
    outer loop
      vertex 138.126 1.87383 5
      vertex 140 10 5
      vertex 138.253 1.99238 5
    endloop
  endfacet
  facet normal 0 0 -1
    outer loop
      vertex 138.008 1.74727 5
      vertex 140 10 5
      vertex 138.126 1.87383 5
    endloop
  endfacet
  facet normal 0 0 -1
    outer loop
      vertex 122.5 10 5
      vertex 138.008 1.74727 5
      vertex 137.898 1.61322 5
    endloop
  endfacet
  facet normal 0 0 -1
    outer loop
      vertex 122.5 10 5
      vertex 137.898 1.61322 5
      vertex 137.797 1.47226 5
    endloop
  endfacet
  facet normal 0 0 -1
    outer loop
      vertex 122.5 10 5
      vertex 137.797 1.47226 5
      vertex 137.705 1.325 5
    endloop
  endfacet
  facet normal 0 0 -1
    outer loop
      vertex 122.5 10 5
      vertex 137.705 1.325 5
      vertex 137.623 1.17206 5
    endloop
  endfacet
  facet normal 0 0 -1
    outer loop
      vertex 122.5 10 5
      vertex 137.623 1.17206 5
      vertex 137.552 1.01411 5
    endloop
  endfacet
  facet normal 0 0 -1
    outer loop
      vertex 122.5 10 5
      vertex 137.552 1.01411 5
      vertex 137.491 0.851814 5
    endloop
  endfacet
  facet normal 0 0 -1
    outer loop
      vertex 122.5 10 5
      vertex 137.491 0.851814 5
      vertex 137.44 0.68587 5
    endloop
  endfacet
  facet normal 0 0 -1
    outer loop
      vertex 122.5 10 5
      vertex 137.35 0 5
      vertex 122.5 -10 5
    endloop
  endfacet
  facet normal 0 0 -1
    outer loop
      vertex 137.35 0 5
      vertex 122.5 10 5
      vertex 137.356 0.173318 5
    endloop
  endfacet
  facet normal 0 0 -1
    outer loop
      vertex 137.356 0.173318 5
      vertex 122.5 10 5
      vertex 137.373 0.345894 5
    endloop
  endfacet
  facet normal 0 0 -1
    outer loop
      vertex 137.373 0.345894 5
      vertex 122.5 10 5
      vertex 137.401 0.516989 5
    endloop
  endfacet
  facet normal 0 0 -1
    outer loop
      vertex 137.401 0.516989 5
      vertex 122.5 10 5
      vertex 137.44 0.68587 5
    endloop
  endfacet
  facet normal 0 0 -1
    outer loop
      vertex 138.008 1.74727 5
      vertex 122.5 10 5
      vertex 140 10 5
    endloop
  endfacet
  facet normal 0.227167 0.973856 -0
    outer loop
      vertex 142.588 9.65926 5
      vertex 141.951 9.80785 10.4
      vertex 142.588 9.65926 10.4
    endloop
  endfacet
  facet normal 0.227167 0.973856 0
    outer loop
      vertex 141.951 9.80785 10.4
      vertex 142.588 9.65926 5
      vertex 141.951 9.80785 5
    endloop
  endfacet
  facet normal 0 1 -0
    outer loop
      vertex 140 10 5
      vertex 137.4 10 10.4
      vertex 140 10 10.4
    endloop
  endfacet
  facet normal 0 1 0
    outer loop
      vertex 122.5 10 5
      vertex 137.4 10 10.4
      vertex 140 10 5
    endloop
  endfacet
  facet normal 0 1 0
    outer loop
      vertex 137.4 10 10.4
      vertex 122.5 10 5
      vertex 122.5 10 10.4
    endloop
  endfacet
  facet normal 0.162814 0.986657 -0
    outer loop
      vertex 141.951 9.80785 5
      vertex 141.305 9.91445 10.4
      vertex 141.951 9.80785 10.4
    endloop
  endfacet
  facet normal 0.162814 0.986657 0
    outer loop
      vertex 141.305 9.91445 10.4
      vertex 141.951 9.80785 5
      vertex 141.305 9.91445 5
    endloop
  endfacet
  facet normal 0.999485 -0.032092 0
    outer loop
      vertex 149.979 -0.654031 10.4
      vertex 150 0 5
      vertex 150 0 10.4
    endloop
  endfacet
  facet normal 0.999485 -0.032092 0
    outer loop
      vertex 150 0 5
      vertex 149.979 -0.654031 10.4
      vertex 149.979 -0.654031 5
    endloop
  endfacet
  facet normal 0 -1 0
    outer loop
      vertex 122.5 -10 5
      vertex 137.4 -10 10.4
      vertex 122.5 -10 10.4
    endloop
  endfacet
  facet normal 0 -1 0
    outer loop
      vertex 140 -10 5
      vertex 137.4 -10 10.4
      vertex 122.5 -10 5
    endloop
  endfacet
  facet normal 0 -1 0
    outer loop
      vertex 137.4 -10 10.4
      vertex 140 -10 5
      vertex 140 -10 10.4
    endloop
  endfacet
  facet normal 0.772366 0.635177 0
    outer loop
      vertex 147.934 6.08761 10.4
      vertex 147.518 6.59346 5
      vertex 147.518 6.59346 10.4
    endloop
  endfacet
  facet normal 0.772366 0.635177 0
    outer loop
      vertex 147.518 6.59346 5
      vertex 147.934 6.08761 10.4
      vertex 147.934 6.08761 5
    endloop
  endfacet
  facet normal 0.0980506 0.995181 -0
    outer loop
      vertex 141.305 9.91445 5
      vertex 140.654 9.97859 10.4
      vertex 141.305 9.91445 10.4
    endloop
  endfacet
  facet normal 0.0980506 0.995181 0
    outer loop
      vertex 140.654 9.97859 10.4
      vertex 141.305 9.91445 5
      vertex 140.654 9.97859 5
    endloop
  endfacet
  facet normal 0.290376 -0.956913 0
    outer loop
      vertex 142.588 -9.65926 5
      vertex 143.214 -9.4693 10.4
      vertex 142.588 -9.65926 10.4
    endloop
  endfacet
  facet normal 0.290376 -0.956913 0
    outer loop
      vertex 143.214 -9.4693 10.4
      vertex 142.588 -9.65926 5
      vertex 143.214 -9.4693 5
    endloop
  endfacet
  facet normal 0.730116 -0.683323 0
    outer loop
      vertex 147.071 -7.07107 10.4
      vertex 147.518 -6.59346 5
      vertex 147.518 -6.59346 10.4
    endloop
  endfacet
  facet normal 0.730116 -0.683323 0
    outer loop
      vertex 147.518 -6.59346 5
      vertex 147.071 -7.07107 10.4
      vertex 147.071 -7.07107 5
    endloop
  endfacet
  facet normal 0.772366 -0.635177 0
    outer loop
      vertex 147.518 -6.59346 10.4
      vertex 147.934 -6.08761 5
      vertex 147.934 -6.08761 10.4
    endloop
  endfacet
  facet normal 0.772366 -0.635177 0
    outer loop
      vertex 147.934 -6.08761 5
      vertex 147.518 -6.59346 10.4
      vertex 147.518 -6.59346 5
    endloop
  endfacet
  facet normal 0.881586 -0.472024 0
    outer loop
      vertex 148.66 -5 10.4
      vertex 148.969 -4.42289 5
      vertex 148.969 -4.42289 10.4
    endloop
  endfacet
  facet normal 0.881586 -0.472024 0
    outer loop
      vertex 148.969 -4.42289 5
      vertex 148.66 -5 10.4
      vertex 148.66 -5 5
    endloop
  endfacet
  facet normal 0.582421 0.812887 -0
    outer loop
      vertex 146.088 7.93353 5
      vertex 145.556 8.3147 10.4
      vertex 146.088 7.93353 10.4
    endloop
  endfacet
  facet normal 0.582421 0.812887 0
    outer loop
      vertex 145.556 8.3147 10.4
      vertex 146.088 7.93353 5
      vertex 145.556 8.3147 5
    endloop
  endfacet
  facet normal 0.0327195 0.999465 -0
    outer loop
      vertex 140.654 9.97859 5
      vertex 140 10 10.4
      vertex 140.654 9.97859 10.4
    endloop
  endfacet
  facet normal 0.0327195 0.999465 0
    outer loop
      vertex 140 10 10.4
      vertex 140.654 9.97859 5
      vertex 140 10 5
    endloop
  endfacet
  facet normal 0.986789 -0.162009 0
    outer loop
      vertex 149.808 -1.9509 10.4
      vertex 149.914 -1.30526 5
      vertex 149.914 -1.30526 10.4
    endloop
  endfacet
  facet normal 0.986789 -0.162009 0
    outer loop
      vertex 149.914 -1.30526 5
      vertex 149.808 -1.9509 10.4
      vertex 149.808 -1.9509 5
    endloop
  endfacet
  facet normal 0.227167 -0.973856 0
    outer loop
      vertex 141.951 -9.80785 5
      vertex 142.588 -9.65926 10.4
      vertex 141.951 -9.80785 10.4
    endloop
  endfacet
  facet normal 0.227167 -0.973856 0
    outer loop
      vertex 142.588 -9.65926 10.4
      vertex 141.951 -9.80785 5
      vertex 142.588 -9.65926 5
    endloop
  endfacet
  facet normal 0.471476 -0.881879 0
    outer loop
      vertex 144.423 -8.96873 5
      vertex 145 -8.66025 10.4
      vertex 144.423 -8.96873 10.4
    endloop
  endfacet
  facet normal 0.471476 -0.881879 0
    outer loop
      vertex 145 -8.66025 10.4
      vertex 144.423 -8.96873 5
      vertex 145 -8.66025 5
    endloop
  endfacet
  facet normal 0.995056 -0.0993178 0
    outer loop
      vertex 149.914 -1.30526 10.4
      vertex 149.979 -0.654031 5
      vertex 149.979 -0.654031 10.4
    endloop
  endfacet
  facet normal 0.995056 -0.0993178 0
    outer loop
      vertex 149.979 -0.654031 5
      vertex 149.914 -1.30526 10.4
      vertex 149.914 -1.30526 5
    endloop
  endfacet
  facet normal 0.0327195 -0.999465 0
    outer loop
      vertex 140 -10 5
      vertex 140.654 -9.97859 10.4
      vertex 140 -10 10.4
    endloop
  endfacet
  facet normal 0.0327195 -0.999465 0
    outer loop
      vertex 140.654 -9.97859 10.4
      vertex 140 -10 5
      vertex 140.654 -9.97859 5
    endloop
  endfacet
  facet normal 0.97374 0.227663 0
    outer loop
      vertex 149.808 1.9509 10.4
      vertex 149.659 2.58819 5
      vertex 149.659 2.58819 10.4
    endloop
  endfacet
  facet normal 0.97374 0.227663 0
    outer loop
      vertex 149.659 2.58819 5
      vertex 149.808 1.9509 10.4
      vertex 149.808 1.9509 5
    endloop
  endfacet
  facet normal 0.995056 0.0993178 0
    outer loop
      vertex 149.979 0.654031 10.4
      vertex 149.914 1.30526 5
      vertex 149.914 1.30526 10.4
    endloop
  endfacet
  facet normal 0.995056 0.0993178 0
    outer loop
      vertex 149.914 1.30526 5
      vertex 149.979 0.654031 10.4
      vertex 149.979 0.654031 5
    endloop
  endfacet
  facet normal 0 0 1
    outer loop
      vertex 144.7 0 10.4
      vertex 150 0 10.4
      vertex 149.979 0.654031 10.4
    endloop
  endfacet
  facet normal 0 0 1
    outer loop
      vertex 144.7 0 10.4
      vertex 149.979 0.654031 10.4
      vertex 149.914 1.30526 10.4
    endloop
  endfacet
  facet normal 0 0 1
    outer loop
      vertex 150 0 10.4
      vertex 144.7 0 10.4
      vertex 149.979 -0.654031 10.4
    endloop
  endfacet
  facet normal 0 0 1
    outer loop
      vertex 144.7 0 10.4
      vertex 149.914 1.30526 10.4
      vertex 149.808 1.9509 10.4
    endloop
  endfacet
  facet normal 0 0 1
    outer loop
      vertex 149.979 -0.654031 10.4
      vertex 144.7 0 10.4
      vertex 149.914 -1.30526 10.4
    endloop
  endfacet
  facet normal 0 0 1
    outer loop
      vertex 144.7 0 10.4
      vertex 149.808 1.9509 10.4
      vertex 149.659 2.58819 10.4
    endloop
  endfacet
  facet normal 0 0 1
    outer loop
      vertex 149.914 -1.30526 10.4
      vertex 144.7 0 10.4
      vertex 149.808 -1.9509 10.4
    endloop
  endfacet
  facet normal 0 0 1
    outer loop
      vertex 144.7 0 10.4
      vertex 149.659 2.58819 10.4
      vertex 149.469 3.21439 10.4
    endloop
  endfacet
  facet normal 0 0 1
    outer loop
      vertex 149.808 -1.9509 10.4
      vertex 144.7 0 10.4
      vertex 149.659 -2.58819 10.4
    endloop
  endfacet
  facet normal 0 0 1
    outer loop
      vertex 144.7 0 10.4
      vertex 149.469 3.21439 10.4
      vertex 149.239 3.82683 10.4
    endloop
  endfacet
  facet normal 0 0 1
    outer loop
      vertex 149.659 -2.58819 10.4
      vertex 144.7 0 10.4
      vertex 149.469 -3.21439 10.4
    endloop
  endfacet
  facet normal 0 0 1
    outer loop
      vertex 144.7 0 10.4
      vertex 149.239 3.82683 10.4
      vertex 148.969 4.42289 10.4
    endloop
  endfacet
  facet normal 0 0 1
    outer loop
      vertex 149.469 -3.21439 10.4
      vertex 144.7 0 10.4
      vertex 149.239 -3.82683 10.4
    endloop
  endfacet
  facet normal 0 0 1
    outer loop
      vertex 144.7 0 10.4
      vertex 148.969 4.42289 10.4
      vertex 148.66 5 10.4
    endloop
  endfacet
  facet normal 0 0 1
    outer loop
      vertex 149.239 -3.82683 10.4
      vertex 144.7 0 10.4
      vertex 148.969 -4.42289 10.4
    endloop
  endfacet
  facet normal 0 0 1
    outer loop
      vertex 142.35 4.07032 10.4
      vertex 148.66 5 10.4
      vertex 148.315 5.5557 10.4
    endloop
  endfacet
  facet normal 0 0 1
    outer loop
      vertex 148.969 -4.42289 10.4
      vertex 144.7 0 10.4
      vertex 148.66 -5 10.4
    endloop
  endfacet
  facet normal 0 0 1
    outer loop
      vertex 142.35 4.07032 10.4
      vertex 148.315 5.5557 10.4
      vertex 147.934 6.08761 10.4
    endloop
  endfacet
  facet normal -0 0 1
    outer loop
      vertex 142.35 -4.07032 10.4
      vertex 148.66 -5 10.4
      vertex 144.7 0 10.4
    endloop
  endfacet
  facet normal 0 0 1
    outer loop
      vertex 142.35 4.07032 10.4
      vertex 147.934 6.08761 10.4
      vertex 147.518 6.59346 10.4
    endloop
  endfacet
  facet normal 0 0 1
    outer loop
      vertex 148.66 -5 10.4
      vertex 142.35 -4.07032 10.4
      vertex 148.315 -5.5557 10.4
    endloop
  endfacet
  facet normal 0 0 1
    outer loop
      vertex 142.35 4.07032 10.4
      vertex 147.518 6.59346 10.4
      vertex 147.071 7.07107 10.4
    endloop
  endfacet
  facet normal 0 0 1
    outer loop
      vertex 148.315 -5.5557 10.4
      vertex 142.35 -4.07032 10.4
      vertex 147.934 -6.08761 10.4
    endloop
  endfacet
  facet normal 0 0 1
    outer loop
      vertex 142.35 4.07032 10.4
      vertex 147.071 7.07107 10.4
      vertex 146.593 7.5184 10.4
    endloop
  endfacet
  facet normal 0 0 1
    outer loop
      vertex 147.934 -6.08761 10.4
      vertex 142.35 -4.07032 10.4
      vertex 147.518 -6.59346 10.4
    endloop
  endfacet
  facet normal 0 0 1
    outer loop
      vertex 142.35 4.07032 10.4
      vertex 146.593 7.5184 10.4
      vertex 146.088 7.93353 10.4
    endloop
  endfacet
  facet normal 0 0 1
    outer loop
      vertex 147.518 -6.59346 10.4
      vertex 142.35 -4.07032 10.4
      vertex 147.071 -7.07107 10.4
    endloop
  endfacet
  facet normal 0 0 1
    outer loop
      vertex 142.35 4.07032 10.4
      vertex 146.088 7.93353 10.4
      vertex 145.556 8.3147 10.4
    endloop
  endfacet
  facet normal 0 0 1
    outer loop
      vertex 147.071 -7.07107 10.4
      vertex 142.35 -4.07032 10.4
      vertex 146.593 -7.5184 10.4
    endloop
  endfacet
  facet normal 0 0 1
    outer loop
      vertex 142.35 4.07032 10.4
      vertex 145.556 8.3147 10.4
      vertex 145 8.66025 10.4
    endloop
  endfacet
  facet normal 0 0 1
    outer loop
      vertex 146.593 -7.5184 10.4
      vertex 142.35 -4.07032 10.4
      vertex 146.088 -7.93353 10.4
    endloop
  endfacet
  facet normal 0 0 1
    outer loop
      vertex 146.088 -7.93353 10.4
      vertex 142.35 -4.07032 10.4
      vertex 145.556 -8.3147 10.4
    endloop
  endfacet
  facet normal 0 0 1
    outer loop
      vertex 142.35 4.07032 10.4
      vertex 145 8.66025 10.4
      vertex 144.423 8.96873 10.4
    endloop
  endfacet
  facet normal 0 0 1
    outer loop
      vertex 142.35 4.07032 10.4
      vertex 144.423 8.96873 10.4
      vertex 143.827 9.2388 10.4
    endloop
  endfacet
  facet normal 0 0 1
    outer loop
      vertex 142.35 4.07032 10.4
      vertex 143.827 9.2388 10.4
      vertex 143.214 9.4693 10.4
    endloop
  endfacet
  facet normal 0 0 1
    outer loop
      vertex 142.35 4.07032 10.4
      vertex 143.214 9.4693 10.4
      vertex 142.588 9.65926 10.4
    endloop
  endfacet
  facet normal 0 0 1
    outer loop
      vertex 148.66 5 10.4
      vertex 142.35 4.07032 10.4
      vertex 144.7 0 10.4
    endloop
  endfacet
  facet normal 0 0 1
    outer loop
      vertex 141.951 9.80785 10.4
      vertex 142.35 4.07032 10.4
      vertex 142.588 9.65926 10.4
    endloop
  endfacet
  facet normal 0 0 1
    outer loop
      vertex 141.305 9.91445 10.4
      vertex 142.35 4.07032 10.4
      vertex 141.951 9.80785 10.4
    endloop
  endfacet
  facet normal 0 0 1
    outer loop
      vertex 140.654 9.97859 10.4
      vertex 142.35 4.07032 10.4
      vertex 141.305 9.91445 10.4
    endloop
  endfacet
  facet normal 0 0 1
    outer loop
      vertex 140 10 10.4
      vertex 142.35 4.07032 10.4
      vertex 140.654 9.97859 10.4
    endloop
  endfacet
  facet normal 0 0 1
    outer loop
      vertex 140 10 10.4
      vertex 137.65 4.07032 10.4
      vertex 142.35 4.07032 10.4
    endloop
  endfacet
  facet normal -0 0 1
    outer loop
      vertex 137.4 10 10.4
      vertex 137.65 4.07032 10.4
      vertex 140 10 10.4
    endloop
  endfacet
  facet normal 0 0 1
    outer loop
      vertex 137.65 4.07032 10.4
      vertex 137.4 10 10.4
      vertex 137.4 3.63731 10.4
    endloop
  endfacet
  facet normal 0 0 1
    outer loop
      vertex 145.556 -8.3147 10.4
      vertex 142.35 -4.07032 10.4
      vertex 145 -8.66025 10.4
    endloop
  endfacet
  facet normal 0 0 1
    outer loop
      vertex 145 -8.66025 10.4
      vertex 142.35 -4.07032 10.4
      vertex 144.423 -8.96873 10.4
    endloop
  endfacet
  facet normal 0 0 1
    outer loop
      vertex 144.423 -8.96873 10.4
      vertex 142.35 -4.07032 10.4
      vertex 143.827 -9.2388 10.4
    endloop
  endfacet
  facet normal 0 0 1
    outer loop
      vertex 143.827 -9.2388 10.4
      vertex 142.35 -4.07032 10.4
      vertex 143.214 -9.4693 10.4
    endloop
  endfacet
  facet normal 0 0 1
    outer loop
      vertex 143.214 -9.4693 10.4
      vertex 142.35 -4.07032 10.4
      vertex 142.588 -9.65926 10.4
    endloop
  endfacet
  facet normal 0 0 1
    outer loop
      vertex 142.35 -4.07032 10.4
      vertex 141.951 -9.80785 10.4
      vertex 142.588 -9.65926 10.4
    endloop
  endfacet
  facet normal 0 0 1
    outer loop
      vertex 142.35 -4.07032 10.4
      vertex 141.305 -9.91445 10.4
      vertex 141.951 -9.80785 10.4
    endloop
  endfacet
  facet normal 0 0 1
    outer loop
      vertex 142.35 -4.07032 10.4
      vertex 140.654 -9.97859 10.4
      vertex 141.305 -9.91445 10.4
    endloop
  endfacet
  facet normal 0 0 1
    outer loop
      vertex 142.35 -4.07032 10.4
      vertex 140 -10 10.4
      vertex 140.654 -9.97859 10.4
    endloop
  endfacet
  facet normal -0 0 1
    outer loop
      vertex 137.65 -4.07032 10.4
      vertex 140 -10 10.4
      vertex 142.35 -4.07032 10.4
    endloop
  endfacet
  facet normal 0 0 1
    outer loop
      vertex 137.4 -10 10.4
      vertex 137.65 -4.07032 10.4
      vertex 137.4 -3.63731 10.4
    endloop
  endfacet
  facet normal 0 0 1
    outer loop
      vertex 137.65 -4.07032 10.4
      vertex 137.4 -10 10.4
      vertex 140 -10 10.4
    endloop
  endfacet
  facet normal -0 0 1
    outer loop
      vertex 122.5 10 10.4
      vertex 137.4 3.63731 10.4
      vertex 137.4 10 10.4
    endloop
  endfacet
  facet normal 0 0 1
    outer loop
      vertex 137.4 3.63731 10.4
      vertex 122.5 10 10.4
      vertex 135.3 0 10.4
    endloop
  endfacet
  facet normal 0 0 1
    outer loop
      vertex 122.5 -10 10.4
      vertex 137.4 -3.63731 10.4
      vertex 135.3 0 10.4
    endloop
  endfacet
  facet normal 0 0 1
    outer loop
      vertex 122.5 -10 10.4
      vertex 135.3 0 10.4
      vertex 122.5 10 10.4
    endloop
  endfacet
  facet normal 0 0 1
    outer loop
      vertex 137.4 -3.63731 10.4
      vertex 122.5 -10 10.4
      vertex 137.4 -10 10.4
    endloop
  endfacet
  facet normal -0 0 1
    outer loop
      vertex 102.4 10.35 10.4
      vertex 122.5 10 10.4
      vertex 122.5 10.35 10.4
    endloop
  endfacet
  facet normal 0 0 1
    outer loop
      vertex 122.5 10 10.4
      vertex 102.4 10.35 10.4
      vertex 122.5 -10 10.4
    endloop
  endfacet
  facet normal 0 0 1
    outer loop
      vertex 102.4 -10.35 10.4
      vertex 122.5 -10 10.4
      vertex 102.4 10.35 10.4
    endloop
  endfacet
  facet normal 0 0 1
    outer loop
      vertex 122.5 -10 10.4
      vertex 102.4 -10.35 10.4
      vertex 122.5 -10.35 10.4
    endloop
  endfacet
  facet normal 0.999485 0.032092 0
    outer loop
      vertex 150 0 10.4
      vertex 149.979 0.654031 5
      vertex 149.979 0.654031 10.4
    endloop
  endfacet
  facet normal 0.999485 0.032092 0
    outer loop
      vertex 149.979 0.654031 5
      vertex 150 0 10.4
      vertex 150 0 5
    endloop
  endfacet
  facet normal 0.0980506 -0.995181 0
    outer loop
      vertex 140.654 -9.97859 5
      vertex 141.305 -9.91445 10.4
      vertex 140.654 -9.97859 10.4
    endloop
  endfacet
  facet normal 0.0980506 -0.995181 0
    outer loop
      vertex 141.305 -9.91445 10.4
      vertex 140.654 -9.97859 5
      vertex 141.305 -9.91445 5
    endloop
  endfacet
  facet normal 0.41274 -0.910849 0
    outer loop
      vertex 143.827 -9.2388 5
      vertex 144.423 -8.96873 10.4
      vertex 143.827 -9.2388 10.4
    endloop
  endfacet
  facet normal 0.41274 -0.910849 0
    outer loop
      vertex 144.423 -8.96873 10.4
      vertex 143.827 -9.2388 5
      vertex 144.423 -8.96873 5
    endloop
  endfacet
  facet normal 0.35196 -0.936015 0
    outer loop
      vertex 143.214 -9.4693 5
      vertex 143.827 -9.2388 10.4
      vertex 143.214 -9.4693 10.4
    endloop
  endfacet
  facet normal 0.35196 -0.936015 0
    outer loop
      vertex 143.827 -9.2388 10.4
      vertex 143.214 -9.4693 5
      vertex 143.827 -9.2388 5
    endloop
  endfacet
  facet normal 0.635021 -0.772495 0
    outer loop
      vertex 146.088 -7.93353 5
      vertex 146.593 -7.5184 10.4
      vertex 146.088 -7.93353 10.4
    endloop
  endfacet
  facet normal 0.635021 -0.772495 0
    outer loop
      vertex 146.593 -7.5184 10.4
      vertex 146.088 -7.93353 5
      vertex 146.593 -7.5184 5
    endloop
  endfacet
  facet normal 0.527855 -0.849334 0
    outer loop
      vertex 145 -8.66025 5
      vertex 145.556 -8.3147 10.4
      vertex 145 -8.66025 10.4
    endloop
  endfacet
  facet normal 0.527855 -0.849334 0
    outer loop
      vertex 145.556 -8.3147 10.4
      vertex 145 -8.66025 5
      vertex 145.556 -8.3147 5
    endloop
  endfacet
  facet normal 0.582421 -0.812887 0
    outer loop
      vertex 145.556 -8.3147 5
      vertex 146.088 -7.93353 10.4
      vertex 145.556 -8.3147 10.4
    endloop
  endfacet
  facet normal 0.582421 -0.812887 0
    outer loop
      vertex 146.088 -7.93353 10.4
      vertex 145.556 -8.3147 5
      vertex 146.088 -7.93353 5
    endloop
  endfacet
  facet normal 0.956922 -0.290347 0
    outer loop
      vertex 149.469 -3.21439 10.4
      vertex 149.659 -2.58819 5
      vertex 149.659 -2.58819 10.4
    endloop
  endfacet
  facet normal 0.956922 -0.290347 0
    outer loop
      vertex 149.659 -2.58819 5
      vertex 149.469 -3.21439 10.4
      vertex 149.469 -3.21439 5
    endloop
  endfacet
  facet normal 0.812963 -0.582315 0
    outer loop
      vertex 147.934 -6.08761 10.4
      vertex 148.315 -5.5557 5
      vertex 148.315 -5.5557 10.4
    endloop
  endfacet
  facet normal 0.812963 -0.582315 0
    outer loop
      vertex 148.315 -5.5557 5
      vertex 147.934 -6.08761 10.4
      vertex 147.934 -6.08761 5
    endloop
  endfacet
  facet normal 0.936161 -0.351572 0
    outer loop
      vertex 149.239 -3.82683 10.4
      vertex 149.469 -3.21439 5
      vertex 149.469 -3.21439 10.4
    endloop
  endfacet
  facet normal 0.936161 -0.351572 0
    outer loop
      vertex 149.469 -3.21439 5
      vertex 149.239 -3.82683 10.4
      vertex 149.239 -3.82683 5
    endloop
  endfacet
  facet normal 0.910905 -0.412617 0
    outer loop
      vertex 148.969 -4.42289 10.4
      vertex 149.239 -3.82683 5
      vertex 149.239 -3.82683 10.4
    endloop
  endfacet
  facet normal 0.910905 -0.412617 0
    outer loop
      vertex 149.239 -3.82683 5
      vertex 148.969 -4.42289 10.4
      vertex 148.969 -4.42289 5
    endloop
  endfacet
  facet normal 0.881586 0.472024 0
    outer loop
      vertex 148.969 4.42289 10.4
      vertex 148.66 5 5
      vertex 148.66 5 10.4
    endloop
  endfacet
  facet normal 0.881586 0.472024 0
    outer loop
      vertex 148.66 5 5
      vertex 148.969 4.42289 10.4
      vertex 148.969 4.42289 5
    endloop
  endfacet
  facet normal 0.956922 0.290347 0
    outer loop
      vertex 149.659 2.58819 10.4
      vertex 149.469 3.21439 5
      vertex 149.469 3.21439 10.4
    endloop
  endfacet
  facet normal 0.956922 0.290347 0
    outer loop
      vertex 149.469 3.21439 5
      vertex 149.659 2.58819 10.4
      vertex 149.659 2.58819 5
    endloop
  endfacet
  facet normal 0.635021 0.772495 -0
    outer loop
      vertex 146.593 7.5184 5
      vertex 146.088 7.93353 10.4
      vertex 146.593 7.5184 10.4
    endloop
  endfacet
  facet normal 0.635021 0.772495 0
    outer loop
      vertex 146.088 7.93353 10.4
      vertex 146.593 7.5184 5
      vertex 146.088 7.93353 5
    endloop
  endfacet
  facet normal 0.290376 0.956913 -0
    outer loop
      vertex 143.214 9.4693 5
      vertex 142.588 9.65926 10.4
      vertex 143.214 9.4693 10.4
    endloop
  endfacet
  facet normal 0.290376 0.956913 0
    outer loop
      vertex 142.588 9.65926 10.4
      vertex 143.214 9.4693 5
      vertex 142.588 9.65926 5
    endloop
  endfacet
  facet normal 0.471476 0.881879 -0
    outer loop
      vertex 145 8.66025 5
      vertex 144.423 8.96873 10.4
      vertex 145 8.66025 10.4
    endloop
  endfacet
  facet normal 0.471476 0.881879 0
    outer loop
      vertex 144.423 8.96873 10.4
      vertex 145 8.66025 5
      vertex 144.423 8.96873 5
    endloop
  endfacet
  facet normal 0.527855 0.849334 -0
    outer loop
      vertex 145.556 8.3147 5
      vertex 145 8.66025 10.4
      vertex 145.556 8.3147 10.4
    endloop
  endfacet
  facet normal 0.527855 0.849334 0
    outer loop
      vertex 145 8.66025 10.4
      vertex 145.556 8.3147 5
      vertex 145 8.66025 5
    endloop
  endfacet
  facet normal 0.162814 -0.986657 0
    outer loop
      vertex 141.305 -9.91445 5
      vertex 141.951 -9.80785 10.4
      vertex 141.305 -9.91445 10.4
    endloop
  endfacet
  facet normal 0.162814 -0.986657 0
    outer loop
      vertex 141.951 -9.80785 10.4
      vertex 141.305 -9.91445 5
      vertex 141.951 -9.80785 5
    endloop
  endfacet
  facet normal 0.683295 -0.730143 0
    outer loop
      vertex 146.593 -7.5184 5
      vertex 147.071 -7.07107 10.4
      vertex 146.593 -7.5184 10.4
    endloop
  endfacet
  facet normal 0.683295 -0.730143 0
    outer loop
      vertex 147.071 -7.07107 10.4
      vertex 146.593 -7.5184 5
      vertex 147.071 -7.07107 5
    endloop
  endfacet
  facet normal 0.97374 -0.227663 0
    outer loop
      vertex 149.659 -2.58819 10.4
      vertex 149.808 -1.9509 5
      vertex 149.808 -1.9509 10.4
    endloop
  endfacet
  facet normal 0.97374 -0.227663 0
    outer loop
      vertex 149.808 -1.9509 5
      vertex 149.659 -2.58819 10.4
      vertex 149.659 -2.58819 5
    endloop
  endfacet
  facet normal 0.849583 -0.527454 0
    outer loop
      vertex 148.315 -5.5557 10.4
      vertex 148.66 -5 5
      vertex 148.66 -5 10.4
    endloop
  endfacet
  facet normal 0.849583 -0.527454 0
    outer loop
      vertex 148.66 -5 5
      vertex 148.315 -5.5557 10.4
      vertex 148.315 -5.5557 5
    endloop
  endfacet
  facet normal 0.849583 0.527454 0
    outer loop
      vertex 148.66 5 10.4
      vertex 148.315 5.5557 5
      vertex 148.315 5.5557 10.4
    endloop
  endfacet
  facet normal 0.849583 0.527454 0
    outer loop
      vertex 148.315 5.5557 5
      vertex 148.66 5 10.4
      vertex 148.66 5 5
    endloop
  endfacet
  facet normal 0.936161 0.351572 0
    outer loop
      vertex 149.469 3.21439 10.4
      vertex 149.239 3.82683 5
      vertex 149.239 3.82683 10.4
    endloop
  endfacet
  facet normal 0.936161 0.351572 0
    outer loop
      vertex 149.239 3.82683 5
      vertex 149.469 3.21439 10.4
      vertex 149.469 3.21439 5
    endloop
  endfacet
  facet normal 0.986789 0.162009 0
    outer loop
      vertex 149.914 1.30526 10.4
      vertex 149.808 1.9509 5
      vertex 149.808 1.9509 10.4
    endloop
  endfacet
  facet normal 0.986789 0.162009 0
    outer loop
      vertex 149.808 1.9509 5
      vertex 149.914 1.30526 10.4
      vertex 149.914 1.30526 5
    endloop
  endfacet
  facet normal 0.910905 0.412617 0
    outer loop
      vertex 149.239 3.82683 10.4
      vertex 148.969 4.42289 5
      vertex 148.969 4.42289 10.4
    endloop
  endfacet
  facet normal 0.910905 0.412617 0
    outer loop
      vertex 148.969 4.42289 5
      vertex 149.239 3.82683 10.4
      vertex 149.239 3.82683 5
    endloop
  endfacet
  facet normal 0.812963 0.582315 0
    outer loop
      vertex 148.315 5.5557 10.4
      vertex 147.934 6.08761 5
      vertex 147.934 6.08761 10.4
    endloop
  endfacet
  facet normal 0.812963 0.582315 0
    outer loop
      vertex 147.934 6.08761 5
      vertex 148.315 5.5557 10.4
      vertex 148.315 5.5557 5
    endloop
  endfacet
  facet normal 0.35196 0.936015 -0
    outer loop
      vertex 143.827 9.2388 5
      vertex 143.214 9.4693 10.4
      vertex 143.827 9.2388 10.4
    endloop
  endfacet
  facet normal 0.35196 0.936015 0
    outer loop
      vertex 143.214 9.4693 10.4
      vertex 143.827 9.2388 5
      vertex 143.214 9.4693 5
    endloop
  endfacet
  facet normal 0.41274 0.910849 -0
    outer loop
      vertex 144.423 8.96873 5
      vertex 143.827 9.2388 10.4
      vertex 144.423 8.96873 10.4
    endloop
  endfacet
  facet normal 0.41274 0.910849 0
    outer loop
      vertex 143.827 9.2388 10.4
      vertex 144.423 8.96873 5
      vertex 143.827 9.2388 5
    endloop
  endfacet
  facet normal 0.730116 0.683323 0
    outer loop
      vertex 147.518 6.59346 10.4
      vertex 147.071 7.07107 5
      vertex 147.071 7.07107 10.4
    endloop
  endfacet
  facet normal 0.730116 0.683323 0
    outer loop
      vertex 147.071 7.07107 5
      vertex 147.518 6.59346 10.4
      vertex 147.518 6.59346 5
    endloop
  endfacet
  facet normal 0.683295 0.730143 -0
    outer loop
      vertex 147.071 7.07107 5
      vertex 146.593 7.5184 10.4
      vertex 147.071 7.07107 10.4
    endloop
  endfacet
  facet normal 0.683295 0.730143 0
    outer loop
      vertex 146.593 7.5184 10.4
      vertex 147.071 7.07107 5
      vertex 146.593 7.5184 5
    endloop
  endfacet
  facet normal -0.986828 -0.161775 0
    outer loop
      vertex 116.685 -18.2781 0
      vertex 116.667 -18.1683 31
      vertex 116.667 -18.1683 0
    endloop
  endfacet
  facet normal -0.986828 -0.161775 0
    outer loop
      vertex 116.667 -18.1683 31
      vertex 116.685 -18.2781 0
      vertex 116.685 -18.2781 31
    endloop
  endfacet
  facet normal -0.999354 -0.035948 0
    outer loop
      vertex 116.7 -18.5 0
      vertex 116.696 -18.3888 31
      vertex 116.696 -18.3888 0
    endloop
  endfacet
  facet normal -0.999354 -0.035948 0
    outer loop
      vertex 116.696 -18.3888 31
      vertex 116.7 -18.5 0
      vertex 116.7 -18.5 31
    endloop
  endfacet
  facet normal 0.999354 -0.035948 0
    outer loop
      vertex 113.3 -18.5 31
      vertex 113.304 -18.3888 0
      vertex 113.304 -18.3888 31
    endloop
  endfacet
  facet normal 0.999354 -0.035948 0
    outer loop
      vertex 113.304 -18.3888 0
      vertex 113.3 -18.5 31
      vertex 113.3 -18.5 0
    endloop
  endfacet
  facet normal -0.0324154 -0.999474 0
    outer loop
      vertex 115 -16.8 0
      vertex 115.111 -16.8036 31
      vertex 115 -16.8 31
    endloop
  endfacet
  facet normal -0.0324154 -0.999474 -0
    outer loop
      vertex 115.111 -16.8036 31
      vertex 115 -16.8 0
      vertex 115.111 -16.8036 0
    endloop
  endfacet
  facet normal -0.684241 -0.729256 0
    outer loop
      vertex 116.121 -17.2219 0
      vertex 116.202 -17.2979 31
      vertex 116.121 -17.2219 31
    endloop
  endfacet
  facet normal -0.684241 -0.729256 -0
    outer loop
      vertex 116.202 -17.2979 31
      vertex 116.121 -17.2219 0
      vertex 116.202 -17.2979 0
    endloop
  endfacet
  facet normal 0.684241 -0.729256 0
    outer loop
      vertex 113.798 -17.2979 0
      vertex 113.879 -17.2219 31
      vertex 113.798 -17.2979 31
    endloop
  endfacet
  facet normal 0.684241 -0.729256 0
    outer loop
      vertex 113.879 -17.2219 31
      vertex 113.798 -17.2979 0
      vertex 113.879 -17.2219 0
    endloop
  endfacet
  facet normal 0.349754 -0.936842 0
    outer loop
      vertex 114.349 -16.9294 0
      vertex 114.454 -16.8902 31
      vertex 114.349 -16.9294 31
    endloop
  endfacet
  facet normal 0.349754 -0.936842 0
    outer loop
      vertex 114.454 -16.8902 31
      vertex 114.349 -16.9294 0
      vertex 114.454 -16.8902 0
    endloop
  endfacet
  facet normal -0.91052 -0.413464 0
    outer loop
      vertex 116.571 -17.8494 0
      vertex 116.525 -17.7481 31
      vertex 116.525 -17.7481 0
    endloop
  endfacet
  facet normal -0.91052 -0.413464 0
    outer loop
      vertex 116.525 -17.7481 31
      vertex 116.571 -17.8494 0
      vertex 116.571 -17.8494 31
    endloop
  endfacet
  facet normal -0.413735 -0.910397 0
    outer loop
      vertex 115.651 -16.9294 0
      vertex 115.752 -16.9753 31
      vertex 115.651 -16.9294 31
    endloop
  endfacet
  facet normal -0.413735 -0.910397 -0
    outer loop
      vertex 115.752 -16.9753 31
      vertex 115.651 -16.9294 0
      vertex 115.752 -16.9753 0
    endloop
  endfacet
  facet normal -0.580052 -0.814579 0
    outer loop
      vertex 115.944 -17.0865 0
      vertex 116.035 -17.1513 31
      vertex 115.944 -17.0865 31
    endloop
  endfacet
  facet normal -0.580052 -0.814579 -0
    outer loop
      vertex 116.035 -17.1513 31
      vertex 115.944 -17.0865 0
      vertex 116.035 -17.1513 0
    endloop
  endfacet
  facet normal 0.91052 -0.413464 0
    outer loop
      vertex 113.429 -17.8494 31
      vertex 113.475 -17.7481 0
      vertex 113.475 -17.7481 31
    endloop
  endfacet
  facet normal 0.91052 -0.413464 0
    outer loop
      vertex 113.475 -17.7481 0
      vertex 113.429 -17.8494 31
      vertex 113.429 -17.8494 0
    endloop
  endfacet
  facet normal 0.163235 -0.986587 0
    outer loop
      vertex 114.668 -16.8327 0
      vertex 114.778 -16.8145 31
      vertex 114.668 -16.8327 31
    endloop
  endfacet
  facet normal 0.163235 -0.986587 0
    outer loop
      vertex 114.778 -16.8145 31
      vertex 114.668 -16.8327 0
      vertex 114.778 -16.8145 0
    endloop
  endfacet
  facet normal 0.730098 0.683343 0
    outer loop
      vertex 113.798 -19.7021 31
      vertex 113.722 -19.6209 0
      vertex 113.722 -19.6209 31
    endloop
  endfacet
  facet normal 0.730098 0.683343 0
    outer loop
      vertex 113.722 -19.6209 0
      vertex 113.798 -19.7021 31
      vertex 113.798 -19.7021 0
    endloop
  endfacet
  facet normal 0.957628 0.288008 0
    outer loop
      vertex 113.39 -19.0464 31
      vertex 113.358 -18.94 0
      vertex 113.358 -18.94 31
    endloop
  endfacet
  facet normal 0.957628 0.288008 0
    outer loop
      vertex 113.358 -18.94 0
      vertex 113.39 -19.0464 31
      vertex 113.39 -19.0464 0
    endloop
  endfacet
  facet normal -0.974376 -0.224925 0
    outer loop
      vertex 116.667 -18.1683 0
      vertex 116.642 -18.06 31
      vertex 116.642 -18.06 0
    endloop
  endfacet
  facet normal -0.974376 -0.224925 0
    outer loop
      vertex 116.642 -18.06 31
      vertex 116.667 -18.1683 0
      vertex 116.667 -18.1683 31
    endloop
  endfacet
  facet normal -0.816166 -0.577817 0
    outer loop
      vertex 116.413 -17.5555 0
      vertex 116.349 -17.4651 31
      vertex 116.349 -17.4651 0
    endloop
  endfacet
  facet normal -0.816166 -0.577817 0
    outer loop
      vertex 116.349 -17.4651 31
      vertex 116.413 -17.5555 0
      vertex 116.413 -17.5555 31
    endloop
  endfacet
  facet normal -0.771153 -0.63665 0
    outer loop
      vertex 116.349 -17.4651 0
      vertex 116.278 -17.3791 31
      vertex 116.278 -17.3791 0
    endloop
  endfacet
  facet normal -0.771153 -0.63665 0
    outer loop
      vertex 116.278 -17.3791 31
      vertex 116.349 -17.4651 0
      vertex 116.349 -17.4651 31
    endloop
  endfacet
  facet normal -0.879808 -0.475329 0
    outer loop
      vertex 116.525 -17.7481 0
      vertex 116.472 -17.65 31
      vertex 116.472 -17.65 0
    endloop
  endfacet
  facet normal -0.879808 -0.475329 0
    outer loop
      vertex 116.472 -17.65 31
      vertex 116.525 -17.7481 0
      vertex 116.525 -17.7481 31
    endloop
  endfacet
  facet normal -0.22723 -0.973841 0
    outer loop
      vertex 115.332 -16.8327 0
      vertex 115.44 -16.8579 31
      vertex 115.332 -16.8327 31
    endloop
  endfacet
  facet normal -0.22723 -0.973841 -0
    outer loop
      vertex 115.44 -16.8579 31
      vertex 115.332 -16.8327 0
      vertex 115.44 -16.8579 0
    endloop
  endfacet
  facet normal -0.291485 -0.956575 0
    outer loop
      vertex 115.44 -16.8579 0
      vertex 115.546 -16.8902 31
      vertex 115.44 -16.8579 31
    endloop
  endfacet
  facet normal -0.291485 -0.956575 -0
    outer loop
      vertex 115.546 -16.8902 31
      vertex 115.44 -16.8579 0
      vertex 115.546 -16.8902 0
    endloop
  endfacet
  facet normal -0.0977281 -0.995213 0
    outer loop
      vertex 115.111 -16.8036 0
      vertex 115.222 -16.8145 31
      vertex 115.111 -16.8036 31
    endloop
  endfacet
  facet normal -0.0977281 -0.995213 -0
    outer loop
      vertex 115.222 -16.8145 31
      vertex 115.111 -16.8036 0
      vertex 115.222 -16.8145 0
    endloop
  endfacet
  facet normal -0.472221 -0.88148 0
    outer loop
      vertex 115.752 -16.9753 0
      vertex 115.85 -17.0278 31
      vertex 115.752 -16.9753 31
    endloop
  endfacet
  facet normal -0.472221 -0.88148 -0
    outer loop
      vertex 115.85 -17.0278 31
      vertex 115.752 -16.9753 0
      vertex 115.85 -17.0278 0
    endloop
  endfacet
  facet normal -0.634509 -0.772915 0
    outer loop
      vertex 116.035 -17.1513 0
      vertex 116.121 -17.2219 31
      vertex 116.035 -17.1513 31
    endloop
  endfacet
  facet normal -0.634509 -0.772915 -0
    outer loop
      vertex 116.121 -17.2219 31
      vertex 116.035 -17.1513 0
      vertex 116.121 -17.2219 0
    endloop
  endfacet
  facet normal 0.974376 -0.224925 0
    outer loop
      vertex 113.333 -18.1683 31
      vertex 113.358 -18.06 0
      vertex 113.358 -18.06 31
    endloop
  endfacet
  facet normal 0.974376 -0.224925 0
    outer loop
      vertex 113.358 -18.06 0
      vertex 113.333 -18.1683 31
      vertex 113.333 -18.1683 0
    endloop
  endfacet
  facet normal 0.771153 -0.63665 0
    outer loop
      vertex 113.651 -17.4651 31
      vertex 113.722 -17.3791 0
      vertex 113.722 -17.3791 31
    endloop
  endfacet
  facet normal 0.771153 -0.63665 0
    outer loop
      vertex 113.722 -17.3791 0
      vertex 113.651 -17.4651 31
      vertex 113.651 -17.4651 0
    endloop
  endfacet
  facet normal 0.730098 -0.683343 0
    outer loop
      vertex 113.722 -17.3791 31
      vertex 113.798 -17.2979 0
      vertex 113.798 -17.2979 31
    endloop
  endfacet
  facet normal 0.730098 -0.683343 0
    outer loop
      vertex 113.798 -17.2979 0
      vertex 113.722 -17.3791 31
      vertex 113.722 -17.3791 0
    endloop
  endfacet
  facet normal 0.957628 -0.288008 0
    outer loop
      vertex 113.358 -18.06 31
      vertex 113.39 -17.9536 0
      vertex 113.39 -17.9536 31
    endloop
  endfacet
  facet normal 0.957628 -0.288008 0
    outer loop
      vertex 113.39 -17.9536 0
      vertex 113.358 -18.06 31
      vertex 113.358 -18.06 0
    endloop
  endfacet
  facet normal 0.995099 -0.0988807 0
    outer loop
      vertex 113.304 -18.3888 31
      vertex 113.315 -18.2781 0
      vertex 113.315 -18.2781 31
    endloop
  endfacet
  facet normal 0.995099 -0.0988807 0
    outer loop
      vertex 113.315 -18.2781 0
      vertex 113.304 -18.3888 31
      vertex 113.304 -18.3888 0
    endloop
  endfacet
  facet normal 0.472221 -0.88148 0
    outer loop
      vertex 114.15 -17.0278 0
      vertex 114.248 -16.9753 31
      vertex 114.15 -17.0278 31
    endloop
  endfacet
  facet normal 0.472221 -0.88148 0
    outer loop
      vertex 114.248 -16.9753 31
      vertex 114.15 -17.0278 0
      vertex 114.248 -16.9753 0
    endloop
  endfacet
  facet normal 0.413735 -0.910397 0
    outer loop
      vertex 114.248 -16.9753 0
      vertex 114.349 -16.9294 31
      vertex 114.248 -16.9753 31
    endloop
  endfacet
  facet normal 0.413735 -0.910397 0
    outer loop
      vertex 114.349 -16.9294 31
      vertex 114.248 -16.9753 0
      vertex 114.349 -16.9294 0
    endloop
  endfacet
  facet normal 0.634509 -0.772915 0
    outer loop
      vertex 113.879 -17.2219 0
      vertex 113.965 -17.1513 31
      vertex 113.879 -17.2219 31
    endloop
  endfacet
  facet normal 0.634509 -0.772915 0
    outer loop
      vertex 113.965 -17.1513 31
      vertex 113.879 -17.2219 0
      vertex 113.965 -17.1513 0
    endloop
  endfacet
  facet normal 0.22723 -0.973841 0
    outer loop
      vertex 114.56 -16.8579 0
      vertex 114.668 -16.8327 31
      vertex 114.56 -16.8579 31
    endloop
  endfacet
  facet normal 0.22723 -0.973841 0
    outer loop
      vertex 114.668 -16.8327 31
      vertex 114.56 -16.8579 0
      vertex 114.668 -16.8327 0
    endloop
  endfacet
  facet normal 0.0324154 -0.999474 0
    outer loop
      vertex 114.889 -16.8036 0
      vertex 115 -16.8 31
      vertex 114.889 -16.8036 31
    endloop
  endfacet
  facet normal 0.0324154 -0.999474 0
    outer loop
      vertex 115 -16.8 31
      vertex 114.889 -16.8036 0
      vertex 115 -16.8 0
    endloop
  endfacet
  facet normal -0.999354 0.035948 0
    outer loop
      vertex 116.696 -18.6112 0
      vertex 116.7 -18.5 31
      vertex 116.7 -18.5 0
    endloop
  endfacet
  facet normal -0.999354 0.035948 0
    outer loop
      vertex 116.7 -18.5 31
      vertex 116.696 -18.6112 0
      vertex 116.696 -18.6112 31
    endloop
  endfacet
  facet normal -0.0977281 0.995213 0
    outer loop
      vertex 115.222 -20.1855 0
      vertex 115.111 -20.1964 31
      vertex 115.222 -20.1855 31
    endloop
  endfacet
  facet normal -0.0977281 0.995213 0
    outer loop
      vertex 115.111 -20.1964 31
      vertex 115.222 -20.1855 0
      vertex 115.111 -20.1964 0
    endloop
  endfacet
  facet normal -0.0324154 0.999474 0
    outer loop
      vertex 115.111 -20.1964 0
      vertex 115 -20.2 31
      vertex 115.111 -20.1964 31
    endloop
  endfacet
  facet normal -0.0324154 0.999474 0
    outer loop
      vertex 115 -20.2 31
      vertex 115.111 -20.1964 0
      vertex 115 -20.2 0
    endloop
  endfacet
  facet normal -0.349754 0.936842 0
    outer loop
      vertex 115.651 -20.0706 0
      vertex 115.546 -20.1098 31
      vertex 115.651 -20.0706 31
    endloop
  endfacet
  facet normal -0.349754 0.936842 0
    outer loop
      vertex 115.546 -20.1098 31
      vertex 115.651 -20.0706 0
      vertex 115.546 -20.1098 0
    endloop
  endfacet
  facet normal -0.22723 0.973841 0
    outer loop
      vertex 115.44 -20.1421 0
      vertex 115.332 -20.1673 31
      vertex 115.44 -20.1421 31
    endloop
  endfacet
  facet normal -0.22723 0.973841 0
    outer loop
      vertex 115.332 -20.1673 31
      vertex 115.44 -20.1421 0
      vertex 115.332 -20.1673 0
    endloop
  endfacet
  facet normal -0.634509 0.772915 0
    outer loop
      vertex 116.121 -19.7781 0
      vertex 116.035 -19.8487 31
      vertex 116.121 -19.7781 31
    endloop
  endfacet
  facet normal -0.634509 0.772915 0
    outer loop
      vertex 116.035 -19.8487 31
      vertex 116.121 -19.7781 0
      vertex 116.035 -19.8487 0
    endloop
  endfacet
  facet normal -0.730098 0.683343 0
    outer loop
      vertex 116.202 -19.7021 0
      vertex 116.278 -19.6209 31
      vertex 116.278 -19.6209 0
    endloop
  endfacet
  facet normal -0.730098 0.683343 0
    outer loop
      vertex 116.278 -19.6209 31
      vertex 116.202 -19.7021 0
      vertex 116.202 -19.7021 31
    endloop
  endfacet
  facet normal -0.580052 0.814579 0
    outer loop
      vertex 116.035 -19.8487 0
      vertex 115.944 -19.9135 31
      vertex 116.035 -19.8487 31
    endloop
  endfacet
  facet normal -0.580052 0.814579 0
    outer loop
      vertex 115.944 -19.9135 31
      vertex 116.035 -19.8487 0
      vertex 115.944 -19.9135 0
    endloop
  endfacet
  facet normal -0.816166 0.577817 0
    outer loop
      vertex 116.349 -19.5349 0
      vertex 116.413 -19.4445 31
      vertex 116.413 -19.4445 0
    endloop
  endfacet
  facet normal -0.816166 0.577817 0
    outer loop
      vertex 116.413 -19.4445 31
      vertex 116.349 -19.5349 0
      vertex 116.349 -19.5349 31
    endloop
  endfacet
  facet normal -0.771153 0.63665 0
    outer loop
      vertex 116.278 -19.6209 0
      vertex 116.349 -19.5349 31
      vertex 116.349 -19.5349 0
    endloop
  endfacet
  facet normal -0.771153 0.63665 0
    outer loop
      vertex 116.349 -19.5349 31
      vertex 116.278 -19.6209 0
      vertex 116.278 -19.6209 31
    endloop
  endfacet
  facet normal -0.957628 0.288008 0
    outer loop
      vertex 116.61 -19.0464 0
      vertex 116.642 -18.94 31
      vertex 116.642 -18.94 0
    endloop
  endfacet
  facet normal -0.957628 0.288008 0
    outer loop
      vertex 116.642 -18.94 31
      vertex 116.61 -19.0464 0
      vertex 116.61 -19.0464 31
    endloop
  endfacet
  facet normal -0.974376 0.224925 0
    outer loop
      vertex 116.642 -18.94 0
      vertex 116.667 -18.8317 31
      vertex 116.667 -18.8317 0
    endloop
  endfacet
  facet normal -0.974376 0.224925 0
    outer loop
      vertex 116.667 -18.8317 31
      vertex 116.642 -18.94 0
      vertex 116.642 -18.94 31
    endloop
  endfacet
  facet normal -0.995099 0.0988807 0
    outer loop
      vertex 116.685 -18.7219 0
      vertex 116.696 -18.6112 31
      vertex 116.696 -18.6112 0
    endloop
  endfacet
  facet normal -0.995099 0.0988807 0
    outer loop
      vertex 116.696 -18.6112 31
      vertex 116.685 -18.7219 0
      vertex 116.685 -18.7219 31
    endloop
  endfacet
  facet normal 0.634509 0.772915 -0
    outer loop
      vertex 113.965 -19.8487 0
      vertex 113.879 -19.7781 31
      vertex 113.965 -19.8487 31
    endloop
  endfacet
  facet normal 0.634509 0.772915 0
    outer loop
      vertex 113.879 -19.7781 31
      vertex 113.965 -19.8487 0
      vertex 113.879 -19.7781 0
    endloop
  endfacet
  facet normal 0.684241 0.729256 -0
    outer loop
      vertex 113.879 -19.7781 0
      vertex 113.798 -19.7021 31
      vertex 113.879 -19.7781 31
    endloop
  endfacet
  facet normal 0.684241 0.729256 0
    outer loop
      vertex 113.798 -19.7021 31
      vertex 113.879 -19.7781 0
      vertex 113.798 -19.7021 0
    endloop
  endfacet
  facet normal 0.163235 0.986587 -0
    outer loop
      vertex 114.778 -20.1855 0
      vertex 114.668 -20.1673 31
      vertex 114.778 -20.1855 31
    endloop
  endfacet
  facet normal 0.163235 0.986587 0
    outer loop
      vertex 114.668 -20.1673 31
      vertex 114.778 -20.1855 0
      vertex 114.668 -20.1673 0
    endloop
  endfacet
  facet normal 0.91052 0.413464 0
    outer loop
      vertex 113.475 -19.2519 31
      vertex 113.429 -19.1506 0
      vertex 113.429 -19.1506 31
    endloop
  endfacet
  facet normal 0.91052 0.413464 0
    outer loop
      vertex 113.429 -19.1506 0
      vertex 113.475 -19.2519 31
      vertex 113.475 -19.2519 0
    endloop
  endfacet
  facet normal 0.999354 0.035948 0
    outer loop
      vertex 113.304 -18.6112 31
      vertex 113.3 -18.5 0
      vertex 113.3 -18.5 31
    endloop
  endfacet
  facet normal 0.999354 0.035948 0
    outer loop
      vertex 113.3 -18.5 0
      vertex 113.304 -18.6112 31
      vertex 113.304 -18.6112 0
    endloop
  endfacet
  facet normal 0.974376 0.224925 0
    outer loop
      vertex 113.358 -18.94 31
      vertex 113.333 -18.8317 0
      vertex 113.333 -18.8317 31
    endloop
  endfacet
  facet normal 0.974376 0.224925 0
    outer loop
      vertex 113.333 -18.8317 0
      vertex 113.358 -18.94 31
      vertex 113.358 -18.94 0
    endloop
  endfacet
  facet normal -0.995099 -0.0988807 0
    outer loop
      vertex 116.696 -18.3888 0
      vertex 116.685 -18.2781 31
      vertex 116.685 -18.2781 0
    endloop
  endfacet
  facet normal -0.995099 -0.0988807 0
    outer loop
      vertex 116.685 -18.2781 31
      vertex 116.696 -18.3888 0
      vertex 116.696 -18.3888 31
    endloop
  endfacet
  facet normal -0.957628 -0.288008 0
    outer loop
      vertex 116.642 -18.06 0
      vertex 116.61 -17.9536 31
      vertex 116.61 -17.9536 0
    endloop
  endfacet
  facet normal -0.957628 -0.288008 0
    outer loop
      vertex 116.61 -17.9536 31
      vertex 116.642 -18.06 0
      vertex 116.642 -18.06 31
    endloop
  endfacet
  facet normal -0.936551 -0.350532 0
    outer loop
      vertex 116.61 -17.9536 0
      vertex 116.571 -17.8494 31
      vertex 116.571 -17.8494 0
    endloop
  endfacet
  facet normal -0.936551 -0.350532 0
    outer loop
      vertex 116.571 -17.8494 31
      vertex 116.61 -17.9536 0
      vertex 116.61 -17.9536 31
    endloop
  endfacet
  facet normal -0.84825 -0.529595 0
    outer loop
      vertex 116.472 -17.65 0
      vertex 116.413 -17.5555 31
      vertex 116.413 -17.5555 0
    endloop
  endfacet
  facet normal -0.84825 -0.529595 0
    outer loop
      vertex 116.413 -17.5555 31
      vertex 116.472 -17.65 0
      vertex 116.472 -17.65 31
    endloop
  endfacet
  facet normal -0.349754 -0.936842 0
    outer loop
      vertex 115.546 -16.8902 0
      vertex 115.651 -16.9294 31
      vertex 115.546 -16.8902 31
    endloop
  endfacet
  facet normal -0.349754 -0.936842 -0
    outer loop
      vertex 115.651 -16.9294 31
      vertex 115.546 -16.8902 0
      vertex 115.651 -16.9294 0
    endloop
  endfacet
  facet normal -0.163235 -0.986587 0
    outer loop
      vertex 115.222 -16.8145 0
      vertex 115.332 -16.8327 31
      vertex 115.222 -16.8145 31
    endloop
  endfacet
  facet normal -0.163235 -0.986587 -0
    outer loop
      vertex 115.332 -16.8327 31
      vertex 115.222 -16.8145 0
      vertex 115.332 -16.8327 0
    endloop
  endfacet
  facet normal -0.529674 -0.848201 0
    outer loop
      vertex 115.85 -17.0278 0
      vertex 115.944 -17.0865 31
      vertex 115.85 -17.0278 31
    endloop
  endfacet
  facet normal -0.529674 -0.848201 -0
    outer loop
      vertex 115.944 -17.0865 31
      vertex 115.85 -17.0278 0
      vertex 115.944 -17.0865 0
    endloop
  endfacet
  facet normal 0.816166 -0.577817 0
    outer loop
      vertex 113.587 -17.5555 31
      vertex 113.651 -17.4651 0
      vertex 113.651 -17.4651 31
    endloop
  endfacet
  facet normal 0.816166 -0.577817 0
    outer loop
      vertex 113.651 -17.4651 0
      vertex 113.587 -17.5555 31
      vertex 113.587 -17.5555 0
    endloop
  endfacet
  facet normal 0.84825 -0.529595 0
    outer loop
      vertex 113.528 -17.65 31
      vertex 113.587 -17.5555 0
      vertex 113.587 -17.5555 31
    endloop
  endfacet
  facet normal 0.84825 -0.529595 0
    outer loop
      vertex 113.587 -17.5555 0
      vertex 113.528 -17.65 31
      vertex 113.528 -17.65 0
    endloop
  endfacet
  facet normal 0.879808 -0.475329 0
    outer loop
      vertex 113.475 -17.7481 31
      vertex 113.528 -17.65 0
      vertex 113.528 -17.65 31
    endloop
  endfacet
  facet normal 0.879808 -0.475329 0
    outer loop
      vertex 113.528 -17.65 0
      vertex 113.475 -17.7481 31
      vertex 113.475 -17.7481 0
    endloop
  endfacet
  facet normal 0.936551 -0.350532 0
    outer loop
      vertex 113.39 -17.9536 31
      vertex 113.429 -17.8494 0
      vertex 113.429 -17.8494 31
    endloop
  endfacet
  facet normal 0.936551 -0.350532 0
    outer loop
      vertex 113.429 -17.8494 0
      vertex 113.39 -17.9536 31
      vertex 113.39 -17.9536 0
    endloop
  endfacet
  facet normal 0.986828 -0.161775 0
    outer loop
      vertex 113.315 -18.2781 31
      vertex 113.333 -18.1683 0
      vertex 113.333 -18.1683 31
    endloop
  endfacet
  facet normal 0.986828 -0.161775 0
    outer loop
      vertex 113.333 -18.1683 0
      vertex 113.315 -18.2781 31
      vertex 113.315 -18.2781 0
    endloop
  endfacet
  facet normal 0.529674 -0.848201 0
    outer loop
      vertex 114.056 -17.0865 0
      vertex 114.15 -17.0278 31
      vertex 114.056 -17.0865 31
    endloop
  endfacet
  facet normal 0.529674 -0.848201 0
    outer loop
      vertex 114.15 -17.0278 31
      vertex 114.056 -17.0865 0
      vertex 114.15 -17.0278 0
    endloop
  endfacet
  facet normal 0.580052 -0.814579 0
    outer loop
      vertex 113.965 -17.1513 0
      vertex 114.056 -17.0865 31
      vertex 113.965 -17.1513 31
    endloop
  endfacet
  facet normal 0.580052 -0.814579 0
    outer loop
      vertex 114.056 -17.0865 31
      vertex 113.965 -17.1513 0
      vertex 114.056 -17.0865 0
    endloop
  endfacet
  facet normal -0.291485 0.956575 0
    outer loop
      vertex 115.546 -20.1098 0
      vertex 115.44 -20.1421 31
      vertex 115.546 -20.1098 31
    endloop
  endfacet
  facet normal -0.291485 0.956575 0
    outer loop
      vertex 115.44 -20.1421 31
      vertex 115.546 -20.1098 0
      vertex 115.44 -20.1421 0
    endloop
  endfacet
  facet normal -0.684241 0.729256 0
    outer loop
      vertex 116.202 -19.7021 0
      vertex 116.121 -19.7781 31
      vertex 116.202 -19.7021 31
    endloop
  endfacet
  facet normal -0.684241 0.729256 0
    outer loop
      vertex 116.121 -19.7781 31
      vertex 116.202 -19.7021 0
      vertex 116.121 -19.7781 0
    endloop
  endfacet
  facet normal -0.413735 0.910397 0
    outer loop
      vertex 115.752 -20.0247 0
      vertex 115.651 -20.0706 31
      vertex 115.752 -20.0247 31
    endloop
  endfacet
  facet normal -0.413735 0.910397 0
    outer loop
      vertex 115.651 -20.0706 31
      vertex 115.752 -20.0247 0
      vertex 115.651 -20.0706 0
    endloop
  endfacet
  facet normal -0.529674 0.848201 0
    outer loop
      vertex 115.944 -19.9135 0
      vertex 115.85 -19.9722 31
      vertex 115.944 -19.9135 31
    endloop
  endfacet
  facet normal -0.529674 0.848201 0
    outer loop
      vertex 115.85 -19.9722 31
      vertex 115.944 -19.9135 0
      vertex 115.85 -19.9722 0
    endloop
  endfacet
  facet normal -0.879808 0.475329 0
    outer loop
      vertex 116.472 -19.35 0
      vertex 116.525 -19.2519 31
      vertex 116.525 -19.2519 0
    endloop
  endfacet
  facet normal -0.879808 0.475329 0
    outer loop
      vertex 116.525 -19.2519 31
      vertex 116.472 -19.35 0
      vertex 116.472 -19.35 31
    endloop
  endfacet
  facet normal -0.936551 0.350532 0
    outer loop
      vertex 116.571 -19.1506 0
      vertex 116.61 -19.0464 31
      vertex 116.61 -19.0464 0
    endloop
  endfacet
  facet normal -0.936551 0.350532 0
    outer loop
      vertex 116.61 -19.0464 31
      vertex 116.571 -19.1506 0
      vertex 116.571 -19.1506 31
    endloop
  endfacet
  facet normal 0.529674 0.848201 -0
    outer loop
      vertex 114.15 -19.9722 0
      vertex 114.056 -19.9135 31
      vertex 114.15 -19.9722 31
    endloop
  endfacet
  facet normal 0.529674 0.848201 0
    outer loop
      vertex 114.056 -19.9135 31
      vertex 114.15 -19.9722 0
      vertex 114.056 -19.9135 0
    endloop
  endfacet
  facet normal 0.413735 0.910397 -0
    outer loop
      vertex 114.349 -20.0706 0
      vertex 114.248 -20.0247 31
      vertex 114.349 -20.0706 31
    endloop
  endfacet
  facet normal 0.413735 0.910397 0
    outer loop
      vertex 114.248 -20.0247 31
      vertex 114.349 -20.0706 0
      vertex 114.248 -20.0247 0
    endloop
  endfacet
  facet normal 0.291485 0.956575 -0
    outer loop
      vertex 114.56 -20.1421 0
      vertex 114.454 -20.1098 31
      vertex 114.56 -20.1421 31
    endloop
  endfacet
  facet normal 0.291485 0.956575 0
    outer loop
      vertex 114.454 -20.1098 31
      vertex 114.56 -20.1421 0
      vertex 114.454 -20.1098 0
    endloop
  endfacet
  facet normal 0.349754 0.936842 -0
    outer loop
      vertex 114.454 -20.1098 0
      vertex 114.349 -20.0706 31
      vertex 114.454 -20.1098 31
    endloop
  endfacet
  facet normal 0.349754 0.936842 0
    outer loop
      vertex 114.349 -20.0706 31
      vertex 114.454 -20.1098 0
      vertex 114.349 -20.0706 0
    endloop
  endfacet
  facet normal 0.22723 0.973841 -0
    outer loop
      vertex 114.668 -20.1673 0
      vertex 114.56 -20.1421 31
      vertex 114.668 -20.1673 31
    endloop
  endfacet
  facet normal 0.22723 0.973841 0
    outer loop
      vertex 114.56 -20.1421 31
      vertex 114.668 -20.1673 0
      vertex 114.56 -20.1421 0
    endloop
  endfacet
  facet normal 0.0324154 0.999474 -0
    outer loop
      vertex 115 -20.2 0
      vertex 114.889 -20.1964 31
      vertex 115 -20.2 31
    endloop
  endfacet
  facet normal 0.0324154 0.999474 0
    outer loop
      vertex 114.889 -20.1964 31
      vertex 115 -20.2 0
      vertex 114.889 -20.1964 0
    endloop
  endfacet
  facet normal 0.879808 0.475329 0
    outer loop
      vertex 113.528 -19.35 31
      vertex 113.475 -19.2519 0
      vertex 113.475 -19.2519 31
    endloop
  endfacet
  facet normal 0.879808 0.475329 0
    outer loop
      vertex 113.475 -19.2519 0
      vertex 113.528 -19.35 31
      vertex 113.528 -19.35 0
    endloop
  endfacet
  facet normal 0.816166 0.577817 0
    outer loop
      vertex 113.651 -19.5349 31
      vertex 113.587 -19.4445 0
      vertex 113.587 -19.4445 31
    endloop
  endfacet
  facet normal 0.816166 0.577817 0
    outer loop
      vertex 113.587 -19.4445 0
      vertex 113.651 -19.5349 31
      vertex 113.651 -19.5349 0
    endloop
  endfacet
  facet normal 0.936551 0.350532 0
    outer loop
      vertex 113.429 -19.1506 31
      vertex 113.39 -19.0464 0
      vertex 113.39 -19.0464 31
    endloop
  endfacet
  facet normal 0.936551 0.350532 0
    outer loop
      vertex 113.39 -19.0464 0
      vertex 113.429 -19.1506 31
      vertex 113.429 -19.1506 0
    endloop
  endfacet
  facet normal 0.995099 0.0988807 0
    outer loop
      vertex 113.315 -18.7219 31
      vertex 113.304 -18.6112 0
      vertex 113.304 -18.6112 31
    endloop
  endfacet
  facet normal 0.995099 0.0988807 0
    outer loop
      vertex 113.304 -18.6112 0
      vertex 113.315 -18.7219 31
      vertex 113.315 -18.7219 0
    endloop
  endfacet
  facet normal -0.730098 -0.683343 0
    outer loop
      vertex 116.278 -17.3791 0
      vertex 116.202 -17.2979 31
      vertex 116.202 -17.2979 0
    endloop
  endfacet
  facet normal -0.730098 -0.683343 0
    outer loop
      vertex 116.202 -17.2979 31
      vertex 116.278 -17.3791 0
      vertex 116.278 -17.3791 31
    endloop
  endfacet
  facet normal 0.291485 -0.956575 0
    outer loop
      vertex 114.454 -16.8902 0
      vertex 114.56 -16.8579 31
      vertex 114.454 -16.8902 31
    endloop
  endfacet
  facet normal 0.291485 -0.956575 0
    outer loop
      vertex 114.56 -16.8579 31
      vertex 114.454 -16.8902 0
      vertex 114.56 -16.8579 0
    endloop
  endfacet
  facet normal 0.0977281 -0.995213 0
    outer loop
      vertex 114.778 -16.8145 0
      vertex 114.889 -16.8036 31
      vertex 114.778 -16.8145 31
    endloop
  endfacet
  facet normal 0.0977281 -0.995213 0
    outer loop
      vertex 114.889 -16.8036 31
      vertex 114.778 -16.8145 0
      vertex 114.889 -16.8036 0
    endloop
  endfacet
  facet normal -0.163235 0.986587 0
    outer loop
      vertex 115.332 -20.1673 0
      vertex 115.222 -20.1855 31
      vertex 115.332 -20.1673 31
    endloop
  endfacet
  facet normal -0.163235 0.986587 0
    outer loop
      vertex 115.222 -20.1855 31
      vertex 115.332 -20.1673 0
      vertex 115.222 -20.1855 0
    endloop
  endfacet
  facet normal -0.472221 0.88148 0
    outer loop
      vertex 115.85 -19.9722 0
      vertex 115.752 -20.0247 31
      vertex 115.85 -19.9722 31
    endloop
  endfacet
  facet normal -0.472221 0.88148 0
    outer loop
      vertex 115.752 -20.0247 31
      vertex 115.85 -19.9722 0
      vertex 115.752 -20.0247 0
    endloop
  endfacet
  facet normal -0.84825 0.529595 0
    outer loop
      vertex 116.413 -19.4445 0
      vertex 116.472 -19.35 31
      vertex 116.472 -19.35 0
    endloop
  endfacet
  facet normal -0.84825 0.529595 0
    outer loop
      vertex 116.472 -19.35 31
      vertex 116.413 -19.4445 0
      vertex 116.413 -19.4445 31
    endloop
  endfacet
  facet normal -0.91052 0.413464 0
    outer loop
      vertex 116.525 -19.2519 0
      vertex 116.571 -19.1506 31
      vertex 116.571 -19.1506 0
    endloop
  endfacet
  facet normal -0.91052 0.413464 0
    outer loop
      vertex 116.571 -19.1506 31
      vertex 116.525 -19.2519 0
      vertex 116.525 -19.2519 31
    endloop
  endfacet
  facet normal -0.986828 0.161775 0
    outer loop
      vertex 116.667 -18.8317 0
      vertex 116.685 -18.7219 31
      vertex 116.685 -18.7219 0
    endloop
  endfacet
  facet normal -0.986828 0.161775 0
    outer loop
      vertex 116.685 -18.7219 31
      vertex 116.667 -18.8317 0
      vertex 116.667 -18.8317 31
    endloop
  endfacet
  facet normal 0.580052 0.814579 -0
    outer loop
      vertex 114.056 -19.9135 0
      vertex 113.965 -19.8487 31
      vertex 114.056 -19.9135 31
    endloop
  endfacet
  facet normal 0.580052 0.814579 0
    outer loop
      vertex 113.965 -19.8487 31
      vertex 114.056 -19.9135 0
      vertex 113.965 -19.8487 0
    endloop
  endfacet
  facet normal 0.472221 0.88148 -0
    outer loop
      vertex 114.248 -20.0247 0
      vertex 114.15 -19.9722 31
      vertex 114.248 -20.0247 31
    endloop
  endfacet
  facet normal 0.472221 0.88148 0
    outer loop
      vertex 114.15 -19.9722 31
      vertex 114.248 -20.0247 0
      vertex 114.15 -19.9722 0
    endloop
  endfacet
  facet normal 0.0977281 0.995213 -0
    outer loop
      vertex 114.889 -20.1964 0
      vertex 114.778 -20.1855 31
      vertex 114.889 -20.1964 31
    endloop
  endfacet
  facet normal 0.0977281 0.995213 0
    outer loop
      vertex 114.778 -20.1855 31
      vertex 114.889 -20.1964 0
      vertex 114.778 -20.1855 0
    endloop
  endfacet
  facet normal 0.84825 0.529595 0
    outer loop
      vertex 113.587 -19.4445 31
      vertex 113.528 -19.35 0
      vertex 113.528 -19.35 31
    endloop
  endfacet
  facet normal 0.84825 0.529595 0
    outer loop
      vertex 113.528 -19.35 0
      vertex 113.587 -19.4445 31
      vertex 113.587 -19.4445 0
    endloop
  endfacet
  facet normal 0.771153 0.63665 0
    outer loop
      vertex 113.722 -19.6209 31
      vertex 113.651 -19.5349 0
      vertex 113.651 -19.5349 31
    endloop
  endfacet
  facet normal 0.771153 0.63665 0
    outer loop
      vertex 113.651 -19.5349 0
      vertex 113.722 -19.6209 31
      vertex 113.722 -19.6209 0
    endloop
  endfacet
  facet normal 0.986828 0.161775 0
    outer loop
      vertex 113.333 -18.8317 31
      vertex 113.315 -18.7219 0
      vertex 113.315 -18.7219 31
    endloop
  endfacet
  facet normal 0.986828 0.161775 0
    outer loop
      vertex 113.315 -18.7219 0
      vertex 113.333 -18.8317 31
      vertex 113.333 -18.8317 0
    endloop
  endfacet
  facet normal -0.999354 -0.035948 0
    outer loop
      vertex 116.7 18.5 0
      vertex 116.696 18.6112 31
      vertex 116.696 18.6112 0
    endloop
  endfacet
  facet normal -0.999354 -0.035948 0
    outer loop
      vertex 116.696 18.6112 31
      vertex 116.7 18.5 0
      vertex 116.7 18.5 31
    endloop
  endfacet
  facet normal 0.0324154 -0.999474 0
    outer loop
      vertex 114.889 20.1964 0
      vertex 115 20.2 31
      vertex 114.889 20.1964 31
    endloop
  endfacet
  facet normal 0.0324154 -0.999474 0
    outer loop
      vertex 115 20.2 31
      vertex 114.889 20.1964 0
      vertex 115 20.2 0
    endloop
  endfacet
  facet normal -0.684241 -0.729256 0
    outer loop
      vertex 116.121 19.7781 0
      vertex 116.202 19.7021 31
      vertex 116.121 19.7781 31
    endloop
  endfacet
  facet normal -0.684241 -0.729256 -0
    outer loop
      vertex 116.202 19.7021 31
      vertex 116.121 19.7781 0
      vertex 116.202 19.7021 0
    endloop
  endfacet
  facet normal 0.730098 -0.683343 0
    outer loop
      vertex 113.722 19.6209 31
      vertex 113.798 19.7021 0
      vertex 113.798 19.7021 31
    endloop
  endfacet
  facet normal 0.730098 -0.683343 0
    outer loop
      vertex 113.798 19.7021 0
      vertex 113.722 19.6209 31
      vertex 113.722 19.6209 0
    endloop
  endfacet
  facet normal 0.413735 -0.910397 0
    outer loop
      vertex 114.248 20.0247 0
      vertex 114.349 20.0706 31
      vertex 114.248 20.0247 31
    endloop
  endfacet
  facet normal 0.413735 -0.910397 0
    outer loop
      vertex 114.349 20.0706 31
      vertex 114.248 20.0247 0
      vertex 114.349 20.0706 0
    endloop
  endfacet
  facet normal -0.91052 -0.413464 0
    outer loop
      vertex 116.571 19.1506 0
      vertex 116.525 19.2519 31
      vertex 116.525 19.2519 0
    endloop
  endfacet
  facet normal -0.91052 -0.413464 0
    outer loop
      vertex 116.525 19.2519 31
      vertex 116.571 19.1506 0
      vertex 116.571 19.1506 31
    endloop
  endfacet
  facet normal -0.349754 -0.936842 0
    outer loop
      vertex 115.546 20.1098 0
      vertex 115.651 20.0706 31
      vertex 115.546 20.1098 31
    endloop
  endfacet
  facet normal -0.349754 -0.936842 -0
    outer loop
      vertex 115.651 20.0706 31
      vertex 115.546 20.1098 0
      vertex 115.651 20.0706 0
    endloop
  endfacet
  facet normal -0.529674 -0.848201 0
    outer loop
      vertex 115.85 19.9722 0
      vertex 115.944 19.9135 31
      vertex 115.85 19.9722 31
    endloop
  endfacet
  facet normal -0.529674 -0.848201 -0
    outer loop
      vertex 115.944 19.9135 31
      vertex 115.85 19.9722 0
      vertex 115.944 19.9135 0
    endloop
  endfacet
  facet normal 0.936551 -0.350532 0
    outer loop
      vertex 113.39 19.0464 31
      vertex 113.429 19.1506 0
      vertex 113.429 19.1506 31
    endloop
  endfacet
  facet normal 0.936551 -0.350532 0
    outer loop
      vertex 113.429 19.1506 0
      vertex 113.39 19.0464 31
      vertex 113.39 19.0464 0
    endloop
  endfacet
  facet normal 0.22723 -0.973841 0
    outer loop
      vertex 114.56 20.1421 0
      vertex 114.668 20.1673 31
      vertex 114.56 20.1421 31
    endloop
  endfacet
  facet normal 0.22723 -0.973841 0
    outer loop
      vertex 114.668 20.1673 31
      vertex 114.56 20.1421 0
      vertex 114.668 20.1673 0
    endloop
  endfacet
  facet normal -0.974376 -0.224925 0
    outer loop
      vertex 116.667 18.8317 0
      vertex 116.642 18.94 31
      vertex 116.642 18.94 0
    endloop
  endfacet
  facet normal -0.974376 -0.224925 0
    outer loop
      vertex 116.642 18.94 31
      vertex 116.667 18.8317 0
      vertex 116.667 18.8317 31
    endloop
  endfacet
  facet normal -0.816166 -0.577817 0
    outer loop
      vertex 116.413 19.4445 0
      vertex 116.349 19.5349 31
      vertex 116.349 19.5349 0
    endloop
  endfacet
  facet normal -0.816166 -0.577817 0
    outer loop
      vertex 116.349 19.5349 31
      vertex 116.413 19.4445 0
      vertex 116.413 19.4445 31
    endloop
  endfacet
  facet normal -0.771153 -0.63665 0
    outer loop
      vertex 116.349 19.5349 0
      vertex 116.278 19.6209 31
      vertex 116.278 19.6209 0
    endloop
  endfacet
  facet normal -0.771153 -0.63665 0
    outer loop
      vertex 116.278 19.6209 31
      vertex 116.349 19.5349 0
      vertex 116.349 19.5349 31
    endloop
  endfacet
  facet normal -0.84825 -0.529595 0
    outer loop
      vertex 116.472 19.35 0
      vertex 116.413 19.4445 31
      vertex 116.413 19.4445 0
    endloop
  endfacet
  facet normal -0.84825 -0.529595 0
    outer loop
      vertex 116.413 19.4445 31
      vertex 116.472 19.35 0
      vertex 116.472 19.35 31
    endloop
  endfacet
  facet normal -0.163235 -0.986587 0
    outer loop
      vertex 115.222 20.1855 0
      vertex 115.332 20.1673 31
      vertex 115.222 20.1855 31
    endloop
  endfacet
  facet normal -0.163235 -0.986587 -0
    outer loop
      vertex 115.332 20.1673 31
      vertex 115.222 20.1855 0
      vertex 115.332 20.1673 0
    endloop
  endfacet
  facet normal -0.291485 -0.956575 0
    outer loop
      vertex 115.44 20.1421 0
      vertex 115.546 20.1098 31
      vertex 115.44 20.1421 31
    endloop
  endfacet
  facet normal -0.291485 -0.956575 -0
    outer loop
      vertex 115.546 20.1098 31
      vertex 115.44 20.1421 0
      vertex 115.546 20.1098 0
    endloop
  endfacet
  facet normal -0.634509 -0.772915 0
    outer loop
      vertex 116.035 19.8487 0
      vertex 116.121 19.7781 31
      vertex 116.035 19.8487 31
    endloop
  endfacet
  facet normal -0.634509 -0.772915 -0
    outer loop
      vertex 116.121 19.7781 31
      vertex 116.035 19.8487 0
      vertex 116.121 19.7781 0
    endloop
  endfacet
  facet normal 0.974376 -0.224925 0
    outer loop
      vertex 113.333 18.8317 31
      vertex 113.358 18.94 0
      vertex 113.358 18.94 31
    endloop
  endfacet
  facet normal 0.974376 -0.224925 0
    outer loop
      vertex 113.358 18.94 0
      vertex 113.333 18.8317 31
      vertex 113.333 18.8317 0
    endloop
  endfacet
  facet normal 0.84825 -0.529595 0
    outer loop
      vertex 113.528 19.35 31
      vertex 113.587 19.4445 0
      vertex 113.587 19.4445 31
    endloop
  endfacet
  facet normal 0.84825 -0.529595 0
    outer loop
      vertex 113.587 19.4445 0
      vertex 113.528 19.35 31
      vertex 113.528 19.35 0
    endloop
  endfacet
  facet normal 0.771153 -0.63665 0
    outer loop
      vertex 113.651 19.5349 31
      vertex 113.722 19.6209 0
      vertex 113.722 19.6209 31
    endloop
  endfacet
  facet normal 0.771153 -0.63665 0
    outer loop
      vertex 113.722 19.6209 0
      vertex 113.651 19.5349 31
      vertex 113.651 19.5349 0
    endloop
  endfacet
  facet normal 0.957628 -0.288008 0
    outer loop
      vertex 113.358 18.94 31
      vertex 113.39 19.0464 0
      vertex 113.39 19.0464 31
    endloop
  endfacet
  facet normal 0.957628 -0.288008 0
    outer loop
      vertex 113.39 19.0464 0
      vertex 113.358 18.94 31
      vertex 113.358 18.94 0
    endloop
  endfacet
  facet normal 0.999354 -0.035948 0
    outer loop
      vertex 113.3 18.5 31
      vertex 113.304 18.6112 0
      vertex 113.304 18.6112 31
    endloop
  endfacet
  facet normal 0.999354 -0.035948 0
    outer loop
      vertex 113.304 18.6112 0
      vertex 113.3 18.5 31
      vertex 113.3 18.5 0
    endloop
  endfacet
  facet normal 0.580052 -0.814579 0
    outer loop
      vertex 113.965 19.8487 0
      vertex 114.056 19.9135 31
      vertex 113.965 19.8487 31
    endloop
  endfacet
  facet normal 0.580052 -0.814579 0
    outer loop
      vertex 114.056 19.9135 31
      vertex 113.965 19.8487 0
      vertex 114.056 19.9135 0
    endloop
  endfacet
  facet normal 0.529674 -0.848201 0
    outer loop
      vertex 114.056 19.9135 0
      vertex 114.15 19.9722 31
      vertex 114.056 19.9135 31
    endloop
  endfacet
  facet normal 0.529674 -0.848201 0
    outer loop
      vertex 114.15 19.9722 31
      vertex 114.056 19.9135 0
      vertex 114.15 19.9722 0
    endloop
  endfacet
  facet normal 0.634509 -0.772915 0
    outer loop
      vertex 113.879 19.7781 0
      vertex 113.965 19.8487 31
      vertex 113.879 19.7781 31
    endloop
  endfacet
  facet normal 0.634509 -0.772915 0
    outer loop
      vertex 113.965 19.8487 31
      vertex 113.879 19.7781 0
      vertex 113.965 19.8487 0
    endloop
  endfacet
  facet normal 0.349754 -0.936842 0
    outer loop
      vertex 114.349 20.0706 0
      vertex 114.454 20.1098 31
      vertex 114.349 20.0706 31
    endloop
  endfacet
  facet normal 0.349754 -0.936842 0
    outer loop
      vertex 114.454 20.1098 31
      vertex 114.349 20.0706 0
      vertex 114.454 20.1098 0
    endloop
  endfacet
  facet normal 0.0977281 -0.995213 0
    outer loop
      vertex 114.778 20.1855 0
      vertex 114.889 20.1964 31
      vertex 114.778 20.1855 31
    endloop
  endfacet
  facet normal 0.0977281 -0.995213 0
    outer loop
      vertex 114.889 20.1964 31
      vertex 114.778 20.1855 0
      vertex 114.889 20.1964 0
    endloop
  endfacet
  facet normal -0.999354 0.035948 0
    outer loop
      vertex 116.696 18.3888 0
      vertex 116.7 18.5 31
      vertex 116.7 18.5 0
    endloop
  endfacet
  facet normal -0.999354 0.035948 0
    outer loop
      vertex 116.7 18.5 31
      vertex 116.696 18.3888 0
      vertex 116.696 18.3888 31
    endloop
  endfacet
  facet normal -0.771153 0.63665 0
    outer loop
      vertex 116.278 17.3791 0
      vertex 116.349 17.4651 31
      vertex 116.349 17.4651 0
    endloop
  endfacet
  facet normal -0.771153 0.63665 0
    outer loop
      vertex 116.349 17.4651 31
      vertex 116.278 17.3791 0
      vertex 116.278 17.3791 31
    endloop
  endfacet
  facet normal -0.0977281 0.995213 0
    outer loop
      vertex 115.222 16.8145 0
      vertex 115.111 16.8036 31
      vertex 115.222 16.8145 31
    endloop
  endfacet
  facet normal -0.0977281 0.995213 0
    outer loop
      vertex 115.111 16.8036 31
      vertex 115.222 16.8145 0
      vertex 115.111 16.8036 0
    endloop
  endfacet
  facet normal -0.986828 -0.161775 0
    outer loop
      vertex 116.685 18.7219 0
      vertex 116.667 18.8317 31
      vertex 116.667 18.8317 0
    endloop
  endfacet
  facet normal -0.986828 -0.161775 0
    outer loop
      vertex 116.667 18.8317 31
      vertex 116.685 18.7219 0
      vertex 116.685 18.7219 31
    endloop
  endfacet
  facet normal -0.995099 -0.0988807 0
    outer loop
      vertex 116.696 18.6112 0
      vertex 116.685 18.7219 31
      vertex 116.685 18.7219 0
    endloop
  endfacet
  facet normal -0.995099 -0.0988807 0
    outer loop
      vertex 116.685 18.7219 31
      vertex 116.696 18.6112 0
      vertex 116.696 18.6112 31
    endloop
  endfacet
  facet normal -0.936551 -0.350532 0
    outer loop
      vertex 116.61 19.0464 0
      vertex 116.571 19.1506 31
      vertex 116.571 19.1506 0
    endloop
  endfacet
  facet normal -0.936551 -0.350532 0
    outer loop
      vertex 116.571 19.1506 31
      vertex 116.61 19.0464 0
      vertex 116.61 19.0464 31
    endloop
  endfacet
  facet normal -0.957628 -0.288008 0
    outer loop
      vertex 116.642 18.94 0
      vertex 116.61 19.0464 31
      vertex 116.61 19.0464 0
    endloop
  endfacet
  facet normal -0.957628 -0.288008 0
    outer loop
      vertex 116.61 19.0464 31
      vertex 116.642 18.94 0
      vertex 116.642 18.94 31
    endloop
  endfacet
  facet normal -0.730098 -0.683343 0
    outer loop
      vertex 116.278 19.6209 0
      vertex 116.202 19.7021 31
      vertex 116.202 19.7021 0
    endloop
  endfacet
  facet normal -0.730098 -0.683343 0
    outer loop
      vertex 116.202 19.7021 31
      vertex 116.278 19.6209 0
      vertex 116.278 19.6209 31
    endloop
  endfacet
  facet normal -0.879808 -0.475329 0
    outer loop
      vertex 116.525 19.2519 0
      vertex 116.472 19.35 31
      vertex 116.472 19.35 0
    endloop
  endfacet
  facet normal -0.879808 -0.475329 0
    outer loop
      vertex 116.472 19.35 31
      vertex 116.525 19.2519 0
      vertex 116.525 19.2519 31
    endloop
  endfacet
  facet normal -0.22723 -0.973841 0
    outer loop
      vertex 115.332 20.1673 0
      vertex 115.44 20.1421 31
      vertex 115.332 20.1673 31
    endloop
  endfacet
  facet normal -0.22723 -0.973841 -0
    outer loop
      vertex 115.44 20.1421 31
      vertex 115.332 20.1673 0
      vertex 115.44 20.1421 0
    endloop
  endfacet
  facet normal -0.0977281 -0.995213 0
    outer loop
      vertex 115.111 20.1964 0
      vertex 115.222 20.1855 31
      vertex 115.111 20.1964 31
    endloop
  endfacet
  facet normal -0.0977281 -0.995213 -0
    outer loop
      vertex 115.222 20.1855 31
      vertex 115.111 20.1964 0
      vertex 115.222 20.1855 0
    endloop
  endfacet
  facet normal -0.0324154 -0.999474 0
    outer loop
      vertex 115 20.2 0
      vertex 115.111 20.1964 31
      vertex 115 20.2 31
    endloop
  endfacet
  facet normal -0.0324154 -0.999474 -0
    outer loop
      vertex 115.111 20.1964 31
      vertex 115 20.2 0
      vertex 115.111 20.1964 0
    endloop
  endfacet
  facet normal -0.472221 -0.88148 0
    outer loop
      vertex 115.752 20.0247 0
      vertex 115.85 19.9722 31
      vertex 115.752 20.0247 31
    endloop
  endfacet
  facet normal -0.472221 -0.88148 -0
    outer loop
      vertex 115.85 19.9722 31
      vertex 115.752 20.0247 0
      vertex 115.85 19.9722 0
    endloop
  endfacet
  facet normal -0.413735 -0.910397 0
    outer loop
      vertex 115.651 20.0706 0
      vertex 115.752 20.0247 31
      vertex 115.651 20.0706 31
    endloop
  endfacet
  facet normal -0.413735 -0.910397 -0
    outer loop
      vertex 115.752 20.0247 31
      vertex 115.651 20.0706 0
      vertex 115.752 20.0247 0
    endloop
  endfacet
  facet normal -0.580052 -0.814579 0
    outer loop
      vertex 115.944 19.9135 0
      vertex 116.035 19.8487 31
      vertex 115.944 19.9135 31
    endloop
  endfacet
  facet normal -0.580052 -0.814579 -0
    outer loop
      vertex 116.035 19.8487 31
      vertex 115.944 19.9135 0
      vertex 116.035 19.8487 0
    endloop
  endfacet
  facet normal 0.816166 -0.577817 0
    outer loop
      vertex 113.587 19.4445 31
      vertex 113.651 19.5349 0
      vertex 113.651 19.5349 31
    endloop
  endfacet
  facet normal 0.816166 -0.577817 0
    outer loop
      vertex 113.651 19.5349 0
      vertex 113.587 19.4445 31
      vertex 113.587 19.4445 0
    endloop
  endfacet
  facet normal 0.879808 -0.475329 0
    outer loop
      vertex 113.475 19.2519 31
      vertex 113.528 19.35 0
      vertex 113.528 19.35 31
    endloop
  endfacet
  facet normal 0.879808 -0.475329 0
    outer loop
      vertex 113.528 19.35 0
      vertex 113.475 19.2519 31
      vertex 113.475 19.2519 0
    endloop
  endfacet
  facet normal 0.91052 -0.413464 0
    outer loop
      vertex 113.429 19.1506 31
      vertex 113.475 19.2519 0
      vertex 113.475 19.2519 31
    endloop
  endfacet
  facet normal 0.91052 -0.413464 0
    outer loop
      vertex 113.475 19.2519 0
      vertex 113.429 19.1506 31
      vertex 113.429 19.1506 0
    endloop
  endfacet
  facet normal 0.986828 -0.161775 0
    outer loop
      vertex 113.315 18.7219 31
      vertex 113.333 18.8317 0
      vertex 113.333 18.8317 31
    endloop
  endfacet
  facet normal 0.986828 -0.161775 0
    outer loop
      vertex 113.333 18.8317 0
      vertex 113.315 18.7219 31
      vertex 113.315 18.7219 0
    endloop
  endfacet
  facet normal 0.999354 0.035948 0
    outer loop
      vertex 113.304 18.3888 31
      vertex 113.3 18.5 0
      vertex 113.3 18.5 31
    endloop
  endfacet
  facet normal 0.999354 0.035948 0
    outer loop
      vertex 113.3 18.5 0
      vertex 113.304 18.3888 31
      vertex 113.304 18.3888 0
    endloop
  endfacet
  facet normal 0.995099 -0.0988807 0
    outer loop
      vertex 113.304 18.6112 31
      vertex 113.315 18.7219 0
      vertex 113.315 18.7219 31
    endloop
  endfacet
  facet normal 0.995099 -0.0988807 0
    outer loop
      vertex 113.315 18.7219 0
      vertex 113.304 18.6112 31
      vertex 113.304 18.6112 0
    endloop
  endfacet
  facet normal 0.472221 -0.88148 0
    outer loop
      vertex 114.15 19.9722 0
      vertex 114.248 20.0247 31
      vertex 114.15 19.9722 31
    endloop
  endfacet
  facet normal 0.472221 -0.88148 0
    outer loop
      vertex 114.248 20.0247 31
      vertex 114.15 19.9722 0
      vertex 114.248 20.0247 0
    endloop
  endfacet
  facet normal 0.684241 -0.729256 0
    outer loop
      vertex 113.798 19.7021 0
      vertex 113.879 19.7781 31
      vertex 113.798 19.7021 31
    endloop
  endfacet
  facet normal 0.684241 -0.729256 0
    outer loop
      vertex 113.879 19.7781 31
      vertex 113.798 19.7021 0
      vertex 113.879 19.7781 0
    endloop
  endfacet
  facet normal 0.291485 -0.956575 0
    outer loop
      vertex 114.454 20.1098 0
      vertex 114.56 20.1421 31
      vertex 114.454 20.1098 31
    endloop
  endfacet
  facet normal 0.291485 -0.956575 0
    outer loop
      vertex 114.56 20.1421 31
      vertex 114.454 20.1098 0
      vertex 114.56 20.1421 0
    endloop
  endfacet
  facet normal 0.163235 -0.986587 0
    outer loop
      vertex 114.668 20.1673 0
      vertex 114.778 20.1855 31
      vertex 114.668 20.1673 31
    endloop
  endfacet
  facet normal 0.163235 -0.986587 0
    outer loop
      vertex 114.778 20.1855 31
      vertex 114.668 20.1673 0
      vertex 114.778 20.1855 0
    endloop
  endfacet
  facet normal -0.995099 0.0988807 0
    outer loop
      vertex 116.685 18.2781 0
      vertex 116.696 18.3888 31
      vertex 116.696 18.3888 0
    endloop
  endfacet
  facet normal -0.995099 0.0988807 0
    outer loop
      vertex 116.696 18.3888 31
      vertex 116.685 18.2781 0
      vertex 116.685 18.2781 31
    endloop
  endfacet
  facet normal -0.684241 0.729256 0
    outer loop
      vertex 116.202 17.2979 0
      vertex 116.121 17.2219 31
      vertex 116.202 17.2979 31
    endloop
  endfacet
  facet normal -0.684241 0.729256 0
    outer loop
      vertex 116.121 17.2219 31
      vertex 116.202 17.2979 0
      vertex 116.121 17.2219 0
    endloop
  endfacet
  facet normal -0.580052 0.814579 0
    outer loop
      vertex 116.035 17.1513 0
      vertex 115.944 17.0865 31
      vertex 116.035 17.1513 31
    endloop
  endfacet
  facet normal -0.580052 0.814579 0
    outer loop
      vertex 115.944 17.0865 31
      vertex 116.035 17.1513 0
      vertex 115.944 17.0865 0
    endloop
  endfacet
  facet normal 0.771153 0.63665 0
    outer loop
      vertex 113.722 17.3791 31
      vertex 113.651 17.4651 0
      vertex 113.651 17.4651 31
    endloop
  endfacet
  facet normal 0.771153 0.63665 0
    outer loop
      vertex 113.651 17.4651 0
      vertex 113.722 17.3791 31
      vertex 113.722 17.3791 0
    endloop
  endfacet
  facet normal -0.163235 0.986587 0
    outer loop
      vertex 115.332 16.8327 0
      vertex 115.222 16.8145 31
      vertex 115.332 16.8327 31
    endloop
  endfacet
  facet normal -0.163235 0.986587 0
    outer loop
      vertex 115.222 16.8145 31
      vertex 115.332 16.8327 0
      vertex 115.222 16.8145 0
    endloop
  endfacet
  facet normal -0.413735 0.910397 0
    outer loop
      vertex 115.752 16.9753 0
      vertex 115.651 16.9294 31
      vertex 115.752 16.9753 31
    endloop
  endfacet
  facet normal -0.413735 0.910397 0
    outer loop
      vertex 115.651 16.9294 31
      vertex 115.752 16.9753 0
      vertex 115.651 16.9294 0
    endloop
  endfacet
  facet normal -0.291485 0.956575 0
    outer loop
      vertex 115.546 16.8902 0
      vertex 115.44 16.8579 31
      vertex 115.546 16.8902 31
    endloop
  endfacet
  facet normal -0.291485 0.956575 0
    outer loop
      vertex 115.44 16.8579 31
      vertex 115.546 16.8902 0
      vertex 115.44 16.8579 0
    endloop
  endfacet
  facet normal -0.957628 0.288008 0
    outer loop
      vertex 116.61 17.9536 0
      vertex 116.642 18.06 31
      vertex 116.642 18.06 0
    endloop
  endfacet
  facet normal -0.957628 0.288008 0
    outer loop
      vertex 116.642 18.06 31
      vertex 116.61 17.9536 0
      vertex 116.61 17.9536 31
    endloop
  endfacet
  facet normal -0.879808 0.475329 0
    outer loop
      vertex 116.472 17.65 0
      vertex 116.525 17.7481 31
      vertex 116.525 17.7481 0
    endloop
  endfacet
  facet normal -0.879808 0.475329 0
    outer loop
      vertex 116.525 17.7481 31
      vertex 116.472 17.65 0
      vertex 116.472 17.65 31
    endloop
  endfacet
  facet normal -0.936551 0.350532 0
    outer loop
      vertex 116.571 17.8494 0
      vertex 116.61 17.9536 31
      vertex 116.61 17.9536 0
    endloop
  endfacet
  facet normal -0.936551 0.350532 0
    outer loop
      vertex 116.61 17.9536 31
      vertex 116.571 17.8494 0
      vertex 116.571 17.8494 31
    endloop
  endfacet
  facet normal -0.974376 0.224925 0
    outer loop
      vertex 116.642 18.06 0
      vertex 116.667 18.1683 31
      vertex 116.667 18.1683 0
    endloop
  endfacet
  facet normal -0.974376 0.224925 0
    outer loop
      vertex 116.667 18.1683 31
      vertex 116.642 18.06 0
      vertex 116.642 18.06 31
    endloop
  endfacet
  facet normal -0.472221 0.88148 0
    outer loop
      vertex 115.85 17.0278 0
      vertex 115.752 16.9753 31
      vertex 115.85 17.0278 31
    endloop
  endfacet
  facet normal -0.472221 0.88148 0
    outer loop
      vertex 115.752 16.9753 31
      vertex 115.85 17.0278 0
      vertex 115.752 16.9753 0
    endloop
  endfacet
  facet normal -0.634509 0.772915 0
    outer loop
      vertex 116.121 17.2219 0
      vertex 116.035 17.1513 31
      vertex 116.121 17.2219 31
    endloop
  endfacet
  facet normal -0.634509 0.772915 0
    outer loop
      vertex 116.035 17.1513 31
      vertex 116.121 17.2219 0
      vertex 116.035 17.1513 0
    endloop
  endfacet
  facet normal -0.816166 0.577817 0
    outer loop
      vertex 116.349 17.4651 0
      vertex 116.413 17.5555 31
      vertex 116.413 17.5555 0
    endloop
  endfacet
  facet normal -0.816166 0.577817 0
    outer loop
      vertex 116.413 17.5555 31
      vertex 116.349 17.4651 0
      vertex 116.349 17.4651 31
    endloop
  endfacet
  facet normal -0.84825 0.529595 0
    outer loop
      vertex 116.413 17.5555 0
      vertex 116.472 17.65 31
      vertex 116.472 17.65 0
    endloop
  endfacet
  facet normal -0.84825 0.529595 0
    outer loop
      vertex 116.472 17.65 31
      vertex 116.413 17.5555 0
      vertex 116.413 17.5555 31
    endloop
  endfacet
  facet normal -0.0324154 0.999474 0
    outer loop
      vertex 115.111 16.8036 0
      vertex 115 16.8 31
      vertex 115.111 16.8036 31
    endloop
  endfacet
  facet normal -0.0324154 0.999474 0
    outer loop
      vertex 115 16.8 31
      vertex 115.111 16.8036 0
      vertex 115 16.8 0
    endloop
  endfacet
  facet normal 0.879808 0.475329 0
    outer loop
      vertex 113.528 17.65 31
      vertex 113.475 17.7481 0
      vertex 113.475 17.7481 31
    endloop
  endfacet
  facet normal 0.879808 0.475329 0
    outer loop
      vertex 113.475 17.7481 0
      vertex 113.528 17.65 31
      vertex 113.528 17.65 0
    endloop
  endfacet
  facet normal 0.816166 0.577817 0
    outer loop
      vertex 113.651 17.4651 31
      vertex 113.587 17.5555 0
      vertex 113.587 17.5555 31
    endloop
  endfacet
  facet normal 0.816166 0.577817 0
    outer loop
      vertex 113.587 17.5555 0
      vertex 113.651 17.4651 31
      vertex 113.651 17.4651 0
    endloop
  endfacet
  facet normal 0.730098 0.683343 0
    outer loop
      vertex 113.798 17.2979 31
      vertex 113.722 17.3791 0
      vertex 113.722 17.3791 31
    endloop
  endfacet
  facet normal 0.730098 0.683343 0
    outer loop
      vertex 113.722 17.3791 0
      vertex 113.798 17.2979 31
      vertex 113.798 17.2979 0
    endloop
  endfacet
  facet normal 0.91052 0.413464 0
    outer loop
      vertex 113.475 17.7481 31
      vertex 113.429 17.8494 0
      vertex 113.429 17.8494 31
    endloop
  endfacet
  facet normal 0.91052 0.413464 0
    outer loop
      vertex 113.429 17.8494 0
      vertex 113.475 17.7481 31
      vertex 113.475 17.7481 0
    endloop
  endfacet
  facet normal 0.957628 0.288008 0
    outer loop
      vertex 113.39 17.9536 31
      vertex 113.358 18.06 0
      vertex 113.358 18.06 31
    endloop
  endfacet
  facet normal 0.957628 0.288008 0
    outer loop
      vertex 113.358 18.06 0
      vertex 113.39 17.9536 31
      vertex 113.39 17.9536 0
    endloop
  endfacet
  facet normal 0.936551 0.350532 0
    outer loop
      vertex 113.429 17.8494 31
      vertex 113.39 17.9536 0
      vertex 113.39 17.9536 31
    endloop
  endfacet
  facet normal 0.936551 0.350532 0
    outer loop
      vertex 113.39 17.9536 0
      vertex 113.429 17.8494 31
      vertex 113.429 17.8494 0
    endloop
  endfacet
  facet normal 0.995099 0.0988807 0
    outer loop
      vertex 113.315 18.2781 31
      vertex 113.304 18.3888 0
      vertex 113.304 18.3888 31
    endloop
  endfacet
  facet normal 0.995099 0.0988807 0
    outer loop
      vertex 113.304 18.3888 0
      vertex 113.315 18.2781 31
      vertex 113.315 18.2781 0
    endloop
  endfacet
  facet normal 0.974376 0.224925 0
    outer loop
      vertex 113.358 18.06 31
      vertex 113.333 18.1683 0
      vertex 113.333 18.1683 31
    endloop
  endfacet
  facet normal 0.974376 0.224925 0
    outer loop
      vertex 113.333 18.1683 0
      vertex 113.358 18.06 31
      vertex 113.358 18.06 0
    endloop
  endfacet
  facet normal -0.22723 0.973841 0
    outer loop
      vertex 115.44 16.8579 0
      vertex 115.332 16.8327 31
      vertex 115.44 16.8579 31
    endloop
  endfacet
  facet normal -0.22723 0.973841 0
    outer loop
      vertex 115.332 16.8327 31
      vertex 115.44 16.8579 0
      vertex 115.332 16.8327 0
    endloop
  endfacet
  facet normal -0.91052 0.413464 0
    outer loop
      vertex 116.525 17.7481 0
      vertex 116.571 17.8494 31
      vertex 116.571 17.8494 0
    endloop
  endfacet
  facet normal -0.91052 0.413464 0
    outer loop
      vertex 116.571 17.8494 31
      vertex 116.525 17.7481 0
      vertex 116.525 17.7481 31
    endloop
  endfacet
  facet normal -0.986828 0.161775 0
    outer loop
      vertex 116.667 18.1683 0
      vertex 116.685 18.2781 31
      vertex 116.685 18.2781 0
    endloop
  endfacet
  facet normal -0.986828 0.161775 0
    outer loop
      vertex 116.685 18.2781 31
      vertex 116.667 18.1683 0
      vertex 116.667 18.1683 31
    endloop
  endfacet
  facet normal -0.730098 0.683343 0
    outer loop
      vertex 116.202 17.2979 0
      vertex 116.278 17.3791 31
      vertex 116.278 17.3791 0
    endloop
  endfacet
  facet normal -0.730098 0.683343 0
    outer loop
      vertex 116.278 17.3791 31
      vertex 116.202 17.2979 0
      vertex 116.202 17.2979 31
    endloop
  endfacet
  facet normal -0.529674 0.848201 0
    outer loop
      vertex 115.944 17.0865 0
      vertex 115.85 17.0278 31
      vertex 115.944 17.0865 31
    endloop
  endfacet
  facet normal -0.529674 0.848201 0
    outer loop
      vertex 115.85 17.0278 31
      vertex 115.944 17.0865 0
      vertex 115.85 17.0278 0
    endloop
  endfacet
  facet normal 0.22723 0.973841 -0
    outer loop
      vertex 114.668 16.8327 0
      vertex 114.56 16.8579 31
      vertex 114.668 16.8327 31
    endloop
  endfacet
  facet normal 0.22723 0.973841 0
    outer loop
      vertex 114.56 16.8579 31
      vertex 114.668 16.8327 0
      vertex 114.56 16.8579 0
    endloop
  endfacet
  facet normal 0.634509 0.772915 -0
    outer loop
      vertex 113.965 17.1513 0
      vertex 113.879 17.2219 31
      vertex 113.965 17.1513 31
    endloop
  endfacet
  facet normal 0.634509 0.772915 0
    outer loop
      vertex 113.879 17.2219 31
      vertex 113.965 17.1513 0
      vertex 113.879 17.2219 0
    endloop
  endfacet
  facet normal 0.84825 0.529595 0
    outer loop
      vertex 113.587 17.5555 31
      vertex 113.528 17.65 0
      vertex 113.528 17.65 31
    endloop
  endfacet
  facet normal 0.84825 0.529595 0
    outer loop
      vertex 113.528 17.65 0
      vertex 113.587 17.5555 31
      vertex 113.587 17.5555 0
    endloop
  endfacet
  facet normal 0.684241 0.729256 -0
    outer loop
      vertex 113.879 17.2219 0
      vertex 113.798 17.2979 31
      vertex 113.879 17.2219 31
    endloop
  endfacet
  facet normal 0.684241 0.729256 0
    outer loop
      vertex 113.798 17.2979 31
      vertex 113.879 17.2219 0
      vertex 113.798 17.2979 0
    endloop
  endfacet
  facet normal 0.986828 0.161775 0
    outer loop
      vertex 113.333 18.1683 31
      vertex 113.315 18.2781 0
      vertex 113.315 18.2781 31
    endloop
  endfacet
  facet normal 0.986828 0.161775 0
    outer loop
      vertex 113.315 18.2781 0
      vertex 113.333 18.1683 31
      vertex 113.333 18.1683 0
    endloop
  endfacet
  facet normal -0.349754 0.936842 0
    outer loop
      vertex 115.651 16.9294 0
      vertex 115.546 16.8902 31
      vertex 115.651 16.9294 31
    endloop
  endfacet
  facet normal -0.349754 0.936842 0
    outer loop
      vertex 115.546 16.8902 31
      vertex 115.651 16.9294 0
      vertex 115.546 16.8902 0
    endloop
  endfacet
  facet normal 0.0324154 0.999474 -0
    outer loop
      vertex 115 16.8 0
      vertex 114.889 16.8036 31
      vertex 115 16.8 31
    endloop
  endfacet
  facet normal 0.0324154 0.999474 0
    outer loop
      vertex 114.889 16.8036 31
      vertex 115 16.8 0
      vertex 114.889 16.8036 0
    endloop
  endfacet
  facet normal 0.291485 0.956575 -0
    outer loop
      vertex 114.56 16.8579 0
      vertex 114.454 16.8902 31
      vertex 114.56 16.8579 31
    endloop
  endfacet
  facet normal 0.291485 0.956575 0
    outer loop
      vertex 114.454 16.8902 31
      vertex 114.56 16.8579 0
      vertex 114.454 16.8902 0
    endloop
  endfacet
  facet normal 0.529674 0.848201 -0
    outer loop
      vertex 114.15 17.0278 0
      vertex 114.056 17.0865 31
      vertex 114.15 17.0278 31
    endloop
  endfacet
  facet normal 0.529674 0.848201 0
    outer loop
      vertex 114.056 17.0865 31
      vertex 114.15 17.0278 0
      vertex 114.056 17.0865 0
    endloop
  endfacet
  facet normal 0.349754 0.936842 -0
    outer loop
      vertex 114.454 16.8902 0
      vertex 114.349 16.9294 31
      vertex 114.454 16.8902 31
    endloop
  endfacet
  facet normal 0.349754 0.936842 0
    outer loop
      vertex 114.349 16.9294 31
      vertex 114.454 16.8902 0
      vertex 114.349 16.9294 0
    endloop
  endfacet
  facet normal 0.0977281 0.995213 -0
    outer loop
      vertex 114.889 16.8036 0
      vertex 114.778 16.8145 31
      vertex 114.889 16.8036 31
    endloop
  endfacet
  facet normal 0.0977281 0.995213 0
    outer loop
      vertex 114.778 16.8145 31
      vertex 114.889 16.8036 0
      vertex 114.778 16.8145 0
    endloop
  endfacet
  facet normal 0.163235 0.986587 -0
    outer loop
      vertex 114.778 16.8145 0
      vertex 114.668 16.8327 31
      vertex 114.778 16.8145 31
    endloop
  endfacet
  facet normal 0.163235 0.986587 0
    outer loop
      vertex 114.668 16.8327 31
      vertex 114.778 16.8145 0
      vertex 114.668 16.8327 0
    endloop
  endfacet
  facet normal 0.580052 0.814579 -0
    outer loop
      vertex 114.056 17.0865 0
      vertex 113.965 17.1513 31
      vertex 114.056 17.0865 31
    endloop
  endfacet
  facet normal 0.580052 0.814579 0
    outer loop
      vertex 113.965 17.1513 31
      vertex 114.056 17.0865 0
      vertex 113.965 17.1513 0
    endloop
  endfacet
  facet normal 0.472221 0.88148 -0
    outer loop
      vertex 114.248 16.9753 0
      vertex 114.15 17.0278 31
      vertex 114.248 16.9753 31
    endloop
  endfacet
  facet normal 0.472221 0.88148 0
    outer loop
      vertex 114.15 17.0278 31
      vertex 114.248 16.9753 0
      vertex 114.15 17.0278 0
    endloop
  endfacet
  facet normal 0.413735 0.910397 -0
    outer loop
      vertex 114.349 16.9294 0
      vertex 114.248 16.9753 31
      vertex 114.349 16.9294 31
    endloop
  endfacet
  facet normal 0.413735 0.910397 0
    outer loop
      vertex 114.248 16.9753 31
      vertex 114.349 16.9294 0
      vertex 114.248 16.9753 0
    endloop
  endfacet
  facet normal -0.68237 -0.731007 0
    outer loop
      vertex 141.747 1.99238 5
      vertex 141.874 1.87383 6.2
      vertex 141.747 1.99238 6.2
    endloop
  endfacet
  facet normal -0.68237 -0.731007 -0
    outer loop
      vertex 141.874 1.87383 6.2
      vertex 141.747 1.99238 5
      vertex 141.874 1.87383 5
    endloop
  endfacet
  facet normal 0.352794 -0.935701 0
    outer loop
      vertex 138.986 2.44828 5
      vertex 139.148 2.50936 6.2
      vertex 138.986 2.44828 6.2
    endloop
  endfacet
  facet normal 0.352794 -0.935701 0
    outer loop
      vertex 139.148 2.50936 6.2
      vertex 138.986 2.44828 5
      vertex 139.148 2.50936 5
    endloop
  endfacet
  facet normal 0.912089 -0.409992 0
    outer loop
      vertex 137.552 1.01411 6.2
      vertex 137.623 1.17206 5
      vertex 137.623 1.17206 6.2
    endloop
  endfacet
  facet normal 0.912089 -0.409992 0
    outer loop
      vertex 137.623 1.17206 5
      vertex 137.552 1.01411 6.2
      vertex 137.552 1.01411 5
    endloop
  endfacet
  facet normal -0.936065 -0.351826 0
    outer loop
      vertex 142.509 0.851814 5
      vertex 142.448 1.01411 6.2
      vertex 142.448 1.01411 5
    endloop
  endfacet
  facet normal -0.936065 -0.351826 0
    outer loop
      vertex 142.448 1.01411 6.2
      vertex 142.509 0.851814 5
      vertex 142.509 0.851814 6.2
    endloop
  endfacet
  facet normal -0.912089 -0.409992 0
    outer loop
      vertex 142.448 1.01411 5
      vertex 142.377 1.17206 6.2
      vertex 142.377 1.17206 5
    endloop
  endfacet
  facet normal -0.912089 -0.409992 0
    outer loop
      vertex 142.377 1.17206 6.2
      vertex 142.448 1.01411 5
      vertex 142.448 1.01411 6.2
    endloop
  endfacet
  facet normal -0.412617 -0.910905 0
    outer loop
      vertex 141.014 2.44828 5
      vertex 141.172 2.37671 6.2
      vertex 141.014 2.44828 6.2
    endloop
  endfacet
  facet normal -0.412617 -0.910905 -0
    outer loop
      vertex 141.172 2.37671 6.2
      vertex 141.014 2.44828 5
      vertex 141.172 2.37671 5
    endloop
  endfacet
  facet normal 0.731409 -0.681939 0
    outer loop
      vertex 138.008 1.74727 6.2
      vertex 138.126 1.87383 5
      vertex 138.126 1.87383 6.2
    endloop
  endfacet
  facet normal 0.731409 -0.681939 0
    outer loop
      vertex 138.126 1.87383 5
      vertex 138.008 1.74727 6.2
      vertex 138.008 1.74727 5
    endloop
  endfacet
  facet normal 0.162995 -0.986627 0
    outer loop
      vertex 139.483 2.59908 5
      vertex 139.654 2.62733 6.2
      vertex 139.483 2.59908 6.2
    endloop
  endfacet
  facet normal 0.162995 -0.986627 0
    outer loop
      vertex 139.654 2.62733 6.2
      vertex 139.483 2.59908 5
      vertex 139.654 2.62733 5
    endloop
  endfacet
  facet normal -0.731409 0.681939 0
    outer loop
      vertex 141.874 -1.87383 5
      vertex 141.992 -1.74727 6.2
      vertex 141.992 -1.74727 5
    endloop
  endfacet
  facet normal -0.731409 0.681939 0
    outer loop
      vertex 141.992 -1.74727 6.2
      vertex 141.874 -1.87383 5
      vertex 141.874 -1.87383 6.2
    endloop
  endfacet
  facet normal 0.162995 0.986627 -0
    outer loop
      vertex 139.654 -2.62733 5
      vertex 139.483 -2.59908 6.2
      vertex 139.654 -2.62733 6.2
    endloop
  endfacet
  facet normal 0.162995 0.986627 0
    outer loop
      vertex 139.483 -2.59908 6.2
      vertex 139.654 -2.62733 5
      vertex 139.483 -2.59908 5
    endloop
  endfacet
  facet normal 0.68237 0.731007 -0
    outer loop
      vertex 138.253 -1.99238 5
      vertex 138.126 -1.87383 6.2
      vertex 138.253 -1.99238 6.2
    endloop
  endfacet
  facet normal 0.68237 0.731007 0
    outer loop
      vertex 138.126 -1.87383 6.2
      vertex 138.253 -1.99238 5
      vertex 138.126 -1.87383 5
    endloop
  endfacet
  facet normal -0.995183 -0.0980328 0
    outer loop
      vertex 142.644 0.173318 5
      vertex 142.627 0.345894 6.2
      vertex 142.627 0.345894 5
    endloop
  endfacet
  facet normal -0.995183 -0.0980328 0
    outer loop
      vertex 142.627 0.345894 6.2
      vertex 142.644 0.173318 5
      vertex 142.644 0.173318 6.2
    endloop
  endfacet
  facet normal -0.974356 -0.22501 0
    outer loop
      vertex 142.599 0.516989 5
      vertex 142.56 0.68587 6.2
      vertex 142.56 0.68587 5
    endloop
  endfacet
  facet normal -0.974356 -0.22501 0
    outer loop
      vertex 142.56 0.68587 6.2
      vertex 142.599 0.516989 5
      vertex 142.599 0.516989 6.2
    endloop
  endfacet
  facet normal -0.955876 -0.293772 0
    outer loop
      vertex 142.56 0.68587 5
      vertex 142.509 0.851814 6.2
      vertex 142.509 0.851814 5
    endloop
  endfacet
  facet normal -0.955876 -0.293772 0
    outer loop
      vertex 142.509 0.851814 6.2
      vertex 142.56 0.68587 5
      vertex 142.56 0.68587 6.2
    endloop
  endfacet
  facet normal -0.848095 -0.529844 0
    outer loop
      vertex 142.295 1.325 5
      vertex 142.203 1.47226 6.2
      vertex 142.203 1.47226 5
    endloop
  endfacet
  facet normal -0.848095 -0.529844 0
    outer loop
      vertex 142.203 1.47226 6.2
      vertex 142.295 1.325 5
      vertex 142.295 1.325 6.2
    endloop
  endfacet
  facet normal -0.731409 -0.681939 0
    outer loop
      vertex 141.992 1.74727 5
      vertex 141.874 1.87383 6.2
      vertex 141.874 1.87383 5
    endloop
  endfacet
  facet normal -0.731409 -0.681939 0
    outer loop
      vertex 141.874 1.87383 6.2
      vertex 141.992 1.74727 5
      vertex 141.992 1.74727 6.2
    endloop
  endfacet
  facet normal -0.582328 -0.812954 0
    outer loop
      vertex 141.472 2.20339 5
      vertex 141.613 2.10239 6.2
      vertex 141.472 2.20339 6.2
    endloop
  endfacet
  facet normal -0.582328 -0.812954 -0
    outer loop
      vertex 141.613 2.10239 6.2
      vertex 141.472 2.20339 5
      vertex 141.613 2.10239 5
    endloop
  endfacet
  facet normal -0.528774 -0.848763 0
    outer loop
      vertex 141.325 2.29497 5
      vertex 141.472 2.20339 6.2
      vertex 141.325 2.29497 6.2
    endloop
  endfacet
  facet normal -0.528774 -0.848763 -0
    outer loop
      vertex 141.472 2.20339 6.2
      vertex 141.325 2.29497 5
      vertex 141.472 2.20339 5
    endloop
  endfacet
  facet normal -0.226938 -0.973909 0
    outer loop
      vertex 140.517 2.59908 5
      vertex 140.686 2.5597 6.2
      vertex 140.517 2.59908 6.2
    endloop
  endfacet
  facet normal -0.226938 -0.973909 -0
    outer loop
      vertex 140.686 2.5597 6.2
      vertex 140.517 2.59908 5
      vertex 140.686 2.5597 5
    endloop
  endfacet
  facet normal 0.995183 -0.0980328 0
    outer loop
      vertex 137.356 0.173318 6.2
      vertex 137.373 0.345894 5
      vertex 137.373 0.345894 6.2
    endloop
  endfacet
  facet normal 0.995183 -0.0980328 0
    outer loop
      vertex 137.373 0.345894 5
      vertex 137.356 0.173318 6.2
      vertex 137.356 0.173318 5
    endloop
  endfacet
  facet normal 0.974356 -0.22501 0
    outer loop
      vertex 137.401 0.516989 6.2
      vertex 137.44 0.68587 5
      vertex 137.44 0.68587 6.2
    endloop
  endfacet
  facet normal 0.974356 -0.22501 0
    outer loop
      vertex 137.44 0.68587 5
      vertex 137.401 0.516989 6.2
      vertex 137.401 0.516989 5
    endloop
  endfacet
  facet normal 0.848095 -0.529844 0
    outer loop
      vertex 137.705 1.325 6.2
      vertex 137.797 1.47226 5
      vertex 137.797 1.47226 6.2
    endloop
  endfacet
  facet normal 0.848095 -0.529844 0
    outer loop
      vertex 137.797 1.47226 5
      vertex 137.705 1.325 6.2
      vertex 137.705 1.325 5
    endloop
  endfacet
  facet normal 0.812875 -0.582438 0
    outer loop
      vertex 137.797 1.47226 6.2
      vertex 137.898 1.61322 5
      vertex 137.898 1.61322 6.2
    endloop
  endfacet
  facet normal 0.812875 -0.582438 0
    outer loop
      vertex 137.898 1.61322 5
      vertex 137.797 1.47226 6.2
      vertex 137.797 1.47226 5
    endloop
  endfacet
  facet normal 0.226938 -0.973909 0
    outer loop
      vertex 139.314 2.5597 5
      vertex 139.483 2.59908 6.2
      vertex 139.314 2.5597 6.2
    endloop
  endfacet
  facet normal 0.226938 -0.973909 0
    outer loop
      vertex 139.483 2.59908 6.2
      vertex 139.314 2.5597 5
      vertex 139.483 2.59908 5
    endloop
  endfacet
  facet normal 0.0977949 -0.995207 0
    outer loop
      vertex 139.654 2.62733 5
      vertex 139.827 2.64433 6.2
      vertex 139.654 2.62733 6.2
    endloop
  endfacet
  facet normal 0.0977949 -0.995207 0
    outer loop
      vertex 139.827 2.64433 6.2
      vertex 139.654 2.62733 5
      vertex 139.827 2.64433 5
    endloop
  endfacet
  facet normal 0.528774 -0.848763 0
    outer loop
      vertex 138.528 2.20339 5
      vertex 138.675 2.29497 6.2
      vertex 138.528 2.20339 6.2
    endloop
  endfacet
  facet normal 0.528774 -0.848763 0
    outer loop
      vertex 138.675 2.29497 6.2
      vertex 138.528 2.20339 5
      vertex 138.675 2.29497 5
    endloop
  endfacet
  facet normal 0.471216 -0.882018 0
    outer loop
      vertex 138.675 2.29497 5
      vertex 138.828 2.37671 6.2
      vertex 138.675 2.29497 6.2
    endloop
  endfacet
  facet normal 0.471216 -0.882018 0
    outer loop
      vertex 138.828 2.37671 6.2
      vertex 138.675 2.29497 5
      vertex 138.828 2.37671 5
    endloop
  endfacet
  facet normal 0.68237 -0.731007 0
    outer loop
      vertex 138.126 1.87383 5
      vertex 138.253 1.99238 6.2
      vertex 138.126 1.87383 6.2
    endloop
  endfacet
  facet normal 0.68237 -0.731007 0
    outer loop
      vertex 138.253 1.99238 6.2
      vertex 138.126 1.87383 5
      vertex 138.253 1.99238 5
    endloop
  endfacet
  facet normal -0.999401 -0.0345977 0
    outer loop
      vertex 142.65 0 5
      vertex 142.644 0.173318 6.2
      vertex 142.644 0.173318 5
    endloop
  endfacet
  facet normal -0.999401 -0.0345977 0
    outer loop
      vertex 142.644 0.173318 6.2
      vertex 142.65 0 5
      vertex 142.65 0 6.2
    endloop
  endfacet
  facet normal -0.162995 0.986627 0
    outer loop
      vertex 140.517 -2.59908 5
      vertex 140.346 -2.62733 6.2
      vertex 140.517 -2.59908 6.2
    endloop
  endfacet
  facet normal -0.162995 0.986627 0
    outer loop
      vertex 140.346 -2.62733 6.2
      vertex 140.517 -2.59908 5
      vertex 140.346 -2.62733 5
    endloop
  endfacet
  facet normal -0.226938 0.973909 0
    outer loop
      vertex 140.686 -2.5597 5
      vertex 140.517 -2.59908 6.2
      vertex 140.686 -2.5597 6.2
    endloop
  endfacet
  facet normal -0.226938 0.973909 0
    outer loop
      vertex 140.517 -2.59908 6.2
      vertex 140.686 -2.5597 5
      vertex 140.517 -2.59908 5
    endloop
  endfacet
  facet normal -0.848095 0.529844 0
    outer loop
      vertex 142.203 -1.47226 5
      vertex 142.295 -1.325 6.2
      vertex 142.295 -1.325 5
    endloop
  endfacet
  facet normal -0.848095 0.529844 0
    outer loop
      vertex 142.295 -1.325 6.2
      vertex 142.203 -1.47226 5
      vertex 142.203 -1.47226 6.2
    endloop
  endfacet
  facet normal 0.0977949 0.995207 -0
    outer loop
      vertex 139.827 -2.64433 5
      vertex 139.654 -2.62733 6.2
      vertex 139.827 -2.64433 6.2
    endloop
  endfacet
  facet normal 0.0977949 0.995207 0
    outer loop
      vertex 139.654 -2.62733 6.2
      vertex 139.827 -2.64433 5
      vertex 139.654 -2.62733 5
    endloop
  endfacet
  facet normal 0.528774 0.848763 -0
    outer loop
      vertex 138.675 -2.29497 5
      vertex 138.528 -2.20339 6.2
      vertex 138.675 -2.29497 6.2
    endloop
  endfacet
  facet normal 0.528774 0.848763 0
    outer loop
      vertex 138.528 -2.20339 6.2
      vertex 138.675 -2.29497 5
      vertex 138.528 -2.20339 5
    endloop
  endfacet
  facet normal 0.974356 0.22501 0
    outer loop
      vertex 137.44 -0.68587 6.2
      vertex 137.401 -0.516989 5
      vertex 137.401 -0.516989 6.2
    endloop
  endfacet
  facet normal 0.974356 0.22501 0
    outer loop
      vertex 137.401 -0.516989 5
      vertex 137.44 -0.68587 6.2
      vertex 137.44 -0.68587 5
    endloop
  endfacet
  facet normal 0.936065 0.351826 0
    outer loop
      vertex 137.552 -1.01411 6.2
      vertex 137.491 -0.851814 5
      vertex 137.491 -0.851814 6.2
    endloop
  endfacet
  facet normal 0.936065 0.351826 0
    outer loop
      vertex 137.491 -0.851814 5
      vertex 137.552 -1.01411 6.2
      vertex 137.552 -1.01411 5
    endloop
  endfacet
  facet normal 0.912089 0.409992 0
    outer loop
      vertex 137.623 -1.17206 6.2
      vertex 137.552 -1.01411 5
      vertex 137.552 -1.01411 6.2
    endloop
  endfacet
  facet normal 0.912089 0.409992 0
    outer loop
      vertex 137.552 -1.01411 5
      vertex 137.623 -1.17206 6.2
      vertex 137.623 -1.17206 5
    endloop
  endfacet
  facet normal -0.986872 -0.161503 0
    outer loop
      vertex 142.627 0.345894 5
      vertex 142.599 0.516989 6.2
      vertex 142.599 0.516989 5
    endloop
  endfacet
  facet normal -0.986872 -0.161503 0
    outer loop
      vertex 142.599 0.516989 6.2
      vertex 142.627 0.345894 5
      vertex 142.627 0.345894 6.2
    endloop
  endfacet
  facet normal -0.881317 -0.472525 0
    outer loop
      vertex 142.377 1.17206 5
      vertex 142.295 1.325 6.2
      vertex 142.295 1.325 5
    endloop
  endfacet
  facet normal -0.881317 -0.472525 0
    outer loop
      vertex 142.295 1.325 6.2
      vertex 142.377 1.17206 5
      vertex 142.377 1.17206 6.2
    endloop
  endfacet
  facet normal -0.773044 -0.634352 0
    outer loop
      vertex 142.102 1.61322 5
      vertex 141.992 1.74727 6.2
      vertex 141.992 1.74727 5
    endloop
  endfacet
  facet normal -0.773044 -0.634352 0
    outer loop
      vertex 141.992 1.74727 6.2
      vertex 142.102 1.61322 5
      vertex 142.102 1.61322 6.2
    endloop
  endfacet
  facet normal -0.812875 -0.582438 0
    outer loop
      vertex 142.203 1.47226 5
      vertex 142.102 1.61322 6.2
      vertex 142.102 1.61322 5
    endloop
  endfacet
  facet normal -0.812875 -0.582438 0
    outer loop
      vertex 142.102 1.61322 6.2
      vertex 142.203 1.47226 5
      vertex 142.203 1.47226 6.2
    endloop
  endfacet
  facet normal -0.032757 -0.999463 0
    outer loop
      vertex 140 2.65 5
      vertex 140.173 2.64433 6.2
      vertex 140 2.65 6.2
    endloop
  endfacet
  facet normal -0.032757 -0.999463 -0
    outer loop
      vertex 140.173 2.64433 6.2
      vertex 140 2.65 5
      vertex 140.173 2.64433 5
    endloop
  endfacet
  facet normal -0.634528 -0.7729 0
    outer loop
      vertex 141.613 2.10239 5
      vertex 141.747 1.99238 6.2
      vertex 141.613 2.10239 6.2
    endloop
  endfacet
  facet normal -0.634528 -0.7729 -0
    outer loop
      vertex 141.747 1.99238 6.2
      vertex 141.613 2.10239 5
      vertex 141.747 1.99238 5
    endloop
  endfacet
  facet normal -0.471216 -0.882018 0
    outer loop
      vertex 141.172 2.37671 5
      vertex 141.325 2.29497 6.2
      vertex 141.172 2.37671 6.2
    endloop
  endfacet
  facet normal -0.471216 -0.882018 -0
    outer loop
      vertex 141.325 2.29497 6.2
      vertex 141.172 2.37671 5
      vertex 141.325 2.29497 5
    endloop
  endfacet
  facet normal -0.290203 -0.956965 0
    outer loop
      vertex 140.686 2.5597 5
      vertex 140.852 2.50936 6.2
      vertex 140.686 2.5597 6.2
    endloop
  endfacet
  facet normal -0.290203 -0.956965 -0
    outer loop
      vertex 140.852 2.50936 6.2
      vertex 140.686 2.5597 5
      vertex 140.852 2.50936 5
    endloop
  endfacet
  facet normal -0.352794 -0.935701 0
    outer loop
      vertex 140.852 2.50936 5
      vertex 141.014 2.44828 6.2
      vertex 140.852 2.50936 6.2
    endloop
  endfacet
  facet normal -0.352794 -0.935701 -0
    outer loop
      vertex 141.014 2.44828 6.2
      vertex 140.852 2.50936 5
      vertex 141.014 2.44828 5
    endloop
  endfacet
  facet normal -0.162995 -0.986627 0
    outer loop
      vertex 140.346 2.62733 5
      vertex 140.517 2.59908 6.2
      vertex 140.346 2.62733 6.2
    endloop
  endfacet
  facet normal -0.162995 -0.986627 -0
    outer loop
      vertex 140.517 2.59908 6.2
      vertex 140.346 2.62733 5
      vertex 140.517 2.59908 5
    endloop
  endfacet
  facet normal 0.999401 -0.0345977 0
    outer loop
      vertex 137.35 0 6.2
      vertex 137.356 0.173318 5
      vertex 137.356 0.173318 6.2
    endloop
  endfacet
  facet normal 0.999401 -0.0345977 0
    outer loop
      vertex 137.356 0.173318 5
      vertex 137.35 0 6.2
      vertex 137.35 0 5
    endloop
  endfacet
  facet normal 0.955876 -0.293772 0
    outer loop
      vertex 137.44 0.68587 6.2
      vertex 137.491 0.851814 5
      vertex 137.491 0.851814 6.2
    endloop
  endfacet
  facet normal 0.955876 -0.293772 0
    outer loop
      vertex 137.491 0.851814 5
      vertex 137.44 0.68587 6.2
      vertex 137.44 0.68587 5
    endloop
  endfacet
  facet normal 0.936065 -0.351826 0
    outer loop
      vertex 137.491 0.851814 6.2
      vertex 137.552 1.01411 5
      vertex 137.552 1.01411 6.2
    endloop
  endfacet
  facet normal 0.936065 -0.351826 0
    outer loop
      vertex 137.552 1.01411 5
      vertex 137.491 0.851814 6.2
      vertex 137.491 0.851814 5
    endloop
  endfacet
  facet normal 0.986872 -0.161503 0
    outer loop
      vertex 137.373 0.345894 6.2
      vertex 137.401 0.516989 5
      vertex 137.401 0.516989 6.2
    endloop
  endfacet
  facet normal 0.986872 -0.161503 0
    outer loop
      vertex 137.401 0.516989 5
      vertex 137.373 0.345894 6.2
      vertex 137.373 0.345894 5
    endloop
  endfacet
  facet normal 0.881317 -0.472525 0
    outer loop
      vertex 137.623 1.17206 6.2
      vertex 137.705 1.325 5
      vertex 137.705 1.325 6.2
    endloop
  endfacet
  facet normal 0.881317 -0.472525 0
    outer loop
      vertex 137.705 1.325 5
      vertex 137.623 1.17206 6.2
      vertex 137.623 1.17206 5
    endloop
  endfacet
  facet normal 0.773044 -0.634352 0
    outer loop
      vertex 137.898 1.61322 6.2
      vertex 138.008 1.74727 5
      vertex 138.008 1.74727 6.2
    endloop
  endfacet
  facet normal 0.773044 -0.634352 0
    outer loop
      vertex 138.008 1.74727 5
      vertex 137.898 1.61322 6.2
      vertex 137.898 1.61322 5
    endloop
  endfacet
  facet normal 0.290203 -0.956965 0
    outer loop
      vertex 139.148 2.50936 5
      vertex 139.314 2.5597 6.2
      vertex 139.148 2.50936 6.2
    endloop
  endfacet
  facet normal 0.290203 -0.956965 0
    outer loop
      vertex 139.314 2.5597 6.2
      vertex 139.148 2.50936 5
      vertex 139.314 2.5597 5
    endloop
  endfacet
  facet normal 0.032757 -0.999463 0
    outer loop
      vertex 139.827 2.64433 5
      vertex 140 2.65 6.2
      vertex 139.827 2.64433 6.2
    endloop
  endfacet
  facet normal 0.032757 -0.999463 0
    outer loop
      vertex 140 2.65 6.2
      vertex 139.827 2.64433 5
      vertex 140 2.65 5
    endloop
  endfacet
  facet normal 0.412617 -0.910905 0
    outer loop
      vertex 138.828 2.37671 5
      vertex 138.986 2.44828 6.2
      vertex 138.828 2.37671 6.2
    endloop
  endfacet
  facet normal 0.412617 -0.910905 0
    outer loop
      vertex 138.986 2.44828 6.2
      vertex 138.828 2.37671 5
      vertex 138.986 2.44828 5
    endloop
  endfacet
  facet normal 0.634528 -0.7729 0
    outer loop
      vertex 138.253 1.99238 5
      vertex 138.387 2.10239 6.2
      vertex 138.253 1.99238 6.2
    endloop
  endfacet
  facet normal 0.634528 -0.7729 0
    outer loop
      vertex 138.387 2.10239 6.2
      vertex 138.253 1.99238 5
      vertex 138.387 2.10239 5
    endloop
  endfacet
  facet normal 0.582328 -0.812954 0
    outer loop
      vertex 138.387 2.10239 5
      vertex 138.528 2.20339 6.2
      vertex 138.387 2.10239 6.2
    endloop
  endfacet
  facet normal 0.582328 -0.812954 0
    outer loop
      vertex 138.528 2.20339 6.2
      vertex 138.387 2.10239 5
      vertex 138.528 2.20339 5
    endloop
  endfacet
  facet normal -0.995183 0.0980328 0
    outer loop
      vertex 142.627 -0.345894 5
      vertex 142.644 -0.173318 6.2
      vertex 142.644 -0.173318 5
    endloop
  endfacet
  facet normal -0.995183 0.0980328 0
    outer loop
      vertex 142.644 -0.173318 6.2
      vertex 142.627 -0.345894 5
      vertex 142.627 -0.345894 6.2
    endloop
  endfacet
  facet normal -0.032757 0.999463 0
    outer loop
      vertex 140.173 -2.64433 5
      vertex 140 -2.65 6.2
      vertex 140.173 -2.64433 6.2
    endloop
  endfacet
  facet normal -0.032757 0.999463 0
    outer loop
      vertex 140 -2.65 6.2
      vertex 140.173 -2.64433 5
      vertex 140 -2.65 5
    endloop
  endfacet
  facet normal -0.936065 0.351826 0
    outer loop
      vertex 142.448 -1.01411 5
      vertex 142.509 -0.851814 6.2
      vertex 142.509 -0.851814 5
    endloop
  endfacet
  facet normal -0.936065 0.351826 0
    outer loop
      vertex 142.509 -0.851814 6.2
      vertex 142.448 -1.01411 5
      vertex 142.448 -1.01411 6.2
    endloop
  endfacet
  facet normal -0.974356 0.22501 0
    outer loop
      vertex 142.56 -0.68587 5
      vertex 142.599 -0.516989 6.2
      vertex 142.599 -0.516989 5
    endloop
  endfacet
  facet normal -0.974356 0.22501 0
    outer loop
      vertex 142.599 -0.516989 6.2
      vertex 142.56 -0.68587 5
      vertex 142.56 -0.68587 6.2
    endloop
  endfacet
  facet normal -0.0977949 0.995207 0
    outer loop
      vertex 140.346 -2.62733 5
      vertex 140.173 -2.64433 6.2
      vertex 140.346 -2.62733 6.2
    endloop
  endfacet
  facet normal -0.0977949 0.995207 0
    outer loop
      vertex 140.173 -2.64433 6.2
      vertex 140.346 -2.62733 5
      vertex 140.173 -2.64433 5
    endloop
  endfacet
  facet normal -0.290203 0.956965 0
    outer loop
      vertex 140.852 -2.50936 5
      vertex 140.686 -2.5597 6.2
      vertex 140.852 -2.50936 6.2
    endloop
  endfacet
  facet normal -0.290203 0.956965 0
    outer loop
      vertex 140.686 -2.5597 6.2
      vertex 140.852 -2.50936 5
      vertex 140.686 -2.5597 5
    endloop
  endfacet
  facet normal -0.582328 0.812954 0
    outer loop
      vertex 141.613 -2.10239 5
      vertex 141.472 -2.20339 6.2
      vertex 141.613 -2.10239 6.2
    endloop
  endfacet
  facet normal -0.582328 0.812954 0
    outer loop
      vertex 141.472 -2.20339 6.2
      vertex 141.613 -2.10239 5
      vertex 141.472 -2.20339 5
    endloop
  endfacet
  facet normal -0.68237 0.731007 0
    outer loop
      vertex 141.874 -1.87383 5
      vertex 141.747 -1.99238 6.2
      vertex 141.874 -1.87383 6.2
    endloop
  endfacet
  facet normal -0.68237 0.731007 0
    outer loop
      vertex 141.747 -1.99238 6.2
      vertex 141.874 -1.87383 5
      vertex 141.747 -1.99238 5
    endloop
  endfacet
  facet normal -0.528774 0.848763 0
    outer loop
      vertex 141.472 -2.20339 5
      vertex 141.325 -2.29497 6.2
      vertex 141.472 -2.20339 6.2
    endloop
  endfacet
  facet normal -0.528774 0.848763 0
    outer loop
      vertex 141.325 -2.29497 6.2
      vertex 141.472 -2.20339 5
      vertex 141.325 -2.29497 5
    endloop
  endfacet
  facet normal -0.412617 0.910905 0
    outer loop
      vertex 141.172 -2.37671 5
      vertex 141.014 -2.44828 6.2
      vertex 141.172 -2.37671 6.2
    endloop
  endfacet
  facet normal -0.412617 0.910905 0
    outer loop
      vertex 141.014 -2.44828 6.2
      vertex 141.172 -2.37671 5
      vertex 141.014 -2.44828 5
    endloop
  endfacet
  facet normal -0.881317 0.472525 0
    outer loop
      vertex 142.295 -1.325 5
      vertex 142.377 -1.17206 6.2
      vertex 142.377 -1.17206 5
    endloop
  endfacet
  facet normal -0.881317 0.472525 0
    outer loop
      vertex 142.377 -1.17206 6.2
      vertex 142.295 -1.325 5
      vertex 142.295 -1.325 6.2
    endloop
  endfacet
  facet normal -0.773044 0.634352 0
    outer loop
      vertex 141.992 -1.74727 5
      vertex 142.102 -1.61322 6.2
      vertex 142.102 -1.61322 5
    endloop
  endfacet
  facet normal -0.773044 0.634352 0
    outer loop
      vertex 142.102 -1.61322 6.2
      vertex 141.992 -1.74727 5
      vertex 141.992 -1.74727 6.2
    endloop
  endfacet
  facet normal 0.032757 0.999463 -0
    outer loop
      vertex 140 -2.65 5
      vertex 139.827 -2.64433 6.2
      vertex 140 -2.65 6.2
    endloop
  endfacet
  facet normal 0.032757 0.999463 0
    outer loop
      vertex 139.827 -2.64433 6.2
      vertex 140 -2.65 5
      vertex 139.827 -2.64433 5
    endloop
  endfacet
  facet normal 0.352794 0.935701 -0
    outer loop
      vertex 139.148 -2.50936 5
      vertex 138.986 -2.44828 6.2
      vertex 139.148 -2.50936 6.2
    endloop
  endfacet
  facet normal 0.352794 0.935701 0
    outer loop
      vertex 138.986 -2.44828 6.2
      vertex 139.148 -2.50936 5
      vertex 138.986 -2.44828 5
    endloop
  endfacet
  facet normal 0.226938 0.973909 -0
    outer loop
      vertex 139.483 -2.59908 5
      vertex 139.314 -2.5597 6.2
      vertex 139.483 -2.59908 6.2
    endloop
  endfacet
  facet normal 0.226938 0.973909 0
    outer loop
      vertex 139.314 -2.5597 6.2
      vertex 139.483 -2.59908 5
      vertex 139.314 -2.5597 5
    endloop
  endfacet
  facet normal 0.471216 0.882018 -0
    outer loop
      vertex 138.828 -2.37671 5
      vertex 138.675 -2.29497 6.2
      vertex 138.828 -2.37671 6.2
    endloop
  endfacet
  facet normal 0.471216 0.882018 0
    outer loop
      vertex 138.675 -2.29497 6.2
      vertex 138.828 -2.37671 5
      vertex 138.675 -2.29497 5
    endloop
  endfacet
  facet normal 0.634528 0.7729 -0
    outer loop
      vertex 138.387 -2.10239 5
      vertex 138.253 -1.99238 6.2
      vertex 138.387 -2.10239 6.2
    endloop
  endfacet
  facet normal 0.634528 0.7729 0
    outer loop
      vertex 138.253 -1.99238 6.2
      vertex 138.387 -2.10239 5
      vertex 138.253 -1.99238 5
    endloop
  endfacet
  facet normal 0.955876 0.293772 0
    outer loop
      vertex 137.491 -0.851814 6.2
      vertex 137.44 -0.68587 5
      vertex 137.44 -0.68587 6.2
    endloop
  endfacet
  facet normal 0.955876 0.293772 0
    outer loop
      vertex 137.44 -0.68587 5
      vertex 137.491 -0.851814 6.2
      vertex 137.491 -0.851814 5
    endloop
  endfacet
  facet normal 0.999401 0.0345977 0
    outer loop
      vertex 137.356 -0.173318 6.2
      vertex 137.35 0 5
      vertex 137.35 0 6.2
    endloop
  endfacet
  facet normal 0.999401 0.0345977 0
    outer loop
      vertex 137.35 0 5
      vertex 137.356 -0.173318 6.2
      vertex 137.356 -0.173318 5
    endloop
  endfacet
  facet normal 0.986872 0.161503 0
    outer loop
      vertex 137.401 -0.516989 6.2
      vertex 137.373 -0.345894 5
      vertex 137.373 -0.345894 6.2
    endloop
  endfacet
  facet normal 0.986872 0.161503 0
    outer loop
      vertex 137.373 -0.345894 5
      vertex 137.401 -0.516989 6.2
      vertex 137.401 -0.516989 5
    endloop
  endfacet
  facet normal 0.848095 0.529844 0
    outer loop
      vertex 137.797 -1.47226 6.2
      vertex 137.705 -1.325 5
      vertex 137.705 -1.325 6.2
    endloop
  endfacet
  facet normal 0.848095 0.529844 0
    outer loop
      vertex 137.705 -1.325 5
      vertex 137.797 -1.47226 6.2
      vertex 137.797 -1.47226 5
    endloop
  endfacet
  facet normal 0.812875 0.582438 0
    outer loop
      vertex 137.898 -1.61322 6.2
      vertex 137.797 -1.47226 5
      vertex 137.797 -1.47226 6.2
    endloop
  endfacet
  facet normal 0.812875 0.582438 0
    outer loop
      vertex 137.797 -1.47226 5
      vertex 137.898 -1.61322 6.2
      vertex 137.898 -1.61322 5
    endloop
  endfacet
  facet normal 0.731409 0.681939 0
    outer loop
      vertex 138.126 -1.87383 6.2
      vertex 138.008 -1.74727 5
      vertex 138.008 -1.74727 6.2
    endloop
  endfacet
  facet normal 0.731409 0.681939 0
    outer loop
      vertex 138.008 -1.74727 5
      vertex 138.126 -1.87383 6.2
      vertex 138.126 -1.87383 5
    endloop
  endfacet
  facet normal -0.0977949 -0.995207 0
    outer loop
      vertex 140.173 2.64433 5
      vertex 140.346 2.62733 6.2
      vertex 140.173 2.64433 6.2
    endloop
  endfacet
  facet normal -0.0977949 -0.995207 -0
    outer loop
      vertex 140.346 2.62733 6.2
      vertex 140.173 2.64433 5
      vertex 140.346 2.62733 5
    endloop
  endfacet
  facet normal -0.999401 0.0345977 0
    outer loop
      vertex 142.644 -0.173318 5
      vertex 142.65 0 6.2
      vertex 142.65 0 5
    endloop
  endfacet
  facet normal -0.999401 0.0345977 0
    outer loop
      vertex 142.65 0 6.2
      vertex 142.644 -0.173318 5
      vertex 142.644 -0.173318 6.2
    endloop
  endfacet
  facet normal -0.955876 0.293772 0
    outer loop
      vertex 142.509 -0.851814 5
      vertex 142.56 -0.68587 6.2
      vertex 142.56 -0.68587 5
    endloop
  endfacet
  facet normal -0.955876 0.293772 0
    outer loop
      vertex 142.56 -0.68587 6.2
      vertex 142.509 -0.851814 5
      vertex 142.509 -0.851814 6.2
    endloop
  endfacet
  facet normal -0.986872 0.161503 0
    outer loop
      vertex 142.599 -0.516989 5
      vertex 142.627 -0.345894 6.2
      vertex 142.627 -0.345894 5
    endloop
  endfacet
  facet normal -0.986872 0.161503 0
    outer loop
      vertex 142.627 -0.345894 6.2
      vertex 142.599 -0.516989 5
      vertex 142.599 -0.516989 6.2
    endloop
  endfacet
  facet normal -0.352794 0.935701 0
    outer loop
      vertex 141.014 -2.44828 5
      vertex 140.852 -2.50936 6.2
      vertex 141.014 -2.44828 6.2
    endloop
  endfacet
  facet normal -0.352794 0.935701 0
    outer loop
      vertex 140.852 -2.50936 6.2
      vertex 141.014 -2.44828 5
      vertex 140.852 -2.50936 5
    endloop
  endfacet
  facet normal -0.634528 0.7729 0
    outer loop
      vertex 141.747 -1.99238 5
      vertex 141.613 -2.10239 6.2
      vertex 141.747 -1.99238 6.2
    endloop
  endfacet
  facet normal -0.634528 0.7729 0
    outer loop
      vertex 141.613 -2.10239 6.2
      vertex 141.747 -1.99238 5
      vertex 141.613 -2.10239 5
    endloop
  endfacet
  facet normal -0.471216 0.882018 0
    outer loop
      vertex 141.325 -2.29497 5
      vertex 141.172 -2.37671 6.2
      vertex 141.325 -2.29497 6.2
    endloop
  endfacet
  facet normal -0.471216 0.882018 0
    outer loop
      vertex 141.172 -2.37671 6.2
      vertex 141.325 -2.29497 5
      vertex 141.172 -2.37671 5
    endloop
  endfacet
  facet normal -0.912089 0.409992 0
    outer loop
      vertex 142.377 -1.17206 5
      vertex 142.448 -1.01411 6.2
      vertex 142.448 -1.01411 5
    endloop
  endfacet
  facet normal -0.912089 0.409992 0
    outer loop
      vertex 142.448 -1.01411 6.2
      vertex 142.377 -1.17206 5
      vertex 142.377 -1.17206 6.2
    endloop
  endfacet
  facet normal -0.812875 0.582438 0
    outer loop
      vertex 142.102 -1.61322 5
      vertex 142.203 -1.47226 6.2
      vertex 142.203 -1.47226 5
    endloop
  endfacet
  facet normal -0.812875 0.582438 0
    outer loop
      vertex 142.203 -1.47226 6.2
      vertex 142.102 -1.61322 5
      vertex 142.102 -1.61322 6.2
    endloop
  endfacet
  facet normal 0.290203 0.956965 -0
    outer loop
      vertex 139.314 -2.5597 5
      vertex 139.148 -2.50936 6.2
      vertex 139.314 -2.5597 6.2
    endloop
  endfacet
  facet normal 0.290203 0.956965 0
    outer loop
      vertex 139.148 -2.50936 6.2
      vertex 139.314 -2.5597 5
      vertex 139.148 -2.50936 5
    endloop
  endfacet
  facet normal 0.412617 0.910905 -0
    outer loop
      vertex 138.986 -2.44828 5
      vertex 138.828 -2.37671 6.2
      vertex 138.986 -2.44828 6.2
    endloop
  endfacet
  facet normal 0.412617 0.910905 0
    outer loop
      vertex 138.828 -2.37671 6.2
      vertex 138.986 -2.44828 5
      vertex 138.828 -2.37671 5
    endloop
  endfacet
  facet normal 0.582328 0.812954 -0
    outer loop
      vertex 138.528 -2.20339 5
      vertex 138.387 -2.10239 6.2
      vertex 138.528 -2.20339 6.2
    endloop
  endfacet
  facet normal 0.582328 0.812954 0
    outer loop
      vertex 138.387 -2.10239 6.2
      vertex 138.528 -2.20339 5
      vertex 138.387 -2.10239 5
    endloop
  endfacet
  facet normal 0.995183 0.0980328 0
    outer loop
      vertex 137.373 -0.345894 6.2
      vertex 137.356 -0.173318 5
      vertex 137.356 -0.173318 6.2
    endloop
  endfacet
  facet normal 0.995183 0.0980328 0
    outer loop
      vertex 137.356 -0.173318 5
      vertex 137.373 -0.345894 6.2
      vertex 137.373 -0.345894 5
    endloop
  endfacet
  facet normal 0.881317 0.472525 0
    outer loop
      vertex 137.705 -1.325 6.2
      vertex 137.623 -1.17206 5
      vertex 137.623 -1.17206 6.2
    endloop
  endfacet
  facet normal 0.881317 0.472525 0
    outer loop
      vertex 137.623 -1.17206 5
      vertex 137.705 -1.325 6.2
      vertex 137.705 -1.325 5
    endloop
  endfacet
  facet normal 0.773044 0.634352 0
    outer loop
      vertex 138.008 -1.74727 6.2
      vertex 137.898 -1.61322 5
      vertex 137.898 -1.61322 6.2
    endloop
  endfacet
  facet normal 0.773044 0.634352 0
    outer loop
      vertex 137.898 -1.61322 5
      vertex 138.008 -1.74727 6.2
      vertex 138.008 -1.74727 5
    endloop
  endfacet
  facet normal -0.866025 -0.5 0
    outer loop
      vertex 144.7 0 6.2
      vertex 142.35 4.07032 10.4
      vertex 142.35 4.07032 6.2
    endloop
  endfacet
  facet normal -0.866025 -0.5 0
    outer loop
      vertex 142.35 4.07032 10.4
      vertex 144.7 0 6.2
      vertex 144.7 0 10.4
    endloop
  endfacet
  facet normal 0.866024 -0.500002 0
    outer loop
      vertex 137.4 3.63731 10.4
      vertex 137.65 4.07032 6.2
      vertex 137.65 4.07032 10.4
    endloop
  endfacet
  facet normal 0.866026 -0.5 0
    outer loop
      vertex 135.3 0 6.2
      vertex 137.4 3.63731 10.4
      vertex 135.3 0 10.4
    endloop
  endfacet
  facet normal 0.866025 -0.5 3.29281e-07
    outer loop
      vertex 137.4 3.63731 10.4
      vertex 135.3 0 6.2
      vertex 137.65 4.07032 6.2
    endloop
  endfacet
  facet normal 0 -1 0
    outer loop
      vertex 137.65 4.07032 6.2
      vertex 142.35 4.07032 10.4
      vertex 137.65 4.07032 10.4
    endloop
  endfacet
  facet normal 0 -1 -0
    outer loop
      vertex 142.35 4.07032 10.4
      vertex 137.65 4.07032 6.2
      vertex 142.35 4.07032 6.2
    endloop
  endfacet
  facet normal -0.866025 0.5 0
    outer loop
      vertex 142.35 -4.07032 6.2
      vertex 144.7 0 10.4
      vertex 144.7 0 6.2
    endloop
  endfacet
  facet normal -0.866025 0.5 0
    outer loop
      vertex 144.7 0 10.4
      vertex 142.35 -4.07032 6.2
      vertex 142.35 -4.07032 10.4
    endloop
  endfacet
  facet normal 0 0 1
    outer loop
      vertex 144.7 0 6.2
      vertex 142.644 0.173318 6.2
      vertex 142.65 0 6.2
    endloop
  endfacet
  facet normal 0 0 1
    outer loop
      vertex 144.7 0 6.2
      vertex 142.627 0.345894 6.2
      vertex 142.644 0.173318 6.2
    endloop
  endfacet
  facet normal 0 0 1
    outer loop
      vertex 144.7 0 6.2
      vertex 142.599 0.516989 6.2
      vertex 142.627 0.345894 6.2
    endloop
  endfacet
  facet normal 0 0 1
    outer loop
      vertex 144.7 0 6.2
      vertex 142.56 0.68587 6.2
      vertex 142.599 0.516989 6.2
    endloop
  endfacet
  facet normal 0 0 1
    outer loop
      vertex 144.7 0 6.2
      vertex 142.509 0.851814 6.2
      vertex 142.56 0.68587 6.2
    endloop
  endfacet
  facet normal 0 0 1
    outer loop
      vertex 144.7 0 6.2
      vertex 142.448 1.01411 6.2
      vertex 142.509 0.851814 6.2
    endloop
  endfacet
  facet normal 0 0 1
    outer loop
      vertex 144.7 0 6.2
      vertex 142.377 1.17206 6.2
      vertex 142.448 1.01411 6.2
    endloop
  endfacet
  facet normal -0 0 1
    outer loop
      vertex 142.295 1.325 6.2
      vertex 144.7 0 6.2
      vertex 142.35 4.07032 6.2
    endloop
  endfacet
  facet normal 0 0 1
    outer loop
      vertex 144.7 0 6.2
      vertex 142.295 1.325 6.2
      vertex 142.377 1.17206 6.2
    endloop
  endfacet
  facet normal 0 0 1
    outer loop
      vertex 142.35 4.07032 6.2
      vertex 142.203 1.47226 6.2
      vertex 142.295 1.325 6.2
    endloop
  endfacet
  facet normal 0 0 1
    outer loop
      vertex 142.35 4.07032 6.2
      vertex 142.102 1.61322 6.2
      vertex 142.203 1.47226 6.2
    endloop
  endfacet
  facet normal 0 0 1
    outer loop
      vertex 142.35 4.07032 6.2
      vertex 141.992 1.74727 6.2
      vertex 142.102 1.61322 6.2
    endloop
  endfacet
  facet normal 0 0 1
    outer loop
      vertex 142.35 4.07032 6.2
      vertex 141.874 1.87383 6.2
      vertex 141.992 1.74727 6.2
    endloop
  endfacet
  facet normal 0 0 1
    outer loop
      vertex 142.35 4.07032 6.2
      vertex 141.747 1.99238 6.2
      vertex 141.874 1.87383 6.2
    endloop
  endfacet
  facet normal 0 0 1
    outer loop
      vertex 142.35 4.07032 6.2
      vertex 141.613 2.10239 6.2
      vertex 141.747 1.99238 6.2
    endloop
  endfacet
  facet normal 0 0 1
    outer loop
      vertex 142.35 4.07032 6.2
      vertex 141.472 2.20339 6.2
      vertex 141.613 2.10239 6.2
    endloop
  endfacet
  facet normal 0 0 1
    outer loop
      vertex 142.35 4.07032 6.2
      vertex 141.325 2.29497 6.2
      vertex 141.472 2.20339 6.2
    endloop
  endfacet
  facet normal 0 0 1
    outer loop
      vertex 142.35 4.07032 6.2
      vertex 141.172 2.37671 6.2
      vertex 141.325 2.29497 6.2
    endloop
  endfacet
  facet normal 0 0 1
    outer loop
      vertex 142.35 4.07032 6.2
      vertex 141.014 2.44828 6.2
      vertex 141.172 2.37671 6.2
    endloop
  endfacet
  facet normal 0 0 1
    outer loop
      vertex 142.35 4.07032 6.2
      vertex 140.852 2.50936 6.2
      vertex 141.014 2.44828 6.2
    endloop
  endfacet
  facet normal 0 0 1
    outer loop
      vertex 142.35 4.07032 6.2
      vertex 140.686 2.5597 6.2
      vertex 140.852 2.50936 6.2
    endloop
  endfacet
  facet normal 0 0 1
    outer loop
      vertex 142.35 4.07032 6.2
      vertex 140.517 2.59908 6.2
      vertex 140.686 2.5597 6.2
    endloop
  endfacet
  facet normal 0 0 1
    outer loop
      vertex 142.35 4.07032 6.2
      vertex 140.346 2.62733 6.2
      vertex 140.517 2.59908 6.2
    endloop
  endfacet
  facet normal 0 0 1
    outer loop
      vertex 142.35 4.07032 6.2
      vertex 140.173 2.64433 6.2
      vertex 140.346 2.62733 6.2
    endloop
  endfacet
  facet normal 0 0 1
    outer loop
      vertex 142.35 4.07032 6.2
      vertex 140 2.65 6.2
      vertex 140.173 2.64433 6.2
    endloop
  endfacet
  facet normal -0 0 1
    outer loop
      vertex 137.65 4.07032 6.2
      vertex 140 2.65 6.2
      vertex 142.35 4.07032 6.2
    endloop
  endfacet
  facet normal 0 0 1
    outer loop
      vertex 140 2.65 6.2
      vertex 137.65 4.07032 6.2
      vertex 139.827 2.64433 6.2
    endloop
  endfacet
  facet normal 0 0 1
    outer loop
      vertex 139.827 2.64433 6.2
      vertex 137.65 4.07032 6.2
      vertex 139.654 2.62733 6.2
    endloop
  endfacet
  facet normal 0 0 1
    outer loop
      vertex 139.654 2.62733 6.2
      vertex 137.65 4.07032 6.2
      vertex 139.483 2.59908 6.2
    endloop
  endfacet
  facet normal 0 0 1
    outer loop
      vertex 139.483 2.59908 6.2
      vertex 137.65 4.07032 6.2
      vertex 139.314 2.5597 6.2
    endloop
  endfacet
  facet normal 0 0 1
    outer loop
      vertex 139.314 2.5597 6.2
      vertex 137.65 4.07032 6.2
      vertex 139.148 2.50936 6.2
    endloop
  endfacet
  facet normal 0 0 1
    outer loop
      vertex 139.148 2.50936 6.2
      vertex 137.65 4.07032 6.2
      vertex 138.986 2.44828 6.2
    endloop
  endfacet
  facet normal 0 0 1
    outer loop
      vertex 138.986 2.44828 6.2
      vertex 137.65 4.07032 6.2
      vertex 138.828 2.37671 6.2
    endloop
  endfacet
  facet normal 0 0 1
    outer loop
      vertex 137.65 4.07032 6.2
      vertex 138.675 2.29497 6.2
      vertex 138.828 2.37671 6.2
    endloop
  endfacet
  facet normal 0 0 1
    outer loop
      vertex 137.65 4.07032 6.2
      vertex 138.528 2.20339 6.2
      vertex 138.675 2.29497 6.2
    endloop
  endfacet
  facet normal 0 0 1
    outer loop
      vertex 137.65 4.07032 6.2
      vertex 138.387 2.10239 6.2
      vertex 138.528 2.20339 6.2
    endloop
  endfacet
  facet normal 0 0 1
    outer loop
      vertex 137.65 4.07032 6.2
      vertex 138.253 1.99238 6.2
      vertex 138.387 2.10239 6.2
    endloop
  endfacet
  facet normal 0 0 1
    outer loop
      vertex 137.65 4.07032 6.2
      vertex 138.126 1.87383 6.2
      vertex 138.253 1.99238 6.2
    endloop
  endfacet
  facet normal 0 0 1
    outer loop
      vertex 137.65 4.07032 6.2
      vertex 138.008 1.74727 6.2
      vertex 138.126 1.87383 6.2
    endloop
  endfacet
  facet normal 0 0 1
    outer loop
      vertex 137.65 4.07032 6.2
      vertex 137.898 1.61322 6.2
      vertex 138.008 1.74727 6.2
    endloop
  endfacet
  facet normal 0 0 1
    outer loop
      vertex 137.65 4.07032 6.2
      vertex 137.797 1.47226 6.2
      vertex 137.898 1.61322 6.2
    endloop
  endfacet
  facet normal 0 0 1
    outer loop
      vertex 137.65 4.07032 6.2
      vertex 137.705 1.325 6.2
      vertex 137.797 1.47226 6.2
    endloop
  endfacet
  facet normal 0 0 1
    outer loop
      vertex 135.3 0 6.2
      vertex 137.705 1.325 6.2
      vertex 137.65 4.07032 6.2
    endloop
  endfacet
  facet normal 0 0 1
    outer loop
      vertex 137.705 1.325 6.2
      vertex 135.3 0 6.2
      vertex 137.623 1.17206 6.2
    endloop
  endfacet
  facet normal 0 0 1
    outer loop
      vertex 137.623 1.17206 6.2
      vertex 135.3 0 6.2
      vertex 137.552 1.01411 6.2
    endloop
  endfacet
  facet normal 0 0 1
    outer loop
      vertex 137.552 1.01411 6.2
      vertex 135.3 0 6.2
      vertex 137.491 0.851814 6.2
    endloop
  endfacet
  facet normal 0 0 1
    outer loop
      vertex 137.491 0.851814 6.2
      vertex 135.3 0 6.2
      vertex 137.44 0.68587 6.2
    endloop
  endfacet
  facet normal 0 0 1
    outer loop
      vertex 137.44 0.68587 6.2
      vertex 135.3 0 6.2
      vertex 137.401 0.516989 6.2
    endloop
  endfacet
  facet normal 0 0 1
    outer loop
      vertex 137.401 0.516989 6.2
      vertex 135.3 0 6.2
      vertex 137.373 0.345894 6.2
    endloop
  endfacet
  facet normal 0 0 1
    outer loop
      vertex 137.356 0.173318 6.2
      vertex 135.3 0 6.2
      vertex 137.35 0 6.2
    endloop
  endfacet
  facet normal 0 0 1
    outer loop
      vertex 137.373 0.345894 6.2
      vertex 135.3 0 6.2
      vertex 137.356 0.173318 6.2
    endloop
  endfacet
  facet normal 0 0 1
    outer loop
      vertex 142.644 -0.173318 6.2
      vertex 144.7 0 6.2
      vertex 142.65 0 6.2
    endloop
  endfacet
  facet normal 0 0 1
    outer loop
      vertex 142.627 -0.345894 6.2
      vertex 144.7 0 6.2
      vertex 142.644 -0.173318 6.2
    endloop
  endfacet
  facet normal 0 0 1
    outer loop
      vertex 142.599 -0.516989 6.2
      vertex 144.7 0 6.2
      vertex 142.627 -0.345894 6.2
    endloop
  endfacet
  facet normal 0 0 1
    outer loop
      vertex 142.56 -0.68587 6.2
      vertex 144.7 0 6.2
      vertex 142.599 -0.516989 6.2
    endloop
  endfacet
  facet normal 0 0 1
    outer loop
      vertex 142.509 -0.851814 6.2
      vertex 144.7 0 6.2
      vertex 142.56 -0.68587 6.2
    endloop
  endfacet
  facet normal 0 0 1
    outer loop
      vertex 142.448 -1.01411 6.2
      vertex 144.7 0 6.2
      vertex 142.509 -0.851814 6.2
    endloop
  endfacet
  facet normal 0 0 1
    outer loop
      vertex 142.377 -1.17206 6.2
      vertex 144.7 0 6.2
      vertex 142.448 -1.01411 6.2
    endloop
  endfacet
  facet normal 0 0 1
    outer loop
      vertex 142.295 -1.325 6.2
      vertex 144.7 0 6.2
      vertex 142.377 -1.17206 6.2
    endloop
  endfacet
  facet normal 0 0 1
    outer loop
      vertex 144.7 0 6.2
      vertex 142.295 -1.325 6.2
      vertex 142.35 -4.07032 6.2
    endloop
  endfacet
  facet normal -0 0 1
    outer loop
      vertex 142.203 -1.47226 6.2
      vertex 142.35 -4.07032 6.2
      vertex 142.295 -1.325 6.2
    endloop
  endfacet
  facet normal -0 0 1
    outer loop
      vertex 142.102 -1.61322 6.2
      vertex 142.35 -4.07032 6.2
      vertex 142.203 -1.47226 6.2
    endloop
  endfacet
  facet normal -0 0 1
    outer loop
      vertex 141.992 -1.74727 6.2
      vertex 142.35 -4.07032 6.2
      vertex 142.102 -1.61322 6.2
    endloop
  endfacet
  facet normal -0 0 1
    outer loop
      vertex 141.874 -1.87383 6.2
      vertex 142.35 -4.07032 6.2
      vertex 141.992 -1.74727 6.2
    endloop
  endfacet
  facet normal -0 0 1
    outer loop
      vertex 141.747 -1.99238 6.2
      vertex 142.35 -4.07032 6.2
      vertex 141.874 -1.87383 6.2
    endloop
  endfacet
  facet normal -0 0 1
    outer loop
      vertex 141.613 -2.10239 6.2
      vertex 142.35 -4.07032 6.2
      vertex 141.747 -1.99238 6.2
    endloop
  endfacet
  facet normal -0 0 1
    outer loop
      vertex 141.472 -2.20339 6.2
      vertex 142.35 -4.07032 6.2
      vertex 141.613 -2.10239 6.2
    endloop
  endfacet
  facet normal -0 0 1
    outer loop
      vertex 141.325 -2.29497 6.2
      vertex 142.35 -4.07032 6.2
      vertex 141.472 -2.20339 6.2
    endloop
  endfacet
  facet normal -0 0 1
    outer loop
      vertex 141.172 -2.37671 6.2
      vertex 142.35 -4.07032 6.2
      vertex 141.325 -2.29497 6.2
    endloop
  endfacet
  facet normal -0 0 1
    outer loop
      vertex 141.014 -2.44828 6.2
      vertex 142.35 -4.07032 6.2
      vertex 141.172 -2.37671 6.2
    endloop
  endfacet
  facet normal -0 0 1
    outer loop
      vertex 140.852 -2.50936 6.2
      vertex 142.35 -4.07032 6.2
      vertex 141.014 -2.44828 6.2
    endloop
  endfacet
  facet normal -0 0 1
    outer loop
      vertex 140.686 -2.5597 6.2
      vertex 142.35 -4.07032 6.2
      vertex 140.852 -2.50936 6.2
    endloop
  endfacet
  facet normal -0 0 1
    outer loop
      vertex 140.517 -2.59908 6.2
      vertex 142.35 -4.07032 6.2
      vertex 140.686 -2.5597 6.2
    endloop
  endfacet
  facet normal -0 0 1
    outer loop
      vertex 140.346 -2.62733 6.2
      vertex 142.35 -4.07032 6.2
      vertex 140.517 -2.59908 6.2
    endloop
  endfacet
  facet normal -0 0 1
    outer loop
      vertex 140.173 -2.64433 6.2
      vertex 142.35 -4.07032 6.2
      vertex 140.346 -2.62733 6.2
    endloop
  endfacet
  facet normal -0 0 1
    outer loop
      vertex 140 -2.65 6.2
      vertex 142.35 -4.07032 6.2
      vertex 140.173 -2.64433 6.2
    endloop
  endfacet
  facet normal 0 0 1
    outer loop
      vertex 137.65 -4.07032 6.2
      vertex 140 -2.65 6.2
      vertex 139.827 -2.64433 6.2
    endloop
  endfacet
  facet normal 0 0 1
    outer loop
      vertex 137.65 -4.07032 6.2
      vertex 139.827 -2.64433 6.2
      vertex 139.654 -2.62733 6.2
    endloop
  endfacet
  facet normal 0 0 1
    outer loop
      vertex 137.65 -4.07032 6.2
      vertex 139.654 -2.62733 6.2
      vertex 139.483 -2.59908 6.2
    endloop
  endfacet
  facet normal 0 0 1
    outer loop
      vertex 137.65 -4.07032 6.2
      vertex 139.483 -2.59908 6.2
      vertex 139.314 -2.5597 6.2
    endloop
  endfacet
  facet normal 0 0 1
    outer loop
      vertex 137.65 -4.07032 6.2
      vertex 139.314 -2.5597 6.2
      vertex 139.148 -2.50936 6.2
    endloop
  endfacet
  facet normal 0 0 1
    outer loop
      vertex 137.65 -4.07032 6.2
      vertex 139.148 -2.50936 6.2
      vertex 138.986 -2.44828 6.2
    endloop
  endfacet
  facet normal 0 0 1
    outer loop
      vertex 137.65 -4.07032 6.2
      vertex 138.986 -2.44828 6.2
      vertex 138.828 -2.37671 6.2
    endloop
  endfacet
  facet normal 0 0 1
    outer loop
      vertex 140 -2.65 6.2
      vertex 137.65 -4.07032 6.2
      vertex 142.35 -4.07032 6.2
    endloop
  endfacet
  facet normal 0 0 1
    outer loop
      vertex 138.675 -2.29497 6.2
      vertex 137.65 -4.07032 6.2
      vertex 138.828 -2.37671 6.2
    endloop
  endfacet
  facet normal 0 0 1
    outer loop
      vertex 138.528 -2.20339 6.2
      vertex 137.65 -4.07032 6.2
      vertex 138.675 -2.29497 6.2
    endloop
  endfacet
  facet normal 0 0 1
    outer loop
      vertex 138.387 -2.10239 6.2
      vertex 137.65 -4.07032 6.2
      vertex 138.528 -2.20339 6.2
    endloop
  endfacet
  facet normal 0 0 1
    outer loop
      vertex 138.253 -1.99238 6.2
      vertex 137.65 -4.07032 6.2
      vertex 138.387 -2.10239 6.2
    endloop
  endfacet
  facet normal 0 0 1
    outer loop
      vertex 138.126 -1.87383 6.2
      vertex 137.65 -4.07032 6.2
      vertex 138.253 -1.99238 6.2
    endloop
  endfacet
  facet normal 0 0 1
    outer loop
      vertex 138.008 -1.74727 6.2
      vertex 137.65 -4.07032 6.2
      vertex 138.126 -1.87383 6.2
    endloop
  endfacet
  facet normal 0 0 1
    outer loop
      vertex 137.898 -1.61322 6.2
      vertex 137.65 -4.07032 6.2
      vertex 138.008 -1.74727 6.2
    endloop
  endfacet
  facet normal 0 0 1
    outer loop
      vertex 137.797 -1.47226 6.2
      vertex 137.65 -4.07032 6.2
      vertex 137.898 -1.61322 6.2
    endloop
  endfacet
  facet normal 0 0 1
    outer loop
      vertex 137.705 -1.325 6.2
      vertex 137.65 -4.07032 6.2
      vertex 137.797 -1.47226 6.2
    endloop
  endfacet
  facet normal 0 0 1
    outer loop
      vertex 135.3 0 6.2
      vertex 137.705 -1.325 6.2
      vertex 137.623 -1.17206 6.2
    endloop
  endfacet
  facet normal 0 0 1
    outer loop
      vertex 135.3 0 6.2
      vertex 137.623 -1.17206 6.2
      vertex 137.552 -1.01411 6.2
    endloop
  endfacet
  facet normal 0 0 1
    outer loop
      vertex 135.3 0 6.2
      vertex 137.552 -1.01411 6.2
      vertex 137.491 -0.851814 6.2
    endloop
  endfacet
  facet normal 0 0 1
    outer loop
      vertex 135.3 0 6.2
      vertex 137.491 -0.851814 6.2
      vertex 137.44 -0.68587 6.2
    endloop
  endfacet
  facet normal 0 0 1
    outer loop
      vertex 135.3 0 6.2
      vertex 137.44 -0.68587 6.2
      vertex 137.401 -0.516989 6.2
    endloop
  endfacet
  facet normal 0 0 1
    outer loop
      vertex 135.3 0 6.2
      vertex 137.401 -0.516989 6.2
      vertex 137.373 -0.345894 6.2
    endloop
  endfacet
  facet normal 0 0 1
    outer loop
      vertex 135.3 0 6.2
      vertex 137.373 -0.345894 6.2
      vertex 137.356 -0.173318 6.2
    endloop
  endfacet
  facet normal 0 0 1
    outer loop
      vertex 137.705 -1.325 6.2
      vertex 135.3 0 6.2
      vertex 137.65 -4.07032 6.2
    endloop
  endfacet
  facet normal -0 0 1
    outer loop
      vertex 135.3 0 6.2
      vertex 137.356 -0.173318 6.2
      vertex 137.35 0 6.2
    endloop
  endfacet
  facet normal 0 1 -0
    outer loop
      vertex 142.35 -4.07032 6.2
      vertex 137.65 -4.07032 10.4
      vertex 142.35 -4.07032 10.4
    endloop
  endfacet
  facet normal 0 1 0
    outer loop
      vertex 137.65 -4.07032 10.4
      vertex 142.35 -4.07032 6.2
      vertex 137.65 -4.07032 6.2
    endloop
  endfacet
  facet normal 0.866026 0.5 0
    outer loop
      vertex 137.4 -3.63731 10.4
      vertex 135.3 0 6.2
      vertex 135.3 0 10.4
    endloop
  endfacet
  facet normal 0.866024 0.500002 -0
    outer loop
      vertex 137.65 -4.07032 6.2
      vertex 137.4 -3.63731 10.4
      vertex 137.65 -4.07032 10.4
    endloop
  endfacet
  facet normal 0.866025 0.5 3.29281e-07
    outer loop
      vertex 137.4 -3.63731 10.4
      vertex 137.65 -4.07032 6.2
      vertex 135.3 0 6.2
    endloop
  endfacet
  facet normal -0.986644 -0.162891 0
    outer loop
      vertex 8.0307 1.05726 0
      vertex 7.94436 1.58023 5
      vertex 7.94436 1.58023 0
    endloop
  endfacet
  facet normal -0.986644 -0.162891 0
    outer loop
      vertex 7.94436 1.58023 5
      vertex 8.0307 1.05726 0
      vertex 8.0307 1.05726 5
    endloop
  endfacet
  facet normal 0.999465 -0.032714 0
    outer loop
      vertex -8.1 0 5
      vertex -8.08266 0.529765 0
      vertex -8.08266 0.529765 5
    endloop
  endfacet
  facet normal 0.999465 -0.032714 0
    outer loop
      vertex -8.08266 0.529765 0
      vertex -8.1 0 5
      vertex -8.1 0 0
    endloop
  endfacet
  facet normal -0.683598 -0.729858 0
    outer loop
      vertex 5.3407 6.0899 0
      vertex 5.72756 5.72756 5
      vertex 5.3407 6.0899 5
    endloop
  endfacet
  facet normal -0.683598 -0.729858 -0
    outer loop
      vertex 5.72756 5.72756 5
      vertex 5.3407 6.0899 0
      vertex 5.72756 5.72756 0
    endloop
  endfacet
  facet normal 0.352248 -0.935907 0
    outer loop
      vertex -3.09974 7.48342 0
      vertex -2.60366 7.67013 5
      vertex -3.09974 7.48342 5
    endloop
  endfacet
  facet normal 0.352248 -0.935907 0
    outer loop
      vertex -2.60366 7.67013 5
      vertex -3.09974 7.48342 0
      vertex -2.60366 7.67013 0
    endloop
  endfacet
  facet normal -0.910867 -0.412701 0
    outer loop
      vertex 7.48342 3.09974 0
      vertex 7.26467 3.58254 5
      vertex 7.26467 3.58254 0
    endloop
  endfacet
  facet normal -0.910867 -0.412701 0
    outer loop
      vertex 7.26467 3.58254 5
      vertex 7.48342 3.09974 0
      vertex 7.48342 3.09974 5
    endloop
  endfacet
  facet normal -0.352248 -0.935907 0
    outer loop
      vertex 2.60366 7.67013 0
      vertex 3.09974 7.48342 5
      vertex 2.60366 7.67013 5
    endloop
  endfacet
  facet normal -0.352248 -0.935907 -0
    outer loop
      vertex 3.09974 7.48342 5
      vertex 2.60366 7.67013 0
      vertex 3.09974 7.48342 0
    endloop
  endfacet
  facet normal 0.849204 -0.528064 0
    outer loop
      vertex -7.0148 4.05 5
      vertex -6.7349 4.50012 0
      vertex -6.7349 4.50012 5
    endloop
  endfacet
  facet normal 0.849204 -0.528064 0
    outer loop
      vertex -6.7349 4.50012 0
      vertex -7.0148 4.05 5
      vertex -7.0148 4.05 0
    endloop
  endfacet
  facet normal 0.812849 -0.582474 0
    outer loop
      vertex -6.7349 4.50012 5
      vertex -6.42616 4.93097 0
      vertex -6.42616 4.93097 5
    endloop
  endfacet
  facet normal 0.812849 -0.582474 0
    outer loop
      vertex -6.42616 4.93097 0
      vertex -6.7349 4.50012 5
      vertex -6.7349 4.50012 0
    endloop
  endfacet
  facet normal -0.999465 0.032714 0
    outer loop
      vertex 8.08266 -0.529765 0
      vertex 8.1 0 5
      vertex 8.1 0 0
    endloop
  endfacet
  facet normal -0.999465 0.032714 0
    outer loop
      vertex 8.1 0 5
      vertex 8.08266 -0.529765 0
      vertex 8.08266 -0.529765 5
    endloop
  endfacet
  facet normal -0.0980289 0.995184 0
    outer loop
      vertex 1.05726 -8.0307 0
      vertex 0.529765 -8.08266 5
      vertex 1.05726 -8.0307 5
    endloop
  endfacet
  facet normal -0.0980289 0.995184 0
    outer loop
      vertex 0.529765 -8.08266 5
      vertex 1.05726 -8.0307 0
      vertex 0.529765 -8.08266 0
    endloop
  endfacet
  facet normal -0.973877 -0.227075 0
    outer loop
      vertex 7.94436 1.58023 0
      vertex 7.824 2.09643 5
      vertex 7.824 2.09643 0
    endloop
  endfacet
  facet normal -0.973877 -0.227075 0
    outer loop
      vertex 7.824 2.09643 5
      vertex 7.94436 1.58023 0
      vertex 7.94436 1.58023 5
    endloop
  endfacet
  facet normal -0.812849 -0.582474 0
    outer loop
      vertex 6.7349 4.50012 0
      vertex 6.42616 4.93097 5
      vertex 6.42616 4.93097 0
    endloop
  endfacet
  facet normal -0.812849 -0.582474 0
    outer loop
      vertex 6.42616 4.93097 5
      vertex 6.7349 4.50012 0
      vertex 6.7349 4.50012 5
    endloop
  endfacet
  facet normal -0.729858 -0.683598 0
    outer loop
      vertex 6.0899 5.3407 0
      vertex 5.72756 5.72756 5
      vertex 5.72756 5.72756 0
    endloop
  endfacet
  facet normal -0.729858 -0.683598 0
    outer loop
      vertex 5.72756 5.72756 5
      vertex 6.0899 5.3407 0
      vertex 6.0899 5.3407 5
    endloop
  endfacet
  facet normal -0.849204 -0.528064 0
    outer loop
      vertex 7.0148 4.05 0
      vertex 6.7349 4.50012 5
      vertex 6.7349 4.50012 0
    endloop
  endfacet
  facet normal -0.849204 -0.528064 0
    outer loop
      vertex 6.7349 4.50012 5
      vertex 7.0148 4.05 0
      vertex 7.0148 4.05 5
    endloop
  endfacet
  facet normal -0.162891 -0.986644 0
    outer loop
      vertex 1.05726 8.0307 0
      vertex 1.58023 7.94436 5
      vertex 1.05726 8.0307 5
    endloop
  endfacet
  facet normal -0.162891 -0.986644 -0
    outer loop
      vertex 1.58023 7.94436 5
      vertex 1.05726 8.0307 0
      vertex 1.58023 7.94436 0
    endloop
  endfacet
  facet normal -0.634397 -0.773007 0
    outer loop
      vertex 4.93097 6.42616 0
      vertex 5.3407 6.0899 5
      vertex 4.93097 6.42616 5
    endloop
  endfacet
  facet normal -0.634397 -0.773007 -0
    outer loop
      vertex 5.3407 6.0899 5
      vertex 4.93097 6.42616 0
      vertex 5.3407 6.0899 0
    endloop
  endfacet
  facet normal -0.412701 -0.910867 0
    outer loop
      vertex 3.09974 7.48342 0
      vertex 3.58254 7.26467 5
      vertex 3.09974 7.48342 5
    endloop
  endfacet
  facet normal -0.412701 -0.910867 -0
    outer loop
      vertex 3.58254 7.26467 5
      vertex 3.09974 7.48342 0
      vertex 3.58254 7.26467 0
    endloop
  endfacet
  facet normal 0.973877 -0.227075 0
    outer loop
      vertex -7.94436 1.58023 5
      vertex -7.824 2.09643 0
      vertex -7.824 2.09643 5
    endloop
  endfacet
  facet normal 0.973877 -0.227075 0
    outer loop
      vertex -7.824 2.09643 0
      vertex -7.94436 1.58023 5
      vertex -7.94436 1.58023 0
    endloop
  endfacet
  facet normal 0.910867 -0.412701 0
    outer loop
      vertex -7.48342 3.09974 5
      vertex -7.26467 3.58254 0
      vertex -7.26467 3.58254 5
    endloop
  endfacet
  facet normal 0.910867 -0.412701 0
    outer loop
      vertex -7.26467 3.58254 0
      vertex -7.48342 3.09974 5
      vertex -7.48342 3.09974 0
    endloop
  endfacet
  facet normal 0.935907 -0.352248 0
    outer loop
      vertex -7.67013 2.60366 5
      vertex -7.48342 3.09974 0
      vertex -7.48342 3.09974 5
    endloop
  endfacet
  facet normal 0.935907 -0.352248 0
    outer loop
      vertex -7.48342 3.09974 0
      vertex -7.67013 2.60366 5
      vertex -7.67013 2.60366 0
    endloop
  endfacet
  facet normal 0.995184 -0.0980289 0
    outer loop
      vertex -8.08266 0.529765 5
      vertex -8.0307 1.05726 0
      vertex -8.0307 1.05726 5
    endloop
  endfacet
  facet normal 0.995184 -0.0980289 0
    outer loop
      vertex -8.0307 1.05726 0
      vertex -8.08266 0.529765 5
      vertex -8.08266 0.529765 0
    endloop
  endfacet
  facet normal 0.528064 -0.849204 0
    outer loop
      vertex -4.50012 6.7349 0
      vertex -4.05 7.0148 5
      vertex -4.50012 6.7349 5
    endloop
  endfacet
  facet normal 0.528064 -0.849204 0
    outer loop
      vertex -4.05 7.0148 5
      vertex -4.50012 6.7349 0
      vertex -4.05 7.0148 0
    endloop
  endfacet
  facet normal 0.412701 -0.910867 0
    outer loop
      vertex -3.58254 7.26467 0
      vertex -3.09974 7.48342 5
      vertex -3.58254 7.26467 5
    endloop
  endfacet
  facet normal 0.412701 -0.910867 0
    outer loop
      vertex -3.09974 7.48342 5
      vertex -3.58254 7.26467 0
      vertex -3.09974 7.48342 0
    endloop
  endfacet
  facet normal 0.582474 -0.812849 0
    outer loop
      vertex -4.93097 6.42616 0
      vertex -4.50012 6.7349 5
      vertex -4.93097 6.42616 5
    endloop
  endfacet
  facet normal 0.582474 -0.812849 0
    outer loop
      vertex -4.50012 6.7349 5
      vertex -4.93097 6.42616 0
      vertex -4.50012 6.7349 0
    endloop
  endfacet
  facet normal 0.0980289 -0.995184 0
    outer loop
      vertex -1.05726 8.0307 0
      vertex -0.529765 8.08266 5
      vertex -1.05726 8.0307 5
    endloop
  endfacet
  facet normal 0.0980289 -0.995184 0
    outer loop
      vertex -0.529765 8.08266 5
      vertex -1.05726 8.0307 0
      vertex -0.529765 8.08266 0
    endloop
  endfacet
  facet normal 0.290291 -0.956939 0
    outer loop
      vertex -2.60366 7.67013 0
      vertex -2.09643 7.824 5
      vertex -2.60366 7.67013 5
    endloop
  endfacet
  facet normal 0.290291 -0.956939 0
    outer loop
      vertex -2.09643 7.824 5
      vertex -2.60366 7.67013 0
      vertex -2.09643 7.824 0
    endloop
  endfacet
  facet normal 0.162891 -0.986644 0
    outer loop
      vertex -1.58023 7.94436 0
      vertex -1.05726 8.0307 5
      vertex -1.58023 7.94436 5
    endloop
  endfacet
  facet normal 0.162891 -0.986644 0
    outer loop
      vertex -1.05726 8.0307 5
      vertex -1.58023 7.94436 0
      vertex -1.05726 8.0307 0
    endloop
  endfacet
  facet normal -0.935907 0.352248 0
    outer loop
      vertex 7.48342 -3.09974 0
      vertex 7.67013 -2.60366 5
      vertex 7.67013 -2.60366 0
    endloop
  endfacet
  facet normal -0.935907 0.352248 0
    outer loop
      vertex 7.67013 -2.60366 5
      vertex 7.48342 -3.09974 0
      vertex 7.48342 -3.09974 5
    endloop
  endfacet
  facet normal 0.812849 0.582474 0
    outer loop
      vertex -6.42616 -4.93097 5
      vertex -6.7349 -4.50012 0
      vertex -6.7349 -4.50012 5
    endloop
  endfacet
  facet normal 0.812849 0.582474 0
    outer loop
      vertex -6.7349 -4.50012 0
      vertex -6.42616 -4.93097 5
      vertex -6.42616 -4.93097 0
    endloop
  endfacet
  facet normal 0.935907 0.352248 0
    outer loop
      vertex -7.48342 -3.09974 5
      vertex -7.67013 -2.60366 0
      vertex -7.67013 -2.60366 5
    endloop
  endfacet
  facet normal 0.935907 0.352248 0
    outer loop
      vertex -7.67013 -2.60366 0
      vertex -7.48342 -3.09974 5
      vertex -7.48342 -3.09974 0
    endloop
  endfacet
  facet normal -0.352248 0.935907 0
    outer loop
      vertex 3.09974 -7.48342 0
      vertex 2.60366 -7.67013 5
      vertex 3.09974 -7.48342 5
    endloop
  endfacet
  facet normal -0.352248 0.935907 0
    outer loop
      vertex 2.60366 -7.67013 5
      vertex 3.09974 -7.48342 0
      vertex 2.60366 -7.67013 0
    endloop
  endfacet
  facet normal -0.995184 -0.0980289 0
    outer loop
      vertex 8.08266 0.529765 0
      vertex 8.0307 1.05726 5
      vertex 8.0307 1.05726 0
    endloop
  endfacet
  facet normal -0.995184 -0.0980289 0
    outer loop
      vertex 8.0307 1.05726 5
      vertex 8.08266 0.529765 0
      vertex 8.08266 0.529765 5
    endloop
  endfacet
  facet normal -0.956939 -0.290291 0
    outer loop
      vertex 7.824 2.09643 0
      vertex 7.67013 2.60366 5
      vertex 7.67013 2.60366 0
    endloop
  endfacet
  facet normal -0.956939 -0.290291 0
    outer loop
      vertex 7.67013 2.60366 5
      vertex 7.824 2.09643 0
      vertex 7.824 2.09643 5
    endloop
  endfacet
  facet normal -0.935907 -0.352248 0
    outer loop
      vertex 7.67013 2.60366 0
      vertex 7.48342 3.09974 5
      vertex 7.48342 3.09974 0
    endloop
  endfacet
  facet normal -0.935907 -0.352248 0
    outer loop
      vertex 7.48342 3.09974 5
      vertex 7.67013 2.60366 0
      vertex 7.67013 2.60366 5
    endloop
  endfacet
  facet normal -0.773007 -0.634397 0
    outer loop
      vertex 6.42616 4.93097 0
      vertex 6.0899 5.3407 5
      vertex 6.0899 5.3407 0
    endloop
  endfacet
  facet normal -0.773007 -0.634397 0
    outer loop
      vertex 6.0899 5.3407 5
      vertex 6.42616 4.93097 0
      vertex 6.42616 4.93097 5
    endloop
  endfacet
  facet normal -0.881915 -0.471408 0
    outer loop
      vertex 7.26467 3.58254 0
      vertex 7.0148 4.05 5
      vertex 7.0148 4.05 0
    endloop
  endfacet
  facet normal -0.881915 -0.471408 0
    outer loop
      vertex 7.0148 4.05 5
      vertex 7.26467 3.58254 0
      vertex 7.26467 3.58254 5
    endloop
  endfacet
  facet normal 0.032714 -0.999465 0
    outer loop
      vertex -0.529765 8.08266 0
      vertex 0 8.1 5
      vertex -0.529765 8.08266 5
    endloop
  endfacet
  facet normal 0.032714 -0.999465 0
    outer loop
      vertex 0 8.1 5
      vertex -0.529765 8.08266 0
      vertex 0 8.1 0
    endloop
  endfacet
  facet normal -0.0980289 -0.995184 0
    outer loop
      vertex 0.529765 8.08266 0
      vertex 1.05726 8.0307 5
      vertex 0.529765 8.08266 5
    endloop
  endfacet
  facet normal -0.0980289 -0.995184 -0
    outer loop
      vertex 1.05726 8.0307 5
      vertex 0.529765 8.08266 0
      vertex 1.05726 8.0307 0
    endloop
  endfacet
  facet normal -0.227075 -0.973877 0
    outer loop
      vertex 1.58023 7.94436 0
      vertex 2.09643 7.824 5
      vertex 1.58023 7.94436 5
    endloop
  endfacet
  facet normal -0.227075 -0.973877 -0
    outer loop
      vertex 2.09643 7.824 5
      vertex 1.58023 7.94436 0
      vertex 2.09643 7.824 0
    endloop
  endfacet
  facet normal -0.471408 -0.881915 0
    outer loop
      vertex 3.58254 7.26467 0
      vertex 4.05 7.0148 5
      vertex 3.58254 7.26467 5
    endloop
  endfacet
  facet normal -0.471408 -0.881915 -0
    outer loop
      vertex 4.05 7.0148 5
      vertex 3.58254 7.26467 0
      vertex 4.05 7.0148 0
    endloop
  endfacet
  facet normal -0.582474 -0.812849 0
    outer loop
      vertex 4.50012 6.7349 0
      vertex 4.93097 6.42616 5
      vertex 4.50012 6.7349 5
    endloop
  endfacet
  facet normal -0.582474 -0.812849 -0
    outer loop
      vertex 4.93097 6.42616 5
      vertex 4.50012 6.7349 0
      vertex 4.93097 6.42616 0
    endloop
  endfacet
  facet normal -0.528064 -0.849204 0
    outer loop
      vertex 4.05 7.0148 0
      vertex 4.50012 6.7349 5
      vertex 4.05 7.0148 5
    endloop
  endfacet
  facet normal -0.528064 -0.849204 -0
    outer loop
      vertex 4.50012 6.7349 5
      vertex 4.05 7.0148 0
      vertex 4.50012 6.7349 0
    endloop
  endfacet
  facet normal 0.773007 -0.634397 0
    outer loop
      vertex -6.42616 4.93097 5
      vertex -6.0899 5.3407 0
      vertex -6.0899 5.3407 5
    endloop
  endfacet
  facet normal 0.773007 -0.634397 0
    outer loop
      vertex -6.0899 5.3407 0
      vertex -6.42616 4.93097 5
      vertex -6.42616 4.93097 0
    endloop
  endfacet
  facet normal 0.881915 -0.471408 0
    outer loop
      vertex -7.26467 3.58254 5
      vertex -7.0148 4.05 0
      vertex -7.0148 4.05 5
    endloop
  endfacet
  facet normal 0.881915 -0.471408 0
    outer loop
      vertex -7.0148 4.05 0
      vertex -7.26467 3.58254 5
      vertex -7.26467 3.58254 0
    endloop
  endfacet
  facet normal 0.956939 -0.290291 0
    outer loop
      vertex -7.824 2.09643 5
      vertex -7.67013 2.60366 0
      vertex -7.67013 2.60366 5
    endloop
  endfacet
  facet normal 0.956939 -0.290291 0
    outer loop
      vertex -7.67013 2.60366 0
      vertex -7.824 2.09643 5
      vertex -7.824 2.09643 0
    endloop
  endfacet
  facet normal 0.986644 -0.162891 0
    outer loop
      vertex -8.0307 1.05726 5
      vertex -7.94436 1.58023 0
      vertex -7.94436 1.58023 5
    endloop
  endfacet
  facet normal 0.986644 -0.162891 0
    outer loop
      vertex -7.94436 1.58023 0
      vertex -8.0307 1.05726 5
      vertex -8.0307 1.05726 0
    endloop
  endfacet
  facet normal 0.683598 -0.729858 0
    outer loop
      vertex -5.72756 5.72756 0
      vertex -5.3407 6.0899 5
      vertex -5.72756 5.72756 5
    endloop
  endfacet
  facet normal 0.683598 -0.729858 0
    outer loop
      vertex -5.3407 6.0899 5
      vertex -5.72756 5.72756 0
      vertex -5.3407 6.0899 0
    endloop
  endfacet
  facet normal 0.471408 -0.881915 0
    outer loop
      vertex -4.05 7.0148 0
      vertex -3.58254 7.26467 5
      vertex -4.05 7.0148 5
    endloop
  endfacet
  facet normal 0.471408 -0.881915 0
    outer loop
      vertex -3.58254 7.26467 5
      vertex -4.05 7.0148 0
      vertex -3.58254 7.26467 0
    endloop
  endfacet
  facet normal 0.227075 -0.973877 0
    outer loop
      vertex -2.09643 7.824 0
      vertex -1.58023 7.94436 5
      vertex -2.09643 7.824 5
    endloop
  endfacet
  facet normal 0.227075 -0.973877 0
    outer loop
      vertex -1.58023 7.94436 5
      vertex -2.09643 7.824 0
      vertex -1.58023 7.94436 0
    endloop
  endfacet
  facet normal -0.999465 -0.032714 0
    outer loop
      vertex 8.1 0 0
      vertex 8.08266 0.529765 5
      vertex 8.08266 0.529765 0
    endloop
  endfacet
  facet normal -0.999465 -0.032714 0
    outer loop
      vertex 8.08266 0.529765 5
      vertex 8.1 0 0
      vertex 8.1 0 5
    endloop
  endfacet
  facet normal -0.986644 0.162891 0
    outer loop
      vertex 7.94436 -1.58023 0
      vertex 8.0307 -1.05726 5
      vertex 8.0307 -1.05726 0
    endloop
  endfacet
  facet normal -0.986644 0.162891 0
    outer loop
      vertex 8.0307 -1.05726 5
      vertex 7.94436 -1.58023 0
      vertex 7.94436 -1.58023 5
    endloop
  endfacet
  facet normal -0.032714 0.999465 0
    outer loop
      vertex 0.529765 -8.08266 0
      vertex 0 -8.1 5
      vertex 0.529765 -8.08266 5
    endloop
  endfacet
  facet normal -0.032714 0.999465 0
    outer loop
      vertex 0 -8.1 5
      vertex 0.529765 -8.08266 0
      vertex 0 -8.1 0
    endloop
  endfacet
  facet normal 0.0980289 0.995184 -0
    outer loop
      vertex -0.529765 -8.08266 0
      vertex -1.05726 -8.0307 5
      vertex -0.529765 -8.08266 5
    endloop
  endfacet
  facet normal 0.0980289 0.995184 0
    outer loop
      vertex -1.05726 -8.0307 5
      vertex -0.529765 -8.08266 0
      vertex -1.05726 -8.0307 0
    endloop
  endfacet
  facet normal 0.773007 0.634397 0
    outer loop
      vertex -6.0899 -5.3407 5
      vertex -6.42616 -4.93097 0
      vertex -6.42616 -4.93097 5
    endloop
  endfacet
  facet normal 0.773007 0.634397 0
    outer loop
      vertex -6.42616 -4.93097 0
      vertex -6.0899 -5.3407 5
      vertex -6.0899 -5.3407 0
    endloop
  endfacet
  facet normal 0.910867 0.412701 0
    outer loop
      vertex -7.26467 -3.58254 5
      vertex -7.48342 -3.09974 0
      vertex -7.48342 -3.09974 5
    endloop
  endfacet
  facet normal 0.910867 0.412701 0
    outer loop
      vertex -7.48342 -3.09974 0
      vertex -7.26467 -3.58254 5
      vertex -7.26467 -3.58254 0
    endloop
  endfacet
  facet normal 0.973877 0.227075 0
    outer loop
      vertex -7.824 -2.09643 5
      vertex -7.94436 -1.58023 0
      vertex -7.94436 -1.58023 5
    endloop
  endfacet
  facet normal 0.973877 0.227075 0
    outer loop
      vertex -7.94436 -1.58023 0
      vertex -7.824 -2.09643 5
      vertex -7.824 -2.09643 0
    endloop
  endfacet
  facet normal 0.999465 0.032714 0
    outer loop
      vertex -8.08266 -0.529765 5
      vertex -8.1 0 0
      vertex -8.1 0 5
    endloop
  endfacet
  facet normal 0.999465 0.032714 0
    outer loop
      vertex -8.1 0 0
      vertex -8.08266 -0.529765 5
      vertex -8.08266 -0.529765 0
    endloop
  endfacet
  facet normal -0.412701 0.910867 0
    outer loop
      vertex 3.58254 -7.26467 0
      vertex 3.09974 -7.48342 5
      vertex 3.58254 -7.26467 5
    endloop
  endfacet
  facet normal -0.412701 0.910867 0
    outer loop
      vertex 3.09974 -7.48342 5
      vertex 3.58254 -7.26467 0
      vertex 3.09974 -7.48342 0
    endloop
  endfacet
  facet normal -0.032714 -0.999465 0
    outer loop
      vertex 0 8.1 0
      vertex 0.529765 8.08266 5
      vertex 0 8.1 5
    endloop
  endfacet
  facet normal -0.032714 -0.999465 -0
    outer loop
      vertex 0.529765 8.08266 5
      vertex 0 8.1 0
      vertex 0.529765 8.08266 0
    endloop
  endfacet
  facet normal -0.290291 -0.956939 0
    outer loop
      vertex 2.09643 7.824 0
      vertex 2.60366 7.67013 5
      vertex 2.09643 7.824 5
    endloop
  endfacet
  facet normal -0.290291 -0.956939 -0
    outer loop
      vertex 2.60366 7.67013 5
      vertex 2.09643 7.824 0
      vertex 2.60366 7.67013 0
    endloop
  endfacet
  facet normal 0.729858 -0.683598 0
    outer loop
      vertex -6.0899 5.3407 5
      vertex -5.72756 5.72756 0
      vertex -5.72756 5.72756 5
    endloop
  endfacet
  facet normal 0.729858 -0.683598 0
    outer loop
      vertex -5.72756 5.72756 0
      vertex -6.0899 5.3407 5
      vertex -6.0899 5.3407 0
    endloop
  endfacet
  facet normal 0.634397 -0.773007 0
    outer loop
      vertex -5.3407 6.0899 0
      vertex -4.93097 6.42616 5
      vertex -5.3407 6.0899 5
    endloop
  endfacet
  facet normal 0.634397 -0.773007 0
    outer loop
      vertex -4.93097 6.42616 5
      vertex -5.3407 6.0899 0
      vertex -4.93097 6.42616 0
    endloop
  endfacet
  facet normal -0.995184 0.0980289 0
    outer loop
      vertex 8.0307 -1.05726 0
      vertex 8.08266 -0.529765 5
      vertex 8.08266 -0.529765 0
    endloop
  endfacet
  facet normal -0.995184 0.0980289 0
    outer loop
      vertex 8.08266 -0.529765 5
      vertex 8.0307 -1.05726 0
      vertex 8.0307 -1.05726 5
    endloop
  endfacet
  facet normal -0.881915 0.471408 0
    outer loop
      vertex 7.0148 -4.05 0
      vertex 7.26467 -3.58254 5
      vertex 7.26467 -3.58254 0
    endloop
  endfacet
  facet normal -0.881915 0.471408 0
    outer loop
      vertex 7.26467 -3.58254 5
      vertex 7.0148 -4.05 0
      vertex 7.0148 -4.05 5
    endloop
  endfacet
  facet normal -0.956939 0.290291 0
    outer loop
      vertex 7.67013 -2.60366 0
      vertex 7.824 -2.09643 5
      vertex 7.824 -2.09643 0
    endloop
  endfacet
  facet normal -0.956939 0.290291 0
    outer loop
      vertex 7.824 -2.09643 5
      vertex 7.67013 -2.60366 0
      vertex 7.67013 -2.60366 5
    endloop
  endfacet
  facet normal -0.973877 0.227075 0
    outer loop
      vertex 7.824 -2.09643 0
      vertex 7.94436 -1.58023 5
      vertex 7.94436 -1.58023 0
    endloop
  endfacet
  facet normal -0.973877 0.227075 0
    outer loop
      vertex 7.94436 -1.58023 5
      vertex 7.824 -2.09643 0
      vertex 7.824 -2.09643 5
    endloop
  endfacet
  facet normal -0.773007 0.634397 0
    outer loop
      vertex 6.0899 -5.3407 0
      vertex 6.42616 -4.93097 5
      vertex 6.42616 -4.93097 0
    endloop
  endfacet
  facet normal -0.773007 0.634397 0
    outer loop
      vertex 6.42616 -4.93097 5
      vertex 6.0899 -5.3407 0
      vertex 6.0899 -5.3407 5
    endloop
  endfacet
  facet normal -0.812849 0.582474 0
    outer loop
      vertex 6.42616 -4.93097 0
      vertex 6.7349 -4.50012 5
      vertex 6.7349 -4.50012 0
    endloop
  endfacet
  facet normal -0.812849 0.582474 0
    outer loop
      vertex 6.7349 -4.50012 5
      vertex 6.42616 -4.93097 0
      vertex 6.42616 -4.93097 5
    endloop
  endfacet
  facet normal -0.849204 0.528064 0
    outer loop
      vertex 6.7349 -4.50012 0
      vertex 7.0148 -4.05 5
      vertex 7.0148 -4.05 0
    endloop
  endfacet
  facet normal -0.849204 0.528064 0
    outer loop
      vertex 7.0148 -4.05 5
      vertex 6.7349 -4.50012 0
      vertex 6.7349 -4.50012 5
    endloop
  endfacet
  facet normal -0.634397 0.773007 0
    outer loop
      vertex 5.3407 -6.0899 0
      vertex 4.93097 -6.42616 5
      vertex 5.3407 -6.0899 5
    endloop
  endfacet
  facet normal -0.634397 0.773007 0
    outer loop
      vertex 4.93097 -6.42616 5
      vertex 5.3407 -6.0899 0
      vertex 4.93097 -6.42616 0
    endloop
  endfacet
  facet normal 0.352248 0.935907 -0
    outer loop
      vertex -2.60366 -7.67013 0
      vertex -3.09974 -7.48342 5
      vertex -2.60366 -7.67013 5
    endloop
  endfacet
  facet normal 0.352248 0.935907 0
    outer loop
      vertex -3.09974 -7.48342 5
      vertex -2.60366 -7.67013 0
      vertex -3.09974 -7.48342 0
    endloop
  endfacet
  facet normal 0.683598 0.729858 -0
    outer loop
      vertex -5.3407 -6.0899 0
      vertex -5.72756 -5.72756 5
      vertex -5.3407 -6.0899 5
    endloop
  endfacet
  facet normal 0.683598 0.729858 0
    outer loop
      vertex -5.72756 -5.72756 5
      vertex -5.3407 -6.0899 0
      vertex -5.72756 -5.72756 0
    endloop
  endfacet
  facet normal 0.729858 0.683598 0
    outer loop
      vertex -5.72756 -5.72756 5
      vertex -6.0899 -5.3407 0
      vertex -6.0899 -5.3407 5
    endloop
  endfacet
  facet normal 0.729858 0.683598 0
    outer loop
      vertex -6.0899 -5.3407 0
      vertex -5.72756 -5.72756 5
      vertex -5.72756 -5.72756 0
    endloop
  endfacet
  facet normal 0.881915 0.471408 0
    outer loop
      vertex -7.0148 -4.05 5
      vertex -7.26467 -3.58254 0
      vertex -7.26467 -3.58254 5
    endloop
  endfacet
  facet normal 0.881915 0.471408 0
    outer loop
      vertex -7.26467 -3.58254 0
      vertex -7.0148 -4.05 5
      vertex -7.0148 -4.05 0
    endloop
  endfacet
  facet normal 0.849204 0.528064 0
    outer loop
      vertex -6.7349 -4.50012 5
      vertex -7.0148 -4.05 0
      vertex -7.0148 -4.05 5
    endloop
  endfacet
  facet normal 0.849204 0.528064 0
    outer loop
      vertex -7.0148 -4.05 0
      vertex -6.7349 -4.50012 5
      vertex -6.7349 -4.50012 0
    endloop
  endfacet
  facet normal 0.986644 0.162891 0
    outer loop
      vertex -7.94436 -1.58023 5
      vertex -8.0307 -1.05726 0
      vertex -8.0307 -1.05726 5
    endloop
  endfacet
  facet normal 0.986644 0.162891 0
    outer loop
      vertex -8.0307 -1.05726 0
      vertex -7.94436 -1.58023 5
      vertex -7.94436 -1.58023 0
    endloop
  endfacet
  facet normal 0.995184 0.0980289 0
    outer loop
      vertex -8.0307 -1.05726 5
      vertex -8.08266 -0.529765 0
      vertex -8.08266 -0.529765 5
    endloop
  endfacet
  facet normal 0.995184 0.0980289 0
    outer loop
      vertex -8.08266 -0.529765 0
      vertex -8.0307 -1.05726 5
      vertex -8.0307 -1.05726 0
    endloop
  endfacet
  facet normal -0.227075 0.973877 0
    outer loop
      vertex 2.09643 -7.824 0
      vertex 1.58023 -7.94436 5
      vertex 2.09643 -7.824 5
    endloop
  endfacet
  facet normal -0.227075 0.973877 0
    outer loop
      vertex 1.58023 -7.94436 5
      vertex 2.09643 -7.824 0
      vertex 1.58023 -7.94436 0
    endloop
  endfacet
  facet normal -0.290291 0.956939 0
    outer loop
      vertex 2.60366 -7.67013 0
      vertex 2.09643 -7.824 5
      vertex 2.60366 -7.67013 5
    endloop
  endfacet
  facet normal -0.290291 0.956939 0
    outer loop
      vertex 2.09643 -7.824 5
      vertex 2.60366 -7.67013 0
      vertex 2.09643 -7.824 0
    endloop
  endfacet
  facet normal -0.162891 0.986644 0
    outer loop
      vertex 1.58023 -7.94436 0
      vertex 1.05726 -8.0307 5
      vertex 1.58023 -7.94436 5
    endloop
  endfacet
  facet normal -0.162891 0.986644 0
    outer loop
      vertex 1.05726 -8.0307 5
      vertex 1.58023 -7.94436 0
      vertex 1.05726 -8.0307 0
    endloop
  endfacet
  facet normal -0.910867 0.412701 0
    outer loop
      vertex 7.26467 -3.58254 0
      vertex 7.48342 -3.09974 5
      vertex 7.48342 -3.09974 0
    endloop
  endfacet
  facet normal -0.910867 0.412701 0
    outer loop
      vertex 7.48342 -3.09974 5
      vertex 7.26467 -3.58254 0
      vertex 7.26467 -3.58254 5
    endloop
  endfacet
  facet normal -0.471408 0.881915 0
    outer loop
      vertex 4.05 -7.0148 0
      vertex 3.58254 -7.26467 5
      vertex 4.05 -7.0148 5
    endloop
  endfacet
  facet normal -0.471408 0.881915 0
    outer loop
      vertex 3.58254 -7.26467 5
      vertex 4.05 -7.0148 0
      vertex 3.58254 -7.26467 0
    endloop
  endfacet
  facet normal -0.582474 0.812849 0
    outer loop
      vertex 4.93097 -6.42616 0
      vertex 4.50012 -6.7349 5
      vertex 4.93097 -6.42616 5
    endloop
  endfacet
  facet normal -0.582474 0.812849 0
    outer loop
      vertex 4.50012 -6.7349 5
      vertex 4.93097 -6.42616 0
      vertex 4.50012 -6.7349 0
    endloop
  endfacet
  facet normal 0.032714 0.999465 -0
    outer loop
      vertex 0 -8.1 0
      vertex -0.529765 -8.08266 5
      vertex 0 -8.1 5
    endloop
  endfacet
  facet normal 0.032714 0.999465 0
    outer loop
      vertex -0.529765 -8.08266 5
      vertex 0 -8.1 0
      vertex -0.529765 -8.08266 0
    endloop
  endfacet
  facet normal 0.528064 0.849204 -0
    outer loop
      vertex -4.05 -7.0148 0
      vertex -4.50012 -6.7349 5
      vertex -4.05 -7.0148 5
    endloop
  endfacet
  facet normal 0.528064 0.849204 0
    outer loop
      vertex -4.50012 -6.7349 5
      vertex -4.05 -7.0148 0
      vertex -4.50012 -6.7349 0
    endloop
  endfacet
  facet normal 0.412701 0.910867 -0
    outer loop
      vertex -3.09974 -7.48342 0
      vertex -3.58254 -7.26467 5
      vertex -3.09974 -7.48342 5
    endloop
  endfacet
  facet normal 0.412701 0.910867 0
    outer loop
      vertex -3.58254 -7.26467 5
      vertex -3.09974 -7.48342 0
      vertex -3.58254 -7.26467 0
    endloop
  endfacet
  facet normal 0.582474 0.812849 -0
    outer loop
      vertex -4.50012 -6.7349 0
      vertex -4.93097 -6.42616 5
      vertex -4.50012 -6.7349 5
    endloop
  endfacet
  facet normal 0.582474 0.812849 0
    outer loop
      vertex -4.93097 -6.42616 5
      vertex -4.50012 -6.7349 0
      vertex -4.93097 -6.42616 0
    endloop
  endfacet
  facet normal 0.956939 0.290291 0
    outer loop
      vertex -7.67013 -2.60366 5
      vertex -7.824 -2.09643 0
      vertex -7.824 -2.09643 5
    endloop
  endfacet
  facet normal 0.956939 0.290291 0
    outer loop
      vertex -7.824 -2.09643 0
      vertex -7.67013 -2.60366 5
      vertex -7.67013 -2.60366 0
    endloop
  endfacet
  facet normal -0.683598 0.729858 0
    outer loop
      vertex 5.72756 -5.72756 0
      vertex 5.3407 -6.0899 5
      vertex 5.72756 -5.72756 5
    endloop
  endfacet
  facet normal -0.683598 0.729858 0
    outer loop
      vertex 5.3407 -6.0899 5
      vertex 5.72756 -5.72756 0
      vertex 5.3407 -6.0899 0
    endloop
  endfacet
  facet normal -0.729858 0.683598 0
    outer loop
      vertex 5.72756 -5.72756 0
      vertex 6.0899 -5.3407 5
      vertex 6.0899 -5.3407 0
    endloop
  endfacet
  facet normal -0.729858 0.683598 0
    outer loop
      vertex 6.0899 -5.3407 5
      vertex 5.72756 -5.72756 0
      vertex 5.72756 -5.72756 5
    endloop
  endfacet
  facet normal -0.528064 0.849204 0
    outer loop
      vertex 4.50012 -6.7349 0
      vertex 4.05 -7.0148 5
      vertex 4.50012 -6.7349 5
    endloop
  endfacet
  facet normal -0.528064 0.849204 0
    outer loop
      vertex 4.05 -7.0148 5
      vertex 4.50012 -6.7349 0
      vertex 4.05 -7.0148 0
    endloop
  endfacet
  facet normal 0.162891 0.986644 -0
    outer loop
      vertex -1.05726 -8.0307 0
      vertex -1.58023 -7.94436 5
      vertex -1.05726 -8.0307 5
    endloop
  endfacet
  facet normal 0.162891 0.986644 0
    outer loop
      vertex -1.58023 -7.94436 5
      vertex -1.05726 -8.0307 0
      vertex -1.58023 -7.94436 0
    endloop
  endfacet
  facet normal 0.290291 0.956939 -0
    outer loop
      vertex -2.09643 -7.824 0
      vertex -2.60366 -7.67013 5
      vertex -2.09643 -7.824 5
    endloop
  endfacet
  facet normal 0.290291 0.956939 0
    outer loop
      vertex -2.60366 -7.67013 5
      vertex -2.09643 -7.824 0
      vertex -2.60366 -7.67013 0
    endloop
  endfacet
  facet normal 0.471408 0.881915 -0
    outer loop
      vertex -3.58254 -7.26467 0
      vertex -4.05 -7.0148 5
      vertex -3.58254 -7.26467 5
    endloop
  endfacet
  facet normal 0.471408 0.881915 0
    outer loop
      vertex -4.05 -7.0148 5
      vertex -3.58254 -7.26467 0
      vertex -4.05 -7.0148 0
    endloop
  endfacet
  facet normal 0.634397 0.773007 -0
    outer loop
      vertex -4.93097 -6.42616 0
      vertex -5.3407 -6.0899 5
      vertex -4.93097 -6.42616 5
    endloop
  endfacet
  facet normal 0.634397 0.773007 0
    outer loop
      vertex -5.3407 -6.0899 5
      vertex -4.93097 -6.42616 0
      vertex -5.3407 -6.0899 0
    endloop
  endfacet
  facet normal 0.227075 0.973877 -0
    outer loop
      vertex -1.58023 -7.94436 0
      vertex -2.09643 -7.824 5
      vertex -1.58023 -7.94436 5
    endloop
  endfacet
  facet normal 0.227075 0.973877 0
    outer loop
      vertex -2.09643 -7.824 5
      vertex -1.58023 -7.94436 0
      vertex -2.09643 -7.824 0
    endloop
  endfacet
  facet normal -0.634348 -0.773047 0
    outer loop
      vertex 36.0349 1.3487 0
      vertex 36.1209 1.27813 31
      vertex 36.0349 1.3487 31
    endloop
  endfacet
  facet normal -0.634348 -0.773047 -0
    outer loop
      vertex 36.1209 1.27813 31
      vertex 36.0349 1.3487 0
      vertex 36.1209 1.27813 0
    endloop
  endfacet
  facet normal 0.352029 -0.935989 0
    outer loop
      vertex 34.3494 1.57059 0
      vertex 34.4536 1.60978 31
      vertex 34.3494 1.57059 31
    endloop
  endfacet
  facet normal 0.352029 -0.935989 0
    outer loop
      vertex 34.4536 1.60978 31
      vertex 34.3494 1.57059 0
      vertex 34.4536 1.60978 0
    endloop
  endfacet
  facet normal 0.910903 -0.412621 0
    outer loop
      vertex 33.4294 0.650561 31
      vertex 33.4753 0.75189 0
      vertex 33.4753 0.75189 31
    endloop
  endfacet
  facet normal 0.910903 -0.412621 0
    outer loop
      vertex 33.4753 0.75189 0
      vertex 33.4294 0.650561 31
      vertex 33.4294 0.650561 0
    endloop
  endfacet
  facet normal -0.582598 0.81276 0
    outer loop
      vertex 36.0349 -1.3487 0
      vertex 35.9445 -1.4135 31
      vertex 36.0349 -1.3487 31
    endloop
  endfacet
  facet normal -0.582598 0.81276 0
    outer loop
      vertex 35.9445 -1.4135 31
      vertex 36.0349 -1.3487 0
      vertex 35.9445 -1.4135 0
    endloop
  endfacet
  facet normal -0.995188 0.0979826 0
    outer loop
      vertex 36.6855 -0.221894 0
      vertex 36.6964 -0.111185 31
      vertex 36.6964 -0.111185 0
    endloop
  endfacet
  facet normal -0.995188 0.0979826 0
    outer loop
      vertex 36.6964 -0.111185 31
      vertex 36.6855 -0.221894 0
      vertex 36.6855 -0.221894 31
    endloop
  endfacet
  facet normal 0.935864 0.352362 0
    outer loop
      vertex 33.4294 -0.650561 31
      vertex 33.3902 -0.546447 0
      vertex 33.3902 -0.546447 31
    endloop
  endfacet
  facet normal 0.935864 0.352362 0
    outer loop
      vertex 33.3902 -0.546447 0
      vertex 33.4294 -0.650561 31
      vertex 33.4294 -0.650561 0
    endloop
  endfacet
  facet normal -0.910903 -0.412621 0
    outer loop
      vertex 36.5706 0.650561 0
      vertex 36.5247 0.75189 31
      vertex 36.5247 0.75189 0
    endloop
  endfacet
  facet normal -0.910903 -0.412621 0
    outer loop
      vertex 36.5247 0.75189 31
      vertex 36.5706 0.650561 0
      vertex 36.5706 0.650561 31
    endloop
  endfacet
  facet normal -0.881698 -0.471814 0
    outer loop
      vertex 36.5247 0.75189 0
      vertex 36.4722 0.849999 31
      vertex 36.4722 0.849999 0
    endloop
  endfacet
  facet normal -0.881698 -0.471814 0
    outer loop
      vertex 36.4722 0.849999 31
      vertex 36.5247 0.75189 0
      vertex 36.5247 0.75189 31
    endloop
  endfacet
  facet normal -0.412793 -0.910825 0
    outer loop
      vertex 35.6506 1.57059 0
      vertex 35.7519 1.52468 31
      vertex 35.6506 1.57059 31
    endloop
  endfacet
  facet normal -0.412793 -0.910825 -0
    outer loop
      vertex 35.7519 1.52468 31
      vertex 35.6506 1.57059 0
      vertex 35.7519 1.52468 0
    endloop
  endfacet
  facet normal 0.730056 -0.683388 0
    outer loop
      vertex 33.7219 1.12089 31
      vertex 33.7979 1.20208 0
      vertex 33.7979 1.20208 31
    endloop
  endfacet
  facet normal 0.730056 -0.683388 0
    outer loop
      vertex 33.7979 1.20208 0
      vertex 33.7219 1.12089 31
      vertex 33.7219 1.12089 0
    endloop
  endfacet
  facet normal 0.162913 -0.986641 0
    outer loop
      vertex 34.6683 1.66733 0
      vertex 34.7781 1.68546 31
      vertex 34.6683 1.66733 31
    endloop
  endfacet
  facet normal 0.162913 -0.986641 0
    outer loop
      vertex 34.7781 1.68546 31
      vertex 34.6683 1.66733 0
      vertex 34.7781 1.68546 0
    endloop
  endfacet
  facet normal -0.935864 0.352362 0
    outer loop
      vertex 36.5706 -0.650561 0
      vertex 36.6098 -0.546447 31
      vertex 36.6098 -0.546447 0
    endloop
  endfacet
  facet normal -0.935864 0.352362 0
    outer loop
      vertex 36.6098 -0.546447 31
      vertex 36.5706 -0.650561 0
      vertex 36.5706 -0.650561 31
    endloop
  endfacet
  facet normal 0.683582 0.729873 -0
    outer loop
      vertex 33.8791 -1.27813 0
      vertex 33.7979 -1.20208 31
      vertex 33.8791 -1.27813 31
    endloop
  endfacet
  facet normal 0.683582 0.729873 0
    outer loop
      vertex 33.7979 -1.20208 31
      vertex 33.8791 -1.27813 0
      vertex 33.7979 -1.20208 0
    endloop
  endfacet
  facet normal 0.986529 0.163584 0
    outer loop
      vertex 33.3327 -0.331653 31
      vertex 33.3145 -0.221894 0
      vertex 33.3145 -0.221894 31
    endloop
  endfacet
  facet normal 0.986529 0.163584 0
    outer loop
      vertex 33.3145 -0.221894 0
      vertex 33.3327 -0.331653 31
      vertex 33.3327 -0.331653 0
    endloop
  endfacet
  facet normal -0.973998 -0.226555 0
    outer loop
      vertex 36.6673 0.331653 0
      vertex 36.6421 0.439992 31
      vertex 36.6421 0.439992 0
    endloop
  endfacet
  facet normal -0.973998 -0.226555 0
    outer loop
      vertex 36.6421 0.439992 31
      vertex 36.6673 0.331653 0
      vertex 36.6673 0.331653 31
    endloop
  endfacet
  facet normal -0.772915 -0.634509 0
    outer loop
      vertex 36.3487 1.03489 0
      vertex 36.2781 1.12089 31
      vertex 36.2781 1.12089 0
    endloop
  endfacet
  facet normal -0.772915 -0.634509 0
    outer loop
      vertex 36.2781 1.12089 31
      vertex 36.3487 1.03489 0
      vertex 36.3487 1.03489 31
    endloop
  endfacet
  facet normal -0.812827 -0.582504 0
    outer loop
      vertex 36.4135 0.944468 0
      vertex 36.3487 1.03489 31
      vertex 36.3487 1.03489 0
    endloop
  endfacet
  facet normal -0.812827 -0.582504 0
    outer loop
      vertex 36.3487 1.03489 31
      vertex 36.4135 0.944468 0
      vertex 36.4135 0.944468 31
    endloop
  endfacet
  facet normal -0.582598 -0.81276 0
    outer loop
      vertex 35.9445 1.4135 0
      vertex 36.0349 1.3487 31
      vertex 35.9445 1.4135 31
    endloop
  endfacet
  facet normal -0.582598 -0.81276 -0
    outer loop
      vertex 36.0349 1.3487 31
      vertex 35.9445 1.4135 0
      vertex 36.0349 1.3487 0
    endloop
  endfacet
  facet normal -0.0327163 -0.999465 0
    outer loop
      vertex 35 1.7 0
      vertex 35.1112 1.69636 31
      vertex 35 1.7 31
    endloop
  endfacet
  facet normal -0.0327163 -0.999465 -0
    outer loop
      vertex 35.1112 1.69636 31
      vertex 35 1.7 0
      vertex 35.1112 1.69636 0
    endloop
  endfacet
  facet normal -0.227144 -0.973861 0
    outer loop
      vertex 35.3317 1.66733 0
      vertex 35.44 1.64207 31
      vertex 35.3317 1.66733 31
    endloop
  endfacet
  facet normal -0.227144 -0.973861 -0
    outer loop
      vertex 35.44 1.64207 31
      vertex 35.3317 1.66733 0
      vertex 35.44 1.64207 0
    endloop
  endfacet
  facet normal 0.999476 -0.0323615 0
    outer loop
      vertex 33.3 0 31
      vertex 33.3036 0.111185 0
      vertex 33.3036 0.111185 31
    endloop
  endfacet
  facet normal 0.999476 -0.0323615 0
    outer loop
      vertex 33.3036 0.111185 0
      vertex 33.3 0 31
      vertex 33.3 0 0
    endloop
  endfacet
  facet normal 0.973998 -0.226555 0
    outer loop
      vertex 33.3327 0.331653 31
      vertex 33.3579 0.439992 0
      vertex 33.3579 0.439992 31
    endloop
  endfacet
  facet normal 0.973998 -0.226555 0
    outer loop
      vertex 33.3579 0.439992 0
      vertex 33.3327 0.331653 31
      vertex 33.3327 0.331653 0
    endloop
  endfacet
  facet normal 0.812827 -0.582504 0
    outer loop
      vertex 33.5865 0.944468 31
      vertex 33.6513 1.03489 0
      vertex 33.6513 1.03489 31
    endloop
  endfacet
  facet normal 0.812827 -0.582504 0
    outer loop
      vertex 33.6513 1.03489 0
      vertex 33.5865 0.944468 31
      vertex 33.5865 0.944468 0
    endloop
  endfacet
  facet normal 0.227144 -0.973861 0
    outer loop
      vertex 34.56 1.64207 0
      vertex 34.6683 1.66733 31
      vertex 34.56 1.64207 31
    endloop
  endfacet
  facet normal 0.227144 -0.973861 0
    outer loop
      vertex 34.6683 1.66733 31
      vertex 34.56 1.64207 0
      vertex 34.6683 1.66733 0
    endloop
  endfacet
  facet normal 0.0327163 -0.999465 0
    outer loop
      vertex 34.8888 1.69636 0
      vertex 35 1.7 31
      vertex 34.8888 1.69636 31
    endloop
  endfacet
  facet normal 0.0327163 -0.999465 0
    outer loop
      vertex 35 1.7 31
      vertex 34.8888 1.69636 0
      vertex 35 1.7 0
    endloop
  endfacet
  facet normal 0.527913 -0.849298 0
    outer loop
      vertex 34.0555 1.4135 0
      vertex 34.15 1.47224 31
      vertex 34.0555 1.4135 31
    endloop
  endfacet
  facet normal 0.527913 -0.849298 0
    outer loop
      vertex 34.15 1.47224 31
      vertex 34.0555 1.4135 0
      vertex 34.15 1.47224 0
    endloop
  endfacet
  facet normal 0.412793 -0.910825 0
    outer loop
      vertex 34.2481 1.52468 0
      vertex 34.3494 1.57059 31
      vertex 34.2481 1.52468 31
    endloop
  endfacet
  facet normal 0.412793 -0.910825 0
    outer loop
      vertex 34.3494 1.57059 31
      vertex 34.2481 1.52468 0
      vertex 34.3494 1.57059 0
    endloop
  endfacet
  facet normal 0.683582 -0.729873 0
    outer loop
      vertex 33.7979 1.20208 0
      vertex 33.8791 1.27813 31
      vertex 33.7979 1.20208 31
    endloop
  endfacet
  facet normal 0.683582 -0.729873 0
    outer loop
      vertex 33.8791 1.27813 31
      vertex 33.7979 1.20208 0
      vertex 33.8791 1.27813 0
    endloop
  endfacet
  facet normal -0.999476 -0.0323615 0
    outer loop
      vertex 36.7 0 0
      vertex 36.6964 0.111185 31
      vertex 36.6964 0.111185 0
    endloop
  endfacet
  facet normal -0.999476 -0.0323615 0
    outer loop
      vertex 36.6964 0.111185 31
      vertex 36.7 0 0
      vertex 36.7 0 31
    endloop
  endfacet
  facet normal -0.0327163 0.999465 0
    outer loop
      vertex 35.1112 -1.69636 0
      vertex 35 -1.7 31
      vertex 35.1112 -1.69636 31
    endloop
  endfacet
  facet normal -0.0327163 0.999465 0
    outer loop
      vertex 35 -1.7 31
      vertex 35.1112 -1.69636 0
      vertex 35 -1.7 0
    endloop
  endfacet
  facet normal -0.956922 0.290344 0
    outer loop
      vertex 36.6098 -0.546447 0
      vertex 36.6421 -0.439992 31
      vertex 36.6421 -0.439992 0
    endloop
  endfacet
  facet normal -0.956922 0.290344 0
    outer loop
      vertex 36.6421 -0.439992 31
      vertex 36.6098 -0.546447 0
      vertex 36.6098 -0.546447 31
    endloop
  endfacet
  facet normal -0.162913 0.986641 0
    outer loop
      vertex 35.3317 -1.66733 0
      vertex 35.2219 -1.68546 31
      vertex 35.3317 -1.66733 31
    endloop
  endfacet
  facet normal -0.162913 0.986641 0
    outer loop
      vertex 35.2219 -1.68546 31
      vertex 35.3317 -1.66733 0
      vertex 35.2219 -1.68546 0
    endloop
  endfacet
  facet normal -0.227144 0.973861 0
    outer loop
      vertex 35.44 -1.64207 0
      vertex 35.3317 -1.66733 31
      vertex 35.44 -1.64207 31
    endloop
  endfacet
  facet normal -0.227144 0.973861 0
    outer loop
      vertex 35.3317 -1.66733 31
      vertex 35.44 -1.64207 0
      vertex 35.3317 -1.66733 0
    endloop
  endfacet
  facet normal -0.634348 0.773047 0
    outer loop
      vertex 36.1209 -1.27813 0
      vertex 36.0349 -1.3487 31
      vertex 36.1209 -1.27813 31
    endloop
  endfacet
  facet normal -0.634348 0.773047 0
    outer loop
      vertex 36.0349 -1.3487 31
      vertex 36.1209 -1.27813 0
      vertex 36.0349 -1.3487 0
    endloop
  endfacet
  facet normal 0.582598 0.81276 -0
    outer loop
      vertex 34.0555 -1.4135 0
      vertex 33.9651 -1.3487 31
      vertex 34.0555 -1.4135 31
    endloop
  endfacet
  facet normal 0.582598 0.81276 0
    outer loop
      vertex 33.9651 -1.3487 31
      vertex 34.0555 -1.4135 0
      vertex 33.9651 -1.3487 0
    endloop
  endfacet
  facet normal 0.973998 0.226555 0
    outer loop
      vertex 33.3579 -0.439992 31
      vertex 33.3327 -0.331653 0
      vertex 33.3327 -0.331653 31
    endloop
  endfacet
  facet normal 0.973998 0.226555 0
    outer loop
      vertex 33.3327 -0.331653 0
      vertex 33.3579 -0.439992 31
      vertex 33.3579 -0.439992 0
    endloop
  endfacet
  facet normal 0.999476 0.0323615 0
    outer loop
      vertex 33.3036 -0.111185 31
      vertex 33.3 0 0
      vertex 33.3 0 31
    endloop
  endfacet
  facet normal 0.999476 0.0323615 0
    outer loop
      vertex 33.3 0 0
      vertex 33.3036 -0.111185 31
      vertex 33.3036 -0.111185 0
    endloop
  endfacet
  facet normal 0.910903 0.412621 0
    outer loop
      vertex 33.4753 -0.75189 31
      vertex 33.4294 -0.650561 0
      vertex 33.4294 -0.650561 31
    endloop
  endfacet
  facet normal 0.910903 0.412621 0
    outer loop
      vertex 33.4294 -0.650561 0
      vertex 33.4753 -0.75189 31
      vertex 33.4753 -0.75189 0
    endloop
  endfacet
  facet normal -0.986529 -0.163584 0
    outer loop
      vertex 36.6855 0.221894 0
      vertex 36.6673 0.331653 31
      vertex 36.6673 0.331653 0
    endloop
  endfacet
  facet normal -0.986529 -0.163584 0
    outer loop
      vertex 36.6673 0.331653 31
      vertex 36.6855 0.221894 0
      vertex 36.6855 0.221894 31
    endloop
  endfacet
  facet normal -0.995188 -0.0979826 0
    outer loop
      vertex 36.6964 0.111185 0
      vertex 36.6855 0.221894 31
      vertex 36.6855 0.221894 0
    endloop
  endfacet
  facet normal -0.995188 -0.0979826 0
    outer loop
      vertex 36.6855 0.221894 31
      vertex 36.6964 0.111185 0
      vertex 36.6964 0.111185 31
    endloop
  endfacet
  facet normal -0.935864 -0.352362 0
    outer loop
      vertex 36.6098 0.546447 0
      vertex 36.5706 0.650561 31
      vertex 36.5706 0.650561 0
    endloop
  endfacet
  facet normal -0.935864 -0.352362 0
    outer loop
      vertex 36.5706 0.650561 31
      vertex 36.6098 0.546447 0
      vertex 36.6098 0.546447 31
    endloop
  endfacet
  facet normal -0.956922 -0.290344 0
    outer loop
      vertex 36.6421 0.439992 0
      vertex 36.6098 0.546447 31
      vertex 36.6098 0.546447 0
    endloop
  endfacet
  facet normal -0.956922 -0.290344 0
    outer loop
      vertex 36.6098 0.546447 31
      vertex 36.6421 0.439992 0
      vertex 36.6421 0.439992 31
    endloop
  endfacet
  facet normal -0.849382 -0.527779 0
    outer loop
      vertex 36.4722 0.849999 0
      vertex 36.4135 0.944468 31
      vertex 36.4135 0.944468 0
    endloop
  endfacet
  facet normal -0.849382 -0.527779 0
    outer loop
      vertex 36.4135 0.944468 31
      vertex 36.4722 0.849999 0
      vertex 36.4722 0.849999 31
    endloop
  endfacet
  facet normal -0.730056 -0.683388 0
    outer loop
      vertex 36.2781 1.12089 0
      vertex 36.2021 1.20208 31
      vertex 36.2021 1.20208 0
    endloop
  endfacet
  facet normal -0.730056 -0.683388 0
    outer loop
      vertex 36.2021 1.20208 31
      vertex 36.2781 1.12089 0
      vertex 36.2781 1.12089 31
    endloop
  endfacet
  facet normal -0.683582 -0.729873 0
    outer loop
      vertex 36.1209 1.27813 0
      vertex 36.2021 1.20208 31
      vertex 36.1209 1.27813 31
    endloop
  endfacet
  facet normal -0.683582 -0.729873 -0
    outer loop
      vertex 36.2021 1.20208 31
      vertex 36.1209 1.27813 0
      vertex 36.2021 1.20208 0
    endloop
  endfacet
  facet normal -0.471428 -0.881905 0
    outer loop
      vertex 35.7519 1.52468 0
      vertex 35.85 1.47224 31
      vertex 35.7519 1.52468 31
    endloop
  endfacet
  facet normal -0.471428 -0.881905 -0
    outer loop
      vertex 35.85 1.47224 31
      vertex 35.7519 1.52468 0
      vertex 35.85 1.47224 0
    endloop
  endfacet
  facet normal -0.527913 -0.849298 0
    outer loop
      vertex 35.85 1.47224 0
      vertex 35.9445 1.4135 31
      vertex 35.85 1.47224 31
    endloop
  endfacet
  facet normal -0.527913 -0.849298 -0
    outer loop
      vertex 35.9445 1.4135 31
      vertex 35.85 1.47224 0
      vertex 35.9445 1.4135 0
    endloop
  endfacet
  facet normal -0.290399 -0.956906 0
    outer loop
      vertex 35.44 1.64207 0
      vertex 35.5464 1.60978 31
      vertex 35.44 1.64207 31
    endloop
  endfacet
  facet normal -0.290399 -0.956906 -0
    outer loop
      vertex 35.5464 1.60978 31
      vertex 35.44 1.64207 0
      vertex 35.5464 1.60978 0
    endloop
  endfacet
  facet normal -0.352029 -0.935989 0
    outer loop
      vertex 35.5464 1.60978 0
      vertex 35.6506 1.57059 31
      vertex 35.5464 1.60978 31
    endloop
  endfacet
  facet normal -0.352029 -0.935989 -0
    outer loop
      vertex 35.6506 1.57059 31
      vertex 35.5464 1.60978 0
      vertex 35.6506 1.57059 0
    endloop
  endfacet
  facet normal -0.162913 -0.986641 0
    outer loop
      vertex 35.2219 1.68546 0
      vertex 35.3317 1.66733 31
      vertex 35.2219 1.68546 31
    endloop
  endfacet
  facet normal -0.162913 -0.986641 -0
    outer loop
      vertex 35.3317 1.66733 31
      vertex 35.2219 1.68546 0
      vertex 35.3317 1.66733 0
    endloop
  endfacet
  facet normal -0.0979904 -0.995187 0
    outer loop
      vertex 35.1112 1.69636 0
      vertex 35.2219 1.68546 31
      vertex 35.1112 1.69636 31
    endloop
  endfacet
  facet normal -0.0979904 -0.995187 -0
    outer loop
      vertex 35.2219 1.68546 31
      vertex 35.1112 1.69636 0
      vertex 35.2219 1.68546 0
    endloop
  endfacet
  facet normal 0.956922 -0.290344 0
    outer loop
      vertex 33.3579 0.439992 31
      vertex 33.3902 0.546447 0
      vertex 33.3902 0.546447 31
    endloop
  endfacet
  facet normal 0.956922 -0.290344 0
    outer loop
      vertex 33.3902 0.546447 0
      vertex 33.3579 0.439992 31
      vertex 33.3579 0.439992 0
    endloop
  endfacet
  facet normal 0.935864 -0.352362 0
    outer loop
      vertex 33.3902 0.546447 31
      vertex 33.4294 0.650561 0
      vertex 33.4294 0.650561 31
    endloop
  endfacet
  facet normal 0.935864 -0.352362 0
    outer loop
      vertex 33.4294 0.650561 0
      vertex 33.3902 0.546447 31
      vertex 33.3902 0.546447 0
    endloop
  endfacet
  facet normal 0.986529 -0.163584 0
    outer loop
      vertex 33.3145 0.221894 31
      vertex 33.3327 0.331653 0
      vertex 33.3327 0.331653 31
    endloop
  endfacet
  facet normal 0.986529 -0.163584 0
    outer loop
      vertex 33.3327 0.331653 0
      vertex 33.3145 0.221894 31
      vertex 33.3145 0.221894 0
    endloop
  endfacet
  facet normal 0.995188 -0.0979826 0
    outer loop
      vertex 33.3036 0.111185 31
      vertex 33.3145 0.221894 0
      vertex 33.3145 0.221894 31
    endloop
  endfacet
  facet normal 0.995188 -0.0979826 0
    outer loop
      vertex 33.3145 0.221894 0
      vertex 33.3036 0.111185 31
      vertex 33.3036 0.111185 0
    endloop
  endfacet
  facet normal 0.849382 -0.527779 0
    outer loop
      vertex 33.5278 0.849999 31
      vertex 33.5865 0.944468 0
      vertex 33.5865 0.944468 31
    endloop
  endfacet
  facet normal 0.849382 -0.527779 0
    outer loop
      vertex 33.5865 0.944468 0
      vertex 33.5278 0.849999 31
      vertex 33.5278 0.849999 0
    endloop
  endfacet
  facet normal 0.881698 -0.471814 0
    outer loop
      vertex 33.4753 0.75189 31
      vertex 33.5278 0.849999 0
      vertex 33.5278 0.849999 31
    endloop
  endfacet
  facet normal 0.881698 -0.471814 0
    outer loop
      vertex 33.5278 0.849999 0
      vertex 33.4753 0.75189 31
      vertex 33.4753 0.75189 0
    endloop
  endfacet
  facet normal 0.772915 -0.634509 0
    outer loop
      vertex 33.6513 1.03489 31
      vertex 33.7219 1.12089 0
      vertex 33.7219 1.12089 31
    endloop
  endfacet
  facet normal 0.772915 -0.634509 0
    outer loop
      vertex 33.7219 1.12089 0
      vertex 33.6513 1.03489 31
      vertex 33.6513 1.03489 0
    endloop
  endfacet
  facet normal 0.290399 -0.956906 0
    outer loop
      vertex 34.4536 1.60978 0
      vertex 34.56 1.64207 31
      vertex 34.4536 1.60978 31
    endloop
  endfacet
  facet normal 0.290399 -0.956906 0
    outer loop
      vertex 34.56 1.64207 31
      vertex 34.4536 1.60978 0
      vertex 34.56 1.64207 0
    endloop
  endfacet
  facet normal 0.0979904 -0.995187 0
    outer loop
      vertex 34.7781 1.68546 0
      vertex 34.8888 1.69636 31
      vertex 34.7781 1.68546 31
    endloop
  endfacet
  facet normal 0.0979904 -0.995187 0
    outer loop
      vertex 34.8888 1.69636 31
      vertex 34.7781 1.68546 0
      vertex 34.8888 1.69636 0
    endloop
  endfacet
  facet normal 0.471428 -0.881905 0
    outer loop
      vertex 34.15 1.47224 0
      vertex 34.2481 1.52468 31
      vertex 34.15 1.47224 31
    endloop
  endfacet
  facet normal 0.471428 -0.881905 0
    outer loop
      vertex 34.2481 1.52468 31
      vertex 34.15 1.47224 0
      vertex 34.2481 1.52468 0
    endloop
  endfacet
  facet normal 0.634348 -0.773047 0
    outer loop
      vertex 33.8791 1.27813 0
      vertex 33.9651 1.3487 31
      vertex 33.8791 1.27813 31
    endloop
  endfacet
  facet normal 0.634348 -0.773047 0
    outer loop
      vertex 33.9651 1.3487 31
      vertex 33.8791 1.27813 0
      vertex 33.9651 1.3487 0
    endloop
  endfacet
  facet normal 0.582598 -0.81276 0
    outer loop
      vertex 33.9651 1.3487 0
      vertex 34.0555 1.4135 31
      vertex 33.9651 1.3487 31
    endloop
  endfacet
  facet normal 0.582598 -0.81276 0
    outer loop
      vertex 34.0555 1.4135 31
      vertex 33.9651 1.3487 0
      vertex 34.0555 1.4135 0
    endloop
  endfacet
  facet normal -0.986529 0.163584 0
    outer loop
      vertex 36.6673 -0.331653 0
      vertex 36.6855 -0.221894 31
      vertex 36.6855 -0.221894 0
    endloop
  endfacet
  facet normal -0.986529 0.163584 0
    outer loop
      vertex 36.6855 -0.221894 31
      vertex 36.6673 -0.331653 0
      vertex 36.6673 -0.331653 31
    endloop
  endfacet
  facet normal -0.0979904 0.995187 0
    outer loop
      vertex 35.2219 -1.68546 0
      vertex 35.1112 -1.69636 31
      vertex 35.2219 -1.68546 31
    endloop
  endfacet
  facet normal -0.0979904 0.995187 0
    outer loop
      vertex 35.1112 -1.69636 31
      vertex 35.2219 -1.68546 0
      vertex 35.1112 -1.69636 0
    endloop
  endfacet
  facet normal -0.290399 0.956906 0
    outer loop
      vertex 35.5464 -1.60978 0
      vertex 35.44 -1.64207 31
      vertex 35.5464 -1.60978 31
    endloop
  endfacet
  facet normal -0.290399 0.956906 0
    outer loop
      vertex 35.44 -1.64207 31
      vertex 35.5464 -1.60978 0
      vertex 35.44 -1.64207 0
    endloop
  endfacet
  facet normal -0.683582 0.729873 0
    outer loop
      vertex 36.2021 -1.20208 0
      vertex 36.1209 -1.27813 31
      vertex 36.2021 -1.20208 31
    endloop
  endfacet
  facet normal -0.683582 0.729873 0
    outer loop
      vertex 36.1209 -1.27813 31
      vertex 36.2021 -1.20208 0
      vertex 36.1209 -1.27813 0
    endloop
  endfacet
  facet normal -0.527913 0.849298 0
    outer loop
      vertex 35.9445 -1.4135 0
      vertex 35.85 -1.47224 31
      vertex 35.9445 -1.4135 31
    endloop
  endfacet
  facet normal -0.527913 0.849298 0
    outer loop
      vertex 35.85 -1.47224 31
      vertex 35.9445 -1.4135 0
      vertex 35.85 -1.47224 0
    endloop
  endfacet
  facet normal -0.412793 0.910825 0
    outer loop
      vertex 35.7519 -1.52468 0
      vertex 35.6506 -1.57059 31
      vertex 35.7519 -1.52468 31
    endloop
  endfacet
  facet normal -0.412793 0.910825 0
    outer loop
      vertex 35.6506 -1.57059 31
      vertex 35.7519 -1.52468 0
      vertex 35.6506 -1.57059 0
    endloop
  endfacet
  facet normal 0.352029 0.935989 -0
    outer loop
      vertex 34.4536 -1.60978 0
      vertex 34.3494 -1.57059 31
      vertex 34.4536 -1.60978 31
    endloop
  endfacet
  facet normal 0.352029 0.935989 0
    outer loop
      vertex 34.3494 -1.57059 31
      vertex 34.4536 -1.60978 0
      vertex 34.3494 -1.57059 0
    endloop
  endfacet
  facet normal 0.162913 0.986641 -0
    outer loop
      vertex 34.7781 -1.68546 0
      vertex 34.6683 -1.66733 31
      vertex 34.7781 -1.68546 31
    endloop
  endfacet
  facet normal 0.162913 0.986641 0
    outer loop
      vertex 34.6683 -1.66733 31
      vertex 34.7781 -1.68546 0
      vertex 34.6683 -1.66733 0
    endloop
  endfacet
  facet normal 0.0327163 0.999465 -0
    outer loop
      vertex 35 -1.7 0
      vertex 34.8888 -1.69636 31
      vertex 35 -1.7 31
    endloop
  endfacet
  facet normal 0.0327163 0.999465 0
    outer loop
      vertex 34.8888 -1.69636 31
      vertex 35 -1.7 0
      vertex 34.8888 -1.69636 0
    endloop
  endfacet
  facet normal 0.227144 0.973861 -0
    outer loop
      vertex 34.6683 -1.66733 0
      vertex 34.56 -1.64207 31
      vertex 34.6683 -1.66733 31
    endloop
  endfacet
  facet normal 0.227144 0.973861 0
    outer loop
      vertex 34.56 -1.64207 31
      vertex 34.6683 -1.66733 0
      vertex 34.56 -1.64207 0
    endloop
  endfacet
  facet normal 0.527913 0.849298 -0
    outer loop
      vertex 34.15 -1.47224 0
      vertex 34.0555 -1.4135 31
      vertex 34.15 -1.47224 31
    endloop
  endfacet
  facet normal 0.527913 0.849298 0
    outer loop
      vertex 34.0555 -1.4135 31
      vertex 34.15 -1.47224 0
      vertex 34.0555 -1.4135 0
    endloop
  endfacet
  facet normal 0.412793 0.910825 -0
    outer loop
      vertex 34.3494 -1.57059 0
      vertex 34.2481 -1.52468 31
      vertex 34.3494 -1.57059 31
    endloop
  endfacet
  facet normal 0.412793 0.910825 0
    outer loop
      vertex 34.2481 -1.52468 31
      vertex 34.3494 -1.57059 0
      vertex 34.2481 -1.52468 0
    endloop
  endfacet
  facet normal 0.634348 0.773047 -0
    outer loop
      vertex 33.9651 -1.3487 0
      vertex 33.8791 -1.27813 31
      vertex 33.9651 -1.3487 31
    endloop
  endfacet
  facet normal 0.634348 0.773047 0
    outer loop
      vertex 33.8791 -1.27813 31
      vertex 33.9651 -1.3487 0
      vertex 33.8791 -1.27813 0
    endloop
  endfacet
  facet normal 0.956922 0.290344 0
    outer loop
      vertex 33.3902 -0.546447 31
      vertex 33.3579 -0.439992 0
      vertex 33.3579 -0.439992 31
    endloop
  endfacet
  facet normal 0.956922 0.290344 0
    outer loop
      vertex 33.3579 -0.439992 0
      vertex 33.3902 -0.546447 31
      vertex 33.3902 -0.546447 0
    endloop
  endfacet
  facet normal 0.995188 0.0979826 0
    outer loop
      vertex 33.3145 -0.221894 31
      vertex 33.3036 -0.111185 0
      vertex 33.3036 -0.111185 31
    endloop
  endfacet
  facet normal 0.995188 0.0979826 0
    outer loop
      vertex 33.3036 -0.111185 0
      vertex 33.3145 -0.221894 31
      vertex 33.3145 -0.221894 0
    endloop
  endfacet
  facet normal 0.881698 0.471814 0
    outer loop
      vertex 33.5278 -0.849999 31
      vertex 33.4753 -0.75189 0
      vertex 33.4753 -0.75189 31
    endloop
  endfacet
  facet normal 0.881698 0.471814 0
    outer loop
      vertex 33.4753 -0.75189 0
      vertex 33.5278 -0.849999 31
      vertex 33.5278 -0.849999 0
    endloop
  endfacet
  facet normal 0.812827 0.582504 0
    outer loop
      vertex 33.6513 -1.03489 31
      vertex 33.5865 -0.944468 0
      vertex 33.5865 -0.944468 31
    endloop
  endfacet
  facet normal 0.812827 0.582504 0
    outer loop
      vertex 33.5865 -0.944468 0
      vertex 33.6513 -1.03489 31
      vertex 33.6513 -1.03489 0
    endloop
  endfacet
  facet normal 0.730056 0.683388 0
    outer loop
      vertex 33.7979 -1.20208 31
      vertex 33.7219 -1.12089 0
      vertex 33.7219 -1.12089 31
    endloop
  endfacet
  facet normal 0.730056 0.683388 0
    outer loop
      vertex 33.7219 -1.12089 0
      vertex 33.7979 -1.20208 31
      vertex 33.7979 -1.20208 0
    endloop
  endfacet
  facet normal -0.973998 0.226555 0
    outer loop
      vertex 36.6421 -0.439992 0
      vertex 36.6673 -0.331653 31
      vertex 36.6673 -0.331653 0
    endloop
  endfacet
  facet normal -0.973998 0.226555 0
    outer loop
      vertex 36.6673 -0.331653 31
      vertex 36.6421 -0.439992 0
      vertex 36.6421 -0.439992 31
    endloop
  endfacet
  facet normal -0.999476 0.0323615 0
    outer loop
      vertex 36.6964 -0.111185 0
      vertex 36.7 0 31
      vertex 36.7 0 0
    endloop
  endfacet
  facet normal -0.999476 0.0323615 0
    outer loop
      vertex 36.7 0 31
      vertex 36.6964 -0.111185 0
      vertex 36.6964 -0.111185 31
    endloop
  endfacet
  facet normal -0.910903 0.412621 0
    outer loop
      vertex 36.5247 -0.75189 0
      vertex 36.5706 -0.650561 31
      vertex 36.5706 -0.650561 0
    endloop
  endfacet
  facet normal -0.910903 0.412621 0
    outer loop
      vertex 36.5706 -0.650561 31
      vertex 36.5247 -0.75189 0
      vertex 36.5247 -0.75189 31
    endloop
  endfacet
  facet normal -0.352029 0.935989 0
    outer loop
      vertex 35.6506 -1.57059 0
      vertex 35.5464 -1.60978 31
      vertex 35.6506 -1.57059 31
    endloop
  endfacet
  facet normal -0.352029 0.935989 0
    outer loop
      vertex 35.5464 -1.60978 31
      vertex 35.6506 -1.57059 0
      vertex 35.5464 -1.60978 0
    endloop
  endfacet
  facet normal -0.730056 0.683388 0
    outer loop
      vertex 36.2021 -1.20208 0
      vertex 36.2781 -1.12089 31
      vertex 36.2781 -1.12089 0
    endloop
  endfacet
  facet normal -0.730056 0.683388 0
    outer loop
      vertex 36.2781 -1.12089 31
      vertex 36.2021 -1.20208 0
      vertex 36.2021 -1.20208 31
    endloop
  endfacet
  facet normal -0.471428 0.881905 0
    outer loop
      vertex 35.85 -1.47224 0
      vertex 35.7519 -1.52468 31
      vertex 35.85 -1.47224 31
    endloop
  endfacet
  facet normal -0.471428 0.881905 0
    outer loop
      vertex 35.7519 -1.52468 31
      vertex 35.85 -1.47224 0
      vertex 35.7519 -1.52468 0
    endloop
  endfacet
  facet normal 0.0979904 0.995187 -0
    outer loop
      vertex 34.8888 -1.69636 0
      vertex 34.7781 -1.68546 31
      vertex 34.8888 -1.69636 31
    endloop
  endfacet
  facet normal 0.0979904 0.995187 0
    outer loop
      vertex 34.7781 -1.68546 31
      vertex 34.8888 -1.69636 0
      vertex 34.7781 -1.68546 0
    endloop
  endfacet
  facet normal 0.290399 0.956906 -0
    outer loop
      vertex 34.56 -1.64207 0
      vertex 34.4536 -1.60978 31
      vertex 34.56 -1.64207 31
    endloop
  endfacet
  facet normal 0.290399 0.956906 0
    outer loop
      vertex 34.4536 -1.60978 31
      vertex 34.56 -1.64207 0
      vertex 34.4536 -1.60978 0
    endloop
  endfacet
  facet normal 0.471428 0.881905 -0
    outer loop
      vertex 34.2481 -1.52468 0
      vertex 34.15 -1.47224 31
      vertex 34.2481 -1.52468 31
    endloop
  endfacet
  facet normal 0.471428 0.881905 0
    outer loop
      vertex 34.15 -1.47224 31
      vertex 34.2481 -1.52468 0
      vertex 34.15 -1.47224 0
    endloop
  endfacet
  facet normal 0.849382 0.527779 0
    outer loop
      vertex 33.5865 -0.944468 31
      vertex 33.5278 -0.849999 0
      vertex 33.5278 -0.849999 31
    endloop
  endfacet
  facet normal 0.849382 0.527779 0
    outer loop
      vertex 33.5278 -0.849999 0
      vertex 33.5865 -0.944468 31
      vertex 33.5865 -0.944468 0
    endloop
  endfacet
  facet normal 0.772915 0.634509 0
    outer loop
      vertex 33.7219 -1.12089 31
      vertex 33.6513 -1.03489 0
      vertex 33.6513 -1.03489 31
    endloop
  endfacet
  facet normal 0.772915 0.634509 0
    outer loop
      vertex 33.6513 -1.03489 0
      vertex 33.7219 -1.12089 31
      vertex 33.7219 -1.12089 0
    endloop
  endfacet
  facet normal -0.812827 0.582504 0
    outer loop
      vertex 36.3487 -1.03489 0
      vertex 36.4135 -0.944468 31
      vertex 36.4135 -0.944468 0
    endloop
  endfacet
  facet normal -0.812827 0.582504 0
    outer loop
      vertex 36.4135 -0.944468 31
      vertex 36.3487 -1.03489 0
      vertex 36.3487 -1.03489 31
    endloop
  endfacet
  facet normal -0.772915 0.634509 0
    outer loop
      vertex 36.2781 -1.12089 0
      vertex 36.3487 -1.03489 31
      vertex 36.3487 -1.03489 0
    endloop
  endfacet
  facet normal -0.772915 0.634509 0
    outer loop
      vertex 36.3487 -1.03489 31
      vertex 36.2781 -1.12089 0
      vertex 36.2781 -1.12089 31
    endloop
  endfacet
  facet normal -0.881698 0.471814 0
    outer loop
      vertex 36.4722 -0.849999 0
      vertex 36.5247 -0.75189 31
      vertex 36.5247 -0.75189 0
    endloop
  endfacet
  facet normal -0.881698 0.471814 0
    outer loop
      vertex 36.5247 -0.75189 31
      vertex 36.4722 -0.849999 0
      vertex 36.4722 -0.849999 31
    endloop
  endfacet
  facet normal -0.849382 0.527779 0
    outer loop
      vertex 36.4135 -0.944468 0
      vertex 36.4722 -0.849999 31
      vertex 36.4722 -0.849999 0
    endloop
  endfacet
  facet normal -0.849382 0.527779 0
    outer loop
      vertex 36.4722 -0.849999 31
      vertex 36.4135 -0.944468 0
      vertex 36.4135 -0.944468 31
    endloop
  endfacet
  facet normal 1 0 0
    outer loop
      vertex 102.4 -8 31
      vertex 102.4 -10.35 31
      vertex 102.4 -8 16
    endloop
  endfacet
  facet normal 1 0 0
    outer loop
      vertex 102.4 8 16
      vertex 102.4 10.35 31
      vertex 102.4 8 31
    endloop
  endfacet
  facet normal 1 0 0
    outer loop
      vertex 102.4 10.35 31
      vertex 102.4 8 16
      vertex 102.4 10.35 10.4
    endloop
  endfacet
  facet normal 1 -0 0
    outer loop
      vertex 102.4 -8 16
      vertex 102.4 10.35 10.4
      vertex 102.4 8 16
    endloop
  endfacet
  facet normal 1 0 0
    outer loop
      vertex 102.4 -8 16
      vertex 102.4 -10.35 10.4
      vertex 102.4 10.35 10.4
    endloop
  endfacet
  facet normal 1 0 0
    outer loop
      vertex 102.4 -10.35 10.4
      vertex 102.4 -8 16
      vertex 102.4 -10.35 31
    endloop
  endfacet
  facet normal 0 1 -0
    outer loop
      vertex 122.5 -10.35 10.4
      vertex 102.4 -10.35 31
      vertex 122.5 -10.35 31
    endloop
  endfacet
  facet normal 0 1 0
    outer loop
      vertex 102.4 -10.35 31
      vertex 122.5 -10.35 10.4
      vertex 102.4 -10.35 10.4
    endloop
  endfacet
  facet normal 0 -1 0
    outer loop
      vertex 102.4 10.35 10.4
      vertex 122.5 10.35 31
      vertex 102.4 10.35 31
    endloop
  endfacet
  facet normal 0 -1 -0
    outer loop
      vertex 122.5 10.35 31
      vertex 102.4 10.35 10.4
      vertex 122.5 10.35 10.4
    endloop
  endfacet
  facet normal -0 0 1
    outer loop
      vertex 98 8 16
      vertex 102.4 -8 16
      vertex 102.4 8 16
    endloop
  endfacet
  facet normal 0 0 1
    outer loop
      vertex 102.4 -8 16
      vertex 98 8 16
      vertex 98 -8 16
    endloop
  endfacet
  facet normal 0 1 -0
    outer loop
      vertex 102.4 -8 16
      vertex 98 -8 31
      vertex 102.4 -8 31
    endloop
  endfacet
  facet normal 0 1 0
    outer loop
      vertex 98 -8 31
      vertex 102.4 -8 16
      vertex 98 -8 16
    endloop
  endfacet
  facet normal 0 -1 0
    outer loop
      vertex 98 8 16
      vertex 102.4 8 31
      vertex 98 8 31
    endloop
  endfacet
  facet normal 0 -1 -0
    outer loop
      vertex 102.4 8 31
      vertex 98 8 16
      vertex 102.4 8 16
    endloop
  endfacet
  facet normal -0.999468 0 0.0326024
    outer loop
      vertex 97.4904 -22.6922 30.7057
      vertex 97.5 -20.2872 31
      vertex 97.4904 -20.2866 30.7057
    endloop
  endfacet
  facet normal -0.999468 0 0.0326024
    outer loop
      vertex 97.5 -20.2872 31
      vertex 97.4904 -22.6922 30.7057
      vertex 97.5 -22.6928 31
    endloop
  endfacet
  facet normal -0.812814 0 0.582523
    outer loop
      vertex 96.5701 -22.6293 28.2606
      vertex 96.7416 -20.2355 28.4999
      vertex 96.5701 -20.2238 28.2606
    endloop
  endfacet
  facet normal -0.812814 0 0.582523
    outer loop
      vertex 96.7416 -20.2355 28.4999
      vertex 96.5701 -22.6293 28.2606
      vertex 96.7416 -22.641 28.4999
    endloop
  endfacet
  facet normal 0 0 1
    outer loop
      vertex 81 -21.5665 26.5
      vertex 93 -19.9801 26.5
      vertex 81 -19.1609 26.5
    endloop
  endfacet
  facet normal 0 0 1
    outer loop
      vertex 93 -19.9801 26.5
      vertex 81 -21.5665 26.5
      vertex 93 -22.3856 26.5
    endloop
  endfacet
  facet normal 0.226843 -0 0.973931
    outer loop
      vertex 79.8353 -21.487 26.6533
      vertex 80.1221 -19.101 26.5865
      vertex 79.8353 -19.0814 26.6533
    endloop
  endfacet
  facet normal 0.226843 0 0.973931
    outer loop
      vertex 80.1221 -19.101 26.5865
      vertex 79.8353 -21.487 26.6533
      vertex 80.1221 -21.5065 26.5865
    endloop
  endfacet
  facet normal -0.471364 0 0.881939
    outer loop
      vertex 94.9903 -22.5215 26.9641
      vertex 95.25 -20.1336 27.1029
      vertex 94.9903 -20.1159 26.9641
    endloop
  endfacet
  facet normal -0.471364 0 0.881939
    outer loop
      vertex 95.25 -20.1336 27.1029
      vertex 94.9903 -22.5215 26.9641
      vertex 95.25 -22.5392 27.1029
    endloop
  endfacet
  facet normal -0.956924 0 0.290337
    outer loop
      vertex 97.2612 -22.6765 29.5535
      vertex 97.3467 -20.2768 29.8353
      vertex 97.2612 -20.2709 29.5535
    endloop
  endfacet
  facet normal -0.956924 0 0.290337
    outer loop
      vertex 97.3467 -20.2768 29.8353
      vertex 97.2612 -22.6765 29.5535
      vertex 97.3467 -22.6823 29.8353
    endloop
  endfacet
  facet normal -0.849236 0 0.528014
    outer loop
      vertex 96.7416 -22.641 28.4999
      vertex 96.8971 -20.2461 28.75
      vertex 96.7416 -20.2355 28.4999
    endloop
  endfacet
  facet normal -0.849236 0 0.528014
    outer loop
      vertex 96.8971 -20.2461 28.75
      vertex 96.7416 -22.641 28.4999
      vertex 96.8971 -22.6517 28.75
    endloop
  endfacet
  facet normal 0.995174 -0 0.0981253
    outer loop
      vertex 76.5096 -21.2599 30.7057
      vertex 76.5385 -18.8563 30.4126
      vertex 76.5096 -18.8544 30.7057
    endloop
  endfacet
  facet normal 0.995174 0 0.0981253
    outer loop
      vertex 76.5385 -18.8563 30.4126
      vertex 76.5096 -21.2599 30.7057
      vertex 76.5385 -21.2619 30.4126
    endloop
  endfacet
  facet normal 0.0326024 -0 0.999468
    outer loop
      vertex 80.7057 -21.5464 26.5096
      vertex 81 -19.1609 26.5
      vertex 80.7057 -19.1408 26.5096
    endloop
  endfacet
  facet normal 0.0326024 0 0.999468
    outer loop
      vertex 81 -19.1609 26.5
      vertex 80.7057 -21.5464 26.5096
      vertex 81 -21.5665 26.5
    endloop
  endfacet
  facet normal 0.290337 -0 0.956924
    outer loop
      vertex 79.5535 -21.4677 26.7388
      vertex 79.8353 -19.0814 26.6533
      vertex 79.5535 -19.0622 26.7388
    endloop
  endfacet
  facet normal 0.290337 0 0.956924
    outer loop
      vertex 79.8353 -19.0814 26.6533
      vertex 79.5535 -21.4677 26.7388
      vertex 79.8353 -21.487 26.6533
    endloop
  endfacet
  facet normal -0.528014 0 0.849236
    outer loop
      vertex 95.25 -22.5392 27.1029
      vertex 95.5001 -20.1507 27.2584
      vertex 95.25 -20.1336 27.1029
    endloop
  endfacet
  facet normal -0.528014 0 0.849236
    outer loop
      vertex 95.5001 -20.1507 27.2584
      vertex 95.25 -22.5392 27.1029
      vertex 95.5001 -22.5563 27.2584
    endloop
  endfacet
  facet normal -0.582523 0 0.812814
    outer loop
      vertex 95.5001 -22.5563 27.2584
      vertex 95.7394 -20.1671 27.4299
      vertex 95.5001 -20.1507 27.2584
    endloop
  endfacet
  facet normal -0.582523 0 0.812814
    outer loop
      vertex 95.7394 -20.1671 27.4299
      vertex 95.5001 -22.5563 27.2584
      vertex 95.7394 -22.5726 27.4299
    endloop
  endfacet
  facet normal -0.773125 0 0.634254
    outer loop
      vertex 96.3833 -22.6166 28.0329
      vertex 96.5701 -20.2238 28.2606
      vertex 96.3833 -20.211 28.0329
    endloop
  endfacet
  facet normal -0.773125 0 0.634254
    outer loop
      vertex 96.5701 -20.2238 28.2606
      vertex 96.3833 -22.6166 28.0329
      vertex 96.5701 -22.6293 28.2606
    endloop
  endfacet
  facet normal -0.995174 0 0.0981253
    outer loop
      vertex 97.4615 -22.6902 30.4126
      vertex 97.4904 -20.2866 30.7057
      vertex 97.4615 -20.2846 30.4126
    endloop
  endfacet
  facet normal -0.995174 0 0.0981253
    outer loop
      vertex 97.4904 -20.2866 30.7057
      vertex 97.4615 -22.6902 30.4126
      vertex 97.4904 -22.6922 30.7057
    endloop
  endfacet
  facet normal -0.935938 0 0.352165
    outer loop
      vertex 97.1575 -22.6694 29.2779
      vertex 97.2612 -20.2709 29.5535
      vertex 97.1575 -20.2639 29.2779
    endloop
  endfacet
  facet normal -0.935938 0 0.352165
    outer loop
      vertex 97.2612 -20.2709 29.5535
      vertex 97.1575 -22.6694 29.2779
      vertex 97.2612 -22.6765 29.5535
    endloop
  endfacet
  facet normal -0.973931 0 0.226843
    outer loop
      vertex 97.3467 -22.6823 29.8353
      vertex 97.4135 -20.2813 30.1221
      vertex 97.3467 -20.2768 29.8353
    endloop
  endfacet
  facet normal -0.973931 0 0.226843
    outer loop
      vertex 97.4135 -20.2813 30.1221
      vertex 97.3467 -22.6823 29.8353
      vertex 97.4135 -22.6869 30.1221
    endloop
  endfacet
  facet normal -0.881939 0 0.471364
    outer loop
      vertex 96.8971 -22.6517 28.75
      vertex 97.0359 -20.2556 29.0097
      vertex 96.8971 -20.2461 28.75
    endloop
  endfacet
  facet normal -0.881939 0 0.471364
    outer loop
      vertex 97.0359 -20.2556 29.0097
      vertex 96.8971 -22.6517 28.75
      vertex 97.0359 -22.6611 29.0097
    endloop
  endfacet
  facet normal 0.582523 -0 0.812814
    outer loop
      vertex 78.2606 -21.3795 27.4299
      vertex 78.4999 -18.9902 27.2584
      vertex 78.2606 -18.9739 27.4299
    endloop
  endfacet
  facet normal 0.582523 0 0.812814
    outer loop
      vertex 78.4999 -18.9902 27.2584
      vertex 78.2606 -21.3795 27.4299
      vertex 78.4999 -21.3958 27.2584
    endloop
  endfacet
  facet normal -0.163022 0 0.986622
    outer loop
      vertex 93.5874 -22.4257 26.5385
      vertex 93.8779 -20.04 26.5865
      vertex 93.5874 -20.0201 26.5385
    endloop
  endfacet
  facet normal -0.163022 0 0.986622
    outer loop
      vertex 93.8779 -20.04 26.5865
      vertex 93.5874 -22.4257 26.5385
      vertex 93.8779 -22.4456 26.5865
    endloop
  endfacet
  facet normal -0.0981253 0 0.995174
    outer loop
      vertex 93.2943 -22.4057 26.5096
      vertex 93.5874 -20.0201 26.5385
      vertex 93.2943 -20.0001 26.5096
    endloop
  endfacet
  facet normal -0.0981253 0 0.995174
    outer loop
      vertex 93.5874 -20.0201 26.5385
      vertex 93.2943 -22.4057 26.5096
      vertex 93.5874 -22.4257 26.5385
    endloop
  endfacet
  facet normal -0.0326024 0 0.999468
    outer loop
      vertex 93 -22.3856 26.5
      vertex 93.2943 -20.0001 26.5096
      vertex 93 -19.9801 26.5
    endloop
  endfacet
  facet normal -0.0326024 0 0.999468
    outer loop
      vertex 93.2943 -20.0001 26.5096
      vertex 93 -22.3856 26.5
      vertex 93.2943 -22.4057 26.5096
    endloop
  endfacet
  facet normal 0.0981253 -0 0.995174
    outer loop
      vertex 80.4126 -21.5264 26.5385
      vertex 80.7057 -19.1408 26.5096
      vertex 80.4126 -19.1208 26.5385
    endloop
  endfacet
  facet normal 0.0981253 0 0.995174
    outer loop
      vertex 80.7057 -19.1408 26.5096
      vertex 80.4126 -21.5264 26.5385
      vertex 80.7057 -21.5464 26.5096
    endloop
  endfacet
  facet normal 0.163022 -0 0.986622
    outer loop
      vertex 80.1221 -21.5065 26.5865
      vertex 80.4126 -19.1208 26.5385
      vertex 80.1221 -19.101 26.5865
    endloop
  endfacet
  facet normal 0.163022 0 0.986622
    outer loop
      vertex 80.4126 -19.1208 26.5385
      vertex 80.1221 -21.5065 26.5865
      vertex 80.4126 -21.5264 26.5385
    endloop
  endfacet
  facet normal -0.290337 0 0.956924
    outer loop
      vertex 94.1647 -22.4651 26.6533
      vertex 94.4465 -20.0788 26.7388
      vertex 94.1647 -20.0596 26.6533
    endloop
  endfacet
  facet normal -0.290337 0 0.956924
    outer loop
      vertex 94.4465 -20.0788 26.7388
      vertex 94.1647 -22.4651 26.6533
      vertex 94.4465 -22.4844 26.7388
    endloop
  endfacet
  facet normal -0.412933 0 0.910761
    outer loop
      vertex 94.7221 -22.5032 26.8425
      vertex 94.9903 -20.1159 26.9641
      vertex 94.7221 -20.0976 26.8425
    endloop
  endfacet
  facet normal -0.412933 0 0.910761
    outer loop
      vertex 94.9903 -20.1159 26.9641
      vertex 94.7221 -22.5032 26.8425
      vertex 94.9903 -22.5215 26.9641
    endloop
  endfacet
  facet normal -0.683636 0 0.729823
    outer loop
      vertex 95.9671 -22.5882 27.6167
      vertex 96.182 -20.1973 27.818
      vertex 95.9671 -20.1826 27.6167
    endloop
  endfacet
  facet normal -0.683636 0 0.729823
    outer loop
      vertex 96.182 -20.1973 27.818
      vertex 95.9671 -22.5882 27.6167
      vertex 96.182 -22.6028 27.818
    endloop
  endfacet
  facet normal -0.729823 0 0.683636
    outer loop
      vertex 96.182 -22.6028 27.818
      vertex 96.3833 -20.211 28.0329
      vertex 96.182 -20.1973 27.818
    endloop
  endfacet
  facet normal -0.729823 0 0.683636
    outer loop
      vertex 96.3833 -20.211 28.0329
      vertex 96.182 -22.6028 27.818
      vertex 96.3833 -22.6166 28.0329
    endloop
  endfacet
  facet normal -0.986622 0 0.163022
    outer loop
      vertex 97.4135 -22.6869 30.1221
      vertex 97.4615 -20.2846 30.4126
      vertex 97.4135 -20.2813 30.1221
    endloop
  endfacet
  facet normal -0.986622 0 0.163022
    outer loop
      vertex 97.4615 -20.2846 30.4126
      vertex 97.4135 -22.6869 30.1221
      vertex 97.4615 -22.6902 30.4126
    endloop
  endfacet
  facet normal -0.910761 0 0.412933
    outer loop
      vertex 97.0359 -22.6611 29.0097
      vertex 97.1575 -20.2639 29.2779
      vertex 97.0359 -20.2556 29.0097
    endloop
  endfacet
  facet normal -0.910761 0 0.412933
    outer loop
      vertex 97.1575 -20.2639 29.2779
      vertex 97.0359 -22.6611 29.0097
      vertex 97.1575 -22.6694 29.2779
    endloop
  endfacet
  facet normal 0.528014 -0 0.849236
    outer loop
      vertex 78.4999 -21.3958 27.2584
      vertex 78.75 -19.0073 27.1029
      vertex 78.4999 -18.9902 27.2584
    endloop
  endfacet
  facet normal 0.528014 0 0.849236
    outer loop
      vertex 78.75 -19.0073 27.1029
      vertex 78.4999 -21.3958 27.2584
      vertex 78.75 -21.4129 27.1029
    endloop
  endfacet
  facet normal -0.226843 0 0.973931
    outer loop
      vertex 93.8779 -22.4456 26.5865
      vertex 94.1647 -20.0596 26.6533
      vertex 93.8779 -20.04 26.5865
    endloop
  endfacet
  facet normal -0.226843 0 0.973931
    outer loop
      vertex 94.1647 -20.0596 26.6533
      vertex 93.8779 -22.4456 26.5865
      vertex 94.1647 -22.4651 26.6533
    endloop
  endfacet
  facet normal -0.352165 0 0.935938
    outer loop
      vertex 94.4465 -22.4844 26.7388
      vertex 94.7221 -20.0976 26.8425
      vertex 94.4465 -20.0788 26.7388
    endloop
  endfacet
  facet normal -0.352165 0 0.935938
    outer loop
      vertex 94.7221 -20.0976 26.8425
      vertex 94.4465 -22.4844 26.7388
      vertex 94.7221 -22.5032 26.8425
    endloop
  endfacet
  facet normal -0.634254 0 0.773125
    outer loop
      vertex 95.7394 -22.5726 27.4299
      vertex 95.9671 -20.1826 27.6167
      vertex 95.7394 -20.1671 27.4299
    endloop
  endfacet
  facet normal -0.634254 0 0.773125
    outer loop
      vertex 95.9671 -20.1826 27.6167
      vertex 95.7394 -22.5726 27.4299
      vertex 95.9671 -22.5882 27.6167
    endloop
  endfacet
  facet normal 0.471364 -0 0.881939
    outer loop
      vertex 78.75 -21.4129 27.1029
      vertex 79.0097 -19.025 26.9641
      vertex 78.75 -19.0073 27.1029
    endloop
  endfacet
  facet normal 0.471364 0 0.881939
    outer loop
      vertex 79.0097 -19.025 26.9641
      vertex 78.75 -21.4129 27.1029
      vertex 79.0097 -21.4306 26.9641
    endloop
  endfacet
  facet normal 0.412933 -0 0.910761
    outer loop
      vertex 79.0097 -21.4306 26.9641
      vertex 79.2779 -19.0433 26.8425
      vertex 79.0097 -19.025 26.9641
    endloop
  endfacet
  facet normal 0.412933 0 0.910761
    outer loop
      vertex 79.2779 -19.0433 26.8425
      vertex 79.0097 -21.4306 26.9641
      vertex 79.2779 -21.4489 26.8425
    endloop
  endfacet
  facet normal 0.352165 -0 0.935938
    outer loop
      vertex 79.2779 -21.4489 26.8425
      vertex 79.5535 -19.0622 26.7388
      vertex 79.2779 -19.0433 26.8425
    endloop
  endfacet
  facet normal 0.352165 0 0.935938
    outer loop
      vertex 79.5535 -19.0622 26.7388
      vertex 79.2779 -21.4489 26.8425
      vertex 79.5535 -21.4677 26.7388
    endloop
  endfacet
  facet normal 0.634254 -0 0.773125
    outer loop
      vertex 78.0329 -21.3639 27.6167
      vertex 78.2606 -18.9739 27.4299
      vertex 78.0329 -18.9584 27.6167
    endloop
  endfacet
  facet normal 0.634254 0 0.773125
    outer loop
      vertex 78.2606 -18.9739 27.4299
      vertex 78.0329 -21.3639 27.6167
      vertex 78.2606 -21.3795 27.4299
    endloop
  endfacet
  facet normal 0.729823 -0 0.683636
    outer loop
      vertex 77.6167 -21.3355 28.0329
      vertex 77.818 -18.9437 27.818
      vertex 77.6167 -18.9299 28.0329
    endloop
  endfacet
  facet normal 0.729823 0 0.683636
    outer loop
      vertex 77.818 -18.9437 27.818
      vertex 77.6167 -21.3355 28.0329
      vertex 77.818 -21.3493 27.818
    endloop
  endfacet
  facet normal 0.986622 -0 0.163022
    outer loop
      vertex 76.5385 -21.2619 30.4126
      vertex 76.5865 -18.8596 30.1221
      vertex 76.5385 -18.8563 30.4126
    endloop
  endfacet
  facet normal 0.986622 0 0.163022
    outer loop
      vertex 76.5865 -18.8596 30.1221
      vertex 76.5385 -21.2619 30.4126
      vertex 76.5865 -21.2652 30.1221
    endloop
  endfacet
  facet normal 0.999468 -0 0.0326024
    outer loop
      vertex 76.5 -21.2593 31
      vertex 76.5096 -18.8544 30.7057
      vertex 76.5 -18.8537 31
    endloop
  endfacet
  facet normal 0.999468 0 0.0326024
    outer loop
      vertex 76.5096 -18.8544 30.7057
      vertex 76.5 -21.2593 31
      vertex 76.5096 -21.2599 30.7057
    endloop
  endfacet
  facet normal 0.683636 -0 0.729823
    outer loop
      vertex 77.818 -21.3493 27.818
      vertex 78.0329 -18.9584 27.6167
      vertex 77.818 -18.9437 27.818
    endloop
  endfacet
  facet normal 0.683636 0 0.729823
    outer loop
      vertex 78.0329 -18.9584 27.6167
      vertex 77.818 -21.3493 27.818
      vertex 78.0329 -21.3639 27.6167
    endloop
  endfacet
  facet normal 0.910761 -0 0.412933
    outer loop
      vertex 76.8425 -21.2827 29.2779
      vertex 76.9641 -18.8854 29.0097
      vertex 76.8425 -18.8771 29.2779
    endloop
  endfacet
  facet normal 0.910761 0 0.412933
    outer loop
      vertex 76.9641 -18.8854 29.0097
      vertex 76.8425 -21.2827 29.2779
      vertex 76.9641 -21.291 29.0097
    endloop
  endfacet
  facet normal 0.881939 -0 0.471364
    outer loop
      vertex 76.9641 -21.291 29.0097
      vertex 77.1029 -18.8949 28.75
      vertex 76.9641 -18.8854 29.0097
    endloop
  endfacet
  facet normal 0.881939 0 0.471364
    outer loop
      vertex 77.1029 -18.8949 28.75
      vertex 76.9641 -21.291 29.0097
      vertex 77.1029 -21.3004 28.75
    endloop
  endfacet
  facet normal 0.973931 -0 0.226843
    outer loop
      vertex 76.5865 -21.2652 30.1221
      vertex 76.6533 -18.8642 29.8353
      vertex 76.5865 -18.8596 30.1221
    endloop
  endfacet
  facet normal 0.973931 0 0.226843
    outer loop
      vertex 76.6533 -18.8642 29.8353
      vertex 76.5865 -21.2652 30.1221
      vertex 76.6533 -21.2698 29.8353
    endloop
  endfacet
  facet normal 0.812814 -0 0.582523
    outer loop
      vertex 77.2584 -21.3111 28.4999
      vertex 77.4299 -18.9172 28.2606
      vertex 77.2584 -18.9055 28.4999
    endloop
  endfacet
  facet normal 0.812814 0 0.582523
    outer loop
      vertex 77.4299 -18.9172 28.2606
      vertex 77.2584 -21.3111 28.4999
      vertex 77.4299 -21.3228 28.2606
    endloop
  endfacet
  facet normal 0.849236 -0 0.528014
    outer loop
      vertex 77.1029 -21.3004 28.75
      vertex 77.2584 -18.9055 28.4999
      vertex 77.1029 -18.8949 28.75
    endloop
  endfacet
  facet normal 0.849236 0 0.528014
    outer loop
      vertex 77.2584 -18.9055 28.4999
      vertex 77.1029 -21.3004 28.75
      vertex 77.2584 -21.3111 28.4999
    endloop
  endfacet
  facet normal 0.773125 -0 0.634254
    outer loop
      vertex 77.4299 -21.3228 28.2606
      vertex 77.6167 -18.9299 28.0329
      vertex 77.4299 -18.9172 28.2606
    endloop
  endfacet
  facet normal 0.773125 0 0.634254
    outer loop
      vertex 77.6167 -18.9299 28.0329
      vertex 77.4299 -21.3228 28.2606
      vertex 77.6167 -21.3355 28.0329
    endloop
  endfacet
  facet normal 0.956924 -0 0.290337
    outer loop
      vertex 76.6533 -21.2698 29.8353
      vertex 76.7388 -18.87 29.5535
      vertex 76.6533 -18.8642 29.8353
    endloop
  endfacet
  facet normal 0.956924 0 0.290337
    outer loop
      vertex 76.7388 -18.87 29.5535
      vertex 76.6533 -21.2698 29.8353
      vertex 76.7388 -21.2756 29.5535
    endloop
  endfacet
  facet normal 0.935938 -0 0.352165
    outer loop
      vertex 76.7388 -21.2756 29.5535
      vertex 76.8425 -18.8771 29.2779
      vertex 76.7388 -18.87 29.5535
    endloop
  endfacet
  facet normal 0.935938 0 0.352165
    outer loop
      vertex 76.8425 -18.8771 29.2779
      vertex 76.7388 -21.2756 29.5535
      vertex 76.8425 -21.2827 29.2779
    endloop
  endfacet
endsolid OpenSCAD_Model
