solid OpenSCAD_Model
  facet normal -0 0 -1
    outer loop
      vertex -2.91484 1.43744 0
      vertex -5.83327 1.16673 0
      vertex -2.81458 1.625 0
    endloop
  endfacet
  facet normal 0 0 -1
    outer loop
      vertex -5.91208 1.24053 0
      vertex -2.81458 1.625 0
      vertex -5.83327 1.16673 0
    endloop
  endfacet
  facet normal -0 0 -1
    outer loop
      vertex -2.81458 1.625 0
      vertex -5.91208 1.24053 0
      vertex -2.70228 1.8056 0
    endloop
  endfacet
  facet normal 0 0 -1
    outer loop
      vertex -5.99554 1.30903 0
      vertex -2.70228 1.8056 0
      vertex -5.91208 1.24053 0
    endloop
  endfacet
  facet normal -0 0 -1
    outer loop
      vertex -2.70228 1.8056 0
      vertex -5.99554 1.30903 0
      vertex -2.5784 1.97847 0
    endloop
  endfacet
  facet normal 0 0 -1
    outer loop
      vertex -6.08331 1.37192 0
      vertex -2.5784 1.97847 0
      vertex -5.99554 1.30903 0
    endloop
  endfacet
  facet normal 0 0 -1
    outer loop
      vertex -6.175 1.42894 0
      vertex -2.5784 1.97847 0
      vertex -6.08331 1.37192 0
    endloop
  endfacet
  facet normal -0 0 -1
    outer loop
      vertex -2.5784 1.97847 0
      vertex -6.175 1.42894 0
      vertex -2.44348 2.14287 0
    endloop
  endfacet
  facet normal 0 0 -1
    outer loop
      vertex -6.27022 1.47984 0
      vertex -2.44348 2.14287 0
      vertex -6.175 1.42894 0
    endloop
  endfacet
  facet normal 0 0 -1
    outer loop
      vertex -6.36857 1.5244 0
      vertex -2.44348 2.14287 0
      vertex -6.27022 1.47984 0
    endloop
  endfacet
  facet normal -0 0 -1
    outer loop
      vertex -2.44348 2.14287 0
      vertex -6.36857 1.5244 0
      vertex -1.56243 6.46962 0
    endloop
  endfacet
  facet normal 0 0 -1
    outer loop
      vertex -6.46962 1.56243 0
      vertex -1.56243 6.46962 0
      vertex -6.36857 1.5244 0
    endloop
  endfacet
  facet normal -0 0 -1
    outer loop
      vertex -1.56243 6.46962 0
      vertex -6.46962 1.56243 0
      vertex -1.59378 6.57295 0
    endloop
  endfacet
  facet normal 0 0 -1
    outer loop
      vertex -6.57295 1.59378 0
      vertex -1.59378 6.57295 0
      vertex -6.46962 1.56243 0
    endloop
  endfacet
  facet normal -0 0 -1
    outer loop
      vertex -1.59378 6.57295 0
      vertex -6.57295 1.59378 0
      vertex -1.6183 6.6781 0
    endloop
  endfacet
  facet normal 0 0 -1
    outer loop
      vertex -6.6781 1.6183 0
      vertex -1.6183 6.6781 0
      vertex -6.57295 1.59378 0
    endloop
  endfacet
  facet normal -0 0 -1
    outer loop
      vertex -1.6183 6.6781 0
      vertex -6.6781 1.6183 0
      vertex -1.63588 6.78463 0
    endloop
  endfacet
  facet normal 0 0 -1
    outer loop
      vertex -1.64647 7.10791 0
      vertex -6.12293 14.7821 0
      vertex -5.14303 15.1509 0
    endloop
  endfacet
  facet normal 0 0 -1
    outer loop
      vertex -6.78463 1.63588 0
      vertex -1.63588 6.78463 0
      vertex -6.6781 1.6183 0
    endloop
  endfacet
  facet normal -0 0 -1
    outer loop
      vertex -1.63588 6.78463 0
      vertex -6.78463 1.63588 0
      vertex -1.64647 6.89208 0
    endloop
  endfacet
  facet normal 0 0 -1
    outer loop
      vertex -6.89208 1.64647 0
      vertex -1.64647 6.89208 0
      vertex -6.78463 1.63588 0
    endloop
  endfacet
  facet normal -0 0 -1
    outer loop
      vertex -1.64647 6.89208 0
      vertex -6.89208 1.64647 0
      vertex -1.65 7 0
    endloop
  endfacet
  facet normal 0 0 -1
    outer loop
      vertex -7 1.65 0
      vertex -1.65 7 0
      vertex -6.89208 1.64647 0
    endloop
  endfacet
  facet normal -0 0 -1
    outer loop
      vertex -1.65 7 0
      vertex -7 1.65 0
      vertex -1.64647 7.10791 0
    endloop
  endfacet
  facet normal 0 0 -1
    outer loop
      vertex -7.10791 1.64647 0
      vertex -1.64647 7.10791 0
      vertex -7 1.65 0
    endloop
  endfacet
  facet normal 0 0 -1
    outer loop
      vertex -1.64647 7.10791 0
      vertex -7.07662 14.35 0
      vertex -6.12293 14.7821 0
    endloop
  endfacet
  facet normal -0 0 -1
    outer loop
      vertex -1.64647 7.10791 0
      vertex -7.10791 1.64647 0
      vertex -11.3137 11.3137 0
    endloop
  endfacet
  facet normal 0 0 -1
    outer loop
      vertex -12.0294 10.5495 0
      vertex -7.10791 1.64647 0
      vertex -7.21537 1.63588 0
    endloop
  endfacet
  facet normal 0 0 -1
    outer loop
      vertex -12.0294 10.5495 0
      vertex -7.21537 1.63588 0
      vertex -7.3219 1.6183 0
    endloop
  endfacet
  facet normal 0 0 -1
    outer loop
      vertex -12.6937 9.74018 0
      vertex -7.3219 1.6183 0
      vertex -7.42705 1.59378 0
    endloop
  endfacet
  facet normal 0 0 -1
    outer loop
      vertex -12.6937 9.74018 0
      vertex -7.42705 1.59378 0
      vertex -7.53037 1.56243 0
    endloop
  endfacet
  facet normal 0 0 -1
    outer loop
      vertex -13.3035 8.88912 0
      vertex -7.53037 1.56243 0
      vertex -7.63143 1.5244 0
    endloop
  endfacet
  facet normal 0 0 -1
    outer loop
      vertex -13.8564 8 0
      vertex -7.63143 1.5244 0
      vertex -7.72978 1.47984 0
    endloop
  endfacet
  facet normal 0 0 -1
    outer loop
      vertex -13.8564 8 0
      vertex -7.72978 1.47984 0
      vertex -7.825 1.42894 0
    endloop
  endfacet
  facet normal 0 0 -1
    outer loop
      vertex -14.35 7.07662 0
      vertex -7.825 1.42894 0
      vertex -7.91669 1.37192 0
    endloop
  endfacet
  facet normal 0 0 -1
    outer loop
      vertex -1.64647 7.10791 0
      vertex -8 13.8564 0
      vertex -7.07662 14.35 0
    endloop
  endfacet
  facet normal 0 0 -1
    outer loop
      vertex -14.35 7.07662 0
      vertex -7.91669 1.37192 0
      vertex -8.00446 1.30903 0
    endloop
  endfacet
  facet normal 0 0 -1
    outer loop
      vertex -14.7821 6.12293 0
      vertex -8.00446 1.30903 0
      vertex -8.08792 1.24053 0
    endloop
  endfacet
  facet normal 0 0 -1
    outer loop
      vertex -14.7821 6.12293 0
      vertex -8.08792 1.24053 0
      vertex -8.16673 1.16673 0
    endloop
  endfacet
  facet normal 0 0 -1
    outer loop
      vertex -15.1509 5.14303 0
      vertex -8.16673 1.16673 0
      vertex -8.24053 1.08792 0
    endloop
  endfacet
  facet normal 0 0 -1
    outer loop
      vertex -15.1509 5.14303 0
      vertex -8.24053 1.08792 0
      vertex -8.30903 1.00446 0
    endloop
  endfacet
  facet normal 0 0 -1
    outer loop
      vertex -15.4548 4.1411 0
      vertex -8.30903 1.00446 0
      vertex -8.37192 0.916691 0
    endloop
  endfacet
  facet normal 0 0 -1
    outer loop
      vertex -15.4548 4.1411 0
      vertex -8.37192 0.916691 0
      vertex -8.42894 0.825 0
    endloop
  endfacet
  facet normal 0 0 -1
    outer loop
      vertex -15.6926 3.12144 0
      vertex -8.42894 0.825 0
      vertex -8.47984 0.729775 0
    endloop
  endfacet
  facet normal 0 0 -1
    outer loop
      vertex -15.6926 3.12144 0
      vertex -8.47984 0.729775 0
      vertex -8.5244 0.631427 0
    endloop
  endfacet
  facet normal 0 0 -1
    outer loop
      vertex -15.8631 2.08842 0
      vertex -8.5244 0.631427 0
      vertex -8.56243 0.530375 0
    endloop
  endfacet
  facet normal 0 0 -1
    outer loop
      vertex -15.8631 2.08842 0
      vertex -8.56243 0.530375 0
      vertex -8.59378 0.427051 0
    endloop
  endfacet
  facet normal 0 0 -1
    outer loop
      vertex -15.8631 2.08842 0
      vertex -8.59378 0.427051 0
      vertex -8.6183 0.321898 0
    endloop
  endfacet
  facet normal 0 0 -1
    outer loop
      vertex -15.9657 1.04645 0
      vertex -8.6183 0.321898 0
      vertex -8.63588 0.215367 0
    endloop
  endfacet
  facet normal 0 0 -1
    outer loop
      vertex -15.9657 1.04645 0
      vertex -8.63588 0.215367 0
      vertex -8.64647 0.107915 0
    endloop
  endfacet
  facet normal 0 0 -1
    outer loop
      vertex -1.64647 7.10791 0
      vertex -8.88912 13.3035 0
      vertex -8 13.8564 0
    endloop
  endfacet
  facet normal 0 0 -1
    outer loop
      vertex -16 0 0
      vertex -8.64647 0.107915 0
      vertex -8.65 0 0
    endloop
  endfacet
  facet normal 0 0 -1
    outer loop
      vertex -15.4548 -4.1411 0
      vertex -8.30903 -1.00446 0
      vertex -15.1509 -5.14303 0
    endloop
  endfacet
  facet normal -0 0 -1
    outer loop
      vertex -8.30903 -1.00446 0
      vertex -15.4548 -4.1411 0
      vertex -8.37192 -0.916691 0
    endloop
  endfacet
  facet normal 0 0 -1
    outer loop
      vertex -1.64647 7.10791 0
      vertex -9.74018 12.6937 0
      vertex -8.88912 13.3035 0
    endloop
  endfacet
  facet normal -0 0 -1
    outer loop
      vertex -8.37192 -0.916691 0
      vertex -15.4548 -4.1411 0
      vertex -8.42894 -0.825 0
    endloop
  endfacet
  facet normal 0 0 -1
    outer loop
      vertex -1.64647 7.10791 0
      vertex -10.5495 12.0294 0
      vertex -9.74018 12.6937 0
    endloop
  endfacet
  facet normal 0 0 -1
    outer loop
      vertex -15.6926 -3.12144 0
      vertex -8.42894 -0.825 0
      vertex -15.4548 -4.1411 0
    endloop
  endfacet
  facet normal 0 0 -1
    outer loop
      vertex -1.64647 7.10791 0
      vertex -11.3137 11.3137 0
      vertex -10.5495 12.0294 0
    endloop
  endfacet
  facet normal -0 0 -1
    outer loop
      vertex -8.42894 -0.825 0
      vertex -15.6926 -3.12144 0
      vertex -8.47984 -0.729775 0
    endloop
  endfacet
  facet normal 0 0 -1
    outer loop
      vertex -7.10791 1.64647 0
      vertex -12.0294 10.5495 0
      vertex -11.3137 11.3137 0
    endloop
  endfacet
  facet normal -0 0 -1
    outer loop
      vertex -8.47984 -0.729775 0
      vertex -15.6926 -3.12144 0
      vertex -8.5244 -0.631427 0
    endloop
  endfacet
  facet normal 0 0 -1
    outer loop
      vertex -7.3219 1.6183 0
      vertex -12.6937 9.74018 0
      vertex -12.0294 10.5495 0
    endloop
  endfacet
  facet normal 0 0 -1
    outer loop
      vertex -15.8631 -2.08842 0
      vertex -8.5244 -0.631427 0
      vertex -15.6926 -3.12144 0
    endloop
  endfacet
  facet normal 0 0 -1
    outer loop
      vertex -7.53037 1.56243 0
      vertex -13.3035 8.88912 0
      vertex -12.6937 9.74018 0
    endloop
  endfacet
  facet normal -0 0 -1
    outer loop
      vertex -8.5244 -0.631427 0
      vertex -15.8631 -2.08842 0
      vertex -8.56243 -0.530375 0
    endloop
  endfacet
  facet normal 0 0 -1
    outer loop
      vertex -7.63143 1.5244 0
      vertex -13.8564 8 0
      vertex -13.3035 8.88912 0
    endloop
  endfacet
  facet normal -0 0 -1
    outer loop
      vertex -8.56243 -0.530375 0
      vertex -15.8631 -2.08842 0
      vertex -8.59378 -0.427051 0
    endloop
  endfacet
  facet normal 0 0 -1
    outer loop
      vertex -7.825 1.42894 0
      vertex -14.35 7.07662 0
      vertex -13.8564 8 0
    endloop
  endfacet
  facet normal -0 0 -1
    outer loop
      vertex -8.59378 -0.427051 0
      vertex -15.8631 -2.08842 0
      vertex -8.6183 -0.321898 0
    endloop
  endfacet
  facet normal 0 0 -1
    outer loop
      vertex -8.00446 1.30903 0
      vertex -14.7821 6.12293 0
      vertex -14.35 7.07662 0
    endloop
  endfacet
  facet normal 0 0 -1
    outer loop
      vertex -15.9657 -1.04645 0
      vertex -8.6183 -0.321898 0
      vertex -15.8631 -2.08842 0
    endloop
  endfacet
  facet normal 0 0 -1
    outer loop
      vertex -8.16673 1.16673 0
      vertex -15.1509 5.14303 0
      vertex -14.7821 6.12293 0
    endloop
  endfacet
  facet normal -0 0 -1
    outer loop
      vertex -8.6183 -0.321898 0
      vertex -15.9657 -1.04645 0
      vertex -8.63588 -0.215367 0
    endloop
  endfacet
  facet normal 0 0 -1
    outer loop
      vertex -8.30903 1.00446 0
      vertex -15.4548 4.1411 0
      vertex -15.1509 5.14303 0
    endloop
  endfacet
  facet normal -0 0 -1
    outer loop
      vertex -8.63588 -0.215367 0
      vertex -15.9657 -1.04645 0
      vertex -8.64647 -0.107915 0
    endloop
  endfacet
  facet normal 0 0 -1
    outer loop
      vertex -8.42894 0.825 0
      vertex -15.6926 3.12144 0
      vertex -15.4548 4.1411 0
    endloop
  endfacet
  facet normal 0 0 -1
    outer loop
      vertex -16 0 0
      vertex -8.64647 -0.107915 0
      vertex -15.9657 -1.04645 0
    endloop
  endfacet
  facet normal 0 0 -1
    outer loop
      vertex -8.5244 0.631427 0
      vertex -15.8631 2.08842 0
      vertex -15.6926 3.12144 0
    endloop
  endfacet
  facet normal 0 0 -1
    outer loop
      vertex -8.64647 -0.107915 0
      vertex -16 0 0
      vertex -8.65 0 0
    endloop
  endfacet
  facet normal 0 0 -1
    outer loop
      vertex -8.6183 0.321898 0
      vertex -15.9657 1.04645 0
      vertex -15.8631 2.08842 0
    endloop
  endfacet
  facet normal -0 0 -1
    outer loop
      vertex -8.64647 0.107915 0
      vertex -16 0 0
      vertex -15.9657 1.04645 0
    endloop
  endfacet
  facet normal 0 0 -1
    outer loop
      vertex 6.89208 1.64647 0
      vertex 1.64647 6.89208 0
      vertex 1.65 7 0
    endloop
  endfacet
  facet normal 0 0 -1
    outer loop
      vertex 1.97847 2.5784 0
      vertex 1.63588 6.78463 0
      vertex 1.64647 6.89208 0
    endloop
  endfacet
  facet normal 0 0 -1
    outer loop
      vertex 1.24053 5.91208 0
      vertex 1.8056 2.70228 0
      vertex 1.625 2.81458 0
    endloop
  endfacet
  facet normal 0 0 -1
    outer loop
      vertex 1.97847 2.5784 0
      vertex 1.6183 6.6781 0
      vertex 1.63588 6.78463 0
    endloop
  endfacet
  facet normal 0 0 -1
    outer loop
      vertex 1.97847 2.5784 0
      vertex 1.59378 6.57295 0
      vertex 1.6183 6.6781 0
    endloop
  endfacet
  facet normal 0 0 -1
    outer loop
      vertex 1.97847 2.5784 0
      vertex 1.56243 6.46962 0
      vertex 1.59378 6.57295 0
    endloop
  endfacet
  facet normal 0 0 -1
    outer loop
      vertex 1.97847 2.5784 0
      vertex 1.5244 6.36857 0
      vertex 1.56243 6.46962 0
    endloop
  endfacet
  facet normal 0 0 -1
    outer loop
      vertex 1.97847 2.5784 0
      vertex 1.47984 6.27022 0
      vertex 1.5244 6.36857 0
    endloop
  endfacet
  facet normal 0 0 -1
    outer loop
      vertex 1.16673 5.83327 0
      vertex 1.625 2.81458 0
      vertex 1.43744 2.91484 0
    endloop
  endfacet
  facet normal 0 0 -1
    outer loop
      vertex 1.97847 2.5784 0
      vertex 1.42894 6.175 0
      vertex 1.47984 6.27022 0
    endloop
  endfacet
  facet normal 0 0 -1
    outer loop
      vertex 1.97847 2.5784 0
      vertex 1.37192 6.08331 0
      vertex 1.42894 6.175 0
    endloop
  endfacet
  facet normal 0 0 -1
    outer loop
      vertex 1.8056 2.70228 0
      vertex 1.30903 5.99554 0
      vertex 1.37192 6.08331 0
    endloop
  endfacet
  facet normal 0 0 -1
    outer loop
      vertex 1.00446 5.69097 0
      vertex 1.43744 2.91484 0
      vertex 1.24372 3.00261 0
    endloop
  endfacet
  facet normal 0 0 -1
    outer loop
      vertex 1.8056 2.70228 0
      vertex 1.24053 5.91208 0
      vertex 1.30903 5.99554 0
    endloop
  endfacet
  facet normal 0 0 -1
    outer loop
      vertex 1.625 2.81458 0
      vertex 1.16673 5.83327 0
      vertex 1.24053 5.91208 0
    endloop
  endfacet
  facet normal 0 0 -1
    outer loop
      vertex 1.43744 2.91484 0
      vertex 1.08792 5.75946 0
      vertex 1.16673 5.83327 0
    endloop
  endfacet
  facet normal 0 0 -1
    outer loop
      vertex 0.916691 5.62807 0
      vertex 1.24372 3.00261 0
      vertex 1.04468 3.07752 0
    endloop
  endfacet
  facet normal 0 0 -1
    outer loop
      vertex 1.43744 2.91484 0
      vertex 1.00446 5.69097 0
      vertex 1.08792 5.75946 0
    endloop
  endfacet
  facet normal 0 0 -1
    outer loop
      vertex 1.24372 3.00261 0
      vertex 0.916691 5.62807 0
      vertex 1.00446 5.69097 0
    endloop
  endfacet
  facet normal 0 0 -1
    outer loop
      vertex 0.729775 5.52016 0
      vertex 1.04468 3.07752 0
      vertex 0.841162 3.13926 0
    endloop
  endfacet
  facet normal 0 0 -1
    outer loop
      vertex 1.04468 3.07752 0
      vertex 0.825 5.57106 0
      vertex 0.916691 5.62807 0
    endloop
  endfacet
  facet normal 0 0 -1
    outer loop
      vertex 1.04468 3.07752 0
      vertex 0.729775 5.52016 0
      vertex 0.825 5.57106 0
    endloop
  endfacet
  facet normal 0 0 -1
    outer loop
      vertex 0.631427 5.4756 0
      vertex 0.841162 3.13926 0
      vertex 0.634043 3.18755 0
    endloop
  endfacet
  facet normal 0 0 -1
    outer loop
      vertex 0.841162 3.13926 0
      vertex 0.631427 5.4756 0
      vertex 0.729775 5.52016 0
    endloop
  endfacet
  facet normal 0 0 -1
    outer loop
      vertex 0.634043 3.18755 0
      vertex 0.530375 5.43756 0
      vertex 0.631427 5.4756 0
    endloop
  endfacet
  facet normal 0 0 -1
    outer loop
      vertex 0.634043 3.18755 0
      vertex 0.427051 5.40622 0
      vertex 0.530375 5.43756 0
    endloop
  endfacet
  facet normal 0 0 -1
    outer loop
      vertex 0.42421 3.2222 0
      vertex 0.427051 5.40622 0
      vertex 0.634043 3.18755 0
    endloop
  endfacet
  facet normal 0 0 -1
    outer loop
      vertex 0.42421 3.2222 0
      vertex 0.321898 5.3817 0
      vertex 0.427051 5.40622 0
    endloop
  endfacet
  facet normal 0 0 -1
    outer loop
      vertex 0.42421 3.2222 0
      vertex 0.215367 5.36412 0
      vertex 0.321898 5.3817 0
    endloop
  endfacet
  facet normal 0 0 -1
    outer loop
      vertex 0.21256 3.24304 0
      vertex 0.215367 5.36412 0
      vertex 0.42421 3.2222 0
    endloop
  endfacet
  facet normal 0 0 -1
    outer loop
      vertex 0.21256 3.24304 0
      vertex 0.107915 5.35353 0
      vertex 0.215367 5.36412 0
    endloop
  endfacet
  facet normal 0 0 -1
    outer loop
      vertex 0 3.25 0
      vertex 0.107915 5.35353 0
      vertex 0.21256 3.24304 0
    endloop
  endfacet
  facet normal 0 0 -1
    outer loop
      vertex 0 3.25 0
      vertex 0 5.35 0
      vertex 0.107915 5.35353 0
    endloop
  endfacet
  facet normal 0 0 -1
    outer loop
      vertex 0 3.25 0
      vertex -0.107915 5.35353 0
      vertex 0 5.35 0
    endloop
  endfacet
  facet normal 0 0 -1
    outer loop
      vertex -0.21256 3.24304 0
      vertex -0.107915 5.35353 0
      vertex 0 3.25 0
    endloop
  endfacet
  facet normal 0 0 -1
    outer loop
      vertex -0.21256 3.24304 0
      vertex -0.215367 5.36412 0
      vertex -0.107915 5.35353 0
    endloop
  endfacet
  facet normal 0 0 -1
    outer loop
      vertex -0.42421 3.2222 0
      vertex -0.215367 5.36412 0
      vertex -0.21256 3.24304 0
    endloop
  endfacet
  facet normal -0 0 -1
    outer loop
      vertex -0.215367 5.36412 0
      vertex -0.42421 3.2222 0
      vertex -0.321898 5.3817 0
    endloop
  endfacet
  facet normal 0 0 -1
    outer loop
      vertex -0.42421 3.2222 0
      vertex -0.427051 5.40622 0
      vertex -0.321898 5.3817 0
    endloop
  endfacet
  facet normal 0 0 -1
    outer loop
      vertex -0.634043 3.18755 0
      vertex -0.427051 5.40622 0
      vertex -0.42421 3.2222 0
    endloop
  endfacet
  facet normal -0 0 -1
    outer loop
      vertex -0.427051 5.40622 0
      vertex -0.634043 3.18755 0
      vertex -0.530375 5.43756 0
    endloop
  endfacet
  facet normal -0 0 -1
    outer loop
      vertex -0.530375 5.43756 0
      vertex -0.634043 3.18755 0
      vertex -0.631427 5.4756 0
    endloop
  endfacet
  facet normal 0 0 -1
    outer loop
      vertex -0.841162 3.13926 0
      vertex -0.631427 5.4756 0
      vertex -0.634043 3.18755 0
    endloop
  endfacet
  facet normal -0 0 -1
    outer loop
      vertex -0.631427 5.4756 0
      vertex -0.841162 3.13926 0
      vertex -0.729775 5.52016 0
    endloop
  endfacet
  facet normal 0 0 -1
    outer loop
      vertex -1.04468 3.07752 0
      vertex -0.729775 5.52016 0
      vertex -0.841162 3.13926 0
    endloop
  endfacet
  facet normal -0 0 -1
    outer loop
      vertex -0.729775 5.52016 0
      vertex -1.04468 3.07752 0
      vertex -0.825 5.57106 0
    endloop
  endfacet
  facet normal -0 0 -1
    outer loop
      vertex -0.825 5.57106 0
      vertex -1.04468 3.07752 0
      vertex -0.916691 5.62807 0
    endloop
  endfacet
  facet normal 0 0 -1
    outer loop
      vertex -1.24372 3.00261 0
      vertex -0.916691 5.62807 0
      vertex -1.04468 3.07752 0
    endloop
  endfacet
  facet normal -0 0 -1
    outer loop
      vertex -0.916691 5.62807 0
      vertex -1.24372 3.00261 0
      vertex -1.00446 5.69097 0
    endloop
  endfacet
  facet normal 0 0 -1
    outer loop
      vertex -1.43744 2.91484 0
      vertex -1.00446 5.69097 0
      vertex -1.24372 3.00261 0
    endloop
  endfacet
  facet normal -0 0 -1
    outer loop
      vertex -1.00446 5.69097 0
      vertex -1.43744 2.91484 0
      vertex -1.08792 5.75946 0
    endloop
  endfacet
  facet normal -0 0 -1
    outer loop
      vertex -1.08792 5.75946 0
      vertex -1.43744 2.91484 0
      vertex -1.16673 5.83327 0
    endloop
  endfacet
  facet normal 0 0 -1
    outer loop
      vertex -1.625 2.81458 0
      vertex -1.16673 5.83327 0
      vertex -1.43744 2.91484 0
    endloop
  endfacet
  facet normal -0 0 -1
    outer loop
      vertex -1.16673 5.83327 0
      vertex -1.625 2.81458 0
      vertex -1.24053 5.91208 0
    endloop
  endfacet
  facet normal 0 0 -1
    outer loop
      vertex -1.8056 2.70228 0
      vertex -1.24053 5.91208 0
      vertex -1.625 2.81458 0
    endloop
  endfacet
  facet normal -0 0 -1
    outer loop
      vertex -1.24053 5.91208 0
      vertex -1.8056 2.70228 0
      vertex -1.30903 5.99554 0
    endloop
  endfacet
  facet normal -0 0 -1
    outer loop
      vertex -1.30903 5.99554 0
      vertex -1.8056 2.70228 0
      vertex -1.37192 6.08331 0
    endloop
  endfacet
  facet normal 0 0 -1
    outer loop
      vertex -1.97847 2.5784 0
      vertex -1.37192 6.08331 0
      vertex -1.8056 2.70228 0
    endloop
  endfacet
  facet normal -0 0 -1
    outer loop
      vertex -1.37192 6.08331 0
      vertex -1.97847 2.5784 0
      vertex -1.42894 6.175 0
    endloop
  endfacet
  facet normal 0 0 -1
    outer loop
      vertex -2.14287 2.44348 0
      vertex -1.42894 6.175 0
      vertex -1.97847 2.5784 0
    endloop
  endfacet
  facet normal -0 0 -1
    outer loop
      vertex -1.42894 6.175 0
      vertex -2.14287 2.44348 0
      vertex -1.47984 6.27022 0
    endloop
  endfacet
  facet normal 0 0 -1
    outer loop
      vertex -2.2981 2.2981 0
      vertex -1.47984 6.27022 0
      vertex -2.14287 2.44348 0
    endloop
  endfacet
  facet normal -0 0 -1
    outer loop
      vertex -1.47984 6.27022 0
      vertex -2.2981 2.2981 0
      vertex -1.5244 6.36857 0
    endloop
  endfacet
  facet normal -0 0 -1
    outer loop
      vertex -1.5244 6.36857 0
      vertex -2.2981 2.2981 0
      vertex -1.56243 6.46962 0
    endloop
  endfacet
  facet normal 0 0 -1
    outer loop
      vertex -2.44348 2.14287 0
      vertex -1.56243 6.46962 0
      vertex -2.2981 2.2981 0
    endloop
  endfacet
  facet normal -0 0 -1
    outer loop
      vertex -3.00261 1.24372 0
      vertex -5.69097 1.00446 0
      vertex -2.91484 1.43744 0
    endloop
  endfacet
  facet normal 0 0 -1
    outer loop
      vertex 36.6964 0.111185 0
      vertex 102 23 0
      vertex 36.7 0 0
    endloop
  endfacet
  facet normal 0 0 -1
    outer loop
      vertex 36.6855 0.221894 0
      vertex 102 23 0
      vertex 36.6964 0.111185 0
    endloop
  endfacet
  facet normal 0 0 -1
    outer loop
      vertex 36.6673 0.331653 0
      vertex 102 23 0
      vertex 36.6855 0.221894 0
    endloop
  endfacet
  facet normal 0 0 -1
    outer loop
      vertex 36.6421 0.439992 0
      vertex 102 23 0
      vertex 36.6673 0.331653 0
    endloop
  endfacet
  facet normal 0 0 -1
    outer loop
      vertex 36.6098 0.546447 0
      vertex 102 23 0
      vertex 36.6421 0.439992 0
    endloop
  endfacet
  facet normal 0 0 -1
    outer loop
      vertex 36.5706 0.650561 0
      vertex 102 23 0
      vertex 36.6098 0.546447 0
    endloop
  endfacet
  facet normal 0 0 -1
    outer loop
      vertex 36.5247 0.75189 0
      vertex 102 23 0
      vertex 36.5706 0.650561 0
    endloop
  endfacet
  facet normal 0 0 -1
    outer loop
      vertex 36.4722 0.849999 0
      vertex 102 23 0
      vertex 36.5247 0.75189 0
    endloop
  endfacet
  facet normal 0 0 -1
    outer loop
      vertex 36.4135 0.944468 0
      vertex 102 23 0
      vertex 36.4722 0.849999 0
    endloop
  endfacet
  facet normal 0 0 -1
    outer loop
      vertex 36.3487 1.03489 0
      vertex 102 23 0
      vertex 36.4135 0.944468 0
    endloop
  endfacet
  facet normal 0 0 -1
    outer loop
      vertex 36.2781 1.12089 0
      vertex 102 23 0
      vertex 36.3487 1.03489 0
    endloop
  endfacet
  facet normal 0 0 -1
    outer loop
      vertex 36.2021 1.20208 0
      vertex 102 23 0
      vertex 36.2781 1.12089 0
    endloop
  endfacet
  facet normal 0 0 -1
    outer loop
      vertex 36.1209 1.27813 0
      vertex 102 23 0
      vertex 36.2021 1.20208 0
    endloop
  endfacet
  facet normal 0 0 -1
    outer loop
      vertex 36.0349 1.3487 0
      vertex 102 23 0
      vertex 36.1209 1.27813 0
    endloop
  endfacet
  facet normal 0 0 -1
    outer loop
      vertex 35.9445 1.4135 0
      vertex 102 23 0
      vertex 36.0349 1.3487 0
    endloop
  endfacet
  facet normal 0 0 -1
    outer loop
      vertex 35.85 1.47224 0
      vertex 102 23 0
      vertex 35.9445 1.4135 0
    endloop
  endfacet
  facet normal 0 0 -1
    outer loop
      vertex 35.7519 1.52468 0
      vertex 102 23 0
      vertex 35.85 1.47224 0
    endloop
  endfacet
  facet normal 0 0 -1
    outer loop
      vertex 35.6506 1.57059 0
      vertex 102 23 0
      vertex 35.7519 1.52468 0
    endloop
  endfacet
  facet normal 0 0 -1
    outer loop
      vertex 35.5464 1.60978 0
      vertex 102 23 0
      vertex 35.6506 1.57059 0
    endloop
  endfacet
  facet normal 0 0 -1
    outer loop
      vertex 35.44 1.64207 0
      vertex 102 23 0
      vertex 35.5464 1.60978 0
    endloop
  endfacet
  facet normal 0 0 -1
    outer loop
      vertex 35.3317 1.66733 0
      vertex 102 23 0
      vertex 35.44 1.64207 0
    endloop
  endfacet
  facet normal 0 0 -1
    outer loop
      vertex 35.2219 1.68546 0
      vertex 102 23 0
      vertex 35.3317 1.66733 0
    endloop
  endfacet
  facet normal 0 0 -1
    outer loop
      vertex -1.04645 15.9657 0
      vertex 35.2219 1.68546 0
      vertex 35.1112 1.69636 0
    endloop
  endfacet
  facet normal 0 0 -1
    outer loop
      vertex -1.04645 15.9657 0
      vertex 35.1112 1.69636 0
      vertex 35 1.7 0
    endloop
  endfacet
  facet normal 0 0 -1
    outer loop
      vertex -1.04645 15.9657 0
      vertex 35 1.7 0
      vertex 34.8888 1.69636 0
    endloop
  endfacet
  facet normal 0 0 -1
    outer loop
      vertex -1.04645 15.9657 0
      vertex 34.8888 1.69636 0
      vertex 34.7781 1.68546 0
    endloop
  endfacet
  facet normal 0 0 -1
    outer loop
      vertex -1.04645 15.9657 0
      vertex 34.7781 1.68546 0
      vertex 34.6683 1.66733 0
    endloop
  endfacet
  facet normal 0 0 -1
    outer loop
      vertex -1.04645 15.9657 0
      vertex 34.6683 1.66733 0
      vertex 34.56 1.64207 0
    endloop
  endfacet
  facet normal 0 0 -1
    outer loop
      vertex -1.04645 15.9657 0
      vertex 34.56 1.64207 0
      vertex 34.4536 1.60978 0
    endloop
  endfacet
  facet normal 0 0 -1
    outer loop
      vertex 8.65 0 0
      vertex 33.3036 0.111185 0
      vertex 33.3 0 0
    endloop
  endfacet
  facet normal 0 0 -1
    outer loop
      vertex 8.64647 0.107915 0
      vertex 33.3036 0.111185 0
      vertex 8.65 0 0
    endloop
  endfacet
  facet normal -0 0 -1
    outer loop
      vertex 33.3036 0.111185 0
      vertex 8.64647 0.107915 0
      vertex 33.3145 0.221894 0
    endloop
  endfacet
  facet normal 0 0 -1
    outer loop
      vertex 8.63588 0.215367 0
      vertex 33.3145 0.221894 0
      vertex 8.64647 0.107915 0
    endloop
  endfacet
  facet normal -0 0 -1
    outer loop
      vertex 33.3145 0.221894 0
      vertex 8.63588 0.215367 0
      vertex 33.3327 0.331653 0
    endloop
  endfacet
  facet normal 0 0 -1
    outer loop
      vertex 8.6183 0.321898 0
      vertex 33.3327 0.331653 0
      vertex 8.63588 0.215367 0
    endloop
  endfacet
  facet normal -0 0 -1
    outer loop
      vertex 33.3327 0.331653 0
      vertex 8.6183 0.321898 0
      vertex 33.3579 0.439992 0
    endloop
  endfacet
  facet normal 0 0 -1
    outer loop
      vertex 8.59378 0.427051 0
      vertex 33.3579 0.439992 0
      vertex 8.6183 0.321898 0
    endloop
  endfacet
  facet normal -0 0 -1
    outer loop
      vertex 33.3579 0.439992 0
      vertex 8.59378 0.427051 0
      vertex 33.3902 0.546447 0
    endloop
  endfacet
  facet normal 0 0 -1
    outer loop
      vertex 8.56243 0.530375 0
      vertex 33.3902 0.546447 0
      vertex 8.59378 0.427051 0
    endloop
  endfacet
  facet normal -0 0 -1
    outer loop
      vertex 33.3902 0.546447 0
      vertex 8.56243 0.530375 0
      vertex 33.4294 0.650561 0
    endloop
  endfacet
  facet normal 0 0 -1
    outer loop
      vertex 8.5244 0.631427 0
      vertex 33.4294 0.650561 0
      vertex 8.56243 0.530375 0
    endloop
  endfacet
  facet normal -0 0 -1
    outer loop
      vertex 33.4294 0.650561 0
      vertex 8.5244 0.631427 0
      vertex 33.4753 0.75189 0
    endloop
  endfacet
  facet normal 0 0 -1
    outer loop
      vertex 8.47984 0.729775 0
      vertex 33.4753 0.75189 0
      vertex 8.5244 0.631427 0
    endloop
  endfacet
  facet normal -0 0 -1
    outer loop
      vertex 33.4753 0.75189 0
      vertex 8.47984 0.729775 0
      vertex 33.5278 0.849999 0
    endloop
  endfacet
  facet normal 0 0 -1
    outer loop
      vertex 8.42894 0.825 0
      vertex 33.5278 0.849999 0
      vertex 8.47984 0.729775 0
    endloop
  endfacet
  facet normal -0 0 -1
    outer loop
      vertex 33.5278 0.849999 0
      vertex 8.42894 0.825 0
      vertex 33.5865 0.944468 0
    endloop
  endfacet
  facet normal 0 0 -1
    outer loop
      vertex 8.37192 0.916691 0
      vertex 33.5865 0.944468 0
      vertex 8.42894 0.825 0
    endloop
  endfacet
  facet normal -0 0 -1
    outer loop
      vertex 33.5865 0.944468 0
      vertex 8.37192 0.916691 0
      vertex 33.6513 1.03489 0
    endloop
  endfacet
  facet normal 0 0 -1
    outer loop
      vertex 8.30903 1.00446 0
      vertex 33.6513 1.03489 0
      vertex 8.37192 0.916691 0
    endloop
  endfacet
  facet normal -0 0 -1
    outer loop
      vertex 33.6513 1.03489 0
      vertex 8.30903 1.00446 0
      vertex 33.7219 1.12089 0
    endloop
  endfacet
  facet normal 0 0 -1
    outer loop
      vertex 8.24053 1.08792 0
      vertex 33.7219 1.12089 0
      vertex 8.30903 1.00446 0
    endloop
  endfacet
  facet normal -0 0 -1
    outer loop
      vertex 33.7219 1.12089 0
      vertex 8.24053 1.08792 0
      vertex 33.7979 1.20208 0
    endloop
  endfacet
  facet normal 0 0 -1
    outer loop
      vertex 8.16673 1.16673 0
      vertex 33.7979 1.20208 0
      vertex 8.24053 1.08792 0
    endloop
  endfacet
  facet normal -0 0 -1
    outer loop
      vertex 33.7979 1.20208 0
      vertex 8.16673 1.16673 0
      vertex 33.8791 1.27813 0
    endloop
  endfacet
  facet normal 0 0 -1
    outer loop
      vertex 8.08792 1.24053 0
      vertex 33.8791 1.27813 0
      vertex 8.16673 1.16673 0
    endloop
  endfacet
  facet normal -0 0 -1
    outer loop
      vertex 33.8791 1.27813 0
      vertex 8.08792 1.24053 0
      vertex 33.9651 1.3487 0
    endloop
  endfacet
  facet normal 0 0 -1
    outer loop
      vertex 8.00446 1.30903 0
      vertex 33.9651 1.3487 0
      vertex 8.08792 1.24053 0
    endloop
  endfacet
  facet normal -0 0 -1
    outer loop
      vertex 33.9651 1.3487 0
      vertex 8.00446 1.30903 0
      vertex 34.0555 1.4135 0
    endloop
  endfacet
  facet normal 0 0 -1
    outer loop
      vertex -1.04645 15.9657 0
      vertex 34.0555 1.4135 0
      vertex 8.00446 1.30903 0
    endloop
  endfacet
  facet normal 0 0 -1
    outer loop
      vertex 34.0555 1.4135 0
      vertex -1.04645 15.9657 0
      vertex 34.15 1.47224 0
    endloop
  endfacet
  facet normal 0 0 -1
    outer loop
      vertex 34.15 1.47224 0
      vertex -1.04645 15.9657 0
      vertex 34.2481 1.52468 0
    endloop
  endfacet
  facet normal 0 0 -1
    outer loop
      vertex 34.2481 1.52468 0
      vertex -1.04645 15.9657 0
      vertex 34.3494 1.57059 0
    endloop
  endfacet
  facet normal 0 0 -1
    outer loop
      vertex 34.3494 1.57059 0
      vertex -1.04645 15.9657 0
      vertex 34.4536 1.60978 0
    endloop
  endfacet
  facet normal 0 0 -1
    outer loop
      vertex -1.04645 15.9657 0
      vertex 8.00446 1.30903 0
      vertex 7.91669 1.37192 0
    endloop
  endfacet
  facet normal 0 0 -1
    outer loop
      vertex -1.04645 15.9657 0
      vertex 7.91669 1.37192 0
      vertex 7.825 1.42894 0
    endloop
  endfacet
  facet normal 0 0 -1
    outer loop
      vertex 1.42894 7.825 0
      vertex 7.825 1.42894 0
      vertex 7.72978 1.47984 0
    endloop
  endfacet
  facet normal 0 0 -1
    outer loop
      vertex 1.47984 7.72978 0
      vertex 7.72978 1.47984 0
      vertex 7.63143 1.5244 0
    endloop
  endfacet
  facet normal 0 0 -1
    outer loop
      vertex 1.5244 7.63143 0
      vertex 7.63143 1.5244 0
      vertex 7.53037 1.56243 0
    endloop
  endfacet
  facet normal 0 0 -1
    outer loop
      vertex 1.56243 7.53037 0
      vertex 7.53037 1.56243 0
      vertex 7.42705 1.59378 0
    endloop
  endfacet
  facet normal 0 0 -1
    outer loop
      vertex 1.59378 7.42705 0
      vertex 7.42705 1.59378 0
      vertex 7.3219 1.6183 0
    endloop
  endfacet
  facet normal 0 0 -1
    outer loop
      vertex 1.6183 7.3219 0
      vertex 7.3219 1.6183 0
      vertex 7.21537 1.63588 0
    endloop
  endfacet
  facet normal 0 0 -1
    outer loop
      vertex 1.63588 7.21537 0
      vertex 7.21537 1.63588 0
      vertex 7.10791 1.64647 0
    endloop
  endfacet
  facet normal 0 0 -1
    outer loop
      vertex 1.64647 7.10791 0
      vertex 7.10791 1.64647 0
      vertex 7 1.65 0
    endloop
  endfacet
  facet normal 0 0 -1
    outer loop
      vertex 1.65 7 0
      vertex 7 1.65 0
      vertex 6.89208 1.64647 0
    endloop
  endfacet
  facet normal 0 0 -1
    outer loop
      vertex 1.64647 6.89208 0
      vertex 6.89208 1.64647 0
      vertex 6.78463 1.63588 0
    endloop
  endfacet
  facet normal 0 0 -1
    outer loop
      vertex 1.64647 6.89208 0
      vertex 6.78463 1.63588 0
      vertex 6.6781 1.6183 0
    endloop
  endfacet
  facet normal 0 0 -1
    outer loop
      vertex 3.25 0 0
      vertex 5.35353 0.107915 0
      vertex 5.35 0 0
    endloop
  endfacet
  facet normal 0 0 -1
    outer loop
      vertex 3.24304 0.21256 0
      vertex 5.35353 0.107915 0
      vertex 3.25 0 0
    endloop
  endfacet
  facet normal 0 0 -1
    outer loop
      vertex 5.35353 0.107915 0
      vertex 3.24304 0.21256 0
      vertex 5.36412 0.215367 0
    endloop
  endfacet
  facet normal 0 0 -1
    outer loop
      vertex 3.2222 0.42421 0
      vertex 5.36412 0.215367 0
      vertex 3.24304 0.21256 0
    endloop
  endfacet
  facet normal 0 0 -1
    outer loop
      vertex 5.36412 0.215367 0
      vertex 3.2222 0.42421 0
      vertex 5.3817 0.321898 0
    endloop
  endfacet
  facet normal 0 0 -1
    outer loop
      vertex 5.3817 0.321898 0
      vertex 3.2222 0.42421 0
      vertex 5.40622 0.427051 0
    endloop
  endfacet
  facet normal 0 0 -1
    outer loop
      vertex 3.18755 0.634043 0
      vertex 5.40622 0.427051 0
      vertex 3.2222 0.42421 0
    endloop
  endfacet
  facet normal 0 0 -1
    outer loop
      vertex 5.40622 0.427051 0
      vertex 3.18755 0.634043 0
      vertex 5.43756 0.530375 0
    endloop
  endfacet
  facet normal 0 0 -1
    outer loop
      vertex 5.43756 0.530375 0
      vertex 3.18755 0.634043 0
      vertex 5.4756 0.631427 0
    endloop
  endfacet
  facet normal 0 0 -1
    outer loop
      vertex 3.13926 0.841162 0
      vertex 5.4756 0.631427 0
      vertex 3.18755 0.634043 0
    endloop
  endfacet
  facet normal 0 0 -1
    outer loop
      vertex 5.4756 0.631427 0
      vertex 3.13926 0.841162 0
      vertex 5.52016 0.729775 0
    endloop
  endfacet
  facet normal 0 0 -1
    outer loop
      vertex 3.07752 1.04468 0
      vertex 5.52016 0.729775 0
      vertex 3.13926 0.841162 0
    endloop
  endfacet
  facet normal 0 0 -1
    outer loop
      vertex 5.52016 0.729775 0
      vertex 3.07752 1.04468 0
      vertex 5.57106 0.825 0
    endloop
  endfacet
  facet normal 0 0 -1
    outer loop
      vertex 5.57106 0.825 0
      vertex 3.07752 1.04468 0
      vertex 5.62807 0.916691 0
    endloop
  endfacet
  facet normal 0 0 -1
    outer loop
      vertex 3.00261 1.24372 0
      vertex 5.62807 0.916691 0
      vertex 3.07752 1.04468 0
    endloop
  endfacet
  facet normal 0 0 -1
    outer loop
      vertex 5.62807 0.916691 0
      vertex 3.00261 1.24372 0
      vertex 5.69097 1.00446 0
    endloop
  endfacet
  facet normal 0 0 -1
    outer loop
      vertex 2.91484 1.43744 0
      vertex 5.69097 1.00446 0
      vertex 3.00261 1.24372 0
    endloop
  endfacet
  facet normal 0 0 -1
    outer loop
      vertex 5.69097 1.00446 0
      vertex 2.91484 1.43744 0
      vertex 5.75946 1.08792 0
    endloop
  endfacet
  facet normal 0 0 -1
    outer loop
      vertex 5.75946 1.08792 0
      vertex 2.91484 1.43744 0
      vertex 5.83327 1.16673 0
    endloop
  endfacet
  facet normal 0 0 -1
    outer loop
      vertex 2.81458 1.625 0
      vertex 5.83327 1.16673 0
      vertex 2.91484 1.43744 0
    endloop
  endfacet
  facet normal 0 0 -1
    outer loop
      vertex 5.83327 1.16673 0
      vertex 2.81458 1.625 0
      vertex 5.91208 1.24053 0
    endloop
  endfacet
  facet normal 0 0 -1
    outer loop
      vertex 2.70228 1.8056 0
      vertex 5.91208 1.24053 0
      vertex 2.81458 1.625 0
    endloop
  endfacet
  facet normal 0 0 -1
    outer loop
      vertex 5.91208 1.24053 0
      vertex 2.70228 1.8056 0
      vertex 5.99554 1.30903 0
    endloop
  endfacet
  facet normal 0 0 -1
    outer loop
      vertex 5.99554 1.30903 0
      vertex 2.70228 1.8056 0
      vertex 6.08331 1.37192 0
    endloop
  endfacet
  facet normal 0 0 -1
    outer loop
      vertex 2.5784 1.97847 0
      vertex 6.08331 1.37192 0
      vertex 2.70228 1.8056 0
    endloop
  endfacet
  facet normal 0 0 -1
    outer loop
      vertex 6.08331 1.37192 0
      vertex 2.5784 1.97847 0
      vertex 6.175 1.42894 0
    endloop
  endfacet
  facet normal 0 0 -1
    outer loop
      vertex 2.44348 2.14287 0
      vertex 6.175 1.42894 0
      vertex 2.5784 1.97847 0
    endloop
  endfacet
  facet normal 0 0 -1
    outer loop
      vertex 6.175 1.42894 0
      vertex 2.44348 2.14287 0
      vertex 6.27022 1.47984 0
    endloop
  endfacet
  facet normal 0 0 -1
    outer loop
      vertex 2.2981 2.2981 0
      vertex 6.27022 1.47984 0
      vertex 2.44348 2.14287 0
    endloop
  endfacet
  facet normal 0 0 -1
    outer loop
      vertex 6.27022 1.47984 0
      vertex 2.2981 2.2981 0
      vertex 6.36857 1.5244 0
    endloop
  endfacet
  facet normal 0 0 -1
    outer loop
      vertex 1.64647 6.89208 0
      vertex 6.36857 1.5244 0
      vertex 2.2981 2.2981 0
    endloop
  endfacet
  facet normal 0 0 -1
    outer loop
      vertex 1.64647 6.89208 0
      vertex 6.46962 1.56243 0
      vertex 6.36857 1.5244 0
    endloop
  endfacet
  facet normal 0 0 -1
    outer loop
      vertex 1.64647 6.89208 0
      vertex 6.57295 1.59378 0
      vertex 6.46962 1.56243 0
    endloop
  endfacet
  facet normal 0 0 -1
    outer loop
      vertex 1.64647 6.89208 0
      vertex 6.6781 1.6183 0
      vertex 6.57295 1.59378 0
    endloop
  endfacet
  facet normal 0 0 -1
    outer loop
      vertex 1.64647 6.89208 0
      vertex 2.2981 2.2981 0
      vertex 2.14287 2.44348 0
    endloop
  endfacet
  facet normal 0 0 -1
    outer loop
      vertex 1.64647 6.89208 0
      vertex 2.14287 2.44348 0
      vertex 1.97847 2.5784 0
    endloop
  endfacet
  facet normal 0 0 -1
    outer loop
      vertex 1.37192 6.08331 0
      vertex 1.97847 2.5784 0
      vertex 1.8056 2.70228 0
    endloop
  endfacet
  facet normal 0 0 -1
    outer loop
      vertex 7 1.65 0
      vertex 1.65 7 0
      vertex 1.64647 7.10791 0
    endloop
  endfacet
  facet normal 0 0 -1
    outer loop
      vertex 7.10791 1.64647 0
      vertex 1.64647 7.10791 0
      vertex 1.63588 7.21537 0
    endloop
  endfacet
  facet normal 0 0 -1
    outer loop
      vertex 7.21537 1.63588 0
      vertex 1.63588 7.21537 0
      vertex 1.6183 7.3219 0
    endloop
  endfacet
  facet normal 0 0 -1
    outer loop
      vertex 7.3219 1.6183 0
      vertex 1.6183 7.3219 0
      vertex 1.59378 7.42705 0
    endloop
  endfacet
  facet normal 0 0 -1
    outer loop
      vertex 7.42705 1.59378 0
      vertex 1.59378 7.42705 0
      vertex 1.56243 7.53037 0
    endloop
  endfacet
  facet normal 0 0 -1
    outer loop
      vertex 7.53037 1.56243 0
      vertex 1.56243 7.53037 0
      vertex 1.5244 7.63143 0
    endloop
  endfacet
  facet normal 0 0 -1
    outer loop
      vertex 7.63143 1.5244 0
      vertex 1.5244 7.63143 0
      vertex 1.47984 7.72978 0
    endloop
  endfacet
  facet normal 0 0 -1
    outer loop
      vertex 7.72978 1.47984 0
      vertex 1.47984 7.72978 0
      vertex 1.42894 7.825 0
    endloop
  endfacet
  facet normal 0 0 -1
    outer loop
      vertex 7.825 1.42894 0
      vertex 1.42894 7.825 0
      vertex -1.04645 15.9657 0
    endloop
  endfacet
  facet normal 0 0 -1
    outer loop
      vertex -1.04645 15.9657 0
      vertex 1.42894 7.825 0
      vertex 1.37192 7.91669 0
    endloop
  endfacet
  facet normal 0 0 -1
    outer loop
      vertex -1.04645 15.9657 0
      vertex 1.37192 7.91669 0
      vertex 1.30903 8.00446 0
    endloop
  endfacet
  facet normal 0 0 -1
    outer loop
      vertex -1.04645 15.9657 0
      vertex 1.30903 8.00446 0
      vertex 1.24053 8.08792 0
    endloop
  endfacet
  facet normal 0 0 -1
    outer loop
      vertex -1.04645 15.9657 0
      vertex 1.24053 8.08792 0
      vertex 1.16673 8.16673 0
    endloop
  endfacet
  facet normal 0 0 -1
    outer loop
      vertex -1.04645 15.9657 0
      vertex 1.16673 8.16673 0
      vertex 1.08792 8.24053 0
    endloop
  endfacet
  facet normal 0 0 -1
    outer loop
      vertex -1.04645 15.9657 0
      vertex 1.08792 8.24053 0
      vertex 1.00446 8.30903 0
    endloop
  endfacet
  facet normal 0 0 -1
    outer loop
      vertex -1.04645 15.9657 0
      vertex 1.00446 8.30903 0
      vertex 0.916691 8.37192 0
    endloop
  endfacet
  facet normal 0 0 -1
    outer loop
      vertex -1.04645 15.9657 0
      vertex 0.916691 8.37192 0
      vertex 0.825 8.42894 0
    endloop
  endfacet
  facet normal 0 0 -1
    outer loop
      vertex -1.04645 15.9657 0
      vertex 0.825 8.42894 0
      vertex 0.729775 8.47984 0
    endloop
  endfacet
  facet normal 0 0 -1
    outer loop
      vertex -1.04645 15.9657 0
      vertex 0.729775 8.47984 0
      vertex 0.631427 8.5244 0
    endloop
  endfacet
  facet normal 0 0 -1
    outer loop
      vertex -1.04645 15.9657 0
      vertex 0.631427 8.5244 0
      vertex 0.530375 8.56243 0
    endloop
  endfacet
  facet normal 0 0 -1
    outer loop
      vertex -1.04645 15.9657 0
      vertex 0.530375 8.56243 0
      vertex 0.427051 8.59378 0
    endloop
  endfacet
  facet normal 0 0 -1
    outer loop
      vertex -1.04645 15.9657 0
      vertex 0.427051 8.59378 0
      vertex 0.321898 8.6183 0
    endloop
  endfacet
  facet normal 0 0 -1
    outer loop
      vertex -1.04645 15.9657 0
      vertex 0.321898 8.6183 0
      vertex 0.215367 8.63588 0
    endloop
  endfacet
  facet normal 0 0 -1
    outer loop
      vertex -1.04645 15.9657 0
      vertex 0.215367 8.63588 0
      vertex 0.107915 8.64647 0
    endloop
  endfacet
  facet normal 0 0 -1
    outer loop
      vertex -1.04645 15.9657 0
      vertex 0.107915 8.64647 0
      vertex 0 8.65 0
    endloop
  endfacet
  facet normal 0 0 -1
    outer loop
      vertex -1.04645 15.9657 0
      vertex 0 8.65 0
      vertex -0.107915 8.64647 0
    endloop
  endfacet
  facet normal 0 0 -1
    outer loop
      vertex -1.04645 15.9657 0
      vertex -0.107915 8.64647 0
      vertex -0.215367 8.63588 0
    endloop
  endfacet
  facet normal 0 0 -1
    outer loop
      vertex 35.2219 1.68546 0
      vertex -1.04645 15.9657 0
      vertex 102 23 0
    endloop
  endfacet
  facet normal 0 0 -1
    outer loop
      vertex -0.321898 8.6183 0
      vertex -1.04645 15.9657 0
      vertex -0.215367 8.63588 0
    endloop
  endfacet
  facet normal 0 0 -1
    outer loop
      vertex -0.427051 8.59378 0
      vertex -1.04645 15.9657 0
      vertex -0.321898 8.6183 0
    endloop
  endfacet
  facet normal 0 0 -1
    outer loop
      vertex -2.08842 15.8631 0
      vertex -0.427051 8.59378 0
      vertex -0.530375 8.56243 0
    endloop
  endfacet
  facet normal 0 0 -1
    outer loop
      vertex -2.08842 15.8631 0
      vertex -0.530375 8.56243 0
      vertex -0.631427 8.5244 0
    endloop
  endfacet
  facet normal 0 0 -1
    outer loop
      vertex -3.12144 15.6926 0
      vertex -0.631427 8.5244 0
      vertex -0.729775 8.47984 0
    endloop
  endfacet
  facet normal 0 0 -1
    outer loop
      vertex -3.12144 15.6926 0
      vertex -0.729775 8.47984 0
      vertex -0.825 8.42894 0
    endloop
  endfacet
  facet normal 0 0 -1
    outer loop
      vertex -4.1411 15.4548 0
      vertex -0.825 8.42894 0
      vertex -0.916691 8.37192 0
    endloop
  endfacet
  facet normal 0 0 -1
    outer loop
      vertex -4.1411 15.4548 0
      vertex -0.916691 8.37192 0
      vertex -1.00446 8.30903 0
    endloop
  endfacet
  facet normal 0 0 -1
    outer loop
      vertex -5.14303 15.1509 0
      vertex -1.00446 8.30903 0
      vertex -1.08792 8.24053 0
    endloop
  endfacet
  facet normal 0 0 -1
    outer loop
      vertex -5.14303 15.1509 0
      vertex -1.08792 8.24053 0
      vertex -1.16673 8.16673 0
    endloop
  endfacet
  facet normal 0 0 -1
    outer loop
      vertex -5.14303 15.1509 0
      vertex -1.16673 8.16673 0
      vertex -1.24053 8.08792 0
    endloop
  endfacet
  facet normal 0 0 -1
    outer loop
      vertex -5.14303 15.1509 0
      vertex -1.24053 8.08792 0
      vertex -1.30903 8.00446 0
    endloop
  endfacet
  facet normal 0 0 -1
    outer loop
      vertex -5.14303 15.1509 0
      vertex -1.30903 8.00446 0
      vertex -1.37192 7.91669 0
    endloop
  endfacet
  facet normal 0 0 -1
    outer loop
      vertex -5.14303 15.1509 0
      vertex -1.37192 7.91669 0
      vertex -1.42894 7.825 0
    endloop
  endfacet
  facet normal 0 0 -1
    outer loop
      vertex -5.14303 15.1509 0
      vertex -1.42894 7.825 0
      vertex -1.47984 7.72978 0
    endloop
  endfacet
  facet normal 0 0 -1
    outer loop
      vertex -5.14303 15.1509 0
      vertex -1.47984 7.72978 0
      vertex -1.5244 7.63143 0
    endloop
  endfacet
  facet normal 0 0 -1
    outer loop
      vertex -5.14303 15.1509 0
      vertex -1.5244 7.63143 0
      vertex -1.56243 7.53037 0
    endloop
  endfacet
  facet normal 0 0 -1
    outer loop
      vertex -5.14303 15.1509 0
      vertex -1.56243 7.53037 0
      vertex -1.59378 7.42705 0
    endloop
  endfacet
  facet normal 0 0 -1
    outer loop
      vertex -5.14303 15.1509 0
      vertex -1.59378 7.42705 0
      vertex -1.6183 7.3219 0
    endloop
  endfacet
  facet normal 0 0 -1
    outer loop
      vertex -5.14303 15.1509 0
      vertex -1.6183 7.3219 0
      vertex -1.63588 7.21537 0
    endloop
  endfacet
  facet normal 0 0 -1
    outer loop
      vertex -5.14303 15.1509 0
      vertex -1.63588 7.21537 0
      vertex -1.64647 7.10791 0
    endloop
  endfacet
  facet normal -0 0 -1
    outer loop
      vertex -3.07752 1.04468 0
      vertex -5.62807 0.916691 0
      vertex -3.00261 1.24372 0
    endloop
  endfacet
  facet normal -0 0 -1
    outer loop
      vertex -3.13926 0.841162 0
      vertex -5.52016 0.729775 0
      vertex -3.07752 1.04468 0
    endloop
  endfacet
  facet normal 0 0 -1
    outer loop
      vertex -5.52016 0.729775 0
      vertex -3.13926 0.841162 0
      vertex -5.4756 0.631427 0
    endloop
  endfacet
  facet normal 0 0 -1
    outer loop
      vertex -0.427051 8.59378 0
      vertex -2.08842 15.8631 0
      vertex -1.04645 15.9657 0
    endloop
  endfacet
  facet normal 0 0 -1
    outer loop
      vertex -5.57106 0.825 0
      vertex -3.07752 1.04468 0
      vertex -5.52016 0.729775 0
    endloop
  endfacet
  facet normal 0 0 -1
    outer loop
      vertex -5.62807 0.916691 0
      vertex -3.07752 1.04468 0
      vertex -5.57106 0.825 0
    endloop
  endfacet
  facet normal 0 0 -1
    outer loop
      vertex -5.69097 1.00446 0
      vertex -3.00261 1.24372 0
      vertex -5.62807 0.916691 0
    endloop
  endfacet
  facet normal 0 0 -1
    outer loop
      vertex -5.75946 1.08792 0
      vertex -2.91484 1.43744 0
      vertex -5.69097 1.00446 0
    endloop
  endfacet
  facet normal 0 0 -1
    outer loop
      vertex -5.4756 0.631427 0
      vertex -3.13926 0.841162 0
      vertex -5.43756 0.530375 0
    endloop
  endfacet
  facet normal -0 0 -1
    outer loop
      vertex -3.18755 0.634043 0
      vertex -5.43756 0.530375 0
      vertex -3.13926 0.841162 0
    endloop
  endfacet
  facet normal 0 0 -1
    outer loop
      vertex -5.43756 0.530375 0
      vertex -3.18755 0.634043 0
      vertex -5.40622 0.427051 0
    endloop
  endfacet
  facet normal 0 0 -1
    outer loop
      vertex -3.2222 0.42421 0
      vertex -5.40622 0.427051 0
      vertex -3.18755 0.634043 0
    endloop
  endfacet
  facet normal 0 0 -1
    outer loop
      vertex -5.40622 0.427051 0
      vertex -3.2222 0.42421 0
      vertex -5.3817 0.321898 0
    endloop
  endfacet
  facet normal 0 0 -1
    outer loop
      vertex -0.631427 8.5244 0
      vertex -3.12144 15.6926 0
      vertex -2.08842 15.8631 0
    endloop
  endfacet
  facet normal 0 0 -1
    outer loop
      vertex -5.3817 0.321898 0
      vertex -3.2222 0.42421 0
      vertex -5.36412 0.215367 0
    endloop
  endfacet
  facet normal 0 0 -1
    outer loop
      vertex -3.24304 0.21256 0
      vertex -5.36412 0.215367 0
      vertex -3.2222 0.42421 0
    endloop
  endfacet
  facet normal 0 0 -1
    outer loop
      vertex -5.36412 0.215367 0
      vertex -3.24304 0.21256 0
      vertex -5.35353 0.107915 0
    endloop
  endfacet
  facet normal 0 0 -1
    outer loop
      vertex -3.25 0 0
      vertex -5.35353 0.107915 0
      vertex -3.24304 0.21256 0
    endloop
  endfacet
  facet normal 0 0 -1
    outer loop
      vertex -5.35353 0.107915 0
      vertex -3.25 0 0
      vertex -5.35 0 0
    endloop
  endfacet
  facet normal 0 0 -1
    outer loop
      vertex -3.00261 -1.24372 0
      vertex -5.62807 -0.916691 0
      vertex -3.07752 -1.04468 0
    endloop
  endfacet
  facet normal 0 0 -1
    outer loop
      vertex -5.83327 1.16673 0
      vertex -2.91484 1.43744 0
      vertex -5.75946 1.08792 0
    endloop
  endfacet
  facet normal 0 0 -1
    outer loop
      vertex -6.175 -1.42894 0
      vertex -4.1411 -15.4548 0
      vertex -5.14303 -15.1509 0
    endloop
  endfacet
  facet normal 0 0 -1
    outer loop
      vertex -0.825 8.42894 0
      vertex -4.1411 15.4548 0
      vertex -3.12144 15.6926 0
    endloop
  endfacet
  facet normal 0 0 -1
    outer loop
      vertex -1.00446 8.30903 0
      vertex -5.14303 15.1509 0
      vertex -4.1411 15.4548 0
    endloop
  endfacet
  facet normal -0 0 -1
    outer loop
      vertex -3.25 0 0
      vertex -5.35353 -0.107915 0
      vertex -5.35 0 0
    endloop
  endfacet
  facet normal 0 0 -1
    outer loop
      vertex -3.24304 -0.21256 0
      vertex -5.35353 -0.107915 0
      vertex -3.25 0 0
    endloop
  endfacet
  facet normal 0 -0 -1
    outer loop
      vertex -5.35353 -0.107915 0
      vertex -3.24304 -0.21256 0
      vertex -5.36412 -0.215367 0
    endloop
  endfacet
  facet normal 0 0 -1
    outer loop
      vertex -3.2222 -0.42421 0
      vertex -5.36412 -0.215367 0
      vertex -3.24304 -0.21256 0
    endloop
  endfacet
  facet normal 0 -0 -1
    outer loop
      vertex -5.36412 -0.215367 0
      vertex -3.2222 -0.42421 0
      vertex -5.3817 -0.321898 0
    endloop
  endfacet
  facet normal 0 -0 -1
    outer loop
      vertex -5.3817 -0.321898 0
      vertex -3.2222 -0.42421 0
      vertex -5.40622 -0.427051 0
    endloop
  endfacet
  facet normal 0 0 -1
    outer loop
      vertex -3.18755 -0.634043 0
      vertex -5.40622 -0.427051 0
      vertex -3.2222 -0.42421 0
    endloop
  endfacet
  facet normal 0 -0 -1
    outer loop
      vertex -5.40622 -0.427051 0
      vertex -3.18755 -0.634043 0
      vertex -5.43756 -0.530375 0
    endloop
  endfacet
  facet normal 0 -0 -1
    outer loop
      vertex -5.43756 -0.530375 0
      vertex -3.18755 -0.634043 0
      vertex -5.4756 -0.631427 0
    endloop
  endfacet
  facet normal 0 0 -1
    outer loop
      vertex -3.13926 -0.841162 0
      vertex -5.4756 -0.631427 0
      vertex -3.18755 -0.634043 0
    endloop
  endfacet
  facet normal 0 -0 -1
    outer loop
      vertex -5.4756 -0.631427 0
      vertex -3.13926 -0.841162 0
      vertex -5.52016 -0.729775 0
    endloop
  endfacet
  facet normal 0 0 -1
    outer loop
      vertex -3.07752 -1.04468 0
      vertex -5.52016 -0.729775 0
      vertex -3.13926 -0.841162 0
    endloop
  endfacet
  facet normal 0 -0 -1
    outer loop
      vertex -5.52016 -0.729775 0
      vertex -3.07752 -1.04468 0
      vertex -5.57106 -0.825 0
    endloop
  endfacet
  facet normal 0 -0 -1
    outer loop
      vertex -5.57106 -0.825 0
      vertex -3.07752 -1.04468 0
      vertex -5.62807 -0.916691 0
    endloop
  endfacet
  facet normal 0 0 -1
    outer loop
      vertex -4.1411 -15.4548 0
      vertex -6.08331 -1.37192 0
      vertex -5.99554 -1.30903 0
    endloop
  endfacet
  facet normal 0 0 -1
    outer loop
      vertex -6.27022 -1.47984 0
      vertex -5.14303 -15.1509 0
      vertex -6.12293 -14.7821 0
    endloop
  endfacet
  facet normal 0 0 -1
    outer loop
      vertex -4.1411 -15.4548 0
      vertex -6.175 -1.42894 0
      vertex -6.08331 -1.37192 0
    endloop
  endfacet
  facet normal 0 0 -1
    outer loop
      vertex -5.14303 -15.1509 0
      vertex -6.27022 -1.47984 0
      vertex -6.175 -1.42894 0
    endloop
  endfacet
  facet normal 0 0 -1
    outer loop
      vertex -6.12293 -14.7821 0
      vertex -6.36857 -1.5244 0
      vertex -6.27022 -1.47984 0
    endloop
  endfacet
  facet normal 0 0 -1
    outer loop
      vertex -7.07662 -14.35 0
      vertex -6.36857 -1.5244 0
      vertex -6.12293 -14.7821 0
    endloop
  endfacet
  facet normal 0 0 -1
    outer loop
      vertex -6.36857 -1.5244 0
      vertex -7.07662 -14.35 0
      vertex -6.46962 -1.56243 0
    endloop
  endfacet
  facet normal 0 0 -1
    outer loop
      vertex -8 -13.8564 0
      vertex -6.46962 -1.56243 0
      vertex -7.07662 -14.35 0
    endloop
  endfacet
  facet normal 0 0 -1
    outer loop
      vertex -6.46962 -1.56243 0
      vertex -8 -13.8564 0
      vertex -6.57295 -1.59378 0
    endloop
  endfacet
  facet normal 0 0 -1
    outer loop
      vertex -8.88912 -13.3035 0
      vertex -6.57295 -1.59378 0
      vertex -8 -13.8564 0
    endloop
  endfacet
  facet normal 0 0 -1
    outer loop
      vertex -6.57295 -1.59378 0
      vertex -8.88912 -13.3035 0
      vertex -6.6781 -1.6183 0
    endloop
  endfacet
  facet normal 0 0 -1
    outer loop
      vertex -6.6781 -1.6183 0
      vertex -8.88912 -13.3035 0
      vertex -6.78463 -1.63588 0
    endloop
  endfacet
  facet normal 0 0 -1
    outer loop
      vertex -9.74018 -12.6937 0
      vertex -6.78463 -1.63588 0
      vertex -8.88912 -13.3035 0
    endloop
  endfacet
  facet normal 0 0 -1
    outer loop
      vertex -6.78463 -1.63588 0
      vertex -9.74018 -12.6937 0
      vertex -6.89208 -1.64647 0
    endloop
  endfacet
  facet normal 0 0 -1
    outer loop
      vertex -10.5495 -12.0294 0
      vertex -6.89208 -1.64647 0
      vertex -9.74018 -12.6937 0
    endloop
  endfacet
  facet normal 0 0 -1
    outer loop
      vertex -6.89208 -1.64647 0
      vertex -10.5495 -12.0294 0
      vertex -7 -1.65 0
    endloop
  endfacet
  facet normal 0 0 -1
    outer loop
      vertex -11.3137 -11.3137 0
      vertex -7 -1.65 0
      vertex -10.5495 -12.0294 0
    endloop
  endfacet
  facet normal -0 0 -1
    outer loop
      vertex -7 -1.65 0
      vertex -11.3137 -11.3137 0
      vertex -7.10791 -1.64647 0
    endloop
  endfacet
  facet normal 0 0 -1
    outer loop
      vertex -12.0294 -10.5495 0
      vertex -7.10791 -1.64647 0
      vertex -11.3137 -11.3137 0
    endloop
  endfacet
  facet normal -0 0 -1
    outer loop
      vertex -7.10791 -1.64647 0
      vertex -12.0294 -10.5495 0
      vertex -7.21537 -1.63588 0
    endloop
  endfacet
  facet normal -0 0 -1
    outer loop
      vertex -7.21537 -1.63588 0
      vertex -12.0294 -10.5495 0
      vertex -7.3219 -1.6183 0
    endloop
  endfacet
  facet normal 0 0 -1
    outer loop
      vertex -12.6937 -9.74018 0
      vertex -7.3219 -1.6183 0
      vertex -12.0294 -10.5495 0
    endloop
  endfacet
  facet normal -0 0 -1
    outer loop
      vertex -7.3219 -1.6183 0
      vertex -12.6937 -9.74018 0
      vertex -7.42705 -1.59378 0
    endloop
  endfacet
  facet normal -0 0 -1
    outer loop
      vertex -7.42705 -1.59378 0
      vertex -12.6937 -9.74018 0
      vertex -7.53037 -1.56243 0
    endloop
  endfacet
  facet normal 0 0 -1
    outer loop
      vertex -13.3035 -8.88912 0
      vertex -7.53037 -1.56243 0
      vertex -12.6937 -9.74018 0
    endloop
  endfacet
  facet normal -0 0 -1
    outer loop
      vertex -7.53037 -1.56243 0
      vertex -13.3035 -8.88912 0
      vertex -7.63143 -1.5244 0
    endloop
  endfacet
  facet normal 0 0 -1
    outer loop
      vertex -13.8564 -8 0
      vertex -7.63143 -1.5244 0
      vertex -13.3035 -8.88912 0
    endloop
  endfacet
  facet normal -0 0 -1
    outer loop
      vertex -7.63143 -1.5244 0
      vertex -13.8564 -8 0
      vertex -7.72978 -1.47984 0
    endloop
  endfacet
  facet normal -0 0 -1
    outer loop
      vertex -7.72978 -1.47984 0
      vertex -13.8564 -8 0
      vertex -7.825 -1.42894 0
    endloop
  endfacet
  facet normal 0 0 -1
    outer loop
      vertex -14.35 -7.07662 0
      vertex -7.825 -1.42894 0
      vertex -13.8564 -8 0
    endloop
  endfacet
  facet normal -0 0 -1
    outer loop
      vertex -7.825 -1.42894 0
      vertex -14.35 -7.07662 0
      vertex -7.91669 -1.37192 0
    endloop
  endfacet
  facet normal -0 0 -1
    outer loop
      vertex -7.91669 -1.37192 0
      vertex -14.35 -7.07662 0
      vertex -8.00446 -1.30903 0
    endloop
  endfacet
  facet normal 0 0 -1
    outer loop
      vertex -14.7821 -6.12293 0
      vertex -8.00446 -1.30903 0
      vertex -14.35 -7.07662 0
    endloop
  endfacet
  facet normal -0 0 -1
    outer loop
      vertex -8.00446 -1.30903 0
      vertex -14.7821 -6.12293 0
      vertex -8.08792 -1.24053 0
    endloop
  endfacet
  facet normal -0 0 -1
    outer loop
      vertex -8.08792 -1.24053 0
      vertex -14.7821 -6.12293 0
      vertex -8.16673 -1.16673 0
    endloop
  endfacet
  facet normal 0 0 -1
    outer loop
      vertex -15.1509 -5.14303 0
      vertex -8.16673 -1.16673 0
      vertex -14.7821 -6.12293 0
    endloop
  endfacet
  facet normal -0 0 -1
    outer loop
      vertex -8.24053 -1.08792 0
      vertex -15.1509 -5.14303 0
      vertex -8.30903 -1.00446 0
    endloop
  endfacet
  facet normal -0 0 -1
    outer loop
      vertex -8.16673 -1.16673 0
      vertex -15.1509 -5.14303 0
      vertex -8.24053 -1.08792 0
    endloop
  endfacet
  facet normal -0 0 -1
    outer loop
      vertex 6.46962 -1.56243 0
      vertex 1.56243 -6.46962 0
      vertex 6.36857 -1.5244 0
    endloop
  endfacet
  facet normal 0 0 -1
    outer loop
      vertex 1.5244 -6.36857 0
      vertex 6.36857 -1.5244 0
      vertex 1.56243 -6.46962 0
    endloop
  endfacet
  facet normal 0 0 -1
    outer loop
      vertex 6.36857 -1.5244 0
      vertex 1.5244 -6.36857 0
      vertex 2.2981 -2.2981 0
    endloop
  endfacet
  facet normal 0 0 -1
    outer loop
      vertex 1.47984 -6.27022 0
      vertex 2.2981 -2.2981 0
      vertex 1.5244 -6.36857 0
    endloop
  endfacet
  facet normal 0 0 -1
    outer loop
      vertex 2.2981 -2.2981 0
      vertex 1.47984 -6.27022 0
      vertex 2.14287 -2.44348 0
    endloop
  endfacet
  facet normal 0 0 -1
    outer loop
      vertex 1.42894 -6.175 0
      vertex 2.14287 -2.44348 0
      vertex 1.47984 -6.27022 0
    endloop
  endfacet
  facet normal 0 0 -1
    outer loop
      vertex 2.14287 -2.44348 0
      vertex 1.42894 -6.175 0
      vertex 1.97847 -2.5784 0
    endloop
  endfacet
  facet normal 0 0 -1
    outer loop
      vertex 1.37192 -6.08331 0
      vertex 1.97847 -2.5784 0
      vertex 1.42894 -6.175 0
    endloop
  endfacet
  facet normal 0 0 -1
    outer loop
      vertex 1.97847 -2.5784 0
      vertex 1.37192 -6.08331 0
      vertex 1.8056 -2.70228 0
    endloop
  endfacet
  facet normal 0 0 -1
    outer loop
      vertex 1.30903 -5.99554 0
      vertex 1.8056 -2.70228 0
      vertex 1.37192 -6.08331 0
    endloop
  endfacet
  facet normal 0 0 -1
    outer loop
      vertex 1.24053 -5.91208 0
      vertex 1.8056 -2.70228 0
      vertex 1.30903 -5.99554 0
    endloop
  endfacet
  facet normal 0 0 -1
    outer loop
      vertex 1.8056 -2.70228 0
      vertex 1.24053 -5.91208 0
      vertex 1.625 -2.81458 0
    endloop
  endfacet
  facet normal 0 0 -1
    outer loop
      vertex 1.16673 -5.83327 0
      vertex 1.625 -2.81458 0
      vertex 1.24053 -5.91208 0
    endloop
  endfacet
  facet normal 0 0 -1
    outer loop
      vertex 1.625 -2.81458 0
      vertex 1.16673 -5.83327 0
      vertex 1.43744 -2.91484 0
    endloop
  endfacet
  facet normal 0 0 -1
    outer loop
      vertex 1.08792 -5.75946 0
      vertex 1.43744 -2.91484 0
      vertex 1.16673 -5.83327 0
    endloop
  endfacet
  facet normal 0 0 -1
    outer loop
      vertex 1.00446 -5.69097 0
      vertex 1.43744 -2.91484 0
      vertex 1.08792 -5.75946 0
    endloop
  endfacet
  facet normal 0 0 -1
    outer loop
      vertex 1.43744 -2.91484 0
      vertex 1.00446 -5.69097 0
      vertex 1.24372 -3.00261 0
    endloop
  endfacet
  facet normal 0 0 -1
    outer loop
      vertex 0.916691 -5.62807 0
      vertex 1.24372 -3.00261 0
      vertex 1.00446 -5.69097 0
    endloop
  endfacet
  facet normal 0 0 -1
    outer loop
      vertex 1.24372 -3.00261 0
      vertex 0.916691 -5.62807 0
      vertex 1.04468 -3.07752 0
    endloop
  endfacet
  facet normal 0 0 -1
    outer loop
      vertex 0.825 -5.57106 0
      vertex 1.04468 -3.07752 0
      vertex 0.916691 -5.62807 0
    endloop
  endfacet
  facet normal 0 0 -1
    outer loop
      vertex 0.729775 -5.52016 0
      vertex 1.04468 -3.07752 0
      vertex 0.825 -5.57106 0
    endloop
  endfacet
  facet normal 0 0 -1
    outer loop
      vertex 1.04468 -3.07752 0
      vertex 0.729775 -5.52016 0
      vertex 0.841162 -3.13926 0
    endloop
  endfacet
  facet normal 0 0 -1
    outer loop
      vertex 0.631427 -5.4756 0
      vertex 0.841162 -3.13926 0
      vertex 0.729775 -5.52016 0
    endloop
  endfacet
  facet normal 0 0 -1
    outer loop
      vertex 0.841162 -3.13926 0
      vertex 0.631427 -5.4756 0
      vertex 0.634043 -3.18755 0
    endloop
  endfacet
  facet normal 0 0 -1
    outer loop
      vertex 0.530375 -5.43756 0
      vertex 0.634043 -3.18755 0
      vertex 0.631427 -5.4756 0
    endloop
  endfacet
  facet normal 0 0 -1
    outer loop
      vertex 0.427051 -5.40622 0
      vertex 0.634043 -3.18755 0
      vertex 0.530375 -5.43756 0
    endloop
  endfacet
  facet normal 0 0 -1
    outer loop
      vertex 0.427051 -5.40622 0
      vertex 0.42421 -3.2222 0
      vertex 0.634043 -3.18755 0
    endloop
  endfacet
  facet normal 0 0 -1
    outer loop
      vertex 0.321898 -5.3817 0
      vertex 0.42421 -3.2222 0
      vertex 0.427051 -5.40622 0
    endloop
  endfacet
  facet normal 0 0 -1
    outer loop
      vertex 0.215367 -5.36412 0
      vertex 0.42421 -3.2222 0
      vertex 0.321898 -5.3817 0
    endloop
  endfacet
  facet normal 0 0 -1
    outer loop
      vertex 0.215367 -5.36412 0
      vertex 0.21256 -3.24304 0
      vertex 0.42421 -3.2222 0
    endloop
  endfacet
  facet normal 0 0 -1
    outer loop
      vertex 0.107915 -5.35353 0
      vertex 0.21256 -3.24304 0
      vertex 0.215367 -5.36412 0
    endloop
  endfacet
  facet normal 0 0 -1
    outer loop
      vertex 0 -3.25 0
      vertex 0.107915 -5.35353 0
      vertex 0 -5.35 0
    endloop
  endfacet
  facet normal 0 0 -1
    outer loop
      vertex 0.107915 -5.35353 0
      vertex 0 -3.25 0
      vertex 0.21256 -3.24304 0
    endloop
  endfacet
  facet normal 0 0 -1
    outer loop
      vertex -0.107915 -5.35353 0
      vertex 0 -3.25 0
      vertex 0 -5.35 0
    endloop
  endfacet
  facet normal 0 0 -1
    outer loop
      vertex -0.107915 -5.35353 0
      vertex -0.21256 -3.24304 0
      vertex 0 -3.25 0
    endloop
  endfacet
  facet normal 0 0 -1
    outer loop
      vertex -0.215367 -5.36412 0
      vertex -0.21256 -3.24304 0
      vertex -0.107915 -5.35353 0
    endloop
  endfacet
  facet normal 0 0 -1
    outer loop
      vertex -0.42421 -3.2222 0
      vertex -0.215367 -5.36412 0
      vertex -0.321898 -5.3817 0
    endloop
  endfacet
  facet normal 0 0 -1
    outer loop
      vertex -0.215367 -5.36412 0
      vertex -0.42421 -3.2222 0
      vertex -0.21256 -3.24304 0
    endloop
  endfacet
  facet normal 0 0 -1
    outer loop
      vertex -0.427051 -5.40622 0
      vertex -0.42421 -3.2222 0
      vertex -0.321898 -5.3817 0
    endloop
  endfacet
  facet normal 0 0 -1
    outer loop
      vertex -0.634043 -3.18755 0
      vertex -0.427051 -5.40622 0
      vertex -0.530375 -5.43756 0
    endloop
  endfacet
  facet normal 0 0 -1
    outer loop
      vertex -0.634043 -3.18755 0
      vertex -0.530375 -5.43756 0
      vertex -0.631427 -5.4756 0
    endloop
  endfacet
  facet normal 0 0 -1
    outer loop
      vertex -0.427051 -5.40622 0
      vertex -0.634043 -3.18755 0
      vertex -0.42421 -3.2222 0
    endloop
  endfacet
  facet normal 0 0 -1
    outer loop
      vertex -0.841162 -3.13926 0
      vertex -0.631427 -5.4756 0
      vertex -0.729775 -5.52016 0
    endloop
  endfacet
  facet normal 0 0 -1
    outer loop
      vertex -1.04468 -3.07752 0
      vertex -0.729775 -5.52016 0
      vertex -0.825 -5.57106 0
    endloop
  endfacet
  facet normal 0 0 -1
    outer loop
      vertex -0.631427 -5.4756 0
      vertex -0.841162 -3.13926 0
      vertex -0.634043 -3.18755 0
    endloop
  endfacet
  facet normal 0 0 -1
    outer loop
      vertex -1.04468 -3.07752 0
      vertex -0.825 -5.57106 0
      vertex -0.916691 -5.62807 0
    endloop
  endfacet
  facet normal 0 0 -1
    outer loop
      vertex -1.24372 -3.00261 0
      vertex -0.916691 -5.62807 0
      vertex -1.00446 -5.69097 0
    endloop
  endfacet
  facet normal 0 0 -1
    outer loop
      vertex -0.729775 -5.52016 0
      vertex -1.04468 -3.07752 0
      vertex -0.841162 -3.13926 0
    endloop
  endfacet
  facet normal 0 0 -1
    outer loop
      vertex -1.43744 -2.91484 0
      vertex -1.00446 -5.69097 0
      vertex -1.08792 -5.75946 0
    endloop
  endfacet
  facet normal 0 0 -1
    outer loop
      vertex -1.43744 -2.91484 0
      vertex -1.08792 -5.75946 0
      vertex -1.16673 -5.83327 0
    endloop
  endfacet
  facet normal 0 0 -1
    outer loop
      vertex -1.625 -2.81458 0
      vertex -1.16673 -5.83327 0
      vertex -1.24053 -5.91208 0
    endloop
  endfacet
  facet normal 0 0 -1
    outer loop
      vertex -0.916691 -5.62807 0
      vertex -1.24372 -3.00261 0
      vertex -1.04468 -3.07752 0
    endloop
  endfacet
  facet normal 0 0 -1
    outer loop
      vertex -1.8056 -2.70228 0
      vertex -1.24053 -5.91208 0
      vertex -1.30903 -5.99554 0
    endloop
  endfacet
  facet normal 0 0 -1
    outer loop
      vertex -1.8056 -2.70228 0
      vertex -1.30903 -5.99554 0
      vertex -1.37192 -6.08331 0
    endloop
  endfacet
  facet normal 0 0 -1
    outer loop
      vertex -1.97847 -2.5784 0
      vertex -1.37192 -6.08331 0
      vertex -1.42894 -6.175 0
    endloop
  endfacet
  facet normal 0 0 -1
    outer loop
      vertex -1.00446 -5.69097 0
      vertex -1.43744 -2.91484 0
      vertex -1.24372 -3.00261 0
    endloop
  endfacet
  facet normal 0 0 -1
    outer loop
      vertex -2.14287 -2.44348 0
      vertex -1.42894 -6.175 0
      vertex -1.47984 -6.27022 0
    endloop
  endfacet
  facet normal 0 0 -1
    outer loop
      vertex -2.2981 -2.2981 0
      vertex -1.47984 -6.27022 0
      vertex -1.5244 -6.36857 0
    endloop
  endfacet
  facet normal 0 0 -1
    outer loop
      vertex -5.99554 -1.30903 0
      vertex -1.5244 -6.36857 0
      vertex -1.56243 -6.46962 0
    endloop
  endfacet
  facet normal 0 0 -1
    outer loop
      vertex -5.99554 -1.30903 0
      vertex -1.56243 -6.46962 0
      vertex -1.59378 -6.57295 0
    endloop
  endfacet
  facet normal 0 0 -1
    outer loop
      vertex -5.99554 -1.30903 0
      vertex -1.59378 -6.57295 0
      vertex -1.6183 -6.6781 0
    endloop
  endfacet
  facet normal 0 0 -1
    outer loop
      vertex -1.16673 -5.83327 0
      vertex -1.625 -2.81458 0
      vertex -1.43744 -2.91484 0
    endloop
  endfacet
  facet normal 0 0 -1
    outer loop
      vertex -5.99554 -1.30903 0
      vertex -1.6183 -6.6781 0
      vertex -1.63588 -6.78463 0
    endloop
  endfacet
  facet normal 0 0 -1
    outer loop
      vertex -5.99554 -1.30903 0
      vertex -1.63588 -6.78463 0
      vertex -1.64647 -6.89208 0
    endloop
  endfacet
  facet normal 0 0 -1
    outer loop
      vertex -5.99554 -1.30903 0
      vertex -1.64647 -6.89208 0
      vertex -1.65 -7 0
    endloop
  endfacet
  facet normal 0 0 -1
    outer loop
      vertex -1.24053 -5.91208 0
      vertex -1.8056 -2.70228 0
      vertex -1.625 -2.81458 0
    endloop
  endfacet
  facet normal 0 0 -1
    outer loop
      vertex 116.667 -18.1683 0
      vertex 122.5 -19 0
      vertex 116.685 -18.2781 0
    endloop
  endfacet
  facet normal 0 0 -1
    outer loop
      vertex 122.5 19 0
      vertex 116.696 18.3888 0
      vertex 116.7 18.5 0
    endloop
  endfacet
  facet normal 0 0 -1
    outer loop
      vertex 116.642 -18.06 0
      vertex 122.5 -19 0
      vertex 116.667 -18.1683 0
    endloop
  endfacet
  facet normal 0 0 -1
    outer loop
      vertex 122.5 19 0
      vertex 116.685 18.2781 0
      vertex 116.696 18.3888 0
    endloop
  endfacet
  facet normal 0 0 -1
    outer loop
      vertex 116.61 -17.9536 0
      vertex 122.5 -19 0
      vertex 116.642 -18.06 0
    endloop
  endfacet
  facet normal 0 0 -1
    outer loop
      vertex 122.5 19 0
      vertex 116.667 18.1683 0
      vertex 116.685 18.2781 0
    endloop
  endfacet
  facet normal 0 0 -1
    outer loop
      vertex 116.571 -17.8494 0
      vertex 122.5 -19 0
      vertex 116.61 -17.9536 0
    endloop
  endfacet
  facet normal 0 0 -1
    outer loop
      vertex 122.5 19 0
      vertex 116.642 18.06 0
      vertex 116.667 18.1683 0
    endloop
  endfacet
  facet normal 0 0 -1
    outer loop
      vertex 116.525 -17.7481 0
      vertex 122.5 -19 0
      vertex 116.571 -17.8494 0
    endloop
  endfacet
  facet normal 0 0 -1
    outer loop
      vertex 122.5 19 0
      vertex 116.61 17.9536 0
      vertex 116.642 18.06 0
    endloop
  endfacet
  facet normal 0 0 -1
    outer loop
      vertex 116.472 -17.65 0
      vertex 122.5 -19 0
      vertex 116.525 -17.7481 0
    endloop
  endfacet
  facet normal 0 0 -1
    outer loop
      vertex 122.5 19 0
      vertex 116.571 17.8494 0
      vertex 116.61 17.9536 0
    endloop
  endfacet
  facet normal 0 0 -1
    outer loop
      vertex 116.413 -17.5555 0
      vertex 122.5 -19 0
      vertex 116.472 -17.65 0
    endloop
  endfacet
  facet normal 0 0 -1
    outer loop
      vertex 122.5 19 0
      vertex 116.525 17.7481 0
      vertex 116.571 17.8494 0
    endloop
  endfacet
  facet normal 0 0 -1
    outer loop
      vertex 116.349 -17.4651 0
      vertex 122.5 -19 0
      vertex 116.413 -17.5555 0
    endloop
  endfacet
  facet normal 0 0 -1
    outer loop
      vertex 122.5 19 0
      vertex 116.472 17.65 0
      vertex 116.525 17.7481 0
    endloop
  endfacet
  facet normal 0 0 -1
    outer loop
      vertex 116.278 -17.3791 0
      vertex 122.5 -19 0
      vertex 116.349 -17.4651 0
    endloop
  endfacet
  facet normal 0 0 -1
    outer loop
      vertex 122.5 19 0
      vertex 116.413 17.5555 0
      vertex 116.472 17.65 0
    endloop
  endfacet
  facet normal 0 0 -1
    outer loop
      vertex 116.202 -17.2979 0
      vertex 122.5 -19 0
      vertex 116.278 -17.3791 0
    endloop
  endfacet
  facet normal 0 0 -1
    outer loop
      vertex 122.5 19 0
      vertex 116.349 17.4651 0
      vertex 116.413 17.5555 0
    endloop
  endfacet
  facet normal 0 0 -1
    outer loop
      vertex 116.121 -17.2219 0
      vertex 122.5 -19 0
      vertex 116.202 -17.2979 0
    endloop
  endfacet
  facet normal 0 0 -1
    outer loop
      vertex 122.5 19 0
      vertex 116.278 17.3791 0
      vertex 116.349 17.4651 0
    endloop
  endfacet
  facet normal 0 0 -1
    outer loop
      vertex 116.035 -17.1513 0
      vertex 122.5 -19 0
      vertex 116.121 -17.2219 0
    endloop
  endfacet
  facet normal 0 0 -1
    outer loop
      vertex 122.5 19 0
      vertex 116.202 17.2979 0
      vertex 116.278 17.3791 0
    endloop
  endfacet
  facet normal 0 0 -1
    outer loop
      vertex 115.944 -17.0865 0
      vertex 122.5 -19 0
      vertex 116.035 -17.1513 0
    endloop
  endfacet
  facet normal 0 0 -1
    outer loop
      vertex 122.5 19 0
      vertex 116.121 17.2219 0
      vertex 116.202 17.2979 0
    endloop
  endfacet
  facet normal 0 0 -1
    outer loop
      vertex 115.85 -17.0278 0
      vertex 122.5 -19 0
      vertex 115.944 -17.0865 0
    endloop
  endfacet
  facet normal 0 0 -1
    outer loop
      vertex 122.5 19 0
      vertex 116.035 17.1513 0
      vertex 116.121 17.2219 0
    endloop
  endfacet
  facet normal 0 0 -1
    outer loop
      vertex 115.752 -16.9753 0
      vertex 122.5 -19 0
      vertex 115.85 -17.0278 0
    endloop
  endfacet
  facet normal 0 0 -1
    outer loop
      vertex 122.5 19 0
      vertex 115.944 17.0865 0
      vertex 116.035 17.1513 0
    endloop
  endfacet
  facet normal 0 0 -1
    outer loop
      vertex 122.5 -19 0
      vertex 115.752 -16.9753 0
      vertex 122.5 19 0
    endloop
  endfacet
  facet normal 0 0 -1
    outer loop
      vertex 122.5 19 0
      vertex 115.85 17.0278 0
      vertex 115.944 17.0865 0
    endloop
  endfacet
  facet normal 0 0 -1
    outer loop
      vertex 115.752 16.9753 0
      vertex 122.5 19 0
      vertex 115.752 -16.9753 0
    endloop
  endfacet
  facet normal 0 0 -1
    outer loop
      vertex 122.5 19 0
      vertex 115.752 16.9753 0
      vertex 115.85 17.0278 0
    endloop
  endfacet
  facet normal 0 0 -1
    outer loop
      vertex 115.651 -16.9294 0
      vertex 115.752 16.9753 0
      vertex 115.752 -16.9753 0
    endloop
  endfacet
  facet normal 0 0 -1
    outer loop
      vertex 115.651 -16.9294 0
      vertex 115.651 16.9294 0
      vertex 115.752 16.9753 0
    endloop
  endfacet
  facet normal 0 0 -1
    outer loop
      vertex 115.546 -16.8902 0
      vertex 115.651 16.9294 0
      vertex 115.651 -16.9294 0
    endloop
  endfacet
  facet normal 0 0 -1
    outer loop
      vertex 115.546 -16.8902 0
      vertex 115.546 16.8902 0
      vertex 115.651 16.9294 0
    endloop
  endfacet
  facet normal 0 0 -1
    outer loop
      vertex 115.44 -16.8579 0
      vertex 115.546 16.8902 0
      vertex 115.546 -16.8902 0
    endloop
  endfacet
  facet normal 0 0 -1
    outer loop
      vertex 115.44 -16.8579 0
      vertex 115.44 16.8579 0
      vertex 115.546 16.8902 0
    endloop
  endfacet
  facet normal 0 0 -1
    outer loop
      vertex 115.332 -16.8327 0
      vertex 115.44 16.8579 0
      vertex 115.44 -16.8579 0
    endloop
  endfacet
  facet normal 0 0 -1
    outer loop
      vertex 115.332 -16.8327 0
      vertex 115.332 16.8327 0
      vertex 115.44 16.8579 0
    endloop
  endfacet
  facet normal 0 0 -1
    outer loop
      vertex 115.222 -16.8145 0
      vertex 115.332 16.8327 0
      vertex 115.332 -16.8327 0
    endloop
  endfacet
  facet normal 0 0 -1
    outer loop
      vertex 115.222 -16.8145 0
      vertex 115.222 16.8145 0
      vertex 115.332 16.8327 0
    endloop
  endfacet
  facet normal 0 0 -1
    outer loop
      vertex 115.111 -16.8036 0
      vertex 115.222 16.8145 0
      vertex 115.222 -16.8145 0
    endloop
  endfacet
  facet normal 0 0 -1
    outer loop
      vertex 115.111 -16.8036 0
      vertex 115.111 16.8036 0
      vertex 115.222 16.8145 0
    endloop
  endfacet
  facet normal 0 0 -1
    outer loop
      vertex 115 -16.8 0
      vertex 115.111 16.8036 0
      vertex 115.111 -16.8036 0
    endloop
  endfacet
  facet normal 0 0 -1
    outer loop
      vertex 115 -16.8 0
      vertex 115 16.8 0
      vertex 115.111 16.8036 0
    endloop
  endfacet
  facet normal 0 0 -1
    outer loop
      vertex 114.889 -16.8036 0
      vertex 115 16.8 0
      vertex 115 -16.8 0
    endloop
  endfacet
  facet normal 0 0 -1
    outer loop
      vertex 114.889 -16.8036 0
      vertex 114.889 16.8036 0
      vertex 115 16.8 0
    endloop
  endfacet
  facet normal 0 0 -1
    outer loop
      vertex 114.778 -16.8145 0
      vertex 114.889 16.8036 0
      vertex 114.889 -16.8036 0
    endloop
  endfacet
  facet normal 0 0 -1
    outer loop
      vertex 114.778 -16.8145 0
      vertex 114.778 16.8145 0
      vertex 114.889 16.8036 0
    endloop
  endfacet
  facet normal 0 0 -1
    outer loop
      vertex 114.668 -16.8327 0
      vertex 114.778 16.8145 0
      vertex 114.778 -16.8145 0
    endloop
  endfacet
  facet normal 0 0 -1
    outer loop
      vertex 114.668 -16.8327 0
      vertex 114.668 16.8327 0
      vertex 114.778 16.8145 0
    endloop
  endfacet
  facet normal 0 0 -1
    outer loop
      vertex 114.56 -16.8579 0
      vertex 114.668 16.8327 0
      vertex 114.668 -16.8327 0
    endloop
  endfacet
  facet normal 0 0 -1
    outer loop
      vertex 114.56 -16.8579 0
      vertex 114.56 16.8579 0
      vertex 114.668 16.8327 0
    endloop
  endfacet
  facet normal 0 0 -1
    outer loop
      vertex 114.454 -16.8902 0
      vertex 114.56 16.8579 0
      vertex 114.56 -16.8579 0
    endloop
  endfacet
  facet normal 0 0 -1
    outer loop
      vertex 114.454 -16.8902 0
      vertex 114.454 16.8902 0
      vertex 114.56 16.8579 0
    endloop
  endfacet
  facet normal 0 0 -1
    outer loop
      vertex 114.349 -16.9294 0
      vertex 114.454 16.8902 0
      vertex 114.454 -16.8902 0
    endloop
  endfacet
  facet normal 0 0 -1
    outer loop
      vertex 114.349 -16.9294 0
      vertex 114.349 16.9294 0
      vertex 114.454 16.8902 0
    endloop
  endfacet
  facet normal 0 0 -1
    outer loop
      vertex 114.248 -16.9753 0
      vertex 114.349 16.9294 0
      vertex 114.349 -16.9294 0
    endloop
  endfacet
  facet normal 0 0 -1
    outer loop
      vertex 114.248 -16.9753 0
      vertex 114.248 16.9753 0
      vertex 114.349 16.9294 0
    endloop
  endfacet
  facet normal 0 0 -1
    outer loop
      vertex 114.15 -17.0278 0
      vertex 114.248 16.9753 0
      vertex 114.248 -16.9753 0
    endloop
  endfacet
  facet normal 0 0 -1
    outer loop
      vertex 114.15 -17.0278 0
      vertex 114.15 17.0278 0
      vertex 114.248 16.9753 0
    endloop
  endfacet
  facet normal 0 0 -1
    outer loop
      vertex 114.056 -17.0865 0
      vertex 114.15 17.0278 0
      vertex 114.15 -17.0278 0
    endloop
  endfacet
  facet normal 0 0 -1
    outer loop
      vertex 114.056 -17.0865 0
      vertex 114.056 17.0865 0
      vertex 114.15 17.0278 0
    endloop
  endfacet
  facet normal 0 0 -1
    outer loop
      vertex 113.965 -17.1513 0
      vertex 114.056 17.0865 0
      vertex 114.056 -17.0865 0
    endloop
  endfacet
  facet normal 0 0 -1
    outer loop
      vertex 113.965 -17.1513 0
      vertex 113.965 17.1513 0
      vertex 114.056 17.0865 0
    endloop
  endfacet
  facet normal 0 0 -1
    outer loop
      vertex 113.879 -17.2219 0
      vertex 113.965 17.1513 0
      vertex 113.965 -17.1513 0
    endloop
  endfacet
  facet normal 0 0 -1
    outer loop
      vertex 113.879 -17.2219 0
      vertex 113.879 17.2219 0
      vertex 113.965 17.1513 0
    endloop
  endfacet
  facet normal 0 0 -1
    outer loop
      vertex 102 -23 0
      vertex 113.879 -17.2219 0
      vertex 113.798 -17.2979 0
    endloop
  endfacet
  facet normal -0 0 -1
    outer loop
      vertex 113.879 -17.2219 0
      vertex 102 -23 0
      vertex 113.879 17.2219 0
    endloop
  endfacet
  facet normal 0 0 -1
    outer loop
      vertex 102 -23 0
      vertex 113.798 -17.2979 0
      vertex 113.722 -17.3791 0
    endloop
  endfacet
  facet normal 0 0 -1
    outer loop
      vertex 102 23 0
      vertex 113.879 17.2219 0
      vertex 102 -23 0
    endloop
  endfacet
  facet normal 0 0 -1
    outer loop
      vertex 102 -23 0
      vertex 113.722 -17.3791 0
      vertex 113.651 -17.4651 0
    endloop
  endfacet
  facet normal 0 0 -1
    outer loop
      vertex 113.879 17.2219 0
      vertex 102 23 0
      vertex 113.798 17.2979 0
    endloop
  endfacet
  facet normal 0 0 -1
    outer loop
      vertex 102 -23 0
      vertex 113.651 -17.4651 0
      vertex 113.587 -17.5555 0
    endloop
  endfacet
  facet normal 0 0 -1
    outer loop
      vertex 113.798 17.2979 0
      vertex 102 23 0
      vertex 113.722 17.3791 0
    endloop
  endfacet
  facet normal 0 0 -1
    outer loop
      vertex 102 -23 0
      vertex 113.587 -17.5555 0
      vertex 113.528 -17.65 0
    endloop
  endfacet
  facet normal 0 0 -1
    outer loop
      vertex 113.722 17.3791 0
      vertex 102 23 0
      vertex 113.651 17.4651 0
    endloop
  endfacet
  facet normal 0 0 -1
    outer loop
      vertex 102 -23 0
      vertex 113.528 -17.65 0
      vertex 113.475 -17.7481 0
    endloop
  endfacet
  facet normal 0 0 -1
    outer loop
      vertex 113.651 17.4651 0
      vertex 102 23 0
      vertex 113.587 17.5555 0
    endloop
  endfacet
  facet normal 0 0 -1
    outer loop
      vertex 102 -23 0
      vertex 113.475 -17.7481 0
      vertex 113.429 -17.8494 0
    endloop
  endfacet
  facet normal 0 0 -1
    outer loop
      vertex 113.587 17.5555 0
      vertex 102 23 0
      vertex 113.528 17.65 0
    endloop
  endfacet
  facet normal 0 0 -1
    outer loop
      vertex 102 -23 0
      vertex 113.429 -17.8494 0
      vertex 113.39 -17.9536 0
    endloop
  endfacet
  facet normal 0 0 -1
    outer loop
      vertex 113.528 17.65 0
      vertex 102 23 0
      vertex 113.475 17.7481 0
    endloop
  endfacet
  facet normal 0 0 -1
    outer loop
      vertex 102 -23 0
      vertex 113.39 -17.9536 0
      vertex 113.358 -18.06 0
    endloop
  endfacet
  facet normal 0 0 -1
    outer loop
      vertex 113.475 17.7481 0
      vertex 102 23 0
      vertex 113.429 17.8494 0
    endloop
  endfacet
  facet normal 0 0 -1
    outer loop
      vertex 102 -23 0
      vertex 113.358 -18.06 0
      vertex 113.333 -18.1683 0
    endloop
  endfacet
  facet normal 0 0 -1
    outer loop
      vertex 113.429 17.8494 0
      vertex 102 23 0
      vertex 113.39 17.9536 0
    endloop
  endfacet
  facet normal 0 0 -1
    outer loop
      vertex 102 -23 0
      vertex 113.333 -18.1683 0
      vertex 113.315 -18.2781 0
    endloop
  endfacet
  facet normal 0 0 -1
    outer loop
      vertex 113.39 17.9536 0
      vertex 102 23 0
      vertex 113.358 18.06 0
    endloop
  endfacet
  facet normal 0 0 -1
    outer loop
      vertex 102 -23 0
      vertex 113.315 -18.2781 0
      vertex 113.304 -18.3888 0
    endloop
  endfacet
  facet normal 0 0 -1
    outer loop
      vertex 113.358 18.06 0
      vertex 102 23 0
      vertex 113.333 18.1683 0
    endloop
  endfacet
  facet normal 0 0 -1
    outer loop
      vertex 102 -23 0
      vertex 113.304 -18.3888 0
      vertex 113.3 -18.5 0
    endloop
  endfacet
  facet normal 0 0 -1
    outer loop
      vertex 113.333 18.1683 0
      vertex 102 23 0
      vertex 113.315 18.2781 0
    endloop
  endfacet
  facet normal 0 0 -1
    outer loop
      vertex 116.685 -18.7219 0
      vertex 122.5 -19 0
      vertex 122.423 -19.7803 0
    endloop
  endfacet
  facet normal 0 0 -1
    outer loop
      vertex 116.696 -18.3888 0
      vertex 122.5 -19 0
      vertex 116.7 -18.5 0
    endloop
  endfacet
  facet normal 0 0 -1
    outer loop
      vertex 116.667 -18.8317 0
      vertex 122.423 -19.7803 0
      vertex 122.196 -20.5307 0
    endloop
  endfacet
  facet normal 0 0 -1
    outer loop
      vertex 116.685 -18.2781 0
      vertex 122.5 -19 0
      vertex 116.696 -18.3888 0
    endloop
  endfacet
  facet normal 0 0 -1
    outer loop
      vertex 116.667 -18.8317 0
      vertex 122.196 -20.5307 0
      vertex 121.826 -21.2223 0
    endloop
  endfacet
  facet normal 0 0 -1
    outer loop
      vertex 116.696 18.6112 0
      vertex 122.5 19 0
      vertex 116.7 18.5 0
    endloop
  endfacet
  facet normal 0 0 -1
    outer loop
      vertex 116.642 -18.94 0
      vertex 121.826 -21.2223 0
      vertex 121.328 -21.8284 0
    endloop
  endfacet
  facet normal 0 0 -1
    outer loop
      vertex 116.685 18.7219 0
      vertex 122.5 19 0
      vertex 116.696 18.6112 0
    endloop
  endfacet
  facet normal 0 0 -1
    outer loop
      vertex 116.61 -19.0464 0
      vertex 121.328 -21.8284 0
      vertex 120.722 -22.3259 0
    endloop
  endfacet
  facet normal -0 0 -1
    outer loop
      vertex 122.5 19 0
      vertex 116.685 18.7219 0
      vertex 122.423 19.7803 0
    endloop
  endfacet
  facet normal 0 0 -1
    outer loop
      vertex 116.571 -19.1506 0
      vertex 120.722 -22.3259 0
      vertex 120.031 -22.6955 0
    endloop
  endfacet
  facet normal 0 0 -1
    outer loop
      vertex 116.667 18.8317 0
      vertex 122.423 19.7803 0
      vertex 116.685 18.7219 0
    endloop
  endfacet
  facet normal 0 0 -1
    outer loop
      vertex 116.525 -19.2519 0
      vertex 120.031 -22.6955 0
      vertex 119.28 -22.9231 0
    endloop
  endfacet
  facet normal -0 0 -1
    outer loop
      vertex 122.423 19.7803 0
      vertex 116.667 18.8317 0
      vertex 122.196 20.5307 0
    endloop
  endfacet
  facet normal 0 0 -1
    outer loop
      vertex 116.472 -19.35 0
      vertex 119.28 -22.9231 0
      vertex 118.5 -23 0
    endloop
  endfacet
  facet normal -0 0 -1
    outer loop
      vertex 122.196 20.5307 0
      vertex 116.667 18.8317 0
      vertex 121.826 21.2223 0
    endloop
  endfacet
  facet normal 0 0 -1
    outer loop
      vertex 116.642 18.94 0
      vertex 121.826 21.2223 0
      vertex 116.667 18.8317 0
    endloop
  endfacet
  facet normal 0 0 -1
    outer loop
      vertex 122.5 -19 0
      vertex 116.696 -18.6112 0
      vertex 116.7 -18.5 0
    endloop
  endfacet
  facet normal 0 0 -1
    outer loop
      vertex 122.5 -19 0
      vertex 116.685 -18.7219 0
      vertex 116.696 -18.6112 0
    endloop
  endfacet
  facet normal 0 0 -1
    outer loop
      vertex 122.423 -19.7803 0
      vertex 116.667 -18.8317 0
      vertex 116.685 -18.7219 0
    endloop
  endfacet
  facet normal 0 0 -1
    outer loop
      vertex 121.826 -21.2223 0
      vertex 116.642 -18.94 0
      vertex 116.667 -18.8317 0
    endloop
  endfacet
  facet normal 0 0 -1
    outer loop
      vertex 121.328 -21.8284 0
      vertex 116.61 -19.0464 0
      vertex 116.642 -18.94 0
    endloop
  endfacet
  facet normal 0 0 -1
    outer loop
      vertex 120.722 -22.3259 0
      vertex 116.571 -19.1506 0
      vertex 116.61 -19.0464 0
    endloop
  endfacet
  facet normal 0 0 -1
    outer loop
      vertex 120.031 -22.6955 0
      vertex 116.525 -19.2519 0
      vertex 116.571 -19.1506 0
    endloop
  endfacet
  facet normal 0 0 -1
    outer loop
      vertex 119.28 -22.9231 0
      vertex 116.472 -19.35 0
      vertex 116.525 -19.2519 0
    endloop
  endfacet
  facet normal 0 0 -1
    outer loop
      vertex 118.5 -23 0
      vertex 116.413 -19.4445 0
      vertex 116.472 -19.35 0
    endloop
  endfacet
  facet normal 0 0 -1
    outer loop
      vertex 118.5 -23 0
      vertex 116.349 -19.5349 0
      vertex 116.413 -19.4445 0
    endloop
  endfacet
  facet normal 0 0 -1
    outer loop
      vertex 118.5 -23 0
      vertex 116.278 -19.6209 0
      vertex 116.349 -19.5349 0
    endloop
  endfacet
  facet normal 0 0 -1
    outer loop
      vertex 118.5 -23 0
      vertex 116.202 -19.7021 0
      vertex 116.278 -19.6209 0
    endloop
  endfacet
  facet normal 0 0 -1
    outer loop
      vertex 118.5 -23 0
      vertex 116.121 -19.7781 0
      vertex 116.202 -19.7021 0
    endloop
  endfacet
  facet normal 0 0 -1
    outer loop
      vertex 118.5 -23 0
      vertex 116.035 -19.8487 0
      vertex 116.121 -19.7781 0
    endloop
  endfacet
  facet normal 0 0 -1
    outer loop
      vertex 118.5 -23 0
      vertex 115.944 -19.9135 0
      vertex 116.035 -19.8487 0
    endloop
  endfacet
  facet normal 0 0 -1
    outer loop
      vertex 118.5 -23 0
      vertex 115.85 -19.9722 0
      vertex 115.944 -19.9135 0
    endloop
  endfacet
  facet normal 0 0 -1
    outer loop
      vertex 118.5 -23 0
      vertex 115.752 -20.0247 0
      vertex 115.85 -19.9722 0
    endloop
  endfacet
  facet normal 0 0 -1
    outer loop
      vertex 118.5 -23 0
      vertex 115.651 -20.0706 0
      vertex 115.752 -20.0247 0
    endloop
  endfacet
  facet normal 0 0 -1
    outer loop
      vertex 118.5 -23 0
      vertex 115.546 -20.1098 0
      vertex 115.651 -20.0706 0
    endloop
  endfacet
  facet normal 0 0 -1
    outer loop
      vertex 118.5 -23 0
      vertex 115.44 -20.1421 0
      vertex 115.546 -20.1098 0
    endloop
  endfacet
  facet normal 0 0 -1
    outer loop
      vertex 118.5 -23 0
      vertex 115.332 -20.1673 0
      vertex 115.44 -20.1421 0
    endloop
  endfacet
  facet normal 0 0 -1
    outer loop
      vertex 118.5 -23 0
      vertex 115.222 -20.1855 0
      vertex 115.332 -20.1673 0
    endloop
  endfacet
  facet normal 0 0 -1
    outer loop
      vertex 118.5 -23 0
      vertex 115.111 -20.1964 0
      vertex 115.222 -20.1855 0
    endloop
  endfacet
  facet normal 0 0 -1
    outer loop
      vertex 118.5 -23 0
      vertex 115 -20.2 0
      vertex 115.111 -20.1964 0
    endloop
  endfacet
  facet normal 0 0 -1
    outer loop
      vertex 118.5 -23 0
      vertex 114.889 -20.1964 0
      vertex 115 -20.2 0
    endloop
  endfacet
  facet normal 0 0 -1
    outer loop
      vertex 118.5 -23 0
      vertex 114.778 -20.1855 0
      vertex 114.889 -20.1964 0
    endloop
  endfacet
  facet normal 0 0 -1
    outer loop
      vertex 118.5 -23 0
      vertex 114.668 -20.1673 0
      vertex 114.778 -20.1855 0
    endloop
  endfacet
  facet normal 0 0 -1
    outer loop
      vertex 118.5 -23 0
      vertex 114.56 -20.1421 0
      vertex 114.668 -20.1673 0
    endloop
  endfacet
  facet normal 0 0 -1
    outer loop
      vertex 118.5 -23 0
      vertex 114.454 -20.1098 0
      vertex 114.56 -20.1421 0
    endloop
  endfacet
  facet normal 0 0 -1
    outer loop
      vertex 118.5 -23 0
      vertex 114.349 -20.0706 0
      vertex 114.454 -20.1098 0
    endloop
  endfacet
  facet normal 0 0 -1
    outer loop
      vertex 102 -23 0
      vertex 114.349 -20.0706 0
      vertex 118.5 -23 0
    endloop
  endfacet
  facet normal -0 0 -1
    outer loop
      vertex 114.349 -20.0706 0
      vertex 102 -23 0
      vertex 114.248 -20.0247 0
    endloop
  endfacet
  facet normal -0 0 -1
    outer loop
      vertex 114.248 -20.0247 0
      vertex 102 -23 0
      vertex 114.15 -19.9722 0
    endloop
  endfacet
  facet normal 0 0 -1
    outer loop
      vertex 113.315 18.2781 0
      vertex 102 23 0
      vertex 113.304 18.3888 0
    endloop
  endfacet
  facet normal -0 0 -1
    outer loop
      vertex 113.304 -18.6112 0
      vertex 102 -23 0
      vertex 113.3 -18.5 0
    endloop
  endfacet
  facet normal -0 0 -1
    outer loop
      vertex 113.315 -18.7219 0
      vertex 102 -23 0
      vertex 113.304 -18.6112 0
    endloop
  endfacet
  facet normal -0 0 -1
    outer loop
      vertex 113.333 -18.8317 0
      vertex 102 -23 0
      vertex 113.315 -18.7219 0
    endloop
  endfacet
  facet normal -0 0 -1
    outer loop
      vertex 113.358 -18.94 0
      vertex 102 -23 0
      vertex 113.333 -18.8317 0
    endloop
  endfacet
  facet normal -0 0 -1
    outer loop
      vertex 113.39 -19.0464 0
      vertex 102 -23 0
      vertex 113.358 -18.94 0
    endloop
  endfacet
  facet normal -0 0 -1
    outer loop
      vertex 113.429 -19.1506 0
      vertex 102 -23 0
      vertex 113.39 -19.0464 0
    endloop
  endfacet
  facet normal -0 0 -1
    outer loop
      vertex 113.475 -19.2519 0
      vertex 102 -23 0
      vertex 113.429 -19.1506 0
    endloop
  endfacet
  facet normal -0 0 -1
    outer loop
      vertex 113.528 -19.35 0
      vertex 102 -23 0
      vertex 113.475 -19.2519 0
    endloop
  endfacet
  facet normal -0 0 -1
    outer loop
      vertex 113.587 -19.4445 0
      vertex 102 -23 0
      vertex 113.528 -19.35 0
    endloop
  endfacet
  facet normal -0 0 -1
    outer loop
      vertex 113.651 -19.5349 0
      vertex 102 -23 0
      vertex 113.587 -19.4445 0
    endloop
  endfacet
  facet normal -0 0 -1
    outer loop
      vertex 113.722 -19.6209 0
      vertex 102 -23 0
      vertex 113.651 -19.5349 0
    endloop
  endfacet
  facet normal -0 0 -1
    outer loop
      vertex 113.798 -19.7021 0
      vertex 102 -23 0
      vertex 113.722 -19.6209 0
    endloop
  endfacet
  facet normal -0 0 -1
    outer loop
      vertex 113.879 -19.7781 0
      vertex 102 -23 0
      vertex 113.798 -19.7021 0
    endloop
  endfacet
  facet normal -0 0 -1
    outer loop
      vertex 113.965 -19.8487 0
      vertex 102 -23 0
      vertex 113.879 -19.7781 0
    endloop
  endfacet
  facet normal -0 0 -1
    outer loop
      vertex 114.056 -19.9135 0
      vertex 102 -23 0
      vertex 113.965 -19.8487 0
    endloop
  endfacet
  facet normal -0 0 -1
    outer loop
      vertex 114.15 -19.9722 0
      vertex 102 -23 0
      vertex 114.056 -19.9135 0
    endloop
  endfacet
  facet normal -0 0 -1
    outer loop
      vertex 121.826 21.2223 0
      vertex 116.642 18.94 0
      vertex 121.328 21.8284 0
    endloop
  endfacet
  facet normal 0 0 -1
    outer loop
      vertex 116.61 19.0464 0
      vertex 121.328 21.8284 0
      vertex 116.642 18.94 0
    endloop
  endfacet
  facet normal -0 0 -1
    outer loop
      vertex 121.328 21.8284 0
      vertex 116.61 19.0464 0
      vertex 120.722 22.3259 0
    endloop
  endfacet
  facet normal 0 0 -1
    outer loop
      vertex 116.571 19.1506 0
      vertex 120.722 22.3259 0
      vertex 116.61 19.0464 0
    endloop
  endfacet
  facet normal -0 0 -1
    outer loop
      vertex 120.722 22.3259 0
      vertex 116.571 19.1506 0
      vertex 120.031 22.6955 0
    endloop
  endfacet
  facet normal 0 0 -1
    outer loop
      vertex 116.525 19.2519 0
      vertex 120.031 22.6955 0
      vertex 116.571 19.1506 0
    endloop
  endfacet
  facet normal -0 0 -1
    outer loop
      vertex 120.031 22.6955 0
      vertex 116.525 19.2519 0
      vertex 119.28 22.9231 0
    endloop
  endfacet
  facet normal 0 0 -1
    outer loop
      vertex 116.472 19.35 0
      vertex 119.28 22.9231 0
      vertex 116.525 19.2519 0
    endloop
  endfacet
  facet normal -0 0 -1
    outer loop
      vertex 119.28 22.9231 0
      vertex 116.472 19.35 0
      vertex 118.5 23 0
    endloop
  endfacet
  facet normal 0 0 -1
    outer loop
      vertex 116.413 19.4445 0
      vertex 118.5 23 0
      vertex 116.472 19.35 0
    endloop
  endfacet
  facet normal 0 0 -1
    outer loop
      vertex 116.349 19.5349 0
      vertex 118.5 23 0
      vertex 116.413 19.4445 0
    endloop
  endfacet
  facet normal 0 0 -1
    outer loop
      vertex 116.278 19.6209 0
      vertex 118.5 23 0
      vertex 116.349 19.5349 0
    endloop
  endfacet
  facet normal 0 0 -1
    outer loop
      vertex 116.202 19.7021 0
      vertex 118.5 23 0
      vertex 116.278 19.6209 0
    endloop
  endfacet
  facet normal 0 0 -1
    outer loop
      vertex 116.121 19.7781 0
      vertex 118.5 23 0
      vertex 116.202 19.7021 0
    endloop
  endfacet
  facet normal 0 0 -1
    outer loop
      vertex 116.035 19.8487 0
      vertex 118.5 23 0
      vertex 116.121 19.7781 0
    endloop
  endfacet
  facet normal 0 0 -1
    outer loop
      vertex 115.944 19.9135 0
      vertex 118.5 23 0
      vertex 116.035 19.8487 0
    endloop
  endfacet
  facet normal 0 0 -1
    outer loop
      vertex 115.85 19.9722 0
      vertex 118.5 23 0
      vertex 115.944 19.9135 0
    endloop
  endfacet
  facet normal 0 0 -1
    outer loop
      vertex 115.752 20.0247 0
      vertex 118.5 23 0
      vertex 115.85 19.9722 0
    endloop
  endfacet
  facet normal 0 0 -1
    outer loop
      vertex 115.651 20.0706 0
      vertex 118.5 23 0
      vertex 115.752 20.0247 0
    endloop
  endfacet
  facet normal 0 0 -1
    outer loop
      vertex 115.546 20.1098 0
      vertex 118.5 23 0
      vertex 115.651 20.0706 0
    endloop
  endfacet
  facet normal 0 0 -1
    outer loop
      vertex 115.44 20.1421 0
      vertex 118.5 23 0
      vertex 115.546 20.1098 0
    endloop
  endfacet
  facet normal 0 0 -1
    outer loop
      vertex 115.332 20.1673 0
      vertex 118.5 23 0
      vertex 115.44 20.1421 0
    endloop
  endfacet
  facet normal 0 0 -1
    outer loop
      vertex 115.222 20.1855 0
      vertex 118.5 23 0
      vertex 115.332 20.1673 0
    endloop
  endfacet
  facet normal 0 0 -1
    outer loop
      vertex 115.111 20.1964 0
      vertex 118.5 23 0
      vertex 115.222 20.1855 0
    endloop
  endfacet
  facet normal 0 0 -1
    outer loop
      vertex 115 20.2 0
      vertex 118.5 23 0
      vertex 115.111 20.1964 0
    endloop
  endfacet
  facet normal 0 0 -1
    outer loop
      vertex 114.889 20.1964 0
      vertex 118.5 23 0
      vertex 115 20.2 0
    endloop
  endfacet
  facet normal 0 0 -1
    outer loop
      vertex 114.778 20.1855 0
      vertex 118.5 23 0
      vertex 114.889 20.1964 0
    endloop
  endfacet
  facet normal 0 0 -1
    outer loop
      vertex 114.668 20.1673 0
      vertex 118.5 23 0
      vertex 114.778 20.1855 0
    endloop
  endfacet
  facet normal 0 0 -1
    outer loop
      vertex 114.56 20.1421 0
      vertex 118.5 23 0
      vertex 114.668 20.1673 0
    endloop
  endfacet
  facet normal 0 0 -1
    outer loop
      vertex 114.454 20.1098 0
      vertex 118.5 23 0
      vertex 114.56 20.1421 0
    endloop
  endfacet
  facet normal 0 0 -1
    outer loop
      vertex 114.349 20.0706 0
      vertex 118.5 23 0
      vertex 114.454 20.1098 0
    endloop
  endfacet
  facet normal 0 0 -1
    outer loop
      vertex 102 23 0
      vertex 114.349 20.0706 0
      vertex 114.248 20.0247 0
    endloop
  endfacet
  facet normal 0 0 -1
    outer loop
      vertex 102 23 0
      vertex 114.248 20.0247 0
      vertex 114.15 19.9722 0
    endloop
  endfacet
  facet normal 0 0 -1
    outer loop
      vertex 102 23 0
      vertex 114.15 19.9722 0
      vertex 114.056 19.9135 0
    endloop
  endfacet
  facet normal 0 0 -1
    outer loop
      vertex 113.304 18.3888 0
      vertex 102 23 0
      vertex 113.3 18.5 0
    endloop
  endfacet
  facet normal 0 0 -1
    outer loop
      vertex 113.3 18.5 0
      vertex 102 23 0
      vertex 113.304 18.6112 0
    endloop
  endfacet
  facet normal 0 0 -1
    outer loop
      vertex 113.304 18.6112 0
      vertex 102 23 0
      vertex 113.315 18.7219 0
    endloop
  endfacet
  facet normal 0 0 -1
    outer loop
      vertex 113.315 18.7219 0
      vertex 102 23 0
      vertex 113.333 18.8317 0
    endloop
  endfacet
  facet normal 0 0 -1
    outer loop
      vertex 114.349 20.0706 0
      vertex 102 23 0
      vertex 118.5 23 0
    endloop
  endfacet
  facet normal 0 0 -1
    outer loop
      vertex 113.965 19.8487 0
      vertex 102 23 0
      vertex 114.056 19.9135 0
    endloop
  endfacet
  facet normal 0 0 -1
    outer loop
      vertex 113.879 19.7781 0
      vertex 102 23 0
      vertex 113.965 19.8487 0
    endloop
  endfacet
  facet normal 0 0 -1
    outer loop
      vertex 113.798 19.7021 0
      vertex 102 23 0
      vertex 113.879 19.7781 0
    endloop
  endfacet
  facet normal 0 0 -1
    outer loop
      vertex 113.722 19.6209 0
      vertex 102 23 0
      vertex 113.798 19.7021 0
    endloop
  endfacet
  facet normal 0 0 -1
    outer loop
      vertex 113.651 19.5349 0
      vertex 102 23 0
      vertex 113.722 19.6209 0
    endloop
  endfacet
  facet normal 0 0 -1
    outer loop
      vertex 113.587 19.4445 0
      vertex 102 23 0
      vertex 113.651 19.5349 0
    endloop
  endfacet
  facet normal 0 0 -1
    outer loop
      vertex 113.528 19.35 0
      vertex 102 23 0
      vertex 113.587 19.4445 0
    endloop
  endfacet
  facet normal 0 0 -1
    outer loop
      vertex 113.475 19.2519 0
      vertex 102 23 0
      vertex 113.528 19.35 0
    endloop
  endfacet
  facet normal 0 0 -1
    outer loop
      vertex 113.429 19.1506 0
      vertex 102 23 0
      vertex 113.475 19.2519 0
    endloop
  endfacet
  facet normal 0 0 -1
    outer loop
      vertex 113.39 19.0464 0
      vertex 102 23 0
      vertex 113.429 19.1506 0
    endloop
  endfacet
  facet normal 0 0 -1
    outer loop
      vertex 113.358 18.94 0
      vertex 102 23 0
      vertex 113.39 19.0464 0
    endloop
  endfacet
  facet normal 0 0 -1
    outer loop
      vertex 113.333 18.8317 0
      vertex 102 23 0
      vertex 113.358 18.94 0
    endloop
  endfacet
  facet normal 0 0 -1
    outer loop
      vertex 102 -23 0
      vertex 36.7 0 0
      vertex 102 23 0
    endloop
  endfacet
  facet normal 0 0 -1
    outer loop
      vertex 102 -23 0
      vertex 36.6964 -0.111185 0
      vertex 36.7 0 0
    endloop
  endfacet
  facet normal 0 0 -1
    outer loop
      vertex 102 -23 0
      vertex 36.6855 -0.221894 0
      vertex 36.6964 -0.111185 0
    endloop
  endfacet
  facet normal 0 0 -1
    outer loop
      vertex 102 -23 0
      vertex 36.6673 -0.331653 0
      vertex 36.6855 -0.221894 0
    endloop
  endfacet
  facet normal 0 0 -1
    outer loop
      vertex 102 -23 0
      vertex 36.6421 -0.439992 0
      vertex 36.6673 -0.331653 0
    endloop
  endfacet
  facet normal 0 0 -1
    outer loop
      vertex 102 -23 0
      vertex 36.6098 -0.546447 0
      vertex 36.6421 -0.439992 0
    endloop
  endfacet
  facet normal 0 0 -1
    outer loop
      vertex 102 -23 0
      vertex 36.5706 -0.650561 0
      vertex 36.6098 -0.546447 0
    endloop
  endfacet
  facet normal 0 0 -1
    outer loop
      vertex 102 -23 0
      vertex 36.5247 -0.75189 0
      vertex 36.5706 -0.650561 0
    endloop
  endfacet
  facet normal 0 0 -1
    outer loop
      vertex 102 -23 0
      vertex 36.4722 -0.849999 0
      vertex 36.5247 -0.75189 0
    endloop
  endfacet
  facet normal 0 0 -1
    outer loop
      vertex 102 -23 0
      vertex 36.4135 -0.944468 0
      vertex 36.4722 -0.849999 0
    endloop
  endfacet
  facet normal 0 0 -1
    outer loop
      vertex 102 -23 0
      vertex 36.3487 -1.03489 0
      vertex 36.4135 -0.944468 0
    endloop
  endfacet
  facet normal 0 0 -1
    outer loop
      vertex 102 -23 0
      vertex 36.2781 -1.12089 0
      vertex 36.3487 -1.03489 0
    endloop
  endfacet
  facet normal 0 0 -1
    outer loop
      vertex 102 -23 0
      vertex 36.2021 -1.20208 0
      vertex 36.2781 -1.12089 0
    endloop
  endfacet
  facet normal 0 0 -1
    outer loop
      vertex 102 -23 0
      vertex 36.1209 -1.27813 0
      vertex 36.2021 -1.20208 0
    endloop
  endfacet
  facet normal 0 0 -1
    outer loop
      vertex 102 -23 0
      vertex 36.0349 -1.3487 0
      vertex 36.1209 -1.27813 0
    endloop
  endfacet
  facet normal 0 0 -1
    outer loop
      vertex 102 -23 0
      vertex 35.9445 -1.4135 0
      vertex 36.0349 -1.3487 0
    endloop
  endfacet
  facet normal 0 0 -1
    outer loop
      vertex 102 -23 0
      vertex 35.85 -1.47224 0
      vertex 35.9445 -1.4135 0
    endloop
  endfacet
  facet normal 0 0 -1
    outer loop
      vertex 102 -23 0
      vertex 35.7519 -1.52468 0
      vertex 35.85 -1.47224 0
    endloop
  endfacet
  facet normal 0 0 -1
    outer loop
      vertex 102 -23 0
      vertex 35.6506 -1.57059 0
      vertex 35.7519 -1.52468 0
    endloop
  endfacet
  facet normal 0 0 -1
    outer loop
      vertex 102 -23 0
      vertex 35.5464 -1.60978 0
      vertex 35.6506 -1.57059 0
    endloop
  endfacet
  facet normal 0 0 -1
    outer loop
      vertex 102 -23 0
      vertex 35.44 -1.64207 0
      vertex 35.5464 -1.60978 0
    endloop
  endfacet
  facet normal 0 0 -1
    outer loop
      vertex 102 -23 0
      vertex 35.3317 -1.66733 0
      vertex 35.44 -1.64207 0
    endloop
  endfacet
  facet normal 0 0 -1
    outer loop
      vertex 102 -23 0
      vertex 35.2219 -1.68546 0
      vertex 35.3317 -1.66733 0
    endloop
  endfacet
  facet normal 0 0 -1
    outer loop
      vertex -1.04645 -15.9657 0
      vertex 35.2219 -1.68546 0
      vertex 102 -23 0
    endloop
  endfacet
  facet normal 0 0 -1
    outer loop
      vertex 35.2219 -1.68546 0
      vertex -1.04645 -15.9657 0
      vertex 35.1112 -1.69636 0
    endloop
  endfacet
  facet normal 0 0 -1
    outer loop
      vertex 35.1112 -1.69636 0
      vertex -1.04645 -15.9657 0
      vertex 35 -1.7 0
    endloop
  endfacet
  facet normal -0 0 -1
    outer loop
      vertex 35 -1.7 0
      vertex -1.04645 -15.9657 0
      vertex 34.8888 -1.69636 0
    endloop
  endfacet
  facet normal -0 0 -1
    outer loop
      vertex 34.8888 -1.69636 0
      vertex -1.04645 -15.9657 0
      vertex 34.7781 -1.68546 0
    endloop
  endfacet
  facet normal -0 0 -1
    outer loop
      vertex 34.7781 -1.68546 0
      vertex -1.04645 -15.9657 0
      vertex 34.6683 -1.66733 0
    endloop
  endfacet
  facet normal -0 0 -1
    outer loop
      vertex 34.6683 -1.66733 0
      vertex -1.04645 -15.9657 0
      vertex 34.56 -1.64207 0
    endloop
  endfacet
  facet normal 0 0 -1
    outer loop
      vertex 33.3036 -0.111185 0
      vertex 8.65 0 0
      vertex 33.3 0 0
    endloop
  endfacet
  facet normal 0 0 -1
    outer loop
      vertex 8.64647 -0.107915 0
      vertex 33.3036 -0.111185 0
      vertex 33.3145 -0.221894 0
    endloop
  endfacet
  facet normal 0 0 -1
    outer loop
      vertex 8.63588 -0.215367 0
      vertex 33.3145 -0.221894 0
      vertex 33.3327 -0.331653 0
    endloop
  endfacet
  facet normal 0 0 -1
    outer loop
      vertex 8.6183 -0.321898 0
      vertex 33.3327 -0.331653 0
      vertex 33.3579 -0.439992 0
    endloop
  endfacet
  facet normal 0 0 -1
    outer loop
      vertex 8.59378 -0.427051 0
      vertex 33.3579 -0.439992 0
      vertex 33.3902 -0.546447 0
    endloop
  endfacet
  facet normal 0 0 -1
    outer loop
      vertex 8.56243 -0.530375 0
      vertex 33.3902 -0.546447 0
      vertex 33.4294 -0.650561 0
    endloop
  endfacet
  facet normal 0 0 -1
    outer loop
      vertex 8.5244 -0.631427 0
      vertex 33.4294 -0.650561 0
      vertex 33.4753 -0.75189 0
    endloop
  endfacet
  facet normal 0 0 -1
    outer loop
      vertex 8.47984 -0.729775 0
      vertex 33.4753 -0.75189 0
      vertex 33.5278 -0.849999 0
    endloop
  endfacet
  facet normal 0 0 -1
    outer loop
      vertex 8.42894 -0.825 0
      vertex 33.5278 -0.849999 0
      vertex 33.5865 -0.944468 0
    endloop
  endfacet
  facet normal 0 0 -1
    outer loop
      vertex 8.37192 -0.916691 0
      vertex 33.5865 -0.944468 0
      vertex 33.6513 -1.03489 0
    endloop
  endfacet
  facet normal 0 0 -1
    outer loop
      vertex 8.30903 -1.00446 0
      vertex 33.6513 -1.03489 0
      vertex 33.7219 -1.12089 0
    endloop
  endfacet
  facet normal 0 0 -1
    outer loop
      vertex 8.24053 -1.08792 0
      vertex 33.7219 -1.12089 0
      vertex 33.7979 -1.20208 0
    endloop
  endfacet
  facet normal 0 0 -1
    outer loop
      vertex 8.16673 -1.16673 0
      vertex 33.7979 -1.20208 0
      vertex 33.8791 -1.27813 0
    endloop
  endfacet
  facet normal 0 0 -1
    outer loop
      vertex 8.08792 -1.24053 0
      vertex 33.8791 -1.27813 0
      vertex 33.9651 -1.3487 0
    endloop
  endfacet
  facet normal 0 0 -1
    outer loop
      vertex 8.00446 -1.30903 0
      vertex 33.9651 -1.3487 0
      vertex 34.0555 -1.4135 0
    endloop
  endfacet
  facet normal 0 0 -1
    outer loop
      vertex -1.04645 -15.9657 0
      vertex 34.0555 -1.4135 0
      vertex 34.15 -1.47224 0
    endloop
  endfacet
  facet normal 0 0 -1
    outer loop
      vertex -1.04645 -15.9657 0
      vertex 34.15 -1.47224 0
      vertex 34.2481 -1.52468 0
    endloop
  endfacet
  facet normal 0 0 -1
    outer loop
      vertex -1.04645 -15.9657 0
      vertex 34.2481 -1.52468 0
      vertex 34.3494 -1.57059 0
    endloop
  endfacet
  facet normal 0 0 -1
    outer loop
      vertex -1.04645 -15.9657 0
      vertex 34.3494 -1.57059 0
      vertex 34.4536 -1.60978 0
    endloop
  endfacet
  facet normal -0 0 -1
    outer loop
      vertex 34.56 -1.64207 0
      vertex -1.04645 -15.9657 0
      vertex 34.4536 -1.60978 0
    endloop
  endfacet
  facet normal 0 0 -1
    outer loop
      vertex 33.3036 -0.111185 0
      vertex 8.64647 -0.107915 0
      vertex 8.65 0 0
    endloop
  endfacet
  facet normal 0 0 -1
    outer loop
      vertex 33.3145 -0.221894 0
      vertex 8.63588 -0.215367 0
      vertex 8.64647 -0.107915 0
    endloop
  endfacet
  facet normal 0 0 -1
    outer loop
      vertex 33.3327 -0.331653 0
      vertex 8.6183 -0.321898 0
      vertex 8.63588 -0.215367 0
    endloop
  endfacet
  facet normal 0 0 -1
    outer loop
      vertex 33.3579 -0.439992 0
      vertex 8.59378 -0.427051 0
      vertex 8.6183 -0.321898 0
    endloop
  endfacet
  facet normal 0 0 -1
    outer loop
      vertex 33.3902 -0.546447 0
      vertex 8.56243 -0.530375 0
      vertex 8.59378 -0.427051 0
    endloop
  endfacet
  facet normal 0 0 -1
    outer loop
      vertex 33.4294 -0.650561 0
      vertex 8.5244 -0.631427 0
      vertex 8.56243 -0.530375 0
    endloop
  endfacet
  facet normal 0 0 -1
    outer loop
      vertex 33.4753 -0.75189 0
      vertex 8.47984 -0.729775 0
      vertex 8.5244 -0.631427 0
    endloop
  endfacet
  facet normal 0 0 -1
    outer loop
      vertex 33.5278 -0.849999 0
      vertex 8.42894 -0.825 0
      vertex 8.47984 -0.729775 0
    endloop
  endfacet
  facet normal 0 0 -1
    outer loop
      vertex 33.5865 -0.944468 0
      vertex 8.37192 -0.916691 0
      vertex 8.42894 -0.825 0
    endloop
  endfacet
  facet normal 0 0 -1
    outer loop
      vertex 33.6513 -1.03489 0
      vertex 8.30903 -1.00446 0
      vertex 8.37192 -0.916691 0
    endloop
  endfacet
  facet normal 0 0 -1
    outer loop
      vertex 33.7219 -1.12089 0
      vertex 8.24053 -1.08792 0
      vertex 8.30903 -1.00446 0
    endloop
  endfacet
  facet normal -0 0 -1
    outer loop
      vertex 34.0555 -1.4135 0
      vertex -1.04645 -15.9657 0
      vertex 8.00446 -1.30903 0
    endloop
  endfacet
  facet normal 0 0 -1
    outer loop
      vertex 33.7979 -1.20208 0
      vertex 8.16673 -1.16673 0
      vertex 8.24053 -1.08792 0
    endloop
  endfacet
  facet normal 0 0 -1
    outer loop
      vertex 33.8791 -1.27813 0
      vertex 8.08792 -1.24053 0
      vertex 8.16673 -1.16673 0
    endloop
  endfacet
  facet normal 0 0 -1
    outer loop
      vertex 33.9651 -1.3487 0
      vertex 8.00446 -1.30903 0
      vertex 8.08792 -1.24053 0
    endloop
  endfacet
  facet normal 0 0 -1
    outer loop
      vertex 8.00446 -1.30903 0
      vertex -1.04645 -15.9657 0
      vertex 7.91669 -1.37192 0
    endloop
  endfacet
  facet normal 0 0 -1
    outer loop
      vertex 7.91669 -1.37192 0
      vertex -1.04645 -15.9657 0
      vertex 7.825 -1.42894 0
    endloop
  endfacet
  facet normal 0 -0 -1
    outer loop
      vertex 1.42894 -7.825 0
      vertex 7.825 -1.42894 0
      vertex -1.04645 -15.9657 0
    endloop
  endfacet
  facet normal 0 0 -1
    outer loop
      vertex 7.825 -1.42894 0
      vertex 1.42894 -7.825 0
      vertex 7.72978 -1.47984 0
    endloop
  endfacet
  facet normal 0 -0 -1
    outer loop
      vertex 1.47984 -7.72978 0
      vertex 7.72978 -1.47984 0
      vertex 1.42894 -7.825 0
    endloop
  endfacet
  facet normal 0 0 -1
    outer loop
      vertex 7.72978 -1.47984 0
      vertex 1.47984 -7.72978 0
      vertex 7.63143 -1.5244 0
    endloop
  endfacet
  facet normal 0 -0 -1
    outer loop
      vertex 1.5244 -7.63143 0
      vertex 7.63143 -1.5244 0
      vertex 1.47984 -7.72978 0
    endloop
  endfacet
  facet normal 0 0 -1
    outer loop
      vertex 7.63143 -1.5244 0
      vertex 1.5244 -7.63143 0
      vertex 7.53037 -1.56243 0
    endloop
  endfacet
  facet normal 0 -0 -1
    outer loop
      vertex 1.56243 -7.53037 0
      vertex 7.53037 -1.56243 0
      vertex 1.5244 -7.63143 0
    endloop
  endfacet
  facet normal 0 0 -1
    outer loop
      vertex 7.53037 -1.56243 0
      vertex 1.56243 -7.53037 0
      vertex 7.42705 -1.59378 0
    endloop
  endfacet
  facet normal 0 -0 -1
    outer loop
      vertex 1.59378 -7.42705 0
      vertex 7.42705 -1.59378 0
      vertex 1.56243 -7.53037 0
    endloop
  endfacet
  facet normal 0 0 -1
    outer loop
      vertex 7.42705 -1.59378 0
      vertex 1.59378 -7.42705 0
      vertex 7.3219 -1.6183 0
    endloop
  endfacet
  facet normal 0 0 -1
    outer loop
      vertex 5.35353 -0.107915 0
      vertex 3.25 0 0
      vertex 5.35 0 0
    endloop
  endfacet
  facet normal 0 0 -1
    outer loop
      vertex 3.24304 -0.21256 0
      vertex 5.35353 -0.107915 0
      vertex 5.36412 -0.215367 0
    endloop
  endfacet
  facet normal 0 0 -1
    outer loop
      vertex 3.2222 -0.42421 0
      vertex 5.36412 -0.215367 0
      vertex 5.3817 -0.321898 0
    endloop
  endfacet
  facet normal 0 0 -1
    outer loop
      vertex 3.2222 -0.42421 0
      vertex 5.3817 -0.321898 0
      vertex 5.40622 -0.427051 0
    endloop
  endfacet
  facet normal 0 0 -1
    outer loop
      vertex 3.18755 -0.634043 0
      vertex 5.40622 -0.427051 0
      vertex 5.43756 -0.530375 0
    endloop
  endfacet
  facet normal 0 0 -1
    outer loop
      vertex 3.18755 -0.634043 0
      vertex 5.43756 -0.530375 0
      vertex 5.4756 -0.631427 0
    endloop
  endfacet
  facet normal 0 0 -1
    outer loop
      vertex 3.13926 -0.841162 0
      vertex 5.4756 -0.631427 0
      vertex 5.52016 -0.729775 0
    endloop
  endfacet
  facet normal 0 0 -1
    outer loop
      vertex 3.07752 -1.04468 0
      vertex 5.52016 -0.729775 0
      vertex 5.57106 -0.825 0
    endloop
  endfacet
  facet normal 0 0 -1
    outer loop
      vertex 3.07752 -1.04468 0
      vertex 5.57106 -0.825 0
      vertex 5.62807 -0.916691 0
    endloop
  endfacet
  facet normal 0 0 -1
    outer loop
      vertex 3.00261 -1.24372 0
      vertex 5.62807 -0.916691 0
      vertex 5.69097 -1.00446 0
    endloop
  endfacet
  facet normal 0 0 -1
    outer loop
      vertex 2.91484 -1.43744 0
      vertex 5.69097 -1.00446 0
      vertex 5.75946 -1.08792 0
    endloop
  endfacet
  facet normal 0 0 -1
    outer loop
      vertex 2.91484 -1.43744 0
      vertex 5.75946 -1.08792 0
      vertex 5.83327 -1.16673 0
    endloop
  endfacet
  facet normal 0 0 -1
    outer loop
      vertex 2.81458 -1.625 0
      vertex 5.83327 -1.16673 0
      vertex 5.91208 -1.24053 0
    endloop
  endfacet
  facet normal 0 0 -1
    outer loop
      vertex 2.70228 -1.8056 0
      vertex 5.91208 -1.24053 0
      vertex 5.99554 -1.30903 0
    endloop
  endfacet
  facet normal 0 0 -1
    outer loop
      vertex 2.70228 -1.8056 0
      vertex 5.99554 -1.30903 0
      vertex 6.08331 -1.37192 0
    endloop
  endfacet
  facet normal 0 0 -1
    outer loop
      vertex 2.5784 -1.97847 0
      vertex 6.08331 -1.37192 0
      vertex 6.175 -1.42894 0
    endloop
  endfacet
  facet normal 0 0 -1
    outer loop
      vertex 2.44348 -2.14287 0
      vertex 6.175 -1.42894 0
      vertex 6.27022 -1.47984 0
    endloop
  endfacet
  facet normal -0 0 -1
    outer loop
      vertex 5.35353 -0.107915 0
      vertex 3.24304 -0.21256 0
      vertex 3.25 0 0
    endloop
  endfacet
  facet normal 0 0 -1
    outer loop
      vertex 2.2981 -2.2981 0
      vertex 6.27022 -1.47984 0
      vertex 6.36857 -1.5244 0
    endloop
  endfacet
  facet normal -0 0 -1
    outer loop
      vertex 5.36412 -0.215367 0
      vertex 3.2222 -0.42421 0
      vertex 3.24304 -0.21256 0
    endloop
  endfacet
  facet normal 0 0 -1
    outer loop
      vertex 1.6183 -6.6781 0
      vertex 6.6781 -1.6183 0
      vertex 1.63588 -6.78463 0
    endloop
  endfacet
  facet normal -0 0 -1
    outer loop
      vertex 5.40622 -0.427051 0
      vertex 3.18755 -0.634043 0
      vertex 3.2222 -0.42421 0
    endloop
  endfacet
  facet normal -0 0 -1
    outer loop
      vertex 6.78463 -1.63588 0
      vertex 1.63588 -6.78463 0
      vertex 6.6781 -1.6183 0
    endloop
  endfacet
  facet normal 0 0 -1
    outer loop
      vertex 5.4756 -0.631427 0
      vertex 3.13926 -0.841162 0
      vertex 3.18755 -0.634043 0
    endloop
  endfacet
  facet normal 0 0 -1
    outer loop
      vertex 1.63588 -6.78463 0
      vertex 6.78463 -1.63588 0
      vertex 1.64647 -6.89208 0
    endloop
  endfacet
  facet normal 0 -0 -1
    outer loop
      vertex 1.6183 -7.3219 0
      vertex 7.3219 -1.6183 0
      vertex 1.59378 -7.42705 0
    endloop
  endfacet
  facet normal 0 0 -1
    outer loop
      vertex 5.52016 -0.729775 0
      vertex 3.07752 -1.04468 0
      vertex 3.13926 -0.841162 0
    endloop
  endfacet
  facet normal 0 0 -1
    outer loop
      vertex 1.64647 -6.89208 0
      vertex 6.89208 -1.64647 0
      vertex 1.65 -7 0
    endloop
  endfacet
  facet normal 0 0 -1
    outer loop
      vertex 5.62807 -0.916691 0
      vertex 3.00261 -1.24372 0
      vertex 3.07752 -1.04468 0
    endloop
  endfacet
  facet normal -0 0 -1
    outer loop
      vertex 6.89208 -1.64647 0
      vertex 1.64647 -6.89208 0
      vertex 6.78463 -1.63588 0
    endloop
  endfacet
  facet normal 0 0 -1
    outer loop
      vertex 5.69097 -1.00446 0
      vertex 2.91484 -1.43744 0
      vertex 3.00261 -1.24372 0
    endloop
  endfacet
  facet normal -0 0 -1
    outer loop
      vertex 6.6781 -1.6183 0
      vertex 1.6183 -6.6781 0
      vertex 6.57295 -1.59378 0
    endloop
  endfacet
  facet normal 0 0 -1
    outer loop
      vertex 5.83327 -1.16673 0
      vertex 2.81458 -1.625 0
      vertex 2.91484 -1.43744 0
    endloop
  endfacet
  facet normal 0 0 -1
    outer loop
      vertex 5.91208 -1.24053 0
      vertex 2.70228 -1.8056 0
      vertex 2.81458 -1.625 0
    endloop
  endfacet
  facet normal 0 0 -1
    outer loop
      vertex 6.175 -1.42894 0
      vertex 2.44348 -2.14287 0
      vertex 2.5784 -1.97847 0
    endloop
  endfacet
  facet normal 0 0 -1
    outer loop
      vertex 6.27022 -1.47984 0
      vertex 2.2981 -2.2981 0
      vertex 2.44348 -2.14287 0
    endloop
  endfacet
  facet normal -0 0 -1
    outer loop
      vertex 6.57295 -1.59378 0
      vertex 1.59378 -6.57295 0
      vertex 6.46962 -1.56243 0
    endloop
  endfacet
  facet normal 0 0 -1
    outer loop
      vertex 1.56243 -6.46962 0
      vertex 6.46962 -1.56243 0
      vertex 1.59378 -6.57295 0
    endloop
  endfacet
  facet normal 0 0 -1
    outer loop
      vertex 1.59378 -6.57295 0
      vertex 6.57295 -1.59378 0
      vertex 1.6183 -6.6781 0
    endloop
  endfacet
  facet normal 0 0 -1
    outer loop
      vertex 6.08331 -1.37192 0
      vertex 2.5784 -1.97847 0
      vertex 2.70228 -1.8056 0
    endloop
  endfacet
  facet normal -0 0 -1
    outer loop
      vertex 7 -1.65 0
      vertex 1.65 -7 0
      vertex 6.89208 -1.64647 0
    endloop
  endfacet
  facet normal 0 -0 -1
    outer loop
      vertex 1.65 -7 0
      vertex 7 -1.65 0
      vertex 1.64647 -7.10791 0
    endloop
  endfacet
  facet normal 0 0 -1
    outer loop
      vertex 7.10791 -1.64647 0
      vertex 1.64647 -7.10791 0
      vertex 7 -1.65 0
    endloop
  endfacet
  facet normal 0 -0 -1
    outer loop
      vertex 1.64647 -7.10791 0
      vertex 7.10791 -1.64647 0
      vertex 1.63588 -7.21537 0
    endloop
  endfacet
  facet normal 0 0 -1
    outer loop
      vertex 7.3219 -1.6183 0
      vertex 1.6183 -7.3219 0
      vertex 7.21537 -1.63588 0
    endloop
  endfacet
  facet normal 0 0 -1
    outer loop
      vertex 7.21537 -1.63588 0
      vertex 1.63588 -7.21537 0
      vertex 7.10791 -1.64647 0
    endloop
  endfacet
  facet normal 0 -0 -1
    outer loop
      vertex 1.63588 -7.21537 0
      vertex 7.21537 -1.63588 0
      vertex 1.6183 -7.3219 0
    endloop
  endfacet
  facet normal 0 0 -1
    outer loop
      vertex 1.42894 -7.825 0
      vertex -1.04645 -15.9657 0
      vertex 1.37192 -7.91669 0
    endloop
  endfacet
  facet normal 0 0 -1
    outer loop
      vertex 1.37192 -7.91669 0
      vertex -1.04645 -15.9657 0
      vertex 1.30903 -8.00446 0
    endloop
  endfacet
  facet normal 0 0 -1
    outer loop
      vertex 1.30903 -8.00446 0
      vertex -1.04645 -15.9657 0
      vertex 1.24053 -8.08792 0
    endloop
  endfacet
  facet normal 0 0 -1
    outer loop
      vertex 1.24053 -8.08792 0
      vertex -1.04645 -15.9657 0
      vertex 1.16673 -8.16673 0
    endloop
  endfacet
  facet normal 0 0 -1
    outer loop
      vertex 1.16673 -8.16673 0
      vertex -1.04645 -15.9657 0
      vertex 1.08792 -8.24053 0
    endloop
  endfacet
  facet normal 0 0 -1
    outer loop
      vertex 1.08792 -8.24053 0
      vertex -1.04645 -15.9657 0
      vertex 1.00446 -8.30903 0
    endloop
  endfacet
  facet normal 0 0 -1
    outer loop
      vertex 1.00446 -8.30903 0
      vertex -1.04645 -15.9657 0
      vertex 0.916691 -8.37192 0
    endloop
  endfacet
  facet normal 0 0 -1
    outer loop
      vertex 0.916691 -8.37192 0
      vertex -1.04645 -15.9657 0
      vertex 0.825 -8.42894 0
    endloop
  endfacet
  facet normal 0 0 -1
    outer loop
      vertex 0.825 -8.42894 0
      vertex -1.04645 -15.9657 0
      vertex 0.729775 -8.47984 0
    endloop
  endfacet
  facet normal 0 0 -1
    outer loop
      vertex 0.729775 -8.47984 0
      vertex -1.04645 -15.9657 0
      vertex 0.631427 -8.5244 0
    endloop
  endfacet
  facet normal 0 0 -1
    outer loop
      vertex 0.631427 -8.5244 0
      vertex -1.04645 -15.9657 0
      vertex 0.530375 -8.56243 0
    endloop
  endfacet
  facet normal 0 0 -1
    outer loop
      vertex 0.530375 -8.56243 0
      vertex -1.04645 -15.9657 0
      vertex 0.427051 -8.59378 0
    endloop
  endfacet
  facet normal 0 0 -1
    outer loop
      vertex 0.427051 -8.59378 0
      vertex -1.04645 -15.9657 0
      vertex 0.321898 -8.6183 0
    endloop
  endfacet
  facet normal 0 0 -1
    outer loop
      vertex 0.321898 -8.6183 0
      vertex -1.04645 -15.9657 0
      vertex 0.215367 -8.63588 0
    endloop
  endfacet
  facet normal 0 0 -1
    outer loop
      vertex 0.215367 -8.63588 0
      vertex -1.04645 -15.9657 0
      vertex 0.107915 -8.64647 0
    endloop
  endfacet
  facet normal 0 0 -1
    outer loop
      vertex 0.107915 -8.64647 0
      vertex -1.04645 -15.9657 0
      vertex 0 -8.65 0
    endloop
  endfacet
  facet normal -0 0 -1
    outer loop
      vertex 0 -8.65 0
      vertex -1.04645 -15.9657 0
      vertex -0.107915 -8.64647 0
    endloop
  endfacet
  facet normal -0 0 -1
    outer loop
      vertex -0.107915 -8.64647 0
      vertex -1.04645 -15.9657 0
      vertex -0.215367 -8.63588 0
    endloop
  endfacet
  facet normal 0 0 -1
    outer loop
      vertex -1.04645 -15.9657 0
      vertex -0.321898 -8.6183 0
      vertex -0.215367 -8.63588 0
    endloop
  endfacet
  facet normal 0 0 -1
    outer loop
      vertex -1.04645 -15.9657 0
      vertex -0.427051 -8.59378 0
      vertex -0.321898 -8.6183 0
    endloop
  endfacet
  facet normal 0 0 -1
    outer loop
      vertex -2.08842 -15.8631 0
      vertex -0.427051 -8.59378 0
      vertex -1.04645 -15.9657 0
    endloop
  endfacet
  facet normal -0 0 -1
    outer loop
      vertex -0.427051 -8.59378 0
      vertex -2.08842 -15.8631 0
      vertex -0.530375 -8.56243 0
    endloop
  endfacet
  facet normal -0 0 -1
    outer loop
      vertex -0.530375 -8.56243 0
      vertex -2.08842 -15.8631 0
      vertex -0.631427 -8.5244 0
    endloop
  endfacet
  facet normal 0 0 -1
    outer loop
      vertex -3.12144 -15.6926 0
      vertex -0.631427 -8.5244 0
      vertex -2.08842 -15.8631 0
    endloop
  endfacet
  facet normal -0 0 -1
    outer loop
      vertex -0.631427 -8.5244 0
      vertex -3.12144 -15.6926 0
      vertex -0.729775 -8.47984 0
    endloop
  endfacet
  facet normal -0 0 -1
    outer loop
      vertex -0.729775 -8.47984 0
      vertex -3.12144 -15.6926 0
      vertex -0.825 -8.42894 0
    endloop
  endfacet
  facet normal 0 0 -1
    outer loop
      vertex -4.1411 -15.4548 0
      vertex -0.825 -8.42894 0
      vertex -3.12144 -15.6926 0
    endloop
  endfacet
  facet normal -0 0 -1
    outer loop
      vertex -0.825 -8.42894 0
      vertex -4.1411 -15.4548 0
      vertex -0.916691 -8.37192 0
    endloop
  endfacet
  facet normal -0 0 -1
    outer loop
      vertex -0.916691 -8.37192 0
      vertex -4.1411 -15.4548 0
      vertex -1.00446 -8.30903 0
    endloop
  endfacet
  facet normal -0 0 -1
    outer loop
      vertex -1.00446 -8.30903 0
      vertex -4.1411 -15.4548 0
      vertex -1.08792 -8.24053 0
    endloop
  endfacet
  facet normal -0 0 -1
    outer loop
      vertex -1.08792 -8.24053 0
      vertex -4.1411 -15.4548 0
      vertex -1.16673 -8.16673 0
    endloop
  endfacet
  facet normal -0 0 -1
    outer loop
      vertex -1.16673 -8.16673 0
      vertex -4.1411 -15.4548 0
      vertex -1.24053 -8.08792 0
    endloop
  endfacet
  facet normal -0 0 -1
    outer loop
      vertex -1.24053 -8.08792 0
      vertex -4.1411 -15.4548 0
      vertex -1.30903 -8.00446 0
    endloop
  endfacet
  facet normal -0 0 -1
    outer loop
      vertex -1.30903 -8.00446 0
      vertex -4.1411 -15.4548 0
      vertex -1.37192 -7.91669 0
    endloop
  endfacet
  facet normal -0 0 -1
    outer loop
      vertex -1.37192 -7.91669 0
      vertex -4.1411 -15.4548 0
      vertex -1.42894 -7.825 0
    endloop
  endfacet
  facet normal -0 0 -1
    outer loop
      vertex -1.42894 -7.825 0
      vertex -4.1411 -15.4548 0
      vertex -1.47984 -7.72978 0
    endloop
  endfacet
  facet normal -0 0 -1
    outer loop
      vertex -1.47984 -7.72978 0
      vertex -4.1411 -15.4548 0
      vertex -1.5244 -7.63143 0
    endloop
  endfacet
  facet normal -0 0 -1
    outer loop
      vertex -1.5244 -7.63143 0
      vertex -4.1411 -15.4548 0
      vertex -1.56243 -7.53037 0
    endloop
  endfacet
  facet normal -0 0 -1
    outer loop
      vertex -1.56243 -7.53037 0
      vertex -4.1411 -15.4548 0
      vertex -1.59378 -7.42705 0
    endloop
  endfacet
  facet normal 0 0 -1
    outer loop
      vertex -1.63588 -7.21537 0
      vertex -5.99554 -1.30903 0
      vertex -1.64647 -7.10791 0
    endloop
  endfacet
  facet normal 0 0 -1
    outer loop
      vertex -1.37192 -6.08331 0
      vertex -1.97847 -2.5784 0
      vertex -1.8056 -2.70228 0
    endloop
  endfacet
  facet normal -0 0 -1
    outer loop
      vertex -1.59378 -7.42705 0
      vertex -4.1411 -15.4548 0
      vertex -1.6183 -7.3219 0
    endloop
  endfacet
  facet normal 0 0 -1
    outer loop
      vertex -5.99554 -1.30903 0
      vertex -1.6183 -7.3219 0
      vertex -4.1411 -15.4548 0
    endloop
  endfacet
  facet normal 0 0 -1
    outer loop
      vertex -1.6183 -7.3219 0
      vertex -5.99554 -1.30903 0
      vertex -1.63588 -7.21537 0
    endloop
  endfacet
  facet normal 0 0 -1
    outer loop
      vertex -1.64647 -7.10791 0
      vertex -5.99554 -1.30903 0
      vertex -1.65 -7 0
    endloop
  endfacet
  facet normal 0 0 -1
    outer loop
      vertex -1.42894 -6.175 0
      vertex -2.14287 -2.44348 0
      vertex -1.97847 -2.5784 0
    endloop
  endfacet
  facet normal 0 0 -1
    outer loop
      vertex -1.47984 -6.27022 0
      vertex -2.2981 -2.2981 0
      vertex -2.14287 -2.44348 0
    endloop
  endfacet
  facet normal 0 0 -1
    outer loop
      vertex -1.5244 -6.36857 0
      vertex -5.99554 -1.30903 0
      vertex -2.2981 -2.2981 0
    endloop
  endfacet
  facet normal 0 0 -1
    outer loop
      vertex -2.2981 -2.2981 0
      vertex -5.99554 -1.30903 0
      vertex -2.44348 -2.14287 0
    endloop
  endfacet
  facet normal 0 0 -1
    outer loop
      vertex -2.44348 -2.14287 0
      vertex -5.99554 -1.30903 0
      vertex -2.5784 -1.97847 0
    endloop
  endfacet
  facet normal 0 0 -1
    outer loop
      vertex -2.5784 -1.97847 0
      vertex -5.99554 -1.30903 0
      vertex -2.70228 -1.8056 0
    endloop
  endfacet
  facet normal 0 -0 -1
    outer loop
      vertex -5.91208 -1.24053 0
      vertex -2.70228 -1.8056 0
      vertex -5.99554 -1.30903 0
    endloop
  endfacet
  facet normal 0 0 -1
    outer loop
      vertex -2.70228 -1.8056 0
      vertex -5.91208 -1.24053 0
      vertex -2.81458 -1.625 0
    endloop
  endfacet
  facet normal 0 -0 -1
    outer loop
      vertex -5.83327 -1.16673 0
      vertex -2.81458 -1.625 0
      vertex -5.91208 -1.24053 0
    endloop
  endfacet
  facet normal 0 0 -1
    outer loop
      vertex -2.81458 -1.625 0
      vertex -5.83327 -1.16673 0
      vertex -2.91484 -1.43744 0
    endloop
  endfacet
  facet normal 0 -0 -1
    outer loop
      vertex -5.75946 -1.08792 0
      vertex -2.91484 -1.43744 0
      vertex -5.83327 -1.16673 0
    endloop
  endfacet
  facet normal 0 -0 -1
    outer loop
      vertex -5.69097 -1.00446 0
      vertex -2.91484 -1.43744 0
      vertex -5.75946 -1.08792 0
    endloop
  endfacet
  facet normal 0 0 -1
    outer loop
      vertex -2.91484 -1.43744 0
      vertex -5.69097 -1.00446 0
      vertex -3.00261 -1.24372 0
    endloop
  endfacet
  facet normal 0 -0 -1
    outer loop
      vertex -5.62807 -0.916691 0
      vertex -3.00261 -1.24372 0
      vertex -5.69097 -1.00446 0
    endloop
  endfacet
  facet normal -0.995187 -0.0979934 0
    outer loop
      vertex -15.8631 -2.08842 0
      vertex -15.9657 -1.04645 5
      vertex -15.9657 -1.04645 0
    endloop
  endfacet
  facet normal -0.995187 -0.0979934 0
    outer loop
      vertex -15.9657 -1.04645 5
      vertex -15.8631 -2.08842 0
      vertex -15.8631 -2.08842 5
    endloop
  endfacet
  facet normal -0.999463 -0.0327599 0
    outer loop
      vertex -15.9657 -1.04645 0
      vertex -16 0 5
      vertex -16 0 0
    endloop
  endfacet
  facet normal -0.999463 -0.0327599 0
    outer loop
      vertex -16 0 5
      vertex -15.9657 -1.04645 0
      vertex -15.9657 -1.04645 5
    endloop
  endfacet
  facet normal -0.999463 0.0327599 0
    outer loop
      vertex -16 0 0
      vertex -15.9657 1.04645 5
      vertex -15.9657 1.04645 0
    endloop
  endfacet
  facet normal -0.999463 0.0327599 0
    outer loop
      vertex -15.9657 1.04645 5
      vertex -16 0 0
      vertex -16 0 5
    endloop
  endfacet
  facet normal 0 0 1
    outer loop
      vertex -2.91484 -1.43744 5
      vertex -5.83327 -1.16673 5
      vertex -2.81458 -1.625 5
    endloop
  endfacet
  facet normal -0 0 1
    outer loop
      vertex -5.91208 -1.24053 5
      vertex -2.81458 -1.625 5
      vertex -5.83327 -1.16673 5
    endloop
  endfacet
  facet normal 0 0 1
    outer loop
      vertex -2.81458 -1.625 5
      vertex -5.91208 -1.24053 5
      vertex -2.70228 -1.8056 5
    endloop
  endfacet
  facet normal -0 0 1
    outer loop
      vertex -5.99554 -1.30903 5
      vertex -2.70228 -1.8056 5
      vertex -5.91208 -1.24053 5
    endloop
  endfacet
  facet normal 0 0 1
    outer loop
      vertex -2.70228 -1.8056 5
      vertex -5.99554 -1.30903 5
      vertex -2.5784 -1.97847 5
    endloop
  endfacet
  facet normal -0 0 1
    outer loop
      vertex -6.08331 -1.37192 5
      vertex -2.5784 -1.97847 5
      vertex -5.99554 -1.30903 5
    endloop
  endfacet
  facet normal -0 0 1
    outer loop
      vertex -6.175 -1.42894 5
      vertex -2.5784 -1.97847 5
      vertex -6.08331 -1.37192 5
    endloop
  endfacet
  facet normal 0 0 1
    outer loop
      vertex -2.5784 -1.97847 5
      vertex -6.175 -1.42894 5
      vertex -2.44348 -2.14287 5
    endloop
  endfacet
  facet normal -0 0 1
    outer loop
      vertex -6.27022 -1.47984 5
      vertex -2.44348 -2.14287 5
      vertex -6.175 -1.42894 5
    endloop
  endfacet
  facet normal -0 0 1
    outer loop
      vertex -6.36857 -1.5244 5
      vertex -2.44348 -2.14287 5
      vertex -6.27022 -1.47984 5
    endloop
  endfacet
  facet normal 0 0 1
    outer loop
      vertex -2.44348 -2.14287 5
      vertex -6.36857 -1.5244 5
      vertex -1.56243 -6.46962 5
    endloop
  endfacet
  facet normal -0 0 1
    outer loop
      vertex -6.46962 -1.56243 5
      vertex -1.56243 -6.46962 5
      vertex -6.36857 -1.5244 5
    endloop
  endfacet
  facet normal 0 0 1
    outer loop
      vertex -1.56243 -6.46962 5
      vertex -6.46962 -1.56243 5
      vertex -1.59378 -6.57295 5
    endloop
  endfacet
  facet normal -0 0 1
    outer loop
      vertex -6.57295 -1.59378 5
      vertex -1.59378 -6.57295 5
      vertex -6.46962 -1.56243 5
    endloop
  endfacet
  facet normal 0 0 1
    outer loop
      vertex -1.59378 -6.57295 5
      vertex -6.57295 -1.59378 5
      vertex -1.6183 -6.6781 5
    endloop
  endfacet
  facet normal -0 0 1
    outer loop
      vertex -6.6781 -1.6183 5
      vertex -1.6183 -6.6781 5
      vertex -6.57295 -1.59378 5
    endloop
  endfacet
  facet normal 0 0 1
    outer loop
      vertex -1.6183 -6.6781 5
      vertex -6.6781 -1.6183 5
      vertex -1.63588 -6.78463 5
    endloop
  endfacet
  facet normal 0 0 1
    outer loop
      vertex -1.64647 -7.10791 5
      vertex -6.12293 -14.7821 5
      vertex -5.14303 -15.1509 5
    endloop
  endfacet
  facet normal -0 0 1
    outer loop
      vertex -6.78463 -1.63588 5
      vertex -1.63588 -6.78463 5
      vertex -6.6781 -1.6183 5
    endloop
  endfacet
  facet normal 0 0 1
    outer loop
      vertex -1.63588 -6.78463 5
      vertex -6.78463 -1.63588 5
      vertex -1.64647 -6.89208 5
    endloop
  endfacet
  facet normal -0 0 1
    outer loop
      vertex -6.89208 -1.64647 5
      vertex -1.64647 -6.89208 5
      vertex -6.78463 -1.63588 5
    endloop
  endfacet
  facet normal 0 0 1
    outer loop
      vertex -1.64647 -6.89208 5
      vertex -6.89208 -1.64647 5
      vertex -1.65 -7 5
    endloop
  endfacet
  facet normal -0 0 1
    outer loop
      vertex -7 -1.65 5
      vertex -1.65 -7 5
      vertex -6.89208 -1.64647 5
    endloop
  endfacet
  facet normal 0 0 1
    outer loop
      vertex -1.65 -7 5
      vertex -7 -1.65 5
      vertex -1.64647 -7.10791 5
    endloop
  endfacet
  facet normal 0 0 1
    outer loop
      vertex -7.10791 -1.64647 5
      vertex -1.64647 -7.10791 5
      vertex -7 -1.65 5
    endloop
  endfacet
  facet normal 0 0 1
    outer loop
      vertex -1.64647 -7.10791 5
      vertex -7.07662 -14.35 5
      vertex -6.12293 -14.7821 5
    endloop
  endfacet
  facet normal 0 0 1
    outer loop
      vertex -1.64647 -7.10791 5
      vertex -7.10791 -1.64647 5
      vertex -11.3137 -11.3137 5
    endloop
  endfacet
  facet normal 0 0 1
    outer loop
      vertex -12.0294 -10.5495 5
      vertex -7.10791 -1.64647 5
      vertex -7.21537 -1.63588 5
    endloop
  endfacet
  facet normal 0 0 1
    outer loop
      vertex -12.0294 -10.5495 5
      vertex -7.21537 -1.63588 5
      vertex -7.3219 -1.6183 5
    endloop
  endfacet
  facet normal 0 0 1
    outer loop
      vertex -12.6937 -9.74018 5
      vertex -7.3219 -1.6183 5
      vertex -7.42705 -1.59378 5
    endloop
  endfacet
  facet normal 0 0 1
    outer loop
      vertex -12.6937 -9.74018 5
      vertex -7.42705 -1.59378 5
      vertex -7.53037 -1.56243 5
    endloop
  endfacet
  facet normal 0 0 1
    outer loop
      vertex -13.3035 -8.88912 5
      vertex -7.53037 -1.56243 5
      vertex -7.63143 -1.5244 5
    endloop
  endfacet
  facet normal 0 0 1
    outer loop
      vertex -13.8564 -8 5
      vertex -7.63143 -1.5244 5
      vertex -7.72978 -1.47984 5
    endloop
  endfacet
  facet normal 0 0 1
    outer loop
      vertex -13.8564 -8 5
      vertex -7.72978 -1.47984 5
      vertex -7.825 -1.42894 5
    endloop
  endfacet
  facet normal 0 0 1
    outer loop
      vertex -14.35 -7.07662 5
      vertex -7.825 -1.42894 5
      vertex -7.91669 -1.37192 5
    endloop
  endfacet
  facet normal 0 0 1
    outer loop
      vertex -1.64647 -7.10791 5
      vertex -8 -13.8564 5
      vertex -7.07662 -14.35 5
    endloop
  endfacet
  facet normal 0 0 1
    outer loop
      vertex -14.35 -7.07662 5
      vertex -7.91669 -1.37192 5
      vertex -8.00446 -1.30903 5
    endloop
  endfacet
  facet normal 0 0 1
    outer loop
      vertex -14.7821 -6.12293 5
      vertex -8.00446 -1.30903 5
      vertex -8.08792 -1.24053 5
    endloop
  endfacet
  facet normal 0 0 1
    outer loop
      vertex -14.7821 -6.12293 5
      vertex -8.08792 -1.24053 5
      vertex -8.16673 -1.16673 5
    endloop
  endfacet
  facet normal 0 0 1
    outer loop
      vertex -15.1509 -5.14303 5
      vertex -8.16673 -1.16673 5
      vertex -8.24053 -1.08792 5
    endloop
  endfacet
  facet normal 0 0 1
    outer loop
      vertex -15.1509 -5.14303 5
      vertex -8.24053 -1.08792 5
      vertex -8.30903 -1.00446 5
    endloop
  endfacet
  facet normal 0 0 1
    outer loop
      vertex -15.4548 -4.1411 5
      vertex -8.30903 -1.00446 5
      vertex -8.37192 -0.916691 5
    endloop
  endfacet
  facet normal 0 0 1
    outer loop
      vertex -15.4548 -4.1411 5
      vertex -8.37192 -0.916691 5
      vertex -8.42894 -0.825 5
    endloop
  endfacet
  facet normal 0 0 1
    outer loop
      vertex -15.6926 -3.12144 5
      vertex -8.42894 -0.825 5
      vertex -8.47984 -0.729775 5
    endloop
  endfacet
  facet normal 0 0 1
    outer loop
      vertex -15.6926 -3.12144 5
      vertex -8.47984 -0.729775 5
      vertex -8.5244 -0.631427 5
    endloop
  endfacet
  facet normal 0 0 1
    outer loop
      vertex -15.8631 -2.08842 5
      vertex -8.5244 -0.631427 5
      vertex -8.56243 -0.530375 5
    endloop
  endfacet
  facet normal 0 0 1
    outer loop
      vertex -15.8631 -2.08842 5
      vertex -8.56243 -0.530375 5
      vertex -8.59378 -0.427051 5
    endloop
  endfacet
  facet normal 0 0 1
    outer loop
      vertex -15.8631 -2.08842 5
      vertex -8.59378 -0.427051 5
      vertex -8.6183 -0.321898 5
    endloop
  endfacet
  facet normal 0 0 1
    outer loop
      vertex -15.9657 -1.04645 5
      vertex -8.6183 -0.321898 5
      vertex -8.63588 -0.215367 5
    endloop
  endfacet
  facet normal 0 0 1
    outer loop
      vertex -15.9657 -1.04645 5
      vertex -8.63588 -0.215367 5
      vertex -8.64647 -0.107915 5
    endloop
  endfacet
  facet normal 0 0 1
    outer loop
      vertex -1.64647 -7.10791 5
      vertex -8.88912 -13.3035 5
      vertex -8 -13.8564 5
    endloop
  endfacet
  facet normal -0 0 1
    outer loop
      vertex -16 0 5
      vertex -8.64647 -0.107915 5
      vertex -8.65 0 5
    endloop
  endfacet
  facet normal -0 0 1
    outer loop
      vertex -15.4548 4.1411 5
      vertex -8.30903 1.00446 5
      vertex -15.1509 5.14303 5
    endloop
  endfacet
  facet normal 0 0 1
    outer loop
      vertex -8.30903 1.00446 5
      vertex -15.4548 4.1411 5
      vertex -8.37192 0.916691 5
    endloop
  endfacet
  facet normal 0 0 1
    outer loop
      vertex -1.64647 -7.10791 5
      vertex -9.74018 -12.6937 5
      vertex -8.88912 -13.3035 5
    endloop
  endfacet
  facet normal 0 0 1
    outer loop
      vertex -8.37192 0.916691 5
      vertex -15.4548 4.1411 5
      vertex -8.42894 0.825 5
    endloop
  endfacet
  facet normal 0 0 1
    outer loop
      vertex -1.64647 -7.10791 5
      vertex -10.5495 -12.0294 5
      vertex -9.74018 -12.6937 5
    endloop
  endfacet
  facet normal -0 0 1
    outer loop
      vertex -15.6926 3.12144 5
      vertex -8.42894 0.825 5
      vertex -15.4548 4.1411 5
    endloop
  endfacet
  facet normal 0 0 1
    outer loop
      vertex -1.64647 -7.10791 5
      vertex -11.3137 -11.3137 5
      vertex -10.5495 -12.0294 5
    endloop
  endfacet
  facet normal 0 0 1
    outer loop
      vertex -8.42894 0.825 5
      vertex -15.6926 3.12144 5
      vertex -8.47984 0.729775 5
    endloop
  endfacet
  facet normal 0 0 1
    outer loop
      vertex -7.10791 -1.64647 5
      vertex -12.0294 -10.5495 5
      vertex -11.3137 -11.3137 5
    endloop
  endfacet
  facet normal 0 0 1
    outer loop
      vertex -8.47984 0.729775 5
      vertex -15.6926 3.12144 5
      vertex -8.5244 0.631427 5
    endloop
  endfacet
  facet normal 0 0 1
    outer loop
      vertex -7.3219 -1.6183 5
      vertex -12.6937 -9.74018 5
      vertex -12.0294 -10.5495 5
    endloop
  endfacet
  facet normal -0 0 1
    outer loop
      vertex -15.8631 2.08842 5
      vertex -8.5244 0.631427 5
      vertex -15.6926 3.12144 5
    endloop
  endfacet
  facet normal 0 0 1
    outer loop
      vertex -7.53037 -1.56243 5
      vertex -13.3035 -8.88912 5
      vertex -12.6937 -9.74018 5
    endloop
  endfacet
  facet normal 0 0 1
    outer loop
      vertex -8.5244 0.631427 5
      vertex -15.8631 2.08842 5
      vertex -8.56243 0.530375 5
    endloop
  endfacet
  facet normal 0 0 1
    outer loop
      vertex -7.63143 -1.5244 5
      vertex -13.8564 -8 5
      vertex -13.3035 -8.88912 5
    endloop
  endfacet
  facet normal 0 0 1
    outer loop
      vertex -8.56243 0.530375 5
      vertex -15.8631 2.08842 5
      vertex -8.59378 0.427051 5
    endloop
  endfacet
  facet normal 0 0 1
    outer loop
      vertex -7.825 -1.42894 5
      vertex -14.35 -7.07662 5
      vertex -13.8564 -8 5
    endloop
  endfacet
  facet normal 0 0 1
    outer loop
      vertex -8.59378 0.427051 5
      vertex -15.8631 2.08842 5
      vertex -8.6183 0.321898 5
    endloop
  endfacet
  facet normal 0 0 1
    outer loop
      vertex -8.00446 -1.30903 5
      vertex -14.7821 -6.12293 5
      vertex -14.35 -7.07662 5
    endloop
  endfacet
  facet normal -0 0 1
    outer loop
      vertex -15.9657 1.04645 5
      vertex -8.6183 0.321898 5
      vertex -15.8631 2.08842 5
    endloop
  endfacet
  facet normal 0 0 1
    outer loop
      vertex -8.16673 -1.16673 5
      vertex -15.1509 -5.14303 5
      vertex -14.7821 -6.12293 5
    endloop
  endfacet
  facet normal 0 0 1
    outer loop
      vertex -8.6183 0.321898 5
      vertex -15.9657 1.04645 5
      vertex -8.63588 0.215367 5
    endloop
  endfacet
  facet normal 0 0 1
    outer loop
      vertex -8.30903 -1.00446 5
      vertex -15.4548 -4.1411 5
      vertex -15.1509 -5.14303 5
    endloop
  endfacet
  facet normal 0 0 1
    outer loop
      vertex -8.63588 0.215367 5
      vertex -15.9657 1.04645 5
      vertex -8.64647 0.107915 5
    endloop
  endfacet
  facet normal 0 0 1
    outer loop
      vertex -8.42894 -0.825 5
      vertex -15.6926 -3.12144 5
      vertex -15.4548 -4.1411 5
    endloop
  endfacet
  facet normal 0 0 1
    outer loop
      vertex -16 0 5
      vertex -8.64647 0.107915 5
      vertex -15.9657 1.04645 5
    endloop
  endfacet
  facet normal 0 0 1
    outer loop
      vertex -8.5244 -0.631427 5
      vertex -15.8631 -2.08842 5
      vertex -15.6926 -3.12144 5
    endloop
  endfacet
  facet normal 0 0 1
    outer loop
      vertex -8.64647 0.107915 5
      vertex -16 0 5
      vertex -8.65 0 5
    endloop
  endfacet
  facet normal 0 0 1
    outer loop
      vertex -8.6183 -0.321898 5
      vertex -15.9657 -1.04645 5
      vertex -15.8631 -2.08842 5
    endloop
  endfacet
  facet normal 0 0 1
    outer loop
      vertex -8.64647 -0.107915 5
      vertex -16 0 5
      vertex -15.9657 -1.04645 5
    endloop
  endfacet
  facet normal 0 0 1
    outer loop
      vertex 6.89208 -1.64647 5
      vertex 1.64647 -6.89208 5
      vertex 1.65 -7 5
    endloop
  endfacet
  facet normal 0 0 1
    outer loop
      vertex 1.97847 -2.5784 5
      vertex 1.63588 -6.78463 5
      vertex 1.64647 -6.89208 5
    endloop
  endfacet
  facet normal 0 0 1
    outer loop
      vertex 1.24053 -5.91208 5
      vertex 1.8056 -2.70228 5
      vertex 1.625 -2.81458 5
    endloop
  endfacet
  facet normal 0 0 1
    outer loop
      vertex 1.97847 -2.5784 5
      vertex 1.6183 -6.6781 5
      vertex 1.63588 -6.78463 5
    endloop
  endfacet
  facet normal 0 0 1
    outer loop
      vertex 1.97847 -2.5784 5
      vertex 1.59378 -6.57295 5
      vertex 1.6183 -6.6781 5
    endloop
  endfacet
  facet normal 0 0 1
    outer loop
      vertex 1.97847 -2.5784 5
      vertex 1.56243 -6.46962 5
      vertex 1.59378 -6.57295 5
    endloop
  endfacet
  facet normal 0 0 1
    outer loop
      vertex 1.97847 -2.5784 5
      vertex 1.5244 -6.36857 5
      vertex 1.56243 -6.46962 5
    endloop
  endfacet
  facet normal 0 0 1
    outer loop
      vertex 1.97847 -2.5784 5
      vertex 1.47984 -6.27022 5
      vertex 1.5244 -6.36857 5
    endloop
  endfacet
  facet normal 0 0 1
    outer loop
      vertex 1.16673 -5.83327 5
      vertex 1.625 -2.81458 5
      vertex 1.43744 -2.91484 5
    endloop
  endfacet
  facet normal 0 0 1
    outer loop
      vertex 1.97847 -2.5784 5
      vertex 1.42894 -6.175 5
      vertex 1.47984 -6.27022 5
    endloop
  endfacet
  facet normal 0 0 1
    outer loop
      vertex 1.97847 -2.5784 5
      vertex 1.37192 -6.08331 5
      vertex 1.42894 -6.175 5
    endloop
  endfacet
  facet normal 0 0 1
    outer loop
      vertex 1.8056 -2.70228 5
      vertex 1.30903 -5.99554 5
      vertex 1.37192 -6.08331 5
    endloop
  endfacet
  facet normal 0 0 1
    outer loop
      vertex 1.00446 -5.69097 5
      vertex 1.43744 -2.91484 5
      vertex 1.24372 -3.00261 5
    endloop
  endfacet
  facet normal 0 0 1
    outer loop
      vertex 1.8056 -2.70228 5
      vertex 1.24053 -5.91208 5
      vertex 1.30903 -5.99554 5
    endloop
  endfacet
  facet normal 0 0 1
    outer loop
      vertex 1.625 -2.81458 5
      vertex 1.16673 -5.83327 5
      vertex 1.24053 -5.91208 5
    endloop
  endfacet
  facet normal 0 0 1
    outer loop
      vertex 1.43744 -2.91484 5
      vertex 1.08792 -5.75946 5
      vertex 1.16673 -5.83327 5
    endloop
  endfacet
  facet normal 0 0 1
    outer loop
      vertex 0.916691 -5.62807 5
      vertex 1.24372 -3.00261 5
      vertex 1.04468 -3.07752 5
    endloop
  endfacet
  facet normal 0 0 1
    outer loop
      vertex 1.43744 -2.91484 5
      vertex 1.00446 -5.69097 5
      vertex 1.08792 -5.75946 5
    endloop
  endfacet
  facet normal 0 0 1
    outer loop
      vertex 1.24372 -3.00261 5
      vertex 0.916691 -5.62807 5
      vertex 1.00446 -5.69097 5
    endloop
  endfacet
  facet normal 0 0 1
    outer loop
      vertex 0.729775 -5.52016 5
      vertex 1.04468 -3.07752 5
      vertex 0.841162 -3.13926 5
    endloop
  endfacet
  facet normal 0 0 1
    outer loop
      vertex 1.04468 -3.07752 5
      vertex 0.825 -5.57106 5
      vertex 0.916691 -5.62807 5
    endloop
  endfacet
  facet normal 0 0 1
    outer loop
      vertex 1.04468 -3.07752 5
      vertex 0.729775 -5.52016 5
      vertex 0.825 -5.57106 5
    endloop
  endfacet
  facet normal 0 0 1
    outer loop
      vertex 0.631427 -5.4756 5
      vertex 0.841162 -3.13926 5
      vertex 0.634043 -3.18755 5
    endloop
  endfacet
  facet normal 0 0 1
    outer loop
      vertex 0.841162 -3.13926 5
      vertex 0.631427 -5.4756 5
      vertex 0.729775 -5.52016 5
    endloop
  endfacet
  facet normal 0 0 1
    outer loop
      vertex 0.634043 -3.18755 5
      vertex 0.530375 -5.43756 5
      vertex 0.631427 -5.4756 5
    endloop
  endfacet
  facet normal 0 0 1
    outer loop
      vertex 0.634043 -3.18755 5
      vertex 0.427051 -5.40622 5
      vertex 0.530375 -5.43756 5
    endloop
  endfacet
  facet normal -0 0 1
    outer loop
      vertex 0.42421 -3.2222 5
      vertex 0.427051 -5.40622 5
      vertex 0.634043 -3.18755 5
    endloop
  endfacet
  facet normal 0 0 1
    outer loop
      vertex 0.42421 -3.2222 5
      vertex 0.321898 -5.3817 5
      vertex 0.427051 -5.40622 5
    endloop
  endfacet
  facet normal 0 0 1
    outer loop
      vertex 0.42421 -3.2222 5
      vertex 0.215367 -5.36412 5
      vertex 0.321898 -5.3817 5
    endloop
  endfacet
  facet normal -0 0 1
    outer loop
      vertex 0.21256 -3.24304 5
      vertex 0.215367 -5.36412 5
      vertex 0.42421 -3.2222 5
    endloop
  endfacet
  facet normal 0 0 1
    outer loop
      vertex 0.21256 -3.24304 5
      vertex 0.107915 -5.35353 5
      vertex 0.215367 -5.36412 5
    endloop
  endfacet
  facet normal -0 0 1
    outer loop
      vertex 0 -3.25 5
      vertex 0.107915 -5.35353 5
      vertex 0.21256 -3.24304 5
    endloop
  endfacet
  facet normal 0 0 1
    outer loop
      vertex 0 -3.25 5
      vertex 0 -5.35 5
      vertex 0.107915 -5.35353 5
    endloop
  endfacet
  facet normal 0 0 1
    outer loop
      vertex 0 -3.25 5
      vertex -0.107915 -5.35353 5
      vertex 0 -5.35 5
    endloop
  endfacet
  facet normal 0 0 1
    outer loop
      vertex -0.21256 -3.24304 5
      vertex -0.107915 -5.35353 5
      vertex 0 -3.25 5
    endloop
  endfacet
  facet normal 0 0 1
    outer loop
      vertex -0.21256 -3.24304 5
      vertex -0.215367 -5.36412 5
      vertex -0.107915 -5.35353 5
    endloop
  endfacet
  facet normal 0 0 1
    outer loop
      vertex -0.42421 -3.2222 5
      vertex -0.215367 -5.36412 5
      vertex -0.21256 -3.24304 5
    endloop
  endfacet
  facet normal 0 0 1
    outer loop
      vertex -0.215367 -5.36412 5
      vertex -0.42421 -3.2222 5
      vertex -0.321898 -5.3817 5
    endloop
  endfacet
  facet normal 0 0 1
    outer loop
      vertex -0.42421 -3.2222 5
      vertex -0.427051 -5.40622 5
      vertex -0.321898 -5.3817 5
    endloop
  endfacet
  facet normal 0 0 1
    outer loop
      vertex -0.634043 -3.18755 5
      vertex -0.427051 -5.40622 5
      vertex -0.42421 -3.2222 5
    endloop
  endfacet
  facet normal 0 0 1
    outer loop
      vertex -0.427051 -5.40622 5
      vertex -0.634043 -3.18755 5
      vertex -0.530375 -5.43756 5
    endloop
  endfacet
  facet normal 0 0 1
    outer loop
      vertex -0.530375 -5.43756 5
      vertex -0.634043 -3.18755 5
      vertex -0.631427 -5.4756 5
    endloop
  endfacet
  facet normal 0 0 1
    outer loop
      vertex -0.841162 -3.13926 5
      vertex -0.631427 -5.4756 5
      vertex -0.634043 -3.18755 5
    endloop
  endfacet
  facet normal 0 0 1
    outer loop
      vertex -0.631427 -5.4756 5
      vertex -0.841162 -3.13926 5
      vertex -0.729775 -5.52016 5
    endloop
  endfacet
  facet normal 0 0 1
    outer loop
      vertex -1.04468 -3.07752 5
      vertex -0.729775 -5.52016 5
      vertex -0.841162 -3.13926 5
    endloop
  endfacet
  facet normal 0 0 1
    outer loop
      vertex -0.729775 -5.52016 5
      vertex -1.04468 -3.07752 5
      vertex -0.825 -5.57106 5
    endloop
  endfacet
  facet normal 0 0 1
    outer loop
      vertex -0.825 -5.57106 5
      vertex -1.04468 -3.07752 5
      vertex -0.916691 -5.62807 5
    endloop
  endfacet
  facet normal 0 0 1
    outer loop
      vertex -1.24372 -3.00261 5
      vertex -0.916691 -5.62807 5
      vertex -1.04468 -3.07752 5
    endloop
  endfacet
  facet normal 0 0 1
    outer loop
      vertex -0.916691 -5.62807 5
      vertex -1.24372 -3.00261 5
      vertex -1.00446 -5.69097 5
    endloop
  endfacet
  facet normal 0 0 1
    outer loop
      vertex -1.43744 -2.91484 5
      vertex -1.00446 -5.69097 5
      vertex -1.24372 -3.00261 5
    endloop
  endfacet
  facet normal 0 0 1
    outer loop
      vertex -1.00446 -5.69097 5
      vertex -1.43744 -2.91484 5
      vertex -1.08792 -5.75946 5
    endloop
  endfacet
  facet normal 0 0 1
    outer loop
      vertex -1.08792 -5.75946 5
      vertex -1.43744 -2.91484 5
      vertex -1.16673 -5.83327 5
    endloop
  endfacet
  facet normal 0 0 1
    outer loop
      vertex -1.625 -2.81458 5
      vertex -1.16673 -5.83327 5
      vertex -1.43744 -2.91484 5
    endloop
  endfacet
  facet normal 0 0 1
    outer loop
      vertex -1.16673 -5.83327 5
      vertex -1.625 -2.81458 5
      vertex -1.24053 -5.91208 5
    endloop
  endfacet
  facet normal 0 0 1
    outer loop
      vertex -1.8056 -2.70228 5
      vertex -1.24053 -5.91208 5
      vertex -1.625 -2.81458 5
    endloop
  endfacet
  facet normal 0 0 1
    outer loop
      vertex -1.24053 -5.91208 5
      vertex -1.8056 -2.70228 5
      vertex -1.30903 -5.99554 5
    endloop
  endfacet
  facet normal 0 0 1
    outer loop
      vertex -1.30903 -5.99554 5
      vertex -1.8056 -2.70228 5
      vertex -1.37192 -6.08331 5
    endloop
  endfacet
  facet normal 0 0 1
    outer loop
      vertex -1.97847 -2.5784 5
      vertex -1.37192 -6.08331 5
      vertex -1.8056 -2.70228 5
    endloop
  endfacet
  facet normal 0 0 1
    outer loop
      vertex -1.37192 -6.08331 5
      vertex -1.97847 -2.5784 5
      vertex -1.42894 -6.175 5
    endloop
  endfacet
  facet normal 0 0 1
    outer loop
      vertex -2.14287 -2.44348 5
      vertex -1.42894 -6.175 5
      vertex -1.97847 -2.5784 5
    endloop
  endfacet
  facet normal 0 0 1
    outer loop
      vertex -1.42894 -6.175 5
      vertex -2.14287 -2.44348 5
      vertex -1.47984 -6.27022 5
    endloop
  endfacet
  facet normal 0 0 1
    outer loop
      vertex -2.2981 -2.2981 5
      vertex -1.47984 -6.27022 5
      vertex -2.14287 -2.44348 5
    endloop
  endfacet
  facet normal 0 0 1
    outer loop
      vertex -1.47984 -6.27022 5
      vertex -2.2981 -2.2981 5
      vertex -1.5244 -6.36857 5
    endloop
  endfacet
  facet normal 0 0 1
    outer loop
      vertex -1.5244 -6.36857 5
      vertex -2.2981 -2.2981 5
      vertex -1.56243 -6.46962 5
    endloop
  endfacet
  facet normal 0 0 1
    outer loop
      vertex -2.44348 -2.14287 5
      vertex -1.56243 -6.46962 5
      vertex -2.2981 -2.2981 5
    endloop
  endfacet
  facet normal 0 0 1
    outer loop
      vertex -3.00261 -1.24372 5
      vertex -5.69097 -1.00446 5
      vertex -2.91484 -1.43744 5
    endloop
  endfacet
  facet normal -0 0 1
    outer loop
      vertex -1.04645 15.9657 5
      vertex 28 15.543 5
      vertex 28 17.9485 5
    endloop
  endfacet
  facet normal 0 -0 1
    outer loop
      vertex 8.65 0 5
      vertex 28 15.543 5
      vertex 8.64647 0.107915 5
    endloop
  endfacet
  facet normal -0 0 1
    outer loop
      vertex 8.64647 -0.107915 5
      vertex 28 -15.543 5
      vertex 8.65 0 5
    endloop
  endfacet
  facet normal 0 0 1
    outer loop
      vertex 28 15.543 5
      vertex 8.65 0 5
      vertex 28 -15.543 5
    endloop
  endfacet
  facet normal 0 0 1
    outer loop
      vertex 28 15.543 5
      vertex 8.63588 0.215367 5
      vertex 8.64647 0.107915 5
    endloop
  endfacet
  facet normal 0 0 1
    outer loop
      vertex 28 15.543 5
      vertex 8.6183 0.321898 5
      vertex 8.63588 0.215367 5
    endloop
  endfacet
  facet normal 0 0 1
    outer loop
      vertex 28 15.543 5
      vertex 8.59378 0.427051 5
      vertex 8.6183 0.321898 5
    endloop
  endfacet
  facet normal 0 0 1
    outer loop
      vertex 28 15.543 5
      vertex 8.56243 0.530375 5
      vertex 8.59378 0.427051 5
    endloop
  endfacet
  facet normal 0 0 1
    outer loop
      vertex 28 15.543 5
      vertex 8.5244 0.631427 5
      vertex 8.56243 0.530375 5
    endloop
  endfacet
  facet normal 0 0 1
    outer loop
      vertex 28 15.543 5
      vertex 8.47984 0.729775 5
      vertex 8.5244 0.631427 5
    endloop
  endfacet
  facet normal 0 0 1
    outer loop
      vertex 28 15.543 5
      vertex 8.42894 0.825 5
      vertex 8.47984 0.729775 5
    endloop
  endfacet
  facet normal 0 0 1
    outer loop
      vertex 28 15.543 5
      vertex 8.37192 0.916691 5
      vertex 8.42894 0.825 5
    endloop
  endfacet
  facet normal 0 0 1
    outer loop
      vertex 28 15.543 5
      vertex 8.30903 1.00446 5
      vertex 8.37192 0.916691 5
    endloop
  endfacet
  facet normal 0 0 1
    outer loop
      vertex 28 15.543 5
      vertex 8.24053 1.08792 5
      vertex 8.30903 1.00446 5
    endloop
  endfacet
  facet normal 0 0 1
    outer loop
      vertex 28 15.543 5
      vertex 8.16673 1.16673 5
      vertex 8.24053 1.08792 5
    endloop
  endfacet
  facet normal 0 0 1
    outer loop
      vertex 28 15.543 5
      vertex 8.08792 1.24053 5
      vertex 8.16673 1.16673 5
    endloop
  endfacet
  facet normal 0 0 1
    outer loop
      vertex 28 15.543 5
      vertex 8.00446 1.30903 5
      vertex 8.08792 1.24053 5
    endloop
  endfacet
  facet normal 0 0 1
    outer loop
      vertex 28 15.543 5
      vertex 7.91669 1.37192 5
      vertex 8.00446 1.30903 5
    endloop
  endfacet
  facet normal 0 0 1
    outer loop
      vertex 28 15.543 5
      vertex 7.825 1.42894 5
      vertex 7.91669 1.37192 5
    endloop
  endfacet
  facet normal 0 0 1
    outer loop
      vertex 28 15.543 5
      vertex 7.72978 1.47984 5
      vertex 7.825 1.42894 5
    endloop
  endfacet
  facet normal 0 0 1
    outer loop
      vertex 28 15.543 5
      vertex 1.47984 7.72978 5
      vertex 7.72978 1.47984 5
    endloop
  endfacet
  facet normal 0 0 1
    outer loop
      vertex 7.72978 1.47984 5
      vertex 1.47984 7.72978 5
      vertex 7.63143 1.5244 5
    endloop
  endfacet
  facet normal -0 -0 1
    outer loop
      vertex 1.5244 7.63143 5
      vertex 7.63143 1.5244 5
      vertex 1.47984 7.72978 5
    endloop
  endfacet
  facet normal 0 0 1
    outer loop
      vertex 7.63143 1.5244 5
      vertex 1.5244 7.63143 5
      vertex 7.53037 1.56243 5
    endloop
  endfacet
  facet normal -0 -0 1
    outer loop
      vertex 1.56243 7.53037 5
      vertex 7.53037 1.56243 5
      vertex 1.5244 7.63143 5
    endloop
  endfacet
  facet normal 0 0 1
    outer loop
      vertex 7.53037 1.56243 5
      vertex 1.56243 7.53037 5
      vertex 7.42705 1.59378 5
    endloop
  endfacet
  facet normal -0 -0 1
    outer loop
      vertex 1.59378 7.42705 5
      vertex 7.42705 1.59378 5
      vertex 1.56243 7.53037 5
    endloop
  endfacet
  facet normal 0 0 1
    outer loop
      vertex 7.42705 1.59378 5
      vertex 1.59378 7.42705 5
      vertex 7.3219 1.6183 5
    endloop
  endfacet
  facet normal -0 -0 1
    outer loop
      vertex 1.6183 7.3219 5
      vertex 7.3219 1.6183 5
      vertex 1.59378 7.42705 5
    endloop
  endfacet
  facet normal -0 -0 1
    outer loop
      vertex 1.63588 7.21537 5
      vertex 7.21537 1.63588 5
      vertex 1.6183 7.3219 5
    endloop
  endfacet
  facet normal 0 0 1
    outer loop
      vertex 7.21537 1.63588 5
      vertex 1.63588 7.21537 5
      vertex 7.10791 1.64647 5
    endloop
  endfacet
  facet normal -0 -0 1
    outer loop
      vertex 1.64647 7.10791 5
      vertex 7.10791 1.64647 5
      vertex 1.63588 7.21537 5
    endloop
  endfacet
  facet normal 0 0 1
    outer loop
      vertex 7.10791 1.64647 5
      vertex 1.64647 7.10791 5
      vertex 7 1.65 5
    endloop
  endfacet
  facet normal -0 -0 1
    outer loop
      vertex 1.65 7 5
      vertex 7 1.65 5
      vertex 1.64647 7.10791 5
    endloop
  endfacet
  facet normal 0 0 1
    outer loop
      vertex 7 1.65 5
      vertex 1.65 7 5
      vertex 6.89208 1.64647 5
    endloop
  endfacet
  facet normal -0 0 1
    outer loop
      vertex 1.64647 6.89208 5
      vertex 6.89208 1.64647 5
      vertex 1.65 7 5
    endloop
  endfacet
  facet normal -0 0 1
    outer loop
      vertex 1.63588 6.78463 5
      vertex 6.78463 1.63588 5
      vertex 1.64647 6.89208 5
    endloop
  endfacet
  facet normal 0 0 1
    outer loop
      vertex 5.35353 0.107915 5
      vertex 3.25 0 5
      vertex 5.35 0 5
    endloop
  endfacet
  facet normal -0 0 1
    outer loop
      vertex 3.24304 0.21256 5
      vertex 5.35353 0.107915 5
      vertex 5.36412 0.215367 5
    endloop
  endfacet
  facet normal 0 0 1
    outer loop
      vertex 3.2222 0.42421 5
      vertex 5.36412 0.215367 5
      vertex 5.3817 0.321898 5
    endloop
  endfacet
  facet normal -0 0 1
    outer loop
      vertex 3.2222 0.42421 5
      vertex 5.3817 0.321898 5
      vertex 5.40622 0.427051 5
    endloop
  endfacet
  facet normal 0 0 1
    outer loop
      vertex 3.18755 0.634043 5
      vertex 5.40622 0.427051 5
      vertex 5.43756 0.530375 5
    endloop
  endfacet
  facet normal 0 0 1
    outer loop
      vertex 3.18755 0.634043 5
      vertex 5.43756 0.530375 5
      vertex 5.4756 0.631427 5
    endloop
  endfacet
  facet normal 0 0 1
    outer loop
      vertex 3.13926 0.841162 5
      vertex 5.4756 0.631427 5
      vertex 5.52016 0.729775 5
    endloop
  endfacet
  facet normal 0 0 1
    outer loop
      vertex 3.07752 1.04468 5
      vertex 5.52016 0.729775 5
      vertex 5.57106 0.825 5
    endloop
  endfacet
  facet normal 0 0 1
    outer loop
      vertex 3.07752 1.04468 5
      vertex 5.57106 0.825 5
      vertex 5.62807 0.916691 5
    endloop
  endfacet
  facet normal 0 0 1
    outer loop
      vertex 3.00261 1.24372 5
      vertex 5.62807 0.916691 5
      vertex 5.69097 1.00446 5
    endloop
  endfacet
  facet normal 0 0 1
    outer loop
      vertex 2.91484 1.43744 5
      vertex 5.69097 1.00446 5
      vertex 5.75946 1.08792 5
    endloop
  endfacet
  facet normal 0 0 1
    outer loop
      vertex 2.91484 1.43744 5
      vertex 5.75946 1.08792 5
      vertex 5.83327 1.16673 5
    endloop
  endfacet
  facet normal 0 0 1
    outer loop
      vertex 2.81458 1.625 5
      vertex 5.83327 1.16673 5
      vertex 5.91208 1.24053 5
    endloop
  endfacet
  facet normal 0 0 1
    outer loop
      vertex 2.70228 1.8056 5
      vertex 5.91208 1.24053 5
      vertex 5.99554 1.30903 5
    endloop
  endfacet
  facet normal 0 0 1
    outer loop
      vertex 6.78463 1.63588 5
      vertex 1.63588 6.78463 5
      vertex 6.6781 1.6183 5
    endloop
  endfacet
  facet normal 0 0 1
    outer loop
      vertex 5.35353 0.107915 5
      vertex 3.24304 0.21256 5
      vertex 3.25 0 5
    endloop
  endfacet
  facet normal 0 0 1
    outer loop
      vertex 5.36412 0.215367 5
      vertex 3.2222 0.42421 5
      vertex 3.24304 0.21256 5
    endloop
  endfacet
  facet normal 0 0 1
    outer loop
      vertex 5.40622 0.427051 5
      vertex 3.18755 0.634043 5
      vertex 3.2222 0.42421 5
    endloop
  endfacet
  facet normal 0 0 1
    outer loop
      vertex 5.4756 0.631427 5
      vertex 3.13926 0.841162 5
      vertex 3.18755 0.634043 5
    endloop
  endfacet
  facet normal 0 0 1
    outer loop
      vertex 5.52016 0.729775 5
      vertex 3.07752 1.04468 5
      vertex 3.13926 0.841162 5
    endloop
  endfacet
  facet normal 0 0 1
    outer loop
      vertex 5.62807 0.916691 5
      vertex 3.00261 1.24372 5
      vertex 3.07752 1.04468 5
    endloop
  endfacet
  facet normal 0 0 1
    outer loop
      vertex 5.69097 1.00446 5
      vertex 2.91484 1.43744 5
      vertex 3.00261 1.24372 5
    endloop
  endfacet
  facet normal 0 0 1
    outer loop
      vertex 6.46962 1.56243 5
      vertex 1.56243 6.46962 5
      vertex 6.36857 1.5244 5
    endloop
  endfacet
  facet normal -0 0 1
    outer loop
      vertex 1.5244 6.36857 5
      vertex 6.36857 1.5244 5
      vertex 1.56243 6.46962 5
    endloop
  endfacet
  facet normal 0 0 1
    outer loop
      vertex 5.83327 1.16673 5
      vertex 2.81458 1.625 5
      vertex 2.91484 1.43744 5
    endloop
  endfacet
  facet normal -0 -0 1
    outer loop
      vertex 2.2981 2.2981 5
      vertex 6.36857 1.5244 5
      vertex 1.5244 6.36857 5
    endloop
  endfacet
  facet normal 0 0 1
    outer loop
      vertex 5.91208 1.24053 5
      vertex 2.70228 1.8056 5
      vertex 2.81458 1.625 5
    endloop
  endfacet
  facet normal 0 0 1
    outer loop
      vertex 6.36857 1.5244 5
      vertex 2.2981 2.2981 5
      vertex 6.27022 1.47984 5
    endloop
  endfacet
  facet normal -0 -0 1
    outer loop
      vertex 2.44348 2.14287 5
      vertex 6.27022 1.47984 5
      vertex 2.2981 2.2981 5
    endloop
  endfacet
  facet normal 0 0 1
    outer loop
      vertex 6.08331 1.37192 5
      vertex 2.5784 1.97847 5
      vertex 5.99554 1.30903 5
    endloop
  endfacet
  facet normal 0 0 1
    outer loop
      vertex 5.99554 1.30903 5
      vertex 2.5784 1.97847 5
      vertex 2.70228 1.8056 5
    endloop
  endfacet
  facet normal -0 0 1
    outer loop
      vertex 1.56243 6.46962 5
      vertex 6.46962 1.56243 5
      vertex 1.59378 6.57295 5
    endloop
  endfacet
  facet normal 0 0 1
    outer loop
      vertex 6.57295 1.59378 5
      vertex 1.59378 6.57295 5
      vertex 6.46962 1.56243 5
    endloop
  endfacet
  facet normal -0 0 1
    outer loop
      vertex 1.59378 6.57295 5
      vertex 6.57295 1.59378 5
      vertex 1.6183 6.6781 5
    endloop
  endfacet
  facet normal 0 0 1
    outer loop
      vertex 6.6781 1.6183 5
      vertex 1.6183 6.6781 5
      vertex 6.57295 1.59378 5
    endloop
  endfacet
  facet normal -0 0 1
    outer loop
      vertex 1.6183 6.6781 5
      vertex 6.6781 1.6183 5
      vertex 1.63588 6.78463 5
    endloop
  endfacet
  facet normal 0 0 1
    outer loop
      vertex 6.89208 1.64647 5
      vertex 1.64647 6.89208 5
      vertex 6.78463 1.63588 5
    endloop
  endfacet
  facet normal 0 0 1
    outer loop
      vertex 7.3219 1.6183 5
      vertex 1.6183 7.3219 5
      vertex 7.21537 1.63588 5
    endloop
  endfacet
  facet normal 0 0 1
    outer loop
      vertex 28 15.543 5
      vertex 1.42894 7.825 5
      vertex 1.47984 7.72978 5
    endloop
  endfacet
  facet normal 0 0 1
    outer loop
      vertex 28 15.543 5
      vertex 1.37192 7.91669 5
      vertex 1.42894 7.825 5
    endloop
  endfacet
  facet normal 0 0 1
    outer loop
      vertex 28 15.543 5
      vertex -1.04645 15.9657 5
      vertex 1.37192 7.91669 5
    endloop
  endfacet
  facet normal 0 0 1
    outer loop
      vertex 1.37192 7.91669 5
      vertex -1.04645 15.9657 5
      vertex 1.30903 8.00446 5
    endloop
  endfacet
  facet normal 0 0 1
    outer loop
      vertex 1.30903 8.00446 5
      vertex -1.04645 15.9657 5
      vertex 1.24053 8.08792 5
    endloop
  endfacet
  facet normal 0 0 1
    outer loop
      vertex 1.24053 8.08792 5
      vertex -1.04645 15.9657 5
      vertex 1.16673 8.16673 5
    endloop
  endfacet
  facet normal 0 0 1
    outer loop
      vertex 1.16673 8.16673 5
      vertex -1.04645 15.9657 5
      vertex 1.08792 8.24053 5
    endloop
  endfacet
  facet normal 0 0 1
    outer loop
      vertex 1.08792 8.24053 5
      vertex -1.04645 15.9657 5
      vertex 1.00446 8.30903 5
    endloop
  endfacet
  facet normal 0 0 1
    outer loop
      vertex 1.00446 8.30903 5
      vertex -1.04645 15.9657 5
      vertex 0.916691 8.37192 5
    endloop
  endfacet
  facet normal 0 0 1
    outer loop
      vertex 0.916691 8.37192 5
      vertex -1.04645 15.9657 5
      vertex 0.825 8.42894 5
    endloop
  endfacet
  facet normal 0 0 1
    outer loop
      vertex 0.825 8.42894 5
      vertex -1.04645 15.9657 5
      vertex 0.729775 8.47984 5
    endloop
  endfacet
  facet normal 0 0 1
    outer loop
      vertex 0.729775 8.47984 5
      vertex -1.04645 15.9657 5
      vertex 0.631427 8.5244 5
    endloop
  endfacet
  facet normal 0 0 1
    outer loop
      vertex 0.631427 8.5244 5
      vertex -1.04645 15.9657 5
      vertex 0.530375 8.56243 5
    endloop
  endfacet
  facet normal 0 0 1
    outer loop
      vertex 0.530375 8.56243 5
      vertex -1.04645 15.9657 5
      vertex 0.427051 8.59378 5
    endloop
  endfacet
  facet normal 0 0 1
    outer loop
      vertex 0.427051 8.59378 5
      vertex -1.04645 15.9657 5
      vertex 0.321898 8.6183 5
    endloop
  endfacet
  facet normal 0 0 1
    outer loop
      vertex 0.321898 8.6183 5
      vertex -1.04645 15.9657 5
      vertex 0.215367 8.63588 5
    endloop
  endfacet
  facet normal 0 0 1
    outer loop
      vertex 0.215367 8.63588 5
      vertex -1.04645 15.9657 5
      vertex 0.107915 8.64647 5
    endloop
  endfacet
  facet normal 0 0 1
    outer loop
      vertex 0.107915 8.64647 5
      vertex -1.04645 15.9657 5
      vertex 0 8.65 5
    endloop
  endfacet
  facet normal 0 0 1
    outer loop
      vertex 0 8.65 5
      vertex -1.04645 15.9657 5
      vertex -0.107915 8.64647 5
    endloop
  endfacet
  facet normal 0 0 1
    outer loop
      vertex -0.107915 8.64647 5
      vertex -1.04645 15.9657 5
      vertex -0.215367 8.63588 5
    endloop
  endfacet
  facet normal 0 0 1
    outer loop
      vertex -0.215367 8.63588 5
      vertex -1.04645 15.9657 5
      vertex -0.321898 8.6183 5
    endloop
  endfacet
  facet normal 0 0 1
    outer loop
      vertex -0.321898 8.6183 5
      vertex -1.04645 15.9657 5
      vertex -0.427051 8.59378 5
    endloop
  endfacet
  facet normal 0 0 1
    outer loop
      vertex -1.04645 15.9657 5
      vertex 28 17.9485 5
      vertex 102 23 5
    endloop
  endfacet
  facet normal -0 0 1
    outer loop
      vertex -2.08842 15.8631 5
      vertex -0.427051 8.59378 5
      vertex -1.04645 15.9657 5
    endloop
  endfacet
  facet normal 0 0 1
    outer loop
      vertex -0.427051 8.59378 5
      vertex -2.08842 15.8631 5
      vertex -0.530375 8.56243 5
    endloop
  endfacet
  facet normal 0 0 1
    outer loop
      vertex -0.530375 8.56243 5
      vertex -2.08842 15.8631 5
      vertex -0.631427 8.5244 5
    endloop
  endfacet
  facet normal -0 0 1
    outer loop
      vertex -3.12144 15.6926 5
      vertex -0.631427 8.5244 5
      vertex -2.08842 15.8631 5
    endloop
  endfacet
  facet normal 0 0 1
    outer loop
      vertex -0.631427 8.5244 5
      vertex -3.12144 15.6926 5
      vertex -0.729775 8.47984 5
    endloop
  endfacet
  facet normal 0 0 1
    outer loop
      vertex -0.729775 8.47984 5
      vertex -3.12144 15.6926 5
      vertex -0.825 8.42894 5
    endloop
  endfacet
  facet normal -0 0 1
    outer loop
      vertex -4.1411 15.4548 5
      vertex -0.825 8.42894 5
      vertex -3.12144 15.6926 5
    endloop
  endfacet
  facet normal 0 0 1
    outer loop
      vertex -0.825 8.42894 5
      vertex -4.1411 15.4548 5
      vertex -0.916691 8.37192 5
    endloop
  endfacet
  facet normal 0 0 1
    outer loop
      vertex -0.916691 8.37192 5
      vertex -4.1411 15.4548 5
      vertex -1.00446 8.30903 5
    endloop
  endfacet
  facet normal -0 0 1
    outer loop
      vertex -5.14303 15.1509 5
      vertex -1.00446 8.30903 5
      vertex -4.1411 15.4548 5
    endloop
  endfacet
  facet normal 0 0 1
    outer loop
      vertex -1.00446 8.30903 5
      vertex -5.14303 15.1509 5
      vertex -1.08792 8.24053 5
    endloop
  endfacet
  facet normal 0 0 1
    outer loop
      vertex -1.08792 8.24053 5
      vertex -5.14303 15.1509 5
      vertex -1.16673 8.16673 5
    endloop
  endfacet
  facet normal -0 0 1
    outer loop
      vertex -6.12293 14.7821 5
      vertex -1.16673 8.16673 5
      vertex -5.14303 15.1509 5
    endloop
  endfacet
  facet normal 0 0 1
    outer loop
      vertex -1.16673 8.16673 5
      vertex -6.12293 14.7821 5
      vertex -1.24053 8.08792 5
    endloop
  endfacet
  facet normal 0 0 1
    outer loop
      vertex -1.24053 8.08792 5
      vertex -6.12293 14.7821 5
      vertex -1.30903 8.00446 5
    endloop
  endfacet
  facet normal -0 0 1
    outer loop
      vertex -7.07662 14.35 5
      vertex -1.30903 8.00446 5
      vertex -6.12293 14.7821 5
    endloop
  endfacet
  facet normal 0 0 1
    outer loop
      vertex -1.30903 8.00446 5
      vertex -7.07662 14.35 5
      vertex -1.37192 7.91669 5
    endloop
  endfacet
  facet normal 0 0 1
    outer loop
      vertex -1.37192 7.91669 5
      vertex -7.07662 14.35 5
      vertex -1.42894 7.825 5
    endloop
  endfacet
  facet normal -0 0 1
    outer loop
      vertex -8 13.8564 5
      vertex -1.42894 7.825 5
      vertex -7.07662 14.35 5
    endloop
  endfacet
  facet normal 0 0 1
    outer loop
      vertex -7 1.65 5
      vertex -1.65 7 5
      vertex -1.64647 7.10791 5
    endloop
  endfacet
  facet normal 0 0 1
    outer loop
      vertex -1.65 7 5
      vertex -1.97847 2.5784 5
      vertex -1.8056 2.70228 5
    endloop
  endfacet
  facet normal 0 0 1
    outer loop
      vertex -1.42894 7.825 5
      vertex -8 13.8564 5
      vertex -1.47984 7.72978 5
    endloop
  endfacet
  facet normal 0 0 1
    outer loop
      vertex -1.47984 7.72978 5
      vertex -8 13.8564 5
      vertex -1.5244 7.63143 5
    endloop
  endfacet
  facet normal -0 0 1
    outer loop
      vertex -8.88912 13.3035 5
      vertex -1.5244 7.63143 5
      vertex -8 13.8564 5
    endloop
  endfacet
  facet normal 0 0 1
    outer loop
      vertex -1.5244 7.63143 5
      vertex -8.88912 13.3035 5
      vertex -1.56243 7.53037 5
    endloop
  endfacet
  facet normal 0 0 1
    outer loop
      vertex -1.56243 7.53037 5
      vertex -8.88912 13.3035 5
      vertex -1.59378 7.42705 5
    endloop
  endfacet
  facet normal -0 0 1
    outer loop
      vertex -9.74018 12.6937 5
      vertex -1.59378 7.42705 5
      vertex -8.88912 13.3035 5
    endloop
  endfacet
  facet normal 0 0 1
    outer loop
      vertex -1.59378 7.42705 5
      vertex -9.74018 12.6937 5
      vertex -1.6183 7.3219 5
    endloop
  endfacet
  facet normal -0 0 1
    outer loop
      vertex -10.5495 12.0294 5
      vertex -1.6183 7.3219 5
      vertex -9.74018 12.6937 5
    endloop
  endfacet
  facet normal 0 0 1
    outer loop
      vertex -1.6183 7.3219 5
      vertex -10.5495 12.0294 5
      vertex -1.63588 7.21537 5
    endloop
  endfacet
  facet normal 0 0 1
    outer loop
      vertex -1.65 7 5
      vertex -6.6781 1.6183 5
      vertex -6.57295 1.59378 5
    endloop
  endfacet
  facet normal 0 0 1
    outer loop
      vertex -1.65 7 5
      vertex -6.57295 1.59378 5
      vertex -6.46962 1.56243 5
    endloop
  endfacet
  facet normal 0 0 1
    outer loop
      vertex -1.65 7 5
      vertex -2.14287 2.44348 5
      vertex -1.97847 2.5784 5
    endloop
  endfacet
  facet normal 0 0 1
    outer loop
      vertex -1.65 7 5
      vertex -6.46962 1.56243 5
      vertex -6.36857 1.5244 5
    endloop
  endfacet
  facet normal 0 -0 1
    outer loop
      vertex -6.27022 1.47984 5
      vertex -2.2981 2.2981 5
      vertex -6.36857 1.5244 5
    endloop
  endfacet
  facet normal 0 0 1
    outer loop
      vertex -2.2981 2.2981 5
      vertex -6.27022 1.47984 5
      vertex -2.44348 2.14287 5
    endloop
  endfacet
  facet normal 0 -0 1
    outer loop
      vertex -5.99554 1.30903 5
      vertex -2.70228 1.8056 5
      vertex -6.08331 1.37192 5
    endloop
  endfacet
  facet normal 0 0 1
    outer loop
      vertex -2.91484 1.43744 5
      vertex -5.69097 1.00446 5
      vertex -3.00261 1.24372 5
    endloop
  endfacet
  facet normal 0 -0 1
    outer loop
      vertex -5.75946 1.08792 5
      vertex -2.91484 1.43744 5
      vertex -5.83327 1.16673 5
    endloop
  endfacet
  facet normal -0 0 1
    outer loop
      vertex 8.63588 -0.215367 5
      vertex 28 -15.543 5
      vertex 8.64647 -0.107915 5
    endloop
  endfacet
  facet normal -0 0 1
    outer loop
      vertex 8.6183 -0.321898 5
      vertex 28 -15.543 5
      vertex 8.63588 -0.215367 5
    endloop
  endfacet
  facet normal -0 0 1
    outer loop
      vertex 8.59378 -0.427051 5
      vertex 28 -15.543 5
      vertex 8.6183 -0.321898 5
    endloop
  endfacet
  facet normal -0 0 1
    outer loop
      vertex 8.56243 -0.530375 5
      vertex 28 -15.543 5
      vertex 8.59378 -0.427051 5
    endloop
  endfacet
  facet normal -0 0 1
    outer loop
      vertex 8.5244 -0.631427 5
      vertex 28 -15.543 5
      vertex 8.56243 -0.530375 5
    endloop
  endfacet
  facet normal -0 0 1
    outer loop
      vertex 8.47984 -0.729775 5
      vertex 28 -15.543 5
      vertex 8.5244 -0.631427 5
    endloop
  endfacet
  facet normal -0 0 1
    outer loop
      vertex 8.42894 -0.825 5
      vertex 28 -15.543 5
      vertex 8.47984 -0.729775 5
    endloop
  endfacet
  facet normal -0 0 1
    outer loop
      vertex 8.37192 -0.916691 5
      vertex 28 -15.543 5
      vertex 8.42894 -0.825 5
    endloop
  endfacet
  facet normal -0 0 1
    outer loop
      vertex 8.30903 -1.00446 5
      vertex 28 -15.543 5
      vertex 8.37192 -0.916691 5
    endloop
  endfacet
  facet normal -0 0 1
    outer loop
      vertex 8.24053 -1.08792 5
      vertex 28 -15.543 5
      vertex 8.30903 -1.00446 5
    endloop
  endfacet
  facet normal -0 0 1
    outer loop
      vertex 8.16673 -1.16673 5
      vertex 28 -15.543 5
      vertex 8.24053 -1.08792 5
    endloop
  endfacet
  facet normal -0 0 1
    outer loop
      vertex 8.08792 -1.24053 5
      vertex 28 -15.543 5
      vertex 8.16673 -1.16673 5
    endloop
  endfacet
  facet normal -0 0 1
    outer loop
      vertex 8.00446 -1.30903 5
      vertex 28 -15.543 5
      vertex 8.08792 -1.24053 5
    endloop
  endfacet
  facet normal -0 0 1
    outer loop
      vertex 7.91669 -1.37192 5
      vertex 28 -15.543 5
      vertex 8.00446 -1.30903 5
    endloop
  endfacet
  facet normal -0 0 1
    outer loop
      vertex 7.825 -1.42894 5
      vertex 28 -15.543 5
      vertex 7.91669 -1.37192 5
    endloop
  endfacet
  facet normal -0 0 1
    outer loop
      vertex 7.72978 -1.47984 5
      vertex 28 -15.543 5
      vertex 7.825 -1.42894 5
    endloop
  endfacet
  facet normal -0 0 1
    outer loop
      vertex 1.47984 -7.72978 5
      vertex 28 -15.543 5
      vertex 7.72978 -1.47984 5
    endloop
  endfacet
  facet normal 0 0 1
    outer loop
      vertex 1.47984 -7.72978 5
      vertex 7.72978 -1.47984 5
      vertex 7.63143 -1.5244 5
    endloop
  endfacet
  facet normal 0 0 1
    outer loop
      vertex 1.5244 -7.63143 5
      vertex 7.63143 -1.5244 5
      vertex 7.53037 -1.56243 5
    endloop
  endfacet
  facet normal 0 0 1
    outer loop
      vertex 1.56243 -7.53037 5
      vertex 7.53037 -1.56243 5
      vertex 7.42705 -1.59378 5
    endloop
  endfacet
  facet normal 0 0 1
    outer loop
      vertex 1.59378 -7.42705 5
      vertex 7.42705 -1.59378 5
      vertex 7.3219 -1.6183 5
    endloop
  endfacet
  facet normal 0 0 1
    outer loop
      vertex 1.6183 -7.3219 5
      vertex 7.3219 -1.6183 5
      vertex 7.21537 -1.63588 5
    endloop
  endfacet
  facet normal 0 0 1
    outer loop
      vertex 1.63588 -7.21537 5
      vertex 7.21537 -1.63588 5
      vertex 7.10791 -1.64647 5
    endloop
  endfacet
  facet normal 0 0 1
    outer loop
      vertex 1.64647 -7.10791 5
      vertex 7.10791 -1.64647 5
      vertex 7 -1.65 5
    endloop
  endfacet
  facet normal 0 0 1
    outer loop
      vertex 1.65 -7 5
      vertex 7 -1.65 5
      vertex 6.89208 -1.64647 5
    endloop
  endfacet
  facet normal 0 0 1
    outer loop
      vertex 1.64647 -6.89208 5
      vertex 6.89208 -1.64647 5
      vertex 6.78463 -1.63588 5
    endloop
  endfacet
  facet normal 0 0 1
    outer loop
      vertex 1.64647 -6.89208 5
      vertex 6.78463 -1.63588 5
      vertex 6.6781 -1.6183 5
    endloop
  endfacet
  facet normal 0 0 1
    outer loop
      vertex 1.64647 -6.89208 5
      vertex 6.6781 -1.6183 5
      vertex 6.57295 -1.59378 5
    endloop
  endfacet
  facet normal 0 0 1
    outer loop
      vertex 1.64647 -6.89208 5
      vertex 6.57295 -1.59378 5
      vertex 6.46962 -1.56243 5
    endloop
  endfacet
  facet normal 0 0 1
    outer loop
      vertex 1.64647 -6.89208 5
      vertex 6.46962 -1.56243 5
      vertex 6.36857 -1.5244 5
    endloop
  endfacet
  facet normal 0 0 1
    outer loop
      vertex 2.2981 -2.2981 5
      vertex 6.36857 -1.5244 5
      vertex 6.27022 -1.47984 5
    endloop
  endfacet
  facet normal 0 0 1
    outer loop
      vertex 2.44348 -2.14287 5
      vertex 6.27022 -1.47984 5
      vertex 6.175 -1.42894 5
    endloop
  endfacet
  facet normal 0 0 1
    outer loop
      vertex 2.5784 -1.97847 5
      vertex 6.175 -1.42894 5
      vertex 6.08331 -1.37192 5
    endloop
  endfacet
  facet normal 0 0 1
    outer loop
      vertex 2.5784 -1.97847 5
      vertex 6.08331 -1.37192 5
      vertex 5.99554 -1.30903 5
    endloop
  endfacet
  facet normal -0 0 1
    outer loop
      vertex 3.25 0 5
      vertex 5.35353 -0.107915 5
      vertex 5.35 0 5
    endloop
  endfacet
  facet normal 0 0 1
    outer loop
      vertex 3.24304 -0.21256 5
      vertex 5.35353 -0.107915 5
      vertex 3.25 0 5
    endloop
  endfacet
  facet normal 0 0 1
    outer loop
      vertex 5.35353 -0.107915 5
      vertex 3.24304 -0.21256 5
      vertex 5.36412 -0.215367 5
    endloop
  endfacet
  facet normal 0 0 1
    outer loop
      vertex 3.2222 -0.42421 5
      vertex 5.36412 -0.215367 5
      vertex 3.24304 -0.21256 5
    endloop
  endfacet
  facet normal 0 0 1
    outer loop
      vertex 5.36412 -0.215367 5
      vertex 3.2222 -0.42421 5
      vertex 5.3817 -0.321898 5
    endloop
  endfacet
  facet normal 0 0 1
    outer loop
      vertex 5.3817 -0.321898 5
      vertex 3.2222 -0.42421 5
      vertex 5.40622 -0.427051 5
    endloop
  endfacet
  facet normal 0 0 1
    outer loop
      vertex 3.18755 -0.634043 5
      vertex 5.40622 -0.427051 5
      vertex 3.2222 -0.42421 5
    endloop
  endfacet
  facet normal 0 0 1
    outer loop
      vertex 5.40622 -0.427051 5
      vertex 3.18755 -0.634043 5
      vertex 5.43756 -0.530375 5
    endloop
  endfacet
  facet normal 0 0 1
    outer loop
      vertex 5.43756 -0.530375 5
      vertex 3.18755 -0.634043 5
      vertex 5.4756 -0.631427 5
    endloop
  endfacet
  facet normal 0 0 1
    outer loop
      vertex 3.13926 -0.841162 5
      vertex 5.4756 -0.631427 5
      vertex 3.18755 -0.634043 5
    endloop
  endfacet
  facet normal 0 0 1
    outer loop
      vertex 5.4756 -0.631427 5
      vertex 3.13926 -0.841162 5
      vertex 5.52016 -0.729775 5
    endloop
  endfacet
  facet normal 0 0 1
    outer loop
      vertex 3.07752 -1.04468 5
      vertex 5.52016 -0.729775 5
      vertex 3.13926 -0.841162 5
    endloop
  endfacet
  facet normal 0 0 1
    outer loop
      vertex 5.52016 -0.729775 5
      vertex 3.07752 -1.04468 5
      vertex 5.57106 -0.825 5
    endloop
  endfacet
  facet normal 0 0 1
    outer loop
      vertex 5.57106 -0.825 5
      vertex 3.07752 -1.04468 5
      vertex 5.62807 -0.916691 5
    endloop
  endfacet
  facet normal 0 0 1
    outer loop
      vertex 3.00261 -1.24372 5
      vertex 5.62807 -0.916691 5
      vertex 3.07752 -1.04468 5
    endloop
  endfacet
  facet normal 0 0 1
    outer loop
      vertex 5.62807 -0.916691 5
      vertex 3.00261 -1.24372 5
      vertex 5.69097 -1.00446 5
    endloop
  endfacet
  facet normal 0 0 1
    outer loop
      vertex 2.91484 -1.43744 5
      vertex 5.69097 -1.00446 5
      vertex 3.00261 -1.24372 5
    endloop
  endfacet
  facet normal 0 0 1
    outer loop
      vertex 5.69097 -1.00446 5
      vertex 2.91484 -1.43744 5
      vertex 5.75946 -1.08792 5
    endloop
  endfacet
  facet normal 0 0 1
    outer loop
      vertex 5.75946 -1.08792 5
      vertex 2.91484 -1.43744 5
      vertex 5.83327 -1.16673 5
    endloop
  endfacet
  facet normal 0 0 1
    outer loop
      vertex 2.81458 -1.625 5
      vertex 5.83327 -1.16673 5
      vertex 2.91484 -1.43744 5
    endloop
  endfacet
  facet normal 0 0 1
    outer loop
      vertex 5.83327 -1.16673 5
      vertex 2.81458 -1.625 5
      vertex 5.91208 -1.24053 5
    endloop
  endfacet
  facet normal 0 0 1
    outer loop
      vertex 2.70228 -1.8056 5
      vertex 5.91208 -1.24053 5
      vertex 2.81458 -1.625 5
    endloop
  endfacet
  facet normal 0 0 1
    outer loop
      vertex 5.91208 -1.24053 5
      vertex 2.70228 -1.8056 5
      vertex 5.99554 -1.30903 5
    endloop
  endfacet
  facet normal 0 0 1
    outer loop
      vertex 2.5784 -1.97847 5
      vertex 5.99554 -1.30903 5
      vertex 2.70228 -1.8056 5
    endloop
  endfacet
  facet normal 0 0 1
    outer loop
      vertex 6.175 -1.42894 5
      vertex 2.5784 -1.97847 5
      vertex 2.44348 -2.14287 5
    endloop
  endfacet
  facet normal 0 0 1
    outer loop
      vertex 6.27022 -1.47984 5
      vertex 2.44348 -2.14287 5
      vertex 2.2981 -2.2981 5
    endloop
  endfacet
  facet normal 0 0 1
    outer loop
      vertex 1.64647 -6.89208 5
      vertex 6.36857 -1.5244 5
      vertex 2.2981 -2.2981 5
    endloop
  endfacet
  facet normal 0 0 1
    outer loop
      vertex 1.64647 -6.89208 5
      vertex 2.2981 -2.2981 5
      vertex 2.14287 -2.44348 5
    endloop
  endfacet
  facet normal 0 0 1
    outer loop
      vertex 1.64647 -6.89208 5
      vertex 2.14287 -2.44348 5
      vertex 1.97847 -2.5784 5
    endloop
  endfacet
  facet normal 0 0 1
    outer loop
      vertex 1.37192 -6.08331 5
      vertex 1.97847 -2.5784 5
      vertex 1.8056 -2.70228 5
    endloop
  endfacet
  facet normal 0 0 1
    outer loop
      vertex 7 -1.65 5
      vertex 1.65 -7 5
      vertex 1.64647 -7.10791 5
    endloop
  endfacet
  facet normal 0 0 1
    outer loop
      vertex 7.10791 -1.64647 5
      vertex 1.64647 -7.10791 5
      vertex 1.63588 -7.21537 5
    endloop
  endfacet
  facet normal 0 0 1
    outer loop
      vertex 7.21537 -1.63588 5
      vertex 1.63588 -7.21537 5
      vertex 1.6183 -7.3219 5
    endloop
  endfacet
  facet normal 0 0 1
    outer loop
      vertex 7.3219 -1.6183 5
      vertex 1.6183 -7.3219 5
      vertex 1.59378 -7.42705 5
    endloop
  endfacet
  facet normal 0 0 1
    outer loop
      vertex 7.42705 -1.59378 5
      vertex 1.59378 -7.42705 5
      vertex 1.56243 -7.53037 5
    endloop
  endfacet
  facet normal 0 0 1
    outer loop
      vertex 7.53037 -1.56243 5
      vertex 1.56243 -7.53037 5
      vertex 1.5244 -7.63143 5
    endloop
  endfacet
  facet normal 0 0 1
    outer loop
      vertex 7.63143 -1.5244 5
      vertex 1.5244 -7.63143 5
      vertex 1.47984 -7.72978 5
    endloop
  endfacet
  facet normal -0 0 1
    outer loop
      vertex 1.42894 -7.825 5
      vertex 28 -15.543 5
      vertex 1.47984 -7.72978 5
    endloop
  endfacet
  facet normal -0 0 1
    outer loop
      vertex 1.37192 -7.91669 5
      vertex 28 -15.543 5
      vertex 1.42894 -7.825 5
    endloop
  endfacet
  facet normal 0 0 1
    outer loop
      vertex -1.04645 -15.9657 5
      vertex 28 -15.543 5
      vertex 1.37192 -7.91669 5
    endloop
  endfacet
  facet normal 0 0 1
    outer loop
      vertex -1.04645 -15.9657 5
      vertex 1.37192 -7.91669 5
      vertex 1.30903 -8.00446 5
    endloop
  endfacet
  facet normal 0 0 1
    outer loop
      vertex -1.04645 -15.9657 5
      vertex 1.30903 -8.00446 5
      vertex 1.24053 -8.08792 5
    endloop
  endfacet
  facet normal 0 0 1
    outer loop
      vertex -1.04645 -15.9657 5
      vertex 1.24053 -8.08792 5
      vertex 1.16673 -8.16673 5
    endloop
  endfacet
  facet normal 0 0 1
    outer loop
      vertex -1.04645 -15.9657 5
      vertex 1.16673 -8.16673 5
      vertex 1.08792 -8.24053 5
    endloop
  endfacet
  facet normal 0 0 1
    outer loop
      vertex -1.04645 -15.9657 5
      vertex 1.08792 -8.24053 5
      vertex 1.00446 -8.30903 5
    endloop
  endfacet
  facet normal 0 0 1
    outer loop
      vertex -1.04645 -15.9657 5
      vertex 1.00446 -8.30903 5
      vertex 0.916691 -8.37192 5
    endloop
  endfacet
  facet normal 0 0 1
    outer loop
      vertex -1.04645 -15.9657 5
      vertex 0.916691 -8.37192 5
      vertex 0.825 -8.42894 5
    endloop
  endfacet
  facet normal 0 0 1
    outer loop
      vertex -1.04645 -15.9657 5
      vertex 0.825 -8.42894 5
      vertex 0.729775 -8.47984 5
    endloop
  endfacet
  facet normal 0 0 1
    outer loop
      vertex -1.04645 -15.9657 5
      vertex 0.729775 -8.47984 5
      vertex 0.631427 -8.5244 5
    endloop
  endfacet
  facet normal 0 0 1
    outer loop
      vertex -1.04645 -15.9657 5
      vertex 0.631427 -8.5244 5
      vertex 0.530375 -8.56243 5
    endloop
  endfacet
  facet normal 0 0 1
    outer loop
      vertex -1.04645 -15.9657 5
      vertex 0.530375 -8.56243 5
      vertex 0.427051 -8.59378 5
    endloop
  endfacet
  facet normal 0 0 1
    outer loop
      vertex -1.04645 -15.9657 5
      vertex 0.427051 -8.59378 5
      vertex 0.321898 -8.6183 5
    endloop
  endfacet
  facet normal 0 0 1
    outer loop
      vertex -1.04645 -15.9657 5
      vertex 0.321898 -8.6183 5
      vertex 0.215367 -8.63588 5
    endloop
  endfacet
  facet normal 0 0 1
    outer loop
      vertex -1.04645 -15.9657 5
      vertex 0.215367 -8.63588 5
      vertex 0.107915 -8.64647 5
    endloop
  endfacet
  facet normal 0 0 1
    outer loop
      vertex -1.04645 -15.9657 5
      vertex 0.107915 -8.64647 5
      vertex 0 -8.65 5
    endloop
  endfacet
  facet normal 0 0 1
    outer loop
      vertex -1.04645 -15.9657 5
      vertex 0 -8.65 5
      vertex -0.107915 -8.64647 5
    endloop
  endfacet
  facet normal 0 0 1
    outer loop
      vertex -1.04645 -15.9657 5
      vertex -0.107915 -8.64647 5
      vertex -0.215367 -8.63588 5
    endloop
  endfacet
  facet normal 0 0 1
    outer loop
      vertex -1.04645 -15.9657 5
      vertex -0.215367 -8.63588 5
      vertex -0.321898 -8.6183 5
    endloop
  endfacet
  facet normal 0 0 1
    outer loop
      vertex -1.04645 -15.9657 5
      vertex -0.321898 -8.6183 5
      vertex -0.427051 -8.59378 5
    endloop
  endfacet
  facet normal 0 0 1
    outer loop
      vertex -2.08842 -15.8631 5
      vertex -0.427051 -8.59378 5
      vertex -0.530375 -8.56243 5
    endloop
  endfacet
  facet normal 0 0 1
    outer loop
      vertex 28 -17.9485 5
      vertex -1.04645 -15.9657 5
      vertex 102 -23 5
    endloop
  endfacet
  facet normal 0 0 1
    outer loop
      vertex 28 -15.543 5
      vertex -1.04645 -15.9657 5
      vertex 28 -17.9485 5
    endloop
  endfacet
  facet normal 0 0 1
    outer loop
      vertex -2.08842 -15.8631 5
      vertex -0.530375 -8.56243 5
      vertex -0.631427 -8.5244 5
    endloop
  endfacet
  facet normal 0 0 1
    outer loop
      vertex -3.12144 -15.6926 5
      vertex -0.631427 -8.5244 5
      vertex -0.729775 -8.47984 5
    endloop
  endfacet
  facet normal 0 0 1
    outer loop
      vertex -3.12144 -15.6926 5
      vertex -0.729775 -8.47984 5
      vertex -0.825 -8.42894 5
    endloop
  endfacet
  facet normal 0 0 1
    outer loop
      vertex -4.1411 -15.4548 5
      vertex -0.825 -8.42894 5
      vertex -0.916691 -8.37192 5
    endloop
  endfacet
  facet normal 0 0 1
    outer loop
      vertex -4.1411 -15.4548 5
      vertex -0.916691 -8.37192 5
      vertex -1.00446 -8.30903 5
    endloop
  endfacet
  facet normal 0 0 1
    outer loop
      vertex -5.14303 -15.1509 5
      vertex -1.00446 -8.30903 5
      vertex -1.08792 -8.24053 5
    endloop
  endfacet
  facet normal 0 0 1
    outer loop
      vertex -5.14303 -15.1509 5
      vertex -1.08792 -8.24053 5
      vertex -1.16673 -8.16673 5
    endloop
  endfacet
  facet normal 0 0 1
    outer loop
      vertex -5.14303 -15.1509 5
      vertex -1.16673 -8.16673 5
      vertex -1.24053 -8.08792 5
    endloop
  endfacet
  facet normal 0 0 1
    outer loop
      vertex -5.14303 -15.1509 5
      vertex -1.24053 -8.08792 5
      vertex -1.30903 -8.00446 5
    endloop
  endfacet
  facet normal 0 0 1
    outer loop
      vertex -5.14303 -15.1509 5
      vertex -1.30903 -8.00446 5
      vertex -1.37192 -7.91669 5
    endloop
  endfacet
  facet normal 0 0 1
    outer loop
      vertex -5.14303 -15.1509 5
      vertex -1.37192 -7.91669 5
      vertex -1.42894 -7.825 5
    endloop
  endfacet
  facet normal 0 0 1
    outer loop
      vertex -5.14303 -15.1509 5
      vertex -1.42894 -7.825 5
      vertex -1.47984 -7.72978 5
    endloop
  endfacet
  facet normal 0 0 1
    outer loop
      vertex -5.14303 -15.1509 5
      vertex -1.47984 -7.72978 5
      vertex -1.5244 -7.63143 5
    endloop
  endfacet
  facet normal 0 0 1
    outer loop
      vertex -5.14303 -15.1509 5
      vertex -1.5244 -7.63143 5
      vertex -1.56243 -7.53037 5
    endloop
  endfacet
  facet normal 0 0 1
    outer loop
      vertex -5.14303 -15.1509 5
      vertex -1.56243 -7.53037 5
      vertex -1.59378 -7.42705 5
    endloop
  endfacet
  facet normal 0 0 1
    outer loop
      vertex -5.14303 -15.1509 5
      vertex -1.59378 -7.42705 5
      vertex -1.6183 -7.3219 5
    endloop
  endfacet
  facet normal 0 0 1
    outer loop
      vertex -5.14303 -15.1509 5
      vertex -1.6183 -7.3219 5
      vertex -1.63588 -7.21537 5
    endloop
  endfacet
  facet normal 0 0 1
    outer loop
      vertex -5.14303 -15.1509 5
      vertex -1.63588 -7.21537 5
      vertex -1.64647 -7.10791 5
    endloop
  endfacet
  facet normal 0 0 1
    outer loop
      vertex -3.07752 -1.04468 5
      vertex -5.62807 -0.916691 5
      vertex -3.00261 -1.24372 5
    endloop
  endfacet
  facet normal 0 0 1
    outer loop
      vertex -3.13926 -0.841162 5
      vertex -5.52016 -0.729775 5
      vertex -3.07752 -1.04468 5
    endloop
  endfacet
  facet normal -0 0 1
    outer loop
      vertex -5.52016 -0.729775 5
      vertex -3.13926 -0.841162 5
      vertex -5.4756 -0.631427 5
    endloop
  endfacet
  facet normal 0 0 1
    outer loop
      vertex -0.427051 -8.59378 5
      vertex -2.08842 -15.8631 5
      vertex -1.04645 -15.9657 5
    endloop
  endfacet
  facet normal -0 0 1
    outer loop
      vertex -5.57106 -0.825 5
      vertex -3.07752 -1.04468 5
      vertex -5.52016 -0.729775 5
    endloop
  endfacet
  facet normal -0 0 1
    outer loop
      vertex -5.62807 -0.916691 5
      vertex -3.07752 -1.04468 5
      vertex -5.57106 -0.825 5
    endloop
  endfacet
  facet normal -0 0 1
    outer loop
      vertex -5.69097 -1.00446 5
      vertex -3.00261 -1.24372 5
      vertex -5.62807 -0.916691 5
    endloop
  endfacet
  facet normal -0 0 1
    outer loop
      vertex -5.75946 -1.08792 5
      vertex -2.91484 -1.43744 5
      vertex -5.69097 -1.00446 5
    endloop
  endfacet
  facet normal -0 0 1
    outer loop
      vertex -5.4756 -0.631427 5
      vertex -3.13926 -0.841162 5
      vertex -5.43756 -0.530375 5
    endloop
  endfacet
  facet normal 0 0 1
    outer loop
      vertex -3.18755 -0.634043 5
      vertex -5.43756 -0.530375 5
      vertex -3.13926 -0.841162 5
    endloop
  endfacet
  facet normal -0 0 1
    outer loop
      vertex -5.43756 -0.530375 5
      vertex -3.18755 -0.634043 5
      vertex -5.40622 -0.427051 5
    endloop
  endfacet
  facet normal 0 0 1
    outer loop
      vertex -3.2222 -0.42421 5
      vertex -5.40622 -0.427051 5
      vertex -3.18755 -0.634043 5
    endloop
  endfacet
  facet normal 0 0 1
    outer loop
      vertex -5.40622 -0.427051 5
      vertex -3.2222 -0.42421 5
      vertex -5.3817 -0.321898 5
    endloop
  endfacet
  facet normal 0 0 1
    outer loop
      vertex -0.631427 -8.5244 5
      vertex -3.12144 -15.6926 5
      vertex -2.08842 -15.8631 5
    endloop
  endfacet
  facet normal -0 0 1
    outer loop
      vertex -5.3817 -0.321898 5
      vertex -3.2222 -0.42421 5
      vertex -5.36412 -0.215367 5
    endloop
  endfacet
  facet normal 0 0 1
    outer loop
      vertex -3.24304 -0.21256 5
      vertex -5.36412 -0.215367 5
      vertex -3.2222 -0.42421 5
    endloop
  endfacet
  facet normal 0 0 1
    outer loop
      vertex -5.36412 -0.215367 5
      vertex -3.24304 -0.21256 5
      vertex -5.35353 -0.107915 5
    endloop
  endfacet
  facet normal 0 0 1
    outer loop
      vertex -3.25 0 5
      vertex -5.35353 -0.107915 5
      vertex -3.24304 -0.21256 5
    endloop
  endfacet
  facet normal 0 0 1
    outer loop
      vertex -5.35353 -0.107915 5
      vertex -3.25 0 5
      vertex -5.35 0 5
    endloop
  endfacet
  facet normal 0 0 1
    outer loop
      vertex -3.00261 1.24372 5
      vertex -5.62807 0.916691 5
      vertex -3.07752 1.04468 5
    endloop
  endfacet
  facet normal -0 0 1
    outer loop
      vertex -5.83327 -1.16673 5
      vertex -2.91484 -1.43744 5
      vertex -5.75946 -1.08792 5
    endloop
  endfacet
  facet normal 0 -0 1
    outer loop
      vertex -5.83327 1.16673 5
      vertex -2.81458 1.625 5
      vertex -5.91208 1.24053 5
    endloop
  endfacet
  facet normal 0 0 1
    outer loop
      vertex -0.825 -8.42894 5
      vertex -4.1411 -15.4548 5
      vertex -3.12144 -15.6926 5
    endloop
  endfacet
  facet normal 0 0 1
    outer loop
      vertex -1.00446 -8.30903 5
      vertex -5.14303 -15.1509 5
      vertex -4.1411 -15.4548 5
    endloop
  endfacet
  facet normal 0 0 1
    outer loop
      vertex -3.25 0 5
      vertex -5.35353 0.107915 5
      vertex -5.35 0 5
    endloop
  endfacet
  facet normal 0 0 1
    outer loop
      vertex -3.24304 0.21256 5
      vertex -5.35353 0.107915 5
      vertex -3.25 0 5
    endloop
  endfacet
  facet normal 0 -0 1
    outer loop
      vertex -5.35353 0.107915 5
      vertex -3.24304 0.21256 5
      vertex -5.36412 0.215367 5
    endloop
  endfacet
  facet normal 0 0 1
    outer loop
      vertex -3.2222 0.42421 5
      vertex -5.36412 0.215367 5
      vertex -3.24304 0.21256 5
    endloop
  endfacet
  facet normal 0 -0 1
    outer loop
      vertex -5.36412 0.215367 5
      vertex -3.2222 0.42421 5
      vertex -5.3817 0.321898 5
    endloop
  endfacet
  facet normal 0 -0 1
    outer loop
      vertex -5.3817 0.321898 5
      vertex -3.2222 0.42421 5
      vertex -5.40622 0.427051 5
    endloop
  endfacet
  facet normal 0 0 1
    outer loop
      vertex -3.18755 0.634043 5
      vertex -5.40622 0.427051 5
      vertex -3.2222 0.42421 5
    endloop
  endfacet
  facet normal 0 -0 1
    outer loop
      vertex -5.40622 0.427051 5
      vertex -3.18755 0.634043 5
      vertex -5.43756 0.530375 5
    endloop
  endfacet
  facet normal 0 -0 1
    outer loop
      vertex -5.43756 0.530375 5
      vertex -3.18755 0.634043 5
      vertex -5.4756 0.631427 5
    endloop
  endfacet
  facet normal 0 0 1
    outer loop
      vertex -3.13926 0.841162 5
      vertex -5.4756 0.631427 5
      vertex -3.18755 0.634043 5
    endloop
  endfacet
  facet normal 0 -0 1
    outer loop
      vertex -5.4756 0.631427 5
      vertex -3.13926 0.841162 5
      vertex -5.52016 0.729775 5
    endloop
  endfacet
  facet normal 0 0 1
    outer loop
      vertex -3.07752 1.04468 5
      vertex -5.52016 0.729775 5
      vertex -3.13926 0.841162 5
    endloop
  endfacet
  facet normal 0 -0 1
    outer loop
      vertex -5.52016 0.729775 5
      vertex -3.07752 1.04468 5
      vertex -5.57106 0.825 5
    endloop
  endfacet
  facet normal 0 -0 1
    outer loop
      vertex -5.57106 0.825 5
      vertex -3.07752 1.04468 5
      vertex -5.62807 0.916691 5
    endloop
  endfacet
  facet normal 0 -0 1
    outer loop
      vertex -5.62807 0.916691 5
      vertex -3.00261 1.24372 5
      vertex -5.69097 1.00446 5
    endloop
  endfacet
  facet normal 0 0 1
    outer loop
      vertex -2.70228 1.8056 5
      vertex -5.91208 1.24053 5
      vertex -2.81458 1.625 5
    endloop
  endfacet
  facet normal 0 -0 1
    outer loop
      vertex -5.69097 1.00446 5
      vertex -2.91484 1.43744 5
      vertex -5.75946 1.08792 5
    endloop
  endfacet
  facet normal 0 0 1
    outer loop
      vertex -2.81458 1.625 5
      vertex -5.83327 1.16673 5
      vertex -2.91484 1.43744 5
    endloop
  endfacet
  facet normal 0 -0 1
    outer loop
      vertex -5.91208 1.24053 5
      vertex -2.70228 1.8056 5
      vertex -5.99554 1.30903 5
    endloop
  endfacet
  facet normal 0 -0 1
    outer loop
      vertex -6.08331 1.37192 5
      vertex -2.5784 1.97847 5
      vertex -6.175 1.42894 5
    endloop
  endfacet
  facet normal 0 0 1
    outer loop
      vertex -2.5784 1.97847 5
      vertex -6.08331 1.37192 5
      vertex -2.70228 1.8056 5
    endloop
  endfacet
  facet normal 0 0 1
    outer loop
      vertex -2.44348 2.14287 5
      vertex -6.175 1.42894 5
      vertex -2.5784 1.97847 5
    endloop
  endfacet
  facet normal 0 -0 1
    outer loop
      vertex -6.175 1.42894 5
      vertex -2.44348 2.14287 5
      vertex -6.27022 1.47984 5
    endloop
  endfacet
  facet normal 0 0 1
    outer loop
      vertex -1.65 7 5
      vertex -6.36857 1.5244 5
      vertex -2.2981 2.2981 5
    endloop
  endfacet
  facet normal 0 0 1
    outer loop
      vertex -1.65 7 5
      vertex -2.2981 2.2981 5
      vertex -2.14287 2.44348 5
    endloop
  endfacet
  facet normal 0 0 1
    outer loop
      vertex -1.65 7 5
      vertex -6.78463 1.63588 5
      vertex -6.6781 1.6183 5
    endloop
  endfacet
  facet normal 0 0 1
    outer loop
      vertex -1.65 7 5
      vertex -6.89208 1.64647 5
      vertex -6.78463 1.63588 5
    endloop
  endfacet
  facet normal 0 0 1
    outer loop
      vertex -1.65 7 5
      vertex -7 1.65 5
      vertex -6.89208 1.64647 5
    endloop
  endfacet
  facet normal 0 0 1
    outer loop
      vertex -1.64647 7.10791 5
      vertex -7.10791 1.64647 5
      vertex -7 1.65 5
    endloop
  endfacet
  facet normal 0 0 1
    outer loop
      vertex -1.63588 7.21537 5
      vertex -10.5495 12.0294 5
      vertex -1.64647 7.10791 5
    endloop
  endfacet
  facet normal -0 0 1
    outer loop
      vertex -11.3137 11.3137 5
      vertex -1.64647 7.10791 5
      vertex -10.5495 12.0294 5
    endloop
  endfacet
  facet normal 0 0 1
    outer loop
      vertex -1.64647 7.10791 5
      vertex -11.3137 11.3137 5
      vertex -7.10791 1.64647 5
    endloop
  endfacet
  facet normal -0 0 1
    outer loop
      vertex -12.0294 10.5495 5
      vertex -7.10791 1.64647 5
      vertex -11.3137 11.3137 5
    endloop
  endfacet
  facet normal 0 0 1
    outer loop
      vertex -7.10791 1.64647 5
      vertex -12.0294 10.5495 5
      vertex -7.21537 1.63588 5
    endloop
  endfacet
  facet normal 0 0 1
    outer loop
      vertex -7.21537 1.63588 5
      vertex -12.0294 10.5495 5
      vertex -7.3219 1.6183 5
    endloop
  endfacet
  facet normal -0 0 1
    outer loop
      vertex -12.6937 9.74018 5
      vertex -7.3219 1.6183 5
      vertex -12.0294 10.5495 5
    endloop
  endfacet
  facet normal 0 0 1
    outer loop
      vertex -7.3219 1.6183 5
      vertex -12.6937 9.74018 5
      vertex -7.42705 1.59378 5
    endloop
  endfacet
  facet normal 0 0 1
    outer loop
      vertex -7.42705 1.59378 5
      vertex -12.6937 9.74018 5
      vertex -7.53037 1.56243 5
    endloop
  endfacet
  facet normal -0 0 1
    outer loop
      vertex -13.3035 8.88912 5
      vertex -7.53037 1.56243 5
      vertex -12.6937 9.74018 5
    endloop
  endfacet
  facet normal 0 0 1
    outer loop
      vertex -7.53037 1.56243 5
      vertex -13.3035 8.88912 5
      vertex -7.63143 1.5244 5
    endloop
  endfacet
  facet normal -0 0 1
    outer loop
      vertex -13.8564 8 5
      vertex -7.63143 1.5244 5
      vertex -13.3035 8.88912 5
    endloop
  endfacet
  facet normal 0 0 1
    outer loop
      vertex -7.63143 1.5244 5
      vertex -13.8564 8 5
      vertex -7.72978 1.47984 5
    endloop
  endfacet
  facet normal 0 0 1
    outer loop
      vertex -7.72978 1.47984 5
      vertex -13.8564 8 5
      vertex -7.825 1.42894 5
    endloop
  endfacet
  facet normal -0 0 1
    outer loop
      vertex -14.35 7.07662 5
      vertex -7.825 1.42894 5
      vertex -13.8564 8 5
    endloop
  endfacet
  facet normal 0 0 1
    outer loop
      vertex -7.825 1.42894 5
      vertex -14.35 7.07662 5
      vertex -7.91669 1.37192 5
    endloop
  endfacet
  facet normal 0 0 1
    outer loop
      vertex -7.91669 1.37192 5
      vertex -14.35 7.07662 5
      vertex -8.00446 1.30903 5
    endloop
  endfacet
  facet normal -0 0 1
    outer loop
      vertex -14.7821 6.12293 5
      vertex -8.00446 1.30903 5
      vertex -14.35 7.07662 5
    endloop
  endfacet
  facet normal 0 0 1
    outer loop
      vertex -8.00446 1.30903 5
      vertex -14.7821 6.12293 5
      vertex -8.08792 1.24053 5
    endloop
  endfacet
  facet normal 0 0 1
    outer loop
      vertex -8.08792 1.24053 5
      vertex -14.7821 6.12293 5
      vertex -8.16673 1.16673 5
    endloop
  endfacet
  facet normal -0 0 1
    outer loop
      vertex -15.1509 5.14303 5
      vertex -8.16673 1.16673 5
      vertex -14.7821 6.12293 5
    endloop
  endfacet
  facet normal 0 0 1
    outer loop
      vertex -8.24053 1.08792 5
      vertex -15.1509 5.14303 5
      vertex -8.30903 1.00446 5
    endloop
  endfacet
  facet normal 0 0 1
    outer loop
      vertex -8.16673 1.16673 5
      vertex -15.1509 5.14303 5
      vertex -8.24053 1.08792 5
    endloop
  endfacet
  facet normal 0 0 1
    outer loop
      vertex 6.27022 1.47984 5
      vertex 2.44348 2.14287 5
      vertex 6.175 1.42894 5
    endloop
  endfacet
  facet normal 0 0 1
    outer loop
      vertex 6.175 1.42894 5
      vertex 2.5784 1.97847 5
      vertex 6.08331 1.37192 5
    endloop
  endfacet
  facet normal -0 -0 1
    outer loop
      vertex 2.5784 1.97847 5
      vertex 6.175 1.42894 5
      vertex 2.44348 2.14287 5
    endloop
  endfacet
  facet normal -0 0 1
    outer loop
      vertex 1.47984 6.27022 5
      vertex 2.2981 2.2981 5
      vertex 1.5244 6.36857 5
    endloop
  endfacet
  facet normal 0 0 1
    outer loop
      vertex 2.2981 2.2981 5
      vertex 1.47984 6.27022 5
      vertex 2.14287 2.44348 5
    endloop
  endfacet
  facet normal -0 0 1
    outer loop
      vertex 1.42894 6.175 5
      vertex 2.14287 2.44348 5
      vertex 1.47984 6.27022 5
    endloop
  endfacet
  facet normal 0 0 1
    outer loop
      vertex 2.14287 2.44348 5
      vertex 1.42894 6.175 5
      vertex 1.97847 2.5784 5
    endloop
  endfacet
  facet normal -0 0 1
    outer loop
      vertex 1.37192 6.08331 5
      vertex 1.97847 2.5784 5
      vertex 1.42894 6.175 5
    endloop
  endfacet
  facet normal 0 0 1
    outer loop
      vertex 1.97847 2.5784 5
      vertex 1.37192 6.08331 5
      vertex 1.8056 2.70228 5
    endloop
  endfacet
  facet normal -0 0 1
    outer loop
      vertex 1.30903 5.99554 5
      vertex 1.8056 2.70228 5
      vertex 1.37192 6.08331 5
    endloop
  endfacet
  facet normal -0 0 1
    outer loop
      vertex 1.24053 5.91208 5
      vertex 1.8056 2.70228 5
      vertex 1.30903 5.99554 5
    endloop
  endfacet
  facet normal 0 0 1
    outer loop
      vertex 1.8056 2.70228 5
      vertex 1.24053 5.91208 5
      vertex 1.625 2.81458 5
    endloop
  endfacet
  facet normal -0 0 1
    outer loop
      vertex 1.16673 5.83327 5
      vertex 1.625 2.81458 5
      vertex 1.24053 5.91208 5
    endloop
  endfacet
  facet normal 0 0 1
    outer loop
      vertex 1.625 2.81458 5
      vertex 1.16673 5.83327 5
      vertex 1.43744 2.91484 5
    endloop
  endfacet
  facet normal -0 0 1
    outer loop
      vertex 1.08792 5.75946 5
      vertex 1.43744 2.91484 5
      vertex 1.16673 5.83327 5
    endloop
  endfacet
  facet normal -0 0 1
    outer loop
      vertex 1.00446 5.69097 5
      vertex 1.43744 2.91484 5
      vertex 1.08792 5.75946 5
    endloop
  endfacet
  facet normal 0 0 1
    outer loop
      vertex 1.43744 2.91484 5
      vertex 1.00446 5.69097 5
      vertex 1.24372 3.00261 5
    endloop
  endfacet
  facet normal -0 0 1
    outer loop
      vertex 0.916691 5.62807 5
      vertex 1.24372 3.00261 5
      vertex 1.00446 5.69097 5
    endloop
  endfacet
  facet normal 0 0 1
    outer loop
      vertex 1.24372 3.00261 5
      vertex 0.916691 5.62807 5
      vertex 1.04468 3.07752 5
    endloop
  endfacet
  facet normal -0 0 1
    outer loop
      vertex 0.825 5.57106 5
      vertex 1.04468 3.07752 5
      vertex 0.916691 5.62807 5
    endloop
  endfacet
  facet normal -0 0 1
    outer loop
      vertex 0.729775 5.52016 5
      vertex 1.04468 3.07752 5
      vertex 0.825 5.57106 5
    endloop
  endfacet
  facet normal 0 0 1
    outer loop
      vertex 1.04468 3.07752 5
      vertex 0.729775 5.52016 5
      vertex 0.841162 3.13926 5
    endloop
  endfacet
  facet normal -0 0 1
    outer loop
      vertex 0.631427 5.4756 5
      vertex 0.841162 3.13926 5
      vertex 0.729775 5.52016 5
    endloop
  endfacet
  facet normal 0 0 1
    outer loop
      vertex 0.841162 3.13926 5
      vertex 0.631427 5.4756 5
      vertex 0.634043 3.18755 5
    endloop
  endfacet
  facet normal -0 0 1
    outer loop
      vertex 0.530375 5.43756 5
      vertex 0.634043 3.18755 5
      vertex 0.631427 5.4756 5
    endloop
  endfacet
  facet normal -0 0 1
    outer loop
      vertex 0.427051 5.40622 5
      vertex 0.634043 3.18755 5
      vertex 0.530375 5.43756 5
    endloop
  endfacet
  facet normal 0 0 1
    outer loop
      vertex 0.427051 5.40622 5
      vertex 0.42421 3.2222 5
      vertex 0.634043 3.18755 5
    endloop
  endfacet
  facet normal -0 0 1
    outer loop
      vertex 0.321898 5.3817 5
      vertex 0.42421 3.2222 5
      vertex 0.427051 5.40622 5
    endloop
  endfacet
  facet normal -0 0 1
    outer loop
      vertex 0.215367 5.36412 5
      vertex 0.42421 3.2222 5
      vertex 0.321898 5.3817 5
    endloop
  endfacet
  facet normal 0 0 1
    outer loop
      vertex 0.215367 5.36412 5
      vertex 0.21256 3.24304 5
      vertex 0.42421 3.2222 5
    endloop
  endfacet
  facet normal -0 0 1
    outer loop
      vertex 0.107915 5.35353 5
      vertex 0.21256 3.24304 5
      vertex 0.215367 5.36412 5
    endloop
  endfacet
  facet normal 0 0 1
    outer loop
      vertex 0 3.25 5
      vertex 0.107915 5.35353 5
      vertex 0 5.35 5
    endloop
  endfacet
  facet normal 0 0 1
    outer loop
      vertex 0.107915 5.35353 5
      vertex 0 3.25 5
      vertex 0.21256 3.24304 5
    endloop
  endfacet
  facet normal 0 0 1
    outer loop
      vertex -0.107915 5.35353 5
      vertex 0 3.25 5
      vertex 0 5.35 5
    endloop
  endfacet
  facet normal 0 0 1
    outer loop
      vertex -0.107915 5.35353 5
      vertex -0.21256 3.24304 5
      vertex 0 3.25 5
    endloop
  endfacet
  facet normal 0 0 1
    outer loop
      vertex -0.215367 5.36412 5
      vertex -0.21256 3.24304 5
      vertex -0.107915 5.35353 5
    endloop
  endfacet
  facet normal 0 0 1
    outer loop
      vertex -0.42421 3.2222 5
      vertex -0.215367 5.36412 5
      vertex -0.321898 5.3817 5
    endloop
  endfacet
  facet normal 0 0 1
    outer loop
      vertex -0.215367 5.36412 5
      vertex -0.42421 3.2222 5
      vertex -0.21256 3.24304 5
    endloop
  endfacet
  facet normal 0 0 1
    outer loop
      vertex -0.427051 5.40622 5
      vertex -0.42421 3.2222 5
      vertex -0.321898 5.3817 5
    endloop
  endfacet
  facet normal 0 0 1
    outer loop
      vertex -0.634043 3.18755 5
      vertex -0.427051 5.40622 5
      vertex -0.530375 5.43756 5
    endloop
  endfacet
  facet normal 0 0 1
    outer loop
      vertex -0.634043 3.18755 5
      vertex -0.530375 5.43756 5
      vertex -0.631427 5.4756 5
    endloop
  endfacet
  facet normal 0 0 1
    outer loop
      vertex -0.427051 5.40622 5
      vertex -0.634043 3.18755 5
      vertex -0.42421 3.2222 5
    endloop
  endfacet
  facet normal 0 0 1
    outer loop
      vertex -0.841162 3.13926 5
      vertex -0.631427 5.4756 5
      vertex -0.729775 5.52016 5
    endloop
  endfacet
  facet normal 0 0 1
    outer loop
      vertex -1.04468 3.07752 5
      vertex -0.729775 5.52016 5
      vertex -0.825 5.57106 5
    endloop
  endfacet
  facet normal 0 0 1
    outer loop
      vertex -0.631427 5.4756 5
      vertex -0.841162 3.13926 5
      vertex -0.634043 3.18755 5
    endloop
  endfacet
  facet normal 0 0 1
    outer loop
      vertex -1.04468 3.07752 5
      vertex -0.825 5.57106 5
      vertex -0.916691 5.62807 5
    endloop
  endfacet
  facet normal 0 0 1
    outer loop
      vertex -1.24372 3.00261 5
      vertex -0.916691 5.62807 5
      vertex -1.00446 5.69097 5
    endloop
  endfacet
  facet normal 0 0 1
    outer loop
      vertex -0.729775 5.52016 5
      vertex -1.04468 3.07752 5
      vertex -0.841162 3.13926 5
    endloop
  endfacet
  facet normal 0 0 1
    outer loop
      vertex -1.43744 2.91484 5
      vertex -1.00446 5.69097 5
      vertex -1.08792 5.75946 5
    endloop
  endfacet
  facet normal 0 0 1
    outer loop
      vertex -1.43744 2.91484 5
      vertex -1.08792 5.75946 5
      vertex -1.16673 5.83327 5
    endloop
  endfacet
  facet normal 0 0 1
    outer loop
      vertex -1.625 2.81458 5
      vertex -1.16673 5.83327 5
      vertex -1.24053 5.91208 5
    endloop
  endfacet
  facet normal 0 0 1
    outer loop
      vertex -0.916691 5.62807 5
      vertex -1.24372 3.00261 5
      vertex -1.04468 3.07752 5
    endloop
  endfacet
  facet normal 0 0 1
    outer loop
      vertex -1.8056 2.70228 5
      vertex -1.24053 5.91208 5
      vertex -1.30903 5.99554 5
    endloop
  endfacet
  facet normal 0 0 1
    outer loop
      vertex -1.8056 2.70228 5
      vertex -1.30903 5.99554 5
      vertex -1.37192 6.08331 5
    endloop
  endfacet
  facet normal 0 0 1
    outer loop
      vertex -1.8056 2.70228 5
      vertex -1.37192 6.08331 5
      vertex -1.42894 6.175 5
    endloop
  endfacet
  facet normal 0 0 1
    outer loop
      vertex -1.00446 5.69097 5
      vertex -1.43744 2.91484 5
      vertex -1.24372 3.00261 5
    endloop
  endfacet
  facet normal 0 0 1
    outer loop
      vertex -1.8056 2.70228 5
      vertex -1.42894 6.175 5
      vertex -1.47984 6.27022 5
    endloop
  endfacet
  facet normal 0 0 1
    outer loop
      vertex -1.8056 2.70228 5
      vertex -1.47984 6.27022 5
      vertex -1.5244 6.36857 5
    endloop
  endfacet
  facet normal 0 0 1
    outer loop
      vertex -1.8056 2.70228 5
      vertex -1.5244 6.36857 5
      vertex -1.56243 6.46962 5
    endloop
  endfacet
  facet normal 0 0 1
    outer loop
      vertex -1.8056 2.70228 5
      vertex -1.56243 6.46962 5
      vertex -1.59378 6.57295 5
    endloop
  endfacet
  facet normal 0 0 1
    outer loop
      vertex -1.8056 2.70228 5
      vertex -1.59378 6.57295 5
      vertex -1.6183 6.6781 5
    endloop
  endfacet
  facet normal 0 0 1
    outer loop
      vertex -1.16673 5.83327 5
      vertex -1.625 2.81458 5
      vertex -1.43744 2.91484 5
    endloop
  endfacet
  facet normal 0 0 1
    outer loop
      vertex -1.8056 2.70228 5
      vertex -1.6183 6.6781 5
      vertex -1.63588 6.78463 5
    endloop
  endfacet
  facet normal 0 0 1
    outer loop
      vertex -1.8056 2.70228 5
      vertex -1.63588 6.78463 5
      vertex -1.64647 6.89208 5
    endloop
  endfacet
  facet normal 0 0 1
    outer loop
      vertex -1.8056 2.70228 5
      vertex -1.64647 6.89208 5
      vertex -1.65 7 5
    endloop
  endfacet
  facet normal 0 0 1
    outer loop
      vertex -1.24053 5.91208 5
      vertex -1.8056 2.70228 5
      vertex -1.625 2.81458 5
    endloop
  endfacet
  facet normal 0 0 1
    outer loop
      vertex 98 19 5
      vertex 39 0 5
      vertex 98 -19 5
    endloop
  endfacet
  facet normal 0 0 1
    outer loop
      vertex 38.1734 2.43505 5
      vertex 98 19 5
      vertex 98.0769 19.7803 5
    endloop
  endfacet
  facet normal 0 0 1
    outer loop
      vertex 37.6374 3.00736 5
      vertex 98.0769 19.7803 5
      vertex 98.2461 20.3382 5
    endloop
  endfacet
  facet normal 0 0 1
    outer loop
      vertex 98 19 5
      vertex 38.9914 0.261612 5
      vertex 39 0 5
    endloop
  endfacet
  facet normal 0 0 1
    outer loop
      vertex 98 19 5
      vertex 38.9658 0.522104 5
      vertex 38.9914 0.261612 5
    endloop
  endfacet
  facet normal 0 0 1
    outer loop
      vertex 98 19 5
      vertex 38.9231 0.780361 5
      vertex 38.9658 0.522104 5
    endloop
  endfacet
  facet normal 0 0 1
    outer loop
      vertex 98 19 5
      vertex 38.8637 1.03528 5
      vertex 38.9231 0.780361 5
    endloop
  endfacet
  facet normal 0 0 1
    outer loop
      vertex 98 19 5
      vertex 38.7877 1.28576 5
      vertex 38.8637 1.03528 5
    endloop
  endfacet
  facet normal 0 0 1
    outer loop
      vertex 98 19 5
      vertex 38.6955 1.53073 5
      vertex 38.7877 1.28576 5
    endloop
  endfacet
  facet normal 0 0 1
    outer loop
      vertex 98 19 5
      vertex 38.5875 1.76915 5
      vertex 38.6955 1.53073 5
    endloop
  endfacet
  facet normal 0 0 1
    outer loop
      vertex 98 19 5
      vertex 38.4641 2 5
      vertex 38.5875 1.76915 5
    endloop
  endfacet
  facet normal 0 0 1
    outer loop
      vertex 98 19 5
      vertex 38.3259 2.22228 5
      vertex 38.4641 2 5
    endloop
  endfacet
  facet normal 0 0 1
    outer loop
      vertex 98 19 5
      vertex 38.1734 2.43505 5
      vertex 38.3259 2.22228 5
    endloop
  endfacet
  facet normal 0 0 1
    outer loop
      vertex 98.0769 19.7803 5
      vertex 38.0074 2.63738 5
      vertex 38.1734 2.43505 5
    endloop
  endfacet
  facet normal 0 0 1
    outer loop
      vertex 98.0769 19.7803 5
      vertex 37.8284 2.82843 5
      vertex 38.0074 2.63738 5
    endloop
  endfacet
  facet normal 0 0 1
    outer loop
      vertex 98.0769 19.7803 5
      vertex 37.6374 3.00736 5
      vertex 37.8284 2.82843 5
    endloop
  endfacet
  facet normal -0 0 1
    outer loop
      vertex 28 15.543 5
      vertex 37.6374 3.00736 5
      vertex 98.2461 20.3382 5
    endloop
  endfacet
  facet normal 0 0 1
    outer loop
      vertex 37.6374 3.00736 5
      vertex 28 15.543 5
      vertex 37.435 3.17341 5
    endloop
  endfacet
  facet normal 0 0 1
    outer loop
      vertex 37.435 3.17341 5
      vertex 28 15.543 5
      vertex 37.2223 3.32588 5
    endloop
  endfacet
  facet normal 0 0 1
    outer loop
      vertex 37.2223 3.32588 5
      vertex 28 15.543 5
      vertex 37 3.4641 5
    endloop
  endfacet
  facet normal 0 0 1
    outer loop
      vertex 37 3.4641 5
      vertex 28 15.543 5
      vertex 36.7692 3.58749 5
    endloop
  endfacet
  facet normal 0 0 1
    outer loop
      vertex 36.7692 3.58749 5
      vertex 28 15.543 5
      vertex 36.5307 3.69552 5
    endloop
  endfacet
  facet normal 0 0 1
    outer loop
      vertex 36.5307 3.69552 5
      vertex 28 15.543 5
      vertex 36.2858 3.78772 5
    endloop
  endfacet
  facet normal 0 0 1
    outer loop
      vertex 36.2858 3.78772 5
      vertex 28 15.543 5
      vertex 36.0353 3.8637 5
    endloop
  endfacet
  facet normal 0 0 1
    outer loop
      vertex 36.0353 3.8637 5
      vertex 28 15.543 5
      vertex 35.7804 3.92314 5
    endloop
  endfacet
  facet normal 0 0 1
    outer loop
      vertex 35.7804 3.92314 5
      vertex 28 15.543 5
      vertex 35.5221 3.96578 5
    endloop
  endfacet
  facet normal 0 0 1
    outer loop
      vertex 35.5221 3.96578 5
      vertex 28 15.543 5
      vertex 35.2616 3.99144 5
    endloop
  endfacet
  facet normal 0 0 1
    outer loop
      vertex 35.2616 3.99144 5
      vertex 28 15.543 5
      vertex 35 4 5
    endloop
  endfacet
  facet normal 0 0 1
    outer loop
      vertex 35 4 5
      vertex 28 15.543 5
      vertex 34.7384 3.99144 5
    endloop
  endfacet
  facet normal 0 0 1
    outer loop
      vertex 34.7384 3.99144 5
      vertex 28 15.543 5
      vertex 34.4779 3.96578 5
    endloop
  endfacet
  facet normal 0 0 1
    outer loop
      vertex 34.4779 3.96578 5
      vertex 28 15.543 5
      vertex 34.2196 3.92314 5
    endloop
  endfacet
  facet normal 0 0 1
    outer loop
      vertex 31.0086 0.261612 5
      vertex 28 15.543 5
      vertex 31 0 5
    endloop
  endfacet
  facet normal 0 0 1
    outer loop
      vertex 31.0342 0.522104 5
      vertex 28 15.543 5
      vertex 31.0086 0.261612 5
    endloop
  endfacet
  facet normal 0 0 1
    outer loop
      vertex 31.0769 0.780361 5
      vertex 28 15.543 5
      vertex 31.0342 0.522104 5
    endloop
  endfacet
  facet normal 0 0 1
    outer loop
      vertex 31.1363 1.03528 5
      vertex 28 15.543 5
      vertex 31.0769 0.780361 5
    endloop
  endfacet
  facet normal 0 0 1
    outer loop
      vertex 31.2123 1.28576 5
      vertex 28 15.543 5
      vertex 31.1363 1.03528 5
    endloop
  endfacet
  facet normal 0 0 1
    outer loop
      vertex 31.3045 1.53073 5
      vertex 28 15.543 5
      vertex 31.2123 1.28576 5
    endloop
  endfacet
  facet normal 0 0 1
    outer loop
      vertex 31.4125 1.76915 5
      vertex 28 15.543 5
      vertex 31.3045 1.53073 5
    endloop
  endfacet
  facet normal 0 0 1
    outer loop
      vertex 31.5359 2 5
      vertex 28 15.543 5
      vertex 31.4125 1.76915 5
    endloop
  endfacet
  facet normal 0 0 1
    outer loop
      vertex 31.6741 2.22228 5
      vertex 28 15.543 5
      vertex 31.5359 2 5
    endloop
  endfacet
  facet normal 0 0 1
    outer loop
      vertex 31.8266 2.43505 5
      vertex 28 15.543 5
      vertex 31.6741 2.22228 5
    endloop
  endfacet
  facet normal 0 0 1
    outer loop
      vertex 31.9926 2.63738 5
      vertex 28 15.543 5
      vertex 31.8266 2.43505 5
    endloop
  endfacet
  facet normal 0 0 1
    outer loop
      vertex 32.1716 2.82843 5
      vertex 28 15.543 5
      vertex 31.9926 2.63738 5
    endloop
  endfacet
  facet normal 0 0 1
    outer loop
      vertex 32.3626 3.00736 5
      vertex 28 15.543 5
      vertex 32.1716 2.82843 5
    endloop
  endfacet
  facet normal 0 0 1
    outer loop
      vertex 32.565 3.17341 5
      vertex 28 15.543 5
      vertex 32.3626 3.00736 5
    endloop
  endfacet
  facet normal 0 0 1
    outer loop
      vertex 32.7777 3.32588 5
      vertex 28 15.543 5
      vertex 32.565 3.17341 5
    endloop
  endfacet
  facet normal 0 0 1
    outer loop
      vertex 33 3.4641 5
      vertex 28 15.543 5
      vertex 32.7777 3.32588 5
    endloop
  endfacet
  facet normal 0 0 1
    outer loop
      vertex 33.2308 3.58749 5
      vertex 28 15.543 5
      vertex 33 3.4641 5
    endloop
  endfacet
  facet normal 0 0 1
    outer loop
      vertex 33.4693 3.69552 5
      vertex 28 15.543 5
      vertex 33.2308 3.58749 5
    endloop
  endfacet
  facet normal 0 0 1
    outer loop
      vertex 33.7142 3.78772 5
      vertex 28 15.543 5
      vertex 33.4693 3.69552 5
    endloop
  endfacet
  facet normal 0 0 1
    outer loop
      vertex 33.9647 3.8637 5
      vertex 28 15.543 5
      vertex 33.7142 3.78772 5
    endloop
  endfacet
  facet normal 0 0 1
    outer loop
      vertex 34.2196 3.92314 5
      vertex 28 15.543 5
      vertex 33.9647 3.8637 5
    endloop
  endfacet
  facet normal -0 0 1
    outer loop
      vertex 38.9914 -0.261612 5
      vertex 98 -19 5
      vertex 39 0 5
    endloop
  endfacet
  facet normal -0 0 1
    outer loop
      vertex 38.9658 -0.522104 5
      vertex 98 -19 5
      vertex 38.9914 -0.261612 5
    endloop
  endfacet
  facet normal -0 0 1
    outer loop
      vertex 38.9231 -0.780361 5
      vertex 98 -19 5
      vertex 38.9658 -0.522104 5
    endloop
  endfacet
  facet normal -0 0 1
    outer loop
      vertex 38.8637 -1.03528 5
      vertex 98 -19 5
      vertex 38.9231 -0.780361 5
    endloop
  endfacet
  facet normal -0 0 1
    outer loop
      vertex 38.7877 -1.28576 5
      vertex 98 -19 5
      vertex 38.8637 -1.03528 5
    endloop
  endfacet
  facet normal -0 0 1
    outer loop
      vertex 38.6955 -1.53073 5
      vertex 98 -19 5
      vertex 38.7877 -1.28576 5
    endloop
  endfacet
  facet normal -0 0 1
    outer loop
      vertex 38.5875 -1.76915 5
      vertex 98 -19 5
      vertex 38.6955 -1.53073 5
    endloop
  endfacet
  facet normal -0 0 1
    outer loop
      vertex 38.4641 -2 5
      vertex 98 -19 5
      vertex 38.5875 -1.76915 5
    endloop
  endfacet
  facet normal -0 0 1
    outer loop
      vertex 38.3259 -2.22228 5
      vertex 98 -19 5
      vertex 38.4641 -2 5
    endloop
  endfacet
  facet normal -0 0 1
    outer loop
      vertex 38.1734 -2.43505 5
      vertex 98 -19 5
      vertex 38.3259 -2.22228 5
    endloop
  endfacet
  facet normal 0 0 1
    outer loop
      vertex 98 -19 5
      vertex 38.1734 -2.43505 5
      vertex 98.0769 -19.7803 5
    endloop
  endfacet
  facet normal -0 0 1
    outer loop
      vertex 38.0074 -2.63738 5
      vertex 98.0769 -19.7803 5
      vertex 38.1734 -2.43505 5
    endloop
  endfacet
  facet normal -0 0 1
    outer loop
      vertex 37.8284 -2.82843 5
      vertex 98.0769 -19.7803 5
      vertex 38.0074 -2.63738 5
    endloop
  endfacet
  facet normal -0 0 1
    outer loop
      vertex 37.6374 -3.00736 5
      vertex 98.0769 -19.7803 5
      vertex 37.8284 -2.82843 5
    endloop
  endfacet
  facet normal 0 0 1
    outer loop
      vertex 98.0769 -19.7803 5
      vertex 37.6374 -3.00736 5
      vertex 98.2461 -20.3382 5
    endloop
  endfacet
  facet normal 0 0 1
    outer loop
      vertex 28 -15.543 5
      vertex 37.6374 -3.00736 5
      vertex 37.435 -3.17341 5
    endloop
  endfacet
  facet normal 0 0 1
    outer loop
      vertex 28 -15.543 5
      vertex 37.435 -3.17341 5
      vertex 37.2223 -3.32588 5
    endloop
  endfacet
  facet normal 0 0 1
    outer loop
      vertex 28 -15.543 5
      vertex 37.2223 -3.32588 5
      vertex 37 -3.4641 5
    endloop
  endfacet
  facet normal 0 0 1
    outer loop
      vertex 28 -15.543 5
      vertex 37 -3.4641 5
      vertex 36.7692 -3.58749 5
    endloop
  endfacet
  facet normal 0 0 1
    outer loop
      vertex 28 -15.543 5
      vertex 36.7692 -3.58749 5
      vertex 36.5307 -3.69552 5
    endloop
  endfacet
  facet normal 0 0 1
    outer loop
      vertex 28 -15.543 5
      vertex 36.5307 -3.69552 5
      vertex 36.2858 -3.78772 5
    endloop
  endfacet
  facet normal 0 0 1
    outer loop
      vertex 28 -15.543 5
      vertex 36.2858 -3.78772 5
      vertex 36.0353 -3.8637 5
    endloop
  endfacet
  facet normal 0 0 1
    outer loop
      vertex 28 -15.543 5
      vertex 36.0353 -3.8637 5
      vertex 35.7804 -3.92314 5
    endloop
  endfacet
  facet normal 0 0 1
    outer loop
      vertex 28 -15.543 5
      vertex 35.7804 -3.92314 5
      vertex 35.5221 -3.96578 5
    endloop
  endfacet
  facet normal 0 0 1
    outer loop
      vertex 28 -15.543 5
      vertex 35.5221 -3.96578 5
      vertex 35.2616 -3.99144 5
    endloop
  endfacet
  facet normal 0 0 1
    outer loop
      vertex 28 -15.543 5
      vertex 35.2616 -3.99144 5
      vertex 35 -4 5
    endloop
  endfacet
  facet normal 0 0 1
    outer loop
      vertex 28 -15.543 5
      vertex 35 -4 5
      vertex 34.7384 -3.99144 5
    endloop
  endfacet
  facet normal 0 0 1
    outer loop
      vertex 28 -15.543 5
      vertex 34.7384 -3.99144 5
      vertex 34.4779 -3.96578 5
    endloop
  endfacet
  facet normal 0 0 1
    outer loop
      vertex 28 -15.543 5
      vertex 34.4779 -3.96578 5
      vertex 34.2196 -3.92314 5
    endloop
  endfacet
  facet normal 0 0 1
    outer loop
      vertex 28 -15.543 5
      vertex 34.2196 -3.92314 5
      vertex 33.9647 -3.8637 5
    endloop
  endfacet
  facet normal 0 0 1
    outer loop
      vertex 28 -15.543 5
      vertex 31 0 5
      vertex 28 15.543 5
    endloop
  endfacet
  facet normal 0 0 1
    outer loop
      vertex 31 0 5
      vertex 28 -15.543 5
      vertex 31.0086 -0.261612 5
    endloop
  endfacet
  facet normal 0 0 1
    outer loop
      vertex 31.0086 -0.261612 5
      vertex 28 -15.543 5
      vertex 31.0342 -0.522104 5
    endloop
  endfacet
  facet normal 0 0 1
    outer loop
      vertex 37.6374 -3.00736 5
      vertex 28 -15.543 5
      vertex 98.2461 -20.3382 5
    endloop
  endfacet
  facet normal 0 0 1
    outer loop
      vertex 33.7142 -3.78772 5
      vertex 28 -15.543 5
      vertex 33.9647 -3.8637 5
    endloop
  endfacet
  facet normal 0 0 1
    outer loop
      vertex 33.4693 -3.69552 5
      vertex 28 -15.543 5
      vertex 33.7142 -3.78772 5
    endloop
  endfacet
  facet normal 0 0 1
    outer loop
      vertex 33.2308 -3.58749 5
      vertex 28 -15.543 5
      vertex 33.4693 -3.69552 5
    endloop
  endfacet
  facet normal 0 0 1
    outer loop
      vertex 33 -3.4641 5
      vertex 28 -15.543 5
      vertex 33.2308 -3.58749 5
    endloop
  endfacet
  facet normal 0 0 1
    outer loop
      vertex 32.7777 -3.32588 5
      vertex 28 -15.543 5
      vertex 33 -3.4641 5
    endloop
  endfacet
  facet normal 0 0 1
    outer loop
      vertex 32.565 -3.17341 5
      vertex 28 -15.543 5
      vertex 32.7777 -3.32588 5
    endloop
  endfacet
  facet normal 0 0 1
    outer loop
      vertex 32.3626 -3.00736 5
      vertex 28 -15.543 5
      vertex 32.565 -3.17341 5
    endloop
  endfacet
  facet normal 0 0 1
    outer loop
      vertex 32.1716 -2.82843 5
      vertex 28 -15.543 5
      vertex 32.3626 -3.00736 5
    endloop
  endfacet
  facet normal 0 0 1
    outer loop
      vertex 31.9926 -2.63738 5
      vertex 28 -15.543 5
      vertex 32.1716 -2.82843 5
    endloop
  endfacet
  facet normal 0 0 1
    outer loop
      vertex 31.8266 -2.43505 5
      vertex 28 -15.543 5
      vertex 31.9926 -2.63738 5
    endloop
  endfacet
  facet normal 0 0 1
    outer loop
      vertex 31.6741 -2.22228 5
      vertex 28 -15.543 5
      vertex 31.8266 -2.43505 5
    endloop
  endfacet
  facet normal 0 0 1
    outer loop
      vertex 31.5359 -2 5
      vertex 28 -15.543 5
      vertex 31.6741 -2.22228 5
    endloop
  endfacet
  facet normal 0 0 1
    outer loop
      vertex 31.4125 -1.76915 5
      vertex 28 -15.543 5
      vertex 31.5359 -2 5
    endloop
  endfacet
  facet normal 0 0 1
    outer loop
      vertex 31.3045 -1.53073 5
      vertex 28 -15.543 5
      vertex 31.4125 -1.76915 5
    endloop
  endfacet
  facet normal 0 0 1
    outer loop
      vertex 31.2123 -1.28576 5
      vertex 28 -15.543 5
      vertex 31.3045 -1.53073 5
    endloop
  endfacet
  facet normal 0 0 1
    outer loop
      vertex 31.1363 -1.03528 5
      vertex 28 -15.543 5
      vertex 31.2123 -1.28576 5
    endloop
  endfacet
  facet normal 0 0 1
    outer loop
      vertex 31.0769 -0.780361 5
      vertex 28 -15.543 5
      vertex 31.1363 -1.03528 5
    endloop
  endfacet
  facet normal 0 0 1
    outer loop
      vertex 31.0342 -0.522104 5
      vertex 28 -15.543 5
      vertex 31.0769 -0.780361 5
    endloop
  endfacet
  facet normal 0.290036 -0.957016 0
    outer loop
      vertex 119.28 -22.9231 0
      vertex 120.031 -22.6955 27
      vertex 119.28 -22.9231 27
    endloop
  endfacet
  facet normal 0.290036 -0.957016 0
    outer loop
      vertex 120.031 -22.6955 27
      vertex 119.28 -22.9231 0
      vertex 120.031 -22.6955 0
    endloop
  endfacet
  facet normal 1 0 0
    outer loop
      vertex 122.5 -12.7 27
      vertex 122.5 -19 27
      vertex 122.5 -12.7 9.2
    endloop
  endfacet
  facet normal 1 0 0
    outer loop
      vertex 122.5 12.7 9.2
      vertex 122.5 19 27
      vertex 122.5 12.7 27
    endloop
  endfacet
  facet normal 1 0 0
    outer loop
      vertex 122.5 19 27
      vertex 122.5 12.7 9.2
      vertex 122.5 19 0
    endloop
  endfacet
  facet normal 1 -0 0
    outer loop
      vertex 122.5 -12.7 9.2
      vertex 122.5 19 0
      vertex 122.5 12.7 9.2
    endloop
  endfacet
  facet normal 1 0 0
    outer loop
      vertex 122.5 -12.7 9.2
      vertex 122.5 -19 0
      vertex 122.5 19 0
    endloop
  endfacet
  facet normal 1 0 0
    outer loop
      vertex 122.5 -19 0
      vertex 122.5 -12.7 9.2
      vertex 122.5 -19 27
    endloop
  endfacet
  facet normal -0.0979934 -0.995187 0
    outer loop
      vertex -2.08842 -15.8631 0
      vertex -1.04645 -15.9657 5
      vertex -2.08842 -15.8631 5
    endloop
  endfacet
  facet normal -0.0979934 -0.995187 -0
    outer loop
      vertex -1.04645 -15.9657 5
      vertex -2.08842 -15.8631 0
      vertex -1.04645 -15.9657 0
    endloop
  endfacet
  facet normal -0.0979934 0.995187 0
    outer loop
      vertex -1.04645 15.9657 0
      vertex -2.08842 15.8631 5
      vertex -1.04645 15.9657 5
    endloop
  endfacet
  facet normal -0.0979934 0.995187 0
    outer loop
      vertex -2.08842 15.8631 5
      vertex -1.04645 15.9657 0
      vertex -2.08842 15.8631 0
    endloop
  endfacet
  facet normal 0.995166 0.098203 0
    outer loop
      vertex 122.5 19 27
      vertex 122.423 19.7803 0
      vertex 122.423 19.7803 27
    endloop
  endfacet
  facet normal 0.995166 0.098203 0
    outer loop
      vertex 122.423 19.7803 0
      vertex 122.5 19 27
      vertex 122.5 19 0
    endloop
  endfacet
  facet normal -0.683566 -0.729889 0
    outer loop
      vertex -11.3137 -11.3137 0
      vertex -10.5495 -12.0294 5
      vertex -11.3137 -11.3137 5
    endloop
  endfacet
  facet normal -0.683566 -0.729889 -0
    outer loop
      vertex -10.5495 -12.0294 5
      vertex -11.3137 -11.3137 0
      vertex -10.5495 -12.0294 0
    endloop
  endfacet
  facet normal 0 1 0
    outer loop
      vertex 118.5 23 27
      vertex 102 23 5
      vertex 102 23 27
    endloop
  endfacet
  facet normal 0 1 -0
    outer loop
      vertex 118.5 23 0
      vertex 102 23 5
      vertex 118.5 23 27
    endloop
  endfacet
  facet normal 0 1 0
    outer loop
      vertex 102 23 5
      vertex 118.5 23 0
      vertex 102 23 0
    endloop
  endfacet
  facet normal 0.881745 -0.471726 0
    outer loop
      vertex 121.826 -21.2223 27
      vertex 122.196 -20.5307 0
      vertex 122.196 -20.5307 27
    endloop
  endfacet
  facet normal 0.881745 -0.471726 0
    outer loop
      vertex 122.196 -20.5307 0
      vertex 121.826 -21.2223 27
      vertex 121.826 -21.2223 0
    endloop
  endfacet
  facet normal 0.957164 -0.289547 0
    outer loop
      vertex 122.196 -20.5307 27
      vertex 122.423 -19.7803 0
      vertex 122.423 -19.7803 27
    endloop
  endfacet
  facet normal 0.957164 -0.289547 0
    outer loop
      vertex 122.423 -19.7803 0
      vertex 122.196 -20.5307 27
      vertex 122.196 -20.5307 0
    endloop
  endfacet
  facet normal 0 -1 0
    outer loop
      vertex 102 -23 5
      vertex 118.5 -23 27
      vertex 102 -23 27
    endloop
  endfacet
  facet normal 0 -1 0
    outer loop
      vertex 118.5 -23 0
      vertex 102 -23 5
      vertex 102 -23 0
    endloop
  endfacet
  facet normal 0 -1 0
    outer loop
      vertex 102 -23 5
      vertex 118.5 -23 0
      vertex 118.5 -23 27
    endloop
  endfacet
  facet normal 0.0981141 -0.995175 0
    outer loop
      vertex 118.5 -23 0
      vertex 119.28 -22.9231 27
      vertex 118.5 -23 27
    endloop
  endfacet
  facet normal 0.0981141 -0.995175 0
    outer loop
      vertex 119.28 -22.9231 27
      vertex 118.5 -23 0
      vertex 119.28 -22.9231 0
    endloop
  endfacet
  facet normal -0.0681049 -0.997678 0
    outer loop
      vertex -1.04645 -15.9657 0
      vertex 102 -23 5
      vertex -1.04645 -15.9657 5
    endloop
  endfacet
  facet normal -0.0681049 -0.997678 -0
    outer loop
      vertex 102 -23 5
      vertex -1.04645 -15.9657 0
      vertex 102 -23 0
    endloop
  endfacet
  facet normal -0.910868 -0.412698 0
    outer loop
      vertex -14.35 -7.07662 0
      vertex -14.7821 -6.12293 5
      vertex -14.7821 -6.12293 0
    endloop
  endfacet
  facet normal -0.910868 -0.412698 0
    outer loop
      vertex -14.7821 -6.12293 5
      vertex -14.35 -7.07662 0
      vertex -14.35 -7.07662 5
    endloop
  endfacet
  facet normal 0.290036 0.957016 -0
    outer loop
      vertex 120.031 22.6955 0
      vertex 119.28 22.9231 27
      vertex 120.031 22.6955 27
    endloop
  endfacet
  facet normal 0.290036 0.957016 0
    outer loop
      vertex 119.28 22.9231 27
      vertex 120.031 22.6955 0
      vertex 119.28 22.9231 0
    endloop
  endfacet
  facet normal -0.0681049 0.997678 0
    outer loop
      vertex 102 23 0
      vertex -1.04645 15.9657 5
      vertex 102 23 5
    endloop
  endfacet
  facet normal -0.0681049 0.997678 0
    outer loop
      vertex -1.04645 15.9657 5
      vertex 102 23 0
      vertex -1.04645 15.9657 0
    endloop
  endfacet
  facet normal 0.634522 -0.772905 0
    outer loop
      vertex 120.722 -22.3259 0
      vertex 121.328 -21.8284 27
      vertex 120.722 -22.3259 27
    endloop
  endfacet
  facet normal 0.634522 -0.772905 0
    outer loop
      vertex 121.328 -21.8284 27
      vertex 120.722 -22.3259 0
      vertex 121.328 -21.8284 0
    endloop
  endfacet
  facet normal 0.772644 -0.63484 0
    outer loop
      vertex 121.328 -21.8284 27
      vertex 121.826 -21.2223 0
      vertex 121.826 -21.2223 27
    endloop
  endfacet
  facet normal 0.772644 -0.63484 0
    outer loop
      vertex 121.826 -21.2223 0
      vertex 121.328 -21.8284 27
      vertex 121.328 -21.8284 0
    endloop
  endfacet
  facet normal 0.471648 -0.881787 0
    outer loop
      vertex 120.031 -22.6955 0
      vertex 120.722 -22.3259 27
      vertex 120.031 -22.6955 27
    endloop
  endfacet
  facet normal 0.471648 -0.881787 0
    outer loop
      vertex 120.722 -22.3259 27
      vertex 120.031 -22.6955 0
      vertex 120.722 -22.3259 0
    endloop
  endfacet
  facet normal 0.995166 -0.098203 0
    outer loop
      vertex 122.423 -19.7803 27
      vertex 122.5 -19 0
      vertex 122.5 -19 27
    endloop
  endfacet
  facet normal 0.995166 -0.098203 0
    outer loop
      vertex 122.5 -19 0
      vertex 122.423 -19.7803 27
      vertex 122.423 -19.7803 0
    endloop
  endfacet
  facet normal -0.412698 -0.910868 0
    outer loop
      vertex -7.07662 -14.35 0
      vertex -6.12293 -14.7821 5
      vertex -7.07662 -14.35 5
    endloop
  endfacet
  facet normal -0.412698 -0.910868 -0
    outer loop
      vertex -6.12293 -14.7821 5
      vertex -7.07662 -14.35 0
      vertex -6.12293 -14.7821 0
    endloop
  endfacet
  facet normal -0.956949 -0.290257 0
    outer loop
      vertex -15.1509 -5.14303 0
      vertex -15.4548 -4.1411 5
      vertex -15.4548 -4.1411 0
    endloop
  endfacet
  facet normal -0.956949 -0.290257 0
    outer loop
      vertex -15.4548 -4.1411 5
      vertex -15.1509 -5.14303 0
      vertex -15.1509 -5.14303 5
    endloop
  endfacet
  facet normal 0.881745 0.471726 0
    outer loop
      vertex 122.196 20.5307 27
      vertex 121.826 21.2223 0
      vertex 121.826 21.2223 27
    endloop
  endfacet
  facet normal 0.881745 0.471726 0
    outer loop
      vertex 121.826 21.2223 0
      vertex 122.196 20.5307 27
      vertex 122.196 20.5307 0
    endloop
  endfacet
  facet normal 0.0981141 0.995175 -0
    outer loop
      vertex 119.28 22.9231 0
      vertex 118.5 23 27
      vertex 119.28 22.9231 27
    endloop
  endfacet
  facet normal 0.0981141 0.995175 0
    outer loop
      vertex 118.5 23 27
      vertex 119.28 22.9231 0
      vertex 118.5 23 0
    endloop
  endfacet
  facet normal -0.995187 0.0979934 0
    outer loop
      vertex -15.9657 1.04645 0
      vertex -15.8631 2.08842 5
      vertex -15.8631 2.08842 0
    endloop
  endfacet
  facet normal -0.995187 0.0979934 0
    outer loop
      vertex -15.8631 2.08842 5
      vertex -15.9657 1.04645 0
      vertex -15.9657 1.04645 5
    endloop
  endfacet
  facet normal -0.22712 -0.973867 0
    outer loop
      vertex -4.1411 -15.4548 0
      vertex -3.12144 -15.6926 5
      vertex -4.1411 -15.4548 5
    endloop
  endfacet
  facet normal -0.22712 -0.973867 -0
    outer loop
      vertex -3.12144 -15.6926 5
      vertex -4.1411 -15.4548 0
      vertex -3.12144 -15.6926 0
    endloop
  endfacet
  facet normal -0.162847 -0.986651 0
    outer loop
      vertex -3.12144 -15.6926 0
      vertex -2.08842 -15.8631 5
      vertex -3.12144 -15.6926 5
    endloop
  endfacet
  facet normal -0.162847 -0.986651 -0
    outer loop
      vertex -2.08842 -15.8631 5
      vertex -3.12144 -15.6926 0
      vertex -2.08842 -15.8631 0
    endloop
  endfacet
  facet normal -0.528075 -0.849198 0
    outer loop
      vertex -8.88912 -13.3035 0
      vertex -8 -13.8564 5
      vertex -8.88912 -13.3035 5
    endloop
  endfacet
  facet normal -0.528075 -0.849198 -0
    outer loop
      vertex -8 -13.8564 5
      vertex -8.88912 -13.3035 0
      vertex -8 -13.8564 0
    endloop
  endfacet
  facet normal -0.582439 -0.812874 0
    outer loop
      vertex -9.74018 -12.6937 0
      vertex -8.88912 -13.3035 5
      vertex -9.74018 -12.6937 5
    endloop
  endfacet
  facet normal -0.582439 -0.812874 -0
    outer loop
      vertex -8.88912 -13.3035 5
      vertex -9.74018 -12.6937 0
      vertex -8.88912 -13.3035 0
    endloop
  endfacet
  facet normal -0.471429 -0.881904 0
    outer loop
      vertex -8 -13.8564 0
      vertex -7.07662 -14.35 5
      vertex -8 -13.8564 5
    endloop
  endfacet
  facet normal -0.471429 -0.881904 -0
    outer loop
      vertex -7.07662 -14.35 5
      vertex -8 -13.8564 0
      vertex -7.07662 -14.35 0
    endloop
  endfacet
  facet normal -0.812874 -0.582439 0
    outer loop
      vertex -12.6937 -9.74018 0
      vertex -13.3035 -8.88912 5
      vertex -13.3035 -8.88912 0
    endloop
  endfacet
  facet normal -0.812874 -0.582439 0
    outer loop
      vertex -13.3035 -8.88912 5
      vertex -12.6937 -9.74018 0
      vertex -12.6937 -9.74018 5
    endloop
  endfacet
  facet normal -0.849198 -0.528075 0
    outer loop
      vertex -13.3035 -8.88912 0
      vertex -13.8564 -8 5
      vertex -13.8564 -8 0
    endloop
  endfacet
  facet normal -0.849198 -0.528075 0
    outer loop
      vertex -13.8564 -8 5
      vertex -13.3035 -8.88912 0
      vertex -13.3035 -8.88912 5
    endloop
  endfacet
  facet normal -0.935909 -0.352243 0
    outer loop
      vertex -14.7821 -6.12293 0
      vertex -15.1509 -5.14303 5
      vertex -15.1509 -5.14303 0
    endloop
  endfacet
  facet normal -0.935909 -0.352243 0
    outer loop
      vertex -15.1509 -5.14303 5
      vertex -14.7821 -6.12293 0
      vertex -14.7821 -6.12293 5
    endloop
  endfacet
  facet normal 0.957164 0.289547 0
    outer loop
      vertex 122.423 19.7803 27
      vertex 122.196 20.5307 0
      vertex 122.196 20.5307 27
    endloop
  endfacet
  facet normal 0.957164 0.289547 0
    outer loop
      vertex 122.196 20.5307 0
      vertex 122.423 19.7803 27
      vertex 122.423 19.7803 0
    endloop
  endfacet
  facet normal 0.634522 0.772905 -0
    outer loop
      vertex 121.328 21.8284 0
      vertex 120.722 22.3259 27
      vertex 121.328 21.8284 27
    endloop
  endfacet
  facet normal 0.634522 0.772905 0
    outer loop
      vertex 120.722 22.3259 27
      vertex 121.328 21.8284 0
      vertex 120.722 22.3259 0
    endloop
  endfacet
  facet normal 0.772644 0.63484 0
    outer loop
      vertex 121.826 21.2223 27
      vertex 121.328 21.8284 0
      vertex 121.328 21.8284 27
    endloop
  endfacet
  facet normal 0.772644 0.63484 0
    outer loop
      vertex 121.328 21.8284 0
      vertex 121.826 21.2223 27
      vertex 121.826 21.2223 0
    endloop
  endfacet
  facet normal -0.471429 0.881904 0
    outer loop
      vertex -7.07662 14.35 0
      vertex -8 13.8564 5
      vertex -7.07662 14.35 5
    endloop
  endfacet
  facet normal -0.471429 0.881904 0
    outer loop
      vertex -8 13.8564 5
      vertex -7.07662 14.35 0
      vertex -8 13.8564 0
    endloop
  endfacet
  facet normal -0.290257 0.956949 0
    outer loop
      vertex -4.1411 15.4548 0
      vertex -5.14303 15.1509 5
      vertex -4.1411 15.4548 5
    endloop
  endfacet
  facet normal -0.290257 0.956949 0
    outer loop
      vertex -5.14303 15.1509 5
      vertex -4.1411 15.4548 0
      vertex -5.14303 15.1509 0
    endloop
  endfacet
  facet normal -0.812874 0.582439 0
    outer loop
      vertex -13.3035 8.88912 0
      vertex -12.6937 9.74018 5
      vertex -12.6937 9.74018 0
    endloop
  endfacet
  facet normal -0.812874 0.582439 0
    outer loop
      vertex -12.6937 9.74018 5
      vertex -13.3035 8.88912 0
      vertex -13.3035 8.88912 5
    endloop
  endfacet
  facet normal -0.935909 0.352243 0
    outer loop
      vertex -15.1509 5.14303 0
      vertex -14.7821 6.12293 5
      vertex -14.7821 6.12293 0
    endloop
  endfacet
  facet normal -0.935909 0.352243 0
    outer loop
      vertex -14.7821 6.12293 5
      vertex -15.1509 5.14303 0
      vertex -15.1509 5.14303 5
    endloop
  endfacet
  facet normal -0.956949 0.290257 0
    outer loop
      vertex -15.4548 4.1411 0
      vertex -15.1509 5.14303 5
      vertex -15.1509 5.14303 0
    endloop
  endfacet
  facet normal -0.956949 0.290257 0
    outer loop
      vertex -15.1509 5.14303 5
      vertex -15.4548 4.1411 0
      vertex -15.4548 4.1411 5
    endloop
  endfacet
  facet normal -0.986651 0.162847 0
    outer loop
      vertex -15.8631 2.08842 0
      vertex -15.6926 3.12144 5
      vertex -15.6926 3.12144 0
    endloop
  endfacet
  facet normal -0.986651 0.162847 0
    outer loop
      vertex -15.6926 3.12144 5
      vertex -15.8631 2.08842 0
      vertex -15.8631 2.08842 5
    endloop
  endfacet
  facet normal -0.352243 -0.935909 0
    outer loop
      vertex -6.12293 -14.7821 0
      vertex -5.14303 -15.1509 5
      vertex -6.12293 -14.7821 5
    endloop
  endfacet
  facet normal -0.352243 -0.935909 -0
    outer loop
      vertex -5.14303 -15.1509 5
      vertex -6.12293 -14.7821 0
      vertex -5.14303 -15.1509 0
    endloop
  endfacet
  facet normal -0.290257 -0.956949 0
    outer loop
      vertex -5.14303 -15.1509 0
      vertex -4.1411 -15.4548 5
      vertex -5.14303 -15.1509 5
    endloop
  endfacet
  facet normal -0.290257 -0.956949 -0
    outer loop
      vertex -4.1411 -15.4548 5
      vertex -5.14303 -15.1509 0
      vertex -4.1411 -15.4548 0
    endloop
  endfacet
  facet normal -0.634455 -0.77296 0
    outer loop
      vertex -10.5495 -12.0294 0
      vertex -9.74018 -12.6937 5
      vertex -10.5495 -12.0294 5
    endloop
  endfacet
  facet normal -0.634455 -0.77296 -0
    outer loop
      vertex -9.74018 -12.6937 5
      vertex -10.5495 -12.0294 0
      vertex -9.74018 -12.6937 0
    endloop
  endfacet
  facet normal -0.77296 -0.634455 0
    outer loop
      vertex -12.0294 -10.5495 0
      vertex -12.6937 -9.74018 5
      vertex -12.6937 -9.74018 0
    endloop
  endfacet
  facet normal -0.77296 -0.634455 0
    outer loop
      vertex -12.6937 -9.74018 5
      vertex -12.0294 -10.5495 0
      vertex -12.0294 -10.5495 5
    endloop
  endfacet
  facet normal -0.729889 -0.683566 0
    outer loop
      vertex -11.3137 -11.3137 0
      vertex -12.0294 -10.5495 5
      vertex -12.0294 -10.5495 0
    endloop
  endfacet
  facet normal -0.729889 -0.683566 0
    outer loop
      vertex -12.0294 -10.5495 5
      vertex -11.3137 -11.3137 0
      vertex -11.3137 -11.3137 5
    endloop
  endfacet
  facet normal -0.881904 -0.471429 0
    outer loop
      vertex -13.8564 -8 0
      vertex -14.35 -7.07662 5
      vertex -14.35 -7.07662 0
    endloop
  endfacet
  facet normal -0.881904 -0.471429 0
    outer loop
      vertex -14.35 -7.07662 5
      vertex -13.8564 -8 0
      vertex -13.8564 -8 5
    endloop
  endfacet
  facet normal -0.973867 -0.22712 0
    outer loop
      vertex -15.4548 -4.1411 0
      vertex -15.6926 -3.12144 5
      vertex -15.6926 -3.12144 0
    endloop
  endfacet
  facet normal -0.973867 -0.22712 0
    outer loop
      vertex -15.6926 -3.12144 5
      vertex -15.4548 -4.1411 0
      vertex -15.4548 -4.1411 5
    endloop
  endfacet
  facet normal -0.986651 -0.162847 0
    outer loop
      vertex -15.6926 -3.12144 0
      vertex -15.8631 -2.08842 5
      vertex -15.8631 -2.08842 0
    endloop
  endfacet
  facet normal -0.986651 -0.162847 0
    outer loop
      vertex -15.8631 -2.08842 5
      vertex -15.6926 -3.12144 0
      vertex -15.6926 -3.12144 5
    endloop
  endfacet
  facet normal 0.471648 0.881787 -0
    outer loop
      vertex 120.722 22.3259 0
      vertex 120.031 22.6955 27
      vertex 120.722 22.3259 27
    endloop
  endfacet
  facet normal 0.471648 0.881787 0
    outer loop
      vertex 120.031 22.6955 27
      vertex 120.722 22.3259 0
      vertex 120.031 22.6955 0
    endloop
  endfacet
  facet normal -0.582439 0.812874 0
    outer loop
      vertex -8.88912 13.3035 0
      vertex -9.74018 12.6937 5
      vertex -8.88912 13.3035 5
    endloop
  endfacet
  facet normal -0.582439 0.812874 0
    outer loop
      vertex -9.74018 12.6937 5
      vertex -8.88912 13.3035 0
      vertex -9.74018 12.6937 0
    endloop
  endfacet
  facet normal -0.412698 0.910868 0
    outer loop
      vertex -6.12293 14.7821 0
      vertex -7.07662 14.35 5
      vertex -6.12293 14.7821 5
    endloop
  endfacet
  facet normal -0.412698 0.910868 0
    outer loop
      vertex -7.07662 14.35 5
      vertex -6.12293 14.7821 0
      vertex -7.07662 14.35 0
    endloop
  endfacet
  facet normal -0.22712 0.973867 0
    outer loop
      vertex -3.12144 15.6926 0
      vertex -4.1411 15.4548 5
      vertex -3.12144 15.6926 5
    endloop
  endfacet
  facet normal -0.22712 0.973867 0
    outer loop
      vertex -4.1411 15.4548 5
      vertex -3.12144 15.6926 0
      vertex -4.1411 15.4548 0
    endloop
  endfacet
  facet normal -0.849198 0.528075 0
    outer loop
      vertex -13.8564 8 0
      vertex -13.3035 8.88912 5
      vertex -13.3035 8.88912 0
    endloop
  endfacet
  facet normal -0.849198 0.528075 0
    outer loop
      vertex -13.3035 8.88912 5
      vertex -13.8564 8 0
      vertex -13.8564 8 5
    endloop
  endfacet
  facet normal -0.77296 0.634455 0
    outer loop
      vertex -12.6937 9.74018 0
      vertex -12.0294 10.5495 5
      vertex -12.0294 10.5495 0
    endloop
  endfacet
  facet normal -0.77296 0.634455 0
    outer loop
      vertex -12.0294 10.5495 5
      vertex -12.6937 9.74018 0
      vertex -12.6937 9.74018 5
    endloop
  endfacet
  facet normal -0.729889 0.683566 0
    outer loop
      vertex -12.0294 10.5495 0
      vertex -11.3137 11.3137 5
      vertex -11.3137 11.3137 0
    endloop
  endfacet
  facet normal -0.729889 0.683566 0
    outer loop
      vertex -11.3137 11.3137 5
      vertex -12.0294 10.5495 0
      vertex -12.0294 10.5495 5
    endloop
  endfacet
  facet normal -0.973867 0.22712 0
    outer loop
      vertex -15.6926 3.12144 0
      vertex -15.4548 4.1411 5
      vertex -15.4548 4.1411 0
    endloop
  endfacet
  facet normal -0.973867 0.22712 0
    outer loop
      vertex -15.4548 4.1411 5
      vertex -15.6926 3.12144 0
      vertex -15.6926 3.12144 5
    endloop
  endfacet
  facet normal -0.528075 0.849198 0
    outer loop
      vertex -8 13.8564 0
      vertex -8.88912 13.3035 5
      vertex -8 13.8564 5
    endloop
  endfacet
  facet normal -0.528075 0.849198 0
    outer loop
      vertex -8.88912 13.3035 5
      vertex -8 13.8564 0
      vertex -8.88912 13.3035 0
    endloop
  endfacet
  facet normal -0.352243 0.935909 0
    outer loop
      vertex -5.14303 15.1509 0
      vertex -6.12293 14.7821 5
      vertex -5.14303 15.1509 5
    endloop
  endfacet
  facet normal -0.352243 0.935909 0
    outer loop
      vertex -6.12293 14.7821 5
      vertex -5.14303 15.1509 0
      vertex -6.12293 14.7821 0
    endloop
  endfacet
  facet normal -0.162847 0.986651 0
    outer loop
      vertex -2.08842 15.8631 0
      vertex -3.12144 15.6926 5
      vertex -2.08842 15.8631 5
    endloop
  endfacet
  facet normal -0.162847 0.986651 0
    outer loop
      vertex -3.12144 15.6926 5
      vertex -2.08842 15.8631 0
      vertex -3.12144 15.6926 0
    endloop
  endfacet
  facet normal -0.634455 0.77296 0
    outer loop
      vertex -9.74018 12.6937 0
      vertex -10.5495 12.0294 5
      vertex -9.74018 12.6937 5
    endloop
  endfacet
  facet normal -0.634455 0.77296 0
    outer loop
      vertex -10.5495 12.0294 5
      vertex -9.74018 12.6937 0
      vertex -10.5495 12.0294 0
    endloop
  endfacet
  facet normal -0.683566 0.729889 0
    outer loop
      vertex -10.5495 12.0294 0
      vertex -11.3137 11.3137 5
      vertex -10.5495 12.0294 5
    endloop
  endfacet
  facet normal -0.683566 0.729889 0
    outer loop
      vertex -11.3137 11.3137 5
      vertex -10.5495 12.0294 0
      vertex -11.3137 11.3137 0
    endloop
  endfacet
  facet normal -0.881904 0.471429 0
    outer loop
      vertex -14.35 7.07662 0
      vertex -13.8564 8 5
      vertex -13.8564 8 0
    endloop
  endfacet
  facet normal -0.881904 0.471429 0
    outer loop
      vertex -13.8564 8 5
      vertex -14.35 7.07662 0
      vertex -14.35 7.07662 5
    endloop
  endfacet
  facet normal -0.910868 0.412698 0
    outer loop
      vertex -14.7821 6.12293 0
      vertex -14.35 7.07662 5
      vertex -14.35 7.07662 0
    endloop
  endfacet
  facet normal -0.910868 0.412698 0
    outer loop
      vertex -14.35 7.07662 5
      vertex -14.7821 6.12293 0
      vertex -14.7821 6.12293 5
    endloop
  endfacet
  facet normal -0 0 1
    outer loop
      vertex 97.5 22.6928 27
      vertex 98.2461 20.3382 27
      vertex 102 23 27
    endloop
  endfacet
  facet normal 0 0 1
    outer loop
      vertex 98.2461 20.3382 27
      vertex 97.5 22.6928 27
      vertex 97.5 20.2872 27
    endloop
  endfacet
  facet normal 0 0 1
    outer loop
      vertex 122.5 19 27
      vertex 116.696 18.6112 27
      vertex 116.7 18.5 27
    endloop
  endfacet
  facet normal 0 0 1
    outer loop
      vertex 119.28 22.9231 27
      vertex 116.685 18.7219 27
      vertex 116.696 18.6112 27
    endloop
  endfacet
  facet normal 0 0 1
    outer loop
      vertex 119.28 22.9231 27
      vertex 116.667 18.8317 27
      vertex 116.685 18.7219 27
    endloop
  endfacet
  facet normal 0 0 1
    outer loop
      vertex 119.28 22.9231 27
      vertex 116.642 18.94 27
      vertex 116.667 18.8317 27
    endloop
  endfacet
  facet normal 0 0 1
    outer loop
      vertex 119.28 22.9231 27
      vertex 116.61 19.0464 27
      vertex 116.642 18.94 27
    endloop
  endfacet
  facet normal 0 0 1
    outer loop
      vertex 119.28 22.9231 27
      vertex 116.571 19.1506 27
      vertex 116.61 19.0464 27
    endloop
  endfacet
  facet normal 0 0 1
    outer loop
      vertex 119.28 22.9231 27
      vertex 116.525 19.2519 27
      vertex 116.571 19.1506 27
    endloop
  endfacet
  facet normal 0 0 1
    outer loop
      vertex 119.28 22.9231 27
      vertex 116.472 19.35 27
      vertex 116.525 19.2519 27
    endloop
  endfacet
  facet normal 0 0 1
    outer loop
      vertex 118.5 23 27
      vertex 116.413 19.4445 27
      vertex 116.472 19.35 27
    endloop
  endfacet
  facet normal 0 0 1
    outer loop
      vertex 118.5 23 27
      vertex 116.349 19.5349 27
      vertex 116.413 19.4445 27
    endloop
  endfacet
  facet normal 0 0 1
    outer loop
      vertex 118.5 23 27
      vertex 116.278 19.6209 27
      vertex 116.349 19.5349 27
    endloop
  endfacet
  facet normal 0 0 1
    outer loop
      vertex 118.5 23 27
      vertex 116.202 19.7021 27
      vertex 116.278 19.6209 27
    endloop
  endfacet
  facet normal 0 0 1
    outer loop
      vertex 118.5 23 27
      vertex 116.121 19.7781 27
      vertex 116.202 19.7021 27
    endloop
  endfacet
  facet normal 0 0 1
    outer loop
      vertex 118.5 23 27
      vertex 116.035 19.8487 27
      vertex 116.121 19.7781 27
    endloop
  endfacet
  facet normal 0 0 1
    outer loop
      vertex 118.5 23 27
      vertex 115.944 19.9135 27
      vertex 116.035 19.8487 27
    endloop
  endfacet
  facet normal 0 0 1
    outer loop
      vertex 118.5 23 27
      vertex 115.85 19.9722 27
      vertex 115.944 19.9135 27
    endloop
  endfacet
  facet normal 0 0 1
    outer loop
      vertex 118.5 23 27
      vertex 115.752 20.0247 27
      vertex 115.85 19.9722 27
    endloop
  endfacet
  facet normal 0 0 1
    outer loop
      vertex 118.5 23 27
      vertex 115.651 20.0706 27
      vertex 115.752 20.0247 27
    endloop
  endfacet
  facet normal 0 0 1
    outer loop
      vertex 118.5 23 27
      vertex 115.546 20.1098 27
      vertex 115.651 20.0706 27
    endloop
  endfacet
  facet normal 0 0 1
    outer loop
      vertex 118.5 23 27
      vertex 115.44 20.1421 27
      vertex 115.546 20.1098 27
    endloop
  endfacet
  facet normal 0 0 1
    outer loop
      vertex 118.5 23 27
      vertex 115.332 20.1673 27
      vertex 115.44 20.1421 27
    endloop
  endfacet
  facet normal 0 0 1
    outer loop
      vertex 118.5 23 27
      vertex 115.222 20.1855 27
      vertex 115.332 20.1673 27
    endloop
  endfacet
  facet normal 0 0 1
    outer loop
      vertex 118.5 23 27
      vertex 115.111 20.1964 27
      vertex 115.222 20.1855 27
    endloop
  endfacet
  facet normal 0 0 1
    outer loop
      vertex 118.5 23 27
      vertex 115 20.2 27
      vertex 115.111 20.1964 27
    endloop
  endfacet
  facet normal 0 0 1
    outer loop
      vertex 118.5 23 27
      vertex 114.889 20.1964 27
      vertex 115 20.2 27
    endloop
  endfacet
  facet normal 0 0 1
    outer loop
      vertex 118.5 23 27
      vertex 114.778 20.1855 27
      vertex 114.889 20.1964 27
    endloop
  endfacet
  facet normal 0 0 1
    outer loop
      vertex 118.5 23 27
      vertex 114.668 20.1673 27
      vertex 114.778 20.1855 27
    endloop
  endfacet
  facet normal 0 0 1
    outer loop
      vertex 118.5 23 27
      vertex 114.56 20.1421 27
      vertex 114.668 20.1673 27
    endloop
  endfacet
  facet normal 0 0 1
    outer loop
      vertex 118.5 23 27
      vertex 114.454 20.1098 27
      vertex 114.56 20.1421 27
    endloop
  endfacet
  facet normal 0 0 1
    outer loop
      vertex 118.5 23 27
      vertex 114.349 20.0706 27
      vertex 114.454 20.1098 27
    endloop
  endfacet
  facet normal -0 0 1
    outer loop
      vertex 102 23 27
      vertex 114.349 20.0706 27
      vertex 118.5 23 27
    endloop
  endfacet
  facet normal 0 0 1
    outer loop
      vertex 114.349 20.0706 27
      vertex 102 23 27
      vertex 114.248 20.0247 27
    endloop
  endfacet
  facet normal 0 0 1
    outer loop
      vertex 114.248 20.0247 27
      vertex 102 23 27
      vertex 114.15 19.9722 27
    endloop
  endfacet
  facet normal 0 0 1
    outer loop
      vertex 113.304 18.6112 27
      vertex 104.5 12.7 27
      vertex 113.3 18.5 27
    endloop
  endfacet
  facet normal 0 0 1
    outer loop
      vertex 102 23 27
      vertex 113.304 18.6112 27
      vertex 113.315 18.7219 27
    endloop
  endfacet
  facet normal 0 0 1
    outer loop
      vertex 102 23 27
      vertex 113.315 18.7219 27
      vertex 113.333 18.8317 27
    endloop
  endfacet
  facet normal 0 0 1
    outer loop
      vertex 102 23 27
      vertex 113.333 18.8317 27
      vertex 113.358 18.94 27
    endloop
  endfacet
  facet normal 0 0 1
    outer loop
      vertex 102 23 27
      vertex 113.358 18.94 27
      vertex 113.39 19.0464 27
    endloop
  endfacet
  facet normal 0 0 1
    outer loop
      vertex 102 23 27
      vertex 113.39 19.0464 27
      vertex 113.429 19.1506 27
    endloop
  endfacet
  facet normal 0 0 1
    outer loop
      vertex 102 23 27
      vertex 113.429 19.1506 27
      vertex 113.475 19.2519 27
    endloop
  endfacet
  facet normal 0 0 1
    outer loop
      vertex 102 23 27
      vertex 113.475 19.2519 27
      vertex 113.528 19.35 27
    endloop
  endfacet
  facet normal 0 0 1
    outer loop
      vertex 102 23 27
      vertex 113.528 19.35 27
      vertex 113.587 19.4445 27
    endloop
  endfacet
  facet normal 0 0 1
    outer loop
      vertex 102 23 27
      vertex 113.587 19.4445 27
      vertex 113.651 19.5349 27
    endloop
  endfacet
  facet normal 0 0 1
    outer loop
      vertex 102 23 27
      vertex 113.651 19.5349 27
      vertex 113.722 19.6209 27
    endloop
  endfacet
  facet normal 0 0 1
    outer loop
      vertex 102 23 27
      vertex 113.722 19.6209 27
      vertex 113.798 19.7021 27
    endloop
  endfacet
  facet normal 0 0 1
    outer loop
      vertex 102 23 27
      vertex 113.798 19.7021 27
      vertex 113.879 19.7781 27
    endloop
  endfacet
  facet normal 0 0 1
    outer loop
      vertex 102 23 27
      vertex 113.879 19.7781 27
      vertex 113.965 19.8487 27
    endloop
  endfacet
  facet normal 0 0 1
    outer loop
      vertex 114.15 19.9722 27
      vertex 102 23 27
      vertex 114.056 19.9135 27
    endloop
  endfacet
  facet normal 0 0 1
    outer loop
      vertex 102 23 27
      vertex 113.965 19.8487 27
      vertex 114.056 19.9135 27
    endloop
  endfacet
  facet normal 0 0 1
    outer loop
      vertex 113.304 18.6112 27
      vertex 102 23 27
      vertex 104.5 12.7 27
    endloop
  endfacet
  facet normal -0 0 1
    outer loop
      vertex 98 19 27
      vertex 104.5 12.7 27
      vertex 102 23 27
    endloop
  endfacet
  facet normal 0 0 1
    outer loop
      vertex 98 19 27
      vertex 102 23 27
      vertex 98.2461 20.3382 27
    endloop
  endfacet
  facet normal 0 0 1
    outer loop
      vertex 98 19 27
      vertex 98.2461 20.3382 27
      vertex 98.0769 19.7803 27
    endloop
  endfacet
  facet normal 0 0 1
    outer loop
      vertex 98 9 27
      vertex 104.5 12.7 27
      vertex 98 19 27
    endloop
  endfacet
  facet normal 0 0 1
    outer loop
      vertex 104.5 12.7 27
      vertex 98 9 27
      vertex 104.5 9 27
    endloop
  endfacet
  facet normal 0 0 1
    outer loop
      vertex 116.696 18.6112 27
      vertex 122.5 19 27
      vertex 122.423 19.7803 27
    endloop
  endfacet
  facet normal 0 0 1
    outer loop
      vertex 116.696 18.6112 27
      vertex 122.423 19.7803 27
      vertex 122.196 20.5307 27
    endloop
  endfacet
  facet normal 0 0 1
    outer loop
      vertex 116.696 18.6112 27
      vertex 122.196 20.5307 27
      vertex 121.826 21.2223 27
    endloop
  endfacet
  facet normal 0 0 1
    outer loop
      vertex 116.696 18.6112 27
      vertex 121.826 21.2223 27
      vertex 121.328 21.8284 27
    endloop
  endfacet
  facet normal 0 0 1
    outer loop
      vertex 116.696 18.6112 27
      vertex 121.328 21.8284 27
      vertex 120.722 22.3259 27
    endloop
  endfacet
  facet normal 0 0 1
    outer loop
      vertex 116.696 18.6112 27
      vertex 120.722 22.3259 27
      vertex 120.031 22.6955 27
    endloop
  endfacet
  facet normal 0 0 1
    outer loop
      vertex 116.696 18.6112 27
      vertex 120.031 22.6955 27
      vertex 119.28 22.9231 27
    endloop
  endfacet
  facet normal 0 0 1
    outer loop
      vertex 116.472 19.35 27
      vertex 119.28 22.9231 27
      vertex 118.5 23 27
    endloop
  endfacet
  facet normal 0 0 1
    outer loop
      vertex 122.5 19 27
      vertex 116.7 18.5 27
      vertex 116.696 18.3888 27
    endloop
  endfacet
  facet normal 0 0 1
    outer loop
      vertex 122.5 19 27
      vertex 116.696 18.3888 27
      vertex 116.685 18.2781 27
    endloop
  endfacet
  facet normal 0 0 1
    outer loop
      vertex 122.5 19 27
      vertex 116.685 18.2781 27
      vertex 116.667 18.1683 27
    endloop
  endfacet
  facet normal 0 0 1
    outer loop
      vertex 122.5 19 27
      vertex 116.667 18.1683 27
      vertex 116.642 18.06 27
    endloop
  endfacet
  facet normal 0 0 1
    outer loop
      vertex 122.5 19 27
      vertex 116.642 18.06 27
      vertex 116.61 17.9536 27
    endloop
  endfacet
  facet normal 0 0 1
    outer loop
      vertex 122.5 19 27
      vertex 116.61 17.9536 27
      vertex 116.571 17.8494 27
    endloop
  endfacet
  facet normal 0 0 1
    outer loop
      vertex 116.525 17.7481 27
      vertex 122.5 19 27
      vertex 116.571 17.8494 27
    endloop
  endfacet
  facet normal 0 0 1
    outer loop
      vertex 122.5 19 27
      vertex 116.525 17.7481 27
      vertex 122.5 12.7 27
    endloop
  endfacet
  facet normal -0 0 1
    outer loop
      vertex 116.472 17.65 27
      vertex 122.5 12.7 27
      vertex 116.525 17.7481 27
    endloop
  endfacet
  facet normal -0 0 1
    outer loop
      vertex 116.413 17.5555 27
      vertex 122.5 12.7 27
      vertex 116.472 17.65 27
    endloop
  endfacet
  facet normal -0 0 1
    outer loop
      vertex 116.349 17.4651 27
      vertex 122.5 12.7 27
      vertex 116.413 17.5555 27
    endloop
  endfacet
  facet normal -0 0 1
    outer loop
      vertex 116.278 17.3791 27
      vertex 122.5 12.7 27
      vertex 116.349 17.4651 27
    endloop
  endfacet
  facet normal -0 0 1
    outer loop
      vertex 116.202 17.2979 27
      vertex 122.5 12.7 27
      vertex 116.278 17.3791 27
    endloop
  endfacet
  facet normal -0 0 1
    outer loop
      vertex 116.121 17.2219 27
      vertex 122.5 12.7 27
      vertex 116.202 17.2979 27
    endloop
  endfacet
  facet normal -0 0 1
    outer loop
      vertex 116.035 17.1513 27
      vertex 122.5 12.7 27
      vertex 116.121 17.2219 27
    endloop
  endfacet
  facet normal -0 0 1
    outer loop
      vertex 115.944 17.0865 27
      vertex 122.5 12.7 27
      vertex 116.035 17.1513 27
    endloop
  endfacet
  facet normal -0 0 1
    outer loop
      vertex 115.85 17.0278 27
      vertex 122.5 12.7 27
      vertex 115.944 17.0865 27
    endloop
  endfacet
  facet normal -0 0 1
    outer loop
      vertex 115.752 16.9753 27
      vertex 122.5 12.7 27
      vertex 115.85 17.0278 27
    endloop
  endfacet
  facet normal -0 0 1
    outer loop
      vertex 115.651 16.9294 27
      vertex 122.5 12.7 27
      vertex 115.752 16.9753 27
    endloop
  endfacet
  facet normal -0 0 1
    outer loop
      vertex 115.546 16.8902 27
      vertex 122.5 12.7 27
      vertex 115.651 16.9294 27
    endloop
  endfacet
  facet normal -0 0 1
    outer loop
      vertex 115.44 16.8579 27
      vertex 122.5 12.7 27
      vertex 115.546 16.8902 27
    endloop
  endfacet
  facet normal -0 0 1
    outer loop
      vertex 115.332 16.8327 27
      vertex 122.5 12.7 27
      vertex 115.44 16.8579 27
    endloop
  endfacet
  facet normal -0 0 1
    outer loop
      vertex 115.222 16.8145 27
      vertex 122.5 12.7 27
      vertex 115.332 16.8327 27
    endloop
  endfacet
  facet normal -0 0 1
    outer loop
      vertex 115.111 16.8036 27
      vertex 122.5 12.7 27
      vertex 115.222 16.8145 27
    endloop
  endfacet
  facet normal -0 0 1
    outer loop
      vertex 115 16.8 27
      vertex 122.5 12.7 27
      vertex 115.111 16.8036 27
    endloop
  endfacet
  facet normal 0 0 1
    outer loop
      vertex 114.889 16.8036 27
      vertex 122.5 12.7 27
      vertex 115 16.8 27
    endloop
  endfacet
  facet normal 0 0 1
    outer loop
      vertex 114.778 16.8145 27
      vertex 122.5 12.7 27
      vertex 114.889 16.8036 27
    endloop
  endfacet
  facet normal 0 0 1
    outer loop
      vertex 104.5 12.7 27
      vertex 114.778 16.8145 27
      vertex 114.668 16.8327 27
    endloop
  endfacet
  facet normal 0 0 1
    outer loop
      vertex 104.5 12.7 27
      vertex 114.668 16.8327 27
      vertex 114.56 16.8579 27
    endloop
  endfacet
  facet normal 0 0 1
    outer loop
      vertex 104.5 12.7 27
      vertex 114.56 16.8579 27
      vertex 114.454 16.8902 27
    endloop
  endfacet
  facet normal 0 0 1
    outer loop
      vertex 104.5 12.7 27
      vertex 114.454 16.8902 27
      vertex 114.349 16.9294 27
    endloop
  endfacet
  facet normal 0 0 1
    outer loop
      vertex 104.5 12.7 27
      vertex 114.349 16.9294 27
      vertex 114.248 16.9753 27
    endloop
  endfacet
  facet normal 0 0 1
    outer loop
      vertex 114.778 16.8145 27
      vertex 104.5 12.7 27
      vertex 122.5 12.7 27
    endloop
  endfacet
  facet normal 0 0 1
    outer loop
      vertex 114.15 17.0278 27
      vertex 104.5 12.7 27
      vertex 114.248 16.9753 27
    endloop
  endfacet
  facet normal 0 0 1
    outer loop
      vertex 114.056 17.0865 27
      vertex 104.5 12.7 27
      vertex 114.15 17.0278 27
    endloop
  endfacet
  facet normal 0 0 1
    outer loop
      vertex 113.965 17.1513 27
      vertex 104.5 12.7 27
      vertex 114.056 17.0865 27
    endloop
  endfacet
  facet normal 0 0 1
    outer loop
      vertex 113.879 17.2219 27
      vertex 104.5 12.7 27
      vertex 113.965 17.1513 27
    endloop
  endfacet
  facet normal 0 0 1
    outer loop
      vertex 113.798 17.2979 27
      vertex 104.5 12.7 27
      vertex 113.879 17.2219 27
    endloop
  endfacet
  facet normal 0 0 1
    outer loop
      vertex 113.722 17.3791 27
      vertex 104.5 12.7 27
      vertex 113.798 17.2979 27
    endloop
  endfacet
  facet normal 0 0 1
    outer loop
      vertex 113.651 17.4651 27
      vertex 104.5 12.7 27
      vertex 113.722 17.3791 27
    endloop
  endfacet
  facet normal 0 0 1
    outer loop
      vertex 113.587 17.5555 27
      vertex 104.5 12.7 27
      vertex 113.651 17.4651 27
    endloop
  endfacet
  facet normal 0 0 1
    outer loop
      vertex 113.528 17.65 27
      vertex 104.5 12.7 27
      vertex 113.587 17.5555 27
    endloop
  endfacet
  facet normal 0 0 1
    outer loop
      vertex 113.475 17.7481 27
      vertex 104.5 12.7 27
      vertex 113.528 17.65 27
    endloop
  endfacet
  facet normal 0 0 1
    outer loop
      vertex 113.429 17.8494 27
      vertex 104.5 12.7 27
      vertex 113.475 17.7481 27
    endloop
  endfacet
  facet normal 0 0 1
    outer loop
      vertex 113.39 17.9536 27
      vertex 104.5 12.7 27
      vertex 113.429 17.8494 27
    endloop
  endfacet
  facet normal 0 0 1
    outer loop
      vertex 113.358 18.06 27
      vertex 104.5 12.7 27
      vertex 113.39 17.9536 27
    endloop
  endfacet
  facet normal 0 0 1
    outer loop
      vertex 113.333 18.1683 27
      vertex 104.5 12.7 27
      vertex 113.358 18.06 27
    endloop
  endfacet
  facet normal 0 0 1
    outer loop
      vertex 113.315 18.2781 27
      vertex 104.5 12.7 27
      vertex 113.333 18.1683 27
    endloop
  endfacet
  facet normal 0 0 1
    outer loop
      vertex 113.304 18.3888 27
      vertex 104.5 12.7 27
      vertex 113.315 18.2781 27
    endloop
  endfacet
  facet normal 0 0 1
    outer loop
      vertex 104.5 12.7 27
      vertex 113.304 18.3888 27
      vertex 113.3 18.5 27
    endloop
  endfacet
  facet normal -0 0 1
    outer loop
      vertex 98 -9 27
      vertex 104.5 -12.7 27
      vertex 104.5 -9 27
    endloop
  endfacet
  facet normal 0 0 1
    outer loop
      vertex 104.5 -12.7 27
      vertex 98 -19 27
      vertex 102 -23 27
    endloop
  endfacet
  facet normal 0 0 1
    outer loop
      vertex 102 -23 27
      vertex 98 -19 27
      vertex 98.2461 -20.3382 27
    endloop
  endfacet
  facet normal 0 0 1
    outer loop
      vertex 104.5 -12.7 27
      vertex 98 -9 27
      vertex 98 -19 27
    endloop
  endfacet
  facet normal 0 0 1
    outer loop
      vertex 98.2461 -20.3382 27
      vertex 98 -19 27
      vertex 98.0769 -19.7803 27
    endloop
  endfacet
  facet normal -0 0 1
    outer loop
      vertex 28 -17.9485 27
      vertex 98.2461 -20.3382 27
      vertex 28 -15.543 27
    endloop
  endfacet
  facet normal 0 0 1
    outer loop
      vertex 98.2461 -20.3382 27
      vertex 28 -17.9485 27
      vertex 102 -23 27
    endloop
  endfacet
  facet normal -0 0 1
    outer loop
      vertex 116.525 -17.7481 27
      vertex 122.5 -19 27
      vertex 122.5 -12.7 27
    endloop
  endfacet
  facet normal -0 -0 1
    outer loop
      vertex 116.61 -17.9536 27
      vertex 122.5 -19 27
      vertex 116.571 -17.8494 27
    endloop
  endfacet
  facet normal -0 -0 1
    outer loop
      vertex 116.667 -18.1683 27
      vertex 122.5 -19 27
      vertex 116.642 -18.06 27
    endloop
  endfacet
  facet normal -0 -0 1
    outer loop
      vertex 116.696 -18.3888 27
      vertex 122.5 -19 27
      vertex 116.685 -18.2781 27
    endloop
  endfacet
  facet normal -0 0 1
    outer loop
      vertex 116.696 -18.6112 27
      vertex 122.5 -19 27
      vertex 116.7 -18.5 27
    endloop
  endfacet
  facet normal 0 0 1
    outer loop
      vertex 122.5 -19 27
      vertex 116.685 -18.7219 27
      vertex 122.423 -19.7803 27
    endloop
  endfacet
  facet normal 0 0 1
    outer loop
      vertex 122.423 -19.7803 27
      vertex 116.667 -18.8317 27
      vertex 122.196 -20.5307 27
    endloop
  endfacet
  facet normal -0 0 1
    outer loop
      vertex 116.642 -18.94 27
      vertex 121.826 -21.2223 27
      vertex 116.667 -18.8317 27
    endloop
  endfacet
  facet normal 0 0 1
    outer loop
      vertex 121.826 -21.2223 27
      vertex 116.642 -18.94 27
      vertex 121.328 -21.8284 27
    endloop
  endfacet
  facet normal 0 0 1
    outer loop
      vertex 122.196 -20.5307 27
      vertex 116.667 -18.8317 27
      vertex 121.826 -21.2223 27
    endloop
  endfacet
  facet normal -0 0 1
    outer loop
      vertex 116.667 -18.8317 27
      vertex 122.423 -19.7803 27
      vertex 116.685 -18.7219 27
    endloop
  endfacet
  facet normal -0 0 1
    outer loop
      vertex 116.685 -18.7219 27
      vertex 122.5 -19 27
      vertex 116.696 -18.6112 27
    endloop
  endfacet
  facet normal -0 -0 1
    outer loop
      vertex 116.7 -18.5 27
      vertex 122.5 -19 27
      vertex 116.696 -18.3888 27
    endloop
  endfacet
  facet normal -0 -0 1
    outer loop
      vertex 116.685 -18.2781 27
      vertex 122.5 -19 27
      vertex 116.667 -18.1683 27
    endloop
  endfacet
  facet normal -0 -0 1
    outer loop
      vertex 116.642 -18.06 27
      vertex 122.5 -19 27
      vertex 116.61 -17.9536 27
    endloop
  endfacet
  facet normal 0 0 1
    outer loop
      vertex 122.5 -19 27
      vertex 116.525 -17.7481 27
      vertex 116.571 -17.8494 27
    endloop
  endfacet
  facet normal 0 0 1
    outer loop
      vertex 122.5 -12.7 27
      vertex 116.472 -17.65 27
      vertex 116.525 -17.7481 27
    endloop
  endfacet
  facet normal 0 0 1
    outer loop
      vertex 122.5 -12.7 27
      vertex 116.413 -17.5555 27
      vertex 116.472 -17.65 27
    endloop
  endfacet
  facet normal 0 0 1
    outer loop
      vertex 122.5 -12.7 27
      vertex 116.349 -17.4651 27
      vertex 116.413 -17.5555 27
    endloop
  endfacet
  facet normal 0 0 1
    outer loop
      vertex 122.5 -12.7 27
      vertex 116.278 -17.3791 27
      vertex 116.349 -17.4651 27
    endloop
  endfacet
  facet normal 0 0 1
    outer loop
      vertex 122.5 -12.7 27
      vertex 116.202 -17.2979 27
      vertex 116.278 -17.3791 27
    endloop
  endfacet
  facet normal 0 0 1
    outer loop
      vertex 122.5 -12.7 27
      vertex 116.121 -17.2219 27
      vertex 116.202 -17.2979 27
    endloop
  endfacet
  facet normal 0 0 1
    outer loop
      vertex 122.5 -12.7 27
      vertex 116.035 -17.1513 27
      vertex 116.121 -17.2219 27
    endloop
  endfacet
  facet normal 0 0 1
    outer loop
      vertex 122.5 -12.7 27
      vertex 115.944 -17.0865 27
      vertex 116.035 -17.1513 27
    endloop
  endfacet
  facet normal 0 0 1
    outer loop
      vertex 122.5 -12.7 27
      vertex 115.85 -17.0278 27
      vertex 115.944 -17.0865 27
    endloop
  endfacet
  facet normal 0 0 1
    outer loop
      vertex 122.5 -12.7 27
      vertex 115.752 -16.9753 27
      vertex 115.85 -17.0278 27
    endloop
  endfacet
  facet normal 0 0 1
    outer loop
      vertex 122.5 -12.7 27
      vertex 115.651 -16.9294 27
      vertex 115.752 -16.9753 27
    endloop
  endfacet
  facet normal 0 0 1
    outer loop
      vertex 122.5 -12.7 27
      vertex 115.546 -16.8902 27
      vertex 115.651 -16.9294 27
    endloop
  endfacet
  facet normal 0 0 1
    outer loop
      vertex 122.5 -12.7 27
      vertex 115.44 -16.8579 27
      vertex 115.546 -16.8902 27
    endloop
  endfacet
  facet normal 0 0 1
    outer loop
      vertex 122.5 -12.7 27
      vertex 115.332 -16.8327 27
      vertex 115.44 -16.8579 27
    endloop
  endfacet
  facet normal 0 0 1
    outer loop
      vertex 122.5 -12.7 27
      vertex 115.222 -16.8145 27
      vertex 115.332 -16.8327 27
    endloop
  endfacet
  facet normal 0 0 1
    outer loop
      vertex 122.5 -12.7 27
      vertex 115.111 -16.8036 27
      vertex 115.222 -16.8145 27
    endloop
  endfacet
  facet normal 0 0 1
    outer loop
      vertex 122.5 -12.7 27
      vertex 115 -16.8 27
      vertex 115.111 -16.8036 27
    endloop
  endfacet
  facet normal 0 0 1
    outer loop
      vertex 122.5 -12.7 27
      vertex 114.889 -16.8036 27
      vertex 115 -16.8 27
    endloop
  endfacet
  facet normal 0 0 1
    outer loop
      vertex 122.5 -12.7 27
      vertex 114.778 -16.8145 27
      vertex 114.889 -16.8036 27
    endloop
  endfacet
  facet normal -0 0 1
    outer loop
      vertex 104.5 -12.7 27
      vertex 114.778 -16.8145 27
      vertex 122.5 -12.7 27
    endloop
  endfacet
  facet normal 0 0 1
    outer loop
      vertex 114.778 -16.8145 27
      vertex 104.5 -12.7 27
      vertex 114.668 -16.8327 27
    endloop
  endfacet
  facet normal 0 0 1
    outer loop
      vertex 114.668 -16.8327 27
      vertex 104.5 -12.7 27
      vertex 114.56 -16.8579 27
    endloop
  endfacet
  facet normal 0 0 1
    outer loop
      vertex 114.56 -16.8579 27
      vertex 104.5 -12.7 27
      vertex 114.454 -16.8902 27
    endloop
  endfacet
  facet normal 0 0 1
    outer loop
      vertex 114.454 -16.8902 27
      vertex 104.5 -12.7 27
      vertex 114.349 -16.9294 27
    endloop
  endfacet
  facet normal 0 0 1
    outer loop
      vertex 113.304 -18.3888 27
      vertex 104.5 -12.7 27
      vertex 113.3 -18.5 27
    endloop
  endfacet
  facet normal 0 0 1
    outer loop
      vertex 113.315 -18.2781 27
      vertex 104.5 -12.7 27
      vertex 113.304 -18.3888 27
    endloop
  endfacet
  facet normal 0 0 1
    outer loop
      vertex 113.333 -18.1683 27
      vertex 104.5 -12.7 27
      vertex 113.315 -18.2781 27
    endloop
  endfacet
  facet normal 0 0 1
    outer loop
      vertex 113.358 -18.06 27
      vertex 104.5 -12.7 27
      vertex 113.333 -18.1683 27
    endloop
  endfacet
  facet normal 0 0 1
    outer loop
      vertex 113.39 -17.9536 27
      vertex 104.5 -12.7 27
      vertex 113.358 -18.06 27
    endloop
  endfacet
  facet normal 0 0 1
    outer loop
      vertex 113.429 -17.8494 27
      vertex 104.5 -12.7 27
      vertex 113.39 -17.9536 27
    endloop
  endfacet
  facet normal 0 0 1
    outer loop
      vertex 113.475 -17.7481 27
      vertex 104.5 -12.7 27
      vertex 113.429 -17.8494 27
    endloop
  endfacet
  facet normal 0 0 1
    outer loop
      vertex 113.528 -17.65 27
      vertex 104.5 -12.7 27
      vertex 113.475 -17.7481 27
    endloop
  endfacet
  facet normal 0 0 1
    outer loop
      vertex 113.587 -17.5555 27
      vertex 104.5 -12.7 27
      vertex 113.528 -17.65 27
    endloop
  endfacet
  facet normal 0 0 1
    outer loop
      vertex 113.651 -17.4651 27
      vertex 104.5 -12.7 27
      vertex 113.587 -17.5555 27
    endloop
  endfacet
  facet normal 0 0 1
    outer loop
      vertex 113.722 -17.3791 27
      vertex 104.5 -12.7 27
      vertex 113.651 -17.4651 27
    endloop
  endfacet
  facet normal 0 0 1
    outer loop
      vertex 113.798 -17.2979 27
      vertex 104.5 -12.7 27
      vertex 113.722 -17.3791 27
    endloop
  endfacet
  facet normal 0 0 1
    outer loop
      vertex 113.879 -17.2219 27
      vertex 104.5 -12.7 27
      vertex 113.798 -17.2979 27
    endloop
  endfacet
  facet normal 0 0 1
    outer loop
      vertex 113.965 -17.1513 27
      vertex 104.5 -12.7 27
      vertex 113.879 -17.2219 27
    endloop
  endfacet
  facet normal 0 0 1
    outer loop
      vertex 114.056 -17.0865 27
      vertex 104.5 -12.7 27
      vertex 113.965 -17.1513 27
    endloop
  endfacet
  facet normal 0 0 1
    outer loop
      vertex 114.15 -17.0278 27
      vertex 104.5 -12.7 27
      vertex 114.056 -17.0865 27
    endloop
  endfacet
  facet normal 0 0 1
    outer loop
      vertex 114.248 -16.9753 27
      vertex 104.5 -12.7 27
      vertex 114.15 -17.0278 27
    endloop
  endfacet
  facet normal 0 0 1
    outer loop
      vertex 114.349 -16.9294 27
      vertex 104.5 -12.7 27
      vertex 114.248 -16.9753 27
    endloop
  endfacet
  facet normal -0 0 1
    outer loop
      vertex 116.61 -19.0464 27
      vertex 121.328 -21.8284 27
      vertex 116.642 -18.94 27
    endloop
  endfacet
  facet normal 0 0 1
    outer loop
      vertex 121.328 -21.8284 27
      vertex 116.61 -19.0464 27
      vertex 120.722 -22.3259 27
    endloop
  endfacet
  facet normal -0 0 1
    outer loop
      vertex 116.571 -19.1506 27
      vertex 120.722 -22.3259 27
      vertex 116.61 -19.0464 27
    endloop
  endfacet
  facet normal 0 0 1
    outer loop
      vertex 120.722 -22.3259 27
      vertex 116.571 -19.1506 27
      vertex 120.031 -22.6955 27
    endloop
  endfacet
  facet normal -0 0 1
    outer loop
      vertex 116.525 -19.2519 27
      vertex 120.031 -22.6955 27
      vertex 116.571 -19.1506 27
    endloop
  endfacet
  facet normal 0 0 1
    outer loop
      vertex 120.031 -22.6955 27
      vertex 116.525 -19.2519 27
      vertex 119.28 -22.9231 27
    endloop
  endfacet
  facet normal -0 0 1
    outer loop
      vertex 116.472 -19.35 27
      vertex 119.28 -22.9231 27
      vertex 116.525 -19.2519 27
    endloop
  endfacet
  facet normal 0 0 1
    outer loop
      vertex 119.28 -22.9231 27
      vertex 116.472 -19.35 27
      vertex 118.5 -23 27
    endloop
  endfacet
  facet normal -0 0 1
    outer loop
      vertex 116.413 -19.4445 27
      vertex 118.5 -23 27
      vertex 116.472 -19.35 27
    endloop
  endfacet
  facet normal -0 0 1
    outer loop
      vertex 116.349 -19.5349 27
      vertex 118.5 -23 27
      vertex 116.413 -19.4445 27
    endloop
  endfacet
  facet normal -0 0 1
    outer loop
      vertex 116.278 -19.6209 27
      vertex 118.5 -23 27
      vertex 116.349 -19.5349 27
    endloop
  endfacet
  facet normal -0 0 1
    outer loop
      vertex 116.202 -19.7021 27
      vertex 118.5 -23 27
      vertex 116.278 -19.6209 27
    endloop
  endfacet
  facet normal -0 0 1
    outer loop
      vertex 116.121 -19.7781 27
      vertex 118.5 -23 27
      vertex 116.202 -19.7021 27
    endloop
  endfacet
  facet normal -0 0 1
    outer loop
      vertex 116.035 -19.8487 27
      vertex 118.5 -23 27
      vertex 116.121 -19.7781 27
    endloop
  endfacet
  facet normal -0 0 1
    outer loop
      vertex 115.944 -19.9135 27
      vertex 118.5 -23 27
      vertex 116.035 -19.8487 27
    endloop
  endfacet
  facet normal -0 0 1
    outer loop
      vertex 115.85 -19.9722 27
      vertex 118.5 -23 27
      vertex 115.944 -19.9135 27
    endloop
  endfacet
  facet normal -0 0 1
    outer loop
      vertex 115.752 -20.0247 27
      vertex 118.5 -23 27
      vertex 115.85 -19.9722 27
    endloop
  endfacet
  facet normal -0 0 1
    outer loop
      vertex 115.651 -20.0706 27
      vertex 118.5 -23 27
      vertex 115.752 -20.0247 27
    endloop
  endfacet
  facet normal -0 0 1
    outer loop
      vertex 115.546 -20.1098 27
      vertex 118.5 -23 27
      vertex 115.651 -20.0706 27
    endloop
  endfacet
  facet normal -0 0 1
    outer loop
      vertex 115.44 -20.1421 27
      vertex 118.5 -23 27
      vertex 115.546 -20.1098 27
    endloop
  endfacet
  facet normal -0 0 1
    outer loop
      vertex 115.332 -20.1673 27
      vertex 118.5 -23 27
      vertex 115.44 -20.1421 27
    endloop
  endfacet
  facet normal -0 0 1
    outer loop
      vertex 115.222 -20.1855 27
      vertex 118.5 -23 27
      vertex 115.332 -20.1673 27
    endloop
  endfacet
  facet normal -0 0 1
    outer loop
      vertex 115.111 -20.1964 27
      vertex 118.5 -23 27
      vertex 115.222 -20.1855 27
    endloop
  endfacet
  facet normal -0 0 1
    outer loop
      vertex 115 -20.2 27
      vertex 118.5 -23 27
      vertex 115.111 -20.1964 27
    endloop
  endfacet
  facet normal 0 0 1
    outer loop
      vertex 114.889 -20.1964 27
      vertex 118.5 -23 27
      vertex 115 -20.2 27
    endloop
  endfacet
  facet normal 0 0 1
    outer loop
      vertex 114.778 -20.1855 27
      vertex 118.5 -23 27
      vertex 114.889 -20.1964 27
    endloop
  endfacet
  facet normal 0 0 1
    outer loop
      vertex 114.668 -20.1673 27
      vertex 118.5 -23 27
      vertex 114.778 -20.1855 27
    endloop
  endfacet
  facet normal 0 0 1
    outer loop
      vertex 114.56 -20.1421 27
      vertex 118.5 -23 27
      vertex 114.668 -20.1673 27
    endloop
  endfacet
  facet normal 0 0 1
    outer loop
      vertex 114.454 -20.1098 27
      vertex 118.5 -23 27
      vertex 114.56 -20.1421 27
    endloop
  endfacet
  facet normal 0 0 1
    outer loop
      vertex 114.349 -20.0706 27
      vertex 118.5 -23 27
      vertex 114.454 -20.1098 27
    endloop
  endfacet
  facet normal 0 0 1
    outer loop
      vertex 102 -23 27
      vertex 114.349 -20.0706 27
      vertex 114.248 -20.0247 27
    endloop
  endfacet
  facet normal 0 0 1
    outer loop
      vertex 102 -23 27
      vertex 114.248 -20.0247 27
      vertex 114.15 -19.9722 27
    endloop
  endfacet
  facet normal 0 0 1
    outer loop
      vertex 102 -23 27
      vertex 114.15 -19.9722 27
      vertex 114.056 -19.9135 27
    endloop
  endfacet
  facet normal 0 0 1
    outer loop
      vertex 104.5 -12.7 27
      vertex 113.304 -18.6112 27
      vertex 113.3 -18.5 27
    endloop
  endfacet
  facet normal 0 0 1
    outer loop
      vertex 102 -23 27
      vertex 113.304 -18.6112 27
      vertex 104.5 -12.7 27
    endloop
  endfacet
  facet normal 0 0 1
    outer loop
      vertex 113.304 -18.6112 27
      vertex 102 -23 27
      vertex 113.315 -18.7219 27
    endloop
  endfacet
  facet normal 0 0 1
    outer loop
      vertex 113.315 -18.7219 27
      vertex 102 -23 27
      vertex 113.333 -18.8317 27
    endloop
  endfacet
  facet normal 0 0 1
    outer loop
      vertex 113.333 -18.8317 27
      vertex 102 -23 27
      vertex 113.358 -18.94 27
    endloop
  endfacet
  facet normal 0 0 1
    outer loop
      vertex 113.358 -18.94 27
      vertex 102 -23 27
      vertex 113.39 -19.0464 27
    endloop
  endfacet
  facet normal 0 0 1
    outer loop
      vertex 113.39 -19.0464 27
      vertex 102 -23 27
      vertex 113.429 -19.1506 27
    endloop
  endfacet
  facet normal 0 0 1
    outer loop
      vertex 113.429 -19.1506 27
      vertex 102 -23 27
      vertex 113.475 -19.2519 27
    endloop
  endfacet
  facet normal 0 0 1
    outer loop
      vertex 113.475 -19.2519 27
      vertex 102 -23 27
      vertex 113.528 -19.35 27
    endloop
  endfacet
  facet normal 0 0 1
    outer loop
      vertex 113.528 -19.35 27
      vertex 102 -23 27
      vertex 113.587 -19.4445 27
    endloop
  endfacet
  facet normal 0 0 1
    outer loop
      vertex 113.587 -19.4445 27
      vertex 102 -23 27
      vertex 113.651 -19.5349 27
    endloop
  endfacet
  facet normal 0 0 1
    outer loop
      vertex 113.651 -19.5349 27
      vertex 102 -23 27
      vertex 113.722 -19.6209 27
    endloop
  endfacet
  facet normal 0 0 1
    outer loop
      vertex 113.722 -19.6209 27
      vertex 102 -23 27
      vertex 113.798 -19.7021 27
    endloop
  endfacet
  facet normal 0 0 1
    outer loop
      vertex 113.798 -19.7021 27
      vertex 102 -23 27
      vertex 113.879 -19.7781 27
    endloop
  endfacet
  facet normal 0 0 1
    outer loop
      vertex 114.349 -20.0706 27
      vertex 102 -23 27
      vertex 118.5 -23 27
    endloop
  endfacet
  facet normal 0 0 1
    outer loop
      vertex 113.965 -19.8487 27
      vertex 102 -23 27
      vertex 114.056 -19.9135 27
    endloop
  endfacet
  facet normal 0 0 1
    outer loop
      vertex 113.879 -19.7781 27
      vertex 102 -23 27
      vertex 113.965 -19.8487 27
    endloop
  endfacet
  facet normal 0 0 1
    outer loop
      vertex 28 17.9485 27
      vertex 76.5 18.8537 27
      vertex 76.5 21.2593 27
    endloop
  endfacet
  facet normal 0 0 1
    outer loop
      vertex 76.5 18.8537 27
      vertex 28 17.9485 27
      vertex 28 15.543 27
    endloop
  endfacet
  facet normal -0.068105 -0.997678 0
    outer loop
      vertex 28 -17.9485 5
      vertex 102 -23 27
      vertex 28 -17.9485 27
    endloop
  endfacet
  facet normal -0.068105 -0.997678 -0
    outer loop
      vertex 102 -23 27
      vertex 28 -17.9485 5
      vertex 102 -23 5
    endloop
  endfacet
  facet normal -1 0 0
    outer loop
      vertex 28 -17.9485 5
      vertex 28 -15.543 27
      vertex 28 -15.543 5
    endloop
  endfacet
  facet normal -1 -0 0
    outer loop
      vertex 28 -15.543 27
      vertex 28 -17.9485 5
      vertex 28 -17.9485 27
    endloop
  endfacet
  facet normal 0.0681044 0.997678 -0
    outer loop
      vertex 98.2461 -20.3382 5
      vertex 28 -15.543 27
      vertex 98.2461 -20.3382 27
    endloop
  endfacet
  facet normal 0.0681044 0.997678 0
    outer loop
      vertex 28 -15.543 27
      vertex 98.2461 -20.3382 5
      vertex 28 -15.543 5
    endloop
  endfacet
  facet normal 0.0681034 -0.997678 -0.000151486
    outer loop
      vertex 28 15.543 27
      vertex 76.5096 18.8544 26.7057
      vertex 76.5 18.8537 27
    endloop
  endfacet
  facet normal 0.0681058 -0.997678 0.000247931
    outer loop
      vertex 28 15.543 27
      vertex 76.5385 18.8563 26.4126
      vertex 76.5096 18.8544 26.7057
    endloop
  endfacet
  facet normal 0.0681018 -0.997678 -8.07268e-05
    outer loop
      vertex 28 15.543 27
      vertex 76.5865 18.8596 26.1221
      vertex 76.5385 18.8563 26.4126
    endloop
  endfacet
  facet normal 0.0681008 -0.997678 -0.000140134
    outer loop
      vertex 28 15.543 27
      vertex 76.6533 18.8642 25.8353
      vertex 76.5865 18.8596 26.1221
    endloop
  endfacet
  facet normal 0.0681072 -0.997678 0.000129994
    outer loop
      vertex 28 15.543 27
      vertex 76.7388 18.87 25.5535
      vertex 76.6533 18.8642 25.8353
    endloop
  endfacet
  facet normal 0.0681011 -0.997678 -7.77853e-05
    outer loop
      vertex 28 15.543 27
      vertex 76.8425 18.8771 25.2779
      vertex 76.7388 18.87 25.5535
    endloop
  endfacet
  facet normal 0.0681038 -0.997678 0
    outer loop
      vertex 28 15.543 5
      vertex 76.8425 18.8771 25.2779
      vertex 28 15.543 27
    endloop
  endfacet
  facet normal 0.0681029 -0.997678 2.16709e-06
    outer loop
      vertex 76.8425 18.8771 25.2779
      vertex 28 15.543 5
      vertex 76.9641 18.8854 25.0097
    endloop
  endfacet
  facet normal 0.0681361 -0.997676 -7.94512e-05
    outer loop
      vertex 76.9641 18.8854 25.0097
      vertex 28 15.543 5
      vertex 77.1029 18.8949 24.75
    endloop
  endfacet
  facet normal 0.0680853 -0.99768 4.74224e-05
    outer loop
      vertex 77.1029 18.8949 24.75
      vertex 28 15.543 5
      vertex 77.2584 18.9055 24.4999
    endloop
  endfacet
  facet normal 0.068095 -0.997679 2.27778e-05
    outer loop
      vertex 77.2584 18.9055 24.4999
      vertex 28 15.543 5
      vertex 77.4299 18.9172 24.2606
    endloop
  endfacet
  facet normal 0.0680376 -0.997683 0.000170668
    outer loop
      vertex 77.4299 18.9172 24.2606
      vertex 28 15.543 5
      vertex 77.6167 18.9299 24.0329
    endloop
  endfacet
  facet normal 0.0681797 -0.997673 -0.00020151
    outer loop
      vertex 77.6167 18.9299 24.0329
      vertex 28 15.543 5
      vertex 77.818 18.9437 23.818
    endloop
  endfacet
  facet normal 0.0681443 -0.997675 -0.000107349
    outer loop
      vertex 77.818 18.9437 23.818
      vertex 28 15.543 5
      vertex 78.0329 18.9584 23.6167
    endloop
  endfacet
  facet normal 0.0680454 -0.997682 0.00015985
    outer loop
      vertex 78.0329 18.9584 23.6167
      vertex 28 15.543 5
      vertex 78.2606 18.9739 23.4299
    endloop
  endfacet
  facet normal 0.0680544 -0.997682 0.000135265
    outer loop
      vertex 78.2606 18.9739 23.4299
      vertex 28 15.543 5
      vertex 78.4999 18.9902 23.2584
    endloop
  endfacet
  facet normal 0.0681436 -0.997676 -0.000112754
    outer loop
      vertex 78.4999 18.9902 23.2584
      vertex 28 15.543 5
      vertex 78.75 19.0073 23.1029
    endloop
  endfacet
  facet normal 0.0680612 -0.997681 0.000119234
    outer loop
      vertex 78.75 19.0073 23.1029
      vertex 28 15.543 5
      vertex 79.0097 19.025 22.9641
    endloop
  endfacet
  facet normal 0.0680905 -0.997679 3.57483e-05
    outer loop
      vertex 79.0097 19.025 22.9641
      vertex 28 15.543 5
      vertex 79.2779 19.0433 22.8425
    endloop
  endfacet
  facet normal 0.0681044 -0.997678 -4.26835e-06
    outer loop
      vertex 98.2461 20.3382 5
      vertex 79.2779 19.0433 22.8425
      vertex 28 15.543 5
    endloop
  endfacet
  facet normal 0.0686227 -0.997643 0.000549321
    outer loop
      vertex 79.2779 19.0433 22.8425
      vertex 98.2461 20.3382 5
      vertex 79.5535 19.0622 22.7388
    endloop
  endfacet
  facet normal 0.0679157 -0.997691 -0.000199176
    outer loop
      vertex 79.5535 19.0622 22.7388
      vertex 98.2461 20.3382 5
      vertex 79.8353 19.0814 22.6533
    endloop
  endfacet
  facet normal 0.0682055 -0.997671 0.000104485
    outer loop
      vertex 79.8353 19.0814 22.6533
      vertex 98.2461 20.3382 5
      vertex 80.1221 19.101 22.5865
    endloop
  endfacet
  facet normal 0.06814 -0.997676 3.34688e-05
    outer loop
      vertex 80.7057 19.1408 22.5096
      vertex 98.2461 20.3382 5
      vertex 81 19.1609 22.5
    endloop
  endfacet
  facet normal 0.0680746 -0.99768 -3.23432e-05
    outer loop
      vertex 80.4126 19.1208 22.5385
      vertex 98.2461 20.3382 5
      vertex 80.7057 19.1408 22.5096
    endloop
  endfacet
  facet normal 0.0679792 -0.997687 -0.000129779
    outer loop
      vertex 80.1221 19.101 22.5865
      vertex 98.2461 20.3382 5
      vertex 80.4126 19.1208 22.5385
    endloop
  endfacet
  facet normal 0.0681963 -0.997672 -0.000190559
    outer loop
      vertex 97.4904 20.2866 26.7057
      vertex 98.2461 20.3382 27
      vertex 97.5 20.2872 27
    endloop
  endfacet
  facet normal 0.0680858 -0.997679 9.44325e-05
    outer loop
      vertex 97.4615 20.2846 26.4126
      vertex 98.2461 20.3382 27
      vertex 97.4904 20.2866 26.7057
    endloop
  endfacet
  facet normal 0.0680952 -0.997679 8.18199e-05
    outer loop
      vertex 97.4135 20.2813 26.1221
      vertex 98.2461 20.3382 27
      vertex 97.4615 20.2846 26.4126
    endloop
  endfacet
  facet normal 0.0684962 -0.997651 -0.000300271
    outer loop
      vertex 97.3467 20.2768 25.8353
      vertex 98.2461 20.3382 27
      vertex 97.4135 20.2813 26.1221
    endloop
  endfacet
  facet normal 0.0676348 -0.99771 0.00036804
    outer loop
      vertex 97.2612 20.2709 25.5535
      vertex 98.2461 20.3382 27
      vertex 97.3467 20.2768 25.8353
    endloop
  endfacet
  facet normal 0.0691901 -0.997603 -0.000695895
    outer loop
      vertex 97.1575 20.2639 25.2779
      vertex 98.2461 20.3382 27
      vertex 97.2612 20.2709 25.5535
    endloop
  endfacet
  facet normal 0.0680849 -0.99768 6.0425e-06
    outer loop
      vertex 97.0359 20.2556 25.0097
      vertex 98.2461 20.3382 27
      vertex 97.1575 20.2639 25.2779
    endloop
  endfacet
  facet normal 0.0682648 -0.997667 1.03328e-05
    outer loop
      vertex 98.2461 20.3382 5
      vertex 97.0359 20.2556 25.0097
      vertex 96.8971 20.2461 24.75
    endloop
  endfacet
  facet normal 0.0681081 -0.997678 1.92466e-06
    outer loop
      vertex 81 19.1609 22.5
      vertex 98.2461 20.3382 5
      vertex 93 19.9801 22.5
    endloop
  endfacet
  facet normal 0.0678044 -0.997699 -8.95578e-05
    outer loop
      vertex 93 19.9801 22.5
      vertex 98.2461 20.3382 5
      vertex 93.2943 20.0001 22.5096
    endloop
  endfacet
  facet normal 0.0680789 -0.99768 -1.15576e-05
    outer loop
      vertex 93.2943 20.0001 22.5096
      vertex 98.2461 20.3382 5
      vertex 93.5874 20.0201 22.5385
    endloop
  endfacet
  facet normal 0.0683332 -0.997663 5.62895e-05
    outer loop
      vertex 93.5874 20.0201 22.5385
      vertex 98.2461 20.3382 5
      vertex 93.8779 20.04 22.5865
    endloop
  endfacet
  facet normal 0.0680948 -0.997679 0
    outer loop
      vertex 97.0359 20.2556 25.0097
      vertex 98.2461 20.3382 5
      vertex 98.2461 20.3382 27
    endloop
  endfacet
  facet normal 0.0680198 -0.997684 -6.48339e-06
    outer loop
      vertex 96.7416 20.2355 24.4999
      vertex 98.2461 20.3382 5
      vertex 96.8971 20.2461 24.75
    endloop
  endfacet
  facet normal 0.0680673 -0.997681 -2.80107e-06
    outer loop
      vertex 96.5701 20.2238 24.2606
      vertex 98.2461 20.3382 5
      vertex 96.7416 20.2355 24.4999
    endloop
  endfacet
  facet normal 0.068337 -0.997662 2.0778e-05
    outer loop
      vertex 96.3833 20.211 24.0329
      vertex 98.2461 20.3382 5
      vertex 96.5701 20.2238 24.2606
    endloop
  endfacet
  facet normal 0.0679219 -0.997691 -2.00404e-05
    outer loop
      vertex 96.182 20.1973 23.818
      vertex 98.2461 20.3382 5
      vertex 96.3833 20.211 24.0329
    endloop
  endfacet
  facet normal 0.0682313 -0.99767 1.40629e-05
    outer loop
      vertex 95.9671 20.1826 23.6167
      vertex 98.2461 20.3382 5
      vertex 96.182 20.1973 23.818
    endloop
  endfacet
  facet normal 0.0679333 -0.99769 -2.25899e-05
    outer loop
      vertex 95.7394 20.1671 23.4299
      vertex 98.2461 20.3382 5
      vertex 95.9671 20.1826 23.6167
    endloop
  endfacet
  facet normal 0.0683485 -0.997662 3.41439e-05
    outer loop
      vertex 95.5001 20.1507 23.2584
      vertex 98.2461 20.3382 5
      vertex 95.7394 20.1671 23.4299
    endloop
  endfacet
  facet normal 0.0682056 -0.997671 1.25572e-05
    outer loop
      vertex 95.25 20.1336 23.1029
      vertex 98.2461 20.3382 5
      vertex 95.5001 20.1507 23.2584
    endloop
  endfacet
  facet normal 0.0680086 -0.997685 -2.02084e-05
    outer loop
      vertex 94.9903 20.1159 22.9641
      vertex 98.2461 20.3382 5
      vertex 95.25 20.1336 23.1029
    endloop
  endfacet
  facet normal 0.0680778 -0.99768 -7.60046e-06
    outer loop
      vertex 94.7221 20.0976 22.8425
      vertex 98.2461 20.3382 5
      vertex 94.9903 20.1159 22.9641
    endloop
  endfacet
  facet normal 0.0680608 -0.997681 -1.09837e-05
    outer loop
      vertex 94.4465 20.0788 22.7388
      vertex 98.2461 20.3382 5
      vertex 94.7221 20.0976 22.8425
    endloop
  endfacet
  facet normal 0.0679841 -0.997686 -2.74737e-05
    outer loop
      vertex 94.1647 20.0596 22.6533
      vertex 98.2461 20.3382 5
      vertex 94.4465 20.0788 22.7388
    endloop
  endfacet
  facet normal 0.0681772 -0.997673 1.7382e-05
    outer loop
      vertex 93.8779 20.04 22.5865
      vertex 98.2461 20.3382 5
      vertex 94.1647 20.0596 22.6533
    endloop
  endfacet
  facet normal -1 0 0
    outer loop
      vertex 28 15.543 5
      vertex 28 17.9485 27
      vertex 28 17.9485 5
    endloop
  endfacet
  facet normal -1 -0 0
    outer loop
      vertex 28 17.9485 27
      vertex 28 15.543 5
      vertex 28 15.543 27
    endloop
  endfacet
  facet normal -0.0681081 0.997678 0.000187671
    outer loop
      vertex 102 23 27
      vertex 97.4904 22.6922 26.7057
      vertex 97.5 22.6928 27
    endloop
  endfacet
  facet normal -0.0680898 0.997679 -9.40354e-05
    outer loop
      vertex 102 23 27
      vertex 97.4615 22.6902 26.4126
      vertex 97.4904 22.6922 26.7057
    endloop
  endfacet
  facet normal -0.0680913 0.997679 -8.24673e-05
    outer loop
      vertex 102 23 27
      vertex 97.4135 22.6869 26.1221
      vertex 97.4615 22.6902 26.4126
    endloop
  endfacet
  facet normal -0.0680794 0.99768 -0.000145131
    outer loop
      vertex 102 23 27
      vertex 97.3467 22.6823 25.8353
      vertex 97.4135 22.6869 26.1221
    endloop
  endfacet
  facet normal -0.0681513 0.997675 0.000143437
    outer loop
      vertex 102 23 27
      vertex 97.2612 22.6765 25.5535
      vertex 97.3467 22.6823 25.8353
    endloop
  endfacet
  facet normal -0.0680819 0.99768 -8.5035e-05
    outer loop
      vertex 102 23 27
      vertex 97.1575 22.6694 25.2779
      vertex 97.2612 22.6765 25.5535
    endloop
  endfacet
  facet normal -0.0681146 0.997678 7.51909e-06
    outer loop
      vertex 102 23 27
      vertex 97.0359 22.6611 25.0097
      vertex 97.1575 22.6694 25.2779
    endloop
  endfacet
  facet normal -0.0682597 0.997668 0.000371105
    outer loop
      vertex 102 23 27
      vertex 96.8971 22.6517 24.75
      vertex 97.0359 22.6611 25.0097
    endloop
  endfacet
  facet normal -0.0678887 0.997693 -0.000474291
    outer loop
      vertex 102 23 27
      vertex 96.7416 22.641 24.4999
      vertex 96.8971 22.6517 24.75
    endloop
  endfacet
  facet normal -0.0681389 0.997676 5.43836e-05
    outer loop
      vertex 102 23 27
      vertex 96.5701 22.6293 24.2606
      vertex 96.7416 22.641 24.4999
    endloop
  endfacet
  facet normal -0.06831 0.997664 0.000395159
    outer loop
      vertex 102 23 27
      vertex 96.3833 22.6166 24.0329
      vertex 96.5701 22.6293 24.2606
    endloop
  endfacet
  facet normal -0.0678166 0.997698 -0.000543296
    outer loop
      vertex 102 23 27
      vertex 96.182 22.6028 23.818
      vertex 96.3833 22.6166 24.0329
    endloop
  endfacet
  facet normal -0.0681123 0.997678 0
    outer loop
      vertex 102 23 5
      vertex 96.182 22.6028 23.818
      vertex 102 23 27
    endloop
  endfacet
  facet normal -0.0678564 0.997695 7.94842e-05
    outer loop
      vertex 96.182 22.6028 23.818
      vertex 102 23 5
      vertex 95.9671 22.5882 23.6167
    endloop
  endfacet
  facet normal -0.0682984 0.997665 -6.44005e-05
    outer loop
      vertex 95.9671 22.5882 23.6167
      vertex 102 23 5
      vertex 95.7394 22.5726 23.4299
    endloop
  endfacet
  facet normal -0.0679876 0.997686 4.16687e-05
    outer loop
      vertex 95.7394 22.5726 23.4299
      vertex 102 23 5
      vertex 95.5001 22.5563 23.2584
    endloop
  endfacet
  facet normal -0.0680999 0.997679 4.27577e-06
    outer loop
      vertex 93 22.3856 22.5
      vertex 102 23 5
      vertex 81 21.5665 22.5
    endloop
  endfacet
  facet normal -0.0681384 0.997676 -1.56377e-05
    outer loop
      vertex 93.2943 22.4057 22.5096
      vertex 102 23 5
      vertex 93 22.3856 22.5
    endloop
  endfacet
  facet normal -0.0680792 0.99768 1.39599e-05
    outer loop
      vertex 93.5874 22.4257 22.5385
      vertex 102 23 5
      vertex 93.2943 22.4057 22.5096
    endloop
  endfacet
  facet normal -0.0683252 0.997663 -0.000104614
    outer loop
      vertex 93.8779 22.4456 22.5865
      vertex 102 23 5
      vertex 93.5874 22.4257 22.5385
    endloop
  endfacet
  facet normal -0.0678607 0.997695 0.000110902
    outer loop
      vertex 94.1647 22.4651 22.6533
      vertex 102 23 5
      vertex 93.8779 22.4456 22.5865
    endloop
  endfacet
  facet normal -0.0683023 0.997665 -8.59817e-05
    outer loop
      vertex 94.4465 22.4844 22.7388
      vertex 102 23 5
      vertex 94.1647 22.4651 22.6533
    endloop
  endfacet
  facet normal -0.0680628 0.997681 1.64565e-05
    outer loop
      vertex 94.7221 22.5032 22.8425
      vertex 102 23 5
      vertex 94.4465 22.4844 22.7388
    endloop
  endfacet
  facet normal -0.0680788 0.99768 9.88645e-06
    outer loop
      vertex 94.9903 22.5215 22.9641
      vertex 102 23 5
      vertex 94.7221 22.5032 22.8425
    endloop
  endfacet
  facet normal -0.0680161 0.997684 3.44628e-05
    outer loop
      vertex 95.25 22.5392 23.1029
      vertex 102 23 5
      vertex 94.9903 22.5215 22.9641
    endloop
  endfacet
  facet normal -0.0681936 0.997672 -3.20062e-05
    outer loop
      vertex 95.5001 22.5563 23.2584
      vertex 102 23 5
      vertex 95.25 22.5392 23.1029
    endloop
  endfacet
  facet normal -0.0681054 0.997678 -0.000187581
    outer loop
      vertex 76.5096 21.2599 26.7057
      vertex 28 17.9485 27
      vertex 76.5 21.2593 27
    endloop
  endfacet
  facet normal -0.0681037 0.997678 9.26606e-05
    outer loop
      vertex 76.5385 21.2619 26.4126
      vertex 28 17.9485 27
      vertex 76.5096 21.2599 26.7057
    endloop
  endfacet
  facet normal -0.0681039 0.997678 8.03865e-05
    outer loop
      vertex 76.5865 21.2652 26.1221
      vertex 28 17.9485 27
      vertex 76.5385 21.2619 26.4126
    endloop
  endfacet
  facet normal -0.0681028 0.997678 0.000139654
    outer loop
      vertex 76.6533 21.2698 25.8353
      vertex 28 17.9485 27
      vertex 76.5865 21.2652 26.1221
    endloop
  endfacet
  facet normal -0.0681092 0.997678 -0.000130621
    outer loop
      vertex 76.7388 21.2756 25.5535
      vertex 28 17.9485 27
      vertex 76.6533 21.2698 25.8353
    endloop
  endfacet
  facet normal -0.0681031 0.997678 7.70063e-05
    outer loop
      vertex 76.8425 21.2827 25.2779
      vertex 28 17.9485 27
      vertex 76.7388 21.2756 25.5535
    endloop
  endfacet
  facet normal -0.0681046 0.997678 -2.9465e-06
    outer loop
      vertex 28 17.9485 5
      vertex 76.8425 21.2827 25.2779
      vertex 76.9641 21.291 25.0097
    endloop
  endfacet
  facet normal -0.0680095 0.997685 -0.000236744
    outer loop
      vertex 28 17.9485 5
      vertex 76.9641 21.291 25.0097
      vertex 77.1029 21.3004 24.75
    endloop
  endfacet
  facet normal -0.068213 0.997671 0.000271685
    outer loop
      vertex 28 17.9485 5
      vertex 77.1029 21.3004 24.75
      vertex 77.2584 21.3111 24.4999
    endloop
  endfacet
  facet normal -0.0680966 0.997679 -2.39085e-05
    outer loop
      vertex 28 17.9485 5
      vertex 77.2584 21.3111 24.4999
      vertex 77.4299 21.3228 24.2606
    endloop
  endfacet
  facet normal -0.0680392 0.997683 -0.000171923
    outer loop
      vertex 28 17.9485 5
      vertex 77.4299 21.3228 24.2606
      vertex 77.6167 21.3355 24.0329
    endloop
  endfacet
  facet normal -0.0681812 0.997673 0.000200124
    outer loop
      vertex 28 17.9485 5
      vertex 77.6167 21.3355 24.0329
      vertex 77.818 21.3493 23.818
    endloop
  endfacet
  facet normal -0.068013 0.997684 -0.000247367
    outer loop
      vertex 28 17.9485 5
      vertex 77.818 21.3493 23.818
      vertex 78.0329 21.3639 23.6167
    endloop
  endfacet
  facet normal -0.0681815 0.997673 0.000207585
    outer loop
      vertex 28 17.9485 5
      vertex 78.0329 21.3639 23.6167
      vertex 78.2606 21.3795 23.4299
    endloop
  endfacet
  facet normal -0.0680557 0.997682 -0.000137097
    outer loop
      vertex 28 17.9485 5
      vertex 78.2606 21.3795 23.4299
      vertex 78.4999 21.3958 23.2584
    endloop
  endfacet
  facet normal -0.0681449 0.997675 0.000110745
    outer loop
      vertex 28 17.9485 5
      vertex 78.4999 21.3958 23.2584
      vertex 78.75 21.4129 23.1029
    endloop
  endfacet
  facet normal -0.0680624 0.997681 -0.00012144
    outer loop
      vertex 28 17.9485 5
      vertex 78.75 21.4129 23.1029
      vertex 79.0097 21.4306 22.9641
    endloop
  endfacet
  facet normal -0.0680916 0.997679 -3.81763e-05
    outer loop
      vertex 28 17.9485 5
      vertex 79.0097 21.4306 22.9641
      vertex 79.2779 21.4489 22.8425
    endloop
  endfacet
  facet normal -0.0680817 0.99768 -6.68427e-05
    outer loop
      vertex 28 17.9485 5
      vertex 79.2779 21.4489 22.8425
      vertex 79.5535 21.4677 22.7388
    endloop
  endfacet
  facet normal -0.0684667 0.997653 -0.000458495
    outer loop
      vertex 102 23 5
      vertex 79.5535 21.4677 22.7388
      vertex 79.8353 21.487 22.6533
    endloop
  endfacet
  facet normal -0.0677242 0.997704 0.000478122
    outer loop
      vertex 102 23 5
      vertex 79.8353 21.487 22.6533
      vertex 80.1221 21.5065 22.5865
    endloop
  endfacet
  facet normal -0.0684034 0.997658 -0.000370787
    outer loop
      vertex 102 23 5
      vertex 80.1221 21.5065 22.5865
      vertex 80.4126 21.5264 22.5385
    endloop
  endfacet
  facet normal -0.0680742 0.99768 3.62611e-05
    outer loop
      vertex 102 23 5
      vertex 80.4126 21.5264 22.5385
      vertex 80.7057 21.5464 22.5096
    endloop
  endfacet
  facet normal -0.0681404 0.997676 -4.45448e-05
    outer loop
      vertex 102 23 5
      vertex 80.7057 21.5464 22.5096
      vertex 81 21.5665 22.5
    endloop
  endfacet
  facet normal -0.068105 0.997678 1.29605e-06
    outer loop
      vertex 79.5535 21.4677 22.7388
      vertex 102 23 5
      vertex 28 17.9485 5
    endloop
  endfacet
  facet normal -0.0681058 0.997678 0
    outer loop
      vertex 76.8425 21.2827 25.2779
      vertex 28 17.9485 5
      vertex 28 17.9485 27
    endloop
  endfacet
  facet normal 0.99946 -0.0328554 0
    outer loop
      vertex 38.9914 -0.261612 27
      vertex 39 0 5
      vertex 39 0 27
    endloop
  endfacet
  facet normal 0.99946 -0.0328554 0
    outer loop
      vertex 39 0 5
      vertex 38.9914 -0.261612 27
      vertex 38.9914 -0.261612 5
    endloop
  endfacet
  facet normal -0.99946 0.0328554 0
    outer loop
      vertex 31 0 5
      vertex 31.0086 0.261612 27
      vertex 31.0086 0.261612 5
    endloop
  endfacet
  facet normal -0.99946 0.0328554 0
    outer loop
      vertex 31.0086 0.261612 27
      vertex 31 0 5
      vertex 31 0 27
    endloop
  endfacet
  facet normal -0.0327042 -0.999465 0
    outer loop
      vertex 34.7384 -3.99144 5
      vertex 35 -4 27
      vertex 34.7384 -3.99144 27
    endloop
  endfacet
  facet normal -0.0327042 -0.999465 -0
    outer loop
      vertex 35 -4 27
      vertex 34.7384 -3.99144 5
      vertex 35 -4 5
    endloop
  endfacet
  facet normal 0.0327042 0.999465 -0
    outer loop
      vertex 35.2616 3.99144 5
      vertex 35 4 27
      vertex 35.2616 3.99144 27
    endloop
  endfacet
  facet normal 0.0327042 0.999465 0
    outer loop
      vertex 35 4 27
      vertex 35.2616 3.99144 5
      vertex 35 4 5
    endloop
  endfacet
  facet normal 0.683672 -0.72979 0
    outer loop
      vertex 37.6374 -3.00736 5
      vertex 37.8284 -2.82843 27
      vertex 37.6374 -3.00736 27
    endloop
  endfacet
  facet normal 0.683672 -0.72979 0
    outer loop
      vertex 37.8284 -2.82843 27
      vertex 37.6374 -3.00736 5
      vertex 37.8284 -2.82843 5
    endloop
  endfacet
  facet normal -0.729746 -0.683719 0
    outer loop
      vertex 32.1716 -2.82843 5
      vertex 31.9926 -2.63738 27
      vertex 31.9926 -2.63738 5
    endloop
  endfacet
  facet normal -0.729746 -0.683719 0
    outer loop
      vertex 31.9926 -2.63738 27
      vertex 32.1716 -2.82843 5
      vertex 32.1716 -2.82843 27
    endloop
  endfacet
  facet normal -0.412603 -0.910911 0
    outer loop
      vertex 33.2308 -3.58749 5
      vertex 33.4693 -3.69552 27
      vertex 33.2308 -3.58749 27
    endloop
  endfacet
  facet normal -0.412603 -0.910911 -0
    outer loop
      vertex 33.4693 -3.69552 27
      vertex 33.2308 -3.58749 5
      vertex 33.4693 -3.69552 5
    endloop
  endfacet
  facet normal 0.910902 -0.412622 0
    outer loop
      vertex 38.5875 -1.76915 27
      vertex 38.6955 -1.53073 5
      vertex 38.6955 -1.53073 27
    endloop
  endfacet
  facet normal 0.910902 -0.412622 0
    outer loop
      vertex 38.6955 -1.53073 5
      vertex 38.5875 -1.76915 27
      vertex 38.5875 -1.76915 5
    endloop
  endfacet
  facet normal 0.352338 -0.935873 0
    outer loop
      vertex 36.2858 -3.78772 5
      vertex 36.5307 -3.69552 27
      vertex 36.2858 -3.78772 27
    endloop
  endfacet
  facet normal 0.352338 -0.935873 0
    outer loop
      vertex 36.5307 -3.69552 27
      vertex 36.2858 -3.78772 5
      vertex 36.5307 -3.69552 5
    endloop
  endfacet
  facet normal 0.528026 -0.849228 0
    outer loop
      vertex 37 -3.4641 5
      vertex 37.2223 -3.32588 27
      vertex 37 -3.4641 27
    endloop
  endfacet
  facet normal 0.528026 -0.849228 0
    outer loop
      vertex 37.2223 -3.32588 27
      vertex 37 -3.4641 5
      vertex 37.2223 -3.32588 5
    endloop
  endfacet
  facet normal -0.935906 -0.352249 0
    outer loop
      vertex 31.3045 -1.53073 5
      vertex 31.2123 -1.28576 27
      vertex 31.2123 -1.28576 5
    endloop
  endfacet
  facet normal -0.935906 -0.352249 0
    outer loop
      vertex 31.2123 -1.28576 27
      vertex 31.3045 -1.53073 5
      vertex 31.3045 -1.53073 27
    endloop
  endfacet
  facet normal -0.227097 -0.973872 0
    outer loop
      vertex 33.9647 -3.8637 5
      vertex 34.2196 -3.92314 27
      vertex 33.9647 -3.8637 27
    endloop
  endfacet
  facet normal -0.227097 -0.973872 -0
    outer loop
      vertex 34.2196 -3.92314 27
      vertex 33.9647 -3.8637 5
      vertex 34.2196 -3.92314 5
    endloop
  endfacet
  facet normal 0.986605 0.163125 0
    outer loop
      vertex 38.9658 0.522104 27
      vertex 38.9231 0.780361 5
      vertex 38.9231 0.780361 27
    endloop
  endfacet
  facet normal 0.986605 0.163125 0
    outer loop
      vertex 38.9231 0.780361 5
      vertex 38.9658 0.522104 27
      vertex 38.9658 0.522104 5
    endloop
  endfacet
  facet normal 0.97391 -0.226936 0
    outer loop
      vertex 38.8637 -1.03528 27
      vertex 38.9231 -0.780361 5
      vertex 38.9231 -0.780361 27
    endloop
  endfacet
  facet normal 0.97391 -0.226936 0
    outer loop
      vertex 38.9231 -0.780361 5
      vertex 38.8637 -1.03528 27
      vertex 38.8637 -1.03528 5
    endloop
  endfacet
  facet normal 0.995206 -0.0978044 0
    outer loop
      vertex 38.9658 -0.522104 27
      vertex 38.9914 -0.261612 5
      vertex 38.9914 -0.261612 27
    endloop
  endfacet
  facet normal 0.995206 -0.0978044 0
    outer loop
      vertex 38.9914 -0.261612 5
      vertex 38.9658 -0.522104 27
      vertex 38.9658 -0.522104 5
    endloop
  endfacet
  facet normal 0.81279 -0.582556 0
    outer loop
      vertex 38.1734 -2.43505 27
      vertex 38.3259 -2.22228 5
      vertex 38.3259 -2.22228 27
    endloop
  endfacet
  facet normal 0.81279 -0.582556 0
    outer loop
      vertex 38.3259 -2.22228 5
      vertex 38.1734 -2.43505 27
      vertex 38.1734 -2.43505 5
    endloop
  endfacet
  facet normal 0.881908 -0.471421 0
    outer loop
      vertex 38.4641 -2 27
      vertex 38.5875 -1.76915 5
      vertex 38.5875 -1.76915 27
    endloop
  endfacet
  facet normal 0.881908 -0.471421 0
    outer loop
      vertex 38.5875 -1.76915 5
      vertex 38.4641 -2 27
      vertex 38.4641 -2 5
    endloop
  endfacet
  facet normal 0.162875 -0.986647 0
    outer loop
      vertex 35.5221 -3.96578 5
      vertex 35.7804 -3.92314 27
      vertex 35.5221 -3.96578 27
    endloop
  endfacet
  facet normal 0.162875 -0.986647 0
    outer loop
      vertex 35.7804 -3.92314 27
      vertex 35.5221 -3.96578 5
      vertex 35.7804 -3.92314 5
    endloop
  endfacet
  facet normal 0.290255 -0.956949 0
    outer loop
      vertex 36.0353 -3.8637 5
      vertex 36.2858 -3.78772 27
      vertex 36.0353 -3.8637 27
    endloop
  endfacet
  facet normal 0.290255 -0.956949 0
    outer loop
      vertex 36.2858 -3.78772 27
      vertex 36.0353 -3.8637 5
      vertex 36.2858 -3.78772 5
    endloop
  endfacet
  facet normal 0.634267 -0.773114 0
    outer loop
      vertex 37.435 -3.17341 5
      vertex 37.6374 -3.00736 27
      vertex 37.435 -3.17341 27
    endloop
  endfacet
  facet normal 0.634267 -0.773114 0
    outer loop
      vertex 37.6374 -3.00736 27
      vertex 37.435 -3.17341 5
      vertex 37.6374 -3.00736 5
    endloop
  endfacet
  facet normal -0.986605 -0.163125 0
    outer loop
      vertex 31.0769 -0.780361 5
      vertex 31.0342 -0.522104 27
      vertex 31.0342 -0.522104 5
    endloop
  endfacet
  facet normal -0.986605 -0.163125 0
    outer loop
      vertex 31.0342 -0.522104 27
      vertex 31.0769 -0.780361 5
      vertex 31.0769 -0.780361 27
    endloop
  endfacet
  facet normal -0.849241 -0.528006 0
    outer loop
      vertex 31.6741 -2.22228 5
      vertex 31.5359 -2 27
      vertex 31.5359 -2 5
    endloop
  endfacet
  facet normal -0.849241 -0.528006 0
    outer loop
      vertex 31.5359 -2 27
      vertex 31.6741 -2.22228 5
      vertex 31.6741 -2.22228 27
    endloop
  endfacet
  facet normal -0.7731 -0.634284 0
    outer loop
      vertex 31.9926 -2.63738 5
      vertex 31.8266 -2.43505 27
      vertex 31.8266 -2.43505 5
    endloop
  endfacet
  facet normal -0.7731 -0.634284 0
    outer loop
      vertex 31.8266 -2.43505 27
      vertex 31.9926 -2.63738 5
      vertex 31.9926 -2.63738 27
    endloop
  endfacet
  facet normal -0.956922 -0.290347 0
    outer loop
      vertex 31.2123 -1.28576 5
      vertex 31.1363 -1.03528 27
      vertex 31.1363 -1.03528 5
    endloop
  endfacet
  facet normal -0.956922 -0.290347 0
    outer loop
      vertex 31.1363 -1.03528 27
      vertex 31.2123 -1.28576 5
      vertex 31.2123 -1.28576 27
    endloop
  endfacet
  facet normal -0.995206 -0.0978044 0
    outer loop
      vertex 31.0342 -0.522104 5
      vertex 31.0086 -0.261612 27
      vertex 31.0086 -0.261612 5
    endloop
  endfacet
  facet normal -0.995206 -0.0978044 0
    outer loop
      vertex 31.0086 -0.261612 27
      vertex 31.0342 -0.522104 5
      vertex 31.0342 -0.522104 27
    endloop
  endfacet
  facet normal -0.582607 -0.812754 0
    outer loop
      vertex 32.565 -3.17341 5
      vertex 32.7777 -3.32588 27
      vertex 32.565 -3.17341 27
    endloop
  endfacet
  facet normal -0.582607 -0.812754 -0
    outer loop
      vertex 32.7777 -3.32588 27
      vertex 32.565 -3.17341 5
      vertex 32.7777 -3.32588 5
    endloop
  endfacet
  facet normal -0.0980285 -0.995184 0
    outer loop
      vertex 34.4779 -3.96578 5
      vertex 34.7384 -3.99144 27
      vertex 34.4779 -3.96578 27
    endloop
  endfacet
  facet normal -0.0980285 -0.995184 -0
    outer loop
      vertex 34.7384 -3.99144 27
      vertex 34.4779 -3.96578 5
      vertex 34.7384 -3.99144 5
    endloop
  endfacet
  facet normal 0.729746 0.683719 0
    outer loop
      vertex 38.0074 2.63738 27
      vertex 37.8284 2.82843 5
      vertex 37.8284 2.82843 27
    endloop
  endfacet
  facet normal 0.729746 0.683719 0
    outer loop
      vertex 37.8284 2.82843 5
      vertex 38.0074 2.63738 27
      vertex 38.0074 2.63738 5
    endloop
  endfacet
  facet normal -0.634267 0.773114 0
    outer loop
      vertex 32.565 3.17341 5
      vertex 32.3626 3.00736 27
      vertex 32.565 3.17341 27
    endloop
  endfacet
  facet normal -0.634267 0.773114 0
    outer loop
      vertex 32.3626 3.00736 27
      vertex 32.565 3.17341 5
      vertex 32.3626 3.00736 5
    endloop
  endfacet
  facet normal -0.881908 0.471421 0
    outer loop
      vertex 31.4125 1.76915 5
      vertex 31.5359 2 27
      vertex 31.5359 2 5
    endloop
  endfacet
  facet normal -0.881908 0.471421 0
    outer loop
      vertex 31.5359 2 27
      vertex 31.4125 1.76915 5
      vertex 31.4125 1.76915 27
    endloop
  endfacet
  facet normal 0.0980285 0.995184 -0
    outer loop
      vertex 35.5221 3.96578 5
      vertex 35.2616 3.99144 27
      vertex 35.5221 3.96578 27
    endloop
  endfacet
  facet normal 0.0980285 0.995184 0
    outer loop
      vertex 35.2616 3.99144 27
      vertex 35.5221 3.96578 5
      vertex 35.2616 3.99144 5
    endloop
  endfacet
  facet normal 0.986605 -0.163125 0
    outer loop
      vertex 38.9231 -0.780361 27
      vertex 38.9658 -0.522104 5
      vertex 38.9658 -0.522104 27
    endloop
  endfacet
  facet normal 0.986605 -0.163125 0
    outer loop
      vertex 38.9658 -0.522104 5
      vertex 38.9231 -0.780361 27
      vertex 38.9231 -0.780361 5
    endloop
  endfacet
  facet normal 0.935906 -0.352249 0
    outer loop
      vertex 38.6955 -1.53073 27
      vertex 38.7877 -1.28576 5
      vertex 38.7877 -1.28576 27
    endloop
  endfacet
  facet normal 0.935906 -0.352249 0
    outer loop
      vertex 38.7877 -1.28576 5
      vertex 38.6955 -1.53073 27
      vertex 38.6955 -1.53073 5
    endloop
  endfacet
  facet normal 0.956922 -0.290347 0
    outer loop
      vertex 38.7877 -1.28576 27
      vertex 38.8637 -1.03528 5
      vertex 38.8637 -1.03528 27
    endloop
  endfacet
  facet normal 0.956922 -0.290347 0
    outer loop
      vertex 38.8637 -1.03528 5
      vertex 38.7877 -1.28576 27
      vertex 38.7877 -1.28576 5
    endloop
  endfacet
  facet normal 0.7731 -0.634284 0
    outer loop
      vertex 38.0074 -2.63738 27
      vertex 38.1734 -2.43505 5
      vertex 38.1734 -2.43505 27
    endloop
  endfacet
  facet normal 0.7731 -0.634284 0
    outer loop
      vertex 38.1734 -2.43505 5
      vertex 38.0074 -2.63738 27
      vertex 38.0074 -2.63738 5
    endloop
  endfacet
  facet normal 0.729746 -0.683719 0
    outer loop
      vertex 37.8284 -2.82843 27
      vertex 38.0074 -2.63738 5
      vertex 38.0074 -2.63738 27
    endloop
  endfacet
  facet normal 0.729746 -0.683719 0
    outer loop
      vertex 38.0074 -2.63738 5
      vertex 37.8284 -2.82843 27
      vertex 37.8284 -2.82843 5
    endloop
  endfacet
  facet normal 0.849241 -0.528006 0
    outer loop
      vertex 38.3259 -2.22228 27
      vertex 38.4641 -2 5
      vertex 38.4641 -2 27
    endloop
  endfacet
  facet normal 0.849241 -0.528006 0
    outer loop
      vertex 38.4641 -2 5
      vertex 38.3259 -2.22228 27
      vertex 38.3259 -2.22228 5
    endloop
  endfacet
  facet normal 0.227097 -0.973872 0
    outer loop
      vertex 35.7804 -3.92314 5
      vertex 36.0353 -3.8637 27
      vertex 35.7804 -3.92314 27
    endloop
  endfacet
  facet normal 0.227097 -0.973872 0
    outer loop
      vertex 36.0353 -3.8637 27
      vertex 35.7804 -3.92314 5
      vertex 36.0353 -3.8637 5
    endloop
  endfacet
  facet normal 0.0980285 -0.995184 0
    outer loop
      vertex 35.2616 -3.99144 5
      vertex 35.5221 -3.96578 27
      vertex 35.2616 -3.99144 27
    endloop
  endfacet
  facet normal 0.0980285 -0.995184 0
    outer loop
      vertex 35.5221 -3.96578 27
      vertex 35.2616 -3.99144 5
      vertex 35.5221 -3.96578 5
    endloop
  endfacet
  facet normal 0.0327042 -0.999465 0
    outer loop
      vertex 35 -4 5
      vertex 35.2616 -3.99144 27
      vertex 35 -4 27
    endloop
  endfacet
  facet normal 0.0327042 -0.999465 0
    outer loop
      vertex 35.2616 -3.99144 27
      vertex 35 -4 5
      vertex 35.2616 -3.99144 5
    endloop
  endfacet
  facet normal 0.471471 -0.881882 0
    outer loop
      vertex 36.7692 -3.58749 5
      vertex 37 -3.4641 27
      vertex 36.7692 -3.58749 27
    endloop
  endfacet
  facet normal 0.471471 -0.881882 0
    outer loop
      vertex 37 -3.4641 27
      vertex 36.7692 -3.58749 5
      vertex 37 -3.4641 5
    endloop
  endfacet
  facet normal 0.412603 -0.910911 0
    outer loop
      vertex 36.5307 -3.69552 5
      vertex 36.7692 -3.58749 27
      vertex 36.5307 -3.69552 27
    endloop
  endfacet
  facet normal 0.412603 -0.910911 0
    outer loop
      vertex 36.7692 -3.58749 27
      vertex 36.5307 -3.69552 5
      vertex 36.7692 -3.58749 5
    endloop
  endfacet
  facet normal 0.582607 -0.812754 0
    outer loop
      vertex 37.2223 -3.32588 5
      vertex 37.435 -3.17341 27
      vertex 37.2223 -3.32588 27
    endloop
  endfacet
  facet normal 0.582607 -0.812754 0
    outer loop
      vertex 37.435 -3.17341 27
      vertex 37.2223 -3.32588 5
      vertex 37.435 -3.17341 5
    endloop
  endfacet
  facet normal -0.81279 -0.582556 0
    outer loop
      vertex 31.8266 -2.43505 5
      vertex 31.6741 -2.22228 27
      vertex 31.6741 -2.22228 5
    endloop
  endfacet
  facet normal -0.81279 -0.582556 0
    outer loop
      vertex 31.6741 -2.22228 27
      vertex 31.8266 -2.43505 5
      vertex 31.8266 -2.43505 27
    endloop
  endfacet
  facet normal -0.910902 -0.412622 0
    outer loop
      vertex 31.4125 -1.76915 5
      vertex 31.3045 -1.53073 27
      vertex 31.3045 -1.53073 5
    endloop
  endfacet
  facet normal -0.910902 -0.412622 0
    outer loop
      vertex 31.3045 -1.53073 27
      vertex 31.4125 -1.76915 5
      vertex 31.4125 -1.76915 27
    endloop
  endfacet
  facet normal -0.881908 -0.471421 0
    outer loop
      vertex 31.5359 -2 5
      vertex 31.4125 -1.76915 27
      vertex 31.4125 -1.76915 5
    endloop
  endfacet
  facet normal -0.881908 -0.471421 0
    outer loop
      vertex 31.4125 -1.76915 27
      vertex 31.5359 -2 5
      vertex 31.5359 -2 27
    endloop
  endfacet
  facet normal -0.97391 -0.226936 0
    outer loop
      vertex 31.1363 -1.03528 5
      vertex 31.0769 -0.780361 27
      vertex 31.0769 -0.780361 5
    endloop
  endfacet
  facet normal -0.97391 -0.226936 0
    outer loop
      vertex 31.0769 -0.780361 27
      vertex 31.1363 -1.03528 5
      vertex 31.1363 -1.03528 27
    endloop
  endfacet
  facet normal -0.99946 -0.0328554 0
    outer loop
      vertex 31.0086 -0.261612 5
      vertex 31 0 27
      vertex 31 0 5
    endloop
  endfacet
  facet normal -0.99946 -0.0328554 0
    outer loop
      vertex 31 0 27
      vertex 31.0086 -0.261612 5
      vertex 31.0086 -0.261612 27
    endloop
  endfacet
  facet normal 0 0 1
    outer loop
      vertex 36.7 0 27
      vertex 39 0 27
      vertex 38.9914 0.261612 27
    endloop
  endfacet
  facet normal 0 0 1
    outer loop
      vertex 36.6964 0.111185 27
      vertex 38.9914 0.261612 27
      vertex 38.9658 0.522104 27
    endloop
  endfacet
  facet normal 0 0 1
    outer loop
      vertex 39 0 27
      vertex 36.7 0 27
      vertex 38.9914 -0.261612 27
    endloop
  endfacet
  facet normal 0 0 1
    outer loop
      vertex 36.6855 0.221894 27
      vertex 38.9658 0.522104 27
      vertex 38.9231 0.780361 27
    endloop
  endfacet
  facet normal -0 0 1
    outer loop
      vertex 36.6964 -0.111185 27
      vertex 38.9914 -0.261612 27
      vertex 36.7 0 27
    endloop
  endfacet
  facet normal 0 0 1
    outer loop
      vertex 36.6673 0.331653 27
      vertex 38.9231 0.780361 27
      vertex 38.8637 1.03528 27
    endloop
  endfacet
  facet normal 0 0 1
    outer loop
      vertex 38.9914 -0.261612 27
      vertex 36.6964 -0.111185 27
      vertex 38.9658 -0.522104 27
    endloop
  endfacet
  facet normal 0 0 1
    outer loop
      vertex 36.6421 0.439992 27
      vertex 38.8637 1.03528 27
      vertex 38.7877 1.28576 27
    endloop
  endfacet
  facet normal -0 0 1
    outer loop
      vertex 36.6855 -0.221894 27
      vertex 38.9658 -0.522104 27
      vertex 36.6964 -0.111185 27
    endloop
  endfacet
  facet normal 0 0 1
    outer loop
      vertex 36.6098 0.546447 27
      vertex 38.7877 1.28576 27
      vertex 38.6955 1.53073 27
    endloop
  endfacet
  facet normal 0 0 1
    outer loop
      vertex 38.9658 -0.522104 27
      vertex 36.6855 -0.221894 27
      vertex 38.9231 -0.780361 27
    endloop
  endfacet
  facet normal 0 0 1
    outer loop
      vertex 36.5706 0.650561 27
      vertex 38.6955 1.53073 27
      vertex 38.5875 1.76915 27
    endloop
  endfacet
  facet normal -0 0 1
    outer loop
      vertex 36.6673 -0.331653 27
      vertex 38.9231 -0.780361 27
      vertex 36.6855 -0.221894 27
    endloop
  endfacet
  facet normal 0 0 1
    outer loop
      vertex 36.5247 0.75189 27
      vertex 38.5875 1.76915 27
      vertex 38.4641 2 27
    endloop
  endfacet
  facet normal 0 0 1
    outer loop
      vertex 38.9231 -0.780361 27
      vertex 36.6673 -0.331653 27
      vertex 38.8637 -1.03528 27
    endloop
  endfacet
  facet normal 0 0 1
    outer loop
      vertex 36.4722 0.849999 27
      vertex 38.4641 2 27
      vertex 38.3259 2.22228 27
    endloop
  endfacet
  facet normal -0 0 1
    outer loop
      vertex 36.6421 -0.439992 27
      vertex 38.8637 -1.03528 27
      vertex 36.6673 -0.331653 27
    endloop
  endfacet
  facet normal 0 0 1
    outer loop
      vertex 36.4135 0.944468 27
      vertex 38.3259 2.22228 27
      vertex 38.1734 2.43505 27
    endloop
  endfacet
  facet normal 0 0 1
    outer loop
      vertex 38.8637 -1.03528 27
      vertex 36.6421 -0.439992 27
      vertex 38.7877 -1.28576 27
    endloop
  endfacet
  facet normal 0 0 1
    outer loop
      vertex 36.3487 1.03489 27
      vertex 38.1734 2.43505 27
      vertex 38.0074 2.63738 27
    endloop
  endfacet
  facet normal -0 0 1
    outer loop
      vertex 36.6098 -0.546447 27
      vertex 38.7877 -1.28576 27
      vertex 36.6421 -0.439992 27
    endloop
  endfacet
  facet normal 0 0 1
    outer loop
      vertex 36.2781 1.12089 27
      vertex 38.0074 2.63738 27
      vertex 37.8284 2.82843 27
    endloop
  endfacet
  facet normal 0 0 1
    outer loop
      vertex 38.7877 -1.28576 27
      vertex 36.6098 -0.546447 27
      vertex 38.6955 -1.53073 27
    endloop
  endfacet
  facet normal 0 0 1
    outer loop
      vertex 36.2021 1.20208 27
      vertex 37.8284 2.82843 27
      vertex 37.6374 3.00736 27
    endloop
  endfacet
  facet normal -0 0 1
    outer loop
      vertex 36.5706 -0.650561 27
      vertex 38.6955 -1.53073 27
      vertex 36.6098 -0.546447 27
    endloop
  endfacet
  facet normal 0 0 1
    outer loop
      vertex 36.1209 1.27813 27
      vertex 37.6374 3.00736 27
      vertex 37.435 3.17341 27
    endloop
  endfacet
  facet normal 0 0 1
    outer loop
      vertex 38.6955 -1.53073 27
      vertex 36.5706 -0.650561 27
      vertex 38.5875 -1.76915 27
    endloop
  endfacet
  facet normal 0 0 1
    outer loop
      vertex 36.0349 1.3487 27
      vertex 37.435 3.17341 27
      vertex 37.2223 3.32588 27
    endloop
  endfacet
  facet normal -0 0 1
    outer loop
      vertex 36.5247 -0.75189 27
      vertex 38.5875 -1.76915 27
      vertex 36.5706 -0.650561 27
    endloop
  endfacet
  facet normal 0 0 1
    outer loop
      vertex 35.9445 1.4135 27
      vertex 37.2223 3.32588 27
      vertex 37 3.4641 27
    endloop
  endfacet
  facet normal 0 0 1
    outer loop
      vertex 38.5875 -1.76915 27
      vertex 36.5247 -0.75189 27
      vertex 38.4641 -2 27
    endloop
  endfacet
  facet normal 0 0 1
    outer loop
      vertex 35.85 1.47224 27
      vertex 37 3.4641 27
      vertex 36.7692 3.58749 27
    endloop
  endfacet
  facet normal -0 0 1
    outer loop
      vertex 36.4722 -0.849999 27
      vertex 38.4641 -2 27
      vertex 36.5247 -0.75189 27
    endloop
  endfacet
  facet normal 0 0 1
    outer loop
      vertex 38.4641 -2 27
      vertex 36.4722 -0.849999 27
      vertex 38.3259 -2.22228 27
    endloop
  endfacet
  facet normal 0 0 1
    outer loop
      vertex 38.9914 0.261612 27
      vertex 36.6964 0.111185 27
      vertex 36.7 0 27
    endloop
  endfacet
  facet normal 0 0 1
    outer loop
      vertex 38.9658 0.522104 27
      vertex 36.6855 0.221894 27
      vertex 36.6964 0.111185 27
    endloop
  endfacet
  facet normal 0 0 1
    outer loop
      vertex 38.9231 0.780361 27
      vertex 36.6673 0.331653 27
      vertex 36.6855 0.221894 27
    endloop
  endfacet
  facet normal 0 0 1
    outer loop
      vertex 38.8637 1.03528 27
      vertex 36.6421 0.439992 27
      vertex 36.6673 0.331653 27
    endloop
  endfacet
  facet normal 0 0 1
    outer loop
      vertex 38.7877 1.28576 27
      vertex 36.6098 0.546447 27
      vertex 36.6421 0.439992 27
    endloop
  endfacet
  facet normal 0 0 1
    outer loop
      vertex 38.6955 1.53073 27
      vertex 36.5706 0.650561 27
      vertex 36.6098 0.546447 27
    endloop
  endfacet
  facet normal 0 0 1
    outer loop
      vertex 35.7519 1.52468 27
      vertex 36.7692 3.58749 27
      vertex 36.5307 3.69552 27
    endloop
  endfacet
  facet normal 0 0 1
    outer loop
      vertex 38.5875 1.76915 27
      vertex 36.5247 0.75189 27
      vertex 36.5706 0.650561 27
    endloop
  endfacet
  facet normal 0 0 1
    outer loop
      vertex 38.4641 2 27
      vertex 36.4722 0.849999 27
      vertex 36.5247 0.75189 27
    endloop
  endfacet
  facet normal 0 0 1
    outer loop
      vertex 38.3259 2.22228 27
      vertex 36.4135 0.944468 27
      vertex 36.4722 0.849999 27
    endloop
  endfacet
  facet normal 0 0 1
    outer loop
      vertex 38.1734 2.43505 27
      vertex 36.3487 1.03489 27
      vertex 36.4135 0.944468 27
    endloop
  endfacet
  facet normal 0 0 1
    outer loop
      vertex 35.6506 1.57059 27
      vertex 36.5307 3.69552 27
      vertex 36.2858 3.78772 27
    endloop
  endfacet
  facet normal 0 0 1
    outer loop
      vertex 38.0074 2.63738 27
      vertex 36.2781 1.12089 27
      vertex 36.3487 1.03489 27
    endloop
  endfacet
  facet normal 0 0 1
    outer loop
      vertex 37.8284 2.82843 27
      vertex 36.2021 1.20208 27
      vertex 36.2781 1.12089 27
    endloop
  endfacet
  facet normal 0 0 1
    outer loop
      vertex 37.6374 3.00736 27
      vertex 36.1209 1.27813 27
      vertex 36.2021 1.20208 27
    endloop
  endfacet
  facet normal 0 0 1
    outer loop
      vertex 35.5464 1.60978 27
      vertex 36.2858 3.78772 27
      vertex 36.0353 3.8637 27
    endloop
  endfacet
  facet normal 0 0 1
    outer loop
      vertex 37.435 3.17341 27
      vertex 36.0349 1.3487 27
      vertex 36.1209 1.27813 27
    endloop
  endfacet
  facet normal 0 0 1
    outer loop
      vertex 37.2223 3.32588 27
      vertex 35.9445 1.4135 27
      vertex 36.0349 1.3487 27
    endloop
  endfacet
  facet normal 0 0 1
    outer loop
      vertex 37 3.4641 27
      vertex 35.85 1.47224 27
      vertex 35.9445 1.4135 27
    endloop
  endfacet
  facet normal 0 0 1
    outer loop
      vertex 35.44 1.64207 27
      vertex 36.0353 3.8637 27
      vertex 35.7804 3.92314 27
    endloop
  endfacet
  facet normal 0 0 1
    outer loop
      vertex 36.7692 3.58749 27
      vertex 35.7519 1.52468 27
      vertex 35.85 1.47224 27
    endloop
  endfacet
  facet normal 0 0 1
    outer loop
      vertex 36.5307 3.69552 27
      vertex 35.6506 1.57059 27
      vertex 35.7519 1.52468 27
    endloop
  endfacet
  facet normal 0 0 1
    outer loop
      vertex 36.2858 3.78772 27
      vertex 35.5464 1.60978 27
      vertex 35.6506 1.57059 27
    endloop
  endfacet
  facet normal 0 0 1
    outer loop
      vertex 35.3317 1.66733 27
      vertex 35.7804 3.92314 27
      vertex 35.5221 3.96578 27
    endloop
  endfacet
  facet normal 0 0 1
    outer loop
      vertex 36.0353 3.8637 27
      vertex 35.44 1.64207 27
      vertex 35.5464 1.60978 27
    endloop
  endfacet
  facet normal 0 0 1
    outer loop
      vertex 35.7804 3.92314 27
      vertex 35.3317 1.66733 27
      vertex 35.44 1.64207 27
    endloop
  endfacet
  facet normal 0 0 1
    outer loop
      vertex 35.2219 1.68546 27
      vertex 35.5221 3.96578 27
      vertex 35.2616 3.99144 27
    endloop
  endfacet
  facet normal 0 0 1
    outer loop
      vertex 35.5221 3.96578 27
      vertex 35.2219 1.68546 27
      vertex 35.3317 1.66733 27
    endloop
  endfacet
  facet normal 0 0 1
    outer loop
      vertex 35.2616 3.99144 27
      vertex 35.1112 1.69636 27
      vertex 35.2219 1.68546 27
    endloop
  endfacet
  facet normal 0 0 1
    outer loop
      vertex 35 4 27
      vertex 35.1112 1.69636 27
      vertex 35.2616 3.99144 27
    endloop
  endfacet
  facet normal 0 0 1
    outer loop
      vertex 35 4 27
      vertex 35 1.7 27
      vertex 35.1112 1.69636 27
    endloop
  endfacet
  facet normal 0 0 1
    outer loop
      vertex 35 4 27
      vertex 34.8888 1.69636 27
      vertex 35 1.7 27
    endloop
  endfacet
  facet normal -0 0 1
    outer loop
      vertex 34.7384 3.99144 27
      vertex 34.8888 1.69636 27
      vertex 35 4 27
    endloop
  endfacet
  facet normal 0 0 1
    outer loop
      vertex 34.8888 1.69636 27
      vertex 34.7384 3.99144 27
      vertex 34.7781 1.68546 27
    endloop
  endfacet
  facet normal -0 0 1
    outer loop
      vertex 34.4779 3.96578 27
      vertex 34.7781 1.68546 27
      vertex 34.7384 3.99144 27
    endloop
  endfacet
  facet normal 0 0 1
    outer loop
      vertex 34.7781 1.68546 27
      vertex 34.4779 3.96578 27
      vertex 34.6683 1.66733 27
    endloop
  endfacet
  facet normal -0 0 1
    outer loop
      vertex 34.2196 3.92314 27
      vertex 34.6683 1.66733 27
      vertex 34.4779 3.96578 27
    endloop
  endfacet
  facet normal 0 0 1
    outer loop
      vertex 34.6683 1.66733 27
      vertex 34.2196 3.92314 27
      vertex 34.56 1.64207 27
    endloop
  endfacet
  facet normal -0 0 1
    outer loop
      vertex 33.9647 3.8637 27
      vertex 34.56 1.64207 27
      vertex 34.2196 3.92314 27
    endloop
  endfacet
  facet normal 0 0 1
    outer loop
      vertex 34.56 1.64207 27
      vertex 33.9647 3.8637 27
      vertex 34.4536 1.60978 27
    endloop
  endfacet
  facet normal -0 0 1
    outer loop
      vertex 33.7142 3.78772 27
      vertex 34.4536 1.60978 27
      vertex 33.9647 3.8637 27
    endloop
  endfacet
  facet normal 0 0 1
    outer loop
      vertex 34.4536 1.60978 27
      vertex 33.7142 3.78772 27
      vertex 34.3494 1.57059 27
    endloop
  endfacet
  facet normal -0 0 1
    outer loop
      vertex 33.4693 3.69552 27
      vertex 34.3494 1.57059 27
      vertex 33.7142 3.78772 27
    endloop
  endfacet
  facet normal 0 0 1
    outer loop
      vertex 34.3494 1.57059 27
      vertex 33.4693 3.69552 27
      vertex 34.2481 1.52468 27
    endloop
  endfacet
  facet normal -0 0 1
    outer loop
      vertex 33.2308 3.58749 27
      vertex 34.2481 1.52468 27
      vertex 33.4693 3.69552 27
    endloop
  endfacet
  facet normal 0 0 1
    outer loop
      vertex 34.2481 1.52468 27
      vertex 33.2308 3.58749 27
      vertex 34.15 1.47224 27
    endloop
  endfacet
  facet normal -0 0 1
    outer loop
      vertex 33 3.4641 27
      vertex 34.15 1.47224 27
      vertex 33.2308 3.58749 27
    endloop
  endfacet
  facet normal 0 0 1
    outer loop
      vertex 34.15 1.47224 27
      vertex 33 3.4641 27
      vertex 34.0555 1.4135 27
    endloop
  endfacet
  facet normal -0 0 1
    outer loop
      vertex 32.7777 3.32588 27
      vertex 34.0555 1.4135 27
      vertex 33 3.4641 27
    endloop
  endfacet
  facet normal 0 0 1
    outer loop
      vertex 34.0555 1.4135 27
      vertex 32.7777 3.32588 27
      vertex 33.9651 1.3487 27
    endloop
  endfacet
  facet normal -0 0 1
    outer loop
      vertex 32.565 3.17341 27
      vertex 33.9651 1.3487 27
      vertex 32.7777 3.32588 27
    endloop
  endfacet
  facet normal 0 0 1
    outer loop
      vertex 33.9651 1.3487 27
      vertex 32.565 3.17341 27
      vertex 33.8791 1.27813 27
    endloop
  endfacet
  facet normal -0 0 1
    outer loop
      vertex 32.3626 3.00736 27
      vertex 33.8791 1.27813 27
      vertex 32.565 3.17341 27
    endloop
  endfacet
  facet normal 0 0 1
    outer loop
      vertex 33.8791 1.27813 27
      vertex 32.3626 3.00736 27
      vertex 33.7979 1.20208 27
    endloop
  endfacet
  facet normal -0 0 1
    outer loop
      vertex 32.1716 2.82843 27
      vertex 33.7979 1.20208 27
      vertex 32.3626 3.00736 27
    endloop
  endfacet
  facet normal 0 0 1
    outer loop
      vertex 33.7979 1.20208 27
      vertex 32.1716 2.82843 27
      vertex 33.7219 1.12089 27
    endloop
  endfacet
  facet normal -0 0 1
    outer loop
      vertex 31.9926 2.63738 27
      vertex 33.7219 1.12089 27
      vertex 32.1716 2.82843 27
    endloop
  endfacet
  facet normal 0 0 1
    outer loop
      vertex 33.7219 1.12089 27
      vertex 31.9926 2.63738 27
      vertex 33.6513 1.03489 27
    endloop
  endfacet
  facet normal -0 0 1
    outer loop
      vertex 31.8266 2.43505 27
      vertex 33.6513 1.03489 27
      vertex 31.9926 2.63738 27
    endloop
  endfacet
  facet normal 0 0 1
    outer loop
      vertex 33.6513 1.03489 27
      vertex 31.8266 2.43505 27
      vertex 33.5865 0.944468 27
    endloop
  endfacet
  facet normal 0 0 1
    outer loop
      vertex 33.5865 0.944468 27
      vertex 31.6741 2.22228 27
      vertex 33.5278 0.849999 27
    endloop
  endfacet
  facet normal -0 0 1
    outer loop
      vertex 31.6741 2.22228 27
      vertex 33.5865 0.944468 27
      vertex 31.8266 2.43505 27
    endloop
  endfacet
  facet normal -0 0 1
    outer loop
      vertex 36.4135 -0.944468 27
      vertex 38.3259 -2.22228 27
      vertex 36.4722 -0.849999 27
    endloop
  endfacet
  facet normal 0 0 1
    outer loop
      vertex 38.3259 -2.22228 27
      vertex 36.4135 -0.944468 27
      vertex 38.1734 -2.43505 27
    endloop
  endfacet
  facet normal -0 0 1
    outer loop
      vertex 36.3487 -1.03489 27
      vertex 38.1734 -2.43505 27
      vertex 36.4135 -0.944468 27
    endloop
  endfacet
  facet normal 0 0 1
    outer loop
      vertex 38.1734 -2.43505 27
      vertex 36.3487 -1.03489 27
      vertex 38.0074 -2.63738 27
    endloop
  endfacet
  facet normal -0 0 1
    outer loop
      vertex 36.2781 -1.12089 27
      vertex 38.0074 -2.63738 27
      vertex 36.3487 -1.03489 27
    endloop
  endfacet
  facet normal 0 0 1
    outer loop
      vertex 38.0074 -2.63738 27
      vertex 36.2781 -1.12089 27
      vertex 37.8284 -2.82843 27
    endloop
  endfacet
  facet normal -0 0 1
    outer loop
      vertex 36.2021 -1.20208 27
      vertex 37.8284 -2.82843 27
      vertex 36.2781 -1.12089 27
    endloop
  endfacet
  facet normal 0 0 1
    outer loop
      vertex 37.8284 -2.82843 27
      vertex 36.2021 -1.20208 27
      vertex 37.6374 -3.00736 27
    endloop
  endfacet
  facet normal -0 0 1
    outer loop
      vertex 36.1209 -1.27813 27
      vertex 37.6374 -3.00736 27
      vertex 36.2021 -1.20208 27
    endloop
  endfacet
  facet normal 0 0 1
    outer loop
      vertex 37.6374 -3.00736 27
      vertex 36.1209 -1.27813 27
      vertex 37.435 -3.17341 27
    endloop
  endfacet
  facet normal -0 0 1
    outer loop
      vertex 36.0349 -1.3487 27
      vertex 37.435 -3.17341 27
      vertex 36.1209 -1.27813 27
    endloop
  endfacet
  facet normal 0 0 1
    outer loop
      vertex 37.435 -3.17341 27
      vertex 36.0349 -1.3487 27
      vertex 37.2223 -3.32588 27
    endloop
  endfacet
  facet normal -0 0 1
    outer loop
      vertex 35.9445 -1.4135 27
      vertex 37.2223 -3.32588 27
      vertex 36.0349 -1.3487 27
    endloop
  endfacet
  facet normal 0 0 1
    outer loop
      vertex 37.2223 -3.32588 27
      vertex 35.9445 -1.4135 27
      vertex 37 -3.4641 27
    endloop
  endfacet
  facet normal -0 0 1
    outer loop
      vertex 35.85 -1.47224 27
      vertex 37 -3.4641 27
      vertex 35.9445 -1.4135 27
    endloop
  endfacet
  facet normal 0 0 1
    outer loop
      vertex 37 -3.4641 27
      vertex 35.85 -1.47224 27
      vertex 36.7692 -3.58749 27
    endloop
  endfacet
  facet normal -0 0 1
    outer loop
      vertex 35.7519 -1.52468 27
      vertex 36.7692 -3.58749 27
      vertex 35.85 -1.47224 27
    endloop
  endfacet
  facet normal 0 0 1
    outer loop
      vertex 36.7692 -3.58749 27
      vertex 35.7519 -1.52468 27
      vertex 36.5307 -3.69552 27
    endloop
  endfacet
  facet normal -0 0 1
    outer loop
      vertex 35.6506 -1.57059 27
      vertex 36.5307 -3.69552 27
      vertex 35.7519 -1.52468 27
    endloop
  endfacet
  facet normal 0 0 1
    outer loop
      vertex 36.5307 -3.69552 27
      vertex 35.6506 -1.57059 27
      vertex 36.2858 -3.78772 27
    endloop
  endfacet
  facet normal -0 0 1
    outer loop
      vertex 35.5464 -1.60978 27
      vertex 36.2858 -3.78772 27
      vertex 35.6506 -1.57059 27
    endloop
  endfacet
  facet normal 0 0 1
    outer loop
      vertex 36.2858 -3.78772 27
      vertex 35.5464 -1.60978 27
      vertex 36.0353 -3.8637 27
    endloop
  endfacet
  facet normal -0 0 1
    outer loop
      vertex 35.44 -1.64207 27
      vertex 36.0353 -3.8637 27
      vertex 35.5464 -1.60978 27
    endloop
  endfacet
  facet normal 0 0 1
    outer loop
      vertex 36.0353 -3.8637 27
      vertex 35.44 -1.64207 27
      vertex 35.7804 -3.92314 27
    endloop
  endfacet
  facet normal -0 0 1
    outer loop
      vertex 35.3317 -1.66733 27
      vertex 35.7804 -3.92314 27
      vertex 35.44 -1.64207 27
    endloop
  endfacet
  facet normal 0 0 1
    outer loop
      vertex 35.7804 -3.92314 27
      vertex 35.3317 -1.66733 27
      vertex 35.5221 -3.96578 27
    endloop
  endfacet
  facet normal -0 0 1
    outer loop
      vertex 35.2219 -1.68546 27
      vertex 35.5221 -3.96578 27
      vertex 35.3317 -1.66733 27
    endloop
  endfacet
  facet normal 0 0 1
    outer loop
      vertex 35.5221 -3.96578 27
      vertex 35.2219 -1.68546 27
      vertex 35.2616 -3.99144 27
    endloop
  endfacet
  facet normal -0 0 1
    outer loop
      vertex 35.1112 -1.69636 27
      vertex 35.2616 -3.99144 27
      vertex 35.2219 -1.68546 27
    endloop
  endfacet
  facet normal -0 0 1
    outer loop
      vertex 35 -1.7 27
      vertex 35.2616 -3.99144 27
      vertex 35.1112 -1.69636 27
    endloop
  endfacet
  facet normal 0 0 1
    outer loop
      vertex 35 -1.7 27
      vertex 35 -4 27
      vertex 35.2616 -3.99144 27
    endloop
  endfacet
  facet normal 0 0 1
    outer loop
      vertex 34.8888 -1.69636 27
      vertex 35 -4 27
      vertex 35 -1.7 27
    endloop
  endfacet
  facet normal 0 0 1
    outer loop
      vertex 34.7384 -3.99144 27
      vertex 34.8888 -1.69636 27
      vertex 34.7781 -1.68546 27
    endloop
  endfacet
  facet normal 0 0 1
    outer loop
      vertex 34.8888 -1.69636 27
      vertex 34.7384 -3.99144 27
      vertex 35 -4 27
    endloop
  endfacet
  facet normal 0 0 1
    outer loop
      vertex 34.4779 -3.96578 27
      vertex 34.7781 -1.68546 27
      vertex 34.6683 -1.66733 27
    endloop
  endfacet
  facet normal 0 0 1
    outer loop
      vertex 34.2196 -3.92314 27
      vertex 34.6683 -1.66733 27
      vertex 34.56 -1.64207 27
    endloop
  endfacet
  facet normal 0 0 1
    outer loop
      vertex 34.7781 -1.68546 27
      vertex 34.4779 -3.96578 27
      vertex 34.7384 -3.99144 27
    endloop
  endfacet
  facet normal 0 0 1
    outer loop
      vertex 33.9647 -3.8637 27
      vertex 34.56 -1.64207 27
      vertex 34.4536 -1.60978 27
    endloop
  endfacet
  facet normal 0 0 1
    outer loop
      vertex 33.7142 -3.78772 27
      vertex 34.4536 -1.60978 27
      vertex 34.3494 -1.57059 27
    endloop
  endfacet
  facet normal 0 0 1
    outer loop
      vertex 33.4693 -3.69552 27
      vertex 34.3494 -1.57059 27
      vertex 34.2481 -1.52468 27
    endloop
  endfacet
  facet normal 0 0 1
    outer loop
      vertex 34.6683 -1.66733 27
      vertex 34.2196 -3.92314 27
      vertex 34.4779 -3.96578 27
    endloop
  endfacet
  facet normal 0 0 1
    outer loop
      vertex 33.2308 -3.58749 27
      vertex 34.2481 -1.52468 27
      vertex 34.15 -1.47224 27
    endloop
  endfacet
  facet normal 0 0 1
    outer loop
      vertex 33 -3.4641 27
      vertex 34.15 -1.47224 27
      vertex 34.0555 -1.4135 27
    endloop
  endfacet
  facet normal 0 0 1
    outer loop
      vertex 32.7777 -3.32588 27
      vertex 34.0555 -1.4135 27
      vertex 33.9651 -1.3487 27
    endloop
  endfacet
  facet normal 0 0 1
    outer loop
      vertex 34.56 -1.64207 27
      vertex 33.9647 -3.8637 27
      vertex 34.2196 -3.92314 27
    endloop
  endfacet
  facet normal 0 0 1
    outer loop
      vertex 32.565 -3.17341 27
      vertex 33.9651 -1.3487 27
      vertex 33.8791 -1.27813 27
    endloop
  endfacet
  facet normal 0 0 1
    outer loop
      vertex 32.3626 -3.00736 27
      vertex 33.8791 -1.27813 27
      vertex 33.7979 -1.20208 27
    endloop
  endfacet
  facet normal 0 0 1
    outer loop
      vertex 32.1716 -2.82843 27
      vertex 33.7979 -1.20208 27
      vertex 33.7219 -1.12089 27
    endloop
  endfacet
  facet normal 0 0 1
    outer loop
      vertex 34.4536 -1.60978 27
      vertex 33.7142 -3.78772 27
      vertex 33.9647 -3.8637 27
    endloop
  endfacet
  facet normal 0 0 1
    outer loop
      vertex 31.9926 -2.63738 27
      vertex 33.7219 -1.12089 27
      vertex 33.6513 -1.03489 27
    endloop
  endfacet
  facet normal 0 0 1
    outer loop
      vertex 31.8266 -2.43505 27
      vertex 33.6513 -1.03489 27
      vertex 33.5865 -0.944468 27
    endloop
  endfacet
  facet normal 0 0 1
    outer loop
      vertex 31.6741 -2.22228 27
      vertex 33.5865 -0.944468 27
      vertex 33.5278 -0.849999 27
    endloop
  endfacet
  facet normal 0 0 1
    outer loop
      vertex 31.5359 -2 27
      vertex 33.5278 -0.849999 27
      vertex 33.4753 -0.75189 27
    endloop
  endfacet
  facet normal 0 0 1
    outer loop
      vertex 34.3494 -1.57059 27
      vertex 33.4693 -3.69552 27
      vertex 33.7142 -3.78772 27
    endloop
  endfacet
  facet normal 0 0 1
    outer loop
      vertex 31.4125 -1.76915 27
      vertex 33.4753 -0.75189 27
      vertex 33.4294 -0.650561 27
    endloop
  endfacet
  facet normal 0 0 1
    outer loop
      vertex 31.3045 -1.53073 27
      vertex 33.4294 -0.650561 27
      vertex 33.3902 -0.546447 27
    endloop
  endfacet
  facet normal 0 0 1
    outer loop
      vertex 31.2123 -1.28576 27
      vertex 33.3902 -0.546447 27
      vertex 33.3579 -0.439992 27
    endloop
  endfacet
  facet normal 0 0 1
    outer loop
      vertex 31.1363 -1.03528 27
      vertex 33.3579 -0.439992 27
      vertex 33.3327 -0.331653 27
    endloop
  endfacet
  facet normal 0 0 1
    outer loop
      vertex 31.0769 -0.780361 27
      vertex 33.3327 -0.331653 27
      vertex 33.3145 -0.221894 27
    endloop
  endfacet
  facet normal 0 0 1
    outer loop
      vertex 31.0342 -0.522104 27
      vertex 33.3145 -0.221894 27
      vertex 33.3036 -0.111185 27
    endloop
  endfacet
  facet normal 0 0 1
    outer loop
      vertex 34.2481 -1.52468 27
      vertex 33.2308 -3.58749 27
      vertex 33.4693 -3.69552 27
    endloop
  endfacet
  facet normal 0 0 1
    outer loop
      vertex 31.0086 -0.261612 27
      vertex 33.3036 -0.111185 27
      vertex 33.3 0 27
    endloop
  endfacet
  facet normal -0 0 1
    outer loop
      vertex 31.5359 2 27
      vertex 33.5278 0.849999 27
      vertex 31.6741 2.22228 27
    endloop
  endfacet
  facet normal 0 0 1
    outer loop
      vertex 33.5278 0.849999 27
      vertex 31.5359 2 27
      vertex 33.4753 0.75189 27
    endloop
  endfacet
  facet normal 0 0 1
    outer loop
      vertex 34.15 -1.47224 27
      vertex 33 -3.4641 27
      vertex 33.2308 -3.58749 27
    endloop
  endfacet
  facet normal -0 0 1
    outer loop
      vertex 31.4125 1.76915 27
      vertex 33.4753 0.75189 27
      vertex 31.5359 2 27
    endloop
  endfacet
  facet normal 0 0 1
    outer loop
      vertex 34.0555 -1.4135 27
      vertex 32.7777 -3.32588 27
      vertex 33 -3.4641 27
    endloop
  endfacet
  facet normal 0 0 1
    outer loop
      vertex 33.4753 0.75189 27
      vertex 31.4125 1.76915 27
      vertex 33.4294 0.650561 27
    endloop
  endfacet
  facet normal 0 0 1
    outer loop
      vertex 33.9651 -1.3487 27
      vertex 32.565 -3.17341 27
      vertex 32.7777 -3.32588 27
    endloop
  endfacet
  facet normal -0 0 1
    outer loop
      vertex 31.3045 1.53073 27
      vertex 33.4294 0.650561 27
      vertex 31.4125 1.76915 27
    endloop
  endfacet
  facet normal 0 0 1
    outer loop
      vertex 33.8791 -1.27813 27
      vertex 32.3626 -3.00736 27
      vertex 32.565 -3.17341 27
    endloop
  endfacet
  facet normal 0 0 1
    outer loop
      vertex 33.4294 0.650561 27
      vertex 31.3045 1.53073 27
      vertex 33.3902 0.546447 27
    endloop
  endfacet
  facet normal 0 0 1
    outer loop
      vertex 33.7979 -1.20208 27
      vertex 32.1716 -2.82843 27
      vertex 32.3626 -3.00736 27
    endloop
  endfacet
  facet normal -0 0 1
    outer loop
      vertex 31.2123 1.28576 27
      vertex 33.3902 0.546447 27
      vertex 31.3045 1.53073 27
    endloop
  endfacet
  facet normal 0 0 1
    outer loop
      vertex 33.7219 -1.12089 27
      vertex 31.9926 -2.63738 27
      vertex 32.1716 -2.82843 27
    endloop
  endfacet
  facet normal 0 0 1
    outer loop
      vertex 33.3902 0.546447 27
      vertex 31.2123 1.28576 27
      vertex 33.3579 0.439992 27
    endloop
  endfacet
  facet normal 0 0 1
    outer loop
      vertex 33.6513 -1.03489 27
      vertex 31.8266 -2.43505 27
      vertex 31.9926 -2.63738 27
    endloop
  endfacet
  facet normal -0 0 1
    outer loop
      vertex 31.1363 1.03528 27
      vertex 33.3579 0.439992 27
      vertex 31.2123 1.28576 27
    endloop
  endfacet
  facet normal 0 0 1
    outer loop
      vertex 33.5865 -0.944468 27
      vertex 31.6741 -2.22228 27
      vertex 31.8266 -2.43505 27
    endloop
  endfacet
  facet normal 0 0 1
    outer loop
      vertex 33.3579 0.439992 27
      vertex 31.1363 1.03528 27
      vertex 33.3327 0.331653 27
    endloop
  endfacet
  facet normal 0 0 1
    outer loop
      vertex 33.5278 -0.849999 27
      vertex 31.5359 -2 27
      vertex 31.6741 -2.22228 27
    endloop
  endfacet
  facet normal -0 0 1
    outer loop
      vertex 31.0769 0.780361 27
      vertex 33.3327 0.331653 27
      vertex 31.1363 1.03528 27
    endloop
  endfacet
  facet normal 0 0 1
    outer loop
      vertex 33.4753 -0.75189 27
      vertex 31.4125 -1.76915 27
      vertex 31.5359 -2 27
    endloop
  endfacet
  facet normal 0 0 1
    outer loop
      vertex 33.3327 0.331653 27
      vertex 31.0769 0.780361 27
      vertex 33.3145 0.221894 27
    endloop
  endfacet
  facet normal 0 0 1
    outer loop
      vertex 33.4294 -0.650561 27
      vertex 31.3045 -1.53073 27
      vertex 31.4125 -1.76915 27
    endloop
  endfacet
  facet normal -0 0 1
    outer loop
      vertex 31.0342 0.522104 27
      vertex 33.3145 0.221894 27
      vertex 31.0769 0.780361 27
    endloop
  endfacet
  facet normal 0 0 1
    outer loop
      vertex 33.3902 -0.546447 27
      vertex 31.2123 -1.28576 27
      vertex 31.3045 -1.53073 27
    endloop
  endfacet
  facet normal 0 0 1
    outer loop
      vertex 33.3145 0.221894 27
      vertex 31.0342 0.522104 27
      vertex 33.3036 0.111185 27
    endloop
  endfacet
  facet normal 0 0 1
    outer loop
      vertex 33.3579 -0.439992 27
      vertex 31.1363 -1.03528 27
      vertex 31.2123 -1.28576 27
    endloop
  endfacet
  facet normal -0 0 1
    outer loop
      vertex 31.0086 0.261612 27
      vertex 33.3036 0.111185 27
      vertex 31.0342 0.522104 27
    endloop
  endfacet
  facet normal 0 0 1
    outer loop
      vertex 33.3327 -0.331653 27
      vertex 31.0769 -0.780361 27
      vertex 31.1363 -1.03528 27
    endloop
  endfacet
  facet normal 0 0 1
    outer loop
      vertex 33.3036 0.111185 27
      vertex 31.0086 0.261612 27
      vertex 33.3 0 27
    endloop
  endfacet
  facet normal 0 0 1
    outer loop
      vertex 33.3145 -0.221894 27
      vertex 31.0342 -0.522104 27
      vertex 31.0769 -0.780361 27
    endloop
  endfacet
  facet normal 0 0 1
    outer loop
      vertex 31 0 27
      vertex 33.3 0 27
      vertex 31.0086 0.261612 27
    endloop
  endfacet
  facet normal 0 0 1
    outer loop
      vertex 33.3036 -0.111185 27
      vertex 31.0086 -0.261612 27
      vertex 31.0342 -0.522104 27
    endloop
  endfacet
  facet normal 0 0 1
    outer loop
      vertex 33.3 0 27
      vertex 31 0 27
      vertex 31.0086 -0.261612 27
    endloop
  endfacet
  facet normal -0.528026 -0.849228 0
    outer loop
      vertex 32.7777 -3.32588 5
      vertex 33 -3.4641 27
      vertex 32.7777 -3.32588 27
    endloop
  endfacet
  facet normal -0.528026 -0.849228 -0
    outer loop
      vertex 33 -3.4641 27
      vertex 32.7777 -3.32588 5
      vertex 33 -3.4641 5
    endloop
  endfacet
  facet normal -0.471471 -0.881882 0
    outer loop
      vertex 33 -3.4641 5
      vertex 33.2308 -3.58749 27
      vertex 33 -3.4641 27
    endloop
  endfacet
  facet normal -0.471471 -0.881882 -0
    outer loop
      vertex 33.2308 -3.58749 27
      vertex 33 -3.4641 5
      vertex 33.2308 -3.58749 5
    endloop
  endfacet
  facet normal -0.683672 -0.72979 0
    outer loop
      vertex 32.1716 -2.82843 5
      vertex 32.3626 -3.00736 27
      vertex 32.1716 -2.82843 27
    endloop
  endfacet
  facet normal -0.683672 -0.72979 -0
    outer loop
      vertex 32.3626 -3.00736 27
      vertex 32.1716 -2.82843 5
      vertex 32.3626 -3.00736 5
    endloop
  endfacet
  facet normal -0.352338 -0.935873 0
    outer loop
      vertex 33.4693 -3.69552 5
      vertex 33.7142 -3.78772 27
      vertex 33.4693 -3.69552 27
    endloop
  endfacet
  facet normal -0.352338 -0.935873 -0
    outer loop
      vertex 33.7142 -3.78772 27
      vertex 33.4693 -3.69552 5
      vertex 33.7142 -3.78772 5
    endloop
  endfacet
  facet normal 0.99946 0.0328554 0
    outer loop
      vertex 39 0 27
      vertex 38.9914 0.261612 5
      vertex 38.9914 0.261612 27
    endloop
  endfacet
  facet normal 0.99946 0.0328554 0
    outer loop
      vertex 38.9914 0.261612 5
      vertex 39 0 27
      vertex 39 0 5
    endloop
  endfacet
  facet normal 0.881908 0.471421 0
    outer loop
      vertex 38.5875 1.76915 27
      vertex 38.4641 2 5
      vertex 38.4641 2 27
    endloop
  endfacet
  facet normal 0.881908 0.471421 0
    outer loop
      vertex 38.4641 2 5
      vertex 38.5875 1.76915 27
      vertex 38.5875 1.76915 5
    endloop
  endfacet
  facet normal 0.935906 0.352249 0
    outer loop
      vertex 38.7877 1.28576 27
      vertex 38.6955 1.53073 5
      vertex 38.6955 1.53073 27
    endloop
  endfacet
  facet normal 0.935906 0.352249 0
    outer loop
      vertex 38.6955 1.53073 5
      vertex 38.7877 1.28576 27
      vertex 38.7877 1.28576 5
    endloop
  endfacet
  facet normal 0.97391 0.226936 0
    outer loop
      vertex 38.9231 0.780361 27
      vertex 38.8637 1.03528 5
      vertex 38.8637 1.03528 27
    endloop
  endfacet
  facet normal 0.97391 0.226936 0
    outer loop
      vertex 38.8637 1.03528 5
      vertex 38.9231 0.780361 27
      vertex 38.9231 0.780361 5
    endloop
  endfacet
  facet normal 0.995206 0.0978044 0
    outer loop
      vertex 38.9914 0.261612 27
      vertex 38.9658 0.522104 5
      vertex 38.9658 0.522104 27
    endloop
  endfacet
  facet normal 0.995206 0.0978044 0
    outer loop
      vertex 38.9658 0.522104 5
      vertex 38.9914 0.261612 27
      vertex 38.9914 0.261612 5
    endloop
  endfacet
  facet normal 0.7731 0.634284 0
    outer loop
      vertex 38.1734 2.43505 27
      vertex 38.0074 2.63738 5
      vertex 38.0074 2.63738 27
    endloop
  endfacet
  facet normal 0.7731 0.634284 0
    outer loop
      vertex 38.0074 2.63738 5
      vertex 38.1734 2.43505 27
      vertex 38.1734 2.43505 5
    endloop
  endfacet
  facet normal 0.227097 0.973872 -0
    outer loop
      vertex 36.0353 3.8637 5
      vertex 35.7804 3.92314 27
      vertex 36.0353 3.8637 27
    endloop
  endfacet
  facet normal 0.227097 0.973872 0
    outer loop
      vertex 35.7804 3.92314 27
      vertex 36.0353 3.8637 5
      vertex 35.7804 3.92314 5
    endloop
  endfacet
  facet normal 0.412603 0.910911 -0
    outer loop
      vertex 36.7692 3.58749 5
      vertex 36.5307 3.69552 27
      vertex 36.7692 3.58749 27
    endloop
  endfacet
  facet normal 0.412603 0.910911 0
    outer loop
      vertex 36.5307 3.69552 27
      vertex 36.7692 3.58749 5
      vertex 36.5307 3.69552 5
    endloop
  endfacet
  facet normal -0.634267 -0.773114 0
    outer loop
      vertex 32.3626 -3.00736 5
      vertex 32.565 -3.17341 27
      vertex 32.3626 -3.00736 27
    endloop
  endfacet
  facet normal -0.634267 -0.773114 -0
    outer loop
      vertex 32.565 -3.17341 27
      vertex 32.3626 -3.00736 5
      vertex 32.565 -3.17341 5
    endloop
  endfacet
  facet normal -0.290255 -0.956949 0
    outer loop
      vertex 33.7142 -3.78772 5
      vertex 33.9647 -3.8637 27
      vertex 33.7142 -3.78772 27
    endloop
  endfacet
  facet normal -0.290255 -0.956949 -0
    outer loop
      vertex 33.9647 -3.8637 27
      vertex 33.7142 -3.78772 5
      vertex 33.9647 -3.8637 5
    endloop
  endfacet
  facet normal -0.162875 -0.986647 0
    outer loop
      vertex 34.2196 -3.92314 5
      vertex 34.4779 -3.96578 27
      vertex 34.2196 -3.92314 27
    endloop
  endfacet
  facet normal -0.162875 -0.986647 -0
    outer loop
      vertex 34.4779 -3.96578 27
      vertex 34.2196 -3.92314 5
      vertex 34.4779 -3.96578 5
    endloop
  endfacet
  facet normal 0.956922 0.290347 0
    outer loop
      vertex 38.8637 1.03528 27
      vertex 38.7877 1.28576 5
      vertex 38.7877 1.28576 27
    endloop
  endfacet
  facet normal 0.956922 0.290347 0
    outer loop
      vertex 38.7877 1.28576 5
      vertex 38.8637 1.03528 27
      vertex 38.8637 1.03528 5
    endloop
  endfacet
  facet normal 0.81279 0.582556 0
    outer loop
      vertex 38.3259 2.22228 27
      vertex 38.1734 2.43505 5
      vertex 38.1734 2.43505 27
    endloop
  endfacet
  facet normal 0.81279 0.582556 0
    outer loop
      vertex 38.1734 2.43505 5
      vertex 38.3259 2.22228 27
      vertex 38.3259 2.22228 5
    endloop
  endfacet
  facet normal -0.849241 0.528006 0
    outer loop
      vertex 31.5359 2 5
      vertex 31.6741 2.22228 27
      vertex 31.6741 2.22228 5
    endloop
  endfacet
  facet normal -0.849241 0.528006 0
    outer loop
      vertex 31.6741 2.22228 27
      vertex 31.5359 2 5
      vertex 31.5359 2 27
    endloop
  endfacet
  facet normal -0.7731 0.634284 0
    outer loop
      vertex 31.8266 2.43505 5
      vertex 31.9926 2.63738 27
      vertex 31.9926 2.63738 5
    endloop
  endfacet
  facet normal -0.7731 0.634284 0
    outer loop
      vertex 31.9926 2.63738 27
      vertex 31.8266 2.43505 5
      vertex 31.8266 2.43505 27
    endloop
  endfacet
  facet normal -0.683672 0.72979 0
    outer loop
      vertex 32.3626 3.00736 5
      vertex 32.1716 2.82843 27
      vertex 32.3626 3.00736 27
    endloop
  endfacet
  facet normal -0.683672 0.72979 0
    outer loop
      vertex 32.1716 2.82843 27
      vertex 32.3626 3.00736 5
      vertex 32.1716 2.82843 5
    endloop
  endfacet
  facet normal -0.956922 0.290347 0
    outer loop
      vertex 31.1363 1.03528 5
      vertex 31.2123 1.28576 27
      vertex 31.2123 1.28576 5
    endloop
  endfacet
  facet normal -0.956922 0.290347 0
    outer loop
      vertex 31.2123 1.28576 27
      vertex 31.1363 1.03528 5
      vertex 31.1363 1.03528 27
    endloop
  endfacet
  facet normal -0.910902 0.412622 0
    outer loop
      vertex 31.3045 1.53073 5
      vertex 31.4125 1.76915 27
      vertex 31.4125 1.76915 5
    endloop
  endfacet
  facet normal -0.910902 0.412622 0
    outer loop
      vertex 31.4125 1.76915 27
      vertex 31.3045 1.53073 5
      vertex 31.3045 1.53073 27
    endloop
  endfacet
  facet normal -0.995206 0.0978044 0
    outer loop
      vertex 31.0086 0.261612 5
      vertex 31.0342 0.522104 27
      vertex 31.0342 0.522104 5
    endloop
  endfacet
  facet normal -0.995206 0.0978044 0
    outer loop
      vertex 31.0342 0.522104 27
      vertex 31.0086 0.261612 5
      vertex 31.0086 0.261612 27
    endloop
  endfacet
  facet normal 0.910902 0.412622 0
    outer loop
      vertex 38.6955 1.53073 27
      vertex 38.5875 1.76915 5
      vertex 38.5875 1.76915 27
    endloop
  endfacet
  facet normal 0.910902 0.412622 0
    outer loop
      vertex 38.5875 1.76915 5
      vertex 38.6955 1.53073 27
      vertex 38.6955 1.53073 5
    endloop
  endfacet
  facet normal 0.849241 0.528006 0
    outer loop
      vertex 38.4641 2 27
      vertex 38.3259 2.22228 5
      vertex 38.3259 2.22228 27
    endloop
  endfacet
  facet normal 0.849241 0.528006 0
    outer loop
      vertex 38.3259 2.22228 5
      vertex 38.4641 2 27
      vertex 38.4641 2 5
    endloop
  endfacet
  facet normal 0.683672 0.72979 -0
    outer loop
      vertex 37.8284 2.82843 5
      vertex 37.6374 3.00736 27
      vertex 37.8284 2.82843 27
    endloop
  endfacet
  facet normal 0.683672 0.72979 0
    outer loop
      vertex 37.6374 3.00736 27
      vertex 37.8284 2.82843 5
      vertex 37.6374 3.00736 5
    endloop
  endfacet
  facet normal 0.634267 0.773114 -0
    outer loop
      vertex 37.6374 3.00736 5
      vertex 37.435 3.17341 27
      vertex 37.6374 3.00736 27
    endloop
  endfacet
  facet normal 0.634267 0.773114 0
    outer loop
      vertex 37.435 3.17341 27
      vertex 37.6374 3.00736 5
      vertex 37.435 3.17341 5
    endloop
  endfacet
  facet normal 0.471471 0.881882 -0
    outer loop
      vertex 37 3.4641 5
      vertex 36.7692 3.58749 27
      vertex 37 3.4641 27
    endloop
  endfacet
  facet normal 0.471471 0.881882 0
    outer loop
      vertex 36.7692 3.58749 27
      vertex 37 3.4641 5
      vertex 36.7692 3.58749 5
    endloop
  endfacet
  facet normal -0.0327042 0.999465 0
    outer loop
      vertex 35 4 5
      vertex 34.7384 3.99144 27
      vertex 35 4 27
    endloop
  endfacet
  facet normal -0.0327042 0.999465 0
    outer loop
      vertex 34.7384 3.99144 27
      vertex 35 4 5
      vertex 34.7384 3.99144 5
    endloop
  endfacet
  facet normal -0.290255 0.956949 0
    outer loop
      vertex 33.9647 3.8637 5
      vertex 33.7142 3.78772 27
      vertex 33.9647 3.8637 27
    endloop
  endfacet
  facet normal -0.290255 0.956949 0
    outer loop
      vertex 33.7142 3.78772 27
      vertex 33.9647 3.8637 5
      vertex 33.7142 3.78772 5
    endloop
  endfacet
  facet normal -0.0980285 0.995184 0
    outer loop
      vertex 34.7384 3.99144 5
      vertex 34.4779 3.96578 27
      vertex 34.7384 3.99144 27
    endloop
  endfacet
  facet normal -0.0980285 0.995184 0
    outer loop
      vertex 34.4779 3.96578 27
      vertex 34.7384 3.99144 5
      vertex 34.4779 3.96578 5
    endloop
  endfacet
  facet normal -0.81279 0.582556 0
    outer loop
      vertex 31.6741 2.22228 5
      vertex 31.8266 2.43505 27
      vertex 31.8266 2.43505 5
    endloop
  endfacet
  facet normal -0.81279 0.582556 0
    outer loop
      vertex 31.8266 2.43505 27
      vertex 31.6741 2.22228 5
      vertex 31.6741 2.22228 27
    endloop
  endfacet
  facet normal -0.729746 0.683719 0
    outer loop
      vertex 31.9926 2.63738 5
      vertex 32.1716 2.82843 27
      vertex 32.1716 2.82843 5
    endloop
  endfacet
  facet normal -0.729746 0.683719 0
    outer loop
      vertex 32.1716 2.82843 27
      vertex 31.9926 2.63738 5
      vertex 31.9926 2.63738 27
    endloop
  endfacet
  facet normal -0.935906 0.352249 0
    outer loop
      vertex 31.2123 1.28576 5
      vertex 31.3045 1.53073 27
      vertex 31.3045 1.53073 5
    endloop
  endfacet
  facet normal -0.935906 0.352249 0
    outer loop
      vertex 31.3045 1.53073 27
      vertex 31.2123 1.28576 5
      vertex 31.2123 1.28576 27
    endloop
  endfacet
  facet normal -0.97391 0.226936 0
    outer loop
      vertex 31.0769 0.780361 5
      vertex 31.1363 1.03528 27
      vertex 31.1363 1.03528 5
    endloop
  endfacet
  facet normal -0.97391 0.226936 0
    outer loop
      vertex 31.1363 1.03528 27
      vertex 31.0769 0.780361 5
      vertex 31.0769 0.780361 27
    endloop
  endfacet
  facet normal -0.986605 0.163125 0
    outer loop
      vertex 31.0342 0.522104 5
      vertex 31.0769 0.780361 27
      vertex 31.0769 0.780361 5
    endloop
  endfacet
  facet normal -0.986605 0.163125 0
    outer loop
      vertex 31.0769 0.780361 27
      vertex 31.0342 0.522104 5
      vertex 31.0342 0.522104 27
    endloop
  endfacet
  facet normal 0.290255 0.956949 -0
    outer loop
      vertex 36.2858 3.78772 5
      vertex 36.0353 3.8637 27
      vertex 36.2858 3.78772 27
    endloop
  endfacet
  facet normal 0.290255 0.956949 0
    outer loop
      vertex 36.0353 3.8637 27
      vertex 36.2858 3.78772 5
      vertex 36.0353 3.8637 5
    endloop
  endfacet
  facet normal 0.162875 0.986647 -0
    outer loop
      vertex 35.7804 3.92314 5
      vertex 35.5221 3.96578 27
      vertex 35.7804 3.92314 27
    endloop
  endfacet
  facet normal 0.162875 0.986647 0
    outer loop
      vertex 35.5221 3.96578 27
      vertex 35.7804 3.92314 5
      vertex 35.5221 3.96578 5
    endloop
  endfacet
  facet normal 0.582607 0.812754 -0
    outer loop
      vertex 37.435 3.17341 5
      vertex 37.2223 3.32588 27
      vertex 37.435 3.17341 27
    endloop
  endfacet
  facet normal 0.582607 0.812754 0
    outer loop
      vertex 37.2223 3.32588 27
      vertex 37.435 3.17341 5
      vertex 37.2223 3.32588 5
    endloop
  endfacet
  facet normal 0.528026 0.849228 -0
    outer loop
      vertex 37.2223 3.32588 5
      vertex 37 3.4641 27
      vertex 37.2223 3.32588 27
    endloop
  endfacet
  facet normal 0.528026 0.849228 0
    outer loop
      vertex 37 3.4641 27
      vertex 37.2223 3.32588 5
      vertex 37 3.4641 5
    endloop
  endfacet
  facet normal -0.528026 0.849228 0
    outer loop
      vertex 33 3.4641 5
      vertex 32.7777 3.32588 27
      vertex 33 3.4641 27
    endloop
  endfacet
  facet normal -0.528026 0.849228 0
    outer loop
      vertex 32.7777 3.32588 27
      vertex 33 3.4641 5
      vertex 32.7777 3.32588 5
    endloop
  endfacet
  facet normal -0.582607 0.812754 0
    outer loop
      vertex 32.7777 3.32588 5
      vertex 32.565 3.17341 27
      vertex 32.7777 3.32588 27
    endloop
  endfacet
  facet normal -0.582607 0.812754 0
    outer loop
      vertex 32.565 3.17341 27
      vertex 32.7777 3.32588 5
      vertex 32.565 3.17341 5
    endloop
  endfacet
  facet normal -0.352338 0.935873 0
    outer loop
      vertex 33.7142 3.78772 5
      vertex 33.4693 3.69552 27
      vertex 33.7142 3.78772 27
    endloop
  endfacet
  facet normal -0.352338 0.935873 0
    outer loop
      vertex 33.4693 3.69552 27
      vertex 33.7142 3.78772 5
      vertex 33.4693 3.69552 5
    endloop
  endfacet
  facet normal -0.471471 0.881882 0
    outer loop
      vertex 33.2308 3.58749 5
      vertex 33 3.4641 27
      vertex 33.2308 3.58749 27
    endloop
  endfacet
  facet normal -0.471471 0.881882 0
    outer loop
      vertex 33 3.4641 27
      vertex 33.2308 3.58749 5
      vertex 33 3.4641 5
    endloop
  endfacet
  facet normal -0.227097 0.973872 0
    outer loop
      vertex 34.2196 3.92314 5
      vertex 33.9647 3.8637 27
      vertex 34.2196 3.92314 27
    endloop
  endfacet
  facet normal -0.227097 0.973872 0
    outer loop
      vertex 33.9647 3.8637 27
      vertex 34.2196 3.92314 5
      vertex 33.9647 3.8637 5
    endloop
  endfacet
  facet normal 0.352338 0.935873 -0
    outer loop
      vertex 36.5307 3.69552 5
      vertex 36.2858 3.78772 27
      vertex 36.5307 3.69552 27
    endloop
  endfacet
  facet normal 0.352338 0.935873 0
    outer loop
      vertex 36.2858 3.78772 27
      vertex 36.5307 3.69552 5
      vertex 36.2858 3.78772 5
    endloop
  endfacet
  facet normal -0.412603 0.910911 0
    outer loop
      vertex 33.4693 3.69552 5
      vertex 33.2308 3.58749 27
      vertex 33.4693 3.69552 27
    endloop
  endfacet
  facet normal -0.412603 0.910911 0
    outer loop
      vertex 33.2308 3.58749 27
      vertex 33.4693 3.69552 5
      vertex 33.2308 3.58749 5
    endloop
  endfacet
  facet normal -0.162875 0.986647 0
    outer loop
      vertex 34.4779 3.96578 5
      vertex 34.2196 3.92314 27
      vertex 34.4779 3.96578 27
    endloop
  endfacet
  facet normal -0.162875 0.986647 0
    outer loop
      vertex 34.2196 3.92314 27
      vertex 34.4779 3.96578 5
      vertex 34.2196 3.92314 5
    endloop
  endfacet
  facet normal -0.956958 0.290226 0
    outer loop
      vertex 98.0769 19.7803 5
      vertex 98.2461 20.3382 27
      vertex 98.2461 20.3382 5
    endloop
  endfacet
  facet normal -0.956958 0.290226 0
    outer loop
      vertex 98.2461 20.3382 27
      vertex 98.0769 19.7803 5
      vertex 98.0769 19.7803 27
    endloop
  endfacet
  facet normal -0.995179 0.0980767 0
    outer loop
      vertex 98 19 5
      vertex 98.0769 19.7803 27
      vertex 98.0769 19.7803 5
    endloop
  endfacet
  facet normal -0.995179 0.0980767 0
    outer loop
      vertex 98.0769 19.7803 27
      vertex 98 19 5
      vertex 98 19 27
    endloop
  endfacet
  facet normal -1 0 0
    outer loop
      vertex 98 19 5
      vertex 98 9 17
      vertex 98 19 27
    endloop
  endfacet
  facet normal -1 0 0
    outer loop
      vertex 98 19 5
      vertex 98 -9 17
      vertex 98 9 17
    endloop
  endfacet
  facet normal -1 0 0
    outer loop
      vertex 98 -19 5
      vertex 98 -9 17
      vertex 98 19 5
    endloop
  endfacet
  facet normal -1 0 0
    outer loop
      vertex 98 -19 27
      vertex 98 -9 17
      vertex 98 -19 5
    endloop
  endfacet
  facet normal -1 0 0
    outer loop
      vertex 98 -9 17
      vertex 98 -19 27
      vertex 98 -9 27
    endloop
  endfacet
  facet normal -1 -0 0
    outer loop
      vertex 98 19 27
      vertex 98 9 17
      vertex 98 9 27
    endloop
  endfacet
  facet normal -0.995179 -0.0980767 0
    outer loop
      vertex 98.0769 -19.7803 5
      vertex 98 -19 27
      vertex 98 -19 5
    endloop
  endfacet
  facet normal -0.995179 -0.0980767 0
    outer loop
      vertex 98 -19 27
      vertex 98.0769 -19.7803 5
      vertex 98.0769 -19.7803 27
    endloop
  endfacet
  facet normal -0.956958 -0.290226 0
    outer loop
      vertex 98.2461 -20.3382 5
      vertex 98.0769 -19.7803 27
      vertex 98.0769 -19.7803 5
    endloop
  endfacet
  facet normal -0.956958 -0.290226 0
    outer loop
      vertex 98.0769 -19.7803 27
      vertex 98.2461 -20.3382 5
      vertex 98.2461 -20.3382 27
    endloop
  endfacet
  facet normal -0.881917 0.471405 0
    outer loop
      vertex 8.42894 -0.825 0
      vertex 8.47984 -0.729775 5
      vertex 8.47984 -0.729775 0
    endloop
  endfacet
  facet normal -0.881917 0.471405 0
    outer loop
      vertex 8.47984 -0.729775 5
      vertex 8.42894 -0.825 0
      vertex 8.42894 -0.825 5
    endloop
  endfacet
  facet normal -0.352199 0.935925 0
    outer loop
      vertex 7.63143 -1.5244 0
      vertex 7.53037 -1.56243 5
      vertex 7.63143 -1.5244 5
    endloop
  endfacet
  facet normal -0.352199 0.935925 0
    outer loop
      vertex 7.53037 -1.56243 5
      vertex 7.63143 -1.5244 0
      vertex 7.53037 -1.56243 0
    endloop
  endfacet
  facet normal 0.35223 0.935914 -0
    outer loop
      vertex 6.46962 -1.56243 0
      vertex 6.36857 -1.5244 5
      vertex 6.46962 -1.56243 5
    endloop
  endfacet
  facet normal 0.35223 0.935914 0
    outer loop
      vertex 6.36857 -1.5244 5
      vertex 6.46962 -1.56243 0
      vertex 6.36857 -1.5244 0
    endloop
  endfacet
  facet normal 0.910867 0.4127 0
    outer loop
      vertex 5.52016 -0.729775 5
      vertex 5.4756 -0.631427 0
      vertex 5.4756 -0.631427 5
    endloop
  endfacet
  facet normal 0.910867 0.4127 0
    outer loop
      vertex 5.4756 -0.631427 0
      vertex 5.52016 -0.729775 5
      vertex 5.52016 -0.729775 0
    endloop
  endfacet
  facet normal -0.999465 -0.0326934 0
    outer loop
      vertex 8.65 0 0
      vertex 8.64647 0.107915 5
      vertex 8.64647 0.107915 0
    endloop
  endfacet
  facet normal -0.999465 -0.0326934 0
    outer loop
      vertex 8.64647 0.107915 5
      vertex 8.65 0 0
      vertex 8.65 0 5
    endloop
  endfacet
  facet normal -0.528091 0.849188 0
    outer loop
      vertex 7.91669 -1.37192 0
      vertex 7.825 -1.42894 5
      vertex 7.91669 -1.37192 5
    endloop
  endfacet
  facet normal -0.528091 0.849188 0
    outer loop
      vertex 7.825 -1.42894 5
      vertex 7.91669 -1.37192 0
      vertex 7.825 -1.42894 0
    endloop
  endfacet
  facet normal 0.729881 0.683574 0
    outer loop
      vertex 5.83327 -1.16673 5
      vertex 5.75946 -1.08792 0
      vertex 5.75946 -1.08792 5
    endloop
  endfacet
  facet normal 0.729881 0.683574 0
    outer loop
      vertex 5.75946 -1.08792 0
      vertex 5.83327 -1.16673 5
      vertex 5.83327 -1.16673 0
    endloop
  endfacet
  facet normal 0.162822 0.986655 -0
    outer loop
      vertex 6.78463 -1.63588 0
      vertex 6.6781 -1.6183 5
      vertex 6.78463 -1.63588 5
    endloop
  endfacet
  facet normal 0.162822 0.986655 0
    outer loop
      vertex 6.6781 -1.6183 5
      vertex 6.78463 -1.63588 0
      vertex 6.6781 -1.6183 0
    endloop
  endfacet
  facet normal 0.683525 -0.729927 0
    outer loop
      vertex 5.83327 1.16673 0
      vertex 5.91208 1.24053 5
      vertex 5.83327 1.16673 5
    endloop
  endfacet
  facet normal 0.683525 -0.729927 0
    outer loop
      vertex 5.91208 1.24053 5
      vertex 5.83327 1.16673 0
      vertex 5.91208 1.24053 0
    endloop
  endfacet
  facet normal -0.812866 0.582451 0
    outer loop
      vertex 8.30903 -1.00446 0
      vertex 8.37192 -0.916691 5
      vertex 8.37192 -0.916691 0
    endloop
  endfacet
  facet normal -0.812866 0.582451 0
    outer loop
      vertex 8.37192 -0.916691 5
      vertex 8.30903 -1.00446 0
      vertex 8.30903 -1.00446 5
    endloop
  endfacet
  facet normal -0.683525 0.729927 0
    outer loop
      vertex 8.16673 -1.16673 0
      vertex 8.08792 -1.24053 5
      vertex 8.16673 -1.16673 5
    endloop
  endfacet
  facet normal -0.683525 0.729927 0
    outer loop
      vertex 8.08792 -1.24053 5
      vertex 8.16673 -1.16673 0
      vertex 8.08792 -1.24053 0
    endloop
  endfacet
  facet normal -0.032695 0.999465 0
    outer loop
      vertex 7.10791 -1.64647 0
      vertex 7 -1.65 5
      vertex 7.10791 -1.64647 5
    endloop
  endfacet
  facet normal -0.032695 0.999465 0
    outer loop
      vertex 7 -1.65 5
      vertex 7.10791 -1.64647 0
      vertex 7 -1.65 0
    endloop
  endfacet
  facet normal -0.162822 0.986655 0
    outer loop
      vertex 7.3219 -1.6183 0
      vertex 7.21537 -1.63588 5
      vertex 7.3219 -1.6183 5
    endloop
  endfacet
  facet normal -0.162822 0.986655 0
    outer loop
      vertex 7.21537 -1.63588 5
      vertex 7.3219 -1.6183 0
      vertex 7.21537 -1.63588 0
    endloop
  endfacet
  facet normal -0.582447 0.812869 0
    outer loop
      vertex 8.00446 -1.30903 0
      vertex 7.91669 -1.37192 5
      vertex 8.00446 -1.30903 5
    endloop
  endfacet
  facet normal -0.582447 0.812869 0
    outer loop
      vertex 7.91669 -1.37192 5
      vertex 8.00446 -1.30903 0
      vertex 7.91669 -1.37192 0
    endloop
  endfacet
  facet normal 0.999465 0.0326934 0
    outer loop
      vertex 5.35353 -0.107915 5
      vertex 5.35 0 0
      vertex 5.35 0 5
    endloop
  endfacet
  facet normal 0.999465 0.0326934 0
    outer loop
      vertex 5.35 0 0
      vertex 5.35353 -0.107915 5
      vertex 5.35353 -0.107915 0
    endloop
  endfacet
  facet normal 0.935885 0.352305 0
    outer loop
      vertex 5.4756 -0.631427 5
      vertex 5.43756 -0.530375 0
      vertex 5.43756 -0.530375 5
    endloop
  endfacet
  facet normal 0.935885 0.352305 0
    outer loop
      vertex 5.43756 -0.530375 0
      vertex 5.4756 -0.631427 5
      vertex 5.4756 -0.631427 0
    endloop
  endfacet
  facet normal 0.973873 0.227092 0
    outer loop
      vertex 5.40622 -0.427051 5
      vertex 5.3817 -0.321898 0
      vertex 5.3817 -0.321898 5
    endloop
  endfacet
  facet normal 0.973873 0.227092 0
    outer loop
      vertex 5.3817 -0.321898 0
      vertex 5.40622 -0.427051 5
      vertex 5.40622 -0.427051 0
    endloop
  endfacet
  facet normal 0.849232 0.52802 0
    outer loop
      vertex 5.62807 -0.916691 5
      vertex 5.57106 -0.825 0
      vertex 5.57106 -0.825 5
    endloop
  endfacet
  facet normal 0.849232 0.52802 0
    outer loop
      vertex 5.57106 -0.825 0
      vertex 5.62807 -0.916691 5
      vertex 5.62807 -0.916691 0
    endloop
  endfacet
  facet normal 0.812822 0.582512 0
    outer loop
      vertex 5.69097 -1.00446 5
      vertex 5.62807 -0.916691 0
      vertex 5.62807 -0.916691 5
    endloop
  endfacet
  facet normal 0.812822 0.582512 0
    outer loop
      vertex 5.62807 -0.916691 0
      vertex 5.69097 -1.00446 5
      vertex 5.69097 -1.00446 0
    endloop
  endfacet
  facet normal 0.0980823 0.995178 -0
    outer loop
      vertex 6.89208 -1.64647 0
      vertex 6.78463 -1.63588 5
      vertex 6.89208 -1.64647 5
    endloop
  endfacet
  facet normal 0.0980823 0.995178 0
    outer loop
      vertex 6.78463 -1.63588 5
      vertex 6.89208 -1.64647 0
      vertex 6.78463 -1.63588 0
    endloop
  endfacet
  facet normal 0.528091 0.849188 -0
    outer loop
      vertex 6.175 -1.42894 0
      vertex 6.08331 -1.37192 5
      vertex 6.175 -1.42894 5
    endloop
  endfacet
  facet normal 0.528091 0.849188 0
    outer loop
      vertex 6.08331 -1.37192 5
      vertex 6.175 -1.42894 0
      vertex 6.08331 -1.37192 0
    endloop
  endfacet
  facet normal 0.582447 0.812869 -0
    outer loop
      vertex 6.08331 -1.37192 0
      vertex 5.99554 -1.30903 5
      vertex 6.08331 -1.37192 5
    endloop
  endfacet
  facet normal 0.582447 0.812869 0
    outer loop
      vertex 5.99554 -1.30903 5
      vertex 6.08331 -1.37192 0
      vertex 5.99554 -1.30903 0
    endloop
  endfacet
  facet normal 0.471424 0.881906 -0
    outer loop
      vertex 6.27022 -1.47984 0
      vertex 6.175 -1.42894 5
      vertex 6.27022 -1.47984 5
    endloop
  endfacet
  facet normal 0.471424 0.881906 0
    outer loop
      vertex 6.175 -1.42894 5
      vertex 6.27022 -1.47984 0
      vertex 6.175 -1.42894 0
    endloop
  endfacet
  facet normal -0.995178 -0.0980804 0
    outer loop
      vertex 8.64647 0.107915 0
      vertex 8.63588 0.215367 5
      vertex 8.63588 0.215367 0
    endloop
  endfacet
  facet normal -0.995178 -0.0980804 0
    outer loop
      vertex 8.63588 0.215367 5
      vertex 8.64647 0.107915 0
      vertex 8.64647 0.107915 5
    endloop
  endfacet
  facet normal 0.812822 -0.582512 0
    outer loop
      vertex 5.62807 0.916691 5
      vertex 5.69097 1.00446 0
      vertex 5.69097 1.00446 5
    endloop
  endfacet
  facet normal 0.812822 -0.582512 0
    outer loop
      vertex 5.69097 1.00446 0
      vertex 5.62807 0.916691 5
      vertex 5.62807 0.916691 0
    endloop
  endfacet
  facet normal -0.995178 0.0980804 0
    outer loop
      vertex 8.63588 -0.215367 0
      vertex 8.64647 -0.107915 5
      vertex 8.64647 -0.107915 0
    endloop
  endfacet
  facet normal -0.995178 0.0980804 0
    outer loop
      vertex 8.64647 -0.107915 5
      vertex 8.63588 -0.215367 0
      vertex 8.63588 -0.215367 5
    endloop
  endfacet
  facet normal -0.956922 0.290344 0
    outer loop
      vertex 8.56243 -0.530375 0
      vertex 8.59378 -0.427051 5
      vertex 8.59378 -0.427051 0
    endloop
  endfacet
  facet normal -0.956922 0.290344 0
    outer loop
      vertex 8.59378 -0.427051 5
      vertex 8.56243 -0.530375 0
      vertex 8.56243 -0.530375 5
    endloop
  endfacet
  facet normal -0.986656 0.16282 0
    outer loop
      vertex 8.6183 -0.321898 0
      vertex 8.63588 -0.215367 5
      vertex 8.63588 -0.215367 0
    endloop
  endfacet
  facet normal -0.986656 0.16282 0
    outer loop
      vertex 8.63588 -0.215367 5
      vertex 8.6183 -0.321898 0
      vertex 8.6183 -0.321898 5
    endloop
  endfacet
  facet normal -0.84919 0.528087 0
    outer loop
      vertex 8.37192 -0.916691 0
      vertex 8.42894 -0.825 5
      vertex 8.42894 -0.825 0
    endloop
  endfacet
  facet normal -0.84919 0.528087 0
    outer loop
      vertex 8.42894 -0.825 5
      vertex 8.37192 -0.916691 0
      vertex 8.37192 -0.916691 5
    endloop
  endfacet
  facet normal -0.772983 0.634427 0
    outer loop
      vertex 8.24053 -1.08792 0
      vertex 8.30903 -1.00446 5
      vertex 8.30903 -1.00446 0
    endloop
  endfacet
  facet normal -0.772983 0.634427 0
    outer loop
      vertex 8.30903 -1.00446 5
      vertex 8.24053 -1.08792 0
      vertex 8.24053 -1.08792 5
    endloop
  endfacet
  facet normal -0.729927 0.683525 0
    outer loop
      vertex 8.16673 -1.16673 0
      vertex 8.24053 -1.08792 5
      vertex 8.24053 -1.08792 0
    endloop
  endfacet
  facet normal -0.729927 0.683525 0
    outer loop
      vertex 8.24053 -1.08792 5
      vertex 8.16673 -1.16673 0
      vertex 8.16673 -1.16673 5
    endloop
  endfacet
  facet normal 0.0326919 0.999465 -0
    outer loop
      vertex 7 -1.65 0
      vertex 6.89208 -1.64647 5
      vertex 7 -1.65 5
    endloop
  endfacet
  facet normal 0.0326919 0.999465 0
    outer loop
      vertex 6.89208 -1.64647 5
      vertex 7 -1.65 0
      vertex 6.89208 -1.64647 0
    endloop
  endfacet
  facet normal -0.227098 0.973872 0
    outer loop
      vertex 7.42705 -1.59378 0
      vertex 7.3219 -1.6183 5
      vertex 7.42705 -1.59378 5
    endloop
  endfacet
  facet normal -0.227098 0.973872 0
    outer loop
      vertex 7.3219 -1.6183 5
      vertex 7.42705 -1.59378 0
      vertex 7.3219 -1.6183 0
    endloop
  endfacet
  facet normal -0.290354 0.956919 0
    outer loop
      vertex 7.53037 -1.56243 0
      vertex 7.42705 -1.59378 5
      vertex 7.53037 -1.56243 5
    endloop
  endfacet
  facet normal -0.290354 0.956919 0
    outer loop
      vertex 7.42705 -1.59378 5
      vertex 7.53037 -1.56243 0
      vertex 7.42705 -1.59378 0
    endloop
  endfacet
  facet normal -0.0980732 0.995179 0
    outer loop
      vertex 7.21537 -1.63588 0
      vertex 7.10791 -1.64647 5
      vertex 7.21537 -1.63588 5
    endloop
  endfacet
  facet normal -0.0980732 0.995179 0
    outer loop
      vertex 7.10791 -1.64647 5
      vertex 7.21537 -1.63588 0
      vertex 7.10791 -1.64647 0
    endloop
  endfacet
  facet normal -0.471424 0.881906 0
    outer loop
      vertex 7.825 -1.42894 0
      vertex 7.72978 -1.47984 5
      vertex 7.825 -1.42894 5
    endloop
  endfacet
  facet normal -0.471424 0.881906 0
    outer loop
      vertex 7.72978 -1.47984 5
      vertex 7.825 -1.42894 0
      vertex 7.72978 -1.47984 0
    endloop
  endfacet
  facet normal -0.412693 0.91087 0
    outer loop
      vertex 7.72978 -1.47984 0
      vertex 7.63143 -1.5244 5
      vertex 7.72978 -1.47984 5
    endloop
  endfacet
  facet normal -0.412693 0.91087 0
    outer loop
      vertex 7.63143 -1.5244 5
      vertex 7.72978 -1.47984 0
      vertex 7.63143 -1.5244 0
    endloop
  endfacet
  facet normal -0.634427 0.772983 0
    outer loop
      vertex 8.08792 -1.24053 0
      vertex 8.00446 -1.30903 5
      vertex 8.08792 -1.24053 5
    endloop
  endfacet
  facet normal -0.634427 0.772983 0
    outer loop
      vertex 8.00446 -1.30903 5
      vertex 8.08792 -1.24053 0
      vertex 8.00446 -1.30903 0
    endloop
  endfacet
  facet normal 0.986656 0.16282 0
    outer loop
      vertex 5.3817 -0.321898 5
      vertex 5.36412 -0.215367 0
      vertex 5.36412 -0.215367 5
    endloop
  endfacet
  facet normal 0.986656 0.16282 0
    outer loop
      vertex 5.36412 -0.215367 0
      vertex 5.3817 -0.321898 5
      vertex 5.3817 -0.321898 0
    endloop
  endfacet
  facet normal 0.995178 0.0980804 0
    outer loop
      vertex 5.36412 -0.215367 5
      vertex 5.35353 -0.107915 0
      vertex 5.35353 -0.107915 5
    endloop
  endfacet
  facet normal 0.995178 0.0980804 0
    outer loop
      vertex 5.35353 -0.107915 0
      vertex 5.36412 -0.215367 5
      vertex 5.36412 -0.215367 0
    endloop
  endfacet
  facet normal 0.956948 0.290259 0
    outer loop
      vertex 5.43756 -0.530375 5
      vertex 5.40622 -0.427051 0
      vertex 5.40622 -0.427051 5
    endloop
  endfacet
  facet normal 0.956948 0.290259 0
    outer loop
      vertex 5.40622 -0.427051 0
      vertex 5.43756 -0.530375 5
      vertex 5.43756 -0.530375 0
    endloop
  endfacet
  facet normal 0.881917 0.471405 0
    outer loop
      vertex 5.57106 -0.825 5
      vertex 5.52016 -0.729775 0
      vertex 5.52016 -0.729775 5
    endloop
  endfacet
  facet normal 0.881917 0.471405 0
    outer loop
      vertex 5.52016 -0.729775 0
      vertex 5.57106 -0.825 5
      vertex 5.57106 -0.825 0
    endloop
  endfacet
  facet normal 0.773028 0.634372 0
    outer loop
      vertex 5.75946 -1.08792 5
      vertex 5.69097 -1.00446 0
      vertex 5.69097 -1.00446 5
    endloop
  endfacet
  facet normal 0.773028 0.634372 0
    outer loop
      vertex 5.69097 -1.00446 0
      vertex 5.75946 -1.08792 5
      vertex 5.75946 -1.08792 0
    endloop
  endfacet
  facet normal 0.227098 0.973872 -0
    outer loop
      vertex 6.6781 -1.6183 0
      vertex 6.57295 -1.59378 5
      vertex 6.6781 -1.6183 5
    endloop
  endfacet
  facet normal 0.227098 0.973872 0
    outer loop
      vertex 6.57295 -1.59378 5
      vertex 6.6781 -1.6183 0
      vertex 6.57295 -1.59378 0
    endloop
  endfacet
  facet normal 0.290329 0.956927 -0
    outer loop
      vertex 6.57295 -1.59378 0
      vertex 6.46962 -1.56243 5
      vertex 6.57295 -1.59378 5
    endloop
  endfacet
  facet normal 0.290329 0.956927 0
    outer loop
      vertex 6.46962 -1.56243 5
      vertex 6.57295 -1.59378 0
      vertex 6.46962 -1.56243 0
    endloop
  endfacet
  facet normal 0.412693 0.91087 -0
    outer loop
      vertex 6.36857 -1.5244 0
      vertex 6.27022 -1.47984 5
      vertex 6.36857 -1.5244 5
    endloop
  endfacet
  facet normal 0.412693 0.91087 0
    outer loop
      vertex 6.27022 -1.47984 5
      vertex 6.36857 -1.5244 0
      vertex 6.27022 -1.47984 0
    endloop
  endfacet
  facet normal 0.634427 0.772983 -0
    outer loop
      vertex 5.99554 -1.30903 0
      vertex 5.91208 -1.24053 5
      vertex 5.99554 -1.30903 5
    endloop
  endfacet
  facet normal 0.634427 0.772983 0
    outer loop
      vertex 5.91208 -1.24053 5
      vertex 5.99554 -1.30903 0
      vertex 5.91208 -1.24053 0
    endloop
  endfacet
  facet normal 0.683525 0.729927 -0
    outer loop
      vertex 5.91208 -1.24053 0
      vertex 5.83327 -1.16673 5
      vertex 5.91208 -1.24053 5
    endloop
  endfacet
  facet normal 0.683525 0.729927 0
    outer loop
      vertex 5.83327 -1.16673 5
      vertex 5.91208 -1.24053 0
      vertex 5.83327 -1.16673 0
    endloop
  endfacet
  facet normal -0.999465 0.0326934 0
    outer loop
      vertex 8.64647 -0.107915 0
      vertex 8.65 0 5
      vertex 8.65 0 0
    endloop
  endfacet
  facet normal -0.999465 0.0326934 0
    outer loop
      vertex 8.65 0 5
      vertex 8.64647 -0.107915 0
      vertex 8.64647 -0.107915 5
    endloop
  endfacet
  facet normal -0.986656 -0.16282 0
    outer loop
      vertex 8.63588 0.215367 0
      vertex 8.6183 0.321898 5
      vertex 8.6183 0.321898 0
    endloop
  endfacet
  facet normal -0.986656 -0.16282 0
    outer loop
      vertex 8.6183 0.321898 5
      vertex 8.63588 0.215367 0
      vertex 8.63588 0.215367 5
    endloop
  endfacet
  facet normal -0.881917 -0.471405 0
    outer loop
      vertex 8.47984 0.729775 0
      vertex 8.42894 0.825 5
      vertex 8.42894 0.825 0
    endloop
  endfacet
  facet normal -0.881917 -0.471405 0
    outer loop
      vertex 8.42894 0.825 5
      vertex 8.47984 0.729775 0
      vertex 8.47984 0.729775 5
    endloop
  endfacet
  facet normal 0.999465 -0.0326934 0
    outer loop
      vertex 5.35 0 5
      vertex 5.35353 0.107915 0
      vertex 5.35353 0.107915 5
    endloop
  endfacet
  facet normal 0.999465 -0.0326934 0
    outer loop
      vertex 5.35353 0.107915 0
      vertex 5.35 0 5
      vertex 5.35 0 0
    endloop
  endfacet
  facet normal 0.935885 -0.352305 0
    outer loop
      vertex 5.43756 0.530375 5
      vertex 5.4756 0.631427 0
      vertex 5.4756 0.631427 5
    endloop
  endfacet
  facet normal 0.935885 -0.352305 0
    outer loop
      vertex 5.4756 0.631427 0
      vertex 5.43756 0.530375 5
      vertex 5.43756 0.530375 0
    endloop
  endfacet
  facet normal 0.973873 -0.227092 0
    outer loop
      vertex 5.3817 0.321898 5
      vertex 5.40622 0.427051 0
      vertex 5.40622 0.427051 5
    endloop
  endfacet
  facet normal 0.973873 -0.227092 0
    outer loop
      vertex 5.40622 0.427051 0
      vertex 5.3817 0.321898 5
      vertex 5.3817 0.321898 0
    endloop
  endfacet
  facet normal 0.773028 -0.634372 0
    outer loop
      vertex 5.69097 1.00446 5
      vertex 5.75946 1.08792 0
      vertex 5.75946 1.08792 5
    endloop
  endfacet
  facet normal 0.773028 -0.634372 0
    outer loop
      vertex 5.75946 1.08792 0
      vertex 5.69097 1.00446 5
      vertex 5.69097 1.00446 0
    endloop
  endfacet
  facet normal -0.0980732 -0.995179 0
    outer loop
      vertex 7.10791 1.64647 0
      vertex 7.21537 1.63588 5
      vertex 7.10791 1.64647 5
    endloop
  endfacet
  facet normal -0.0980732 -0.995179 -0
    outer loop
      vertex 7.21537 1.63588 5
      vertex 7.10791 1.64647 0
      vertex 7.21537 1.63588 0
    endloop
  endfacet
  facet normal -0.227098 -0.973872 0
    outer loop
      vertex 7.3219 1.6183 0
      vertex 7.42705 1.59378 5
      vertex 7.3219 1.6183 5
    endloop
  endfacet
  facet normal -0.227098 -0.973872 -0
    outer loop
      vertex 7.42705 1.59378 5
      vertex 7.3219 1.6183 0
      vertex 7.42705 1.59378 0
    endloop
  endfacet
  facet normal -0.352199 -0.935925 0
    outer loop
      vertex 7.53037 1.56243 0
      vertex 7.63143 1.5244 5
      vertex 7.53037 1.56243 5
    endloop
  endfacet
  facet normal -0.352199 -0.935925 -0
    outer loop
      vertex 7.63143 1.5244 5
      vertex 7.53037 1.56243 0
      vertex 7.63143 1.5244 0
    endloop
  endfacet
  facet normal -0.290354 -0.956919 0
    outer loop
      vertex 7.42705 1.59378 0
      vertex 7.53037 1.56243 5
      vertex 7.42705 1.59378 5
    endloop
  endfacet
  facet normal -0.290354 -0.956919 -0
    outer loop
      vertex 7.53037 1.56243 5
      vertex 7.42705 1.59378 0
      vertex 7.53037 1.56243 0
    endloop
  endfacet
  facet normal -0.412693 -0.91087 0
    outer loop
      vertex 7.63143 1.5244 0
      vertex 7.72978 1.47984 5
      vertex 7.63143 1.5244 5
    endloop
  endfacet
  facet normal -0.412693 -0.91087 -0
    outer loop
      vertex 7.72978 1.47984 5
      vertex 7.63143 1.5244 0
      vertex 7.72978 1.47984 0
    endloop
  endfacet
  facet normal -0.910867 0.4127 0
    outer loop
      vertex 8.47984 -0.729775 0
      vertex 8.5244 -0.631427 5
      vertex 8.5244 -0.631427 0
    endloop
  endfacet
  facet normal -0.910867 0.4127 0
    outer loop
      vertex 8.5244 -0.631427 5
      vertex 8.47984 -0.729775 0
      vertex 8.47984 -0.729775 5
    endloop
  endfacet
  facet normal -0.935916 0.352223 0
    outer loop
      vertex 8.5244 -0.631427 0
      vertex 8.56243 -0.530375 5
      vertex 8.56243 -0.530375 0
    endloop
  endfacet
  facet normal -0.935916 0.352223 0
    outer loop
      vertex 8.56243 -0.530375 5
      vertex 8.5244 -0.631427 0
      vertex 8.5244 -0.631427 5
    endloop
  endfacet
  facet normal -0.973873 0.227092 0
    outer loop
      vertex 8.59378 -0.427051 0
      vertex 8.6183 -0.321898 5
      vertex 8.6183 -0.321898 0
    endloop
  endfacet
  facet normal -0.973873 0.227092 0
    outer loop
      vertex 8.6183 -0.321898 5
      vertex 8.59378 -0.427051 0
      vertex 8.59378 -0.427051 5
    endloop
  endfacet
  facet normal -0.956922 -0.290344 0
    outer loop
      vertex 8.59378 0.427051 0
      vertex 8.56243 0.530375 5
      vertex 8.56243 0.530375 0
    endloop
  endfacet
  facet normal -0.956922 -0.290344 0
    outer loop
      vertex 8.56243 0.530375 5
      vertex 8.59378 0.427051 0
      vertex 8.59378 0.427051 5
    endloop
  endfacet
  facet normal -0.582447 -0.812869 0
    outer loop
      vertex 7.91669 1.37192 0
      vertex 8.00446 1.30903 5
      vertex 7.91669 1.37192 5
    endloop
  endfacet
  facet normal -0.582447 -0.812869 -0
    outer loop
      vertex 8.00446 1.30903 5
      vertex 7.91669 1.37192 0
      vertex 8.00446 1.30903 0
    endloop
  endfacet
  facet normal -0.772983 -0.634427 0
    outer loop
      vertex 8.30903 1.00446 0
      vertex 8.24053 1.08792 5
      vertex 8.24053 1.08792 0
    endloop
  endfacet
  facet normal -0.772983 -0.634427 0
    outer loop
      vertex 8.24053 1.08792 5
      vertex 8.30903 1.00446 0
      vertex 8.30903 1.00446 5
    endloop
  endfacet
  facet normal -0.935916 -0.352223 0
    outer loop
      vertex 8.56243 0.530375 0
      vertex 8.5244 0.631427 5
      vertex 8.5244 0.631427 0
    endloop
  endfacet
  facet normal -0.935916 -0.352223 0
    outer loop
      vertex 8.5244 0.631427 5
      vertex 8.56243 0.530375 0
      vertex 8.56243 0.530375 5
    endloop
  endfacet
  facet normal 0.986656 -0.16282 0
    outer loop
      vertex 5.36412 0.215367 5
      vertex 5.3817 0.321898 0
      vertex 5.3817 0.321898 5
    endloop
  endfacet
  facet normal 0.986656 -0.16282 0
    outer loop
      vertex 5.3817 0.321898 0
      vertex 5.36412 0.215367 5
      vertex 5.36412 0.215367 0
    endloop
  endfacet
  facet normal 0.995178 -0.0980804 0
    outer loop
      vertex 5.35353 0.107915 5
      vertex 5.36412 0.215367 0
      vertex 5.36412 0.215367 5
    endloop
  endfacet
  facet normal 0.995178 -0.0980804 0
    outer loop
      vertex 5.36412 0.215367 0
      vertex 5.35353 0.107915 5
      vertex 5.35353 0.107915 0
    endloop
  endfacet
  facet normal 0.849232 -0.52802 0
    outer loop
      vertex 5.57106 0.825 5
      vertex 5.62807 0.916691 0
      vertex 5.62807 0.916691 5
    endloop
  endfacet
  facet normal 0.849232 -0.52802 0
    outer loop
      vertex 5.62807 0.916691 0
      vertex 5.57106 0.825 5
      vertex 5.57106 0.825 0
    endloop
  endfacet
  facet normal 0.729881 -0.683574 0
    outer loop
      vertex 5.75946 1.08792 5
      vertex 5.83327 1.16673 0
      vertex 5.83327 1.16673 5
    endloop
  endfacet
  facet normal 0.729881 -0.683574 0
    outer loop
      vertex 5.83327 1.16673 0
      vertex 5.75946 1.08792 5
      vertex 5.75946 1.08792 0
    endloop
  endfacet
  facet normal -0.162822 -0.986655 0
    outer loop
      vertex 7.21537 1.63588 0
      vertex 7.3219 1.6183 5
      vertex 7.21537 1.63588 5
    endloop
  endfacet
  facet normal -0.162822 -0.986655 -0
    outer loop
      vertex 7.3219 1.6183 5
      vertex 7.21537 1.63588 0
      vertex 7.3219 1.6183 0
    endloop
  endfacet
  facet normal -0.973873 -0.227092 0
    outer loop
      vertex 8.6183 0.321898 0
      vertex 8.59378 0.427051 5
      vertex 8.59378 0.427051 0
    endloop
  endfacet
  facet normal -0.973873 -0.227092 0
    outer loop
      vertex 8.59378 0.427051 5
      vertex 8.6183 0.321898 0
      vertex 8.6183 0.321898 5
    endloop
  endfacet
  facet normal -0.729927 -0.683525 0
    outer loop
      vertex 8.24053 1.08792 0
      vertex 8.16673 1.16673 5
      vertex 8.16673 1.16673 0
    endloop
  endfacet
  facet normal -0.729927 -0.683525 0
    outer loop
      vertex 8.16673 1.16673 5
      vertex 8.24053 1.08792 0
      vertex 8.24053 1.08792 5
    endloop
  endfacet
  facet normal -0.634427 -0.772983 0
    outer loop
      vertex 8.00446 1.30903 0
      vertex 8.08792 1.24053 5
      vertex 8.00446 1.30903 5
    endloop
  endfacet
  facet normal -0.634427 -0.772983 -0
    outer loop
      vertex 8.08792 1.24053 5
      vertex 8.00446 1.30903 0
      vertex 8.08792 1.24053 0
    endloop
  endfacet
  facet normal -0.84919 -0.528087 0
    outer loop
      vertex 8.42894 0.825 0
      vertex 8.37192 0.916691 5
      vertex 8.37192 0.916691 0
    endloop
  endfacet
  facet normal -0.84919 -0.528087 0
    outer loop
      vertex 8.37192 0.916691 5
      vertex 8.42894 0.825 0
      vertex 8.42894 0.825 5
    endloop
  endfacet
  facet normal -0.812866 -0.582451 0
    outer loop
      vertex 8.37192 0.916691 0
      vertex 8.30903 1.00446 5
      vertex 8.30903 1.00446 0
    endloop
  endfacet
  facet normal -0.812866 -0.582451 0
    outer loop
      vertex 8.30903 1.00446 5
      vertex 8.37192 0.916691 0
      vertex 8.37192 0.916691 5
    endloop
  endfacet
  facet normal -0.910867 -0.4127 0
    outer loop
      vertex 8.5244 0.631427 0
      vertex 8.47984 0.729775 5
      vertex 8.47984 0.729775 0
    endloop
  endfacet
  facet normal -0.910867 -0.4127 0
    outer loop
      vertex 8.47984 0.729775 5
      vertex 8.5244 0.631427 0
      vertex 8.5244 0.631427 5
    endloop
  endfacet
  facet normal -0.032695 -0.999465 0
    outer loop
      vertex 7 1.65 0
      vertex 7.10791 1.64647 5
      vertex 7 1.65 5
    endloop
  endfacet
  facet normal -0.032695 -0.999465 -0
    outer loop
      vertex 7.10791 1.64647 5
      vertex 7 1.65 0
      vertex 7.10791 1.64647 0
    endloop
  endfacet
  facet normal 0.0326919 -0.999465 0
    outer loop
      vertex 6.89208 1.64647 0
      vertex 7 1.65 5
      vertex 6.89208 1.64647 5
    endloop
  endfacet
  facet normal 0.0326919 -0.999465 0
    outer loop
      vertex 7 1.65 5
      vertex 6.89208 1.64647 0
      vertex 7 1.65 0
    endloop
  endfacet
  facet normal 0.0980823 -0.995178 0
    outer loop
      vertex 6.78463 1.63588 0
      vertex 6.89208 1.64647 5
      vertex 6.78463 1.63588 5
    endloop
  endfacet
  facet normal 0.0980823 -0.995178 0
    outer loop
      vertex 6.89208 1.64647 5
      vertex 6.78463 1.63588 0
      vertex 6.89208 1.64647 0
    endloop
  endfacet
  facet normal 0.582447 -0.812869 0
    outer loop
      vertex 5.99554 1.30903 0
      vertex 6.08331 1.37192 5
      vertex 5.99554 1.30903 5
    endloop
  endfacet
  facet normal 0.582447 -0.812869 0
    outer loop
      vertex 6.08331 1.37192 5
      vertex 5.99554 1.30903 0
      vertex 6.08331 1.37192 0
    endloop
  endfacet
  facet normal 0.35223 -0.935914 0
    outer loop
      vertex 6.36857 1.5244 0
      vertex 6.46962 1.56243 5
      vertex 6.36857 1.5244 5
    endloop
  endfacet
  facet normal 0.35223 -0.935914 0
    outer loop
      vertex 6.46962 1.56243 5
      vertex 6.36857 1.5244 0
      vertex 6.46962 1.56243 0
    endloop
  endfacet
  facet normal 0.471424 -0.881906 0
    outer loop
      vertex 6.175 1.42894 0
      vertex 6.27022 1.47984 5
      vertex 6.175 1.42894 5
    endloop
  endfacet
  facet normal 0.471424 -0.881906 0
    outer loop
      vertex 6.27022 1.47984 5
      vertex 6.175 1.42894 0
      vertex 6.27022 1.47984 0
    endloop
  endfacet
  facet normal 0.290329 -0.956927 0
    outer loop
      vertex 6.46962 1.56243 0
      vertex 6.57295 1.59378 5
      vertex 6.46962 1.56243 5
    endloop
  endfacet
  facet normal 0.290329 -0.956927 0
    outer loop
      vertex 6.57295 1.59378 5
      vertex 6.46962 1.56243 0
      vertex 6.57295 1.59378 0
    endloop
  endfacet
  facet normal 0.956948 -0.290259 0
    outer loop
      vertex 5.40622 0.427051 5
      vertex 5.43756 0.530375 0
      vertex 5.43756 0.530375 5
    endloop
  endfacet
  facet normal 0.956948 -0.290259 0
    outer loop
      vertex 5.43756 0.530375 0
      vertex 5.40622 0.427051 5
      vertex 5.40622 0.427051 0
    endloop
  endfacet
  facet normal 0.881917 -0.471405 0
    outer loop
      vertex 5.52016 0.729775 5
      vertex 5.57106 0.825 0
      vertex 5.57106 0.825 5
    endloop
  endfacet
  facet normal 0.881917 -0.471405 0
    outer loop
      vertex 5.57106 0.825 0
      vertex 5.52016 0.729775 5
      vertex 5.52016 0.729775 0
    endloop
  endfacet
  facet normal 0.910867 -0.4127 0
    outer loop
      vertex 5.4756 0.631427 5
      vertex 5.52016 0.729775 0
      vertex 5.52016 0.729775 5
    endloop
  endfacet
  facet normal 0.910867 -0.4127 0
    outer loop
      vertex 5.52016 0.729775 0
      vertex 5.4756 0.631427 5
      vertex 5.4756 0.631427 0
    endloop
  endfacet
  facet normal -0.528091 -0.849188 0
    outer loop
      vertex 7.825 1.42894 0
      vertex 7.91669 1.37192 5
      vertex 7.825 1.42894 5
    endloop
  endfacet
  facet normal -0.528091 -0.849188 -0
    outer loop
      vertex 7.91669 1.37192 5
      vertex 7.825 1.42894 0
      vertex 7.91669 1.37192 0
    endloop
  endfacet
  facet normal -0.471424 -0.881906 0
    outer loop
      vertex 7.72978 1.47984 0
      vertex 7.825 1.42894 5
      vertex 7.72978 1.47984 5
    endloop
  endfacet
  facet normal -0.471424 -0.881906 -0
    outer loop
      vertex 7.825 1.42894 5
      vertex 7.72978 1.47984 0
      vertex 7.825 1.42894 0
    endloop
  endfacet
  facet normal 0.162822 -0.986655 0
    outer loop
      vertex 6.6781 1.6183 0
      vertex 6.78463 1.63588 5
      vertex 6.6781 1.6183 5
    endloop
  endfacet
  facet normal 0.162822 -0.986655 0
    outer loop
      vertex 6.78463 1.63588 5
      vertex 6.6781 1.6183 0
      vertex 6.78463 1.63588 0
    endloop
  endfacet
  facet normal 0.634427 -0.772983 0
    outer loop
      vertex 5.91208 1.24053 0
      vertex 5.99554 1.30903 5
      vertex 5.91208 1.24053 5
    endloop
  endfacet
  facet normal 0.634427 -0.772983 0
    outer loop
      vertex 5.99554 1.30903 5
      vertex 5.91208 1.24053 0
      vertex 5.99554 1.30903 0
    endloop
  endfacet
  facet normal 0.528091 -0.849188 0
    outer loop
      vertex 6.08331 1.37192 0
      vertex 6.175 1.42894 5
      vertex 6.08331 1.37192 5
    endloop
  endfacet
  facet normal 0.528091 -0.849188 0
    outer loop
      vertex 6.175 1.42894 5
      vertex 6.08331 1.37192 0
      vertex 6.175 1.42894 0
    endloop
  endfacet
  facet normal 0.412693 -0.91087 0
    outer loop
      vertex 6.27022 1.47984 0
      vertex 6.36857 1.5244 5
      vertex 6.27022 1.47984 5
    endloop
  endfacet
  facet normal 0.412693 -0.91087 0
    outer loop
      vertex 6.36857 1.5244 5
      vertex 6.27022 1.47984 0
      vertex 6.36857 1.5244 0
    endloop
  endfacet
  facet normal -0.683525 -0.729927 0
    outer loop
      vertex 8.08792 1.24053 0
      vertex 8.16673 1.16673 5
      vertex 8.08792 1.24053 5
    endloop
  endfacet
  facet normal -0.683525 -0.729927 -0
    outer loop
      vertex 8.16673 1.16673 5
      vertex 8.08792 1.24053 0
      vertex 8.16673 1.16673 0
    endloop
  endfacet
  facet normal 0.227098 -0.973872 0
    outer loop
      vertex 6.57295 1.59378 0
      vertex 6.6781 1.6183 5
      vertex 6.57295 1.59378 5
    endloop
  endfacet
  facet normal 0.227098 -0.973872 0
    outer loop
      vertex 6.6781 1.6183 5
      vertex 6.57295 1.59378 0
      vertex 6.6781 1.6183 0
    endloop
  endfacet
  facet normal 0.471405 0.881917 -0
    outer loop
      vertex -0.729775 -8.47984 0
      vertex -0.825 -8.42894 5
      vertex -0.729775 -8.47984 5
    endloop
  endfacet
  facet normal 0.471405 0.881917 0
    outer loop
      vertex -0.825 -8.42894 5
      vertex -0.729775 -8.47984 0
      vertex -0.825 -8.42894 0
    endloop
  endfacet
  facet normal 0.935925 0.352199 0
    outer loop
      vertex -1.5244 -7.63143 5
      vertex -1.56243 -7.53037 0
      vertex -1.56243 -7.53037 5
    endloop
  endfacet
  facet normal 0.935925 0.352199 0
    outer loop
      vertex -1.56243 -7.53037 0
      vertex -1.5244 -7.63143 5
      vertex -1.5244 -7.63143 0
    endloop
  endfacet
  facet normal 0.4127 -0.910867 0
    outer loop
      vertex -0.729775 -5.52016 0
      vertex -0.631427 -5.4756 5
      vertex -0.729775 -5.52016 5
    endloop
  endfacet
  facet normal 0.4127 -0.910867 0
    outer loop
      vertex -0.631427 -5.4756 5
      vertex -0.729775 -5.52016 0
      vertex -0.631427 -5.4756 0
    endloop
  endfacet
  facet normal 0.849188 0.528091 0
    outer loop
      vertex -1.37192 -7.91669 5
      vertex -1.42894 -7.825 0
      vertex -1.42894 -7.825 5
    endloop
  endfacet
  facet normal 0.849188 0.528091 0
    outer loop
      vertex -1.42894 -7.825 0
      vertex -1.37192 -7.91669 5
      vertex -1.37192 -7.91669 0
    endloop
  endfacet
  facet normal 0.683574 -0.729881 0
    outer loop
      vertex -1.16673 -5.83327 0
      vertex -1.08792 -5.75946 5
      vertex -1.16673 -5.83327 5
    endloop
  endfacet
  facet normal 0.683574 -0.729881 0
    outer loop
      vertex -1.08792 -5.75946 5
      vertex -1.16673 -5.83327 0
      vertex -1.08792 -5.75946 0
    endloop
  endfacet
  facet normal -0.352223 0.935916 0
    outer loop
      vertex 0.631427 -8.5244 0
      vertex 0.530375 -8.56243 5
      vertex 0.631427 -8.5244 5
    endloop
  endfacet
  facet normal -0.352223 0.935916 0
    outer loop
      vertex 0.530375 -8.56243 5
      vertex 0.631427 -8.5244 0
      vertex 0.530375 -8.56243 0
    endloop
  endfacet
  facet normal -0.729927 -0.683525 0
    outer loop
      vertex 1.24053 -5.91208 0
      vertex 1.16673 -5.83327 5
      vertex 1.16673 -5.83327 0
    endloop
  endfacet
  facet normal -0.729927 -0.683525 0
    outer loop
      vertex 1.16673 -5.83327 5
      vertex 1.24053 -5.91208 0
      vertex 1.24053 -5.91208 5
    endloop
  endfacet
  facet normal -0.4127 -0.910867 0
    outer loop
      vertex 0.631427 -5.4756 0
      vertex 0.729775 -5.52016 5
      vertex 0.631427 -5.4756 5
    endloop
  endfacet
  facet normal -0.4127 -0.910867 -0
    outer loop
      vertex 0.729775 -5.52016 5
      vertex 0.631427 -5.4756 0
      vertex 0.729775 -5.52016 0
    endloop
  endfacet
  facet normal 0.582451 0.812866 -0
    outer loop
      vertex -0.916691 -8.37192 0
      vertex -1.00446 -8.30903 5
      vertex -0.916691 -8.37192 5
    endloop
  endfacet
  facet normal 0.582451 0.812866 0
    outer loop
      vertex -1.00446 -8.30903 5
      vertex -0.916691 -8.37192 0
      vertex -1.00446 -8.30903 0
    endloop
  endfacet
  facet normal 0.729927 0.683525 0
    outer loop
      vertex -1.16673 -8.16673 5
      vertex -1.24053 -8.08792 0
      vertex -1.24053 -8.08792 5
    endloop
  endfacet
  facet normal 0.729927 0.683525 0
    outer loop
      vertex -1.24053 -8.08792 0
      vertex -1.16673 -8.16673 5
      vertex -1.16673 -8.16673 0
    endloop
  endfacet
  facet normal 0.999465 0.032695 0
    outer loop
      vertex -1.64647 -7.10791 5
      vertex -1.65 -7 0
      vertex -1.65 -7 5
    endloop
  endfacet
  facet normal 0.999465 0.032695 0
    outer loop
      vertex -1.65 -7 0
      vertex -1.64647 -7.10791 5
      vertex -1.64647 -7.10791 0
    endloop
  endfacet
  facet normal 0.986655 0.162822 0
    outer loop
      vertex -1.6183 -7.3219 5
      vertex -1.63588 -7.21537 0
      vertex -1.63588 -7.21537 5
    endloop
  endfacet
  facet normal 0.986655 0.162822 0
    outer loop
      vertex -1.63588 -7.21537 0
      vertex -1.6183 -7.3219 5
      vertex -1.6183 -7.3219 0
    endloop
  endfacet
  facet normal 0.812869 0.582447 0
    outer loop
      vertex -1.30903 -8.00446 5
      vertex -1.37192 -7.91669 0
      vertex -1.37192 -7.91669 5
    endloop
  endfacet
  facet normal 0.812869 0.582447 0
    outer loop
      vertex -1.37192 -7.91669 0
      vertex -1.30903 -8.00446 5
      vertex -1.30903 -8.00446 0
    endloop
  endfacet
  facet normal 0.0326934 -0.999465 0
    outer loop
      vertex -0.107915 -5.35353 0
      vertex 0 -5.35 5
      vertex -0.107915 -5.35353 5
    endloop
  endfacet
  facet normal 0.0326934 -0.999465 0
    outer loop
      vertex 0 -5.35 5
      vertex -0.107915 -5.35353 0
      vertex 0 -5.35 0
    endloop
  endfacet
  facet normal 0.352305 -0.935885 0
    outer loop
      vertex -0.631427 -5.4756 0
      vertex -0.530375 -5.43756 5
      vertex -0.631427 -5.4756 5
    endloop
  endfacet
  facet normal 0.352305 -0.935885 0
    outer loop
      vertex -0.530375 -5.43756 5
      vertex -0.631427 -5.4756 0
      vertex -0.530375 -5.43756 0
    endloop
  endfacet
  facet normal 0.227092 -0.973873 0
    outer loop
      vertex -0.427051 -5.40622 0
      vertex -0.321898 -5.3817 5
      vertex -0.427051 -5.40622 5
    endloop
  endfacet
  facet normal 0.227092 -0.973873 0
    outer loop
      vertex -0.321898 -5.3817 5
      vertex -0.427051 -5.40622 0
      vertex -0.321898 -5.3817 0
    endloop
  endfacet
  facet normal 0.52802 -0.849232 0
    outer loop
      vertex -0.916691 -5.62807 0
      vertex -0.825 -5.57106 5
      vertex -0.916691 -5.62807 5
    endloop
  endfacet
  facet normal 0.52802 -0.849232 0
    outer loop
      vertex -0.825 -5.57106 5
      vertex -0.916691 -5.62807 0
      vertex -0.825 -5.57106 0
    endloop
  endfacet
  facet normal 0.995178 -0.0980823 0
    outer loop
      vertex -1.64647 -6.89208 5
      vertex -1.63588 -6.78463 0
      vertex -1.63588 -6.78463 5
    endloop
  endfacet
  facet normal 0.995178 -0.0980823 0
    outer loop
      vertex -1.63588 -6.78463 0
      vertex -1.64647 -6.89208 5
      vertex -1.64647 -6.89208 0
    endloop
  endfacet
  facet normal 0.812869 -0.582447 0
    outer loop
      vertex -1.37192 -6.08331 5
      vertex -1.30903 -5.99554 0
      vertex -1.30903 -5.99554 5
    endloop
  endfacet
  facet normal 0.812869 -0.582447 0
    outer loop
      vertex -1.30903 -5.99554 0
      vertex -1.37192 -6.08331 5
      vertex -1.37192 -6.08331 0
    endloop
  endfacet
  facet normal -0.227092 0.973873 0
    outer loop
      vertex 0.427051 -8.59378 0
      vertex 0.321898 -8.6183 5
      vertex 0.427051 -8.59378 5
    endloop
  endfacet
  facet normal -0.227092 0.973873 0
    outer loop
      vertex 0.321898 -8.6183 5
      vertex 0.427051 -8.59378 0
      vertex 0.321898 -8.6183 0
    endloop
  endfacet
  facet normal -0.582512 -0.812822 0
    outer loop
      vertex 0.916691 -5.62807 0
      vertex 1.00446 -5.69097 5
      vertex 0.916691 -5.62807 5
    endloop
  endfacet
  facet normal -0.582512 -0.812822 -0
    outer loop
      vertex 1.00446 -5.69097 5
      vertex 0.916691 -5.62807 0
      vertex 1.00446 -5.69097 0
    endloop
  endfacet
  facet normal 0.0980804 0.995178 -0
    outer loop
      vertex -0.107915 -8.64647 0
      vertex -0.215367 -8.63588 5
      vertex -0.107915 -8.64647 5
    endloop
  endfacet
  facet normal 0.0980804 0.995178 0
    outer loop
      vertex -0.215367 -8.63588 5
      vertex -0.107915 -8.64647 0
      vertex -0.215367 -8.63588 0
    endloop
  endfacet
  facet normal 0.290344 0.956922 -0
    outer loop
      vertex -0.427051 -8.59378 0
      vertex -0.530375 -8.56243 5
      vertex -0.427051 -8.59378 5
    endloop
  endfacet
  facet normal 0.290344 0.956922 0
    outer loop
      vertex -0.530375 -8.56243 5
      vertex -0.427051 -8.59378 0
      vertex -0.530375 -8.56243 0
    endloop
  endfacet
  facet normal 0.16282 0.986656 -0
    outer loop
      vertex -0.215367 -8.63588 0
      vertex -0.321898 -8.6183 5
      vertex -0.215367 -8.63588 5
    endloop
  endfacet
  facet normal 0.16282 0.986656 0
    outer loop
      vertex -0.321898 -8.6183 5
      vertex -0.215367 -8.63588 0
      vertex -0.321898 -8.6183 0
    endloop
  endfacet
  facet normal 0.227092 0.973873 -0
    outer loop
      vertex -0.321898 -8.6183 0
      vertex -0.427051 -8.59378 5
      vertex -0.321898 -8.6183 5
    endloop
  endfacet
  facet normal 0.227092 0.973873 0
    outer loop
      vertex -0.427051 -8.59378 5
      vertex -0.321898 -8.6183 0
      vertex -0.427051 -8.59378 0
    endloop
  endfacet
  facet normal 0.528087 0.84919 -0
    outer loop
      vertex -0.825 -8.42894 0
      vertex -0.916691 -8.37192 5
      vertex -0.825 -8.42894 5
    endloop
  endfacet
  facet normal 0.528087 0.84919 0
    outer loop
      vertex -0.916691 -8.37192 5
      vertex -0.825 -8.42894 0
      vertex -0.916691 -8.37192 0
    endloop
  endfacet
  facet normal 0.634427 0.772983 -0
    outer loop
      vertex -1.00446 -8.30903 0
      vertex -1.08792 -8.24053 5
      vertex -1.00446 -8.30903 5
    endloop
  endfacet
  facet normal 0.634427 0.772983 0
    outer loop
      vertex -1.08792 -8.24053 5
      vertex -1.00446 -8.30903 0
      vertex -1.08792 -8.24053 0
    endloop
  endfacet
  facet normal 0.683525 0.729927 -0
    outer loop
      vertex -1.08792 -8.24053 0
      vertex -1.16673 -8.16673 5
      vertex -1.08792 -8.24053 5
    endloop
  endfacet
  facet normal 0.683525 0.729927 0
    outer loop
      vertex -1.16673 -8.16673 5
      vertex -1.08792 -8.24053 0
      vertex -1.16673 -8.16673 0
    endloop
  endfacet
  facet normal 0.999465 -0.0326919 0
    outer loop
      vertex -1.65 -7 5
      vertex -1.64647 -6.89208 0
      vertex -1.64647 -6.89208 5
    endloop
  endfacet
  facet normal 0.999465 -0.0326919 0
    outer loop
      vertex -1.64647 -6.89208 0
      vertex -1.65 -7 5
      vertex -1.65 -7 0
    endloop
  endfacet
  facet normal 0.973872 0.227098 0
    outer loop
      vertex -1.59378 -7.42705 5
      vertex -1.6183 -7.3219 0
      vertex -1.6183 -7.3219 5
    endloop
  endfacet
  facet normal 0.973872 0.227098 0
    outer loop
      vertex -1.6183 -7.3219 0
      vertex -1.59378 -7.42705 5
      vertex -1.59378 -7.42705 0
    endloop
  endfacet
  facet normal 0.956919 0.290354 0
    outer loop
      vertex -1.56243 -7.53037 5
      vertex -1.59378 -7.42705 0
      vertex -1.59378 -7.42705 5
    endloop
  endfacet
  facet normal 0.956919 0.290354 0
    outer loop
      vertex -1.59378 -7.42705 0
      vertex -1.56243 -7.53037 5
      vertex -1.56243 -7.53037 0
    endloop
  endfacet
  facet normal 0.995179 0.0980732 0
    outer loop
      vertex -1.63588 -7.21537 5
      vertex -1.64647 -7.10791 0
      vertex -1.64647 -7.10791 5
    endloop
  endfacet
  facet normal 0.995179 0.0980732 0
    outer loop
      vertex -1.64647 -7.10791 0
      vertex -1.63588 -7.21537 5
      vertex -1.63588 -7.21537 0
    endloop
  endfacet
  facet normal 0.881906 0.471424 0
    outer loop
      vertex -1.42894 -7.825 5
      vertex -1.47984 -7.72978 0
      vertex -1.47984 -7.72978 5
    endloop
  endfacet
  facet normal 0.881906 0.471424 0
    outer loop
      vertex -1.47984 -7.72978 0
      vertex -1.42894 -7.825 5
      vertex -1.42894 -7.825 0
    endloop
  endfacet
  facet normal 0.91087 0.412693 0
    outer loop
      vertex -1.47984 -7.72978 5
      vertex -1.5244 -7.63143 0
      vertex -1.5244 -7.63143 5
    endloop
  endfacet
  facet normal 0.91087 0.412693 0
    outer loop
      vertex -1.5244 -7.63143 0
      vertex -1.47984 -7.72978 5
      vertex -1.47984 -7.72978 0
    endloop
  endfacet
  facet normal 0.772983 0.634427 0
    outer loop
      vertex -1.24053 -8.08792 5
      vertex -1.30903 -8.00446 0
      vertex -1.30903 -8.00446 5
    endloop
  endfacet
  facet normal 0.772983 0.634427 0
    outer loop
      vertex -1.30903 -8.00446 0
      vertex -1.24053 -8.08792 5
      vertex -1.24053 -8.08792 0
    endloop
  endfacet
  facet normal 0.16282 -0.986656 0
    outer loop
      vertex -0.321898 -5.3817 0
      vertex -0.215367 -5.36412 5
      vertex -0.321898 -5.3817 5
    endloop
  endfacet
  facet normal 0.16282 -0.986656 0
    outer loop
      vertex -0.215367 -5.36412 5
      vertex -0.321898 -5.3817 0
      vertex -0.215367 -5.36412 0
    endloop
  endfacet
  facet normal 0.290259 -0.956948 0
    outer loop
      vertex -0.530375 -5.43756 0
      vertex -0.427051 -5.40622 5
      vertex -0.530375 -5.43756 5
    endloop
  endfacet
  facet normal 0.290259 -0.956948 0
    outer loop
      vertex -0.427051 -5.40622 5
      vertex -0.530375 -5.43756 0
      vertex -0.427051 -5.40622 0
    endloop
  endfacet
  facet normal 0.471405 -0.881917 0
    outer loop
      vertex -0.825 -5.57106 0
      vertex -0.729775 -5.52016 5
      vertex -0.825 -5.57106 5
    endloop
  endfacet
  facet normal 0.471405 -0.881917 0
    outer loop
      vertex -0.729775 -5.52016 5
      vertex -0.825 -5.57106 0
      vertex -0.729775 -5.52016 0
    endloop
  endfacet
  facet normal 0.582512 -0.812822 0
    outer loop
      vertex -1.00446 -5.69097 0
      vertex -0.916691 -5.62807 5
      vertex -1.00446 -5.69097 5
    endloop
  endfacet
  facet normal 0.582512 -0.812822 0
    outer loop
      vertex -0.916691 -5.62807 5
      vertex -1.00446 -5.69097 0
      vertex -0.916691 -5.62807 0
    endloop
  endfacet
  facet normal 0.973872 -0.227098 0
    outer loop
      vertex -1.6183 -6.6781 5
      vertex -1.59378 -6.57295 0
      vertex -1.59378 -6.57295 5
    endloop
  endfacet
  facet normal 0.973872 -0.227098 0
    outer loop
      vertex -1.59378 -6.57295 0
      vertex -1.6183 -6.6781 5
      vertex -1.6183 -6.6781 0
    endloop
  endfacet
  facet normal 0.935914 -0.35223 0
    outer loop
      vertex -1.56243 -6.46962 5
      vertex -1.5244 -6.36857 0
      vertex -1.5244 -6.36857 5
    endloop
  endfacet
  facet normal 0.935914 -0.35223 0
    outer loop
      vertex -1.5244 -6.36857 0
      vertex -1.56243 -6.46962 5
      vertex -1.56243 -6.46962 0
    endloop
  endfacet
  facet normal 0.986655 -0.162822 0
    outer loop
      vertex -1.63588 -6.78463 5
      vertex -1.6183 -6.6781 0
      vertex -1.6183 -6.6781 5
    endloop
  endfacet
  facet normal 0.986655 -0.162822 0
    outer loop
      vertex -1.6183 -6.6781 0
      vertex -1.63588 -6.78463 5
      vertex -1.63588 -6.78463 0
    endloop
  endfacet
  facet normal 0.849188 -0.528091 0
    outer loop
      vertex -1.42894 -6.175 5
      vertex -1.37192 -6.08331 0
      vertex -1.37192 -6.08331 5
    endloop
  endfacet
  facet normal 0.849188 -0.528091 0
    outer loop
      vertex -1.37192 -6.08331 0
      vertex -1.42894 -6.175 5
      vertex -1.42894 -6.175 0
    endloop
  endfacet
  facet normal 0.91087 -0.412693 0
    outer loop
      vertex -1.5244 -6.36857 5
      vertex -1.47984 -6.27022 0
      vertex -1.47984 -6.27022 5
    endloop
  endfacet
  facet normal 0.91087 -0.412693 0
    outer loop
      vertex -1.47984 -6.27022 0
      vertex -1.5244 -6.36857 5
      vertex -1.5244 -6.36857 0
    endloop
  endfacet
  facet normal 0.772983 -0.634427 0
    outer loop
      vertex -1.30903 -5.99554 5
      vertex -1.24053 -5.91208 0
      vertex -1.24053 -5.91208 5
    endloop
  endfacet
  facet normal 0.772983 -0.634427 0
    outer loop
      vertex -1.24053 -5.91208 0
      vertex -1.30903 -5.99554 5
      vertex -1.30903 -5.99554 0
    endloop
  endfacet
  facet normal 0.729927 -0.683525 0
    outer loop
      vertex -1.24053 -5.91208 5
      vertex -1.16673 -5.83327 0
      vertex -1.16673 -5.83327 5
    endloop
  endfacet
  facet normal 0.729927 -0.683525 0
    outer loop
      vertex -1.16673 -5.83327 0
      vertex -1.24053 -5.91208 5
      vertex -1.24053 -5.91208 0
    endloop
  endfacet
  facet normal 0.0326934 0.999465 -0
    outer loop
      vertex 0 -8.65 0
      vertex -0.107915 -8.64647 5
      vertex 0 -8.65 5
    endloop
  endfacet
  facet normal 0.0326934 0.999465 0
    outer loop
      vertex -0.107915 -8.64647 5
      vertex 0 -8.65 0
      vertex -0.107915 -8.64647 0
    endloop
  endfacet
  facet normal -0.0326934 0.999465 0
    outer loop
      vertex 0.107915 -8.64647 0
      vertex 0 -8.65 5
      vertex 0.107915 -8.64647 5
    endloop
  endfacet
  facet normal -0.0326934 0.999465 0
    outer loop
      vertex 0 -8.65 5
      vertex 0.107915 -8.64647 0
      vertex 0 -8.65 0
    endloop
  endfacet
  facet normal -0.16282 0.986656 0
    outer loop
      vertex 0.321898 -8.6183 0
      vertex 0.215367 -8.63588 5
      vertex 0.321898 -8.6183 5
    endloop
  endfacet
  facet normal -0.16282 0.986656 0
    outer loop
      vertex 0.215367 -8.63588 5
      vertex 0.321898 -8.6183 0
      vertex 0.215367 -8.63588 0
    endloop
  endfacet
  facet normal -0.471405 0.881917 0
    outer loop
      vertex 0.825 -8.42894 0
      vertex 0.729775 -8.47984 5
      vertex 0.825 -8.42894 5
    endloop
  endfacet
  facet normal -0.471405 0.881917 0
    outer loop
      vertex 0.729775 -8.47984 5
      vertex 0.825 -8.42894 0
      vertex 0.729775 -8.47984 0
    endloop
  endfacet
  facet normal -0.999465 0.032695 0
    outer loop
      vertex 1.64647 -7.10791 0
      vertex 1.65 -7 5
      vertex 1.65 -7 0
    endloop
  endfacet
  facet normal -0.999465 0.032695 0
    outer loop
      vertex 1.65 -7 5
      vertex 1.64647 -7.10791 0
      vertex 1.64647 -7.10791 5
    endloop
  endfacet
  facet normal -0.352305 -0.935885 0
    outer loop
      vertex 0.530375 -5.43756 0
      vertex 0.631427 -5.4756 5
      vertex 0.530375 -5.43756 5
    endloop
  endfacet
  facet normal -0.352305 -0.935885 -0
    outer loop
      vertex 0.631427 -5.4756 5
      vertex 0.530375 -5.43756 0
      vertex 0.631427 -5.4756 0
    endloop
  endfacet
  facet normal -0.227092 -0.973873 0
    outer loop
      vertex 0.321898 -5.3817 0
      vertex 0.427051 -5.40622 5
      vertex 0.321898 -5.3817 5
    endloop
  endfacet
  facet normal -0.227092 -0.973873 -0
    outer loop
      vertex 0.427051 -5.40622 5
      vertex 0.321898 -5.3817 0
      vertex 0.427051 -5.40622 0
    endloop
  endfacet
  facet normal -0.634372 -0.773028 0
    outer loop
      vertex 1.00446 -5.69097 0
      vertex 1.08792 -5.75946 5
      vertex 1.00446 -5.69097 5
    endloop
  endfacet
  facet normal -0.634372 -0.773028 -0
    outer loop
      vertex 1.08792 -5.75946 5
      vertex 1.00446 -5.69097 0
      vertex 1.08792 -5.75946 0
    endloop
  endfacet
  facet normal -0.935925 0.352199 0
    outer loop
      vertex 1.5244 -7.63143 0
      vertex 1.56243 -7.53037 5
      vertex 1.56243 -7.53037 0
    endloop
  endfacet
  facet normal -0.935925 0.352199 0
    outer loop
      vertex 1.56243 -7.53037 5
      vertex 1.5244 -7.63143 0
      vertex 1.5244 -7.63143 5
    endloop
  endfacet
  facet normal -0.956919 0.290354 0
    outer loop
      vertex 1.56243 -7.53037 0
      vertex 1.59378 -7.42705 5
      vertex 1.59378 -7.42705 0
    endloop
  endfacet
  facet normal -0.956919 0.290354 0
    outer loop
      vertex 1.59378 -7.42705 5
      vertex 1.56243 -7.53037 0
      vertex 1.56243 -7.53037 5
    endloop
  endfacet
  facet normal -0.91087 0.412693 0
    outer loop
      vertex 1.47984 -7.72978 0
      vertex 1.5244 -7.63143 5
      vertex 1.5244 -7.63143 0
    endloop
  endfacet
  facet normal -0.91087 0.412693 0
    outer loop
      vertex 1.5244 -7.63143 5
      vertex 1.47984 -7.72978 0
      vertex 1.47984 -7.72978 5
    endloop
  endfacet
  facet normal 0.4127 0.910867 -0
    outer loop
      vertex -0.631427 -8.5244 0
      vertex -0.729775 -8.47984 5
      vertex -0.631427 -8.5244 5
    endloop
  endfacet
  facet normal 0.4127 0.910867 0
    outer loop
      vertex -0.729775 -8.47984 5
      vertex -0.631427 -8.5244 0
      vertex -0.729775 -8.47984 0
    endloop
  endfacet
  facet normal 0.352223 0.935916 -0
    outer loop
      vertex -0.530375 -8.56243 0
      vertex -0.631427 -8.5244 5
      vertex -0.530375 -8.56243 5
    endloop
  endfacet
  facet normal 0.352223 0.935916 0
    outer loop
      vertex -0.631427 -8.5244 5
      vertex -0.530375 -8.56243 0
      vertex -0.631427 -8.5244 0
    endloop
  endfacet
  facet normal 0.0980804 -0.995178 0
    outer loop
      vertex -0.215367 -5.36412 0
      vertex -0.107915 -5.35353 5
      vertex -0.215367 -5.36412 5
    endloop
  endfacet
  facet normal 0.0980804 -0.995178 0
    outer loop
      vertex -0.107915 -5.35353 5
      vertex -0.215367 -5.36412 0
      vertex -0.107915 -5.35353 0
    endloop
  endfacet
  facet normal 0.634372 -0.773028 0
    outer loop
      vertex -1.08792 -5.75946 0
      vertex -1.00446 -5.69097 5
      vertex -1.08792 -5.75946 5
    endloop
  endfacet
  facet normal 0.634372 -0.773028 0
    outer loop
      vertex -1.00446 -5.69097 5
      vertex -1.08792 -5.75946 0
      vertex -1.00446 -5.69097 0
    endloop
  endfacet
  facet normal 0.956927 -0.290329 0
    outer loop
      vertex -1.59378 -6.57295 5
      vertex -1.56243 -6.46962 0
      vertex -1.56243 -6.46962 5
    endloop
  endfacet
  facet normal 0.956927 -0.290329 0
    outer loop
      vertex -1.56243 -6.46962 0
      vertex -1.59378 -6.57295 5
      vertex -1.59378 -6.57295 0
    endloop
  endfacet
  facet normal 0.881906 -0.471424 0
    outer loop
      vertex -1.47984 -6.27022 5
      vertex -1.42894 -6.175 0
      vertex -1.42894 -6.175 5
    endloop
  endfacet
  facet normal 0.881906 -0.471424 0
    outer loop
      vertex -1.42894 -6.175 0
      vertex -1.47984 -6.27022 5
      vertex -1.47984 -6.27022 0
    endloop
  endfacet
  facet normal -0.290344 0.956922 0
    outer loop
      vertex 0.530375 -8.56243 0
      vertex 0.427051 -8.59378 5
      vertex 0.530375 -8.56243 5
    endloop
  endfacet
  facet normal -0.290344 0.956922 0
    outer loop
      vertex 0.427051 -8.59378 5
      vertex 0.530375 -8.56243 0
      vertex 0.427051 -8.59378 0
    endloop
  endfacet
  facet normal -0.0980804 0.995178 0
    outer loop
      vertex 0.215367 -8.63588 0
      vertex 0.107915 -8.64647 5
      vertex 0.215367 -8.63588 5
    endloop
  endfacet
  facet normal -0.0980804 0.995178 0
    outer loop
      vertex 0.107915 -8.64647 5
      vertex 0.215367 -8.63588 0
      vertex 0.107915 -8.64647 0
    endloop
  endfacet
  facet normal -0.812869 0.582447 0
    outer loop
      vertex 1.30903 -8.00446 0
      vertex 1.37192 -7.91669 5
      vertex 1.37192 -7.91669 0
    endloop
  endfacet
  facet normal -0.812869 0.582447 0
    outer loop
      vertex 1.37192 -7.91669 5
      vertex 1.30903 -8.00446 0
      vertex 1.30903 -8.00446 5
    endloop
  endfacet
  facet normal -0.528087 0.84919 0
    outer loop
      vertex 0.916691 -8.37192 0
      vertex 0.825 -8.42894 5
      vertex 0.916691 -8.37192 5
    endloop
  endfacet
  facet normal -0.528087 0.84919 0
    outer loop
      vertex 0.825 -8.42894 5
      vertex 0.916691 -8.37192 0
      vertex 0.825 -8.42894 0
    endloop
  endfacet
  facet normal -0.4127 0.910867 0
    outer loop
      vertex 0.729775 -8.47984 0
      vertex 0.631427 -8.5244 5
      vertex 0.729775 -8.47984 5
    endloop
  endfacet
  facet normal -0.4127 0.910867 0
    outer loop
      vertex 0.631427 -8.5244 5
      vertex 0.729775 -8.47984 0
      vertex 0.631427 -8.5244 0
    endloop
  endfacet
  facet normal -0.812869 -0.582447 0
    outer loop
      vertex 1.37192 -6.08331 0
      vertex 1.30903 -5.99554 5
      vertex 1.30903 -5.99554 0
    endloop
  endfacet
  facet normal -0.812869 -0.582447 0
    outer loop
      vertex 1.30903 -5.99554 5
      vertex 1.37192 -6.08331 0
      vertex 1.37192 -6.08331 5
    endloop
  endfacet
  facet normal -0.973872 -0.227098 0
    outer loop
      vertex 1.6183 -6.6781 0
      vertex 1.59378 -6.57295 5
      vertex 1.59378 -6.57295 0
    endloop
  endfacet
  facet normal -0.973872 -0.227098 0
    outer loop
      vertex 1.59378 -6.57295 5
      vertex 1.6183 -6.6781 0
      vertex 1.6183 -6.6781 5
    endloop
  endfacet
  facet normal -0.0980804 -0.995178 0
    outer loop
      vertex 0.107915 -5.35353 0
      vertex 0.215367 -5.36412 5
      vertex 0.107915 -5.35353 5
    endloop
  endfacet
  facet normal -0.0980804 -0.995178 -0
    outer loop
      vertex 0.215367 -5.36412 5
      vertex 0.107915 -5.35353 0
      vertex 0.215367 -5.36412 0
    endloop
  endfacet
  facet normal -0.0326934 -0.999465 0
    outer loop
      vertex 0 -5.35 0
      vertex 0.107915 -5.35353 5
      vertex 0 -5.35 5
    endloop
  endfacet
  facet normal -0.0326934 -0.999465 -0
    outer loop
      vertex 0.107915 -5.35353 5
      vertex 0 -5.35 0
      vertex 0.107915 -5.35353 0
    endloop
  endfacet
  facet normal -0.290259 -0.956948 0
    outer loop
      vertex 0.427051 -5.40622 0
      vertex 0.530375 -5.43756 5
      vertex 0.427051 -5.40622 5
    endloop
  endfacet
  facet normal -0.290259 -0.956948 -0
    outer loop
      vertex 0.530375 -5.43756 5
      vertex 0.427051 -5.40622 0
      vertex 0.530375 -5.43756 0
    endloop
  endfacet
  facet normal -0.52802 -0.849232 0
    outer loop
      vertex 0.825 -5.57106 0
      vertex 0.916691 -5.62807 5
      vertex 0.825 -5.57106 5
    endloop
  endfacet
  facet normal -0.52802 -0.849232 -0
    outer loop
      vertex 0.916691 -5.62807 5
      vertex 0.825 -5.57106 0
      vertex 0.916691 -5.62807 0
    endloop
  endfacet
  facet normal -0.683574 -0.729881 0
    outer loop
      vertex 1.08792 -5.75946 0
      vertex 1.16673 -5.83327 5
      vertex 1.08792 -5.75946 5
    endloop
  endfacet
  facet normal -0.683574 -0.729881 -0
    outer loop
      vertex 1.16673 -5.83327 5
      vertex 1.08792 -5.75946 0
      vertex 1.16673 -5.83327 0
    endloop
  endfacet
  facet normal -0.986655 0.162822 0
    outer loop
      vertex 1.6183 -7.3219 0
      vertex 1.63588 -7.21537 5
      vertex 1.63588 -7.21537 0
    endloop
  endfacet
  facet normal -0.986655 0.162822 0
    outer loop
      vertex 1.63588 -7.21537 5
      vertex 1.6183 -7.3219 0
      vertex 1.6183 -7.3219 5
    endloop
  endfacet
  facet normal -0.995179 0.0980732 0
    outer loop
      vertex 1.63588 -7.21537 0
      vertex 1.64647 -7.10791 5
      vertex 1.64647 -7.10791 0
    endloop
  endfacet
  facet normal -0.995179 0.0980732 0
    outer loop
      vertex 1.64647 -7.10791 5
      vertex 1.63588 -7.21537 0
      vertex 1.63588 -7.21537 5
    endloop
  endfacet
  facet normal -0.683525 0.729927 0
    outer loop
      vertex 1.16673 -8.16673 0
      vertex 1.08792 -8.24053 5
      vertex 1.16673 -8.16673 5
    endloop
  endfacet
  facet normal -0.683525 0.729927 0
    outer loop
      vertex 1.08792 -8.24053 5
      vertex 1.16673 -8.16673 0
      vertex 1.08792 -8.24053 0
    endloop
  endfacet
  facet normal -0.772983 0.634427 0
    outer loop
      vertex 1.24053 -8.08792 0
      vertex 1.30903 -8.00446 5
      vertex 1.30903 -8.00446 0
    endloop
  endfacet
  facet normal -0.772983 0.634427 0
    outer loop
      vertex 1.30903 -8.00446 5
      vertex 1.24053 -8.08792 0
      vertex 1.24053 -8.08792 5
    endloop
  endfacet
  facet normal -0.582451 0.812866 0
    outer loop
      vertex 1.00446 -8.30903 0
      vertex 0.916691 -8.37192 5
      vertex 1.00446 -8.30903 5
    endloop
  endfacet
  facet normal -0.582451 0.812866 0
    outer loop
      vertex 0.916691 -8.37192 5
      vertex 1.00446 -8.30903 0
      vertex 0.916691 -8.37192 0
    endloop
  endfacet
  facet normal -0.634427 0.772983 0
    outer loop
      vertex 1.08792 -8.24053 0
      vertex 1.00446 -8.30903 5
      vertex 1.08792 -8.24053 5
    endloop
  endfacet
  facet normal -0.634427 0.772983 0
    outer loop
      vertex 1.00446 -8.30903 5
      vertex 1.08792 -8.24053 0
      vertex 1.00446 -8.30903 0
    endloop
  endfacet
  facet normal -0.999465 -0.0326919 0
    outer loop
      vertex 1.65 -7 0
      vertex 1.64647 -6.89208 5
      vertex 1.64647 -6.89208 0
    endloop
  endfacet
  facet normal -0.999465 -0.0326919 0
    outer loop
      vertex 1.64647 -6.89208 5
      vertex 1.65 -7 0
      vertex 1.65 -7 5
    endloop
  endfacet
  facet normal -0.881906 -0.471424 0
    outer loop
      vertex 1.47984 -6.27022 0
      vertex 1.42894 -6.175 5
      vertex 1.42894 -6.175 0
    endloop
  endfacet
  facet normal -0.881906 -0.471424 0
    outer loop
      vertex 1.42894 -6.175 5
      vertex 1.47984 -6.27022 0
      vertex 1.47984 -6.27022 5
    endloop
  endfacet
  facet normal -0.935914 -0.35223 0
    outer loop
      vertex 1.56243 -6.46962 0
      vertex 1.5244 -6.36857 5
      vertex 1.5244 -6.36857 0
    endloop
  endfacet
  facet normal -0.935914 -0.35223 0
    outer loop
      vertex 1.5244 -6.36857 5
      vertex 1.56243 -6.46962 0
      vertex 1.56243 -6.46962 5
    endloop
  endfacet
  facet normal -0.956927 -0.290329 0
    outer loop
      vertex 1.59378 -6.57295 0
      vertex 1.56243 -6.46962 5
      vertex 1.56243 -6.46962 0
    endloop
  endfacet
  facet normal -0.956927 -0.290329 0
    outer loop
      vertex 1.56243 -6.46962 5
      vertex 1.59378 -6.57295 0
      vertex 1.59378 -6.57295 5
    endloop
  endfacet
  facet normal -0.16282 -0.986656 0
    outer loop
      vertex 0.215367 -5.36412 0
      vertex 0.321898 -5.3817 5
      vertex 0.215367 -5.36412 5
    endloop
  endfacet
  facet normal -0.16282 -0.986656 -0
    outer loop
      vertex 0.321898 -5.3817 5
      vertex 0.215367 -5.36412 0
      vertex 0.321898 -5.3817 0
    endloop
  endfacet
  facet normal -0.471405 -0.881917 0
    outer loop
      vertex 0.729775 -5.52016 0
      vertex 0.825 -5.57106 5
      vertex 0.729775 -5.52016 5
    endloop
  endfacet
  facet normal -0.471405 -0.881917 -0
    outer loop
      vertex 0.825 -5.57106 5
      vertex 0.729775 -5.52016 0
      vertex 0.825 -5.57106 0
    endloop
  endfacet
  facet normal -0.973872 0.227098 0
    outer loop
      vertex 1.59378 -7.42705 0
      vertex 1.6183 -7.3219 5
      vertex 1.6183 -7.3219 0
    endloop
  endfacet
  facet normal -0.973872 0.227098 0
    outer loop
      vertex 1.6183 -7.3219 5
      vertex 1.59378 -7.42705 0
      vertex 1.59378 -7.42705 5
    endloop
  endfacet
  facet normal -0.729927 0.683525 0
    outer loop
      vertex 1.16673 -8.16673 0
      vertex 1.24053 -8.08792 5
      vertex 1.24053 -8.08792 0
    endloop
  endfacet
  facet normal -0.729927 0.683525 0
    outer loop
      vertex 1.24053 -8.08792 5
      vertex 1.16673 -8.16673 0
      vertex 1.16673 -8.16673 5
    endloop
  endfacet
  facet normal -0.849188 0.528091 0
    outer loop
      vertex 1.37192 -7.91669 0
      vertex 1.42894 -7.825 5
      vertex 1.42894 -7.825 0
    endloop
  endfacet
  facet normal -0.849188 0.528091 0
    outer loop
      vertex 1.42894 -7.825 5
      vertex 1.37192 -7.91669 0
      vertex 1.37192 -7.91669 5
    endloop
  endfacet
  facet normal -0.881906 0.471424 0
    outer loop
      vertex 1.42894 -7.825 0
      vertex 1.47984 -7.72978 5
      vertex 1.47984 -7.72978 0
    endloop
  endfacet
  facet normal -0.881906 0.471424 0
    outer loop
      vertex 1.47984 -7.72978 5
      vertex 1.42894 -7.825 0
      vertex 1.42894 -7.825 5
    endloop
  endfacet
  facet normal -0.986655 -0.162822 0
    outer loop
      vertex 1.63588 -6.78463 0
      vertex 1.6183 -6.6781 5
      vertex 1.6183 -6.6781 0
    endloop
  endfacet
  facet normal -0.986655 -0.162822 0
    outer loop
      vertex 1.6183 -6.6781 5
      vertex 1.63588 -6.78463 0
      vertex 1.63588 -6.78463 5
    endloop
  endfacet
  facet normal -0.772983 -0.634427 0
    outer loop
      vertex 1.30903 -5.99554 0
      vertex 1.24053 -5.91208 5
      vertex 1.24053 -5.91208 0
    endloop
  endfacet
  facet normal -0.772983 -0.634427 0
    outer loop
      vertex 1.24053 -5.91208 5
      vertex 1.30903 -5.99554 0
      vertex 1.30903 -5.99554 5
    endloop
  endfacet
  facet normal -0.849188 -0.528091 0
    outer loop
      vertex 1.42894 -6.175 0
      vertex 1.37192 -6.08331 5
      vertex 1.37192 -6.08331 0
    endloop
  endfacet
  facet normal -0.849188 -0.528091 0
    outer loop
      vertex 1.37192 -6.08331 5
      vertex 1.42894 -6.175 0
      vertex 1.42894 -6.175 5
    endloop
  endfacet
  facet normal -0.91087 -0.412693 0
    outer loop
      vertex 1.5244 -6.36857 0
      vertex 1.47984 -6.27022 5
      vertex 1.47984 -6.27022 0
    endloop
  endfacet
  facet normal -0.91087 -0.412693 0
    outer loop
      vertex 1.47984 -6.27022 5
      vertex 1.5244 -6.36857 0
      vertex 1.5244 -6.36857 5
    endloop
  endfacet
  facet normal -0.995178 -0.0980823 0
    outer loop
      vertex 1.64647 -6.89208 0
      vertex 1.63588 -6.78463 5
      vertex 1.63588 -6.78463 0
    endloop
  endfacet
  facet normal -0.995178 -0.0980823 0
    outer loop
      vertex 1.63588 -6.78463 5
      vertex 1.64647 -6.89208 0
      vertex 1.64647 -6.89208 5
    endloop
  endfacet
  facet normal 0.881917 -0.471405 0
    outer loop
      vertex -8.47984 0.729775 5
      vertex -8.42894 0.825 0
      vertex -8.42894 0.825 5
    endloop
  endfacet
  facet normal 0.881917 -0.471405 0
    outer loop
      vertex -8.42894 0.825 0
      vertex -8.47984 0.729775 5
      vertex -8.47984 0.729775 0
    endloop
  endfacet
  facet normal -0.910867 -0.4127 0
    outer loop
      vertex -5.4756 0.631427 0
      vertex -5.52016 0.729775 5
      vertex -5.52016 0.729775 0
    endloop
  endfacet
  facet normal -0.910867 -0.4127 0
    outer loop
      vertex -5.52016 0.729775 5
      vertex -5.4756 0.631427 0
      vertex -5.4756 0.631427 5
    endloop
  endfacet
  facet normal 0.0980732 -0.995179 0
    outer loop
      vertex -7.21537 1.63588 0
      vertex -7.10791 1.64647 5
      vertex -7.21537 1.63588 5
    endloop
  endfacet
  facet normal 0.0980732 -0.995179 0
    outer loop
      vertex -7.10791 1.64647 5
      vertex -7.21537 1.63588 0
      vertex -7.10791 1.64647 0
    endloop
  endfacet
  facet normal -0.729881 -0.683574 0
    outer loop
      vertex -5.75946 1.08792 0
      vertex -5.83327 1.16673 5
      vertex -5.83327 1.16673 0
    endloop
  endfacet
  facet normal -0.729881 -0.683574 0
    outer loop
      vertex -5.83327 1.16673 5
      vertex -5.75946 1.08792 0
      vertex -5.75946 1.08792 5
    endloop
  endfacet
  facet normal 0.935916 0.352223 0
    outer loop
      vertex -8.5244 -0.631427 5
      vertex -8.56243 -0.530375 0
      vertex -8.56243 -0.530375 5
    endloop
  endfacet
  facet normal 0.935916 0.352223 0
    outer loop
      vertex -8.56243 -0.530375 0
      vertex -8.5244 -0.631427 5
      vertex -8.5244 -0.631427 0
    endloop
  endfacet
  facet normal -0.683525 0.729927 0
    outer loop
      vertex -5.83327 -1.16673 0
      vertex -5.91208 -1.24053 5
      vertex -5.83327 -1.16673 5
    endloop
  endfacet
  facet normal -0.683525 0.729927 0
    outer loop
      vertex -5.91208 -1.24053 5
      vertex -5.83327 -1.16673 0
      vertex -5.91208 -1.24053 0
    endloop
  endfacet
  facet normal 0.986656 -0.16282 0
    outer loop
      vertex -8.63588 0.215367 5
      vertex -8.6183 0.321898 0
      vertex -8.6183 0.321898 5
    endloop
  endfacet
  facet normal 0.986656 -0.16282 0
    outer loop
      vertex -8.6183 0.321898 0
      vertex -8.63588 0.215367 5
      vertex -8.63588 0.215367 0
    endloop
  endfacet
  facet normal 0.956922 -0.290344 0
    outer loop
      vertex -8.59378 0.427051 5
      vertex -8.56243 0.530375 0
      vertex -8.56243 0.530375 5
    endloop
  endfacet
  facet normal 0.956922 -0.290344 0
    outer loop
      vertex -8.56243 0.530375 0
      vertex -8.59378 0.427051 5
      vertex -8.59378 0.427051 0
    endloop
  endfacet
  facet normal 0.683525 -0.729927 0
    outer loop
      vertex -8.16673 1.16673 0
      vertex -8.08792 1.24053 5
      vertex -8.16673 1.16673 5
    endloop
  endfacet
  facet normal 0.683525 -0.729927 0
    outer loop
      vertex -8.08792 1.24053 5
      vertex -8.16673 1.16673 0
      vertex -8.08792 1.24053 0
    endloop
  endfacet
  facet normal 0.032695 -0.999465 0
    outer loop
      vertex -7.10791 1.64647 0
      vertex -7 1.65 5
      vertex -7.10791 1.64647 5
    endloop
  endfacet
  facet normal 0.032695 -0.999465 0
    outer loop
      vertex -7 1.65 5
      vertex -7.10791 1.64647 0
      vertex -7 1.65 0
    endloop
  endfacet
  facet normal 0.582447 -0.812869 0
    outer loop
      vertex -8.00446 1.30903 0
      vertex -7.91669 1.37192 5
      vertex -8.00446 1.30903 5
    endloop
  endfacet
  facet normal 0.582447 -0.812869 0
    outer loop
      vertex -7.91669 1.37192 5
      vertex -8.00446 1.30903 0
      vertex -7.91669 1.37192 0
    endloop
  endfacet
  facet normal -0.999465 -0.0326934 0
    outer loop
      vertex -5.35 0 0
      vertex -5.35353 0.107915 5
      vertex -5.35353 0.107915 0
    endloop
  endfacet
  facet normal -0.999465 -0.0326934 0
    outer loop
      vertex -5.35353 0.107915 5
      vertex -5.35 0 0
      vertex -5.35 0 5
    endloop
  endfacet
  facet normal -0.935885 -0.352305 0
    outer loop
      vertex -5.43756 0.530375 0
      vertex -5.4756 0.631427 5
      vertex -5.4756 0.631427 0
    endloop
  endfacet
  facet normal -0.935885 -0.352305 0
    outer loop
      vertex -5.4756 0.631427 5
      vertex -5.43756 0.530375 0
      vertex -5.43756 0.530375 5
    endloop
  endfacet
  facet normal -0.973873 -0.227092 0
    outer loop
      vertex -5.3817 0.321898 0
      vertex -5.40622 0.427051 5
      vertex -5.40622 0.427051 0
    endloop
  endfacet
  facet normal -0.973873 -0.227092 0
    outer loop
      vertex -5.40622 0.427051 5
      vertex -5.3817 0.321898 0
      vertex -5.3817 0.321898 5
    endloop
  endfacet
  facet normal -0.849232 -0.52802 0
    outer loop
      vertex -5.57106 0.825 0
      vertex -5.62807 0.916691 5
      vertex -5.62807 0.916691 0
    endloop
  endfacet
  facet normal -0.849232 -0.52802 0
    outer loop
      vertex -5.62807 0.916691 5
      vertex -5.57106 0.825 0
      vertex -5.57106 0.825 5
    endloop
  endfacet
  facet normal -0.0980823 -0.995178 0
    outer loop
      vertex -6.89208 1.64647 0
      vertex -6.78463 1.63588 5
      vertex -6.89208 1.64647 5
    endloop
  endfacet
  facet normal -0.0980823 -0.995178 -0
    outer loop
      vertex -6.78463 1.63588 5
      vertex -6.89208 1.64647 0
      vertex -6.78463 1.63588 0
    endloop
  endfacet
  facet normal -0.582447 -0.812869 0
    outer loop
      vertex -6.08331 1.37192 0
      vertex -5.99554 1.30903 5
      vertex -6.08331 1.37192 5
    endloop
  endfacet
  facet normal -0.582447 -0.812869 -0
    outer loop
      vertex -5.99554 1.30903 5
      vertex -6.08331 1.37192 0
      vertex -5.99554 1.30903 0
    endloop
  endfacet
  facet normal 0.973873 0.227092 0
    outer loop
      vertex -8.59378 -0.427051 5
      vertex -8.6183 -0.321898 0
      vertex -8.6183 -0.321898 5
    endloop
  endfacet
  facet normal 0.973873 0.227092 0
    outer loop
      vertex -8.6183 -0.321898 0
      vertex -8.59378 -0.427051 5
      vertex -8.59378 -0.427051 0
    endloop
  endfacet
  facet normal 0.995178 -0.0980804 0
    outer loop
      vertex -8.64647 0.107915 5
      vertex -8.63588 0.215367 0
      vertex -8.63588 0.215367 5
    endloop
  endfacet
  facet normal 0.995178 -0.0980804 0
    outer loop
      vertex -8.63588 0.215367 0
      vertex -8.64647 0.107915 5
      vertex -8.64647 0.107915 0
    endloop
  endfacet
  facet normal 0.973873 -0.227092 0
    outer loop
      vertex -8.6183 0.321898 5
      vertex -8.59378 0.427051 0
      vertex -8.59378 0.427051 5
    endloop
  endfacet
  facet normal 0.973873 -0.227092 0
    outer loop
      vertex -8.59378 0.427051 0
      vertex -8.6183 0.321898 5
      vertex -8.6183 0.321898 0
    endloop
  endfacet
  facet normal 0.84919 -0.528087 0
    outer loop
      vertex -8.42894 0.825 5
      vertex -8.37192 0.916691 0
      vertex -8.37192 0.916691 5
    endloop
  endfacet
  facet normal 0.84919 -0.528087 0
    outer loop
      vertex -8.37192 0.916691 0
      vertex -8.42894 0.825 5
      vertex -8.42894 0.825 0
    endloop
  endfacet
  facet normal 0.772983 -0.634427 0
    outer loop
      vertex -8.30903 1.00446 5
      vertex -8.24053 1.08792 0
      vertex -8.24053 1.08792 5
    endloop
  endfacet
  facet normal 0.772983 -0.634427 0
    outer loop
      vertex -8.24053 1.08792 0
      vertex -8.30903 1.00446 5
      vertex -8.30903 1.00446 0
    endloop
  endfacet
  facet normal -0.0326919 -0.999465 0
    outer loop
      vertex -7 1.65 0
      vertex -6.89208 1.64647 5
      vertex -7 1.65 5
    endloop
  endfacet
  facet normal -0.0326919 -0.999465 -0
    outer loop
      vertex -6.89208 1.64647 5
      vertex -7 1.65 0
      vertex -6.89208 1.64647 0
    endloop
  endfacet
  facet normal 0.290354 -0.956919 0
    outer loop
      vertex -7.53037 1.56243 0
      vertex -7.42705 1.59378 5
      vertex -7.53037 1.56243 5
    endloop
  endfacet
  facet normal 0.290354 -0.956919 0
    outer loop
      vertex -7.42705 1.59378 5
      vertex -7.53037 1.56243 0
      vertex -7.42705 1.59378 0
    endloop
  endfacet
  facet normal 0.162822 -0.986655 0
    outer loop
      vertex -7.3219 1.6183 0
      vertex -7.21537 1.63588 5
      vertex -7.3219 1.6183 5
    endloop
  endfacet
  facet normal 0.162822 -0.986655 0
    outer loop
      vertex -7.21537 1.63588 5
      vertex -7.3219 1.6183 0
      vertex -7.21537 1.63588 0
    endloop
  endfacet
  facet normal 0.471424 -0.881906 0
    outer loop
      vertex -7.825 1.42894 0
      vertex -7.72978 1.47984 5
      vertex -7.825 1.42894 5
    endloop
  endfacet
  facet normal 0.471424 -0.881906 0
    outer loop
      vertex -7.72978 1.47984 5
      vertex -7.825 1.42894 0
      vertex -7.72978 1.47984 0
    endloop
  endfacet
  facet normal 0.352199 -0.935925 0
    outer loop
      vertex -7.63143 1.5244 0
      vertex -7.53037 1.56243 5
      vertex -7.63143 1.5244 5
    endloop
  endfacet
  facet normal 0.352199 -0.935925 0
    outer loop
      vertex -7.53037 1.56243 5
      vertex -7.63143 1.5244 0
      vertex -7.53037 1.56243 0
    endloop
  endfacet
  facet normal 0.528091 -0.849188 0
    outer loop
      vertex -7.91669 1.37192 0
      vertex -7.825 1.42894 5
      vertex -7.91669 1.37192 5
    endloop
  endfacet
  facet normal 0.528091 -0.849188 0
    outer loop
      vertex -7.825 1.42894 5
      vertex -7.91669 1.37192 0
      vertex -7.825 1.42894 0
    endloop
  endfacet
  facet normal 0.634427 -0.772983 0
    outer loop
      vertex -8.08792 1.24053 0
      vertex -8.00446 1.30903 5
      vertex -8.08792 1.24053 5
    endloop
  endfacet
  facet normal 0.634427 -0.772983 0
    outer loop
      vertex -8.00446 1.30903 5
      vertex -8.08792 1.24053 0
      vertex -8.00446 1.30903 0
    endloop
  endfacet
  facet normal -0.986656 -0.16282 0
    outer loop
      vertex -5.36412 0.215367 0
      vertex -5.3817 0.321898 5
      vertex -5.3817 0.321898 0
    endloop
  endfacet
  facet normal -0.986656 -0.16282 0
    outer loop
      vertex -5.3817 0.321898 5
      vertex -5.36412 0.215367 0
      vertex -5.36412 0.215367 5
    endloop
  endfacet
  facet normal -0.956948 -0.290259 0
    outer loop
      vertex -5.40622 0.427051 0
      vertex -5.43756 0.530375 5
      vertex -5.43756 0.530375 0
    endloop
  endfacet
  facet normal -0.956948 -0.290259 0
    outer loop
      vertex -5.43756 0.530375 5
      vertex -5.40622 0.427051 0
      vertex -5.40622 0.427051 5
    endloop
  endfacet
  facet normal -0.881917 -0.471405 0
    outer loop
      vertex -5.52016 0.729775 0
      vertex -5.57106 0.825 5
      vertex -5.57106 0.825 0
    endloop
  endfacet
  facet normal -0.881917 -0.471405 0
    outer loop
      vertex -5.57106 0.825 5
      vertex -5.52016 0.729775 0
      vertex -5.52016 0.729775 5
    endloop
  endfacet
  facet normal -0.812822 -0.582512 0
    outer loop
      vertex -5.62807 0.916691 0
      vertex -5.69097 1.00446 5
      vertex -5.69097 1.00446 0
    endloop
  endfacet
  facet normal -0.812822 -0.582512 0
    outer loop
      vertex -5.69097 1.00446 5
      vertex -5.62807 0.916691 0
      vertex -5.62807 0.916691 5
    endloop
  endfacet
  facet normal -0.227098 -0.973872 0
    outer loop
      vertex -6.6781 1.6183 0
      vertex -6.57295 1.59378 5
      vertex -6.6781 1.6183 5
    endloop
  endfacet
  facet normal -0.227098 -0.973872 -0
    outer loop
      vertex -6.57295 1.59378 5
      vertex -6.6781 1.6183 0
      vertex -6.57295 1.59378 0
    endloop
  endfacet
  facet normal -0.35223 -0.935914 0
    outer loop
      vertex -6.46962 1.56243 0
      vertex -6.36857 1.5244 5
      vertex -6.46962 1.56243 5
    endloop
  endfacet
  facet normal -0.35223 -0.935914 -0
    outer loop
      vertex -6.36857 1.5244 5
      vertex -6.46962 1.56243 0
      vertex -6.36857 1.5244 0
    endloop
  endfacet
  facet normal -0.162822 -0.986655 0
    outer loop
      vertex -6.78463 1.63588 0
      vertex -6.6781 1.6183 5
      vertex -6.78463 1.63588 5
    endloop
  endfacet
  facet normal -0.162822 -0.986655 -0
    outer loop
      vertex -6.6781 1.6183 5
      vertex -6.78463 1.63588 0
      vertex -6.6781 1.6183 0
    endloop
  endfacet
  facet normal -0.528091 -0.849188 0
    outer loop
      vertex -6.175 1.42894 0
      vertex -6.08331 1.37192 5
      vertex -6.175 1.42894 5
    endloop
  endfacet
  facet normal -0.528091 -0.849188 -0
    outer loop
      vertex -6.08331 1.37192 5
      vertex -6.175 1.42894 0
      vertex -6.08331 1.37192 0
    endloop
  endfacet
  facet normal -0.412693 -0.91087 0
    outer loop
      vertex -6.36857 1.5244 0
      vertex -6.27022 1.47984 5
      vertex -6.36857 1.5244 5
    endloop
  endfacet
  facet normal -0.412693 -0.91087 -0
    outer loop
      vertex -6.27022 1.47984 5
      vertex -6.36857 1.5244 0
      vertex -6.27022 1.47984 0
    endloop
  endfacet
  facet normal -0.634427 -0.772983 0
    outer loop
      vertex -5.99554 1.30903 0
      vertex -5.91208 1.24053 5
      vertex -5.99554 1.30903 5
    endloop
  endfacet
  facet normal -0.634427 -0.772983 -0
    outer loop
      vertex -5.91208 1.24053 5
      vertex -5.99554 1.30903 0
      vertex -5.91208 1.24053 0
    endloop
  endfacet
  facet normal -0.683525 -0.729927 0
    outer loop
      vertex -5.91208 1.24053 0
      vertex -5.83327 1.16673 5
      vertex -5.91208 1.24053 5
    endloop
  endfacet
  facet normal -0.683525 -0.729927 -0
    outer loop
      vertex -5.83327 1.16673 5
      vertex -5.91208 1.24053 0
      vertex -5.83327 1.16673 0
    endloop
  endfacet
  facet normal 0.999465 -0.0326934 0
    outer loop
      vertex -8.65 0 5
      vertex -8.64647 0.107915 0
      vertex -8.64647 0.107915 5
    endloop
  endfacet
  facet normal 0.999465 -0.0326934 0
    outer loop
      vertex -8.64647 0.107915 0
      vertex -8.65 0 5
      vertex -8.65 0 0
    endloop
  endfacet
  facet normal 0.999465 0.0326934 0
    outer loop
      vertex -8.64647 -0.107915 5
      vertex -8.65 0 0
      vertex -8.65 0 5
    endloop
  endfacet
  facet normal 0.999465 0.0326934 0
    outer loop
      vertex -8.65 0 0
      vertex -8.64647 -0.107915 5
      vertex -8.64647 -0.107915 0
    endloop
  endfacet
  facet normal 0.986656 0.16282 0
    outer loop
      vertex -8.6183 -0.321898 5
      vertex -8.63588 -0.215367 0
      vertex -8.63588 -0.215367 5
    endloop
  endfacet
  facet normal 0.986656 0.16282 0
    outer loop
      vertex -8.63588 -0.215367 0
      vertex -8.6183 -0.321898 5
      vertex -8.6183 -0.321898 0
    endloop
  endfacet
  facet normal 0.881917 0.471405 0
    outer loop
      vertex -8.42894 -0.825 5
      vertex -8.47984 -0.729775 0
      vertex -8.47984 -0.729775 5
    endloop
  endfacet
  facet normal 0.881917 0.471405 0
    outer loop
      vertex -8.47984 -0.729775 0
      vertex -8.42894 -0.825 5
      vertex -8.42894 -0.825 0
    endloop
  endfacet
  facet normal -0.35223 0.935914 0
    outer loop
      vertex -6.36857 -1.5244 0
      vertex -6.46962 -1.56243 5
      vertex -6.36857 -1.5244 5
    endloop
  endfacet
  facet normal -0.35223 0.935914 0
    outer loop
      vertex -6.46962 -1.56243 5
      vertex -6.36857 -1.5244 0
      vertex -6.46962 -1.56243 0
    endloop
  endfacet
  facet normal 0.032695 0.999465 -0
    outer loop
      vertex -7 -1.65 0
      vertex -7.10791 -1.64647 5
      vertex -7 -1.65 5
    endloop
  endfacet
  facet normal 0.032695 0.999465 0
    outer loop
      vertex -7.10791 -1.64647 5
      vertex -7 -1.65 0
      vertex -7.10791 -1.64647 0
    endloop
  endfacet
  facet normal -0.935885 0.352305 0
    outer loop
      vertex -5.4756 -0.631427 0
      vertex -5.43756 -0.530375 5
      vertex -5.43756 -0.530375 0
    endloop
  endfacet
  facet normal -0.935885 0.352305 0
    outer loop
      vertex -5.43756 -0.530375 5
      vertex -5.4756 -0.631427 0
      vertex -5.4756 -0.631427 5
    endloop
  endfacet
  facet normal 0.352199 0.935925 -0
    outer loop
      vertex -7.53037 -1.56243 0
      vertex -7.63143 -1.5244 5
      vertex -7.53037 -1.56243 5
    endloop
  endfacet
  facet normal 0.352199 0.935925 0
    outer loop
      vertex -7.63143 -1.5244 5
      vertex -7.53037 -1.56243 0
      vertex -7.63143 -1.5244 0
    endloop
  endfacet
  facet normal 0.290354 0.956919 -0
    outer loop
      vertex -7.42705 -1.59378 0
      vertex -7.53037 -1.56243 5
      vertex -7.42705 -1.59378 5
    endloop
  endfacet
  facet normal 0.290354 0.956919 0
    outer loop
      vertex -7.53037 -1.56243 5
      vertex -7.42705 -1.59378 0
      vertex -7.53037 -1.56243 0
    endloop
  endfacet
  facet normal 0.412693 0.91087 -0
    outer loop
      vertex -7.63143 -1.5244 0
      vertex -7.72978 -1.47984 5
      vertex -7.63143 -1.5244 5
    endloop
  endfacet
  facet normal 0.412693 0.91087 0
    outer loop
      vertex -7.72978 -1.47984 5
      vertex -7.63143 -1.5244 0
      vertex -7.72978 -1.47984 0
    endloop
  endfacet
  facet normal 0.910867 -0.4127 0
    outer loop
      vertex -8.5244 0.631427 5
      vertex -8.47984 0.729775 0
      vertex -8.47984 0.729775 5
    endloop
  endfacet
  facet normal 0.910867 -0.4127 0
    outer loop
      vertex -8.47984 0.729775 0
      vertex -8.5244 0.631427 5
      vertex -8.5244 0.631427 0
    endloop
  endfacet
  facet normal 0.935916 -0.352223 0
    outer loop
      vertex -8.56243 0.530375 5
      vertex -8.5244 0.631427 0
      vertex -8.5244 0.631427 5
    endloop
  endfacet
  facet normal 0.935916 -0.352223 0
    outer loop
      vertex -8.5244 0.631427 0
      vertex -8.56243 0.530375 5
      vertex -8.56243 0.530375 0
    endloop
  endfacet
  facet normal 0.812866 -0.582451 0
    outer loop
      vertex -8.37192 0.916691 5
      vertex -8.30903 1.00446 0
      vertex -8.30903 1.00446 5
    endloop
  endfacet
  facet normal 0.812866 -0.582451 0
    outer loop
      vertex -8.30903 1.00446 0
      vertex -8.37192 0.916691 5
      vertex -8.37192 0.916691 0
    endloop
  endfacet
  facet normal 0.729927 -0.683525 0
    outer loop
      vertex -8.24053 1.08792 5
      vertex -8.16673 1.16673 0
      vertex -8.16673 1.16673 5
    endloop
  endfacet
  facet normal 0.729927 -0.683525 0
    outer loop
      vertex -8.16673 1.16673 0
      vertex -8.24053 1.08792 5
      vertex -8.24053 1.08792 0
    endloop
  endfacet
  facet normal 0.227098 -0.973872 0
    outer loop
      vertex -7.42705 1.59378 0
      vertex -7.3219 1.6183 5
      vertex -7.42705 1.59378 5
    endloop
  endfacet
  facet normal 0.227098 -0.973872 0
    outer loop
      vertex -7.3219 1.6183 5
      vertex -7.42705 1.59378 0
      vertex -7.3219 1.6183 0
    endloop
  endfacet
  facet normal 0.412693 -0.91087 0
    outer loop
      vertex -7.72978 1.47984 0
      vertex -7.63143 1.5244 5
      vertex -7.72978 1.47984 5
    endloop
  endfacet
  facet normal 0.412693 -0.91087 0
    outer loop
      vertex -7.63143 1.5244 5
      vertex -7.72978 1.47984 0
      vertex -7.63143 1.5244 0
    endloop
  endfacet
  facet normal -0.995178 -0.0980804 0
    outer loop
      vertex -5.35353 0.107915 0
      vertex -5.36412 0.215367 5
      vertex -5.36412 0.215367 0
    endloop
  endfacet
  facet normal -0.995178 -0.0980804 0
    outer loop
      vertex -5.36412 0.215367 5
      vertex -5.35353 0.107915 0
      vertex -5.35353 0.107915 5
    endloop
  endfacet
  facet normal -0.773028 -0.634372 0
    outer loop
      vertex -5.69097 1.00446 0
      vertex -5.75946 1.08792 5
      vertex -5.75946 1.08792 0
    endloop
  endfacet
  facet normal -0.773028 -0.634372 0
    outer loop
      vertex -5.75946 1.08792 5
      vertex -5.69097 1.00446 0
      vertex -5.69097 1.00446 5
    endloop
  endfacet
  facet normal -0.290329 -0.956927 0
    outer loop
      vertex -6.57295 1.59378 0
      vertex -6.46962 1.56243 5
      vertex -6.57295 1.59378 5
    endloop
  endfacet
  facet normal -0.290329 -0.956927 -0
    outer loop
      vertex -6.46962 1.56243 5
      vertex -6.57295 1.59378 0
      vertex -6.46962 1.56243 0
    endloop
  endfacet
  facet normal -0.471424 -0.881906 0
    outer loop
      vertex -6.27022 1.47984 0
      vertex -6.175 1.42894 5
      vertex -6.27022 1.47984 5
    endloop
  endfacet
  facet normal -0.471424 -0.881906 -0
    outer loop
      vertex -6.175 1.42894 5
      vertex -6.27022 1.47984 0
      vertex -6.175 1.42894 0
    endloop
  endfacet
  facet normal 0.956922 0.290344 0
    outer loop
      vertex -8.56243 -0.530375 5
      vertex -8.59378 -0.427051 0
      vertex -8.59378 -0.427051 5
    endloop
  endfacet
  facet normal 0.956922 0.290344 0
    outer loop
      vertex -8.59378 -0.427051 0
      vertex -8.56243 -0.530375 5
      vertex -8.56243 -0.530375 0
    endloop
  endfacet
  facet normal 0.995178 0.0980804 0
    outer loop
      vertex -8.63588 -0.215367 5
      vertex -8.64647 -0.107915 0
      vertex -8.64647 -0.107915 5
    endloop
  endfacet
  facet normal 0.995178 0.0980804 0
    outer loop
      vertex -8.64647 -0.107915 0
      vertex -8.63588 -0.215367 5
      vertex -8.63588 -0.215367 0
    endloop
  endfacet
  facet normal 0.582447 0.812869 -0
    outer loop
      vertex -7.91669 -1.37192 0
      vertex -8.00446 -1.30903 5
      vertex -7.91669 -1.37192 5
    endloop
  endfacet
  facet normal 0.582447 0.812869 0
    outer loop
      vertex -8.00446 -1.30903 5
      vertex -7.91669 -1.37192 0
      vertex -8.00446 -1.30903 0
    endloop
  endfacet
  facet normal 0.84919 0.528087 0
    outer loop
      vertex -8.37192 -0.916691 5
      vertex -8.42894 -0.825 0
      vertex -8.42894 -0.825 5
    endloop
  endfacet
  facet normal 0.84919 0.528087 0
    outer loop
      vertex -8.42894 -0.825 0
      vertex -8.37192 -0.916691 5
      vertex -8.37192 -0.916691 0
    endloop
  endfacet
  facet normal 0.910867 0.4127 0
    outer loop
      vertex -8.47984 -0.729775 5
      vertex -8.5244 -0.631427 0
      vertex -8.5244 -0.631427 5
    endloop
  endfacet
  facet normal 0.910867 0.4127 0
    outer loop
      vertex -8.5244 -0.631427 0
      vertex -8.47984 -0.729775 5
      vertex -8.47984 -0.729775 0
    endloop
  endfacet
  facet normal -0.528091 0.849188 0
    outer loop
      vertex -6.08331 -1.37192 0
      vertex -6.175 -1.42894 5
      vertex -6.08331 -1.37192 5
    endloop
  endfacet
  facet normal -0.528091 0.849188 0
    outer loop
      vertex -6.175 -1.42894 5
      vertex -6.08331 -1.37192 0
      vertex -6.175 -1.42894 0
    endloop
  endfacet
  facet normal -0.986656 0.16282 0
    outer loop
      vertex -5.3817 -0.321898 0
      vertex -5.36412 -0.215367 5
      vertex -5.36412 -0.215367 0
    endloop
  endfacet
  facet normal -0.986656 0.16282 0
    outer loop
      vertex -5.36412 -0.215367 5
      vertex -5.3817 -0.321898 0
      vertex -5.3817 -0.321898 5
    endloop
  endfacet
  facet normal -0.999465 0.0326934 0
    outer loop
      vertex -5.35353 -0.107915 0
      vertex -5.35 0 5
      vertex -5.35 0 0
    endloop
  endfacet
  facet normal -0.999465 0.0326934 0
    outer loop
      vertex -5.35 0 5
      vertex -5.35353 -0.107915 0
      vertex -5.35353 -0.107915 5
    endloop
  endfacet
  facet normal -0.849232 0.52802 0
    outer loop
      vertex -5.62807 -0.916691 0
      vertex -5.57106 -0.825 5
      vertex -5.57106 -0.825 0
    endloop
  endfacet
  facet normal -0.849232 0.52802 0
    outer loop
      vertex -5.57106 -0.825 5
      vertex -5.62807 -0.916691 0
      vertex -5.62807 -0.916691 5
    endloop
  endfacet
  facet normal -0.812822 0.582512 0
    outer loop
      vertex -5.69097 -1.00446 0
      vertex -5.62807 -0.916691 5
      vertex -5.62807 -0.916691 0
    endloop
  endfacet
  facet normal -0.812822 0.582512 0
    outer loop
      vertex -5.62807 -0.916691 5
      vertex -5.69097 -1.00446 0
      vertex -5.69097 -1.00446 5
    endloop
  endfacet
  facet normal -0.729881 0.683574 0
    outer loop
      vertex -5.83327 -1.16673 0
      vertex -5.75946 -1.08792 5
      vertex -5.75946 -1.08792 0
    endloop
  endfacet
  facet normal -0.729881 0.683574 0
    outer loop
      vertex -5.75946 -1.08792 5
      vertex -5.83327 -1.16673 0
      vertex -5.83327 -1.16673 5
    endloop
  endfacet
  facet normal 0.162822 0.986655 -0
    outer loop
      vertex -7.21537 -1.63588 0
      vertex -7.3219 -1.6183 5
      vertex -7.21537 -1.63588 5
    endloop
  endfacet
  facet normal 0.162822 0.986655 0
    outer loop
      vertex -7.3219 -1.6183 5
      vertex -7.21537 -1.63588 0
      vertex -7.3219 -1.6183 0
    endloop
  endfacet
  facet normal 0.0980732 0.995179 -0
    outer loop
      vertex -7.10791 -1.64647 0
      vertex -7.21537 -1.63588 5
      vertex -7.10791 -1.64647 5
    endloop
  endfacet
  facet normal 0.0980732 0.995179 0
    outer loop
      vertex -7.21537 -1.63588 5
      vertex -7.10791 -1.64647 0
      vertex -7.21537 -1.63588 0
    endloop
  endfacet
  facet normal 0.729927 0.683525 0
    outer loop
      vertex -8.16673 -1.16673 5
      vertex -8.24053 -1.08792 0
      vertex -8.24053 -1.08792 5
    endloop
  endfacet
  facet normal 0.729927 0.683525 0
    outer loop
      vertex -8.24053 -1.08792 0
      vertex -8.16673 -1.16673 5
      vertex -8.16673 -1.16673 0
    endloop
  endfacet
  facet normal 0.634427 0.772983 -0
    outer loop
      vertex -8.00446 -1.30903 0
      vertex -8.08792 -1.24053 5
      vertex -8.00446 -1.30903 5
    endloop
  endfacet
  facet normal 0.634427 0.772983 0
    outer loop
      vertex -8.08792 -1.24053 5
      vertex -8.00446 -1.30903 0
      vertex -8.08792 -1.24053 0
    endloop
  endfacet
  facet normal 0.812866 0.582451 0
    outer loop
      vertex -8.30903 -1.00446 5
      vertex -8.37192 -0.916691 0
      vertex -8.37192 -0.916691 5
    endloop
  endfacet
  facet normal 0.812866 0.582451 0
    outer loop
      vertex -8.37192 -0.916691 0
      vertex -8.30903 -1.00446 5
      vertex -8.30903 -1.00446 0
    endloop
  endfacet
  facet normal 0.772983 0.634427 0
    outer loop
      vertex -8.24053 -1.08792 5
      vertex -8.30903 -1.00446 0
      vertex -8.30903 -1.00446 5
    endloop
  endfacet
  facet normal 0.772983 0.634427 0
    outer loop
      vertex -8.30903 -1.00446 0
      vertex -8.24053 -1.08792 5
      vertex -8.24053 -1.08792 0
    endloop
  endfacet
  facet normal -0.634427 0.772983 0
    outer loop
      vertex -5.91208 -1.24053 0
      vertex -5.99554 -1.30903 5
      vertex -5.91208 -1.24053 5
    endloop
  endfacet
  facet normal -0.634427 0.772983 0
    outer loop
      vertex -5.99554 -1.30903 5
      vertex -5.91208 -1.24053 0
      vertex -5.99554 -1.30903 0
    endloop
  endfacet
  facet normal -0.0326919 0.999465 0
    outer loop
      vertex -6.89208 -1.64647 0
      vertex -7 -1.65 5
      vertex -6.89208 -1.64647 5
    endloop
  endfacet
  facet normal -0.0326919 0.999465 0
    outer loop
      vertex -7 -1.65 5
      vertex -6.89208 -1.64647 0
      vertex -7 -1.65 0
    endloop
  endfacet
  facet normal -0.0980823 0.995178 0
    outer loop
      vertex -6.78463 -1.63588 0
      vertex -6.89208 -1.64647 5
      vertex -6.78463 -1.63588 5
    endloop
  endfacet
  facet normal -0.0980823 0.995178 0
    outer loop
      vertex -6.89208 -1.64647 5
      vertex -6.78463 -1.63588 0
      vertex -6.89208 -1.64647 0
    endloop
  endfacet
  facet normal -0.582447 0.812869 0
    outer loop
      vertex -5.99554 -1.30903 0
      vertex -6.08331 -1.37192 5
      vertex -5.99554 -1.30903 5
    endloop
  endfacet
  facet normal -0.582447 0.812869 0
    outer loop
      vertex -6.08331 -1.37192 5
      vertex -5.99554 -1.30903 0
      vertex -6.08331 -1.37192 0
    endloop
  endfacet
  facet normal -0.412693 0.91087 0
    outer loop
      vertex -6.27022 -1.47984 0
      vertex -6.36857 -1.5244 5
      vertex -6.27022 -1.47984 5
    endloop
  endfacet
  facet normal -0.412693 0.91087 0
    outer loop
      vertex -6.36857 -1.5244 5
      vertex -6.27022 -1.47984 0
      vertex -6.36857 -1.5244 0
    endloop
  endfacet
  facet normal -0.471424 0.881906 0
    outer loop
      vertex -6.175 -1.42894 0
      vertex -6.27022 -1.47984 5
      vertex -6.175 -1.42894 5
    endloop
  endfacet
  facet normal -0.471424 0.881906 0
    outer loop
      vertex -6.27022 -1.47984 5
      vertex -6.175 -1.42894 0
      vertex -6.27022 -1.47984 0
    endloop
  endfacet
  facet normal -0.290329 0.956927 0
    outer loop
      vertex -6.46962 -1.56243 0
      vertex -6.57295 -1.59378 5
      vertex -6.46962 -1.56243 5
    endloop
  endfacet
  facet normal -0.290329 0.956927 0
    outer loop
      vertex -6.57295 -1.59378 5
      vertex -6.46962 -1.56243 0
      vertex -6.57295 -1.59378 0
    endloop
  endfacet
  facet normal -0.995178 0.0980804 0
    outer loop
      vertex -5.36412 -0.215367 0
      vertex -5.35353 -0.107915 5
      vertex -5.35353 -0.107915 0
    endloop
  endfacet
  facet normal -0.995178 0.0980804 0
    outer loop
      vertex -5.35353 -0.107915 5
      vertex -5.36412 -0.215367 0
      vertex -5.36412 -0.215367 5
    endloop
  endfacet
  facet normal -0.956948 0.290259 0
    outer loop
      vertex -5.43756 -0.530375 0
      vertex -5.40622 -0.427051 5
      vertex -5.40622 -0.427051 0
    endloop
  endfacet
  facet normal -0.956948 0.290259 0
    outer loop
      vertex -5.40622 -0.427051 5
      vertex -5.43756 -0.530375 0
      vertex -5.43756 -0.530375 5
    endloop
  endfacet
  facet normal -0.973873 0.227092 0
    outer loop
      vertex -5.40622 -0.427051 0
      vertex -5.3817 -0.321898 5
      vertex -5.3817 -0.321898 0
    endloop
  endfacet
  facet normal -0.973873 0.227092 0
    outer loop
      vertex -5.3817 -0.321898 5
      vertex -5.40622 -0.427051 0
      vertex -5.40622 -0.427051 5
    endloop
  endfacet
  facet normal -0.881917 0.471405 0
    outer loop
      vertex -5.57106 -0.825 0
      vertex -5.52016 -0.729775 5
      vertex -5.52016 -0.729775 0
    endloop
  endfacet
  facet normal -0.881917 0.471405 0
    outer loop
      vertex -5.52016 -0.729775 5
      vertex -5.57106 -0.825 0
      vertex -5.57106 -0.825 5
    endloop
  endfacet
  facet normal -0.910867 0.4127 0
    outer loop
      vertex -5.52016 -0.729775 0
      vertex -5.4756 -0.631427 5
      vertex -5.4756 -0.631427 0
    endloop
  endfacet
  facet normal -0.910867 0.4127 0
    outer loop
      vertex -5.4756 -0.631427 5
      vertex -5.52016 -0.729775 0
      vertex -5.52016 -0.729775 5
    endloop
  endfacet
  facet normal -0.773028 0.634372 0
    outer loop
      vertex -5.75946 -1.08792 0
      vertex -5.69097 -1.00446 5
      vertex -5.69097 -1.00446 0
    endloop
  endfacet
  facet normal -0.773028 0.634372 0
    outer loop
      vertex -5.69097 -1.00446 5
      vertex -5.75946 -1.08792 0
      vertex -5.75946 -1.08792 5
    endloop
  endfacet
  facet normal 0.227098 0.973872 -0
    outer loop
      vertex -7.3219 -1.6183 0
      vertex -7.42705 -1.59378 5
      vertex -7.3219 -1.6183 5
    endloop
  endfacet
  facet normal 0.227098 0.973872 0
    outer loop
      vertex -7.42705 -1.59378 5
      vertex -7.3219 -1.6183 0
      vertex -7.42705 -1.59378 0
    endloop
  endfacet
  facet normal 0.683525 0.729927 -0
    outer loop
      vertex -8.08792 -1.24053 0
      vertex -8.16673 -1.16673 5
      vertex -8.08792 -1.24053 5
    endloop
  endfacet
  facet normal 0.683525 0.729927 0
    outer loop
      vertex -8.16673 -1.16673 5
      vertex -8.08792 -1.24053 0
      vertex -8.16673 -1.16673 0
    endloop
  endfacet
  facet normal 0.528091 0.849188 -0
    outer loop
      vertex -7.825 -1.42894 0
      vertex -7.91669 -1.37192 5
      vertex -7.825 -1.42894 5
    endloop
  endfacet
  facet normal 0.528091 0.849188 0
    outer loop
      vertex -7.91669 -1.37192 5
      vertex -7.825 -1.42894 0
      vertex -7.91669 -1.37192 0
    endloop
  endfacet
  facet normal 0.471424 0.881906 -0
    outer loop
      vertex -7.72978 -1.47984 0
      vertex -7.825 -1.42894 5
      vertex -7.72978 -1.47984 5
    endloop
  endfacet
  facet normal 0.471424 0.881906 0
    outer loop
      vertex -7.825 -1.42894 5
      vertex -7.72978 -1.47984 0
      vertex -7.825 -1.42894 0
    endloop
  endfacet
  facet normal -0.227098 0.973872 0
    outer loop
      vertex -6.57295 -1.59378 0
      vertex -6.6781 -1.6183 5
      vertex -6.57295 -1.59378 5
    endloop
  endfacet
  facet normal -0.227098 0.973872 0
    outer loop
      vertex -6.6781 -1.6183 5
      vertex -6.57295 -1.59378 0
      vertex -6.6781 -1.6183 0
    endloop
  endfacet
  facet normal -0.162822 0.986655 0
    outer loop
      vertex -6.6781 -1.6183 0
      vertex -6.78463 -1.63588 5
      vertex -6.6781 -1.6183 5
    endloop
  endfacet
  facet normal -0.162822 0.986655 0
    outer loop
      vertex -6.78463 -1.63588 5
      vertex -6.6781 -1.6183 0
      vertex -6.78463 -1.63588 0
    endloop
  endfacet
  facet normal -0.471405 -0.881917 0
    outer loop
      vertex 0.729775 8.47984 0
      vertex 0.825 8.42894 5
      vertex 0.729775 8.47984 5
    endloop
  endfacet
  facet normal -0.471405 -0.881917 -0
    outer loop
      vertex 0.825 8.42894 5
      vertex 0.729775 8.47984 0
      vertex 0.825 8.42894 0
    endloop
  endfacet
  facet normal -0.935914 0.35223 0
    outer loop
      vertex 1.5244 6.36857 0
      vertex 1.56243 6.46962 5
      vertex 1.56243 6.46962 0
    endloop
  endfacet
  facet normal -0.935914 0.35223 0
    outer loop
      vertex 1.56243 6.46962 5
      vertex 1.5244 6.36857 0
      vertex 1.5244 6.36857 5
    endloop
  endfacet
  facet normal -0.4127 0.910867 0
    outer loop
      vertex 0.729775 5.52016 0
      vertex 0.631427 5.4756 5
      vertex 0.729775 5.52016 5
    endloop
  endfacet
  facet normal -0.4127 0.910867 0
    outer loop
      vertex 0.631427 5.4756 5
      vertex 0.729775 5.52016 0
      vertex 0.631427 5.4756 0
    endloop
  endfacet
  facet normal -0.995179 -0.0980732 0
    outer loop
      vertex 1.64647 7.10791 0
      vertex 1.63588 7.21537 5
      vertex 1.63588 7.21537 0
    endloop
  endfacet
  facet normal -0.995179 -0.0980732 0
    outer loop
      vertex 1.63588 7.21537 5
      vertex 1.64647 7.10791 0
      vertex 1.64647 7.10791 5
    endloop
  endfacet
  facet normal -0.683574 0.729881 0
    outer loop
      vertex 1.16673 5.83327 0
      vertex 1.08792 5.75946 5
      vertex 1.16673 5.83327 5
    endloop
  endfacet
  facet normal -0.683574 0.729881 0
    outer loop
      vertex 1.08792 5.75946 5
      vertex 1.16673 5.83327 0
      vertex 1.08792 5.75946 0
    endloop
  endfacet
  facet normal -0.986655 0.162822 0
    outer loop
      vertex 1.6183 6.6781 0
      vertex 1.63588 6.78463 5
      vertex 1.63588 6.78463 0
    endloop
  endfacet
  facet normal -0.986655 0.162822 0
    outer loop
      vertex 1.63588 6.78463 5
      vertex 1.6183 6.6781 0
      vertex 1.6183 6.6781 5
    endloop
  endfacet
  facet normal 0.881906 -0.471424 0
    outer loop
      vertex -1.47984 7.72978 5
      vertex -1.42894 7.825 0
      vertex -1.42894 7.825 5
    endloop
  endfacet
  facet normal 0.881906 -0.471424 0
    outer loop
      vertex -1.42894 7.825 0
      vertex -1.47984 7.72978 5
      vertex -1.47984 7.72978 0
    endloop
  endfacet
  facet normal 0.729927 0.683525 0
    outer loop
      vertex -1.16673 5.83327 5
      vertex -1.24053 5.91208 0
      vertex -1.24053 5.91208 5
    endloop
  endfacet
  facet normal 0.729927 0.683525 0
    outer loop
      vertex -1.24053 5.91208 0
      vertex -1.16673 5.83327 5
      vertex -1.16673 5.83327 0
    endloop
  endfacet
  facet normal -0.290344 -0.956922 0
    outer loop
      vertex 0.427051 8.59378 0
      vertex 0.530375 8.56243 5
      vertex 0.427051 8.59378 5
    endloop
  endfacet
  facet normal -0.290344 -0.956922 -0
    outer loop
      vertex 0.530375 8.56243 5
      vertex 0.427051 8.59378 0
      vertex 0.530375 8.56243 0
    endloop
  endfacet
  facet normal -0.729927 -0.683525 0
    outer loop
      vertex 1.24053 8.08792 0
      vertex 1.16673 8.16673 5
      vertex 1.16673 8.16673 0
    endloop
  endfacet
  facet normal -0.729927 -0.683525 0
    outer loop
      vertex 1.16673 8.16673 5
      vertex 1.24053 8.08792 0
      vertex 1.24053 8.08792 5
    endloop
  endfacet
  facet normal -0.999465 0.0326919 0
    outer loop
      vertex 1.64647 6.89208 0
      vertex 1.65 7 5
      vertex 1.65 7 0
    endloop
  endfacet
  facet normal -0.999465 0.0326919 0
    outer loop
      vertex 1.65 7 5
      vertex 1.64647 6.89208 0
      vertex 1.64647 6.89208 5
    endloop
  endfacet
  facet normal -0.0326934 0.999465 0
    outer loop
      vertex 0.107915 5.35353 0
      vertex 0 5.35 5
      vertex 0.107915 5.35353 5
    endloop
  endfacet
  facet normal -0.0326934 0.999465 0
    outer loop
      vertex 0 5.35 5
      vertex 0.107915 5.35353 0
      vertex 0 5.35 0
    endloop
  endfacet
  facet normal -0.352305 0.935885 0
    outer loop
      vertex 0.631427 5.4756 0
      vertex 0.530375 5.43756 5
      vertex 0.631427 5.4756 5
    endloop
  endfacet
  facet normal -0.352305 0.935885 0
    outer loop
      vertex 0.530375 5.43756 5
      vertex 0.631427 5.4756 0
      vertex 0.530375 5.43756 0
    endloop
  endfacet
  facet normal -0.227092 0.973873 0
    outer loop
      vertex 0.427051 5.40622 0
      vertex 0.321898 5.3817 5
      vertex 0.427051 5.40622 5
    endloop
  endfacet
  facet normal -0.227092 0.973873 0
    outer loop
      vertex 0.321898 5.3817 5
      vertex 0.427051 5.40622 0
      vertex 0.321898 5.3817 0
    endloop
  endfacet
  facet normal -0.52802 0.849232 0
    outer loop
      vertex 0.916691 5.62807 0
      vertex 0.825 5.57106 5
      vertex 0.916691 5.62807 5
    endloop
  endfacet
  facet normal -0.52802 0.849232 0
    outer loop
      vertex 0.825 5.57106 5
      vertex 0.916691 5.62807 0
      vertex 0.825 5.57106 0
    endloop
  endfacet
  facet normal -0.582512 0.812822 0
    outer loop
      vertex 1.00446 5.69097 0
      vertex 0.916691 5.62807 5
      vertex 1.00446 5.69097 5
    endloop
  endfacet
  facet normal -0.582512 0.812822 0
    outer loop
      vertex 0.916691 5.62807 5
      vertex 1.00446 5.69097 0
      vertex 0.916691 5.62807 0
    endloop
  endfacet
  facet normal -0.995178 0.0980823 0
    outer loop
      vertex 1.63588 6.78463 0
      vertex 1.64647 6.89208 5
      vertex 1.64647 6.89208 0
    endloop
  endfacet
  facet normal -0.995178 0.0980823 0
    outer loop
      vertex 1.64647 6.89208 5
      vertex 1.63588 6.78463 0
      vertex 1.63588 6.78463 5
    endloop
  endfacet
  facet normal -0.849188 0.528091 0
    outer loop
      vertex 1.37192 6.08331 0
      vertex 1.42894 6.175 5
      vertex 1.42894 6.175 0
    endloop
  endfacet
  facet normal -0.849188 0.528091 0
    outer loop
      vertex 1.42894 6.175 5
      vertex 1.37192 6.08331 0
      vertex 1.37192 6.08331 5
    endloop
  endfacet
  facet normal -0.812869 0.582447 0
    outer loop
      vertex 1.30903 5.99554 0
      vertex 1.37192 6.08331 5
      vertex 1.37192 6.08331 0
    endloop
  endfacet
  facet normal -0.812869 0.582447 0
    outer loop
      vertex 1.37192 6.08331 5
      vertex 1.30903 5.99554 0
      vertex 1.30903 5.99554 5
    endloop
  endfacet
  facet normal -0.881906 0.471424 0
    outer loop
      vertex 1.42894 6.175 0
      vertex 1.47984 6.27022 5
      vertex 1.47984 6.27022 0
    endloop
  endfacet
  facet normal -0.881906 0.471424 0
    outer loop
      vertex 1.47984 6.27022 5
      vertex 1.42894 6.175 0
      vertex 1.42894 6.175 5
    endloop
  endfacet
  facet normal -0.0326934 -0.999465 0
    outer loop
      vertex 0 8.65 0
      vertex 0.107915 8.64647 5
      vertex 0 8.65 5
    endloop
  endfacet
  facet normal -0.0326934 -0.999465 -0
    outer loop
      vertex 0.107915 8.64647 5
      vertex 0 8.65 0
      vertex 0.107915 8.64647 0
    endloop
  endfacet
  facet normal 0.0980804 -0.995178 0
    outer loop
      vertex -0.215367 8.63588 0
      vertex -0.107915 8.64647 5
      vertex -0.215367 8.63588 5
    endloop
  endfacet
  facet normal 0.0980804 -0.995178 0
    outer loop
      vertex -0.107915 8.64647 5
      vertex -0.215367 8.63588 0
      vertex -0.107915 8.64647 0
    endloop
  endfacet
  facet normal 0.227092 -0.973873 0
    outer loop
      vertex -0.427051 8.59378 0
      vertex -0.321898 8.6183 5
      vertex -0.427051 8.59378 5
    endloop
  endfacet
  facet normal 0.227092 -0.973873 0
    outer loop
      vertex -0.321898 8.6183 5
      vertex -0.427051 8.59378 0
      vertex -0.321898 8.6183 0
    endloop
  endfacet
  facet normal 0.999465 -0.032695 0
    outer loop
      vertex -1.65 7 5
      vertex -1.64647 7.10791 0
      vertex -1.64647 7.10791 5
    endloop
  endfacet
  facet normal 0.999465 -0.032695 0
    outer loop
      vertex -1.64647 7.10791 0
      vertex -1.65 7 5
      vertex -1.65 7 0
    endloop
  endfacet
  facet normal -0.0980804 -0.995178 0
    outer loop
      vertex 0.107915 8.64647 0
      vertex 0.215367 8.63588 5
      vertex 0.107915 8.64647 5
    endloop
  endfacet
  facet normal -0.0980804 -0.995178 -0
    outer loop
      vertex 0.215367 8.63588 5
      vertex 0.107915 8.64647 0
      vertex 0.215367 8.63588 0
    endloop
  endfacet
  facet normal -0.352223 -0.935916 0
    outer loop
      vertex 0.530375 8.56243 0
      vertex 0.631427 8.5244 5
      vertex 0.530375 8.56243 5
    endloop
  endfacet
  facet normal -0.352223 -0.935916 -0
    outer loop
      vertex 0.631427 8.5244 5
      vertex 0.530375 8.56243 0
      vertex 0.631427 8.5244 0
    endloop
  endfacet
  facet normal -0.4127 -0.910867 0
    outer loop
      vertex 0.631427 8.5244 0
      vertex 0.729775 8.47984 5
      vertex 0.631427 8.5244 5
    endloop
  endfacet
  facet normal -0.4127 -0.910867 -0
    outer loop
      vertex 0.729775 8.47984 5
      vertex 0.631427 8.5244 0
      vertex 0.729775 8.47984 0
    endloop
  endfacet
  facet normal -0.227092 -0.973873 0
    outer loop
      vertex 0.321898 8.6183 0
      vertex 0.427051 8.59378 5
      vertex 0.321898 8.6183 5
    endloop
  endfacet
  facet normal -0.227092 -0.973873 -0
    outer loop
      vertex 0.427051 8.59378 5
      vertex 0.321898 8.6183 0
      vertex 0.427051 8.59378 0
    endloop
  endfacet
  facet normal -0.528087 -0.84919 0
    outer loop
      vertex 0.825 8.42894 0
      vertex 0.916691 8.37192 5
      vertex 0.825 8.42894 5
    endloop
  endfacet
  facet normal -0.528087 -0.84919 -0
    outer loop
      vertex 0.916691 8.37192 5
      vertex 0.825 8.42894 0
      vertex 0.916691 8.37192 0
    endloop
  endfacet
  facet normal -0.634427 -0.772983 0
    outer loop
      vertex 1.00446 8.30903 0
      vertex 1.08792 8.24053 5
      vertex 1.00446 8.30903 5
    endloop
  endfacet
  facet normal -0.634427 -0.772983 -0
    outer loop
      vertex 1.08792 8.24053 5
      vertex 1.00446 8.30903 0
      vertex 1.08792 8.24053 0
    endloop
  endfacet
  facet normal -0.956919 -0.290354 0
    outer loop
      vertex 1.59378 7.42705 0
      vertex 1.56243 7.53037 5
      vertex 1.56243 7.53037 0
    endloop
  endfacet
  facet normal -0.956919 -0.290354 0
    outer loop
      vertex 1.56243 7.53037 5
      vertex 1.59378 7.42705 0
      vertex 1.59378 7.42705 5
    endloop
  endfacet
  facet normal -0.999465 -0.032695 0
    outer loop
      vertex 1.65 7 0
      vertex 1.64647 7.10791 5
      vertex 1.64647 7.10791 0
    endloop
  endfacet
  facet normal -0.999465 -0.032695 0
    outer loop
      vertex 1.64647 7.10791 5
      vertex 1.65 7 0
      vertex 1.65 7 5
    endloop
  endfacet
  facet normal -0.986655 -0.162822 0
    outer loop
      vertex 1.63588 7.21537 0
      vertex 1.6183 7.3219 5
      vertex 1.6183 7.3219 0
    endloop
  endfacet
  facet normal -0.986655 -0.162822 0
    outer loop
      vertex 1.6183 7.3219 5
      vertex 1.63588 7.21537 0
      vertex 1.63588 7.21537 5
    endloop
  endfacet
  facet normal -0.881906 -0.471424 0
    outer loop
      vertex 1.47984 7.72978 0
      vertex 1.42894 7.825 5
      vertex 1.42894 7.825 0
    endloop
  endfacet
  facet normal -0.881906 -0.471424 0
    outer loop
      vertex 1.42894 7.825 5
      vertex 1.47984 7.72978 0
      vertex 1.47984 7.72978 5
    endloop
  endfacet
  facet normal -0.935925 -0.352199 0
    outer loop
      vertex 1.56243 7.53037 0
      vertex 1.5244 7.63143 5
      vertex 1.5244 7.63143 0
    endloop
  endfacet
  facet normal -0.935925 -0.352199 0
    outer loop
      vertex 1.5244 7.63143 5
      vertex 1.56243 7.53037 0
      vertex 1.56243 7.53037 5
    endloop
  endfacet
  facet normal -0.849188 -0.528091 0
    outer loop
      vertex 1.42894 7.825 0
      vertex 1.37192 7.91669 5
      vertex 1.37192 7.91669 0
    endloop
  endfacet
  facet normal -0.849188 -0.528091 0
    outer loop
      vertex 1.37192 7.91669 5
      vertex 1.42894 7.825 0
      vertex 1.42894 7.825 5
    endloop
  endfacet
  facet normal -0.772983 -0.634427 0
    outer loop
      vertex 1.30903 8.00446 0
      vertex 1.24053 8.08792 5
      vertex 1.24053 8.08792 0
    endloop
  endfacet
  facet normal -0.772983 -0.634427 0
    outer loop
      vertex 1.24053 8.08792 5
      vertex 1.30903 8.00446 0
      vertex 1.30903 8.00446 5
    endloop
  endfacet
  facet normal -0.16282 0.986656 0
    outer loop
      vertex 0.321898 5.3817 0
      vertex 0.215367 5.36412 5
      vertex 0.321898 5.3817 5
    endloop
  endfacet
  facet normal -0.16282 0.986656 0
    outer loop
      vertex 0.215367 5.36412 5
      vertex 0.321898 5.3817 0
      vertex 0.215367 5.36412 0
    endloop
  endfacet
  facet normal -0.0980804 0.995178 0
    outer loop
      vertex 0.215367 5.36412 0
      vertex 0.107915 5.35353 5
      vertex 0.215367 5.36412 5
    endloop
  endfacet
  facet normal -0.0980804 0.995178 0
    outer loop
      vertex 0.107915 5.35353 5
      vertex 0.215367 5.36412 0
      vertex 0.107915 5.35353 0
    endloop
  endfacet
  facet normal -0.290259 0.956948 0
    outer loop
      vertex 0.530375 5.43756 0
      vertex 0.427051 5.40622 5
      vertex 0.530375 5.43756 5
    endloop
  endfacet
  facet normal -0.290259 0.956948 0
    outer loop
      vertex 0.427051 5.40622 5
      vertex 0.530375 5.43756 0
      vertex 0.427051 5.40622 0
    endloop
  endfacet
  facet normal -0.471405 0.881917 0
    outer loop
      vertex 0.825 5.57106 0
      vertex 0.729775 5.52016 5
      vertex 0.825 5.57106 5
    endloop
  endfacet
  facet normal -0.471405 0.881917 0
    outer loop
      vertex 0.729775 5.52016 5
      vertex 0.825 5.57106 0
      vertex 0.729775 5.52016 0
    endloop
  endfacet
  facet normal -0.634372 0.773028 0
    outer loop
      vertex 1.08792 5.75946 0
      vertex 1.00446 5.69097 5
      vertex 1.08792 5.75946 5
    endloop
  endfacet
  facet normal -0.634372 0.773028 0
    outer loop
      vertex 1.00446 5.69097 5
      vertex 1.08792 5.75946 0
      vertex 1.00446 5.69097 0
    endloop
  endfacet
  facet normal -0.973872 0.227098 0
    outer loop
      vertex 1.59378 6.57295 0
      vertex 1.6183 6.6781 5
      vertex 1.6183 6.6781 0
    endloop
  endfacet
  facet normal -0.973872 0.227098 0
    outer loop
      vertex 1.6183 6.6781 5
      vertex 1.59378 6.57295 0
      vertex 1.59378 6.57295 5
    endloop
  endfacet
  facet normal -0.956927 0.290329 0
    outer loop
      vertex 1.56243 6.46962 0
      vertex 1.59378 6.57295 5
      vertex 1.59378 6.57295 0
    endloop
  endfacet
  facet normal -0.956927 0.290329 0
    outer loop
      vertex 1.59378 6.57295 5
      vertex 1.56243 6.46962 0
      vertex 1.56243 6.46962 5
    endloop
  endfacet
  facet normal -0.91087 0.412693 0
    outer loop
      vertex 1.47984 6.27022 0
      vertex 1.5244 6.36857 5
      vertex 1.5244 6.36857 0
    endloop
  endfacet
  facet normal -0.91087 0.412693 0
    outer loop
      vertex 1.5244 6.36857 5
      vertex 1.47984 6.27022 0
      vertex 1.47984 6.27022 5
    endloop
  endfacet
  facet normal -0.772983 0.634427 0
    outer loop
      vertex 1.24053 5.91208 0
      vertex 1.30903 5.99554 5
      vertex 1.30903 5.99554 0
    endloop
  endfacet
  facet normal -0.772983 0.634427 0
    outer loop
      vertex 1.30903 5.99554 5
      vertex 1.24053 5.91208 0
      vertex 1.24053 5.91208 5
    endloop
  endfacet
  facet normal -0.729927 0.683525 0
    outer loop
      vertex 1.16673 5.83327 0
      vertex 1.24053 5.91208 5
      vertex 1.24053 5.91208 0
    endloop
  endfacet
  facet normal -0.729927 0.683525 0
    outer loop
      vertex 1.24053 5.91208 5
      vertex 1.16673 5.83327 0
      vertex 1.16673 5.83327 5
    endloop
  endfacet
  facet normal 0.16282 -0.986656 0
    outer loop
      vertex -0.321898 8.6183 0
      vertex -0.215367 8.63588 5
      vertex -0.321898 8.6183 5
    endloop
  endfacet
  facet normal 0.16282 -0.986656 0
    outer loop
      vertex -0.215367 8.63588 5
      vertex -0.321898 8.6183 0
      vertex -0.215367 8.63588 0
    endloop
  endfacet
  facet normal 0.683525 -0.729927 0
    outer loop
      vertex -1.16673 8.16673 0
      vertex -1.08792 8.24053 5
      vertex -1.16673 8.16673 5
    endloop
  endfacet
  facet normal 0.683525 -0.729927 0
    outer loop
      vertex -1.08792 8.24053 5
      vertex -1.16673 8.16673 0
      vertex -1.08792 8.24053 0
    endloop
  endfacet
  facet normal 0.471405 -0.881917 0
    outer loop
      vertex -0.825 8.42894 0
      vertex -0.729775 8.47984 5
      vertex -0.825 8.42894 5
    endloop
  endfacet
  facet normal 0.471405 -0.881917 0
    outer loop
      vertex -0.729775 8.47984 5
      vertex -0.825 8.42894 0
      vertex -0.729775 8.47984 0
    endloop
  endfacet
  facet normal 0.935914 0.35223 0
    outer loop
      vertex -1.5244 6.36857 5
      vertex -1.56243 6.46962 0
      vertex -1.56243 6.46962 5
    endloop
  endfacet
  facet normal 0.935914 0.35223 0
    outer loop
      vertex -1.56243 6.46962 0
      vertex -1.5244 6.36857 5
      vertex -1.5244 6.36857 0
    endloop
  endfacet
  facet normal 0.352305 0.935885 -0
    outer loop
      vertex -0.530375 5.43756 0
      vertex -0.631427 5.4756 5
      vertex -0.530375 5.43756 5
    endloop
  endfacet
  facet normal 0.352305 0.935885 0
    outer loop
      vertex -0.631427 5.4756 5
      vertex -0.530375 5.43756 0
      vertex -0.631427 5.4756 0
    endloop
  endfacet
  facet normal 0.995179 -0.0980732 0
    outer loop
      vertex -1.64647 7.10791 5
      vertex -1.63588 7.21537 0
      vertex -1.63588 7.21537 5
    endloop
  endfacet
  facet normal 0.995179 -0.0980732 0
    outer loop
      vertex -1.63588 7.21537 0
      vertex -1.64647 7.10791 5
      vertex -1.64647 7.10791 0
    endloop
  endfacet
  facet normal 0.973872 -0.227098 0
    outer loop
      vertex -1.6183 7.3219 5
      vertex -1.59378 7.42705 0
      vertex -1.59378 7.42705 5
    endloop
  endfacet
  facet normal 0.973872 -0.227098 0
    outer loop
      vertex -1.59378 7.42705 0
      vertex -1.6183 7.3219 5
      vertex -1.6183 7.3219 0
    endloop
  endfacet
  facet normal 0.935925 -0.352199 0
    outer loop
      vertex -1.56243 7.53037 5
      vertex -1.5244 7.63143 0
      vertex -1.5244 7.63143 5
    endloop
  endfacet
  facet normal 0.935925 -0.352199 0
    outer loop
      vertex -1.5244 7.63143 0
      vertex -1.56243 7.53037 5
      vertex -1.56243 7.53037 0
    endloop
  endfacet
  facet normal 0.956919 -0.290354 0
    outer loop
      vertex -1.59378 7.42705 5
      vertex -1.56243 7.53037 0
      vertex -1.56243 7.53037 5
    endloop
  endfacet
  facet normal 0.956919 -0.290354 0
    outer loop
      vertex -1.56243 7.53037 0
      vertex -1.59378 7.42705 5
      vertex -1.59378 7.42705 0
    endloop
  endfacet
  facet normal -0.16282 -0.986656 0
    outer loop
      vertex 0.215367 8.63588 0
      vertex 0.321898 8.6183 5
      vertex 0.215367 8.63588 5
    endloop
  endfacet
  facet normal -0.16282 -0.986656 -0
    outer loop
      vertex 0.321898 8.6183 5
      vertex 0.215367 8.63588 0
      vertex 0.321898 8.6183 0
    endloop
  endfacet
  facet normal -0.582451 -0.812866 0
    outer loop
      vertex 0.916691 8.37192 0
      vertex 1.00446 8.30903 5
      vertex 0.916691 8.37192 5
    endloop
  endfacet
  facet normal -0.582451 -0.812866 -0
    outer loop
      vertex 1.00446 8.30903 5
      vertex 0.916691 8.37192 0
      vertex 1.00446 8.30903 0
    endloop
  endfacet
  facet normal -0.683525 -0.729927 0
    outer loop
      vertex 1.08792 8.24053 0
      vertex 1.16673 8.16673 5
      vertex 1.08792 8.24053 5
    endloop
  endfacet
  facet normal -0.683525 -0.729927 -0
    outer loop
      vertex 1.16673 8.16673 5
      vertex 1.08792 8.24053 0
      vertex 1.16673 8.16673 0
    endloop
  endfacet
  facet normal -0.973872 -0.227098 0
    outer loop
      vertex 1.6183 7.3219 0
      vertex 1.59378 7.42705 5
      vertex 1.59378 7.42705 0
    endloop
  endfacet
  facet normal -0.973872 -0.227098 0
    outer loop
      vertex 1.59378 7.42705 5
      vertex 1.6183 7.3219 0
      vertex 1.6183 7.3219 5
    endloop
  endfacet
  facet normal -0.91087 -0.412693 0
    outer loop
      vertex 1.5244 7.63143 0
      vertex 1.47984 7.72978 5
      vertex 1.47984 7.72978 0
    endloop
  endfacet
  facet normal -0.91087 -0.412693 0
    outer loop
      vertex 1.47984 7.72978 5
      vertex 1.5244 7.63143 0
      vertex 1.5244 7.63143 5
    endloop
  endfacet
  facet normal -0.812869 -0.582447 0
    outer loop
      vertex 1.37192 7.91669 0
      vertex 1.30903 8.00446 5
      vertex 1.30903 8.00446 0
    endloop
  endfacet
  facet normal -0.812869 -0.582447 0
    outer loop
      vertex 1.30903 8.00446 5
      vertex 1.37192 7.91669 0
      vertex 1.37192 7.91669 5
    endloop
  endfacet
  facet normal 0.290344 -0.956922 0
    outer loop
      vertex -0.530375 8.56243 0
      vertex -0.427051 8.59378 5
      vertex -0.530375 8.56243 5
    endloop
  endfacet
  facet normal 0.290344 -0.956922 0
    outer loop
      vertex -0.427051 8.59378 5
      vertex -0.530375 8.56243 0
      vertex -0.427051 8.59378 0
    endloop
  endfacet
  facet normal 0.0326934 -0.999465 0
    outer loop
      vertex -0.107915 8.64647 0
      vertex 0 8.65 5
      vertex -0.107915 8.64647 5
    endloop
  endfacet
  facet normal 0.0326934 -0.999465 0
    outer loop
      vertex 0 8.65 5
      vertex -0.107915 8.64647 0
      vertex 0 8.65 0
    endloop
  endfacet
  facet normal 0.812869 -0.582447 0
    outer loop
      vertex -1.37192 7.91669 5
      vertex -1.30903 8.00446 0
      vertex -1.30903 8.00446 5
    endloop
  endfacet
  facet normal 0.812869 -0.582447 0
    outer loop
      vertex -1.30903 8.00446 0
      vertex -1.37192 7.91669 5
      vertex -1.37192 7.91669 0
    endloop
  endfacet
  facet normal 0.352223 -0.935916 0
    outer loop
      vertex -0.631427 8.5244 0
      vertex -0.530375 8.56243 5
      vertex -0.631427 8.5244 5
    endloop
  endfacet
  facet normal 0.352223 -0.935916 0
    outer loop
      vertex -0.530375 8.56243 5
      vertex -0.631427 8.5244 0
      vertex -0.530375 8.56243 0
    endloop
  endfacet
  facet normal 0.849188 0.528091 0
    outer loop
      vertex -1.37192 6.08331 5
      vertex -1.42894 6.175 0
      vertex -1.42894 6.175 5
    endloop
  endfacet
  facet normal 0.849188 0.528091 0
    outer loop
      vertex -1.42894 6.175 0
      vertex -1.37192 6.08331 5
      vertex -1.37192 6.08331 0
    endloop
  endfacet
  facet normal 0.16282 0.986656 -0
    outer loop
      vertex -0.215367 5.36412 0
      vertex -0.321898 5.3817 5
      vertex -0.215367 5.36412 5
    endloop
  endfacet
  facet normal 0.16282 0.986656 0
    outer loop
      vertex -0.321898 5.3817 5
      vertex -0.215367 5.36412 0
      vertex -0.321898 5.3817 0
    endloop
  endfacet
  facet normal 0.0326934 0.999465 -0
    outer loop
      vertex 0 5.35 0
      vertex -0.107915 5.35353 5
      vertex 0 5.35 5
    endloop
  endfacet
  facet normal 0.0326934 0.999465 0
    outer loop
      vertex -0.107915 5.35353 5
      vertex 0 5.35 0
      vertex -0.107915 5.35353 0
    endloop
  endfacet
  facet normal 0.52802 0.849232 -0
    outer loop
      vertex -0.825 5.57106 0
      vertex -0.916691 5.62807 5
      vertex -0.825 5.57106 5
    endloop
  endfacet
  facet normal 0.52802 0.849232 0
    outer loop
      vertex -0.916691 5.62807 5
      vertex -0.825 5.57106 0
      vertex -0.916691 5.62807 0
    endloop
  endfacet
  facet normal 0.582512 0.812822 -0
    outer loop
      vertex -0.916691 5.62807 0
      vertex -1.00446 5.69097 5
      vertex -0.916691 5.62807 5
    endloop
  endfacet
  facet normal 0.582512 0.812822 0
    outer loop
      vertex -1.00446 5.69097 5
      vertex -0.916691 5.62807 0
      vertex -1.00446 5.69097 0
    endloop
  endfacet
  facet normal 0.683574 0.729881 -0
    outer loop
      vertex -1.08792 5.75946 0
      vertex -1.16673 5.83327 5
      vertex -1.08792 5.75946 5
    endloop
  endfacet
  facet normal 0.683574 0.729881 0
    outer loop
      vertex -1.16673 5.83327 5
      vertex -1.08792 5.75946 0
      vertex -1.16673 5.83327 0
    endloop
  endfacet
  facet normal 0.986655 -0.162822 0
    outer loop
      vertex -1.63588 7.21537 5
      vertex -1.6183 7.3219 0
      vertex -1.6183 7.3219 5
    endloop
  endfacet
  facet normal 0.986655 -0.162822 0
    outer loop
      vertex -1.6183 7.3219 0
      vertex -1.63588 7.21537 5
      vertex -1.63588 7.21537 0
    endloop
  endfacet
  facet normal 0.91087 -0.412693 0
    outer loop
      vertex -1.5244 7.63143 5
      vertex -1.47984 7.72978 0
      vertex -1.47984 7.72978 5
    endloop
  endfacet
  facet normal 0.91087 -0.412693 0
    outer loop
      vertex -1.47984 7.72978 0
      vertex -1.5244 7.63143 5
      vertex -1.5244 7.63143 0
    endloop
  endfacet
  facet normal 0.772983 -0.634427 0
    outer loop
      vertex -1.30903 8.00446 5
      vertex -1.24053 8.08792 0
      vertex -1.24053 8.08792 5
    endloop
  endfacet
  facet normal 0.772983 -0.634427 0
    outer loop
      vertex -1.24053 8.08792 0
      vertex -1.30903 8.00446 5
      vertex -1.30903 8.00446 0
    endloop
  endfacet
  facet normal 0.528087 -0.84919 0
    outer loop
      vertex -0.916691 8.37192 0
      vertex -0.825 8.42894 5
      vertex -0.916691 8.37192 5
    endloop
  endfacet
  facet normal 0.528087 -0.84919 0
    outer loop
      vertex -0.825 8.42894 5
      vertex -0.916691 8.37192 0
      vertex -0.825 8.42894 0
    endloop
  endfacet
  facet normal 0.582451 -0.812866 0
    outer loop
      vertex -1.00446 8.30903 0
      vertex -0.916691 8.37192 5
      vertex -1.00446 8.30903 5
    endloop
  endfacet
  facet normal 0.582451 -0.812866 0
    outer loop
      vertex -0.916691 8.37192 5
      vertex -1.00446 8.30903 0
      vertex -0.916691 8.37192 0
    endloop
  endfacet
  facet normal 0.634427 -0.772983 0
    outer loop
      vertex -1.08792 8.24053 0
      vertex -1.00446 8.30903 5
      vertex -1.08792 8.24053 5
    endloop
  endfacet
  facet normal 0.634427 -0.772983 0
    outer loop
      vertex -1.00446 8.30903 5
      vertex -1.08792 8.24053 0
      vertex -1.00446 8.30903 0
    endloop
  endfacet
  facet normal 0.4127 -0.910867 0
    outer loop
      vertex -0.729775 8.47984 0
      vertex -0.631427 8.5244 5
      vertex -0.729775 8.47984 5
    endloop
  endfacet
  facet normal 0.4127 -0.910867 0
    outer loop
      vertex -0.631427 8.5244 5
      vertex -0.729775 8.47984 0
      vertex -0.631427 8.5244 0
    endloop
  endfacet
  facet normal 0.772983 0.634427 0
    outer loop
      vertex -1.24053 5.91208 5
      vertex -1.30903 5.99554 0
      vertex -1.30903 5.99554 5
    endloop
  endfacet
  facet normal 0.772983 0.634427 0
    outer loop
      vertex -1.30903 5.99554 0
      vertex -1.24053 5.91208 5
      vertex -1.24053 5.91208 0
    endloop
  endfacet
  facet normal 0.999465 0.0326919 0
    outer loop
      vertex -1.64647 6.89208 5
      vertex -1.65 7 0
      vertex -1.65 7 5
    endloop
  endfacet
  facet normal 0.999465 0.0326919 0
    outer loop
      vertex -1.65 7 0
      vertex -1.64647 6.89208 5
      vertex -1.64647 6.89208 0
    endloop
  endfacet
  facet normal 0.995178 0.0980823 0
    outer loop
      vertex -1.63588 6.78463 5
      vertex -1.64647 6.89208 0
      vertex -1.64647 6.89208 5
    endloop
  endfacet
  facet normal 0.995178 0.0980823 0
    outer loop
      vertex -1.64647 6.89208 0
      vertex -1.63588 6.78463 5
      vertex -1.63588 6.78463 0
    endloop
  endfacet
  facet normal 0.812869 0.582447 0
    outer loop
      vertex -1.30903 5.99554 5
      vertex -1.37192 6.08331 0
      vertex -1.37192 6.08331 5
    endloop
  endfacet
  facet normal 0.812869 0.582447 0
    outer loop
      vertex -1.37192 6.08331 0
      vertex -1.30903 5.99554 5
      vertex -1.30903 5.99554 0
    endloop
  endfacet
  facet normal 0.91087 0.412693 0
    outer loop
      vertex -1.47984 6.27022 5
      vertex -1.5244 6.36857 0
      vertex -1.5244 6.36857 5
    endloop
  endfacet
  facet normal 0.91087 0.412693 0
    outer loop
      vertex -1.5244 6.36857 0
      vertex -1.47984 6.27022 5
      vertex -1.47984 6.27022 0
    endloop
  endfacet
  facet normal 0.881906 0.471424 0
    outer loop
      vertex -1.42894 6.175 5
      vertex -1.47984 6.27022 0
      vertex -1.47984 6.27022 5
    endloop
  endfacet
  facet normal 0.881906 0.471424 0
    outer loop
      vertex -1.47984 6.27022 0
      vertex -1.42894 6.175 5
      vertex -1.42894 6.175 0
    endloop
  endfacet
  facet normal 0.956927 0.290329 0
    outer loop
      vertex -1.56243 6.46962 5
      vertex -1.59378 6.57295 0
      vertex -1.59378 6.57295 5
    endloop
  endfacet
  facet normal 0.956927 0.290329 0
    outer loop
      vertex -1.59378 6.57295 0
      vertex -1.56243 6.46962 5
      vertex -1.56243 6.46962 0
    endloop
  endfacet
  facet normal 0.290259 0.956948 -0
    outer loop
      vertex -0.427051 5.40622 0
      vertex -0.530375 5.43756 5
      vertex -0.427051 5.40622 5
    endloop
  endfacet
  facet normal 0.290259 0.956948 0
    outer loop
      vertex -0.530375 5.43756 5
      vertex -0.427051 5.40622 0
      vertex -0.530375 5.43756 0
    endloop
  endfacet
  facet normal 0.227092 0.973873 -0
    outer loop
      vertex -0.321898 5.3817 0
      vertex -0.427051 5.40622 5
      vertex -0.321898 5.3817 5
    endloop
  endfacet
  facet normal 0.227092 0.973873 0
    outer loop
      vertex -0.427051 5.40622 5
      vertex -0.321898 5.3817 0
      vertex -0.427051 5.40622 0
    endloop
  endfacet
  facet normal 0.0980804 0.995178 -0
    outer loop
      vertex -0.107915 5.35353 0
      vertex -0.215367 5.36412 5
      vertex -0.107915 5.35353 5
    endloop
  endfacet
  facet normal 0.0980804 0.995178 0
    outer loop
      vertex -0.215367 5.36412 5
      vertex -0.107915 5.35353 0
      vertex -0.215367 5.36412 0
    endloop
  endfacet
  facet normal 0.471405 0.881917 -0
    outer loop
      vertex -0.729775 5.52016 0
      vertex -0.825 5.57106 5
      vertex -0.729775 5.52016 5
    endloop
  endfacet
  facet normal 0.471405 0.881917 0
    outer loop
      vertex -0.825 5.57106 5
      vertex -0.729775 5.52016 0
      vertex -0.825 5.57106 0
    endloop
  endfacet
  facet normal 0.4127 0.910867 -0
    outer loop
      vertex -0.631427 5.4756 0
      vertex -0.729775 5.52016 5
      vertex -0.631427 5.4756 5
    endloop
  endfacet
  facet normal 0.4127 0.910867 0
    outer loop
      vertex -0.729775 5.52016 5
      vertex -0.631427 5.4756 0
      vertex -0.729775 5.52016 0
    endloop
  endfacet
  facet normal 0.634372 0.773028 -0
    outer loop
      vertex -1.00446 5.69097 0
      vertex -1.08792 5.75946 5
      vertex -1.00446 5.69097 5
    endloop
  endfacet
  facet normal 0.634372 0.773028 0
    outer loop
      vertex -1.08792 5.75946 5
      vertex -1.00446 5.69097 0
      vertex -1.08792 5.75946 0
    endloop
  endfacet
  facet normal 0.729927 -0.683525 0
    outer loop
      vertex -1.24053 8.08792 5
      vertex -1.16673 8.16673 0
      vertex -1.16673 8.16673 5
    endloop
  endfacet
  facet normal 0.729927 -0.683525 0
    outer loop
      vertex -1.16673 8.16673 0
      vertex -1.24053 8.08792 5
      vertex -1.24053 8.08792 0
    endloop
  endfacet
  facet normal 0.849188 -0.528091 0
    outer loop
      vertex -1.42894 7.825 5
      vertex -1.37192 7.91669 0
      vertex -1.37192 7.91669 5
    endloop
  endfacet
  facet normal 0.849188 -0.528091 0
    outer loop
      vertex -1.37192 7.91669 0
      vertex -1.42894 7.825 5
      vertex -1.42894 7.825 0
    endloop
  endfacet
  facet normal 0.973872 0.227098 0
    outer loop
      vertex -1.59378 6.57295 5
      vertex -1.6183 6.6781 0
      vertex -1.6183 6.6781 5
    endloop
  endfacet
  facet normal 0.973872 0.227098 0
    outer loop
      vertex -1.6183 6.6781 0
      vertex -1.59378 6.57295 5
      vertex -1.59378 6.57295 0
    endloop
  endfacet
  facet normal 0.986655 0.162822 0
    outer loop
      vertex -1.6183 6.6781 5
      vertex -1.63588 6.78463 0
      vertex -1.63588 6.78463 5
    endloop
  endfacet
  facet normal 0.986655 0.162822 0
    outer loop
      vertex -1.63588 6.78463 0
      vertex -1.6183 6.6781 5
      vertex -1.6183 6.6781 0
    endloop
  endfacet
  facet normal -0.999464 0.0327262 0
    outer loop
      vertex 3.24304 -0.21256 0
      vertex 3.25 0 5
      vertex 3.25 0 0
    endloop
  endfacet
  facet normal -0.999464 0.0327262 0
    outer loop
      vertex 3.25 0 5
      vertex 3.24304 -0.21256 0
      vertex 3.24304 -0.21256 5
    endloop
  endfacet
  facet normal 0.999464 0.0327262 0
    outer loop
      vertex -3.24304 -0.21256 5
      vertex -3.25 0 0
      vertex -3.25 0 5
    endloop
  endfacet
  facet normal 0.999464 0.0327262 0
    outer loop
      vertex -3.25 0 0
      vertex -3.24304 -0.21256 5
      vertex -3.24304 -0.21256 0
    endloop
  endfacet
  facet normal -0.0327262 0.999464 0
    outer loop
      vertex 0.21256 -3.24304 0
      vertex 0 -3.25 5
      vertex 0.21256 -3.24304 5
    endloop
  endfacet
  facet normal -0.0327262 0.999464 0
    outer loop
      vertex 0 -3.25 5
      vertex 0.21256 -3.24304 0
      vertex 0 -3.25 0
    endloop
  endfacet
  facet normal -0.729885 0.68357 0
    outer loop
      vertex 2.2981 -2.2981 0
      vertex 2.44348 -2.14287 5
      vertex 2.44348 -2.14287 0
    endloop
  endfacet
  facet normal -0.729885 0.68357 0
    outer loop
      vertex 2.44348 -2.14287 5
      vertex 2.2981 -2.2981 0
      vertex 2.2981 -2.2981 5
    endloop
  endfacet
  facet normal 0.68357 0.729885 -0
    outer loop
      vertex -2.14287 -2.44348 0
      vertex -2.2981 -2.2981 5
      vertex -2.14287 -2.44348 5
    endloop
  endfacet
  facet normal 0.68357 0.729885 0
    outer loop
      vertex -2.2981 -2.2981 5
      vertex -2.14287 -2.44348 0
      vertex -2.2981 -2.2981 0
    endloop
  endfacet
  facet normal 0.97388 -0.227061 0
    outer loop
      vertex -3.18755 0.634043 5
      vertex -3.13926 0.841162 0
      vertex -3.13926 0.841162 5
    endloop
  endfacet
  facet normal 0.97388 -0.227061 0
    outer loop
      vertex -3.13926 0.841162 0
      vertex -3.18755 0.634043 5
      vertex -3.18755 0.634043 0
    endloop
  endfacet
  facet normal -0.935911 0.352236 0
    outer loop
      vertex 3.00261 -1.24372 0
      vertex 3.07752 -1.04468 5
      vertex 3.07752 -1.04468 0
    endloop
  endfacet
  facet normal -0.935911 0.352236 0
    outer loop
      vertex 3.07752 -1.04468 5
      vertex 3.00261 -1.24372 0
      vertex 3.00261 -1.24372 5
    endloop
  endfacet
  facet normal -0.77301 0.634394 0
    outer loop
      vertex 2.44348 -2.14287 0
      vertex 2.5784 -1.97847 5
      vertex 2.5784 -1.97847 0
    endloop
  endfacet
  facet normal -0.77301 0.634394 0
    outer loop
      vertex 2.5784 -1.97847 5
      vertex 2.44348 -2.14287 0
      vertex 2.44348 -2.14287 5
    endloop
  endfacet
  facet normal -0.412694 0.91087 0
    outer loop
      vertex 1.43744 -2.91484 0
      vertex 1.24372 -3.00261 5
      vertex 1.43744 -2.91484 5
    endloop
  endfacet
  facet normal -0.412694 0.91087 0
    outer loop
      vertex 1.24372 -3.00261 5
      vertex 1.43744 -2.91484 0
      vertex 1.24372 -3.00261 0
    endloop
  endfacet
  facet normal 0.849211 0.528053 0
    outer loop
      vertex -2.70228 -1.8056 5
      vertex -2.81458 -1.625 0
      vertex -2.81458 -1.625 5
    endloop
  endfacet
  facet normal 0.849211 0.528053 0
    outer loop
      vertex -2.81458 -1.625 0
      vertex -2.70228 -1.8056 5
      vertex -2.70228 -1.8056 0
    endloop
  endfacet
  facet normal 0.81284 0.582487 0
    outer loop
      vertex -2.5784 -1.97847 5
      vertex -2.70228 -1.8056 0
      vertex -2.70228 -1.8056 5
    endloop
  endfacet
  facet normal 0.81284 0.582487 0
    outer loop
      vertex -2.70228 -1.8056 0
      vertex -2.5784 -1.97847 5
      vertex -2.5784 -1.97847 0
    endloop
  endfacet
  facet normal 0.634394 0.77301 -0
    outer loop
      vertex -1.97847 -2.5784 0
      vertex -2.14287 -2.44348 5
      vertex -1.97847 -2.5784 5
    endloop
  endfacet
  facet normal 0.634394 0.77301 0
    outer loop
      vertex -2.14287 -2.44348 5
      vertex -1.97847 -2.5784 0
      vertex -2.14287 -2.44348 0
    endloop
  endfacet
  facet normal 0.162925 0.986638 -0
    outer loop
      vertex -0.42421 -3.2222 0
      vertex -0.634043 -3.18755 5
      vertex -0.42421 -3.2222 5
    endloop
  endfacet
  facet normal 0.162925 0.986638 0
    outer loop
      vertex -0.634043 -3.18755 5
      vertex -0.42421 -3.2222 0
      vertex -0.634043 -3.18755 0
    endloop
  endfacet
  facet normal -0.849211 -0.528053 0
    outer loop
      vertex 2.81458 1.625 0
      vertex 2.70228 1.8056 5
      vertex 2.70228 1.8056 0
    endloop
  endfacet
  facet normal -0.849211 -0.528053 0
    outer loop
      vertex 2.70228 1.8056 5
      vertex 2.81458 1.625 0
      vertex 2.81458 1.625 5
    endloop
  endfacet
  facet normal -0.227061 -0.97388 0
    outer loop
      vertex 0.634043 3.18755 0
      vertex 0.841162 3.13926 5
      vertex 0.634043 3.18755 5
    endloop
  endfacet
  facet normal -0.227061 -0.97388 -0
    outer loop
      vertex 0.841162 3.13926 5
      vertex 0.634043 3.18755 0
      vertex 0.841162 3.13926 0
    endloop
  endfacet
  facet normal -0.634394 -0.77301 0
    outer loop
      vertex 1.97847 2.5784 0
      vertex 2.14287 2.44348 5
      vertex 1.97847 2.5784 5
    endloop
  endfacet
  facet normal -0.634394 -0.77301 -0
    outer loop
      vertex 2.14287 2.44348 5
      vertex 1.97847 2.5784 0
      vertex 2.14287 2.44348 0
    endloop
  endfacet
  facet normal 0.352236 -0.935911 0
    outer loop
      vertex -1.24372 3.00261 0
      vertex -1.04468 3.07752 5
      vertex -1.24372 3.00261 5
    endloop
  endfacet
  facet normal 0.352236 -0.935911 0
    outer loop
      vertex -1.04468 3.07752 5
      vertex -1.24372 3.00261 0
      vertex -1.04468 3.07752 0
    endloop
  endfacet
  facet normal 0.81284 -0.582487 0
    outer loop
      vertex -2.70228 1.8056 5
      vertex -2.5784 1.97847 0
      vertex -2.5784 1.97847 5
    endloop
  endfacet
  facet normal 0.81284 -0.582487 0
    outer loop
      vertex -2.5784 1.97847 0
      vertex -2.70228 1.8056 5
      vertex -2.70228 1.8056 0
    endloop
  endfacet
  facet normal -0.995187 0.0979906 0
    outer loop
      vertex 3.2222 -0.42421 0
      vertex 3.24304 -0.21256 5
      vertex 3.24304 -0.21256 0
    endloop
  endfacet
  facet normal -0.995187 0.0979906 0
    outer loop
      vertex 3.24304 -0.21256 5
      vertex 3.2222 -0.42421 0
      vertex 3.2222 -0.42421 5
    endloop
  endfacet
  facet normal -0.956936 0.2903 0
    outer loop
      vertex 3.07752 -1.04468 0
      vertex 3.13926 -0.841162 5
      vertex 3.13926 -0.841162 0
    endloop
  endfacet
  facet normal -0.956936 0.2903 0
    outer loop
      vertex 3.13926 -0.841162 5
      vertex 3.07752 -1.04468 0
      vertex 3.07752 -1.04468 5
    endloop
  endfacet
  facet normal -0.81284 0.582487 0
    outer loop
      vertex 2.5784 -1.97847 0
      vertex 2.70228 -1.8056 5
      vertex 2.70228 -1.8056 0
    endloop
  endfacet
  facet normal -0.81284 0.582487 0
    outer loop
      vertex 2.70228 -1.8056 5
      vertex 2.5784 -1.97847 0
      vertex 2.5784 -1.97847 5
    endloop
  endfacet
  facet normal -0.91087 0.412694 0
    outer loop
      vertex 2.91484 -1.43744 0
      vertex 3.00261 -1.24372 5
      vertex 3.00261 -1.24372 0
    endloop
  endfacet
  facet normal -0.91087 0.412694 0
    outer loop
      vertex 3.00261 -1.24372 5
      vertex 2.91484 -1.43744 0
      vertex 2.91484 -1.43744 5
    endloop
  endfacet
  facet normal -0.227061 0.97388 0
    outer loop
      vertex 0.841162 -3.13926 0
      vertex 0.634043 -3.18755 5
      vertex 0.841162 -3.13926 5
    endloop
  endfacet
  facet normal -0.227061 0.97388 0
    outer loop
      vertex 0.634043 -3.18755 5
      vertex 0.841162 -3.13926 0
      vertex 0.634043 -3.18755 0
    endloop
  endfacet
  facet normal -0.162925 0.986638 0
    outer loop
      vertex 0.634043 -3.18755 0
      vertex 0.42421 -3.2222 5
      vertex 0.634043 -3.18755 5
    endloop
  endfacet
  facet normal -0.162925 0.986638 0
    outer loop
      vertex 0.42421 -3.2222 5
      vertex 0.634043 -3.18755 0
      vertex 0.42421 -3.2222 0
    endloop
  endfacet
  facet normal -0.582487 0.81284 0
    outer loop
      vertex 1.97847 -2.5784 0
      vertex 1.8056 -2.70228 5
      vertex 1.97847 -2.5784 5
    endloop
  endfacet
  facet normal -0.582487 0.81284 0
    outer loop
      vertex 1.8056 -2.70228 5
      vertex 1.97847 -2.5784 0
      vertex 1.8056 -2.70228 0
    endloop
  endfacet
  facet normal -0.471423 0.881907 0
    outer loop
      vertex 1.625 -2.81458 0
      vertex 1.43744 -2.91484 5
      vertex 1.625 -2.81458 5
    endloop
  endfacet
  facet normal -0.471423 0.881907 0
    outer loop
      vertex 1.43744 -2.91484 5
      vertex 1.625 -2.81458 0
      vertex 1.43744 -2.91484 0
    endloop
  endfacet
  facet normal 0.97388 0.227061 0
    outer loop
      vertex -3.13926 -0.841162 5
      vertex -3.18755 -0.634043 0
      vertex -3.18755 -0.634043 5
    endloop
  endfacet
  facet normal 0.97388 0.227061 0
    outer loop
      vertex -3.18755 -0.634043 0
      vertex -3.13926 -0.841162 5
      vertex -3.13926 -0.841162 0
    endloop
  endfacet
  facet normal 0.91087 0.412694 0
    outer loop
      vertex -2.91484 -1.43744 5
      vertex -3.00261 -1.24372 0
      vertex -3.00261 -1.24372 5
    endloop
  endfacet
  facet normal 0.91087 0.412694 0
    outer loop
      vertex -3.00261 -1.24372 0
      vertex -2.91484 -1.43744 5
      vertex -2.91484 -1.43744 0
    endloop
  endfacet
  facet normal 0.986638 0.162925 0
    outer loop
      vertex -3.18755 -0.634043 5
      vertex -3.2222 -0.42421 0
      vertex -3.2222 -0.42421 5
    endloop
  endfacet
  facet normal 0.986638 0.162925 0
    outer loop
      vertex -3.2222 -0.42421 0
      vertex -3.18755 -0.634043 5
      vertex -3.18755 -0.634043 0
    endloop
  endfacet
  facet normal 0.528053 0.849211 -0
    outer loop
      vertex -1.625 -2.81458 0
      vertex -1.8056 -2.70228 5
      vertex -1.625 -2.81458 5
    endloop
  endfacet
  facet normal 0.528053 0.849211 0
    outer loop
      vertex -1.8056 -2.70228 5
      vertex -1.625 -2.81458 0
      vertex -1.8056 -2.70228 0
    endloop
  endfacet
  facet normal 0.412694 0.91087 -0
    outer loop
      vertex -1.24372 -3.00261 0
      vertex -1.43744 -2.91484 5
      vertex -1.24372 -3.00261 5
    endloop
  endfacet
  facet normal 0.412694 0.91087 0
    outer loop
      vertex -1.43744 -2.91484 5
      vertex -1.24372 -3.00261 0
      vertex -1.43744 -2.91484 0
    endloop
  endfacet
  facet normal 0.2903 0.956936 -0
    outer loop
      vertex -0.841162 -3.13926 0
      vertex -1.04468 -3.07752 5
      vertex -0.841162 -3.13926 5
    endloop
  endfacet
  facet normal 0.2903 0.956936 0
    outer loop
      vertex -1.04468 -3.07752 5
      vertex -0.841162 -3.13926 0
      vertex -1.04468 -3.07752 0
    endloop
  endfacet
  facet normal 0.0979906 0.995187 -0
    outer loop
      vertex -0.21256 -3.24304 0
      vertex -0.42421 -3.2222 5
      vertex -0.21256 -3.24304 5
    endloop
  endfacet
  facet normal 0.0979906 0.995187 0
    outer loop
      vertex -0.42421 -3.2222 5
      vertex -0.21256 -3.24304 0
      vertex -0.42421 -3.2222 0
    endloop
  endfacet
  facet normal -0.412694 -0.91087 0
    outer loop
      vertex 1.24372 3.00261 0
      vertex 1.43744 2.91484 5
      vertex 1.24372 3.00261 5
    endloop
  endfacet
  facet normal -0.412694 -0.91087 -0
    outer loop
      vertex 1.43744 2.91484 5
      vertex 1.24372 3.00261 0
      vertex 1.43744 2.91484 0
    endloop
  endfacet
  facet normal -0.582487 -0.81284 0
    outer loop
      vertex 1.8056 2.70228 0
      vertex 1.97847 2.5784 5
      vertex 1.8056 2.70228 5
    endloop
  endfacet
  facet normal -0.582487 -0.81284 -0
    outer loop
      vertex 1.97847 2.5784 5
      vertex 1.8056 2.70228 0
      vertex 1.97847 2.5784 0
    endloop
  endfacet
  facet normal -0.81284 -0.582487 0
    outer loop
      vertex 2.70228 1.8056 0
      vertex 2.5784 1.97847 5
      vertex 2.5784 1.97847 0
    endloop
  endfacet
  facet normal -0.81284 -0.582487 0
    outer loop
      vertex 2.5784 1.97847 5
      vertex 2.70228 1.8056 0
      vertex 2.70228 1.8056 5
    endloop
  endfacet
  facet normal -0.986638 -0.162925 0
    outer loop
      vertex 3.2222 0.42421 0
      vertex 3.18755 0.634043 5
      vertex 3.18755 0.634043 0
    endloop
  endfacet
  facet normal -0.986638 -0.162925 0
    outer loop
      vertex 3.18755 0.634043 5
      vertex 3.2222 0.42421 0
      vertex 3.2222 0.42421 5
    endloop
  endfacet
  facet normal -0.995187 -0.0979906 0
    outer loop
      vertex 3.24304 0.21256 0
      vertex 3.2222 0.42421 5
      vertex 3.2222 0.42421 0
    endloop
  endfacet
  facet normal -0.995187 -0.0979906 0
    outer loop
      vertex 3.2222 0.42421 5
      vertex 3.24304 0.21256 0
      vertex 3.24304 0.21256 5
    endloop
  endfacet
  facet normal 0.582487 -0.81284 0
    outer loop
      vertex -1.97847 2.5784 0
      vertex -1.8056 2.70228 5
      vertex -1.97847 2.5784 5
    endloop
  endfacet
  facet normal 0.582487 -0.81284 0
    outer loop
      vertex -1.8056 2.70228 5
      vertex -1.97847 2.5784 0
      vertex -1.8056 2.70228 0
    endloop
  endfacet
  facet normal 0.162925 -0.986638 0
    outer loop
      vertex -0.634043 3.18755 0
      vertex -0.42421 3.2222 5
      vertex -0.634043 3.18755 5
    endloop
  endfacet
  facet normal 0.162925 -0.986638 0
    outer loop
      vertex -0.42421 3.2222 5
      vertex -0.634043 3.18755 0
      vertex -0.42421 3.2222 0
    endloop
  endfacet
  facet normal 0.91087 -0.412694 0
    outer loop
      vertex -3.00261 1.24372 5
      vertex -2.91484 1.43744 0
      vertex -2.91484 1.43744 5
    endloop
  endfacet
  facet normal 0.91087 -0.412694 0
    outer loop
      vertex -2.91484 1.43744 0
      vertex -3.00261 1.24372 5
      vertex -3.00261 1.24372 0
    endloop
  endfacet
  facet normal -0.97388 0.227061 0
    outer loop
      vertex 3.13926 -0.841162 0
      vertex 3.18755 -0.634043 5
      vertex 3.18755 -0.634043 0
    endloop
  endfacet
  facet normal -0.97388 0.227061 0
    outer loop
      vertex 3.18755 -0.634043 5
      vertex 3.13926 -0.841162 0
      vertex 3.13926 -0.841162 5
    endloop
  endfacet
  facet normal -0.986638 0.162925 0
    outer loop
      vertex 3.18755 -0.634043 0
      vertex 3.2222 -0.42421 5
      vertex 3.2222 -0.42421 0
    endloop
  endfacet
  facet normal -0.986638 0.162925 0
    outer loop
      vertex 3.2222 -0.42421 5
      vertex 3.18755 -0.634043 0
      vertex 3.18755 -0.634043 5
    endloop
  endfacet
  facet normal -0.849211 0.528053 0
    outer loop
      vertex 2.70228 -1.8056 0
      vertex 2.81458 -1.625 5
      vertex 2.81458 -1.625 0
    endloop
  endfacet
  facet normal -0.849211 0.528053 0
    outer loop
      vertex 2.81458 -1.625 5
      vertex 2.70228 -1.8056 0
      vertex 2.70228 -1.8056 5
    endloop
  endfacet
  facet normal -0.881907 0.471423 0
    outer loop
      vertex 2.81458 -1.625 0
      vertex 2.91484 -1.43744 5
      vertex 2.91484 -1.43744 0
    endloop
  endfacet
  facet normal -0.881907 0.471423 0
    outer loop
      vertex 2.91484 -1.43744 5
      vertex 2.81458 -1.625 0
      vertex 2.81458 -1.625 5
    endloop
  endfacet
  facet normal -0.352236 0.935911 0
    outer loop
      vertex 1.24372 -3.00261 0
      vertex 1.04468 -3.07752 5
      vertex 1.24372 -3.00261 5
    endloop
  endfacet
  facet normal -0.352236 0.935911 0
    outer loop
      vertex 1.04468 -3.07752 5
      vertex 1.24372 -3.00261 0
      vertex 1.04468 -3.07752 0
    endloop
  endfacet
  facet normal -0.2903 0.956936 0
    outer loop
      vertex 1.04468 -3.07752 0
      vertex 0.841162 -3.13926 5
      vertex 1.04468 -3.07752 5
    endloop
  endfacet
  facet normal -0.2903 0.956936 0
    outer loop
      vertex 0.841162 -3.13926 5
      vertex 1.04468 -3.07752 0
      vertex 0.841162 -3.13926 0
    endloop
  endfacet
  facet normal -0.0979906 0.995187 0
    outer loop
      vertex 0.42421 -3.2222 0
      vertex 0.21256 -3.24304 5
      vertex 0.42421 -3.2222 5
    endloop
  endfacet
  facet normal -0.0979906 0.995187 0
    outer loop
      vertex 0.21256 -3.24304 5
      vertex 0.42421 -3.2222 0
      vertex 0.21256 -3.24304 0
    endloop
  endfacet
  facet normal -0.528053 0.849211 0
    outer loop
      vertex 1.8056 -2.70228 0
      vertex 1.625 -2.81458 5
      vertex 1.8056 -2.70228 5
    endloop
  endfacet
  facet normal -0.528053 0.849211 0
    outer loop
      vertex 1.625 -2.81458 5
      vertex 1.8056 -2.70228 0
      vertex 1.625 -2.81458 0
    endloop
  endfacet
  facet normal -0.634394 0.77301 0
    outer loop
      vertex 2.14287 -2.44348 0
      vertex 1.97847 -2.5784 5
      vertex 2.14287 -2.44348 5
    endloop
  endfacet
  facet normal -0.634394 0.77301 0
    outer loop
      vertex 1.97847 -2.5784 5
      vertex 2.14287 -2.44348 0
      vertex 1.97847 -2.5784 0
    endloop
  endfacet
  facet normal -0.68357 0.729885 0
    outer loop
      vertex 2.2981 -2.2981 0
      vertex 2.14287 -2.44348 5
      vertex 2.2981 -2.2981 5
    endloop
  endfacet
  facet normal -0.68357 0.729885 0
    outer loop
      vertex 2.14287 -2.44348 5
      vertex 2.2981 -2.2981 0
      vertex 2.14287 -2.44348 0
    endloop
  endfacet
  facet normal 0.729885 0.68357 0
    outer loop
      vertex -2.2981 -2.2981 5
      vertex -2.44348 -2.14287 0
      vertex -2.44348 -2.14287 5
    endloop
  endfacet
  facet normal 0.729885 0.68357 0
    outer loop
      vertex -2.44348 -2.14287 0
      vertex -2.2981 -2.2981 5
      vertex -2.2981 -2.2981 0
    endloop
  endfacet
  facet normal 0.77301 0.634394 0
    outer loop
      vertex -2.44348 -2.14287 5
      vertex -2.5784 -1.97847 0
      vertex -2.5784 -1.97847 5
    endloop
  endfacet
  facet normal 0.77301 0.634394 0
    outer loop
      vertex -2.5784 -1.97847 0
      vertex -2.44348 -2.14287 5
      vertex -2.44348 -2.14287 0
    endloop
  endfacet
  facet normal 0.881907 0.471423 0
    outer loop
      vertex -2.81458 -1.625 5
      vertex -2.91484 -1.43744 0
      vertex -2.91484 -1.43744 5
    endloop
  endfacet
  facet normal 0.881907 0.471423 0
    outer loop
      vertex -2.91484 -1.43744 0
      vertex -2.81458 -1.625 5
      vertex -2.81458 -1.625 0
    endloop
  endfacet
  facet normal 0.935911 0.352236 0
    outer loop
      vertex -3.00261 -1.24372 5
      vertex -3.07752 -1.04468 0
      vertex -3.07752 -1.04468 5
    endloop
  endfacet
  facet normal 0.935911 0.352236 0
    outer loop
      vertex -3.07752 -1.04468 0
      vertex -3.00261 -1.24372 5
      vertex -3.00261 -1.24372 0
    endloop
  endfacet
  facet normal 0.956936 0.2903 0
    outer loop
      vertex -3.07752 -1.04468 5
      vertex -3.13926 -0.841162 0
      vertex -3.13926 -0.841162 5
    endloop
  endfacet
  facet normal 0.956936 0.2903 0
    outer loop
      vertex -3.13926 -0.841162 0
      vertex -3.07752 -1.04468 5
      vertex -3.07752 -1.04468 0
    endloop
  endfacet
  facet normal 0.995187 0.0979906 0
    outer loop
      vertex -3.2222 -0.42421 5
      vertex -3.24304 -0.21256 0
      vertex -3.24304 -0.21256 5
    endloop
  endfacet
  facet normal 0.995187 0.0979906 0
    outer loop
      vertex -3.24304 -0.21256 0
      vertex -3.2222 -0.42421 5
      vertex -3.2222 -0.42421 0
    endloop
  endfacet
  facet normal 0.582487 0.81284 -0
    outer loop
      vertex -1.8056 -2.70228 0
      vertex -1.97847 -2.5784 5
      vertex -1.8056 -2.70228 5
    endloop
  endfacet
  facet normal 0.582487 0.81284 0
    outer loop
      vertex -1.97847 -2.5784 5
      vertex -1.8056 -2.70228 0
      vertex -1.97847 -2.5784 0
    endloop
  endfacet
  facet normal 0.471423 0.881907 -0
    outer loop
      vertex -1.43744 -2.91484 0
      vertex -1.625 -2.81458 5
      vertex -1.43744 -2.91484 5
    endloop
  endfacet
  facet normal 0.471423 0.881907 0
    outer loop
      vertex -1.625 -2.81458 5
      vertex -1.43744 -2.91484 0
      vertex -1.625 -2.81458 0
    endloop
  endfacet
  facet normal 0.352236 0.935911 -0
    outer loop
      vertex -1.04468 -3.07752 0
      vertex -1.24372 -3.00261 5
      vertex -1.04468 -3.07752 5
    endloop
  endfacet
  facet normal 0.352236 0.935911 0
    outer loop
      vertex -1.24372 -3.00261 5
      vertex -1.04468 -3.07752 0
      vertex -1.24372 -3.00261 0
    endloop
  endfacet
  facet normal 0.227061 0.97388 -0
    outer loop
      vertex -0.634043 -3.18755 0
      vertex -0.841162 -3.13926 5
      vertex -0.634043 -3.18755 5
    endloop
  endfacet
  facet normal 0.227061 0.97388 0
    outer loop
      vertex -0.841162 -3.13926 5
      vertex -0.634043 -3.18755 0
      vertex -0.841162 -3.13926 0
    endloop
  endfacet
  facet normal 0.0327262 0.999464 -0
    outer loop
      vertex 0 -3.25 0
      vertex -0.21256 -3.24304 5
      vertex 0 -3.25 5
    endloop
  endfacet
  facet normal 0.0327262 0.999464 0
    outer loop
      vertex -0.21256 -3.24304 5
      vertex 0 -3.25 0
      vertex -0.21256 -3.24304 0
    endloop
  endfacet
  facet normal -0.999464 -0.0327262 0
    outer loop
      vertex 3.25 0 0
      vertex 3.24304 0.21256 5
      vertex 3.24304 0.21256 0
    endloop
  endfacet
  facet normal -0.999464 -0.0327262 0
    outer loop
      vertex 3.24304 0.21256 5
      vertex 3.25 0 0
      vertex 3.25 0 5
    endloop
  endfacet
  facet normal -0.0327262 -0.999464 0
    outer loop
      vertex 0 3.25 0
      vertex 0.21256 3.24304 5
      vertex 0 3.25 5
    endloop
  endfacet
  facet normal -0.0327262 -0.999464 -0
    outer loop
      vertex 0.21256 3.24304 5
      vertex 0 3.25 0
      vertex 0.21256 3.24304 0
    endloop
  endfacet
  facet normal -0.162925 -0.986638 0
    outer loop
      vertex 0.42421 3.2222 0
      vertex 0.634043 3.18755 5
      vertex 0.42421 3.2222 5
    endloop
  endfacet
  facet normal -0.162925 -0.986638 -0
    outer loop
      vertex 0.634043 3.18755 5
      vertex 0.42421 3.2222 0
      vertex 0.634043 3.18755 0
    endloop
  endfacet
  facet normal -0.352236 -0.935911 0
    outer loop
      vertex 1.04468 3.07752 0
      vertex 1.24372 3.00261 5
      vertex 1.04468 3.07752 5
    endloop
  endfacet
  facet normal -0.352236 -0.935911 -0
    outer loop
      vertex 1.24372 3.00261 5
      vertex 1.04468 3.07752 0
      vertex 1.24372 3.00261 0
    endloop
  endfacet
  facet normal -0.2903 -0.956936 0
    outer loop
      vertex 0.841162 3.13926 0
      vertex 1.04468 3.07752 5
      vertex 0.841162 3.13926 5
    endloop
  endfacet
  facet normal -0.2903 -0.956936 -0
    outer loop
      vertex 1.04468 3.07752 5
      vertex 0.841162 3.13926 0
      vertex 1.04468 3.07752 0
    endloop
  endfacet
  facet normal -0.471423 -0.881907 0
    outer loop
      vertex 1.43744 2.91484 0
      vertex 1.625 2.81458 5
      vertex 1.43744 2.91484 5
    endloop
  endfacet
  facet normal -0.471423 -0.881907 -0
    outer loop
      vertex 1.625 2.81458 5
      vertex 1.43744 2.91484 0
      vertex 1.625 2.81458 0
    endloop
  endfacet
  facet normal -0.729885 -0.68357 0
    outer loop
      vertex 2.44348 2.14287 0
      vertex 2.2981 2.2981 5
      vertex 2.2981 2.2981 0
    endloop
  endfacet
  facet normal -0.729885 -0.68357 0
    outer loop
      vertex 2.2981 2.2981 5
      vertex 2.44348 2.14287 0
      vertex 2.44348 2.14287 5
    endloop
  endfacet
  facet normal -0.91087 -0.412694 0
    outer loop
      vertex 3.00261 1.24372 0
      vertex 2.91484 1.43744 5
      vertex 2.91484 1.43744 0
    endloop
  endfacet
  facet normal -0.91087 -0.412694 0
    outer loop
      vertex 2.91484 1.43744 5
      vertex 3.00261 1.24372 0
      vertex 3.00261 1.24372 5
    endloop
  endfacet
  facet normal -0.935911 -0.352236 0
    outer loop
      vertex 3.07752 1.04468 0
      vertex 3.00261 1.24372 5
      vertex 3.00261 1.24372 0
    endloop
  endfacet
  facet normal -0.935911 -0.352236 0
    outer loop
      vertex 3.00261 1.24372 5
      vertex 3.07752 1.04468 0
      vertex 3.07752 1.04468 5
    endloop
  endfacet
  facet normal -0.97388 -0.227061 0
    outer loop
      vertex 3.18755 0.634043 0
      vertex 3.13926 0.841162 5
      vertex 3.13926 0.841162 0
    endloop
  endfacet
  facet normal -0.97388 -0.227061 0
    outer loop
      vertex 3.13926 0.841162 5
      vertex 3.18755 0.634043 0
      vertex 3.18755 0.634043 5
    endloop
  endfacet
  facet normal 0.68357 -0.729885 0
    outer loop
      vertex -2.2981 2.2981 0
      vertex -2.14287 2.44348 5
      vertex -2.2981 2.2981 5
    endloop
  endfacet
  facet normal 0.68357 -0.729885 0
    outer loop
      vertex -2.14287 2.44348 5
      vertex -2.2981 2.2981 0
      vertex -2.14287 2.44348 0
    endloop
  endfacet
  facet normal 0.412694 -0.91087 0
    outer loop
      vertex -1.43744 2.91484 0
      vertex -1.24372 3.00261 5
      vertex -1.43744 2.91484 5
    endloop
  endfacet
  facet normal 0.412694 -0.91087 0
    outer loop
      vertex -1.24372 3.00261 5
      vertex -1.43744 2.91484 0
      vertex -1.24372 3.00261 0
    endloop
  endfacet
  facet normal 0.528053 -0.849211 0
    outer loop
      vertex -1.8056 2.70228 0
      vertex -1.625 2.81458 5
      vertex -1.8056 2.70228 5
    endloop
  endfacet
  facet normal 0.528053 -0.849211 0
    outer loop
      vertex -1.625 2.81458 5
      vertex -1.8056 2.70228 0
      vertex -1.625 2.81458 0
    endloop
  endfacet
  facet normal 0.227061 -0.97388 0
    outer loop
      vertex -0.841162 3.13926 0
      vertex -0.634043 3.18755 5
      vertex -0.841162 3.13926 5
    endloop
  endfacet
  facet normal 0.227061 -0.97388 0
    outer loop
      vertex -0.634043 3.18755 5
      vertex -0.841162 3.13926 0
      vertex -0.634043 3.18755 0
    endloop
  endfacet
  facet normal 0.0979906 -0.995187 0
    outer loop
      vertex -0.42421 3.2222 0
      vertex -0.21256 3.24304 5
      vertex -0.42421 3.2222 5
    endloop
  endfacet
  facet normal 0.0979906 -0.995187 0
    outer loop
      vertex -0.21256 3.24304 5
      vertex -0.42421 3.2222 0
      vertex -0.21256 3.24304 0
    endloop
  endfacet
  facet normal 0.77301 -0.634394 0
    outer loop
      vertex -2.5784 1.97847 5
      vertex -2.44348 2.14287 0
      vertex -2.44348 2.14287 5
    endloop
  endfacet
  facet normal 0.77301 -0.634394 0
    outer loop
      vertex -2.44348 2.14287 0
      vertex -2.5784 1.97847 5
      vertex -2.5784 1.97847 0
    endloop
  endfacet
  facet normal 0.881907 -0.471423 0
    outer loop
      vertex -2.91484 1.43744 5
      vertex -2.81458 1.625 0
      vertex -2.81458 1.625 5
    endloop
  endfacet
  facet normal 0.881907 -0.471423 0
    outer loop
      vertex -2.81458 1.625 0
      vertex -2.91484 1.43744 5
      vertex -2.91484 1.43744 0
    endloop
  endfacet
  facet normal 0.956936 -0.2903 0
    outer loop
      vertex -3.13926 0.841162 5
      vertex -3.07752 1.04468 0
      vertex -3.07752 1.04468 5
    endloop
  endfacet
  facet normal 0.956936 -0.2903 0
    outer loop
      vertex -3.07752 1.04468 0
      vertex -3.13926 0.841162 5
      vertex -3.13926 0.841162 0
    endloop
  endfacet
  facet normal 0.986638 -0.162925 0
    outer loop
      vertex -3.2222 0.42421 5
      vertex -3.18755 0.634043 0
      vertex -3.18755 0.634043 5
    endloop
  endfacet
  facet normal 0.986638 -0.162925 0
    outer loop
      vertex -3.18755 0.634043 0
      vertex -3.2222 0.42421 5
      vertex -3.2222 0.42421 0
    endloop
  endfacet
  facet normal 0.999464 -0.0327262 0
    outer loop
      vertex -3.25 0 5
      vertex -3.24304 0.21256 0
      vertex -3.24304 0.21256 5
    endloop
  endfacet
  facet normal 0.999464 -0.0327262 0
    outer loop
      vertex -3.24304 0.21256 0
      vertex -3.25 0 5
      vertex -3.25 0 0
    endloop
  endfacet
  facet normal -0.0979906 -0.995187 0
    outer loop
      vertex 0.21256 3.24304 0
      vertex 0.42421 3.2222 5
      vertex 0.21256 3.24304 5
    endloop
  endfacet
  facet normal -0.0979906 -0.995187 -0
    outer loop
      vertex 0.42421 3.2222 5
      vertex 0.21256 3.24304 0
      vertex 0.42421 3.2222 0
    endloop
  endfacet
  facet normal -0.68357 -0.729885 0
    outer loop
      vertex 2.14287 2.44348 0
      vertex 2.2981 2.2981 5
      vertex 2.14287 2.44348 5
    endloop
  endfacet
  facet normal -0.68357 -0.729885 -0
    outer loop
      vertex 2.2981 2.2981 5
      vertex 2.14287 2.44348 0
      vertex 2.2981 2.2981 0
    endloop
  endfacet
  facet normal -0.528053 -0.849211 0
    outer loop
      vertex 1.625 2.81458 0
      vertex 1.8056 2.70228 5
      vertex 1.625 2.81458 5
    endloop
  endfacet
  facet normal -0.528053 -0.849211 -0
    outer loop
      vertex 1.8056 2.70228 5
      vertex 1.625 2.81458 0
      vertex 1.8056 2.70228 0
    endloop
  endfacet
  facet normal -0.77301 -0.634394 0
    outer loop
      vertex 2.5784 1.97847 0
      vertex 2.44348 2.14287 5
      vertex 2.44348 2.14287 0
    endloop
  endfacet
  facet normal -0.77301 -0.634394 0
    outer loop
      vertex 2.44348 2.14287 5
      vertex 2.5784 1.97847 0
      vertex 2.5784 1.97847 5
    endloop
  endfacet
  facet normal -0.881907 -0.471423 0
    outer loop
      vertex 2.91484 1.43744 0
      vertex 2.81458 1.625 5
      vertex 2.81458 1.625 0
    endloop
  endfacet
  facet normal -0.881907 -0.471423 0
    outer loop
      vertex 2.81458 1.625 5
      vertex 2.91484 1.43744 0
      vertex 2.91484 1.43744 5
    endloop
  endfacet
  facet normal -0.956936 -0.2903 0
    outer loop
      vertex 3.13926 0.841162 0
      vertex 3.07752 1.04468 5
      vertex 3.07752 1.04468 0
    endloop
  endfacet
  facet normal -0.956936 -0.2903 0
    outer loop
      vertex 3.07752 1.04468 5
      vertex 3.13926 0.841162 0
      vertex 3.13926 0.841162 5
    endloop
  endfacet
  facet normal 0.634394 -0.77301 0
    outer loop
      vertex -2.14287 2.44348 0
      vertex -1.97847 2.5784 5
      vertex -2.14287 2.44348 5
    endloop
  endfacet
  facet normal 0.634394 -0.77301 0
    outer loop
      vertex -1.97847 2.5784 5
      vertex -2.14287 2.44348 0
      vertex -1.97847 2.5784 0
    endloop
  endfacet
  facet normal 0.471423 -0.881907 0
    outer loop
      vertex -1.625 2.81458 0
      vertex -1.43744 2.91484 5
      vertex -1.625 2.81458 5
    endloop
  endfacet
  facet normal 0.471423 -0.881907 0
    outer loop
      vertex -1.43744 2.91484 5
      vertex -1.625 2.81458 0
      vertex -1.43744 2.91484 0
    endloop
  endfacet
  facet normal 0.2903 -0.956936 0
    outer loop
      vertex -1.04468 3.07752 0
      vertex -0.841162 3.13926 5
      vertex -1.04468 3.07752 5
    endloop
  endfacet
  facet normal 0.2903 -0.956936 0
    outer loop
      vertex -0.841162 3.13926 5
      vertex -1.04468 3.07752 0
      vertex -0.841162 3.13926 0
    endloop
  endfacet
  facet normal 0.0327262 -0.999464 0
    outer loop
      vertex -0.21256 3.24304 0
      vertex 0 3.25 5
      vertex -0.21256 3.24304 5
    endloop
  endfacet
  facet normal 0.0327262 -0.999464 0
    outer loop
      vertex 0 3.25 5
      vertex -0.21256 3.24304 0
      vertex 0 3.25 0
    endloop
  endfacet
  facet normal 0.729885 -0.68357 0
    outer loop
      vertex -2.44348 2.14287 5
      vertex -2.2981 2.2981 0
      vertex -2.2981 2.2981 5
    endloop
  endfacet
  facet normal 0.729885 -0.68357 0
    outer loop
      vertex -2.2981 2.2981 0
      vertex -2.44348 2.14287 5
      vertex -2.44348 2.14287 0
    endloop
  endfacet
  facet normal 0.849211 -0.528053 0
    outer loop
      vertex -2.81458 1.625 5
      vertex -2.70228 1.8056 0
      vertex -2.70228 1.8056 5
    endloop
  endfacet
  facet normal 0.849211 -0.528053 0
    outer loop
      vertex -2.70228 1.8056 0
      vertex -2.81458 1.625 5
      vertex -2.81458 1.625 0
    endloop
  endfacet
  facet normal 0.935911 -0.352236 0
    outer loop
      vertex -3.07752 1.04468 5
      vertex -3.00261 1.24372 0
      vertex -3.00261 1.24372 5
    endloop
  endfacet
  facet normal 0.935911 -0.352236 0
    outer loop
      vertex -3.00261 1.24372 0
      vertex -3.07752 1.04468 5
      vertex -3.07752 1.04468 0
    endloop
  endfacet
  facet normal 0.995187 -0.0979906 0
    outer loop
      vertex -3.24304 0.21256 5
      vertex -3.2222 0.42421 0
      vertex -3.2222 0.42421 5
    endloop
  endfacet
  facet normal 0.995187 -0.0979906 0
    outer loop
      vertex -3.2222 0.42421 0
      vertex -3.24304 0.21256 5
      vertex -3.24304 0.21256 0
    endloop
  endfacet
  facet normal -0.999354 0.035948 0
    outer loop
      vertex 116.696 18.3888 0
      vertex 116.7 18.5 27
      vertex 116.7 18.5 0
    endloop
  endfacet
  facet normal -0.999354 0.035948 0
    outer loop
      vertex 116.7 18.5 27
      vertex 116.696 18.3888 0
      vertex 116.696 18.3888 27
    endloop
  endfacet
  facet normal 0.999354 0.035948 0
    outer loop
      vertex 113.304 18.3888 27
      vertex 113.3 18.5 0
      vertex 113.3 18.5 27
    endloop
  endfacet
  facet normal 0.999354 0.035948 0
    outer loop
      vertex 113.3 18.5 0
      vertex 113.304 18.3888 27
      vertex 113.304 18.3888 0
    endloop
  endfacet
  facet normal -0.0324154 0.999474 0
    outer loop
      vertex 115.111 16.8036 0
      vertex 115 16.8 27
      vertex 115.111 16.8036 27
    endloop
  endfacet
  facet normal -0.0324154 0.999474 0
    outer loop
      vertex 115 16.8 27
      vertex 115.111 16.8036 0
      vertex 115 16.8 0
    endloop
  endfacet
  facet normal 0.0324154 -0.999474 0
    outer loop
      vertex 114.889 20.1964 0
      vertex 115 20.2 27
      vertex 114.889 20.1964 27
    endloop
  endfacet
  facet normal 0.0324154 -0.999474 0
    outer loop
      vertex 115 20.2 27
      vertex 114.889 20.1964 0
      vertex 115 20.2 0
    endloop
  endfacet
  facet normal 0.730098 -0.683343 0
    outer loop
      vertex 113.722 19.6209 27
      vertex 113.798 19.7021 0
      vertex 113.798 19.7021 27
    endloop
  endfacet
  facet normal 0.730098 -0.683343 0
    outer loop
      vertex 113.798 19.7021 0
      vertex 113.722 19.6209 27
      vertex 113.722 19.6209 0
    endloop
  endfacet
  facet normal -0.684241 0.729256 0
    outer loop
      vertex 116.202 17.2979 0
      vertex 116.121 17.2219 27
      vertex 116.202 17.2979 27
    endloop
  endfacet
  facet normal -0.684241 0.729256 0
    outer loop
      vertex 116.121 17.2219 27
      vertex 116.202 17.2979 0
      vertex 116.121 17.2219 0
    endloop
  endfacet
  facet normal 0.684241 0.729256 -0
    outer loop
      vertex 113.879 17.2219 0
      vertex 113.798 17.2979 27
      vertex 113.879 17.2219 27
    endloop
  endfacet
  facet normal 0.684241 0.729256 0
    outer loop
      vertex 113.798 17.2979 27
      vertex 113.879 17.2219 0
      vertex 113.798 17.2979 0
    endloop
  endfacet
  facet normal 0.974376 -0.224925 0
    outer loop
      vertex 113.333 18.8317 27
      vertex 113.358 18.94 0
      vertex 113.358 18.94 27
    endloop
  endfacet
  facet normal 0.974376 -0.224925 0
    outer loop
      vertex 113.358 18.94 0
      vertex 113.333 18.8317 27
      vertex 113.333 18.8317 0
    endloop
  endfacet
  facet normal -0.91052 0.413464 0
    outer loop
      vertex 116.525 17.7481 0
      vertex 116.571 17.8494 27
      vertex 116.571 17.8494 0
    endloop
  endfacet
  facet normal -0.91052 0.413464 0
    outer loop
      vertex 116.571 17.8494 27
      vertex 116.525 17.7481 0
      vertex 116.525 17.7481 27
    endloop
  endfacet
  facet normal -0.730098 0.683343 0
    outer loop
      vertex 116.202 17.2979 0
      vertex 116.278 17.3791 27
      vertex 116.278 17.3791 0
    endloop
  endfacet
  facet normal -0.730098 0.683343 0
    outer loop
      vertex 116.278 17.3791 27
      vertex 116.202 17.2979 0
      vertex 116.202 17.2979 27
    endloop
  endfacet
  facet normal -0.413735 0.910397 0
    outer loop
      vertex 115.752 16.9753 0
      vertex 115.651 16.9294 27
      vertex 115.752 16.9753 27
    endloop
  endfacet
  facet normal -0.413735 0.910397 0
    outer loop
      vertex 115.651 16.9294 27
      vertex 115.752 16.9753 0
      vertex 115.651 16.9294 0
    endloop
  endfacet
  facet normal 0.84825 0.529595 0
    outer loop
      vertex 113.587 17.5555 27
      vertex 113.528 17.65 0
      vertex 113.528 17.65 27
    endloop
  endfacet
  facet normal 0.84825 0.529595 0
    outer loop
      vertex 113.528 17.65 0
      vertex 113.587 17.5555 27
      vertex 113.587 17.5555 0
    endloop
  endfacet
  facet normal 0.0977281 0.995213 -0
    outer loop
      vertex 114.889 16.8036 0
      vertex 114.778 16.8145 27
      vertex 114.889 16.8036 27
    endloop
  endfacet
  facet normal 0.0977281 0.995213 0
    outer loop
      vertex 114.778 16.8145 27
      vertex 114.889 16.8036 0
      vertex 114.778 16.8145 0
    endloop
  endfacet
  facet normal -0.879808 -0.475329 0
    outer loop
      vertex 116.525 19.2519 0
      vertex 116.472 19.35 27
      vertex 116.472 19.35 0
    endloop
  endfacet
  facet normal -0.879808 -0.475329 0
    outer loop
      vertex 116.472 19.35 27
      vertex 116.525 19.2519 0
      vertex 116.525 19.2519 27
    endloop
  endfacet
  facet normal -0.22723 -0.973841 0
    outer loop
      vertex 115.332 20.1673 0
      vertex 115.44 20.1421 27
      vertex 115.332 20.1673 27
    endloop
  endfacet
  facet normal -0.22723 -0.973841 -0
    outer loop
      vertex 115.44 20.1421 27
      vertex 115.332 20.1673 0
      vertex 115.44 20.1421 0
    endloop
  endfacet
  facet normal -0.684241 -0.729256 0
    outer loop
      vertex 116.121 19.7781 0
      vertex 116.202 19.7021 27
      vertex 116.121 19.7781 27
    endloop
  endfacet
  facet normal -0.684241 -0.729256 -0
    outer loop
      vertex 116.202 19.7021 27
      vertex 116.121 19.7781 0
      vertex 116.202 19.7021 0
    endloop
  endfacet
  facet normal 0.349754 -0.936842 0
    outer loop
      vertex 114.349 20.0706 0
      vertex 114.454 20.1098 27
      vertex 114.349 20.0706 27
    endloop
  endfacet
  facet normal 0.349754 -0.936842 0
    outer loop
      vertex 114.454 20.1098 27
      vertex 114.349 20.0706 0
      vertex 114.454 20.1098 0
    endloop
  endfacet
  facet normal -0.974376 0.224925 0
    outer loop
      vertex 116.642 18.06 0
      vertex 116.667 18.1683 27
      vertex 116.667 18.1683 0
    endloop
  endfacet
  facet normal -0.974376 0.224925 0
    outer loop
      vertex 116.667 18.1683 27
      vertex 116.642 18.06 0
      vertex 116.642 18.06 27
    endloop
  endfacet
  facet normal -0.957628 0.288008 0
    outer loop
      vertex 116.61 17.9536 0
      vertex 116.642 18.06 27
      vertex 116.642 18.06 0
    endloop
  endfacet
  facet normal -0.957628 0.288008 0
    outer loop
      vertex 116.642 18.06 27
      vertex 116.61 17.9536 0
      vertex 116.61 17.9536 27
    endloop
  endfacet
  facet normal -0.816166 0.577817 0
    outer loop
      vertex 116.349 17.4651 0
      vertex 116.413 17.5555 27
      vertex 116.413 17.5555 0
    endloop
  endfacet
  facet normal -0.816166 0.577817 0
    outer loop
      vertex 116.413 17.5555 27
      vertex 116.349 17.4651 0
      vertex 116.349 17.4651 27
    endloop
  endfacet
  facet normal -0.771153 0.63665 0
    outer loop
      vertex 116.278 17.3791 0
      vertex 116.349 17.4651 27
      vertex 116.349 17.4651 0
    endloop
  endfacet
  facet normal -0.771153 0.63665 0
    outer loop
      vertex 116.349 17.4651 27
      vertex 116.278 17.3791 0
      vertex 116.278 17.3791 27
    endloop
  endfacet
  facet normal -0.22723 0.973841 0
    outer loop
      vertex 115.44 16.8579 0
      vertex 115.332 16.8327 27
      vertex 115.44 16.8579 27
    endloop
  endfacet
  facet normal -0.22723 0.973841 0
    outer loop
      vertex 115.332 16.8327 27
      vertex 115.44 16.8579 0
      vertex 115.332 16.8327 0
    endloop
  endfacet
  facet normal -0.580052 0.814579 0
    outer loop
      vertex 116.035 17.1513 0
      vertex 115.944 17.0865 27
      vertex 116.035 17.1513 27
    endloop
  endfacet
  facet normal -0.580052 0.814579 0
    outer loop
      vertex 115.944 17.0865 27
      vertex 116.035 17.1513 0
      vertex 115.944 17.0865 0
    endloop
  endfacet
  facet normal -0.472221 0.88148 0
    outer loop
      vertex 115.85 17.0278 0
      vertex 115.752 16.9753 27
      vertex 115.85 17.0278 27
    endloop
  endfacet
  facet normal -0.472221 0.88148 0
    outer loop
      vertex 115.752 16.9753 27
      vertex 115.85 17.0278 0
      vertex 115.752 16.9753 0
    endloop
  endfacet
  facet normal -0.634509 0.772915 0
    outer loop
      vertex 116.121 17.2219 0
      vertex 116.035 17.1513 27
      vertex 116.121 17.2219 27
    endloop
  endfacet
  facet normal -0.634509 0.772915 0
    outer loop
      vertex 116.035 17.1513 27
      vertex 116.121 17.2219 0
      vertex 116.035 17.1513 0
    endloop
  endfacet
  facet normal 0.974376 0.224925 0
    outer loop
      vertex 113.358 18.06 27
      vertex 113.333 18.1683 0
      vertex 113.333 18.1683 27
    endloop
  endfacet
  facet normal 0.974376 0.224925 0
    outer loop
      vertex 113.333 18.1683 0
      vertex 113.358 18.06 27
      vertex 113.358 18.06 0
    endloop
  endfacet
  facet normal 0.91052 0.413464 0
    outer loop
      vertex 113.475 17.7481 27
      vertex 113.429 17.8494 0
      vertex 113.429 17.8494 27
    endloop
  endfacet
  facet normal 0.91052 0.413464 0
    outer loop
      vertex 113.429 17.8494 0
      vertex 113.475 17.7481 27
      vertex 113.475 17.7481 0
    endloop
  endfacet
  facet normal 0.529674 0.848201 -0
    outer loop
      vertex 114.15 17.0278 0
      vertex 114.056 17.0865 27
      vertex 114.15 17.0278 27
    endloop
  endfacet
  facet normal 0.529674 0.848201 0
    outer loop
      vertex 114.056 17.0865 27
      vertex 114.15 17.0278 0
      vertex 114.056 17.0865 0
    endloop
  endfacet
  facet normal 0.413735 0.910397 -0
    outer loop
      vertex 114.349 16.9294 0
      vertex 114.248 16.9753 27
      vertex 114.349 16.9294 27
    endloop
  endfacet
  facet normal 0.413735 0.910397 0
    outer loop
      vertex 114.248 16.9753 27
      vertex 114.349 16.9294 0
      vertex 114.248 16.9753 0
    endloop
  endfacet
  facet normal 0.634509 0.772915 -0
    outer loop
      vertex 113.965 17.1513 0
      vertex 113.879 17.2219 27
      vertex 113.965 17.1513 27
    endloop
  endfacet
  facet normal 0.634509 0.772915 0
    outer loop
      vertex 113.879 17.2219 27
      vertex 113.965 17.1513 0
      vertex 113.879 17.2219 0
    endloop
  endfacet
  facet normal 0.291485 0.956575 -0
    outer loop
      vertex 114.56 16.8579 0
      vertex 114.454 16.8902 27
      vertex 114.56 16.8579 27
    endloop
  endfacet
  facet normal 0.291485 0.956575 0
    outer loop
      vertex 114.454 16.8902 27
      vertex 114.56 16.8579 0
      vertex 114.454 16.8902 0
    endloop
  endfacet
  facet normal 0.0324154 0.999474 -0
    outer loop
      vertex 115 16.8 0
      vertex 114.889 16.8036 27
      vertex 115 16.8 27
    endloop
  endfacet
  facet normal 0.0324154 0.999474 0
    outer loop
      vertex 114.889 16.8036 27
      vertex 115 16.8 0
      vertex 114.889 16.8036 0
    endloop
  endfacet
  facet normal -0.0324154 -0.999474 0
    outer loop
      vertex 115 20.2 0
      vertex 115.111 20.1964 27
      vertex 115 20.2 27
    endloop
  endfacet
  facet normal -0.0324154 -0.999474 -0
    outer loop
      vertex 115.111 20.1964 27
      vertex 115 20.2 0
      vertex 115.111 20.1964 0
    endloop
  endfacet
  facet normal -0.634509 -0.772915 0
    outer loop
      vertex 116.035 19.8487 0
      vertex 116.121 19.7781 27
      vertex 116.035 19.8487 27
    endloop
  endfacet
  facet normal -0.634509 -0.772915 -0
    outer loop
      vertex 116.121 19.7781 27
      vertex 116.035 19.8487 0
      vertex 116.121 19.7781 0
    endloop
  endfacet
  facet normal -0.771153 -0.63665 0
    outer loop
      vertex 116.349 19.5349 0
      vertex 116.278 19.6209 27
      vertex 116.278 19.6209 0
    endloop
  endfacet
  facet normal -0.771153 -0.63665 0
    outer loop
      vertex 116.278 19.6209 27
      vertex 116.349 19.5349 0
      vertex 116.349 19.5349 27
    endloop
  endfacet
  facet normal -0.957628 -0.288008 0
    outer loop
      vertex 116.642 18.94 0
      vertex 116.61 19.0464 27
      vertex 116.61 19.0464 0
    endloop
  endfacet
  facet normal -0.957628 -0.288008 0
    outer loop
      vertex 116.61 19.0464 27
      vertex 116.642 18.94 0
      vertex 116.642 18.94 27
    endloop
  endfacet
  facet normal -0.995099 -0.0988807 0
    outer loop
      vertex 116.696 18.6112 0
      vertex 116.685 18.7219 27
      vertex 116.685 18.7219 0
    endloop
  endfacet
  facet normal -0.995099 -0.0988807 0
    outer loop
      vertex 116.685 18.7219 27
      vertex 116.696 18.6112 0
      vertex 116.696 18.6112 27
    endloop
  endfacet
  facet normal 0.684241 -0.729256 0
    outer loop
      vertex 113.798 19.7021 0
      vertex 113.879 19.7781 27
      vertex 113.798 19.7021 27
    endloop
  endfacet
  facet normal 0.684241 -0.729256 0
    outer loop
      vertex 113.879 19.7781 27
      vertex 113.798 19.7021 0
      vertex 113.879 19.7781 0
    endloop
  endfacet
  facet normal 0.91052 -0.413464 0
    outer loop
      vertex 113.429 19.1506 27
      vertex 113.475 19.2519 0
      vertex 113.475 19.2519 27
    endloop
  endfacet
  facet normal 0.91052 -0.413464 0
    outer loop
      vertex 113.475 19.2519 0
      vertex 113.429 19.1506 27
      vertex 113.429 19.1506 0
    endloop
  endfacet
  facet normal 0.999354 -0.035948 0
    outer loop
      vertex 113.3 18.5 27
      vertex 113.304 18.6112 0
      vertex 113.304 18.6112 27
    endloop
  endfacet
  facet normal 0.999354 -0.035948 0
    outer loop
      vertex 113.304 18.6112 0
      vertex 113.3 18.5 27
      vertex 113.3 18.5 0
    endloop
  endfacet
  facet normal -0.986828 0.161775 0
    outer loop
      vertex 116.667 18.1683 0
      vertex 116.685 18.2781 27
      vertex 116.685 18.2781 0
    endloop
  endfacet
  facet normal -0.986828 0.161775 0
    outer loop
      vertex 116.685 18.2781 27
      vertex 116.667 18.1683 0
      vertex 116.667 18.1683 27
    endloop
  endfacet
  facet normal -0.995099 0.0988807 0
    outer loop
      vertex 116.685 18.2781 0
      vertex 116.696 18.3888 27
      vertex 116.696 18.3888 0
    endloop
  endfacet
  facet normal -0.995099 0.0988807 0
    outer loop
      vertex 116.696 18.3888 27
      vertex 116.685 18.2781 0
      vertex 116.685 18.2781 27
    endloop
  endfacet
  facet normal -0.936551 0.350532 0
    outer loop
      vertex 116.571 17.8494 0
      vertex 116.61 17.9536 27
      vertex 116.61 17.9536 0
    endloop
  endfacet
  facet normal -0.936551 0.350532 0
    outer loop
      vertex 116.61 17.9536 27
      vertex 116.571 17.8494 0
      vertex 116.571 17.8494 27
    endloop
  endfacet
  facet normal -0.84825 0.529595 0
    outer loop
      vertex 116.413 17.5555 0
      vertex 116.472 17.65 27
      vertex 116.472 17.65 0
    endloop
  endfacet
  facet normal -0.84825 0.529595 0
    outer loop
      vertex 116.472 17.65 27
      vertex 116.413 17.5555 0
      vertex 116.413 17.5555 27
    endloop
  endfacet
  facet normal -0.879808 0.475329 0
    outer loop
      vertex 116.472 17.65 0
      vertex 116.525 17.7481 27
      vertex 116.525 17.7481 0
    endloop
  endfacet
  facet normal -0.879808 0.475329 0
    outer loop
      vertex 116.525 17.7481 27
      vertex 116.472 17.65 0
      vertex 116.472 17.65 27
    endloop
  endfacet
  facet normal -0.349754 0.936842 0
    outer loop
      vertex 115.651 16.9294 0
      vertex 115.546 16.8902 27
      vertex 115.651 16.9294 27
    endloop
  endfacet
  facet normal -0.349754 0.936842 0
    outer loop
      vertex 115.546 16.8902 27
      vertex 115.651 16.9294 0
      vertex 115.546 16.8902 0
    endloop
  endfacet
  facet normal -0.291485 0.956575 0
    outer loop
      vertex 115.546 16.8902 0
      vertex 115.44 16.8579 27
      vertex 115.546 16.8902 27
    endloop
  endfacet
  facet normal -0.291485 0.956575 0
    outer loop
      vertex 115.44 16.8579 27
      vertex 115.546 16.8902 0
      vertex 115.44 16.8579 0
    endloop
  endfacet
  facet normal -0.163235 0.986587 0
    outer loop
      vertex 115.332 16.8327 0
      vertex 115.222 16.8145 27
      vertex 115.332 16.8327 27
    endloop
  endfacet
  facet normal -0.163235 0.986587 0
    outer loop
      vertex 115.222 16.8145 27
      vertex 115.332 16.8327 0
      vertex 115.222 16.8145 0
    endloop
  endfacet
  facet normal -0.0977281 0.995213 0
    outer loop
      vertex 115.222 16.8145 0
      vertex 115.111 16.8036 27
      vertex 115.222 16.8145 27
    endloop
  endfacet
  facet normal -0.0977281 0.995213 0
    outer loop
      vertex 115.111 16.8036 27
      vertex 115.222 16.8145 0
      vertex 115.111 16.8036 0
    endloop
  endfacet
  facet normal -0.529674 0.848201 0
    outer loop
      vertex 115.944 17.0865 0
      vertex 115.85 17.0278 27
      vertex 115.944 17.0865 27
    endloop
  endfacet
  facet normal -0.529674 0.848201 0
    outer loop
      vertex 115.85 17.0278 27
      vertex 115.944 17.0865 0
      vertex 115.85 17.0278 0
    endloop
  endfacet
  facet normal 0.879808 0.475329 0
    outer loop
      vertex 113.528 17.65 27
      vertex 113.475 17.7481 0
      vertex 113.475 17.7481 27
    endloop
  endfacet
  facet normal 0.879808 0.475329 0
    outer loop
      vertex 113.475 17.7481 0
      vertex 113.528 17.65 27
      vertex 113.528 17.65 0
    endloop
  endfacet
  facet normal 0.936551 0.350532 0
    outer loop
      vertex 113.429 17.8494 27
      vertex 113.39 17.9536 0
      vertex 113.39 17.9536 27
    endloop
  endfacet
  facet normal 0.936551 0.350532 0
    outer loop
      vertex 113.39 17.9536 0
      vertex 113.429 17.8494 27
      vertex 113.429 17.8494 0
    endloop
  endfacet
  facet normal 0.957628 0.288008 0
    outer loop
      vertex 113.39 17.9536 27
      vertex 113.358 18.06 0
      vertex 113.358 18.06 27
    endloop
  endfacet
  facet normal 0.957628 0.288008 0
    outer loop
      vertex 113.358 18.06 0
      vertex 113.39 17.9536 27
      vertex 113.39 17.9536 0
    endloop
  endfacet
  facet normal 0.986828 0.161775 0
    outer loop
      vertex 113.333 18.1683 27
      vertex 113.315 18.2781 0
      vertex 113.315 18.2781 27
    endloop
  endfacet
  facet normal 0.986828 0.161775 0
    outer loop
      vertex 113.315 18.2781 0
      vertex 113.333 18.1683 27
      vertex 113.333 18.1683 0
    endloop
  endfacet
  facet normal 0.995099 0.0988807 0
    outer loop
      vertex 113.315 18.2781 27
      vertex 113.304 18.3888 0
      vertex 113.304 18.3888 27
    endloop
  endfacet
  facet normal 0.995099 0.0988807 0
    outer loop
      vertex 113.304 18.3888 0
      vertex 113.315 18.2781 27
      vertex 113.315 18.2781 0
    endloop
  endfacet
  facet normal 0.472221 0.88148 -0
    outer loop
      vertex 114.248 16.9753 0
      vertex 114.15 17.0278 27
      vertex 114.248 16.9753 27
    endloop
  endfacet
  facet normal 0.472221 0.88148 0
    outer loop
      vertex 114.15 17.0278 27
      vertex 114.248 16.9753 0
      vertex 114.15 17.0278 0
    endloop
  endfacet
  facet normal 0.580052 0.814579 -0
    outer loop
      vertex 114.056 17.0865 0
      vertex 113.965 17.1513 27
      vertex 114.056 17.0865 27
    endloop
  endfacet
  facet normal 0.580052 0.814579 0
    outer loop
      vertex 113.965 17.1513 27
      vertex 114.056 17.0865 0
      vertex 113.965 17.1513 0
    endloop
  endfacet
  facet normal 0.349754 0.936842 -0
    outer loop
      vertex 114.454 16.8902 0
      vertex 114.349 16.9294 27
      vertex 114.454 16.8902 27
    endloop
  endfacet
  facet normal 0.349754 0.936842 0
    outer loop
      vertex 114.349 16.9294 27
      vertex 114.454 16.8902 0
      vertex 114.349 16.9294 0
    endloop
  endfacet
  facet normal 0.22723 0.973841 -0
    outer loop
      vertex 114.668 16.8327 0
      vertex 114.56 16.8579 27
      vertex 114.668 16.8327 27
    endloop
  endfacet
  facet normal 0.22723 0.973841 0
    outer loop
      vertex 114.56 16.8579 27
      vertex 114.668 16.8327 0
      vertex 114.56 16.8579 0
    endloop
  endfacet
  facet normal 0.163235 0.986587 -0
    outer loop
      vertex 114.778 16.8145 0
      vertex 114.668 16.8327 27
      vertex 114.778 16.8145 27
    endloop
  endfacet
  facet normal 0.163235 0.986587 0
    outer loop
      vertex 114.668 16.8327 27
      vertex 114.778 16.8145 0
      vertex 114.668 16.8327 0
    endloop
  endfacet
  facet normal -0.999354 -0.035948 0
    outer loop
      vertex 116.7 18.5 0
      vertex 116.696 18.6112 27
      vertex 116.696 18.6112 0
    endloop
  endfacet
  facet normal -0.999354 -0.035948 0
    outer loop
      vertex 116.696 18.6112 27
      vertex 116.7 18.5 0
      vertex 116.7 18.5 27
    endloop
  endfacet
  facet normal -0.163235 -0.986587 0
    outer loop
      vertex 115.222 20.1855 0
      vertex 115.332 20.1673 27
      vertex 115.222 20.1855 27
    endloop
  endfacet
  facet normal -0.163235 -0.986587 -0
    outer loop
      vertex 115.332 20.1673 27
      vertex 115.222 20.1855 0
      vertex 115.332 20.1673 0
    endloop
  endfacet
  facet normal -0.0977281 -0.995213 0
    outer loop
      vertex 115.111 20.1964 0
      vertex 115.222 20.1855 27
      vertex 115.111 20.1964 27
    endloop
  endfacet
  facet normal -0.0977281 -0.995213 -0
    outer loop
      vertex 115.222 20.1855 27
      vertex 115.111 20.1964 0
      vertex 115.222 20.1855 0
    endloop
  endfacet
  facet normal -0.291485 -0.956575 0
    outer loop
      vertex 115.44 20.1421 0
      vertex 115.546 20.1098 27
      vertex 115.44 20.1421 27
    endloop
  endfacet
  facet normal -0.291485 -0.956575 -0
    outer loop
      vertex 115.546 20.1098 27
      vertex 115.44 20.1421 0
      vertex 115.546 20.1098 0
    endloop
  endfacet
  facet normal -0.529674 -0.848201 0
    outer loop
      vertex 115.85 19.9722 0
      vertex 115.944 19.9135 27
      vertex 115.85 19.9722 27
    endloop
  endfacet
  facet normal -0.529674 -0.848201 -0
    outer loop
      vertex 115.944 19.9135 27
      vertex 115.85 19.9722 0
      vertex 115.944 19.9135 0
    endloop
  endfacet
  facet normal -0.413735 -0.910397 0
    outer loop
      vertex 115.651 20.0706 0
      vertex 115.752 20.0247 27
      vertex 115.651 20.0706 27
    endloop
  endfacet
  facet normal -0.413735 -0.910397 -0
    outer loop
      vertex 115.752 20.0247 27
      vertex 115.651 20.0706 0
      vertex 115.752 20.0247 0
    endloop
  endfacet
  facet normal -0.580052 -0.814579 0
    outer loop
      vertex 115.944 19.9135 0
      vertex 116.035 19.8487 27
      vertex 115.944 19.9135 27
    endloop
  endfacet
  facet normal -0.580052 -0.814579 -0
    outer loop
      vertex 116.035 19.8487 27
      vertex 115.944 19.9135 0
      vertex 116.035 19.8487 0
    endloop
  endfacet
  facet normal -0.816166 -0.577817 0
    outer loop
      vertex 116.413 19.4445 0
      vertex 116.349 19.5349 27
      vertex 116.349 19.5349 0
    endloop
  endfacet
  facet normal -0.816166 -0.577817 0
    outer loop
      vertex 116.349 19.5349 27
      vertex 116.413 19.4445 0
      vertex 116.413 19.4445 27
    endloop
  endfacet
  facet normal -0.936551 -0.350532 0
    outer loop
      vertex 116.61 19.0464 0
      vertex 116.571 19.1506 27
      vertex 116.571 19.1506 0
    endloop
  endfacet
  facet normal -0.936551 -0.350532 0
    outer loop
      vertex 116.571 19.1506 27
      vertex 116.61 19.0464 0
      vertex 116.61 19.0464 27
    endloop
  endfacet
  facet normal -0.974376 -0.224925 0
    outer loop
      vertex 116.667 18.8317 0
      vertex 116.642 18.94 27
      vertex 116.642 18.94 0
    endloop
  endfacet
  facet normal -0.974376 -0.224925 0
    outer loop
      vertex 116.642 18.94 27
      vertex 116.667 18.8317 0
      vertex 116.667 18.8317 27
    endloop
  endfacet
  facet normal 0.634509 -0.772915 0
    outer loop
      vertex 113.879 19.7781 0
      vertex 113.965 19.8487 27
      vertex 113.879 19.7781 27
    endloop
  endfacet
  facet normal 0.634509 -0.772915 0
    outer loop
      vertex 113.965 19.8487 27
      vertex 113.879 19.7781 0
      vertex 113.965 19.8487 0
    endloop
  endfacet
  facet normal 0.413735 -0.910397 0
    outer loop
      vertex 114.248 20.0247 0
      vertex 114.349 20.0706 27
      vertex 114.248 20.0247 27
    endloop
  endfacet
  facet normal 0.413735 -0.910397 0
    outer loop
      vertex 114.349 20.0706 27
      vertex 114.248 20.0247 0
      vertex 114.349 20.0706 0
    endloop
  endfacet
  facet normal 0.529674 -0.848201 0
    outer loop
      vertex 114.056 19.9135 0
      vertex 114.15 19.9722 27
      vertex 114.056 19.9135 27
    endloop
  endfacet
  facet normal 0.529674 -0.848201 0
    outer loop
      vertex 114.15 19.9722 27
      vertex 114.056 19.9135 0
      vertex 114.15 19.9722 0
    endloop
  endfacet
  facet normal 0.22723 -0.973841 0
    outer loop
      vertex 114.56 20.1421 0
      vertex 114.668 20.1673 27
      vertex 114.56 20.1421 27
    endloop
  endfacet
  facet normal 0.22723 -0.973841 0
    outer loop
      vertex 114.668 20.1673 27
      vertex 114.56 20.1421 0
      vertex 114.668 20.1673 0
    endloop
  endfacet
  facet normal 0.163235 -0.986587 0
    outer loop
      vertex 114.668 20.1673 0
      vertex 114.778 20.1855 27
      vertex 114.668 20.1673 27
    endloop
  endfacet
  facet normal 0.163235 -0.986587 0
    outer loop
      vertex 114.778 20.1855 27
      vertex 114.668 20.1673 0
      vertex 114.778 20.1855 0
    endloop
  endfacet
  facet normal 0.816166 -0.577817 0
    outer loop
      vertex 113.587 19.4445 27
      vertex 113.651 19.5349 0
      vertex 113.651 19.5349 27
    endloop
  endfacet
  facet normal 0.816166 -0.577817 0
    outer loop
      vertex 113.651 19.5349 0
      vertex 113.587 19.4445 27
      vertex 113.587 19.4445 0
    endloop
  endfacet
  facet normal 0.879808 -0.475329 0
    outer loop
      vertex 113.475 19.2519 27
      vertex 113.528 19.35 0
      vertex 113.528 19.35 27
    endloop
  endfacet
  facet normal 0.879808 -0.475329 0
    outer loop
      vertex 113.528 19.35 0
      vertex 113.475 19.2519 27
      vertex 113.475 19.2519 0
    endloop
  endfacet
  facet normal 0.936551 -0.350532 0
    outer loop
      vertex 113.39 19.0464 27
      vertex 113.429 19.1506 0
      vertex 113.429 19.1506 27
    endloop
  endfacet
  facet normal 0.936551 -0.350532 0
    outer loop
      vertex 113.429 19.1506 0
      vertex 113.39 19.0464 27
      vertex 113.39 19.0464 0
    endloop
  endfacet
  facet normal 0.957628 -0.288008 0
    outer loop
      vertex 113.358 18.94 27
      vertex 113.39 19.0464 0
      vertex 113.39 19.0464 27
    endloop
  endfacet
  facet normal 0.957628 -0.288008 0
    outer loop
      vertex 113.39 19.0464 0
      vertex 113.358 18.94 27
      vertex 113.358 18.94 0
    endloop
  endfacet
  facet normal 0.995099 -0.0988807 0
    outer loop
      vertex 113.304 18.6112 27
      vertex 113.315 18.7219 0
      vertex 113.315 18.7219 27
    endloop
  endfacet
  facet normal 0.995099 -0.0988807 0
    outer loop
      vertex 113.315 18.7219 0
      vertex 113.304 18.6112 27
      vertex 113.304 18.6112 0
    endloop
  endfacet
  facet normal 0.986828 -0.161775 0
    outer loop
      vertex 113.315 18.7219 27
      vertex 113.333 18.8317 0
      vertex 113.333 18.8317 27
    endloop
  endfacet
  facet normal 0.986828 -0.161775 0
    outer loop
      vertex 113.333 18.8317 0
      vertex 113.315 18.7219 27
      vertex 113.315 18.7219 0
    endloop
  endfacet
  facet normal 0.816166 0.577817 0
    outer loop
      vertex 113.651 17.4651 27
      vertex 113.587 17.5555 0
      vertex 113.587 17.5555 27
    endloop
  endfacet
  facet normal 0.816166 0.577817 0
    outer loop
      vertex 113.587 17.5555 0
      vertex 113.651 17.4651 27
      vertex 113.651 17.4651 0
    endloop
  endfacet
  facet normal 0.771153 0.63665 0
    outer loop
      vertex 113.722 17.3791 27
      vertex 113.651 17.4651 0
      vertex 113.651 17.4651 27
    endloop
  endfacet
  facet normal 0.771153 0.63665 0
    outer loop
      vertex 113.651 17.4651 0
      vertex 113.722 17.3791 27
      vertex 113.722 17.3791 0
    endloop
  endfacet
  facet normal 0.730098 0.683343 0
    outer loop
      vertex 113.798 17.2979 27
      vertex 113.722 17.3791 0
      vertex 113.722 17.3791 27
    endloop
  endfacet
  facet normal 0.730098 0.683343 0
    outer loop
      vertex 113.722 17.3791 0
      vertex 113.798 17.2979 27
      vertex 113.798 17.2979 0
    endloop
  endfacet
  facet normal -0.349754 -0.936842 0
    outer loop
      vertex 115.546 20.1098 0
      vertex 115.651 20.0706 27
      vertex 115.546 20.1098 27
    endloop
  endfacet
  facet normal -0.349754 -0.936842 -0
    outer loop
      vertex 115.651 20.0706 27
      vertex 115.546 20.1098 0
      vertex 115.651 20.0706 0
    endloop
  endfacet
  facet normal -0.730098 -0.683343 0
    outer loop
      vertex 116.278 19.6209 0
      vertex 116.202 19.7021 27
      vertex 116.202 19.7021 0
    endloop
  endfacet
  facet normal -0.730098 -0.683343 0
    outer loop
      vertex 116.202 19.7021 27
      vertex 116.278 19.6209 0
      vertex 116.278 19.6209 27
    endloop
  endfacet
  facet normal -0.472221 -0.88148 0
    outer loop
      vertex 115.752 20.0247 0
      vertex 115.85 19.9722 27
      vertex 115.752 20.0247 27
    endloop
  endfacet
  facet normal -0.472221 -0.88148 -0
    outer loop
      vertex 115.85 19.9722 27
      vertex 115.752 20.0247 0
      vertex 115.85 19.9722 0
    endloop
  endfacet
  facet normal -0.84825 -0.529595 0
    outer loop
      vertex 116.472 19.35 0
      vertex 116.413 19.4445 27
      vertex 116.413 19.4445 0
    endloop
  endfacet
  facet normal -0.84825 -0.529595 0
    outer loop
      vertex 116.413 19.4445 27
      vertex 116.472 19.35 0
      vertex 116.472 19.35 27
    endloop
  endfacet
  facet normal -0.91052 -0.413464 0
    outer loop
      vertex 116.571 19.1506 0
      vertex 116.525 19.2519 27
      vertex 116.525 19.2519 0
    endloop
  endfacet
  facet normal -0.91052 -0.413464 0
    outer loop
      vertex 116.525 19.2519 27
      vertex 116.571 19.1506 0
      vertex 116.571 19.1506 27
    endloop
  endfacet
  facet normal -0.986828 -0.161775 0
    outer loop
      vertex 116.685 18.7219 0
      vertex 116.667 18.8317 27
      vertex 116.667 18.8317 0
    endloop
  endfacet
  facet normal -0.986828 -0.161775 0
    outer loop
      vertex 116.667 18.8317 27
      vertex 116.685 18.7219 0
      vertex 116.685 18.7219 27
    endloop
  endfacet
  facet normal 0.580052 -0.814579 0
    outer loop
      vertex 113.965 19.8487 0
      vertex 114.056 19.9135 27
      vertex 113.965 19.8487 27
    endloop
  endfacet
  facet normal 0.580052 -0.814579 0
    outer loop
      vertex 114.056 19.9135 27
      vertex 113.965 19.8487 0
      vertex 114.056 19.9135 0
    endloop
  endfacet
  facet normal 0.472221 -0.88148 0
    outer loop
      vertex 114.15 19.9722 0
      vertex 114.248 20.0247 27
      vertex 114.15 19.9722 27
    endloop
  endfacet
  facet normal 0.472221 -0.88148 0
    outer loop
      vertex 114.248 20.0247 27
      vertex 114.15 19.9722 0
      vertex 114.248 20.0247 0
    endloop
  endfacet
  facet normal 0.291485 -0.956575 0
    outer loop
      vertex 114.454 20.1098 0
      vertex 114.56 20.1421 27
      vertex 114.454 20.1098 27
    endloop
  endfacet
  facet normal 0.291485 -0.956575 0
    outer loop
      vertex 114.56 20.1421 27
      vertex 114.454 20.1098 0
      vertex 114.56 20.1421 0
    endloop
  endfacet
  facet normal 0.0977281 -0.995213 0
    outer loop
      vertex 114.778 20.1855 0
      vertex 114.889 20.1964 27
      vertex 114.778 20.1855 27
    endloop
  endfacet
  facet normal 0.0977281 -0.995213 0
    outer loop
      vertex 114.889 20.1964 27
      vertex 114.778 20.1855 0
      vertex 114.889 20.1964 0
    endloop
  endfacet
  facet normal 0.771153 -0.63665 0
    outer loop
      vertex 113.651 19.5349 27
      vertex 113.722 19.6209 0
      vertex 113.722 19.6209 27
    endloop
  endfacet
  facet normal 0.771153 -0.63665 0
    outer loop
      vertex 113.722 19.6209 0
      vertex 113.651 19.5349 27
      vertex 113.651 19.5349 0
    endloop
  endfacet
  facet normal 0.84825 -0.529595 0
    outer loop
      vertex 113.528 19.35 27
      vertex 113.587 19.4445 0
      vertex 113.587 19.4445 27
    endloop
  endfacet
  facet normal 0.84825 -0.529595 0
    outer loop
      vertex 113.587 19.4445 0
      vertex 113.528 19.35 27
      vertex 113.528 19.35 0
    endloop
  endfacet
  facet normal -0.999354 0.035948 0
    outer loop
      vertex 116.696 -18.6112 0
      vertex 116.7 -18.5 27
      vertex 116.7 -18.5 0
    endloop
  endfacet
  facet normal -0.999354 0.035948 0
    outer loop
      vertex 116.7 -18.5 27
      vertex 116.696 -18.6112 0
      vertex 116.696 -18.6112 27
    endloop
  endfacet
  facet normal 0.0324154 0.999474 -0
    outer loop
      vertex 115 -20.2 0
      vertex 114.889 -20.1964 27
      vertex 115 -20.2 27
    endloop
  endfacet
  facet normal 0.0324154 0.999474 0
    outer loop
      vertex 114.889 -20.1964 27
      vertex 115 -20.2 0
      vertex 114.889 -20.1964 0
    endloop
  endfacet
  facet normal -0.684241 0.729256 0
    outer loop
      vertex 116.202 -19.7021 0
      vertex 116.121 -19.7781 27
      vertex 116.202 -19.7021 27
    endloop
  endfacet
  facet normal -0.684241 0.729256 0
    outer loop
      vertex 116.121 -19.7781 27
      vertex 116.202 -19.7021 0
      vertex 116.121 -19.7781 0
    endloop
  endfacet
  facet normal 0.730098 0.683343 0
    outer loop
      vertex 113.798 -19.7021 27
      vertex 113.722 -19.6209 0
      vertex 113.722 -19.6209 27
    endloop
  endfacet
  facet normal 0.730098 0.683343 0
    outer loop
      vertex 113.722 -19.6209 0
      vertex 113.798 -19.7021 27
      vertex 113.798 -19.7021 0
    endloop
  endfacet
  facet normal 0.413735 0.910397 -0
    outer loop
      vertex 114.349 -20.0706 0
      vertex 114.248 -20.0247 27
      vertex 114.349 -20.0706 27
    endloop
  endfacet
  facet normal 0.413735 0.910397 0
    outer loop
      vertex 114.248 -20.0247 27
      vertex 114.349 -20.0706 0
      vertex 114.248 -20.0247 0
    endloop
  endfacet
  facet normal -0.91052 0.413464 0
    outer loop
      vertex 116.525 -19.2519 0
      vertex 116.571 -19.1506 27
      vertex 116.571 -19.1506 0
    endloop
  endfacet
  facet normal -0.91052 0.413464 0
    outer loop
      vertex 116.571 -19.1506 27
      vertex 116.525 -19.2519 0
      vertex 116.525 -19.2519 27
    endloop
  endfacet
  facet normal -0.349754 0.936842 0
    outer loop
      vertex 115.651 -20.0706 0
      vertex 115.546 -20.1098 27
      vertex 115.651 -20.0706 27
    endloop
  endfacet
  facet normal -0.349754 0.936842 0
    outer loop
      vertex 115.546 -20.1098 27
      vertex 115.651 -20.0706 0
      vertex 115.546 -20.1098 0
    endloop
  endfacet
  facet normal -0.580052 0.814579 0
    outer loop
      vertex 116.035 -19.8487 0
      vertex 115.944 -19.9135 27
      vertex 116.035 -19.8487 27
    endloop
  endfacet
  facet normal -0.580052 0.814579 0
    outer loop
      vertex 115.944 -19.9135 27
      vertex 116.035 -19.8487 0
      vertex 115.944 -19.9135 0
    endloop
  endfacet
  facet normal 0.879808 0.475329 0
    outer loop
      vertex 113.528 -19.35 27
      vertex 113.475 -19.2519 0
      vertex 113.475 -19.2519 27
    endloop
  endfacet
  facet normal 0.879808 0.475329 0
    outer loop
      vertex 113.475 -19.2519 0
      vertex 113.528 -19.35 27
      vertex 113.528 -19.35 0
    endloop
  endfacet
  facet normal 0.22723 0.973841 -0
    outer loop
      vertex 114.668 -20.1673 0
      vertex 114.56 -20.1421 27
      vertex 114.668 -20.1673 27
    endloop
  endfacet
  facet normal 0.22723 0.973841 0
    outer loop
      vertex 114.56 -20.1421 27
      vertex 114.668 -20.1673 0
      vertex 114.56 -20.1421 0
    endloop
  endfacet
  facet normal -0.974376 0.224925 0
    outer loop
      vertex 116.642 -18.94 0
      vertex 116.667 -18.8317 27
      vertex 116.667 -18.8317 0
    endloop
  endfacet
  facet normal -0.974376 0.224925 0
    outer loop
      vertex 116.667 -18.8317 27
      vertex 116.642 -18.94 0
      vertex 116.642 -18.94 27
    endloop
  endfacet
  facet normal -0.816166 0.577817 0
    outer loop
      vertex 116.349 -19.5349 0
      vertex 116.413 -19.4445 27
      vertex 116.413 -19.4445 0
    endloop
  endfacet
  facet normal -0.816166 0.577817 0
    outer loop
      vertex 116.413 -19.4445 27
      vertex 116.349 -19.5349 0
      vertex 116.349 -19.5349 27
    endloop
  endfacet
  facet normal -0.771153 0.63665 0
    outer loop
      vertex 116.278 -19.6209 0
      vertex 116.349 -19.5349 27
      vertex 116.349 -19.5349 0
    endloop
  endfacet
  facet normal -0.771153 0.63665 0
    outer loop
      vertex 116.349 -19.5349 27
      vertex 116.278 -19.6209 0
      vertex 116.278 -19.6209 27
    endloop
  endfacet
  facet normal -0.163235 0.986587 0
    outer loop
      vertex 115.332 -20.1673 0
      vertex 115.222 -20.1855 27
      vertex 115.332 -20.1673 27
    endloop
  endfacet
  facet normal -0.163235 0.986587 0
    outer loop
      vertex 115.222 -20.1855 27
      vertex 115.332 -20.1673 0
      vertex 115.222 -20.1855 0
    endloop
  endfacet
  facet normal -0.291485 0.956575 0
    outer loop
      vertex 115.546 -20.1098 0
      vertex 115.44 -20.1421 27
      vertex 115.546 -20.1098 27
    endloop
  endfacet
  facet normal -0.291485 0.956575 0
    outer loop
      vertex 115.44 -20.1421 27
      vertex 115.546 -20.1098 0
      vertex 115.44 -20.1421 0
    endloop
  endfacet
  facet normal -0.634509 0.772915 0
    outer loop
      vertex 116.121 -19.7781 0
      vertex 116.035 -19.8487 27
      vertex 116.121 -19.7781 27
    endloop
  endfacet
  facet normal -0.634509 0.772915 0
    outer loop
      vertex 116.035 -19.8487 27
      vertex 116.121 -19.7781 0
      vertex 116.035 -19.8487 0
    endloop
  endfacet
  facet normal 0.974376 0.224925 0
    outer loop
      vertex 113.358 -18.94 27
      vertex 113.333 -18.8317 0
      vertex 113.333 -18.8317 27
    endloop
  endfacet
  facet normal 0.974376 0.224925 0
    outer loop
      vertex 113.333 -18.8317 0
      vertex 113.358 -18.94 27
      vertex 113.358 -18.94 0
    endloop
  endfacet
  facet normal 0.771153 0.63665 0
    outer loop
      vertex 113.722 -19.6209 27
      vertex 113.651 -19.5349 0
      vertex 113.651 -19.5349 27
    endloop
  endfacet
  facet normal 0.771153 0.63665 0
    outer loop
      vertex 113.651 -19.5349 0
      vertex 113.722 -19.6209 27
      vertex 113.722 -19.6209 0
    endloop
  endfacet
  facet normal 0.936551 0.350532 0
    outer loop
      vertex 113.429 -19.1506 27
      vertex 113.39 -19.0464 0
      vertex 113.39 -19.0464 27
    endloop
  endfacet
  facet normal 0.936551 0.350532 0
    outer loop
      vertex 113.39 -19.0464 0
      vertex 113.429 -19.1506 27
      vertex 113.429 -19.1506 0
    endloop
  endfacet
  facet normal 0.91052 0.413464 0
    outer loop
      vertex 113.475 -19.2519 27
      vertex 113.429 -19.1506 0
      vertex 113.429 -19.1506 27
    endloop
  endfacet
  facet normal 0.91052 0.413464 0
    outer loop
      vertex 113.429 -19.1506 0
      vertex 113.475 -19.2519 27
      vertex 113.475 -19.2519 0
    endloop
  endfacet
  facet normal 0.999354 -0.035948 0
    outer loop
      vertex 113.3 -18.5 27
      vertex 113.304 -18.3888 0
      vertex 113.304 -18.3888 27
    endloop
  endfacet
  facet normal 0.999354 -0.035948 0
    outer loop
      vertex 113.304 -18.3888 0
      vertex 113.3 -18.5 27
      vertex 113.3 -18.5 0
    endloop
  endfacet
  facet normal 0.999354 0.035948 0
    outer loop
      vertex 113.304 -18.6112 27
      vertex 113.3 -18.5 0
      vertex 113.3 -18.5 27
    endloop
  endfacet
  facet normal 0.999354 0.035948 0
    outer loop
      vertex 113.3 -18.5 0
      vertex 113.304 -18.6112 27
      vertex 113.304 -18.6112 0
    endloop
  endfacet
  facet normal 0.529674 0.848201 -0
    outer loop
      vertex 114.15 -19.9722 0
      vertex 114.056 -19.9135 27
      vertex 114.15 -19.9722 27
    endloop
  endfacet
  facet normal 0.529674 0.848201 0
    outer loop
      vertex 114.056 -19.9135 27
      vertex 114.15 -19.9722 0
      vertex 114.056 -19.9135 0
    endloop
  endfacet
  facet normal 0.580052 0.814579 -0
    outer loop
      vertex 114.056 -19.9135 0
      vertex 113.965 -19.8487 27
      vertex 114.056 -19.9135 27
    endloop
  endfacet
  facet normal 0.580052 0.814579 0
    outer loop
      vertex 113.965 -19.8487 27
      vertex 114.056 -19.9135 0
      vertex 113.965 -19.8487 0
    endloop
  endfacet
  facet normal 0.634509 0.772915 -0
    outer loop
      vertex 113.965 -19.8487 0
      vertex 113.879 -19.7781 27
      vertex 113.965 -19.8487 27
    endloop
  endfacet
  facet normal 0.634509 0.772915 0
    outer loop
      vertex 113.879 -19.7781 27
      vertex 113.965 -19.8487 0
      vertex 113.879 -19.7781 0
    endloop
  endfacet
  facet normal 0.349754 0.936842 -0
    outer loop
      vertex 114.454 -20.1098 0
      vertex 114.349 -20.0706 27
      vertex 114.454 -20.1098 27
    endloop
  endfacet
  facet normal 0.349754 0.936842 0
    outer loop
      vertex 114.349 -20.0706 27
      vertex 114.454 -20.1098 0
      vertex 114.349 -20.0706 0
    endloop
  endfacet
  facet normal 0.0977281 0.995213 -0
    outer loop
      vertex 114.889 -20.1964 0
      vertex 114.778 -20.1855 27
      vertex 114.889 -20.1964 27
    endloop
  endfacet
  facet normal 0.0977281 0.995213 0
    outer loop
      vertex 114.778 -20.1855 27
      vertex 114.889 -20.1964 0
      vertex 114.778 -20.1855 0
    endloop
  endfacet
  facet normal -0.999354 -0.035948 0
    outer loop
      vertex 116.7 -18.5 0
      vertex 116.696 -18.3888 27
      vertex 116.696 -18.3888 0
    endloop
  endfacet
  facet normal -0.999354 -0.035948 0
    outer loop
      vertex 116.696 -18.3888 27
      vertex 116.7 -18.5 0
      vertex 116.7 -18.5 27
    endloop
  endfacet
  facet normal -0.771153 -0.63665 0
    outer loop
      vertex 116.349 -17.4651 0
      vertex 116.278 -17.3791 27
      vertex 116.278 -17.3791 0
    endloop
  endfacet
  facet normal -0.771153 -0.63665 0
    outer loop
      vertex 116.278 -17.3791 27
      vertex 116.349 -17.4651 0
      vertex 116.349 -17.4651 27
    endloop
  endfacet
  facet normal -0.0977281 -0.995213 0
    outer loop
      vertex 115.111 -16.8036 0
      vertex 115.222 -16.8145 27
      vertex 115.111 -16.8036 27
    endloop
  endfacet
  facet normal -0.0977281 -0.995213 -0
    outer loop
      vertex 115.222 -16.8145 27
      vertex 115.111 -16.8036 0
      vertex 115.222 -16.8145 0
    endloop
  endfacet
  facet normal -0.413735 -0.910397 0
    outer loop
      vertex 115.651 -16.9294 0
      vertex 115.752 -16.9753 27
      vertex 115.651 -16.9294 27
    endloop
  endfacet
  facet normal -0.413735 -0.910397 -0
    outer loop
      vertex 115.752 -16.9753 27
      vertex 115.651 -16.9294 0
      vertex 115.752 -16.9753 0
    endloop
  endfacet
  facet normal -0.986828 0.161775 0
    outer loop
      vertex 116.667 -18.8317 0
      vertex 116.685 -18.7219 27
      vertex 116.685 -18.7219 0
    endloop
  endfacet
  facet normal -0.986828 0.161775 0
    outer loop
      vertex 116.685 -18.7219 27
      vertex 116.667 -18.8317 0
      vertex 116.667 -18.8317 27
    endloop
  endfacet
  facet normal -0.995099 0.0988807 0
    outer loop
      vertex 116.685 -18.7219 0
      vertex 116.696 -18.6112 27
      vertex 116.696 -18.6112 0
    endloop
  endfacet
  facet normal -0.995099 0.0988807 0
    outer loop
      vertex 116.696 -18.6112 27
      vertex 116.685 -18.7219 0
      vertex 116.685 -18.7219 27
    endloop
  endfacet
  facet normal -0.957628 0.288008 0
    outer loop
      vertex 116.61 -19.0464 0
      vertex 116.642 -18.94 27
      vertex 116.642 -18.94 0
    endloop
  endfacet
  facet normal -0.957628 0.288008 0
    outer loop
      vertex 116.642 -18.94 27
      vertex 116.61 -19.0464 0
      vertex 116.61 -19.0464 27
    endloop
  endfacet
  facet normal -0.936551 0.350532 0
    outer loop
      vertex 116.571 -19.1506 0
      vertex 116.61 -19.0464 27
      vertex 116.61 -19.0464 0
    endloop
  endfacet
  facet normal -0.936551 0.350532 0
    outer loop
      vertex 116.61 -19.0464 27
      vertex 116.571 -19.1506 0
      vertex 116.571 -19.1506 27
    endloop
  endfacet
  facet normal -0.730098 0.683343 0
    outer loop
      vertex 116.202 -19.7021 0
      vertex 116.278 -19.6209 27
      vertex 116.278 -19.6209 0
    endloop
  endfacet
  facet normal -0.730098 0.683343 0
    outer loop
      vertex 116.278 -19.6209 27
      vertex 116.202 -19.7021 0
      vertex 116.202 -19.7021 27
    endloop
  endfacet
  facet normal -0.84825 0.529595 0
    outer loop
      vertex 116.413 -19.4445 0
      vertex 116.472 -19.35 27
      vertex 116.472 -19.35 0
    endloop
  endfacet
  facet normal -0.84825 0.529595 0
    outer loop
      vertex 116.472 -19.35 27
      vertex 116.413 -19.4445 0
      vertex 116.413 -19.4445 27
    endloop
  endfacet
  facet normal -0.879808 0.475329 0
    outer loop
      vertex 116.472 -19.35 0
      vertex 116.525 -19.2519 27
      vertex 116.525 -19.2519 0
    endloop
  endfacet
  facet normal -0.879808 0.475329 0
    outer loop
      vertex 116.525 -19.2519 27
      vertex 116.472 -19.35 0
      vertex 116.472 -19.35 27
    endloop
  endfacet
  facet normal -0.22723 0.973841 0
    outer loop
      vertex 115.44 -20.1421 0
      vertex 115.332 -20.1673 27
      vertex 115.44 -20.1421 27
    endloop
  endfacet
  facet normal -0.22723 0.973841 0
    outer loop
      vertex 115.332 -20.1673 27
      vertex 115.44 -20.1421 0
      vertex 115.332 -20.1673 0
    endloop
  endfacet
  facet normal -0.0977281 0.995213 0
    outer loop
      vertex 115.222 -20.1855 0
      vertex 115.111 -20.1964 27
      vertex 115.222 -20.1855 27
    endloop
  endfacet
  facet normal -0.0977281 0.995213 0
    outer loop
      vertex 115.111 -20.1964 27
      vertex 115.222 -20.1855 0
      vertex 115.111 -20.1964 0
    endloop
  endfacet
  facet normal -0.0324154 0.999474 0
    outer loop
      vertex 115.111 -20.1964 0
      vertex 115 -20.2 27
      vertex 115.111 -20.1964 27
    endloop
  endfacet
  facet normal -0.0324154 0.999474 0
    outer loop
      vertex 115 -20.2 27
      vertex 115.111 -20.1964 0
      vertex 115 -20.2 0
    endloop
  endfacet
  facet normal -0.472221 0.88148 0
    outer loop
      vertex 115.85 -19.9722 0
      vertex 115.752 -20.0247 27
      vertex 115.85 -19.9722 27
    endloop
  endfacet
  facet normal -0.472221 0.88148 0
    outer loop
      vertex 115.752 -20.0247 27
      vertex 115.85 -19.9722 0
      vertex 115.752 -20.0247 0
    endloop
  endfacet
  facet normal -0.413735 0.910397 0
    outer loop
      vertex 115.752 -20.0247 0
      vertex 115.651 -20.0706 27
      vertex 115.752 -20.0247 27
    endloop
  endfacet
  facet normal -0.413735 0.910397 0
    outer loop
      vertex 115.651 -20.0706 27
      vertex 115.752 -20.0247 0
      vertex 115.651 -20.0706 0
    endloop
  endfacet
  facet normal -0.529674 0.848201 0
    outer loop
      vertex 115.944 -19.9135 0
      vertex 115.85 -19.9722 27
      vertex 115.944 -19.9135 27
    endloop
  endfacet
  facet normal -0.529674 0.848201 0
    outer loop
      vertex 115.85 -19.9722 27
      vertex 115.944 -19.9135 0
      vertex 115.85 -19.9722 0
    endloop
  endfacet
  facet normal 0.957628 0.288008 0
    outer loop
      vertex 113.39 -19.0464 27
      vertex 113.358 -18.94 0
      vertex 113.358 -18.94 27
    endloop
  endfacet
  facet normal 0.957628 0.288008 0
    outer loop
      vertex 113.358 -18.94 0
      vertex 113.39 -19.0464 27
      vertex 113.39 -19.0464 0
    endloop
  endfacet
  facet normal 0.986828 0.161775 0
    outer loop
      vertex 113.333 -18.8317 27
      vertex 113.315 -18.7219 0
      vertex 113.315 -18.7219 27
    endloop
  endfacet
  facet normal 0.986828 0.161775 0
    outer loop
      vertex 113.315 -18.7219 0
      vertex 113.333 -18.8317 27
      vertex 113.333 -18.8317 0
    endloop
  endfacet
  facet normal 0.472221 0.88148 -0
    outer loop
      vertex 114.248 -20.0247 0
      vertex 114.15 -19.9722 27
      vertex 114.248 -20.0247 27
    endloop
  endfacet
  facet normal 0.472221 0.88148 0
    outer loop
      vertex 114.15 -19.9722 27
      vertex 114.248 -20.0247 0
      vertex 114.15 -19.9722 0
    endloop
  endfacet
  facet normal 0.684241 0.729256 -0
    outer loop
      vertex 113.879 -19.7781 0
      vertex 113.798 -19.7021 27
      vertex 113.879 -19.7781 27
    endloop
  endfacet
  facet normal 0.684241 0.729256 0
    outer loop
      vertex 113.798 -19.7021 27
      vertex 113.879 -19.7781 0
      vertex 113.798 -19.7021 0
    endloop
  endfacet
  facet normal 0.291485 0.956575 -0
    outer loop
      vertex 114.56 -20.1421 0
      vertex 114.454 -20.1098 27
      vertex 114.56 -20.1421 27
    endloop
  endfacet
  facet normal 0.291485 0.956575 0
    outer loop
      vertex 114.454 -20.1098 27
      vertex 114.56 -20.1421 0
      vertex 114.454 -20.1098 0
    endloop
  endfacet
  facet normal 0.163235 0.986587 -0
    outer loop
      vertex 114.778 -20.1855 0
      vertex 114.668 -20.1673 27
      vertex 114.778 -20.1855 27
    endloop
  endfacet
  facet normal 0.163235 0.986587 0
    outer loop
      vertex 114.668 -20.1673 27
      vertex 114.778 -20.1855 0
      vertex 114.668 -20.1673 0
    endloop
  endfacet
  facet normal -0.986828 -0.161775 0
    outer loop
      vertex 116.685 -18.2781 0
      vertex 116.667 -18.1683 27
      vertex 116.667 -18.1683 0
    endloop
  endfacet
  facet normal -0.986828 -0.161775 0
    outer loop
      vertex 116.667 -18.1683 27
      vertex 116.685 -18.2781 0
      vertex 116.685 -18.2781 27
    endloop
  endfacet
  facet normal -0.995099 -0.0988807 0
    outer loop
      vertex 116.696 -18.3888 0
      vertex 116.685 -18.2781 27
      vertex 116.685 -18.2781 0
    endloop
  endfacet
  facet normal -0.995099 -0.0988807 0
    outer loop
      vertex 116.685 -18.2781 27
      vertex 116.696 -18.3888 0
      vertex 116.696 -18.3888 27
    endloop
  endfacet
  facet normal -0.684241 -0.729256 0
    outer loop
      vertex 116.121 -17.2219 0
      vertex 116.202 -17.2979 27
      vertex 116.121 -17.2219 27
    endloop
  endfacet
  facet normal -0.684241 -0.729256 -0
    outer loop
      vertex 116.202 -17.2979 27
      vertex 116.121 -17.2219 0
      vertex 116.202 -17.2979 0
    endloop
  endfacet
  facet normal -0.580052 -0.814579 0
    outer loop
      vertex 115.944 -17.0865 0
      vertex 116.035 -17.1513 27
      vertex 115.944 -17.0865 27
    endloop
  endfacet
  facet normal -0.580052 -0.814579 -0
    outer loop
      vertex 116.035 -17.1513 27
      vertex 115.944 -17.0865 0
      vertex 116.035 -17.1513 0
    endloop
  endfacet
  facet normal 0.771153 -0.63665 0
    outer loop
      vertex 113.651 -17.4651 27
      vertex 113.722 -17.3791 0
      vertex 113.722 -17.3791 27
    endloop
  endfacet
  facet normal 0.771153 -0.63665 0
    outer loop
      vertex 113.722 -17.3791 0
      vertex 113.651 -17.4651 27
      vertex 113.651 -17.4651 0
    endloop
  endfacet
  facet normal 0.816166 -0.577817 0
    outer loop
      vertex 113.587 -17.5555 27
      vertex 113.651 -17.4651 0
      vertex 113.651 -17.4651 27
    endloop
  endfacet
  facet normal 0.816166 -0.577817 0
    outer loop
      vertex 113.651 -17.4651 0
      vertex 113.587 -17.5555 27
      vertex 113.587 -17.5555 0
    endloop
  endfacet
  facet normal 0.974376 -0.224925 0
    outer loop
      vertex 113.333 -18.1683 27
      vertex 113.358 -18.06 0
      vertex 113.358 -18.06 27
    endloop
  endfacet
  facet normal 0.974376 -0.224925 0
    outer loop
      vertex 113.358 -18.06 0
      vertex 113.333 -18.1683 27
      vertex 113.333 -18.1683 0
    endloop
  endfacet
  facet normal 0.84825 0.529595 0
    outer loop
      vertex 113.587 -19.4445 27
      vertex 113.528 -19.35 0
      vertex 113.528 -19.35 27
    endloop
  endfacet
  facet normal 0.84825 0.529595 0
    outer loop
      vertex 113.528 -19.35 0
      vertex 113.587 -19.4445 27
      vertex 113.587 -19.4445 0
    endloop
  endfacet
  facet normal 0.816166 0.577817 0
    outer loop
      vertex 113.651 -19.5349 27
      vertex 113.587 -19.4445 0
      vertex 113.587 -19.4445 27
    endloop
  endfacet
  facet normal 0.816166 0.577817 0
    outer loop
      vertex 113.587 -19.4445 0
      vertex 113.651 -19.5349 27
      vertex 113.651 -19.5349 0
    endloop
  endfacet
  facet normal 0.995099 0.0988807 0
    outer loop
      vertex 113.315 -18.7219 27
      vertex 113.304 -18.6112 0
      vertex 113.304 -18.6112 27
    endloop
  endfacet
  facet normal 0.995099 0.0988807 0
    outer loop
      vertex 113.304 -18.6112 0
      vertex 113.315 -18.7219 27
      vertex 113.315 -18.7219 0
    endloop
  endfacet
  facet normal -0.879808 -0.475329 0
    outer loop
      vertex 116.525 -17.7481 0
      vertex 116.472 -17.65 27
      vertex 116.472 -17.65 0
    endloop
  endfacet
  facet normal -0.879808 -0.475329 0
    outer loop
      vertex 116.472 -17.65 27
      vertex 116.525 -17.7481 0
      vertex 116.525 -17.7481 27
    endloop
  endfacet
  facet normal -0.936551 -0.350532 0
    outer loop
      vertex 116.61 -17.9536 0
      vertex 116.571 -17.8494 27
      vertex 116.571 -17.8494 0
    endloop
  endfacet
  facet normal -0.936551 -0.350532 0
    outer loop
      vertex 116.571 -17.8494 27
      vertex 116.61 -17.9536 0
      vertex 116.61 -17.9536 27
    endloop
  endfacet
  facet normal -0.957628 -0.288008 0
    outer loop
      vertex 116.642 -18.06 0
      vertex 116.61 -17.9536 27
      vertex 116.61 -17.9536 0
    endloop
  endfacet
  facet normal -0.957628 -0.288008 0
    outer loop
      vertex 116.61 -17.9536 27
      vertex 116.642 -18.06 0
      vertex 116.642 -18.06 27
    endloop
  endfacet
  facet normal -0.974376 -0.224925 0
    outer loop
      vertex 116.667 -18.1683 0
      vertex 116.642 -18.06 27
      vertex 116.642 -18.06 0
    endloop
  endfacet
  facet normal -0.974376 -0.224925 0
    outer loop
      vertex 116.642 -18.06 27
      vertex 116.667 -18.1683 0
      vertex 116.667 -18.1683 27
    endloop
  endfacet
  facet normal -0.472221 -0.88148 0
    outer loop
      vertex 115.752 -16.9753 0
      vertex 115.85 -17.0278 27
      vertex 115.752 -16.9753 27
    endloop
  endfacet
  facet normal -0.472221 -0.88148 -0
    outer loop
      vertex 115.85 -17.0278 27
      vertex 115.752 -16.9753 0
      vertex 115.85 -17.0278 0
    endloop
  endfacet
  facet normal -0.634509 -0.772915 0
    outer loop
      vertex 116.035 -17.1513 0
      vertex 116.121 -17.2219 27
      vertex 116.035 -17.1513 27
    endloop
  endfacet
  facet normal -0.634509 -0.772915 -0
    outer loop
      vertex 116.121 -17.2219 27
      vertex 116.035 -17.1513 0
      vertex 116.121 -17.2219 0
    endloop
  endfacet
  facet normal -0.816166 -0.577817 0
    outer loop
      vertex 116.413 -17.5555 0
      vertex 116.349 -17.4651 27
      vertex 116.349 -17.4651 0
    endloop
  endfacet
  facet normal -0.816166 -0.577817 0
    outer loop
      vertex 116.349 -17.4651 27
      vertex 116.413 -17.5555 0
      vertex 116.413 -17.5555 27
    endloop
  endfacet
  facet normal -0.84825 -0.529595 0
    outer loop
      vertex 116.472 -17.65 0
      vertex 116.413 -17.5555 27
      vertex 116.413 -17.5555 0
    endloop
  endfacet
  facet normal -0.84825 -0.529595 0
    outer loop
      vertex 116.413 -17.5555 27
      vertex 116.472 -17.65 0
      vertex 116.472 -17.65 27
    endloop
  endfacet
  facet normal -0.0324154 -0.999474 0
    outer loop
      vertex 115 -16.8 0
      vertex 115.111 -16.8036 27
      vertex 115 -16.8 27
    endloop
  endfacet
  facet normal -0.0324154 -0.999474 -0
    outer loop
      vertex 115.111 -16.8036 27
      vertex 115 -16.8 0
      vertex 115.111 -16.8036 0
    endloop
  endfacet
  facet normal 0.163235 -0.986587 0
    outer loop
      vertex 114.668 -16.8327 0
      vertex 114.778 -16.8145 27
      vertex 114.668 -16.8327 27
    endloop
  endfacet
  facet normal 0.163235 -0.986587 0
    outer loop
      vertex 114.778 -16.8145 27
      vertex 114.668 -16.8327 0
      vertex 114.778 -16.8145 0
    endloop
  endfacet
  facet normal 0.91052 -0.413464 0
    outer loop
      vertex 113.429 -17.8494 27
      vertex 113.475 -17.7481 0
      vertex 113.475 -17.7481 27
    endloop
  endfacet
  facet normal 0.91052 -0.413464 0
    outer loop
      vertex 113.475 -17.7481 0
      vertex 113.429 -17.8494 27
      vertex 113.429 -17.8494 0
    endloop
  endfacet
  facet normal -0.22723 -0.973841 0
    outer loop
      vertex 115.332 -16.8327 0
      vertex 115.44 -16.8579 27
      vertex 115.332 -16.8327 27
    endloop
  endfacet
  facet normal -0.22723 -0.973841 -0
    outer loop
      vertex 115.44 -16.8579 27
      vertex 115.332 -16.8327 0
      vertex 115.44 -16.8579 0
    endloop
  endfacet
  facet normal -0.91052 -0.413464 0
    outer loop
      vertex 116.571 -17.8494 0
      vertex 116.525 -17.7481 27
      vertex 116.525 -17.7481 0
    endloop
  endfacet
  facet normal -0.91052 -0.413464 0
    outer loop
      vertex 116.525 -17.7481 27
      vertex 116.571 -17.8494 0
      vertex 116.571 -17.8494 27
    endloop
  endfacet
  facet normal -0.730098 -0.683343 0
    outer loop
      vertex 116.278 -17.3791 0
      vertex 116.202 -17.2979 27
      vertex 116.202 -17.2979 0
    endloop
  endfacet
  facet normal -0.730098 -0.683343 0
    outer loop
      vertex 116.202 -17.2979 27
      vertex 116.278 -17.3791 0
      vertex 116.278 -17.3791 27
    endloop
  endfacet
  facet normal -0.529674 -0.848201 0
    outer loop
      vertex 115.85 -17.0278 0
      vertex 115.944 -17.0865 27
      vertex 115.85 -17.0278 27
    endloop
  endfacet
  facet normal -0.529674 -0.848201 -0
    outer loop
      vertex 115.944 -17.0865 27
      vertex 115.85 -17.0278 0
      vertex 115.944 -17.0865 0
    endloop
  endfacet
  facet normal 0.0324154 -0.999474 0
    outer loop
      vertex 114.889 -16.8036 0
      vertex 115 -16.8 27
      vertex 114.889 -16.8036 27
    endloop
  endfacet
  facet normal 0.0324154 -0.999474 0
    outer loop
      vertex 115 -16.8 27
      vertex 114.889 -16.8036 0
      vertex 115 -16.8 0
    endloop
  endfacet
  facet normal 0.22723 -0.973841 0
    outer loop
      vertex 114.56 -16.8579 0
      vertex 114.668 -16.8327 27
      vertex 114.56 -16.8579 27
    endloop
  endfacet
  facet normal 0.22723 -0.973841 0
    outer loop
      vertex 114.668 -16.8327 27
      vertex 114.56 -16.8579 0
      vertex 114.668 -16.8327 0
    endloop
  endfacet
  facet normal 0.634509 -0.772915 0
    outer loop
      vertex 113.879 -17.2219 0
      vertex 113.965 -17.1513 27
      vertex 113.879 -17.2219 27
    endloop
  endfacet
  facet normal 0.634509 -0.772915 0
    outer loop
      vertex 113.965 -17.1513 27
      vertex 113.879 -17.2219 0
      vertex 113.965 -17.1513 0
    endloop
  endfacet
  facet normal 0.684241 -0.729256 0
    outer loop
      vertex 113.798 -17.2979 0
      vertex 113.879 -17.2219 27
      vertex 113.798 -17.2979 27
    endloop
  endfacet
  facet normal 0.684241 -0.729256 0
    outer loop
      vertex 113.879 -17.2219 27
      vertex 113.798 -17.2979 0
      vertex 113.879 -17.2219 0
    endloop
  endfacet
  facet normal 0.730098 -0.683343 0
    outer loop
      vertex 113.722 -17.3791 27
      vertex 113.798 -17.2979 0
      vertex 113.798 -17.2979 27
    endloop
  endfacet
  facet normal 0.730098 -0.683343 0
    outer loop
      vertex 113.798 -17.2979 0
      vertex 113.722 -17.3791 27
      vertex 113.722 -17.3791 0
    endloop
  endfacet
  facet normal 0.84825 -0.529595 0
    outer loop
      vertex 113.528 -17.65 27
      vertex 113.587 -17.5555 0
      vertex 113.587 -17.5555 27
    endloop
  endfacet
  facet normal 0.84825 -0.529595 0
    outer loop
      vertex 113.587 -17.5555 0
      vertex 113.528 -17.65 27
      vertex 113.528 -17.65 0
    endloop
  endfacet
  facet normal 0.879808 -0.475329 0
    outer loop
      vertex 113.475 -17.7481 27
      vertex 113.528 -17.65 0
      vertex 113.528 -17.65 27
    endloop
  endfacet
  facet normal 0.879808 -0.475329 0
    outer loop
      vertex 113.528 -17.65 0
      vertex 113.475 -17.7481 27
      vertex 113.475 -17.7481 0
    endloop
  endfacet
  facet normal 0.936551 -0.350532 0
    outer loop
      vertex 113.39 -17.9536 27
      vertex 113.429 -17.8494 0
      vertex 113.429 -17.8494 27
    endloop
  endfacet
  facet normal 0.936551 -0.350532 0
    outer loop
      vertex 113.429 -17.8494 0
      vertex 113.39 -17.9536 27
      vertex 113.39 -17.9536 0
    endloop
  endfacet
  facet normal 0.957628 -0.288008 0
    outer loop
      vertex 113.358 -18.06 27
      vertex 113.39 -17.9536 0
      vertex 113.39 -17.9536 27
    endloop
  endfacet
  facet normal 0.957628 -0.288008 0
    outer loop
      vertex 113.39 -17.9536 0
      vertex 113.358 -18.06 27
      vertex 113.358 -18.06 0
    endloop
  endfacet
  facet normal 0.986828 -0.161775 0
    outer loop
      vertex 113.315 -18.2781 27
      vertex 113.333 -18.1683 0
      vertex 113.333 -18.1683 27
    endloop
  endfacet
  facet normal 0.986828 -0.161775 0
    outer loop
      vertex 113.333 -18.1683 0
      vertex 113.315 -18.2781 27
      vertex 113.315 -18.2781 0
    endloop
  endfacet
  facet normal 0.995099 -0.0988807 0
    outer loop
      vertex 113.304 -18.3888 27
      vertex 113.315 -18.2781 0
      vertex 113.315 -18.2781 27
    endloop
  endfacet
  facet normal 0.995099 -0.0988807 0
    outer loop
      vertex 113.315 -18.2781 0
      vertex 113.304 -18.3888 27
      vertex 113.304 -18.3888 0
    endloop
  endfacet
  facet normal -0.349754 -0.936842 0
    outer loop
      vertex 115.546 -16.8902 0
      vertex 115.651 -16.9294 27
      vertex 115.546 -16.8902 27
    endloop
  endfacet
  facet normal -0.349754 -0.936842 -0
    outer loop
      vertex 115.651 -16.9294 27
      vertex 115.546 -16.8902 0
      vertex 115.651 -16.9294 0
    endloop
  endfacet
  facet normal -0.291485 -0.956575 0
    outer loop
      vertex 115.44 -16.8579 0
      vertex 115.546 -16.8902 27
      vertex 115.44 -16.8579 27
    endloop
  endfacet
  facet normal -0.291485 -0.956575 -0
    outer loop
      vertex 115.546 -16.8902 27
      vertex 115.44 -16.8579 0
      vertex 115.546 -16.8902 0
    endloop
  endfacet
  facet normal -0.163235 -0.986587 0
    outer loop
      vertex 115.222 -16.8145 0
      vertex 115.332 -16.8327 27
      vertex 115.222 -16.8145 27
    endloop
  endfacet
  facet normal -0.163235 -0.986587 -0
    outer loop
      vertex 115.332 -16.8327 27
      vertex 115.222 -16.8145 0
      vertex 115.332 -16.8327 0
    endloop
  endfacet
  facet normal 0.0977281 -0.995213 0
    outer loop
      vertex 114.778 -16.8145 0
      vertex 114.889 -16.8036 27
      vertex 114.778 -16.8145 27
    endloop
  endfacet
  facet normal 0.0977281 -0.995213 0
    outer loop
      vertex 114.889 -16.8036 27
      vertex 114.778 -16.8145 0
      vertex 114.889 -16.8036 0
    endloop
  endfacet
  facet normal 0.291485 -0.956575 0
    outer loop
      vertex 114.454 -16.8902 0
      vertex 114.56 -16.8579 27
      vertex 114.454 -16.8902 27
    endloop
  endfacet
  facet normal 0.291485 -0.956575 0
    outer loop
      vertex 114.56 -16.8579 27
      vertex 114.454 -16.8902 0
      vertex 114.56 -16.8579 0
    endloop
  endfacet
  facet normal 0.529674 -0.848201 0
    outer loop
      vertex 114.056 -17.0865 0
      vertex 114.15 -17.0278 27
      vertex 114.056 -17.0865 27
    endloop
  endfacet
  facet normal 0.529674 -0.848201 0
    outer loop
      vertex 114.15 -17.0278 27
      vertex 114.056 -17.0865 0
      vertex 114.15 -17.0278 0
    endloop
  endfacet
  facet normal 0.349754 -0.936842 0
    outer loop
      vertex 114.349 -16.9294 0
      vertex 114.454 -16.8902 27
      vertex 114.349 -16.9294 27
    endloop
  endfacet
  facet normal 0.349754 -0.936842 0
    outer loop
      vertex 114.454 -16.8902 27
      vertex 114.349 -16.9294 0
      vertex 114.454 -16.8902 0
    endloop
  endfacet
  facet normal 0.580052 -0.814579 0
    outer loop
      vertex 113.965 -17.1513 0
      vertex 114.056 -17.0865 27
      vertex 113.965 -17.1513 27
    endloop
  endfacet
  facet normal 0.580052 -0.814579 0
    outer loop
      vertex 114.056 -17.0865 27
      vertex 113.965 -17.1513 0
      vertex 114.056 -17.0865 0
    endloop
  endfacet
  facet normal 0.413735 -0.910397 0
    outer loop
      vertex 114.248 -16.9753 0
      vertex 114.349 -16.9294 27
      vertex 114.248 -16.9753 27
    endloop
  endfacet
  facet normal 0.413735 -0.910397 0
    outer loop
      vertex 114.349 -16.9294 27
      vertex 114.248 -16.9753 0
      vertex 114.349 -16.9294 0
    endloop
  endfacet
  facet normal 0.472221 -0.88148 0
    outer loop
      vertex 114.15 -17.0278 0
      vertex 114.248 -16.9753 27
      vertex 114.15 -17.0278 27
    endloop
  endfacet
  facet normal 0.472221 -0.88148 0
    outer loop
      vertex 114.248 -16.9753 27
      vertex 114.15 -17.0278 0
      vertex 114.248 -16.9753 0
    endloop
  endfacet
  facet normal -0.634348 0.773047 0
    outer loop
      vertex 36.1209 -1.27813 0
      vertex 36.0349 -1.3487 27
      vertex 36.1209 -1.27813 27
    endloop
  endfacet
  facet normal -0.634348 0.773047 0
    outer loop
      vertex 36.0349 -1.3487 27
      vertex 36.1209 -1.27813 0
      vertex 36.0349 -1.3487 0
    endloop
  endfacet
  facet normal 0.352029 0.935989 -0
    outer loop
      vertex 34.4536 -1.60978 0
      vertex 34.3494 -1.57059 27
      vertex 34.4536 -1.60978 27
    endloop
  endfacet
  facet normal 0.352029 0.935989 0
    outer loop
      vertex 34.3494 -1.57059 27
      vertex 34.4536 -1.60978 0
      vertex 34.3494 -1.57059 0
    endloop
  endfacet
  facet normal 0.910903 0.412621 0
    outer loop
      vertex 33.4753 -0.75189 27
      vertex 33.4294 -0.650561 0
      vertex 33.4294 -0.650561 27
    endloop
  endfacet
  facet normal 0.910903 0.412621 0
    outer loop
      vertex 33.4294 -0.650561 0
      vertex 33.4753 -0.75189 27
      vertex 33.4753 -0.75189 0
    endloop
  endfacet
  facet normal -0.995188 -0.0979826 0
    outer loop
      vertex 36.6964 0.111185 0
      vertex 36.6855 0.221894 27
      vertex 36.6855 0.221894 0
    endloop
  endfacet
  facet normal -0.995188 -0.0979826 0
    outer loop
      vertex 36.6855 0.221894 27
      vertex 36.6964 0.111185 0
      vertex 36.6964 0.111185 27
    endloop
  endfacet
  facet normal -0.910903 0.412621 0
    outer loop
      vertex 36.5247 -0.75189 0
      vertex 36.5706 -0.650561 27
      vertex 36.5706 -0.650561 0
    endloop
  endfacet
  facet normal -0.910903 0.412621 0
    outer loop
      vertex 36.5706 -0.650561 27
      vertex 36.5247 -0.75189 0
      vertex 36.5247 -0.75189 27
    endloop
  endfacet
  facet normal -0.881698 0.471814 0
    outer loop
      vertex 36.4722 -0.849999 0
      vertex 36.5247 -0.75189 27
      vertex 36.5247 -0.75189 0
    endloop
  endfacet
  facet normal -0.881698 0.471814 0
    outer loop
      vertex 36.5247 -0.75189 27
      vertex 36.4722 -0.849999 0
      vertex 36.4722 -0.849999 27
    endloop
  endfacet
  facet normal -0.412793 0.910825 0
    outer loop
      vertex 35.7519 -1.52468 0
      vertex 35.6506 -1.57059 27
      vertex 35.7519 -1.52468 27
    endloop
  endfacet
  facet normal -0.412793 0.910825 0
    outer loop
      vertex 35.6506 -1.57059 27
      vertex 35.7519 -1.52468 0
      vertex 35.6506 -1.57059 0
    endloop
  endfacet
  facet normal 0.730056 0.683388 0
    outer loop
      vertex 33.7979 -1.20208 27
      vertex 33.7219 -1.12089 0
      vertex 33.7219 -1.12089 27
    endloop
  endfacet
  facet normal 0.730056 0.683388 0
    outer loop
      vertex 33.7219 -1.12089 0
      vertex 33.7979 -1.20208 27
      vertex 33.7979 -1.20208 0
    endloop
  endfacet
  facet normal 0.162913 0.986641 -0
    outer loop
      vertex 34.7781 -1.68546 0
      vertex 34.6683 -1.66733 27
      vertex 34.7781 -1.68546 27
    endloop
  endfacet
  facet normal 0.162913 0.986641 0
    outer loop
      vertex 34.6683 -1.66733 27
      vertex 34.7781 -1.68546 0
      vertex 34.6683 -1.66733 0
    endloop
  endfacet
  facet normal -0.935864 -0.352362 0
    outer loop
      vertex 36.6098 0.546447 0
      vertex 36.5706 0.650561 27
      vertex 36.5706 0.650561 0
    endloop
  endfacet
  facet normal -0.935864 -0.352362 0
    outer loop
      vertex 36.5706 0.650561 27
      vertex 36.6098 0.546447 0
      vertex 36.6098 0.546447 27
    endloop
  endfacet
  facet normal 0.683582 -0.729873 0
    outer loop
      vertex 33.7979 1.20208 0
      vertex 33.8791 1.27813 27
      vertex 33.7979 1.20208 27
    endloop
  endfacet
  facet normal 0.683582 -0.729873 0
    outer loop
      vertex 33.8791 1.27813 27
      vertex 33.7979 1.20208 0
      vertex 33.8791 1.27813 0
    endloop
  endfacet
  facet normal -0.986529 0.163584 0
    outer loop
      vertex 36.6673 -0.331653 0
      vertex 36.6855 -0.221894 27
      vertex 36.6855 -0.221894 0
    endloop
  endfacet
  facet normal -0.986529 0.163584 0
    outer loop
      vertex 36.6855 -0.221894 27
      vertex 36.6673 -0.331653 0
      vertex 36.6673 -0.331653 27
    endloop
  endfacet
  facet normal -0.973998 0.226555 0
    outer loop
      vertex 36.6421 -0.439992 0
      vertex 36.6673 -0.331653 27
      vertex 36.6673 -0.331653 0
    endloop
  endfacet
  facet normal -0.973998 0.226555 0
    outer loop
      vertex 36.6673 -0.331653 27
      vertex 36.6421 -0.439992 0
      vertex 36.6421 -0.439992 27
    endloop
  endfacet
  facet normal -0.772915 0.634509 0
    outer loop
      vertex 36.2781 -1.12089 0
      vertex 36.3487 -1.03489 27
      vertex 36.3487 -1.03489 0
    endloop
  endfacet
  facet normal -0.772915 0.634509 0
    outer loop
      vertex 36.3487 -1.03489 27
      vertex 36.2781 -1.12089 0
      vertex 36.2781 -1.12089 27
    endloop
  endfacet
  facet normal -0.812827 0.582504 0
    outer loop
      vertex 36.3487 -1.03489 0
      vertex 36.4135 -0.944468 27
      vertex 36.4135 -0.944468 0
    endloop
  endfacet
  facet normal -0.812827 0.582504 0
    outer loop
      vertex 36.4135 -0.944468 27
      vertex 36.3487 -1.03489 0
      vertex 36.3487 -1.03489 27
    endloop
  endfacet
  facet normal -0.582598 0.81276 0
    outer loop
      vertex 36.0349 -1.3487 0
      vertex 35.9445 -1.4135 27
      vertex 36.0349 -1.3487 27
    endloop
  endfacet
  facet normal -0.582598 0.81276 0
    outer loop
      vertex 35.9445 -1.4135 27
      vertex 36.0349 -1.3487 0
      vertex 35.9445 -1.4135 0
    endloop
  endfacet
  facet normal -0.0327163 0.999465 0
    outer loop
      vertex 35.1112 -1.69636 0
      vertex 35 -1.7 27
      vertex 35.1112 -1.69636 27
    endloop
  endfacet
  facet normal -0.0327163 0.999465 0
    outer loop
      vertex 35 -1.7 27
      vertex 35.1112 -1.69636 0
      vertex 35 -1.7 0
    endloop
  endfacet
  facet normal -0.0979904 0.995187 0
    outer loop
      vertex 35.2219 -1.68546 0
      vertex 35.1112 -1.69636 27
      vertex 35.2219 -1.68546 27
    endloop
  endfacet
  facet normal -0.0979904 0.995187 0
    outer loop
      vertex 35.1112 -1.69636 27
      vertex 35.2219 -1.68546 0
      vertex 35.1112 -1.69636 0
    endloop
  endfacet
  facet normal -0.227144 0.973861 0
    outer loop
      vertex 35.44 -1.64207 0
      vertex 35.3317 -1.66733 27
      vertex 35.44 -1.64207 27
    endloop
  endfacet
  facet normal -0.227144 0.973861 0
    outer loop
      vertex 35.3317 -1.66733 27
      vertex 35.44 -1.64207 0
      vertex 35.3317 -1.66733 0
    endloop
  endfacet
  facet normal 0.999476 0.0323615 0
    outer loop
      vertex 33.3036 -0.111185 27
      vertex 33.3 0 0
      vertex 33.3 0 27
    endloop
  endfacet
  facet normal 0.999476 0.0323615 0
    outer loop
      vertex 33.3 0 0
      vertex 33.3036 -0.111185 27
      vertex 33.3036 -0.111185 0
    endloop
  endfacet
  facet normal 0.995188 0.0979826 0
    outer loop
      vertex 33.3145 -0.221894 27
      vertex 33.3036 -0.111185 0
      vertex 33.3036 -0.111185 27
    endloop
  endfacet
  facet normal 0.995188 0.0979826 0
    outer loop
      vertex 33.3036 -0.111185 0
      vertex 33.3145 -0.221894 27
      vertex 33.3145 -0.221894 0
    endloop
  endfacet
  facet normal 0.973998 0.226555 0
    outer loop
      vertex 33.3579 -0.439992 27
      vertex 33.3327 -0.331653 0
      vertex 33.3327 -0.331653 27
    endloop
  endfacet
  facet normal 0.973998 0.226555 0
    outer loop
      vertex 33.3327 -0.331653 0
      vertex 33.3579 -0.439992 27
      vertex 33.3579 -0.439992 0
    endloop
  endfacet
  facet normal 0.812827 0.582504 0
    outer loop
      vertex 33.6513 -1.03489 27
      vertex 33.5865 -0.944468 0
      vertex 33.5865 -0.944468 27
    endloop
  endfacet
  facet normal 0.812827 0.582504 0
    outer loop
      vertex 33.5865 -0.944468 0
      vertex 33.6513 -1.03489 27
      vertex 33.6513 -1.03489 0
    endloop
  endfacet
  facet normal 0.227144 0.973861 -0
    outer loop
      vertex 34.6683 -1.66733 0
      vertex 34.56 -1.64207 27
      vertex 34.6683 -1.66733 27
    endloop
  endfacet
  facet normal 0.227144 0.973861 0
    outer loop
      vertex 34.56 -1.64207 27
      vertex 34.6683 -1.66733 0
      vertex 34.56 -1.64207 0
    endloop
  endfacet
  facet normal 0.0327163 0.999465 -0
    outer loop
      vertex 35 -1.7 0
      vertex 34.8888 -1.69636 27
      vertex 35 -1.7 27
    endloop
  endfacet
  facet normal 0.0327163 0.999465 0
    outer loop
      vertex 34.8888 -1.69636 27
      vertex 35 -1.7 0
      vertex 34.8888 -1.69636 0
    endloop
  endfacet
  facet normal 0.527913 0.849298 -0
    outer loop
      vertex 34.15 -1.47224 0
      vertex 34.0555 -1.4135 27
      vertex 34.15 -1.47224 27
    endloop
  endfacet
  facet normal 0.527913 0.849298 0
    outer loop
      vertex 34.0555 -1.4135 27
      vertex 34.15 -1.47224 0
      vertex 34.0555 -1.4135 0
    endloop
  endfacet
  facet normal 0.412793 0.910825 -0
    outer loop
      vertex 34.3494 -1.57059 0
      vertex 34.2481 -1.52468 27
      vertex 34.3494 -1.57059 27
    endloop
  endfacet
  facet normal 0.412793 0.910825 0
    outer loop
      vertex 34.2481 -1.52468 27
      vertex 34.3494 -1.57059 0
      vertex 34.2481 -1.52468 0
    endloop
  endfacet
  facet normal 0.683582 0.729873 -0
    outer loop
      vertex 33.8791 -1.27813 0
      vertex 33.7979 -1.20208 27
      vertex 33.8791 -1.27813 27
    endloop
  endfacet
  facet normal 0.683582 0.729873 0
    outer loop
      vertex 33.7979 -1.20208 27
      vertex 33.8791 -1.27813 0
      vertex 33.7979 -1.20208 0
    endloop
  endfacet
  facet normal -0.999476 0.0323615 0
    outer loop
      vertex 36.6964 -0.111185 0
      vertex 36.7 0 27
      vertex 36.7 0 0
    endloop
  endfacet
  facet normal -0.999476 0.0323615 0
    outer loop
      vertex 36.7 0 27
      vertex 36.6964 -0.111185 0
      vertex 36.6964 -0.111185 27
    endloop
  endfacet
  facet normal -0.0327163 -0.999465 0
    outer loop
      vertex 35 1.7 0
      vertex 35.1112 1.69636 27
      vertex 35 1.7 27
    endloop
  endfacet
  facet normal -0.0327163 -0.999465 -0
    outer loop
      vertex 35.1112 1.69636 27
      vertex 35 1.7 0
      vertex 35.1112 1.69636 0
    endloop
  endfacet
  facet normal -0.956922 -0.290344 0
    outer loop
      vertex 36.6421 0.439992 0
      vertex 36.6098 0.546447 27
      vertex 36.6098 0.546447 0
    endloop
  endfacet
  facet normal -0.956922 -0.290344 0
    outer loop
      vertex 36.6098 0.546447 27
      vertex 36.6421 0.439992 0
      vertex 36.6421 0.439992 27
    endloop
  endfacet
  facet normal -0.772915 -0.634509 0
    outer loop
      vertex 36.3487 1.03489 0
      vertex 36.2781 1.12089 27
      vertex 36.2781 1.12089 0
    endloop
  endfacet
  facet normal -0.772915 -0.634509 0
    outer loop
      vertex 36.2781 1.12089 27
      vertex 36.3487 1.03489 0
      vertex 36.3487 1.03489 27
    endloop
  endfacet
  facet normal -0.227144 -0.973861 0
    outer loop
      vertex 35.3317 1.66733 0
      vertex 35.44 1.64207 27
      vertex 35.3317 1.66733 27
    endloop
  endfacet
  facet normal -0.227144 -0.973861 -0
    outer loop
      vertex 35.44 1.64207 27
      vertex 35.3317 1.66733 0
      vertex 35.44 1.64207 0
    endloop
  endfacet
  facet normal -0.634348 -0.773047 0
    outer loop
      vertex 36.0349 1.3487 0
      vertex 36.1209 1.27813 27
      vertex 36.0349 1.3487 27
    endloop
  endfacet
  facet normal -0.634348 -0.773047 -0
    outer loop
      vertex 36.1209 1.27813 27
      vertex 36.0349 1.3487 0
      vertex 36.1209 1.27813 0
    endloop
  endfacet
  facet normal 0.973998 -0.226555 0
    outer loop
      vertex 33.3327 0.331653 27
      vertex 33.3579 0.439992 0
      vertex 33.3579 0.439992 27
    endloop
  endfacet
  facet normal 0.973998 -0.226555 0
    outer loop
      vertex 33.3579 0.439992 0
      vertex 33.3327 0.331653 27
      vertex 33.3327 0.331653 0
    endloop
  endfacet
  facet normal 0.935864 -0.352362 0
    outer loop
      vertex 33.3902 0.546447 27
      vertex 33.4294 0.650561 0
      vertex 33.4294 0.650561 27
    endloop
  endfacet
  facet normal 0.935864 -0.352362 0
    outer loop
      vertex 33.4294 0.650561 0
      vertex 33.3902 0.546447 27
      vertex 33.3902 0.546447 0
    endloop
  endfacet
  facet normal 0.986529 -0.163584 0
    outer loop
      vertex 33.3145 0.221894 27
      vertex 33.3327 0.331653 0
      vertex 33.3327 0.331653 27
    endloop
  endfacet
  facet normal 0.986529 -0.163584 0
    outer loop
      vertex 33.3327 0.331653 0
      vertex 33.3145 0.221894 27
      vertex 33.3145 0.221894 0
    endloop
  endfacet
  facet normal 0.999476 -0.0323615 0
    outer loop
      vertex 33.3 0 27
      vertex 33.3036 0.111185 0
      vertex 33.3036 0.111185 27
    endloop
  endfacet
  facet normal 0.999476 -0.0323615 0
    outer loop
      vertex 33.3036 0.111185 0
      vertex 33.3 0 27
      vertex 33.3 0 0
    endloop
  endfacet
  facet normal 0.812827 -0.582504 0
    outer loop
      vertex 33.5865 0.944468 27
      vertex 33.6513 1.03489 0
      vertex 33.6513 1.03489 27
    endloop
  endfacet
  facet normal 0.812827 -0.582504 0
    outer loop
      vertex 33.6513 1.03489 0
      vertex 33.5865 0.944468 27
      vertex 33.5865 0.944468 0
    endloop
  endfacet
  facet normal 0.910903 -0.412621 0
    outer loop
      vertex 33.4294 0.650561 27
      vertex 33.4753 0.75189 0
      vertex 33.4753 0.75189 27
    endloop
  endfacet
  facet normal 0.910903 -0.412621 0
    outer loop
      vertex 33.4753 0.75189 0
      vertex 33.4294 0.650561 27
      vertex 33.4294 0.650561 0
    endloop
  endfacet
  facet normal 0.730056 -0.683388 0
    outer loop
      vertex 33.7219 1.12089 27
      vertex 33.7979 1.20208 0
      vertex 33.7979 1.20208 27
    endloop
  endfacet
  facet normal 0.730056 -0.683388 0
    outer loop
      vertex 33.7979 1.20208 0
      vertex 33.7219 1.12089 27
      vertex 33.7219 1.12089 0
    endloop
  endfacet
  facet normal -0.935864 0.352362 0
    outer loop
      vertex 36.5706 -0.650561 0
      vertex 36.6098 -0.546447 27
      vertex 36.6098 -0.546447 0
    endloop
  endfacet
  facet normal -0.935864 0.352362 0
    outer loop
      vertex 36.6098 -0.546447 27
      vertex 36.5706 -0.650561 0
      vertex 36.5706 -0.650561 27
    endloop
  endfacet
  facet normal -0.956922 0.290344 0
    outer loop
      vertex 36.6098 -0.546447 0
      vertex 36.6421 -0.439992 27
      vertex 36.6421 -0.439992 0
    endloop
  endfacet
  facet normal -0.956922 0.290344 0
    outer loop
      vertex 36.6421 -0.439992 27
      vertex 36.6098 -0.546447 0
      vertex 36.6098 -0.546447 27
    endloop
  endfacet
  facet normal -0.849382 0.527779 0
    outer loop
      vertex 36.4135 -0.944468 0
      vertex 36.4722 -0.849999 27
      vertex 36.4722 -0.849999 0
    endloop
  endfacet
  facet normal -0.849382 0.527779 0
    outer loop
      vertex 36.4722 -0.849999 27
      vertex 36.4135 -0.944468 0
      vertex 36.4135 -0.944468 27
    endloop
  endfacet
  facet normal -0.730056 0.683388 0
    outer loop
      vertex 36.2021 -1.20208 0
      vertex 36.2781 -1.12089 27
      vertex 36.2781 -1.12089 0
    endloop
  endfacet
  facet normal -0.730056 0.683388 0
    outer loop
      vertex 36.2781 -1.12089 27
      vertex 36.2021 -1.20208 0
      vertex 36.2021 -1.20208 27
    endloop
  endfacet
  facet normal -0.683582 0.729873 0
    outer loop
      vertex 36.2021 -1.20208 0
      vertex 36.1209 -1.27813 27
      vertex 36.2021 -1.20208 27
    endloop
  endfacet
  facet normal -0.683582 0.729873 0
    outer loop
      vertex 36.1209 -1.27813 27
      vertex 36.2021 -1.20208 0
      vertex 36.1209 -1.27813 0
    endloop
  endfacet
  facet normal -0.471428 0.881905 0
    outer loop
      vertex 35.85 -1.47224 0
      vertex 35.7519 -1.52468 27
      vertex 35.85 -1.47224 27
    endloop
  endfacet
  facet normal -0.471428 0.881905 0
    outer loop
      vertex 35.7519 -1.52468 27
      vertex 35.85 -1.47224 0
      vertex 35.7519 -1.52468 0
    endloop
  endfacet
  facet normal -0.527913 0.849298 0
    outer loop
      vertex 35.9445 -1.4135 0
      vertex 35.85 -1.47224 27
      vertex 35.9445 -1.4135 27
    endloop
  endfacet
  facet normal -0.527913 0.849298 0
    outer loop
      vertex 35.85 -1.47224 27
      vertex 35.9445 -1.4135 0
      vertex 35.85 -1.47224 0
    endloop
  endfacet
  facet normal -0.290399 0.956906 0
    outer loop
      vertex 35.5464 -1.60978 0
      vertex 35.44 -1.64207 27
      vertex 35.5464 -1.60978 27
    endloop
  endfacet
  facet normal -0.290399 0.956906 0
    outer loop
      vertex 35.44 -1.64207 27
      vertex 35.5464 -1.60978 0
      vertex 35.44 -1.64207 0
    endloop
  endfacet
  facet normal -0.352029 0.935989 0
    outer loop
      vertex 35.6506 -1.57059 0
      vertex 35.5464 -1.60978 27
      vertex 35.6506 -1.57059 27
    endloop
  endfacet
  facet normal -0.352029 0.935989 0
    outer loop
      vertex 35.5464 -1.60978 27
      vertex 35.6506 -1.57059 0
      vertex 35.5464 -1.60978 0
    endloop
  endfacet
  facet normal 0.956922 0.290344 0
    outer loop
      vertex 33.3902 -0.546447 27
      vertex 33.3579 -0.439992 0
      vertex 33.3579 -0.439992 27
    endloop
  endfacet
  facet normal 0.956922 0.290344 0
    outer loop
      vertex 33.3579 -0.439992 0
      vertex 33.3902 -0.546447 27
      vertex 33.3902 -0.546447 0
    endloop
  endfacet
  facet normal 0.935864 0.352362 0
    outer loop
      vertex 33.4294 -0.650561 27
      vertex 33.3902 -0.546447 0
      vertex 33.3902 -0.546447 27
    endloop
  endfacet
  facet normal 0.935864 0.352362 0
    outer loop
      vertex 33.3902 -0.546447 0
      vertex 33.4294 -0.650561 27
      vertex 33.4294 -0.650561 0
    endloop
  endfacet
  facet normal 0.881698 0.471814 0
    outer loop
      vertex 33.5278 -0.849999 27
      vertex 33.4753 -0.75189 0
      vertex 33.4753 -0.75189 27
    endloop
  endfacet
  facet normal 0.881698 0.471814 0
    outer loop
      vertex 33.4753 -0.75189 0
      vertex 33.5278 -0.849999 27
      vertex 33.5278 -0.849999 0
    endloop
  endfacet
  facet normal 0.290399 0.956906 -0
    outer loop
      vertex 34.56 -1.64207 0
      vertex 34.4536 -1.60978 27
      vertex 34.56 -1.64207 27
    endloop
  endfacet
  facet normal 0.290399 0.956906 0
    outer loop
      vertex 34.4536 -1.60978 27
      vertex 34.56 -1.64207 0
      vertex 34.4536 -1.60978 0
    endloop
  endfacet
  facet normal 0.0979904 0.995187 -0
    outer loop
      vertex 34.8888 -1.69636 0
      vertex 34.7781 -1.68546 27
      vertex 34.8888 -1.69636 27
    endloop
  endfacet
  facet normal 0.0979904 0.995187 0
    outer loop
      vertex 34.7781 -1.68546 27
      vertex 34.8888 -1.69636 0
      vertex 34.7781 -1.68546 0
    endloop
  endfacet
  facet normal 0.471428 0.881905 -0
    outer loop
      vertex 34.2481 -1.52468 0
      vertex 34.15 -1.47224 27
      vertex 34.2481 -1.52468 27
    endloop
  endfacet
  facet normal 0.471428 0.881905 0
    outer loop
      vertex 34.15 -1.47224 27
      vertex 34.2481 -1.52468 0
      vertex 34.15 -1.47224 0
    endloop
  endfacet
  facet normal 0.634348 0.773047 -0
    outer loop
      vertex 33.9651 -1.3487 0
      vertex 33.8791 -1.27813 27
      vertex 33.9651 -1.3487 27
    endloop
  endfacet
  facet normal 0.634348 0.773047 0
    outer loop
      vertex 33.8791 -1.27813 27
      vertex 33.9651 -1.3487 0
      vertex 33.8791 -1.27813 0
    endloop
  endfacet
  facet normal 0.582598 0.81276 -0
    outer loop
      vertex 34.0555 -1.4135 0
      vertex 33.9651 -1.3487 27
      vertex 34.0555 -1.4135 27
    endloop
  endfacet
  facet normal 0.582598 0.81276 0
    outer loop
      vertex 33.9651 -1.3487 27
      vertex 34.0555 -1.4135 0
      vertex 33.9651 -1.3487 0
    endloop
  endfacet
  facet normal -0.999476 -0.0323615 0
    outer loop
      vertex 36.7 0 0
      vertex 36.6964 0.111185 27
      vertex 36.6964 0.111185 0
    endloop
  endfacet
  facet normal -0.999476 -0.0323615 0
    outer loop
      vertex 36.6964 0.111185 27
      vertex 36.7 0 0
      vertex 36.7 0 27
    endloop
  endfacet
  facet normal -0.986529 -0.163584 0
    outer loop
      vertex 36.6855 0.221894 0
      vertex 36.6673 0.331653 27
      vertex 36.6673 0.331653 0
    endloop
  endfacet
  facet normal -0.986529 -0.163584 0
    outer loop
      vertex 36.6673 0.331653 27
      vertex 36.6855 0.221894 0
      vertex 36.6855 0.221894 27
    endloop
  endfacet
  facet normal -0.0979904 -0.995187 0
    outer loop
      vertex 35.1112 1.69636 0
      vertex 35.2219 1.68546 27
      vertex 35.1112 1.69636 27
    endloop
  endfacet
  facet normal -0.0979904 -0.995187 -0
    outer loop
      vertex 35.2219 1.68546 27
      vertex 35.1112 1.69636 0
      vertex 35.2219 1.68546 0
    endloop
  endfacet
  facet normal -0.290399 -0.956906 0
    outer loop
      vertex 35.44 1.64207 0
      vertex 35.5464 1.60978 27
      vertex 35.44 1.64207 27
    endloop
  endfacet
  facet normal -0.290399 -0.956906 -0
    outer loop
      vertex 35.5464 1.60978 27
      vertex 35.44 1.64207 0
      vertex 35.5464 1.60978 0
    endloop
  endfacet
  facet normal -0.683582 -0.729873 0
    outer loop
      vertex 36.1209 1.27813 0
      vertex 36.2021 1.20208 27
      vertex 36.1209 1.27813 27
    endloop
  endfacet
  facet normal -0.683582 -0.729873 -0
    outer loop
      vertex 36.2021 1.20208 27
      vertex 36.1209 1.27813 0
      vertex 36.2021 1.20208 0
    endloop
  endfacet
  facet normal -0.527913 -0.849298 0
    outer loop
      vertex 35.85 1.47224 0
      vertex 35.9445 1.4135 27
      vertex 35.85 1.47224 27
    endloop
  endfacet
  facet normal -0.527913 -0.849298 -0
    outer loop
      vertex 35.9445 1.4135 27
      vertex 35.85 1.47224 0
      vertex 35.9445 1.4135 0
    endloop
  endfacet
  facet normal -0.582598 -0.81276 0
    outer loop
      vertex 35.9445 1.4135 0
      vertex 36.0349 1.3487 27
      vertex 35.9445 1.4135 27
    endloop
  endfacet
  facet normal -0.582598 -0.81276 -0
    outer loop
      vertex 36.0349 1.3487 27
      vertex 35.9445 1.4135 0
      vertex 36.0349 1.3487 0
    endloop
  endfacet
  facet normal -0.412793 -0.910825 0
    outer loop
      vertex 35.6506 1.57059 0
      vertex 35.7519 1.52468 27
      vertex 35.6506 1.57059 27
    endloop
  endfacet
  facet normal -0.412793 -0.910825 -0
    outer loop
      vertex 35.7519 1.52468 27
      vertex 35.6506 1.57059 0
      vertex 35.7519 1.52468 0
    endloop
  endfacet
  facet normal 0.352029 -0.935989 0
    outer loop
      vertex 34.3494 1.57059 0
      vertex 34.4536 1.60978 27
      vertex 34.3494 1.57059 27
    endloop
  endfacet
  facet normal 0.352029 -0.935989 0
    outer loop
      vertex 34.4536 1.60978 27
      vertex 34.3494 1.57059 0
      vertex 34.4536 1.60978 0
    endloop
  endfacet
  facet normal 0.0327163 -0.999465 0
    outer loop
      vertex 34.8888 1.69636 0
      vertex 35 1.7 27
      vertex 34.8888 1.69636 27
    endloop
  endfacet
  facet normal 0.0327163 -0.999465 0
    outer loop
      vertex 35 1.7 27
      vertex 34.8888 1.69636 0
      vertex 35 1.7 0
    endloop
  endfacet
  facet normal 0.162913 -0.986641 0
    outer loop
      vertex 34.6683 1.66733 0
      vertex 34.7781 1.68546 27
      vertex 34.6683 1.66733 27
    endloop
  endfacet
  facet normal 0.162913 -0.986641 0
    outer loop
      vertex 34.7781 1.68546 27
      vertex 34.6683 1.66733 0
      vertex 34.7781 1.68546 0
    endloop
  endfacet
  facet normal 0.0979904 -0.995187 0
    outer loop
      vertex 34.7781 1.68546 0
      vertex 34.8888 1.69636 27
      vertex 34.7781 1.68546 27
    endloop
  endfacet
  facet normal 0.0979904 -0.995187 0
    outer loop
      vertex 34.8888 1.69636 27
      vertex 34.7781 1.68546 0
      vertex 34.8888 1.69636 0
    endloop
  endfacet
  facet normal 0.227144 -0.973861 0
    outer loop
      vertex 34.56 1.64207 0
      vertex 34.6683 1.66733 27
      vertex 34.56 1.64207 27
    endloop
  endfacet
  facet normal 0.227144 -0.973861 0
    outer loop
      vertex 34.6683 1.66733 27
      vertex 34.56 1.64207 0
      vertex 34.6683 1.66733 0
    endloop
  endfacet
  facet normal 0.471428 -0.881905 0
    outer loop
      vertex 34.15 1.47224 0
      vertex 34.2481 1.52468 27
      vertex 34.15 1.47224 27
    endloop
  endfacet
  facet normal 0.471428 -0.881905 0
    outer loop
      vertex 34.2481 1.52468 27
      vertex 34.15 1.47224 0
      vertex 34.2481 1.52468 0
    endloop
  endfacet
  facet normal 0.527913 -0.849298 0
    outer loop
      vertex 34.0555 1.4135 0
      vertex 34.15 1.47224 27
      vertex 34.0555 1.4135 27
    endloop
  endfacet
  facet normal 0.527913 -0.849298 0
    outer loop
      vertex 34.15 1.47224 27
      vertex 34.0555 1.4135 0
      vertex 34.15 1.47224 0
    endloop
  endfacet
  facet normal 0.412793 -0.910825 0
    outer loop
      vertex 34.2481 1.52468 0
      vertex 34.3494 1.57059 27
      vertex 34.2481 1.52468 27
    endloop
  endfacet
  facet normal 0.412793 -0.910825 0
    outer loop
      vertex 34.3494 1.57059 27
      vertex 34.2481 1.52468 0
      vertex 34.3494 1.57059 0
    endloop
  endfacet
  facet normal 0.634348 -0.773047 0
    outer loop
      vertex 33.8791 1.27813 0
      vertex 33.9651 1.3487 27
      vertex 33.8791 1.27813 27
    endloop
  endfacet
  facet normal 0.634348 -0.773047 0
    outer loop
      vertex 33.9651 1.3487 27
      vertex 33.8791 1.27813 0
      vertex 33.9651 1.3487 0
    endloop
  endfacet
  facet normal 0.582598 -0.81276 0
    outer loop
      vertex 33.9651 1.3487 0
      vertex 34.0555 1.4135 27
      vertex 33.9651 1.3487 27
    endloop
  endfacet
  facet normal 0.582598 -0.81276 0
    outer loop
      vertex 34.0555 1.4135 27
      vertex 33.9651 1.3487 0
      vertex 34.0555 1.4135 0
    endloop
  endfacet
  facet normal 0.956922 -0.290344 0
    outer loop
      vertex 33.3579 0.439992 27
      vertex 33.3902 0.546447 0
      vertex 33.3902 0.546447 27
    endloop
  endfacet
  facet normal 0.956922 -0.290344 0
    outer loop
      vertex 33.3902 0.546447 0
      vertex 33.3579 0.439992 27
      vertex 33.3579 0.439992 0
    endloop
  endfacet
  facet normal 0.995188 -0.0979826 0
    outer loop
      vertex 33.3036 0.111185 27
      vertex 33.3145 0.221894 0
      vertex 33.3145 0.221894 27
    endloop
  endfacet
  facet normal 0.995188 -0.0979826 0
    outer loop
      vertex 33.3145 0.221894 0
      vertex 33.3036 0.111185 27
      vertex 33.3036 0.111185 0
    endloop
  endfacet
  facet normal 0.881698 -0.471814 0
    outer loop
      vertex 33.4753 0.75189 27
      vertex 33.5278 0.849999 0
      vertex 33.5278 0.849999 27
    endloop
  endfacet
  facet normal 0.881698 -0.471814 0
    outer loop
      vertex 33.5278 0.849999 0
      vertex 33.4753 0.75189 27
      vertex 33.4753 0.75189 0
    endloop
  endfacet
  facet normal -0.995188 0.0979826 0
    outer loop
      vertex 36.6855 -0.221894 0
      vertex 36.6964 -0.111185 27
      vertex 36.6964 -0.111185 0
    endloop
  endfacet
  facet normal -0.995188 0.0979826 0
    outer loop
      vertex 36.6964 -0.111185 27
      vertex 36.6855 -0.221894 0
      vertex 36.6855 -0.221894 27
    endloop
  endfacet
  facet normal -0.162913 0.986641 0
    outer loop
      vertex 35.3317 -1.66733 0
      vertex 35.2219 -1.68546 27
      vertex 35.3317 -1.66733 27
    endloop
  endfacet
  facet normal -0.162913 0.986641 0
    outer loop
      vertex 35.2219 -1.68546 27
      vertex 35.3317 -1.66733 0
      vertex 35.2219 -1.68546 0
    endloop
  endfacet
  facet normal 0.986529 0.163584 0
    outer loop
      vertex 33.3327 -0.331653 27
      vertex 33.3145 -0.221894 0
      vertex 33.3145 -0.221894 27
    endloop
  endfacet
  facet normal 0.986529 0.163584 0
    outer loop
      vertex 33.3145 -0.221894 0
      vertex 33.3327 -0.331653 27
      vertex 33.3327 -0.331653 0
    endloop
  endfacet
  facet normal 0.849382 0.527779 0
    outer loop
      vertex 33.5865 -0.944468 27
      vertex 33.5278 -0.849999 0
      vertex 33.5278 -0.849999 27
    endloop
  endfacet
  facet normal 0.849382 0.527779 0
    outer loop
      vertex 33.5278 -0.849999 0
      vertex 33.5865 -0.944468 27
      vertex 33.5865 -0.944468 0
    endloop
  endfacet
  facet normal 0.772915 0.634509 0
    outer loop
      vertex 33.7219 -1.12089 27
      vertex 33.6513 -1.03489 0
      vertex 33.6513 -1.03489 27
    endloop
  endfacet
  facet normal 0.772915 0.634509 0
    outer loop
      vertex 33.6513 -1.03489 0
      vertex 33.7219 -1.12089 27
      vertex 33.7219 -1.12089 0
    endloop
  endfacet
  facet normal -0.973998 -0.226555 0
    outer loop
      vertex 36.6673 0.331653 0
      vertex 36.6421 0.439992 27
      vertex 36.6421 0.439992 0
    endloop
  endfacet
  facet normal -0.973998 -0.226555 0
    outer loop
      vertex 36.6421 0.439992 27
      vertex 36.6673 0.331653 0
      vertex 36.6673 0.331653 27
    endloop
  endfacet
  facet normal -0.910903 -0.412621 0
    outer loop
      vertex 36.5706 0.650561 0
      vertex 36.5247 0.75189 27
      vertex 36.5247 0.75189 0
    endloop
  endfacet
  facet normal -0.910903 -0.412621 0
    outer loop
      vertex 36.5247 0.75189 27
      vertex 36.5706 0.650561 0
      vertex 36.5706 0.650561 27
    endloop
  endfacet
  facet normal -0.162913 -0.986641 0
    outer loop
      vertex 35.2219 1.68546 0
      vertex 35.3317 1.66733 27
      vertex 35.2219 1.68546 27
    endloop
  endfacet
  facet normal -0.162913 -0.986641 -0
    outer loop
      vertex 35.3317 1.66733 27
      vertex 35.2219 1.68546 0
      vertex 35.3317 1.66733 0
    endloop
  endfacet
  facet normal -0.352029 -0.935989 0
    outer loop
      vertex 35.5464 1.60978 0
      vertex 35.6506 1.57059 27
      vertex 35.5464 1.60978 27
    endloop
  endfacet
  facet normal -0.352029 -0.935989 -0
    outer loop
      vertex 35.6506 1.57059 27
      vertex 35.5464 1.60978 0
      vertex 35.6506 1.57059 0
    endloop
  endfacet
  facet normal -0.730056 -0.683388 0
    outer loop
      vertex 36.2781 1.12089 0
      vertex 36.2021 1.20208 27
      vertex 36.2021 1.20208 0
    endloop
  endfacet
  facet normal -0.730056 -0.683388 0
    outer loop
      vertex 36.2021 1.20208 27
      vertex 36.2781 1.12089 0
      vertex 36.2781 1.12089 27
    endloop
  endfacet
  facet normal -0.471428 -0.881905 0
    outer loop
      vertex 35.7519 1.52468 0
      vertex 35.85 1.47224 27
      vertex 35.7519 1.52468 27
    endloop
  endfacet
  facet normal -0.471428 -0.881905 -0
    outer loop
      vertex 35.85 1.47224 27
      vertex 35.7519 1.52468 0
      vertex 35.85 1.47224 0
    endloop
  endfacet
  facet normal 0.290399 -0.956906 0
    outer loop
      vertex 34.4536 1.60978 0
      vertex 34.56 1.64207 27
      vertex 34.4536 1.60978 27
    endloop
  endfacet
  facet normal 0.290399 -0.956906 0
    outer loop
      vertex 34.56 1.64207 27
      vertex 34.4536 1.60978 0
      vertex 34.56 1.64207 0
    endloop
  endfacet
  facet normal 0.849382 -0.527779 0
    outer loop
      vertex 33.5278 0.849999 27
      vertex 33.5865 0.944468 0
      vertex 33.5865 0.944468 27
    endloop
  endfacet
  facet normal 0.849382 -0.527779 0
    outer loop
      vertex 33.5865 0.944468 0
      vertex 33.5278 0.849999 27
      vertex 33.5278 0.849999 0
    endloop
  endfacet
  facet normal 0.772915 -0.634509 0
    outer loop
      vertex 33.6513 1.03489 27
      vertex 33.7219 1.12089 0
      vertex 33.7219 1.12089 27
    endloop
  endfacet
  facet normal 0.772915 -0.634509 0
    outer loop
      vertex 33.7219 1.12089 0
      vertex 33.6513 1.03489 27
      vertex 33.6513 1.03489 0
    endloop
  endfacet
  facet normal -0.849382 -0.527779 0
    outer loop
      vertex 36.4722 0.849999 0
      vertex 36.4135 0.944468 27
      vertex 36.4135 0.944468 0
    endloop
  endfacet
  facet normal -0.849382 -0.527779 0
    outer loop
      vertex 36.4135 0.944468 27
      vertex 36.4722 0.849999 0
      vertex 36.4722 0.849999 27
    endloop
  endfacet
  facet normal -0.881698 -0.471814 0
    outer loop
      vertex 36.5247 0.75189 0
      vertex 36.4722 0.849999 27
      vertex 36.4722 0.849999 0
    endloop
  endfacet
  facet normal -0.881698 -0.471814 0
    outer loop
      vertex 36.4722 0.849999 27
      vertex 36.5247 0.75189 0
      vertex 36.5247 0.75189 27
    endloop
  endfacet
  facet normal -0.812827 -0.582504 0
    outer loop
      vertex 36.4135 0.944468 0
      vertex 36.3487 1.03489 27
      vertex 36.3487 1.03489 0
    endloop
  endfacet
  facet normal -0.812827 -0.582504 0
    outer loop
      vertex 36.3487 1.03489 27
      vertex 36.4135 0.944468 0
      vertex 36.4135 0.944468 27
    endloop
  endfacet
  facet normal 1 0 0
    outer loop
      vertex 104.5 -9 27
      vertex 104.5 -12.7 27
      vertex 104.5 -9 17
    endloop
  endfacet
  facet normal 1 0 0
    outer loop
      vertex 104.5 9 17
      vertex 104.5 12.7 27
      vertex 104.5 9 27
    endloop
  endfacet
  facet normal 1 0 0
    outer loop
      vertex 104.5 12.7 27
      vertex 104.5 9 17
      vertex 104.5 12.7 9.2
    endloop
  endfacet
  facet normal 1 -0 0
    outer loop
      vertex 104.5 -9 17
      vertex 104.5 12.7 9.2
      vertex 104.5 9 17
    endloop
  endfacet
  facet normal 1 0 0
    outer loop
      vertex 104.5 -9 17
      vertex 104.5 -12.7 9.2
      vertex 104.5 12.7 9.2
    endloop
  endfacet
  facet normal 1 0 0
    outer loop
      vertex 104.5 -12.7 9.2
      vertex 104.5 -9 17
      vertex 104.5 -12.7 27
    endloop
  endfacet
  facet normal 0 1 -0
    outer loop
      vertex 122.5 -12.7 9.2
      vertex 104.5 -12.7 27
      vertex 122.5 -12.7 27
    endloop
  endfacet
  facet normal 0 1 0
    outer loop
      vertex 104.5 -12.7 27
      vertex 122.5 -12.7 9.2
      vertex 104.5 -12.7 9.2
    endloop
  endfacet
  facet normal -0 0 1
    outer loop
      vertex 104.5 12.7 9.2
      vertex 122.5 -12.7 9.2
      vertex 122.5 12.7 9.2
    endloop
  endfacet
  facet normal 0 0 1
    outer loop
      vertex 122.5 -12.7 9.2
      vertex 104.5 12.7 9.2
      vertex 104.5 -12.7 9.2
    endloop
  endfacet
  facet normal 0 -1 0
    outer loop
      vertex 104.5 12.7 9.2
      vertex 122.5 12.7 27
      vertex 104.5 12.7 27
    endloop
  endfacet
  facet normal 0 -1 -0
    outer loop
      vertex 122.5 12.7 27
      vertex 104.5 12.7 9.2
      vertex 122.5 12.7 9.2
    endloop
  endfacet
  facet normal 0 1 -0
    outer loop
      vertex 104.5 -9 17
      vertex 98 -9 27
      vertex 104.5 -9 27
    endloop
  endfacet
  facet normal 0 1 0
    outer loop
      vertex 98 -9 27
      vertex 104.5 -9 17
      vertex 98 -9 17
    endloop
  endfacet
  facet normal -0 0 1
    outer loop
      vertex 98 9 17
      vertex 104.5 -9 17
      vertex 104.5 9 17
    endloop
  endfacet
  facet normal 0 0 1
    outer loop
      vertex 104.5 -9 17
      vertex 98 9 17
      vertex 98 -9 17
    endloop
  endfacet
  facet normal 0 -1 0
    outer loop
      vertex 98 9 17
      vertex 104.5 9 27
      vertex 98 9 27
    endloop
  endfacet
  facet normal 0 -1 -0
    outer loop
      vertex 104.5 9 27
      vertex 98 9 17
      vertex 104.5 9 17
    endloop
  endfacet
  facet normal 0.226843 0 0.973931
    outer loop
      vertex 79.8353 21.487 22.6533
      vertex 80.1221 19.101 22.5865
      vertex 80.1221 21.5065 22.5865
    endloop
  endfacet
  facet normal 0.226843 0 0.973931
    outer loop
      vertex 80.1221 19.101 22.5865
      vertex 79.8353 21.487 22.6533
      vertex 79.8353 19.0814 22.6533
    endloop
  endfacet
  facet normal 0.995174 0 0.0981253
    outer loop
      vertex 76.5096 21.2599 26.7057
      vertex 76.5385 18.8563 26.4126
      vertex 76.5385 21.2619 26.4126
    endloop
  endfacet
  facet normal 0.995174 0 0.0981253
    outer loop
      vertex 76.5385 18.8563 26.4126
      vertex 76.5096 21.2599 26.7057
      vertex 76.5096 18.8544 26.7057
    endloop
  endfacet
  facet normal 0.582523 0 0.812814
    outer loop
      vertex 78.2606 21.3795 23.4299
      vertex 78.4999 18.9902 23.2584
      vertex 78.4999 21.3958 23.2584
    endloop
  endfacet
  facet normal 0.582523 0 0.812814
    outer loop
      vertex 78.4999 18.9902 23.2584
      vertex 78.2606 21.3795 23.4299
      vertex 78.2606 18.9739 23.4299
    endloop
  endfacet
  facet normal 0.729823 0 0.683636
    outer loop
      vertex 77.6167 21.3355 24.0329
      vertex 77.818 18.9437 23.818
      vertex 77.818 21.3493 23.818
    endloop
  endfacet
  facet normal 0.729823 0 0.683636
    outer loop
      vertex 77.818 18.9437 23.818
      vertex 77.6167 21.3355 24.0329
      vertex 77.6167 18.9299 24.0329
    endloop
  endfacet
  facet normal 0.471364 0 0.881939
    outer loop
      vertex 78.75 21.4129 23.1029
      vertex 79.0097 19.025 22.9641
      vertex 79.0097 21.4306 22.9641
    endloop
  endfacet
  facet normal 0.471364 0 0.881939
    outer loop
      vertex 79.0097 19.025 22.9641
      vertex 78.75 21.4129 23.1029
      vertex 78.75 19.0073 23.1029
    endloop
  endfacet
  facet normal 0.290337 0 0.956924
    outer loop
      vertex 79.5535 21.4677 22.7388
      vertex 79.8353 19.0814 22.6533
      vertex 79.8353 21.487 22.6533
    endloop
  endfacet
  facet normal 0.290337 0 0.956924
    outer loop
      vertex 79.8353 19.0814 22.6533
      vertex 79.5535 21.4677 22.7388
      vertex 79.5535 19.0622 22.7388
    endloop
  endfacet
  facet normal -0.226843 0 0.973931
    outer loop
      vertex 93.8779 22.4456 22.5865
      vertex 94.1647 20.0596 22.6533
      vertex 94.1647 22.4651 22.6533
    endloop
  endfacet
  facet normal -0.226843 0 0.973931
    outer loop
      vertex 94.1647 20.0596 22.6533
      vertex 93.8779 22.4456 22.5865
      vertex 93.8779 20.04 22.5865
    endloop
  endfacet
  facet normal 0.973931 0 0.226843
    outer loop
      vertex 76.5865 21.2652 26.1221
      vertex 76.6533 18.8642 25.8353
      vertex 76.6533 21.2698 25.8353
    endloop
  endfacet
  facet normal 0.973931 0 0.226843
    outer loop
      vertex 76.6533 18.8642 25.8353
      vertex 76.5865 21.2652 26.1221
      vertex 76.5865 18.8596 26.1221
    endloop
  endfacet
  facet normal 0.683636 0 0.729823
    outer loop
      vertex 77.818 21.3493 23.818
      vertex 78.0329 18.9584 23.6167
      vertex 78.0329 21.3639 23.6167
    endloop
  endfacet
  facet normal 0.683636 0 0.729823
    outer loop
      vertex 78.0329 18.9584 23.6167
      vertex 77.818 21.3493 23.818
      vertex 77.818 18.9437 23.818
    endloop
  endfacet
  facet normal 0.528014 0 0.849236
    outer loop
      vertex 78.4999 21.3958 23.2584
      vertex 78.75 19.0073 23.1029
      vertex 78.75 21.4129 23.1029
    endloop
  endfacet
  facet normal 0.528014 0 0.849236
    outer loop
      vertex 78.75 19.0073 23.1029
      vertex 78.4999 21.3958 23.2584
      vertex 78.4999 18.9902 23.2584
    endloop
  endfacet
  facet normal -0 0 1
    outer loop
      vertex 81 21.5665 22.5
      vertex 93 19.9801 22.5
      vertex 93 22.3856 22.5
    endloop
  endfacet
  facet normal 0 0 1
    outer loop
      vertex 93 19.9801 22.5
      vertex 81 21.5665 22.5
      vertex 81 19.1609 22.5
    endloop
  endfacet
  facet normal 0.849236 0 0.528014
    outer loop
      vertex 77.1029 21.3004 24.75
      vertex 77.2584 18.9055 24.4999
      vertex 77.2584 21.3111 24.4999
    endloop
  endfacet
  facet normal 0.849236 0 0.528014
    outer loop
      vertex 77.2584 18.9055 24.4999
      vertex 77.1029 21.3004 24.75
      vertex 77.1029 18.8949 24.75
    endloop
  endfacet
  facet normal 0.352165 0 0.935938
    outer loop
      vertex 79.2779 21.4489 22.8425
      vertex 79.5535 19.0622 22.7388
      vertex 79.5535 21.4677 22.7388
    endloop
  endfacet
  facet normal 0.352165 0 0.935938
    outer loop
      vertex 79.5535 19.0622 22.7388
      vertex 79.2779 21.4489 22.8425
      vertex 79.2779 19.0433 22.8425
    endloop
  endfacet
  facet normal 0.412933 0 0.910761
    outer loop
      vertex 79.0097 21.4306 22.9641
      vertex 79.2779 19.0433 22.8425
      vertex 79.2779 21.4489 22.8425
    endloop
  endfacet
  facet normal 0.412933 0 0.910761
    outer loop
      vertex 79.2779 19.0433 22.8425
      vertex 79.0097 21.4306 22.9641
      vertex 79.0097 19.025 22.9641
    endloop
  endfacet
  facet normal 0.0981253 0 0.995174
    outer loop
      vertex 80.4126 21.5264 22.5385
      vertex 80.7057 19.1408 22.5096
      vertex 80.7057 21.5464 22.5096
    endloop
  endfacet
  facet normal 0.0981253 0 0.995174
    outer loop
      vertex 80.7057 19.1408 22.5096
      vertex 80.4126 21.5264 22.5385
      vertex 80.4126 19.1208 22.5385
    endloop
  endfacet
  facet normal -0.163022 0 0.986622
    outer loop
      vertex 93.5874 22.4257 22.5385
      vertex 93.8779 20.04 22.5865
      vertex 93.8779 22.4456 22.5865
    endloop
  endfacet
  facet normal -0.163022 0 0.986622
    outer loop
      vertex 93.8779 20.04 22.5865
      vertex 93.5874 22.4257 22.5385
      vertex 93.5874 20.0201 22.5385
    endloop
  endfacet
  facet normal -0.0326024 0 0.999468
    outer loop
      vertex 93 22.3856 22.5
      vertex 93.2943 20.0001 22.5096
      vertex 93.2943 22.4057 22.5096
    endloop
  endfacet
  facet normal -0.0326024 0 0.999468
    outer loop
      vertex 93.2943 20.0001 22.5096
      vertex 93 22.3856 22.5
      vertex 93 19.9801 22.5
    endloop
  endfacet
  facet normal -0.0981253 0 0.995174
    outer loop
      vertex 93.2943 22.4057 22.5096
      vertex 93.5874 20.0201 22.5385
      vertex 93.5874 22.4257 22.5385
    endloop
  endfacet
  facet normal -0.0981253 0 0.995174
    outer loop
      vertex 93.5874 20.0201 22.5385
      vertex 93.2943 22.4057 22.5096
      vertex 93.2943 20.0001 22.5096
    endloop
  endfacet
  facet normal -0.683636 0 0.729823
    outer loop
      vertex 95.9671 22.5882 23.6167
      vertex 96.182 20.1973 23.818
      vertex 96.182 22.6028 23.818
    endloop
  endfacet
  facet normal -0.683636 0 0.729823
    outer loop
      vertex 96.182 20.1973 23.818
      vertex 95.9671 22.5882 23.6167
      vertex 95.9671 20.1826 23.6167
    endloop
  endfacet
  facet normal 0.986622 0 0.163022
    outer loop
      vertex 76.5385 21.2619 26.4126
      vertex 76.5865 18.8596 26.1221
      vertex 76.5865 21.2652 26.1221
    endloop
  endfacet
  facet normal 0.986622 0 0.163022
    outer loop
      vertex 76.5865 18.8596 26.1221
      vertex 76.5385 21.2619 26.4126
      vertex 76.5385 18.8563 26.4126
    endloop
  endfacet
  facet normal 0.910761 0 0.412933
    outer loop
      vertex 76.8425 21.2827 25.2779
      vertex 76.9641 18.8854 25.0097
      vertex 76.9641 21.291 25.0097
    endloop
  endfacet
  facet normal 0.910761 0 0.412933
    outer loop
      vertex 76.9641 18.8854 25.0097
      vertex 76.8425 21.2827 25.2779
      vertex 76.8425 18.8771 25.2779
    endloop
  endfacet
  facet normal 0.634254 0 0.773125
    outer loop
      vertex 78.0329 21.3639 23.6167
      vertex 78.2606 18.9739 23.4299
      vertex 78.2606 21.3795 23.4299
    endloop
  endfacet
  facet normal 0.634254 0 0.773125
    outer loop
      vertex 78.2606 18.9739 23.4299
      vertex 78.0329 21.3639 23.6167
      vertex 78.0329 18.9584 23.6167
    endloop
  endfacet
  facet normal 0.163022 0 0.986622
    outer loop
      vertex 80.1221 21.5065 22.5865
      vertex 80.4126 19.1208 22.5385
      vertex 80.4126 21.5264 22.5385
    endloop
  endfacet
  facet normal 0.163022 0 0.986622
    outer loop
      vertex 80.4126 19.1208 22.5385
      vertex 80.1221 21.5065 22.5865
      vertex 80.1221 19.101 22.5865
    endloop
  endfacet
  facet normal 0.0326024 0 0.999468
    outer loop
      vertex 80.7057 21.5464 22.5096
      vertex 81 19.1609 22.5
      vertex 81 21.5665 22.5
    endloop
  endfacet
  facet normal 0.0326024 0 0.999468
    outer loop
      vertex 81 19.1609 22.5
      vertex 80.7057 21.5464 22.5096
      vertex 80.7057 19.1408 22.5096
    endloop
  endfacet
  facet normal -0.973931 0 0.226843
    outer loop
      vertex 97.3467 22.6823 25.8353
      vertex 97.4135 20.2813 26.1221
      vertex 97.4135 22.6869 26.1221
    endloop
  endfacet
  facet normal -0.973931 0 0.226843
    outer loop
      vertex 97.4135 20.2813 26.1221
      vertex 97.3467 22.6823 25.8353
      vertex 97.3467 20.2768 25.8353
    endloop
  endfacet
  facet normal 0.812814 0 0.582523
    outer loop
      vertex 77.2584 21.3111 24.4999
      vertex 77.4299 18.9172 24.2606
      vertex 77.4299 21.3228 24.2606
    endloop
  endfacet
  facet normal 0.812814 0 0.582523
    outer loop
      vertex 77.4299 18.9172 24.2606
      vertex 77.2584 21.3111 24.4999
      vertex 77.2584 18.9055 24.4999
    endloop
  endfacet
  facet normal 0.773125 0 0.634254
    outer loop
      vertex 77.4299 21.3228 24.2606
      vertex 77.6167 18.9299 24.0329
      vertex 77.6167 21.3355 24.0329
    endloop
  endfacet
  facet normal 0.773125 0 0.634254
    outer loop
      vertex 77.6167 18.9299 24.0329
      vertex 77.4299 21.3228 24.2606
      vertex 77.4299 18.9172 24.2606
    endloop
  endfacet
  facet normal 0.999468 0 0.0326024
    outer loop
      vertex 76.5 21.2593 27
      vertex 76.5096 18.8544 26.7057
      vertex 76.5096 21.2599 26.7057
    endloop
  endfacet
  facet normal 0.999468 0 0.0326024
    outer loop
      vertex 76.5096 18.8544 26.7057
      vertex 76.5 21.2593 27
      vertex 76.5 18.8537 27
    endloop
  endfacet
  facet normal 0.881939 0 0.471364
    outer loop
      vertex 76.9641 21.291 25.0097
      vertex 77.1029 18.8949 24.75
      vertex 77.1029 21.3004 24.75
    endloop
  endfacet
  facet normal 0.881939 0 0.471364
    outer loop
      vertex 77.1029 18.8949 24.75
      vertex 76.9641 21.291 25.0097
      vertex 76.9641 18.8854 25.0097
    endloop
  endfacet
  facet normal -0.999468 0 0.0326024
    outer loop
      vertex 97.4904 22.6922 26.7057
      vertex 97.5 20.2872 27
      vertex 97.5 22.6928 27
    endloop
  endfacet
  facet normal -0.999468 0 0.0326024
    outer loop
      vertex 97.5 20.2872 27
      vertex 97.4904 22.6922 26.7057
      vertex 97.4904 20.2866 26.7057
    endloop
  endfacet
  facet normal -0.881939 0 0.471364
    outer loop
      vertex 96.8971 22.6517 24.75
      vertex 97.0359 20.2556 25.0097
      vertex 97.0359 22.6611 25.0097
    endloop
  endfacet
  facet normal -0.881939 0 0.471364
    outer loop
      vertex 97.0359 20.2556 25.0097
      vertex 96.8971 22.6517 24.75
      vertex 96.8971 20.2461 24.75
    endloop
  endfacet
  facet normal 0.956924 0 0.290337
    outer loop
      vertex 76.6533 21.2698 25.8353
      vertex 76.7388 18.87 25.5535
      vertex 76.7388 21.2756 25.5535
    endloop
  endfacet
  facet normal 0.956924 0 0.290337
    outer loop
      vertex 76.7388 18.87 25.5535
      vertex 76.6533 21.2698 25.8353
      vertex 76.6533 18.8642 25.8353
    endloop
  endfacet
  facet normal 0.935938 0 0.352165
    outer loop
      vertex 76.7388 21.2756 25.5535
      vertex 76.8425 18.8771 25.2779
      vertex 76.8425 21.2827 25.2779
    endloop
  endfacet
  facet normal 0.935938 0 0.352165
    outer loop
      vertex 76.8425 18.8771 25.2779
      vertex 76.7388 21.2756 25.5535
      vertex 76.7388 18.87 25.5535
    endloop
  endfacet
  facet normal -0.812814 0 0.582523
    outer loop
      vertex 96.5701 22.6293 24.2606
      vertex 96.7416 20.2355 24.4999
      vertex 96.7416 22.641 24.4999
    endloop
  endfacet
  facet normal -0.812814 0 0.582523
    outer loop
      vertex 96.7416 20.2355 24.4999
      vertex 96.5701 22.6293 24.2606
      vertex 96.5701 20.2238 24.2606
    endloop
  endfacet
  facet normal -0.634254 0 0.773125
    outer loop
      vertex 95.7394 22.5726 23.4299
      vertex 95.9671 20.1826 23.6167
      vertex 95.9671 22.5882 23.6167
    endloop
  endfacet
  facet normal -0.634254 0 0.773125
    outer loop
      vertex 95.9671 20.1826 23.6167
      vertex 95.7394 22.5726 23.4299
      vertex 95.7394 20.1671 23.4299
    endloop
  endfacet
  facet normal -0.528014 0 0.849236
    outer loop
      vertex 95.25 22.5392 23.1029
      vertex 95.5001 20.1507 23.2584
      vertex 95.5001 22.5563 23.2584
    endloop
  endfacet
  facet normal -0.528014 0 0.849236
    outer loop
      vertex 95.5001 20.1507 23.2584
      vertex 95.25 22.5392 23.1029
      vertex 95.25 20.1336 23.1029
    endloop
  endfacet
  facet normal -0.582523 0 0.812814
    outer loop
      vertex 95.5001 22.5563 23.2584
      vertex 95.7394 20.1671 23.4299
      vertex 95.7394 22.5726 23.4299
    endloop
  endfacet
  facet normal -0.582523 0 0.812814
    outer loop
      vertex 95.7394 20.1671 23.4299
      vertex 95.5001 22.5563 23.2584
      vertex 95.5001 20.1507 23.2584
    endloop
  endfacet
  facet normal -0.412933 0 0.910761
    outer loop
      vertex 94.7221 22.5032 22.8425
      vertex 94.9903 20.1159 22.9641
      vertex 94.9903 22.5215 22.9641
    endloop
  endfacet
  facet normal -0.412933 0 0.910761
    outer loop
      vertex 94.9903 20.1159 22.9641
      vertex 94.7221 22.5032 22.8425
      vertex 94.7221 20.0976 22.8425
    endloop
  endfacet
  facet normal -0.471364 0 0.881939
    outer loop
      vertex 94.9903 22.5215 22.9641
      vertex 95.25 20.1336 23.1029
      vertex 95.25 22.5392 23.1029
    endloop
  endfacet
  facet normal -0.471364 0 0.881939
    outer loop
      vertex 95.25 20.1336 23.1029
      vertex 94.9903 22.5215 22.9641
      vertex 94.9903 20.1159 22.9641
    endloop
  endfacet
  facet normal -0.995174 0 0.0981253
    outer loop
      vertex 97.4615 22.6902 26.4126
      vertex 97.4904 20.2866 26.7057
      vertex 97.4904 22.6922 26.7057
    endloop
  endfacet
  facet normal -0.995174 0 0.0981253
    outer loop
      vertex 97.4904 20.2866 26.7057
      vertex 97.4615 22.6902 26.4126
      vertex 97.4615 20.2846 26.4126
    endloop
  endfacet
  facet normal -0.986622 0 0.163022
    outer loop
      vertex 97.4135 22.6869 26.1221
      vertex 97.4615 20.2846 26.4126
      vertex 97.4615 22.6902 26.4126
    endloop
  endfacet
  facet normal -0.986622 0 0.163022
    outer loop
      vertex 97.4615 20.2846 26.4126
      vertex 97.4135 22.6869 26.1221
      vertex 97.4135 20.2813 26.1221
    endloop
  endfacet
  facet normal -0.290337 0 0.956924
    outer loop
      vertex 94.1647 22.4651 22.6533
      vertex 94.4465 20.0788 22.7388
      vertex 94.4465 22.4844 22.7388
    endloop
  endfacet
  facet normal -0.290337 0 0.956924
    outer loop
      vertex 94.4465 20.0788 22.7388
      vertex 94.1647 22.4651 22.6533
      vertex 94.1647 20.0596 22.6533
    endloop
  endfacet
  facet normal -0.352165 0 0.935938
    outer loop
      vertex 94.4465 22.4844 22.7388
      vertex 94.7221 20.0976 22.8425
      vertex 94.7221 22.5032 22.8425
    endloop
  endfacet
  facet normal -0.352165 0 0.935938
    outer loop
      vertex 94.7221 20.0976 22.8425
      vertex 94.4465 22.4844 22.7388
      vertex 94.4465 20.0788 22.7388
    endloop
  endfacet
  facet normal -0.729823 0 0.683636
    outer loop
      vertex 96.182 22.6028 23.818
      vertex 96.3833 20.211 24.0329
      vertex 96.3833 22.6166 24.0329
    endloop
  endfacet
  facet normal -0.729823 0 0.683636
    outer loop
      vertex 96.3833 20.211 24.0329
      vertex 96.182 22.6028 23.818
      vertex 96.182 20.1973 23.818
    endloop
  endfacet
  facet normal -0.773125 0 0.634254
    outer loop
      vertex 96.3833 22.6166 24.0329
      vertex 96.5701 20.2238 24.2606
      vertex 96.5701 22.6293 24.2606
    endloop
  endfacet
  facet normal -0.773125 0 0.634254
    outer loop
      vertex 96.5701 20.2238 24.2606
      vertex 96.3833 22.6166 24.0329
      vertex 96.3833 20.211 24.0329
    endloop
  endfacet
  facet normal -0.849236 0 0.528014
    outer loop
      vertex 96.7416 22.641 24.4999
      vertex 96.8971 20.2461 24.75
      vertex 96.8971 22.6517 24.75
    endloop
  endfacet
  facet normal -0.849236 0 0.528014
    outer loop
      vertex 96.8971 20.2461 24.75
      vertex 96.7416 22.641 24.4999
      vertex 96.7416 20.2355 24.4999
    endloop
  endfacet
  facet normal -0.935938 0 0.352165
    outer loop
      vertex 97.1575 22.6694 25.2779
      vertex 97.2612 20.2709 25.5535
      vertex 97.2612 22.6765 25.5535
    endloop
  endfacet
  facet normal -0.935938 0 0.352165
    outer loop
      vertex 97.2612 20.2709 25.5535
      vertex 97.1575 22.6694 25.2779
      vertex 97.1575 20.2639 25.2779
    endloop
  endfacet
  facet normal -0.910761 0 0.412933
    outer loop
      vertex 97.0359 22.6611 25.0097
      vertex 97.1575 20.2639 25.2779
      vertex 97.1575 22.6694 25.2779
    endloop
  endfacet
  facet normal -0.910761 0 0.412933
    outer loop
      vertex 97.1575 20.2639 25.2779
      vertex 97.0359 22.6611 25.0097
      vertex 97.0359 20.2556 25.0097
    endloop
  endfacet
  facet normal -0.956924 0 0.290337
    outer loop
      vertex 97.2612 22.6765 25.5535
      vertex 97.3467 20.2768 25.8353
      vertex 97.3467 22.6823 25.8353
    endloop
  endfacet
  facet normal -0.956924 0 0.290337
    outer loop
      vertex 97.3467 20.2768 25.8353
      vertex 97.2612 22.6765 25.5535
      vertex 97.2612 20.2709 25.5535
    endloop
  endfacet
endsolid OpenSCAD_Model
